<?xml version="1.0"?>
<COLLADA xmlns="http://www.collada.org/2005/11/COLLADASchema" version="1.4.1">
    <asset>
        <contributor>
            <authoring_tool>J3D Ripoff Exporter</authoring_tool>
        </contributor>
        <created>2025-10-12T22:10:00.065Z</created>
        <modified>2025-10-12T22:10:00.065Z</modified>
		<unit meter="0.01" name="centimeter" ></unit>
        <up_axis>Y_UP</up_axis>
    </asset>
    <library_images>
        <image id="tex0">
            <init_from>RockPattern02.png</init_from>
        </image>
        <image id="tex1">
            <init_from>PlantColor01.png</init_from>
        </image>
    </library_images>
    <library_effects>
        <effect id="effect0">
            <profile_COMMON>
                <newparam sid="surface0">
                    <surface type="2D">
                        <init_from>tex1</init_from>
                    </surface>
                </newparam>
                <newparam sid="sampler0">
                    <sampler2D>
                        <source>surface0</source>
                    </sampler2D>
                </newparam>
                <technique sid="COMMON">
                    <blinn>
                        <diffuse>
                            <texture texture="sampler0" texcoord="UVSET0"></texture>
                        </diffuse>
                    </blinn>
                </technique>
            </profile_COMMON>
        </effect>
        <effect id="effect1">
            <profile_COMMON>
                <newparam sid="surface1">
                    <surface type="2D">
                        <init_from>tex0</init_from>
                    </surface>
                </newparam>
                <newparam sid="sampler1">
                    <sampler2D>
                        <source>surface1</source>
                    </sampler2D>
                </newparam>
                <technique sid="COMMON">
                    <blinn>
                        <diffuse>
                            <texture texture="sampler1" texcoord="UVSET0"></texture>
                        </diffuse>
                    </blinn>
                </technique>
            </profile_COMMON>
        </effect>
        <effect id="effect2">
            <profile_COMMON>
                <newparam sid="surface2">
                    <surface type="2D">
                        <init_from>tex0</init_from>
                    </surface>
                </newparam>
                <newparam sid="sampler2">
                    <sampler2D>
                        <source>surface2</source>
                    </sampler2D>
                </newparam>
                <technique sid="COMMON">
                    <blinn>
                        <diffuse>
                            <texture texture="sampler2" texcoord="UVSET0"></texture>
                        </diffuse>
                    </blinn>
                </technique>
            </profile_COMMON>
        </effect>
    </library_effects>
    <library_materials>
        <material id="mat0" name="Plant01_v">
            <instance_effect url="#effect0"></instance_effect>
        </material>
        <material id="mat1" name="Soil01_v">
            <instance_effect url="#effect1"></instance_effect>
        </material>
        <material id="mat2" name="Stone01_v">
            <instance_effect url="#effect2"></instance_effect>
        </material>
    </library_materials>
    <library_geometries>
        <geometry id="mesh0">
            <mesh>
                <source id="points0">
                    <float_array id="pointarray0" count="10215">252.75 -690.9375 -75.875 276.875 -689.96875 -47.375 277.90625 -681.65625 -82.21875 317.5625 -676.1875 -56.71875 361.6875 -657.5 -72.125 339.625 -674.25 -21.15625 418.875 -640.8125 -44.8125 335.25 -676.25 40.625 436.09375 -632.53125 -26.46875 342.71875 -675.84375 48.96875 346.25 -677.46875 54.21875 253.0625 -700.65625 122.21875 257.96875 -702.0625 127.4375 192.15625 -714.96875 178.09375 263.84375 -702.15625 132.40625 200.15625 -714.25 182.84375 215.6875 -707.96875 203.125 171 -709.71875 233.1875 194.125 -704 240.8125 213.125 -693.3125 293.53125 250.25 -696 259.09375 304.65625 -691.5 213.625 301 -673.53125 318.125 329.25 -676.65625 267.53125 382.625 -658.25 263.96875 374.53125 -670.875 168.4375 357.9375 -676.75 90.625 439.65625 -641.625 130.90625 451.59375 -632.6875 20.46875 502.0625 -588.46875 40.71875 519.21875 -554.59375 -44.59375 539.25 -537.8125 -14.625 575.5625 -491.6875 -51.8125 560.34375 -513.6875 19.625 586.6875 -479.9375 -22.65625 597.71875 -464.875 10.03125 600.3125 -465.9375 -43.625 609.75 -452.78125 -9.4375 613.25 -445.3125 -18.21875 608.6875 -446.0625 29.1875 612 -439.5 22.90625 591.0625 -459.8125 68.65625 612.8125 -433.59375 19.53125 590.8125 -453.6875 66.875 596.15625 -436.46875 71.625 571.71875 -480.25 127.625 576.25 -461.0625 134.5 556 -478.375 207.5625 592 -412.875 154.34375 568.5 -430.46875 239.25 587.875 -371.125 266.03125 550.71875 -445.34375 309.96875 558.1875 -379.59375 363.15625 541.71875 -401.5625 392.78125 543.4375 -328.4375 432.1875 532.03125 -353.46875 447.15625 511.03125 -322.96875 501.25 531.21875 -361.71875 448.875 510.5625 -333.0625 501 509.65625 -344.34375 497.09375 473.3125 -334.71875 548.03125 474.21875 -346.65625 539.8125 437.28125 -376.9375 555.15625 474.34375 -368.9375 520.5 442.96875 -388.875 534.3125 432.40625 -442.28125 509.53125 418.875 -448.71875 525.875 413.5625 -443.75 533.53125 394.46875 -539.875 477.1875 386.5625 -536.6875 486.8125 325.0625 -605.875 434.125 382.1875 -533.90625 490.84375 320.84375 -603.625 437.71875 316.59375 -602.40625 441.84375 243.59375 -656.25 385.84375 239.34375 -654.53125 389.65625 176.46875 -687.34375 308.78125 -92.59375 509.25 604.875 -32.40625 543.65625 585.625 -31.03125 538.375 602.4375 39.46875 577.125 527.0625 48.625 574.34375 534.5625 129.8125 613.40625 452.3125 55.28125 572.34375 540.6875 138.65625 610.8125 461.1875 148.5625 608.375 470.71875 203.6875 629.78125 404.125 213.25 627 415.71875 267.59375 623.625 390.375 219.15625 605.65625 449.25 271.96875 600.53125 425.4375 269.25 537.4375 506.46875 325.46875 573.5 435.15625 325.1875 516.625 508.34375 380.53125 487.78125 506 324.40625 438.40625 595.15625 382.4375 420.71875 577.90625 373.09375 336.28125 630.625 433.5625 397.125 548.21875 429.125 328.375 594.9375 469.6875 320.75 563.90625 426.96875 277.3125 630.53125 460.46875 282.875 595.59375 467.40625 263.34375 587.875 484.28125 308.15625 544.34375 491.53125 367 505.625 484.625 298.6875 535.34375 494.96875 358.90625 495.53125 496.875 353.625 489.9375 495.53125 414.0625 448.8125 497.5625 410.28125 441.6875 484.21875 464.34375 403.9375 501.46875 407.78125 436.125 503.4375 462.59375 379.1875 -283.09375 -555.15625 -359.8125 -333.4375 -516.84375 -398.40625 -349.25 -525.59375 -377.6875 -390.3125 -491 -386.25 -396.28125 -501.9375 -375.53125 -443.5625 -490.59375 -360.28125 -402.6875 -511.59375 -363.5 -446.0625 -501.78125 -347.625 -446.96875 -510.84375 -330.5 -481.9375 -489.5625 -321.46875 -479.59375 -499.1875 -306.96875 -511.6875 -491.1875 -273.78125 -473.625 -510.78125 -287.15625 -499.59375 -506.0625 -256.75 -472.09375 -528.34375 -229.8125 -528.53125 -497.34375 -216.5625 -499.65625 -517.8125 -207.0625 -488.5625 -531.5625 -168.5 -423.125 -567.5625 -194.4375 -429.53125 -540.0625 -260.75 -364.75 -590.3125 -243.71875 -388.9375 -559.09375 -285.96875 -349.5625 -570.03125 -313.375 -404.90625 -531.1875 -324.15625 -373.625 -545.375 -332.9375 -367.28125 -538.0625 -351.625 -327.75 -570.40625 -329.84375 -295.0625 -610.0625 -288.03125 -315.75 -566.25 -339.53125 -280.71875 -607.84375 -293.1875 -266.34375 -603.34375 -296.4375 -259.15625 -646.8125 -234.65625 -243.875 -643.03125 -236.375 -239.34375 -672.0625 -171.40625 -219.8125 -639.5 -242.875 -213 -671.375 -174.875 608.9375 436.71875 -192.84375 624.1875 408.375 -162.375 622.84375 422.09375 -155.84375 636.9375 386.875 -129.65625 635 402 -122.40625 645.5625 391.75 -86.03125 630.90625 417.375 -114.96875 643.1875 408.125 -79.0625 638.78125 424.59375 -73.71875 648.125 406.8125 -39.28125 642.625 422.78125 -34.6875 643.375 420.3125 5.71875 618.75 453.4375 -35.6875 620.25 449.875 2.34375 560.78125 520.78125 -16.65625 624.6875 451.96875 43.4375 560.21875 519.375 32.0625 555.1875 525.03125 91.59375 500.84375 595.4375 10.375 483.5 609.875 81.1875 392.65625 668.21875 66.375 460.5 609.15625 148.59375 373.59375 663.9375 135.34375 359.625 652.90625 198.8125 311.8125 702.75 123 301.4375 692.0625 189.28125 275.125 704.53125 187.15625 301.25 672.625 250.96875 277.28125 683.03125 249.28125 296.6875 652.75 300.21875 265.46875 681.09375 253.1875 285.75 649.34375 306.46875 273 645.53125 314.09375 330.21875 612.9375 343.96875 320.53125 607.65625 352.75 380.625 565.21875 372.84375 312.625 603.34375 362.375 375.5 559.25 380.6875 294.125 248.03125 -669.84375 263.125 245.65625 -687.78125 276.6875 175.71875 -704.53125 245.125 180.46875 -721.375 197.125 136.96875 -753 240.125 187.21875 -726.5 191.75 148.21875 -757.03125 187.71875 162.03125 -758.46875 123.3125 137.71875 -774.125 121.03125 154.875 -775.5 43.71875 155.3125 -782.8125 116.90625 189.0625 -764 39.5 192.5625 -771.8125 32.5625 266.4375 -740.96875 -44.71875 175.53125 -770.65625 -60.5 237.96875 -745.28125 -153.375 193.90625 -749.125 -74.1875 307.8125 -712.375 -181.375 273.5 -718.65625 -126.90625 345.0625 -687.84375 -244.625 311.5 -678.1875 -172.59375 362.46875 -668 -202.84375 391.6875 -645.15625 -119.125 405.96875 -658.28125 -154.46875 421.9375 -642.0625 -133.96875 432.3125 -635.59375 -180.59375 443.46875 -624.78125 -167.4375 452.15625 -617.71875 -203.21875 455.59375 -608.09375 -162.75 453.125 -609.96875 -199.9375 457.84375 -598.75 -196.71875 459.375 -592.5 -241.09375 421.59375 -607.71875 -241.5 421.5625 -602 -297.59375 373.96875 -606.84375 -241.1875 425.4375 -597.6875 -298.28125 375.8125 -604.84375 -89.46875 404.53125 705.78125 -87.84375 338.21875 752.46875 -153.1875 393.5 696.1875 -162.6875 324.0625 748.375 -223.9375 370.5625 696.03125 -226.65625 293.59375 748.59375 -272.71875 316.875 707.09375 -270.5625 238.78125 758.65625 -302.4375 227.65625 745.28125 -295.90625 150.9375 770.875 -310.09375 162.3125 765.53125 -340.4375 135.59375 750.71875 -336.5625 212.59375 730.75 -316.15625 294.375 686.5625 -374.15625 219.9375 699.8125 -372.15625 310.5625 642.3125 -423.09375 219 666.09375 -477.90625 223.03125 628.21875 -448.34375 121.8125 669.15625 -507.40625 131.28125 628.40625 -525.21875 59.9375 619.375 -554.125 136.09375 586.34375 -572.3125 72.71875 571.59375 -601.78125 84.0625 540.5 -579.65625 46.09375 562.03125 -609.8125 61.8125 531.28125 -611.6875 55.03125 524.03125 -621.5 90.875 520.9375 -624.375 86.21875 512.4375 -605.78125 135.1875 514.375 -626.40625 81 506.1875 -605.4375 132.40625 509.15625 -606.125 129.875 503.90625 -582.125 190.09375 517.9375 -581.21875 188.34375 514.375 -568.6875 235.875 512.90625 -190.3125 475.09375 -578.8125 -176.46875 513.125 -549.21875 -208.4375 479.34375 -573.875 -185.78125 517.375 -548.875 -195.1875 522.5 -546.9375 -166.46875 546.65625 -524.03125 -173.78125 552.40625 -522.375 -147.21875 577.6875 -498.90625 -185.09375 557.90625 -518.21875 -155.71875 584.03125 -494.90625 -179.46875 588.46875 -480.8125 -123.46875 606.21875 -474.78125 -138.3125 614.65625 -458.75 -102.09375 631.8125 -441.21875 -167.53125 628.75 -422.96875 -119.9375 648.53125 -401.5 -134.875 670.875 -353.8125 -75.96875 662.9375 -382.34375 -88.46875 684.3125 -330.8125 -33.1875 700.65625 -308.3125 -97.1875 703.5625 -289.28125 -39.46875 725 -260.53125 -106.78125 721.6875 -251.625 -91.75 734.375 -225.71875 -150.375 723.3125 -225.125 -137.3125 734.34375 -201.46875 -174.03125 725.96875 -192.03125 -133.53125 736.84375 -185.34375 -173.1875 726.78125 -176.125 -175.3125 727.21875 -157.375 -210.96875 699.78125 -205.25 -214.59375 698.46875 -189.3125 -269.71875 665.46875 -237.75 -222.46875 696.59375 -173.375 -275.75 663.0625 -223.875 94.5625 -601.6875 -402 158.96875 -621.75 -358.6875 175.9375 -607.96875 -386.375 222 -633.96875 -309.9375 235.28125 -624.25 -337.5625 290 -628.25 -297.90625 238.75 -622 -346.09375 292.28125 -625.96875 -307.8125 294.3125 -622.75 -317.875 349.0625 -607.71875 -299.625 349.1875 -605.0625 -310.9375 405.65625 -575.1875 -313.9375 336.5 -592.15625 -336.375 391.0625 -558.21875 -345.71875 358.25 -517.5625 -407.8125 443 -524.0625 -334.78125 425.46875 -491.25 -391.46875 475.0625 -476.5625 -374.03125 415.1875 -438.96875 -449.96875 471.0625 -436.25 -419.25 468.96875 -395.03125 -444.59375 504.03125 -431.3125 -406.03125 495.6875 -387.375 -434.46875 506.15625 -381.15625 -427.15625 492.625 -351.6875 -454.34375 499.84375 -346.40625 -447.3125 504.03125 -313.65625 -464.375 504.71875 -341.28125 -440.15625 509.03125 -308.40625 -457.125 513.3125 -303.0625 -447.8125 498.75 -274.59375 -483.75 512.53125 -264.28125 -472.96875 477 -230.9375 -529.28125 633.375 403.125 164.65625 665.21875 364.34375 84.78125 669.3125 363.21875 113.25 683.84375 322.125 86.8125 688.53125 323.9375 98.53125 702.125 286.875 102.53125 693.09375 324.3125 112.1875 707.15625 287.9375 115.75 710.5625 288.15625 135.75 722.125 250.53125 113.21875 724.875 250.59375 133.40625 735.96875 205.71875 136.21875 721.6875 249.625 169.46875 732.96875 207.78125 179.40625 714.8125 212.5625 253.03125 740.8125 154.28125 194.875 727.125 150.03125 263.375 732.75 93.6875 261.28125 697.6875 135.875 345.625 705.59375 68.5 328.5 663.9375 34.5 395.375 707.78125 35.375 315.375 670.34375 8.625 381.59375 670.59375 -1.5 373.5625 637.0625 -29.84375 441.5625 638.6875 -38.65625 429.5625 603.78125 -91.3125 464.875 638.875 -44.84375 420.46875 604.4375 -95.0625 453.96875 617.03125 -100.9375 423.03125 576.8125 -161.4375 474.46875 589.125 -170.90625 439.59375 559.09375 -241.03125 462.34375 129.21875 -146.21875 768.15625 145.6875 -175.0625 756.375 131.15625 -184.125 755.71875 166.34375 -204.53125 749.59375 147.40625 -212.53125 749.40625 132.09375 -246.9375 737.78125 134.875 -217.46875 752.0625 116.625 -248.15625 741.09375 102.6875 -247.03125 746.34375 42.3125 -281.5625 726.78125 32.625 -277.21875 734.09375 -67.5 -324.34375 723.625 30.40625 -266.03125 740.71875 -78.1875 -286.53125 741.71875 15.28125 -235.25 755.03125 -72.875 -212.09375 767.53125 4.3125 -193.59375 774.21875 3.5 -126.1875 794.84375 61.8125 -170.4375 777.15625 55.21875 -117.78125 791.21875 80.8125 -113.84375 786.21875 57.09375 -42.84375 804.84375 83.40625 -42.375 800.59375 97.46875 35.875 803.71875 96.40625 -40.53125 795.25 109.9375 38.3125 797.4375 119.71875 38.21875 791.84375 138.15625 110.375 789.6875 149.21875 111.34375 783.78125 167.78125 173.6875 770.5625 159.15625 106.15625 777.75 202.90625 177.84375 758.34375 -546.5 -480.09375 204.78125 -568.3125 -464.4375 157.90625 -567.34375 -458.5 200.0625 -574.3125 -453.78125 159.65625 -582.6875 -443.28125 158.5625 -588.8125 -440.46875 120.71875 -594.59375 -431.875 121.75 -606.53125 -413.03125 89.84375 -600.0625 -422.5625 122.75 -611 -405.625 91.65625 -622.09375 -384 95.9375 -622.65625 -386.96875 52.8125 -634.8125 -362.59375 59.9375 -645.9375 -348.875 0.46875 -664.25 -302.75 77.15625 -672.84375 -289.8125 10.59375 -706.84375 -217.84375 7.6875 -677.71875 -288.15625 -53.5625 -702.375 -219.28125 -65.90625 -700.53125 -221.5 -93.15625 -725.65625 -155.5 -93.8125 -723.21875 -160.5 -117.8125 -740.03125 -109.03125 -142.53125 -721.875 -160.9375 -123.84375 -738.375 -109.875 -148.65625 -736.375 -111.25 -156.25 -750.8125 -71.59375 -161.8125 -749 -73.3125 -168.78125 -762.1875 -33.5 -168.03125 -747.625 -76.46875 -176.59375 -758.84375 -35.28125 -189.875 -752.3125 -70.40625 -155.53125 -754.46875 -61.34375 -140.5 -764.34375 -34.375 -152.09375 -763.0625 -35.15625 -141.25 -765.25 -7.6875 -121.9375 -756.96875 -34.59375 -107.75 -748.3125 -78.9375 -79.3125 -763.3125 1.65625 -66.90625 -759.40625 -42 -5.3125 -762.59375 23.84375 4.0625 -753.46875 -17.625 83.5 -757.71875 19.3125 62.125 -753.03125 22.09375 113.3125 -761.65625 53.90625 49.15625 -757.96875 45.15625 79.90625 -759.34375 54.625 77.09375 -751.71875 26.21875 130.78125 -743.21875 -2.71875 200.15625 -751.4375 31.6875 131.96875 -742.21875 1.125 203.28125 -740.40625 7.03125 206.5 -732.3125 -13.65625 281.65625 -729.09375 -7.65625 284.6875 -713.53125 -22.40625 350.84375 -724.40625 -0.875 288.3125 -703.0625 -7.53125 370.125 536.03125 434.0625 382.3125 547.46875 422.71875 384.125 517.875 398.75 437.5 532.21875 389.625 435.53125 527.09375 337.34375 486.71875 555.15625 373.6875 420.53125 552.84375 319.1875 470.03125 605.21875 285.40625 430.9375 530.6875 256.0625 516.4375 574.84375 214.96875 490.75 534.28125 143 562.46875 627.28125 158.875 457.09375 573.28125 85.75 538.1875 604.125 31.34375 498.40625 495.46875 7.34375 606.0625 541.71875 -39.09375 556.1875 483.75 -116.40625 592.09375 584.75 -70.03125 509.53125 547.125 -137.96875 536.84375 572.21875 -150.8125 503.65625 521.34375 -202.40625 545.5 544.25 -212.1875 519.03125 511.84375 -259.6875 539.3125 549.5625 -221.125 504.53125 515.09375 -271.0625 528 515.59375 -279.53125 517.78125 469.375 -298.3125 569.8125 468.625 -307.21875 562.46875 411.125 -326.96875 607.71875 469.03125 -316.375 555.3125 409.28125 -352.03125 594.3125 -207.59375 527.96875 -542.0625 -231.3125 490.875 -564.5 -234.5 528.84375 -526.375 -254.90625 493.6875 -546 -306.59375 495.3125 -509.625 -289.59375 448.5 -569.34375 -341.59375 438.875 -536.1875 -367.6875 389.3125 -564.46875 -407.4375 432.03125 -495.53125 -444.59375 361.90625 -522.5625 -496.1875 382.09375 -453.78125 -513.0625 331.5625 -481.4375 -555.53125 358.03125 -424.0625 -564.0625 318.75 -439.4375 -594.84375 304.71875 -400.25 -564.28125 295.65625 -446.15625 -597.46875 283.4375 -405.21875 -599.84375 271.96875 -402.59375 -617.59375 287.875 -376.25 -623.03125 276.96875 -372.71875 -631.34375 303.25 -344.78125 -626.4375 269.09375 -368.28125 -634.53125 296.03125 -338.15625 -636.78125 290.09375 -333.5625 -636.125 330.875 -311.71875 -638.8125 326.9375 -306.9375 -641.4375 365.5625 -279.59375 -274.53125 -647.6875 -231.375 -270.03125 -675.71875 -168.40625 -298.3125 -640.78125 -225 -298.0625 -662.375 -167.3125 -355.25 -628.09375 -171.625 -312.4375 -672.5 -108.65625 -367.5 -636.09375 -113.53125 -370.1875 -646.375 -54.53125 -434.59375 -584.5 -123.5 -440.0625 -594.40625 -51.1875 -506.15625 -534.71875 -112.6875 -525.25 -522.84375 -62.53125 -578.96875 -471.46875 -118.78125 -592.125 -461.78125 -70.125 -618.71875 -432.8125 -82.59375 -598.90625 -454.96875 -19.40625 -617.03125 -432.71875 -26.46875 -605.03125 -446.0625 26.65625 -621.9375 -418.53125 -22.875 -608.625 -432.625 33.5 -610.03125 -418.75 39.6875 -596.21875 -452.75 70.5625 -596.8125 -439.625 78.53125 -584.46875 -460.8125 111.59375 -597.75 -427.96875 84.59375 -584.875 -449.5625 118 53.875 -727.15625 249.90625 -13.8125 -727.375 252.09375 66.46875 -722.9375 271.09375 -11.53125 -715.375 291 99.96875 -691.0625 357.6875 -7.09375 -659.9375 415.25 85.8125 -654.34375 438.71875 73.8125 -598.78125 531.0625 172.03125 -628.5 480.71875 138.71875 -595.0625 531.90625 164.75 -551.21875 580.46875 74.0625 -518.75 608.15625 -19.34375 -500.09375 612.9375 95.125 -438.3125 665.0625 -14 -399.9375 687.4375 86.21875 -339.65625 715.90625 -37.125 -367.875 706.34375 65.5 -316.59375 724.75 61.5625 -303.34375 723.0625 154.34375 -300.53125 726.65625 156.09375 -288.0625 727.40625 224.03125 -308.9375 705.46875 160.0625 -276.96875 728.09375 226.84375 -301 702.9375 230.34375 -293.625 701.9375 277.90625 -332.75 673.4375 279.5625 -329.71875 671.8125 341.375 -340.875 641.375 -134.0625 -708.8125 178.59375 -137.03125 -713.90625 188.9375 -74.1875 -718.625 204.15625 -76.53125 -724.125 215.09375 -13.15625 -724.1875 231.75 -78.65625 -725.40625 225.40625 -13.34375 -726.625 240.71875 53.28125 -724.5 240.84375 116.28125 -717.40625 263.46875 112.96875 -714.375 281.59375 154.6875 -701.1875 324.59375 202.09375 -664.21875 412.34375 229.59375 -660.78125 404.3125 283.6875 -599.96875 481.25 302.34375 -606.09375 461 361.90625 -537.125 514.21875 306.8125 -604.96875 454.625 370.125 -536.375 505 375.78125 -534.28125 497.90625 393.28125 -447.78125 556.3125 398.4375 -442.15625 549.15625 386.40625 -372.875 603.34375 404.09375 -437.3125 543.0625 -262.4375 114 785.59375 -245.65625 111.84375 795.03125 -301.75 35.71875 769.3125 -260.75 22.71875 787.9375 -343.9375 -43.5625 734.84375 -231.6875 -67.4375 775.84375 -295.6875 -107.15625 744.28125 -231.71875 -167.78125 744.3125 -343.5 -156.78125 706.71875 -270.3125 -219.625 724.25 -305.0625 -271.46875 692.96875 -186.3125 -264.09375 729.96875 -234.90625 -318.03125 695.90625 -178.46875 -353.1875 693.625 -273.8125 -357.1875 663.09375 -229.59375 -378.75 666.1875 -233.65625 -405.34375 650.75 -159.875 -375.4375 682.8125 -158.03125 -385.40625 671.09375 -60.375 -336.09375 712.96875 -55.4375 -341.21875 706.71875 51.59375 -283.84375 721.6875 61.09375 -285.59375 719.59375 177.9375 -246.03125 733.96875 251.53125 -45.125 -745.9375 224.4375 24.34375 -756.46875 241.6875 -50.5 -752.03125 216.125 18.53125 -762.21875 189.75 11.03125 -768.3125 178.21875 70.0625 -770.4375 166.3125 54.125 -773.125 120.21875 68.4375 -777.03125 128.40625 2.8125 -779.59375 140.125 -92.46875 -772.46875 41.8125 -12.71875 -793.0625 12.625 -159.75 -764.40625 -79.75 -92.8125 -776.34375 -104.90625 -201.15625 -728.15625 -150.875 -164.875 -738.75 -216.5 -223 -699.15625 -196.40625 -142.75 -733.21875 -232.21875 -196.375 -702.03125 -256.5 -207.78125 -693.34375 -246.75 -248.40625 -690.875 -216.625 -277.8125 -679.46875 -261.8125 -259 -685.4375 -230.75 -289.125 -673.09375 -242.0625 -297.59375 -665.15625 -194.4375 -316.15625 -652.875 -205.34375 -322.25 -646.28125 267.03125 453.96875 607.96875 211 467.03125 621.53125 252.1875 346.28125 676.71875 198.15625 363.40625 688.25 187.875 288.8125 738.5 138.28125 384.21875 694.78125 117.15625 304.875 750.71875 53.65625 329.5 750.53125 47.65625 280.6875 772.71875 -19.125 298.03125 778 -21.5 280.78125 784.34375 -87.09375 296.34375 776.8125 -25.65625 268.875 785 -98.6875 282.75 778.9375 -101.75 274.15625 777.6875 -164.0625 289.65625 765.71875 -163.9375 280.0625 766.625 -212.46875 256.9375 770.78125 -163.9375 274.34375 766.8125 -211.84375 253.28125 771.15625 -211.9375 250.84375 772.4375 -249.28125 204.71875 775 -248.90625 202.65625 775.96875 -273.59375 129.34375 768.5 179.75 -605.90625 -393.40625 183.5625 -603 -400.375 107.46875 -589.28125 -429.28125 110.59375 -586.5 -435.875 27.25 -562.5625 -463.65625 120.1875 -568.03125 -452.59375 32.375 -547.90625 -479.125 41.8125 -509.375 -515.3125 -53.8125 -511.90625 -497.59375 -45.375 -481.8125 -526.65625 -106 -457.625 -532 -40.75 -442.75 -570.21875 -103.4375 -428.25 -570.0625 -105.1875 -389.90625 -614.1875 -134.59375 -432.40625 -578.3125 -138.25 -397.15625 -615.34375 -155.125 -399.0625 -611.875 -152.78125 -349.9375 -641.28125 -168.25 -356.5 -635.03125 -180.90625 -359.78125 -628.03125 -214.8125 -324.875 -635.0625 -251.78125 -303.375 -651.5 -285.96875 -276.34375 -666.78125 468.71875 -284.0625 579.09375 466.3125 -254.5 588.09375 414.03125 -299.59375 623.59375 406.1875 -263.625 639.5625 345.78125 -293.0625 662.0625 360.8125 -236.5625 664.6875 325.90625 -260.28125 674.0625 306.125 -227.875 690.9375 287.625 -267.5 691.96875 278.21875 -236.875 704.4375 257.375 -242.125 719.1875 269.0625 -219.125 709.75 247.4375 -228.0625 725.0625 236.875 -219.9375 725.0625 237.0625 -252.96875 727.75 225.75 -251.75 728.4375 242.25 -290.125 703.96875 215.09375 -250.3125 728.875 236.34375 -292.59375 701.625 281.96875 -327.75 672.53125 -590.4375 -431.6875 157.1875 -605.375 -404.9375 153.84375 -585.6875 -431.59375 191.75 -603.15625 -399.0625 182.1875 -600 -393.625 210.40625 -642.46875 -329.875 162.78125 -642.90625 -314.21875 192.8125 -693.84375 -242.96875 139.46875 -646.59375 -278.78125 220.40625 -674.15625 -191.375 267.15625 -640.9375 -245 281.84375 -633.875 -225.625 347.8125 -616.125 -287.0625 302.21875 -617.4375 -258.78125 338.3125 -607.96875 -261.6875 352.3125 -625.28125 -219.21875 376.09375 -647.875 -175.4375 388.09375 -617.59375 -218.1875 384.15625 -641.5 -172.46875 397.90625 -634.90625 -168.21875 405.625 -665.53125 -125.96875 400.78125 -660.375 -121.59375 408.25 -681.375 -80.09375 399.9375 -640.46875 -102.8125 437.4375 -665.65625 -64.1875 422.40625 -701.46875 -3.0625 -368.125 -706.03125 -19.34375 -368.03125 -677.28125 -3.78125 -390.90625 -684.5625 -20.1875 -390.5 -661.4375 -40.78125 -411.65625 -695.1875 -41.21875 -381.25 -673.96875 -62 -400.875 -694.65625 -96.21875 -364.71875 -645.5 -101.375 -427.5625 -669.0625 -138.09375 -384.0625 -637.625 -185.53125 -406.65625 -701.21875 -176.1875 -323.21875 -667.4375 -242.59375 -329.65625 -687.25 -234.84375 -238.1875 -647.09375 -321.34375 -274.8125 -669.65625 -293.25 -229.40625 -663.78125 -316.375 -182.34375 -694.875 -243.625 -160.78125 -719.3125 -181.34375 -187.3125 -700.8125 -232.625 -140.4375 -722.125 -177.8125 -164.28125 -721.78125 -173.15625 -158.4375 -738.46875 -132.75 -186.09375 -738.4375 -125.90625 -180.875 -748.90625 -89.84375 -190.15625 615.9375 455.34375 -71.46875 559.53125 520.96875 -73.875 609.6875 460.4375 -107.96875 558.1875 525.3125 -112.9375 555.5 533.1875 -156.40625 493.65625 608.71875 -122.9375 495.125 604.5 -172.03125 417.90625 650.375 -186.625 486.8125 594.8125 -217.03125 413.40625 641.28125 -235.5625 408.9375 619.5 -281.53125 343.125 679.71875 -235.28125 333.0625 661.71875 -288.21875 250.3125 700.5 -238.03125 305.71875 661.71875 -307.9375 234.71875 696.875 -252.3125 225.09375 692 -253.125 209.75 726.78125 -194.3125 198.6875 726.0625 -193 211.84375 737.75 -130.75 187.15625 725.65625 -191.40625 200.75 735.59375 -126.75 187 736.78125 -121.71875 233.09375 734.5 -68.15625 220.40625 732.5625 -64.09375 245.71875 729.75 -9.84375 10.09375 719.625 223 8.34375 716.5 238.8125 -43 717.28125 211.21875 -49.40625 714.46875 225.34375 -97.40625 718.15625 206.75 -70.21875 704.65625 251.4375 -119.4375 713.21875 231.5 -159.21875 687.15625 266.25 -149.34375 717.15625 203.625 -172.71875 701.21875 234.71875 -197.8125 691.53125 233.5625 -218.90625 651.625 298.125 -187.5 631.625 350.40625 -284.40625 602.3125 344.5625 -263.59375 584.84375 386.78125 -341.625 541.40625 409.71875 -249.25 558.28125 436.28125 -331.1875 512.96875 457.21875 -322.1875 490.1875 506.25 -407.8125 474.625 457.5 -397.90625 454.625 499.4375 -466.6875 422.125 480.90625 -387.1875 441.59375 533.40625 -460.3125 406.625 506.375 308.125 -181.15625 690.96875 331.09375 -136.65625 696.375 318.78125 -188.96875 691.84375 343 -143.125 698.28125 358.90625 -158.03125 689.6875 360.84375 -83.15625 700.25 390.34375 -82.09375 680.71875 372.4375 -15.34375 703.875 402.84375 14.8125 674.6875 380.5625 9.59375 697.84375 377.46875 55.65625 699.71875 362.375 40 711.1875 348.59375 31.90625 714.875 345.3125 89.4375 718.46875 329.625 83.5 724.3125 319.65625 127.875 724.875 317.125 81.6875 722.8125 307.6875 130.96875 723.5625 300.0625 132.71875 721.6875 327.78125 166.03125 708.09375 319.75 169.59375 705.1875 367.375 197.53125 680.09375 307.9375 170.96875 706.4375 343.75 197.4375 689.84375 -240.96875 421.375 -617.53125 -236.0625 417.65625 -626.4375 -296.78125 371 -622.75 -272.96875 358.59375 -640.1875 -345.40625 302.46875 -628.875 -323.59375 250.4375 -658.625 -281.59375 189.28125 -698.90625 -381.09375 207.3125 -639 -344.625 133.875 -675.53125 -370.78125 109.375 -663.6875 -279.625 70.34375 -712.90625 -295.875 45.625 -703.9375 -215.46875 29.8125 -748.125 -294.9375 35.75 -697.6875 -211.25 19.5625 -745.65625 -208.0625 9.25 -742.75 -153.21875 56.9375 -760.46875 -147.59375 49.21875 -758.46875 -98.5625 100.78125 -767.46875 -143.28125 42.0625 -758.96875 -95.875 96.03125 -767.5 -593.0625 -465.46875 61.59375 -577.25 -485.8125 57.90625 -581.5625 -486.15625 91.6875 -563.40625 -506.96875 85.4375 -550.5 -521.34375 119.6875 -521.40625 -539.5625 86.5 -510.1875 -555.6875 122.6875 -453.1875 -596.09375 126.71875 -504.9375 -557.8125 155.9375 -452.375 -593.75 164.71875 -448.3125 -586.40625 188.96875 -393.09375 -626.75 170.3125 -389.375 -621.90625 195.84375 -342.28125 -656.1875 182.875 -381.15625 -617.84375 211.90625 -330.5 -654.46875 198.65625 -318.71875 -650.46875 212.6875 -297.40625 -677.21875 150.375 -284.8125 -674.125 160.96875 -271.0625 -692.625 93 -274.0625 -672.625 171.1875 -608.0625 301.4375 -377.53125 -609.5 322.875 -358.625 -592.0625 341.15625 -379.875 -587.1875 381.125 -350.8125 -541.375 411.71875 -391.8125 -542.375 447.75 -338.78125 -469.0625 461.53125 -408.03125 -474.5625 491.96875 -359.78125 -392.9375 549.28125 -376.65625 -476.53125 509.4375 -322.125 -402.90625 566.34375 -333.46875 -406.5 571.34375 -310.53125 -322.25 615.71875 -316.21875 -331.03125 623.0625 -296.1875 -263.78125 668.3125 -263.59375 -334.46875 623.0625 -283.40625 -265.8125 667.03125 -250.75 149.40625 477.8125 633.65625 74.75 488.9375 642.90625 62.65625 406.28125 702.59375 -16.90625 415.375 705.15625 -17.65625 338.6875 753.125 -216.15625 265.875 768.90625 -256.25 214.9375 774 -250.59375 207.625 774.875 -281.3125 136.625 769.625 -277.34375 132.9375 768.34375 -316.3125 60.9375 752.6875 -312.4375 55.78125 752.71875 -139.9375 -713.78125 199.71875 -143.875 -715.71875 209.0625 -193.59375 -707.90625 165.375 -196.3125 -710.375 176.25 -237.03125 -701.8125 163.9375 -203.5 -706.0625 199.125 -232.03125 -700.875 185.40625 -249.3125 -691.5 212.375 -261.65625 -686.875 195.71875 -264.34375 -680.875 188.5 -265.09375 -674.84375 253.34375 -269.625 -667.4375 251.28125 -247.53125 -658.375 315.6875 -274.96875 -661.15625 247.78125 -253.46875 -651.03125 314.625 -278.1875 -633.34375 310.53125 -219.8125 -637.71875 380.25 -247.0625 -616.78125 381.75 -207.09375 -591.65625 450.65625 79.875 630.8125 -434.8125 120 623.84375 -437.9375 82.21875 642 -428.96875 120.625 634.34375 -433.40625 118.65625 643.59375 -428.25 157.65625 623.6875 -440.53125 152.53125 634.03125 -435.0625 182.46875 632.25 -428.03125 145.0625 648.53125 -415.21875 171.71875 644.6875 -412.96875 183.21875 658.4375 -384.4375 208.5 647.5625 -391.78125 220.5625 637.5 -393.9375 216.5 675.96875 -339.40625 230.46875 669.1875 -337.21875 203.6875 695.75 -273.78125 240.5 659.3125 -335.6875 205.25 689.03125 -265.03125 207.03125 684.84375 -257.84375 155.875 724 -220.96875 157.78125 728.96875 -190.09375 90.03125 733.125 -199.9375 467.46875 -361.625 -464.8125 408.09375 -385.71875 -488.21875 472.59375 -325.46875 -483.875 419.90625 -334.5 -514.4375 440.65625 -283.71875 -533.84375 354.34375 -332.6875 -565.4375 386.90625 -268.6875 -589.4375 326.6875 -239.25 -642.4375 401.53125 -240.15625 -597.40625 341.78125 -214.375 -646.25 344.625 -205.6875 -644.5 290.6875 -178.5 -689.125 293.875 -172.375 -686.0625 266.34375 -114.875 -718.6875 296 -166.9375 -682.59375 270.625 -110.90625 -714.15625 294.28125 -104.4375 -696.09375 260 -40.46875 -738.75 290.875 -29.75 -716.6875 265.96875 41.59375 -726.1875 82.78125 -245.03125 747.8125 93.71875 -226.15625 756.375 45.84375 -245.78125 748.375 76.53125 -203.25 762.4375 105.375 -193.8125 763.78125 89.5 -162.03125 773.78125 102.1875 -159.6875 769.4375 93.40625 -111.6875 781.8125 105.34375 -108.25 779.46875 106.15625 -39.5625 789.96875 117.90625 -39.6875 786.65625 129.09375 34.375 786.90625 705.8125 284.65625 174.90625 690 321.15625 169.375 693.5625 274.875 248.375 670.3125 321 237.65625 648.34375 330.25 317.9375 656.6875 366.1875 215.84375 626.28125 385.90625 285.46875 613.875 412.3125 266.21875 586.625 401.59375 344.5 576.90625 427.03125 328.6875 566.75 439.125 321.34375 526.0625 442.25 380.125 507.84375 403.40625 436.25 501.53125 348.96875 489.59375 498.3125 351 488.5625 -5.1875 402.21875 -668.53125 -26.03125 388.375 -680.8125 41.28125 392.53125 -678.25 33.90625 369.65625 -694.40625 93.625 384.28125 -684.65625 104.65625 337.5625 -702.5625 111.53125 369.5625 -689.5625 150.375 357.96875 -688.0625 137.4375 382.25 -678.84375 131.375 390.96875 -670.46875 178.5625 382.25 -669.625 171.65625 396.53125 -658.75 208.53125 382.8125 -655.5 169.03125 398.59375 -650.28125 207.4375 384.78125 -646.46875 207.46875 387.40625 -639.96875 246.15625 326.34375 -665.71875 247.125 326.40625 -659.53125 258.0625 338.375 -646.40625 604.28125 -118.09375 -497.53125 585.15625 -97.125 -524.15625 592.03125 -138.46875 -494.90625 575.5 -113.71875 -525.5 559.03125 -132.84375 -529.0625 560.25 -85.84375 -543.78125 549.90625 -104.75 -541.21875 529.625 -111.125 -549.59375 534.3125 -152.75 -540.5 545.84375 -183.125 -509.34375 493.78125 -175.6875 -558.84375 512.15625 -209.3125 -520.46875 532.03125 -231.15625 -476.34375 525.90625 -270.21875 -449.09375 515.34375 -300.3125 -437.34375 508.625 -330.625 -423.34375 520.75 -300.25 -431.21875 514.90625 -329.625 -418.0625 122.6875 200.59375 775.96875 101 175.46875 786.8125 77.5 221.3125 774.3125 58.5625 196.96875 784.46875 8.40625 203.25 793.90625 18.5 147.90625 802.53125 -9.46875 167.96875 805.09375 -53.25 149.96875 821.96875 -61.8125 199.15625 811.125 -46.40625 225.9375 802.34375 -121.375 223.8125 801.8125 -108.90625 239.8125 797.15625 -161.0625 247.78125 790.125 -106.46875 250.125 790.59375 -162.65625 257.28125 782.5625 -163.40625 264.5 774.5 -206.90625 240.78125 784.65625 -210.375 247.03125 777.09375 -246.6875 199.5 779.78125 312.625 -439.84375 -514 235.09375 -532.1875 -452 298.9375 -562.15625 -391.375 257.9375 -602.84375 -368.125 296 -609.40625 -336.4375 242.09375 -618.8125 -354.65625 104.46875 -591.3125 -422.46875 21.5 -565.71875 -450.34375 15.4375 -579.4375 -426.78125 -384.4375 419.0625 568.84375 -394.53125 388.875 581.25 -461.28125 389.46875 535.125 -478.25 362.65625 545.1875 -516.6875 348.84375 518.375 -523.15625 318.78125 533.6875 -526.875 330.9375 521.46875 -548.34375 313.1875 517.125 -537.84375 329.625 511.9375 -543.4375 329.625 503.40625 -556.96875 306.71875 509.34375 -563.0625 280.4375 520.625 -556.78125 305.5 500.71875 -563.25 277 511.84375 -561.625 274.96875 506.90625 -571.21875 239.8125 520 -569.21875 237.59375 515.75 337.90625 160.34375 710.4375 350.59375 142.90625 709.90625 385.65625 183.9375 685 391.9375 163.0625 685.3125 437.71875 181.53125 637.4375 396.3125 125.03125 684.9375 430.375 148.625 654.0625 453.71875 123 639.4375 494.625 191.46875 584.9375 484.8125 223.875 578.3125 509.46875 272.84375 525.6875 499.78125 276.78125 525.21875 511.34375 345.40625 490.3125 -759.40625 62.375 76.875 -764.40625 79.53125 43.40625 -763.90625 70.8125 43.90625 -766.5 81.15625 20.65625 -765.1875 62.5 17.0625 -769.34375 73.75 -12.09375 -765.75 41.6875 -33.875 -770.5 61.09375 -55.9375 -768.65625 28.53125 -88.28125 -772.0625 44.09375 -99.625 -768.09375 5.375 -131.5 -767.8125 11.28125 -138.8125 -763.65625 -33.03125 -159.375 -153.625 -709.8125 230.5 -96.75 -717.65625 257.875 -174.21875 -693.1875 280.625 -107.65625 -686.28125 335.625 -183.21875 -672.375 354.34375 -151.84375 -636.34375 439.5 -207.875 -653.6875 377.6875 -177.34375 -625.1875 445.5 -183.28125 -618.21875 444.75 -165.15625 -586.65625 510 -172.5 -581.09375 506.125 -186.6875 -532.6875 557.5625 -178.40625 -575.6875 502.46875 -195.6875 -527.53125 553.125 -216.90625 -529.34375 532.71875 -203.28125 -472.8125 603.25 -245.40625 -462.71875 593.4375 -153.53125 -400.75 655.28125 576.09375 -157.25 486.75 601.5625 -85.59375 479.375 627.5 -9.15625 463.03125 650.375 90.65625 422.875 678.0625 237.4375 348.78125 597.96875 351.96875 381.46875 561.03125 405 384.28125 -269.6875 -212.0625 -687.65625 -234.09375 -136.5 -714 -223.375 -136.84375 -722.5 -171.75 -50.71875 -759.90625 -141.46875 -63.4375 -769.15625 -101.59375 15.28125 -781.25 -38.71875 5.5625 -786.3125 -24.75 67.90625 -788.84375 47.84375 68.34375 -788.28125 48.71875 100.3125 -786.25 119.65625 94.46875 -778.53125 122.0625 105.125 -775.15625 184.0625 78.5 -766.125 191.1875 86.3125 -760.25 -733.4375 -19.9375 277.9375 -733.59375 -30.3125 274.03125 -721.59375 -34.96875 340.15625 -725.0625 -40.71875 326.1875 -714.625 -59.0625 345.84375 -731.6875 -54.15625 278.9375 -745.90625 -46.15625 192.53125 -721.875 -90.3125 279.125 -743.4375 -83.96875 183.6875 -730.75 -140.3125 172.34375 -753.6875 -67.28125 91.0625 -747.5625 -110.875 97.28125 -738.5625 -125.84375 40.71875 310.90625 337.46875 656.78125 305.34375 265.75 704.09375 369.0625 272.25 670.625 364.84375 236.65625 683.9375 426.46875 245.40625 638.9375 424.34375 228.375 635.90625 466.90625 250.15625 579.8125 466.09375 240.5 573.8125 484.6875 290.34375 529.03125 486.15625 283.5625 524.78125 503.96875 595.34375 -34.15625 560.46875 520.375 -46.875 627.84375 430.46875 -109.34375 617.25 448.40625 -144.71875 619.65625 436.1875 -149.46875 605.78125 460.1875 -185.0625 607.5625 448.40625 -188.65625 587.21875 470.1875 -231 591.09375 460.71875 -235.15625 547 538.5 -197 588.5625 493.21875 -184.40625 533.21875 537.90625 -239.125 570.53125 506.03125 -228.0625 546.96875 509.4375 -281.625 584.03125 489.8125 -225.96875 557.03125 496.75 -280.46875 556.25 487.4375 -282.8125 531 504.78125 -329.0625 530.03125 495.84375 -335 497.40625 520.21875 -364.28125 529.90625 488.375 -341.1875 495.71875 513.0625 -370.8125 498.25 504.125 -376.84375 442.3125 541.5625 -372.78125 449.25 532.8125 -386.34375 370.40625 574.34375 -366.65625 124.8125 106.25 795.125 140.90625 161.59375 784.78125 101.78125 107.1875 799.875 119.9375 150.5625 790.78125 133.75 211.125 768.75 85.28125 232.25 766.9375 23.78125 233.65625 780.09375 91.90625 241.34375 759.03125 28.1875 241.8125 772.28125 32.5 248.875 766.21875 -39.0625 245.96875 788.65625 -36.375 250.6875 784.375 -104.125 262.84375 778.625 710.1875 200.65625 -174.34375 690.375 239.0625 -230.4375 712.75 193.84375 -178.65625 691.3125 235.15625 -236.375 689.53125 230.03125 -255.84375 667.3125 284.4375 -281.90625 666.84375 278.34375 -299.28125 644.125 321.34375 -325.15625 655.0625 265.46875 -331.78125 638.96875 298.46875 -350.75 631.3125 276.90625 -376.09375 627.84375 328 -362.5625 621.15625 303.375 -381.09375 614.25 334.59375 -381.3125 616.59375 293.03125 -391.0625 609.28125 327.71875 -388 609.46875 324.96875 -393.09375 597.34375 364.65625 -381.28125 597.5625 361.65625 -385.46875 578.53125 393.34375 -378.0625 -87.53125 467.46875 658.96875 -148.59375 444.28125 654.71875 -211.78125 435.53125 643.15625 -148.96875 463.65625 636.75 -217.65625 452.21875 623.15625 -219.3125 455.6875 615 -295.25 440.28125 599.25 -297.34375 445.59375 589.96875 -384.3125 426.875 559.875 -298.5 450.8125 581.59375 -384.875 431.90625 551.4375 -458.75 398.40625 519.34375 -508.59375 369.875 484.5 476.46875 508.9375 -439.84375 462.125 515.46875 -436.46875 474.96875 500.96875 -463.71875 464.90625 506.53125 -461.78125 465.625 490.78125 -486 445.40625 515.9375 -460.75 446.03125 500.5625 -485.71875 407.375 512.6875 -477.125 446.21875 473.9375 -511.90625 407 484.84375 -507.59375 409.21875 445 -539.09375 355.59375 496.28125 -501.75 361.65625 454.75 -537.78125 319.25 466.15625 -541.65625 366.65625 410.6875 -569.4375 332.5625 428.9375 -564.03125 313.625 408.3125 -584.15625 280.4375 465.375 -557.28125 272.8125 504.3125 -522.1875 -296.375 -397.5 621.875 -351.84375 -354.125 621.15625 -293.90625 -388.96875 633.5 -349.3125 -346.15625 633.21875 -344.03125 -335.40625 646.875 -404.34375 -311.1875 615.65625 -397.625 -300.09375 629.125 -438.21875 -251.46875 625.75 -386.46875 -275.0625 644.96875 -422.5625 -241.28125 638.90625 -423.96875 -181.59375 652.6875 -448 -170.28125 639.84375 -458.15625 -169.96875 629.53125 -423.125 -85.25 689.84375 -434.71875 -77.8125 680.59375 -371.3125 -12.03125 721.15625 -446.40625 -68.625 668.5625 -376.40625 -2.34375 715.6875 538 537.21875 154.84375 510.4375 538.53125 217.71875 598.375 473.0625 156.875 566.6875 494.65625 222.96875 588.0625 466.15625 227.84375 531.25 504.25 281.84375 548.21875 483.5 287.9375 504.8125 504.9375 331.59375 549.59375 471.5625 295.3125 503.5625 494.9375 341.9375 502.34375 484.125 353.1875 446.65625 529.21875 363.5 441.09375 519 371.8125 436.75 510.0625 381.21875 -201.15625 231.875 792.3125 -234.625 186.65625 793.875 -187.46875 219.0625 800.1875 -221.34375 176.8125 801.125 -202.40625 156.90625 808.40625 -215.65625 94.375 804.90625 -163.8125 31.75 807.625 -149.1875 -48.84375 795.1875 -140.53125 -132.28125 776.875 -64.5625 -38.25 810.09375 -66.28125 -132.71875 792.40625 571.65625 -486.6875 128.09375 552.78125 -502.53125 197.21875 570 -494.65625 130.1875 551.625 -507.84375 198.96875 543.5625 -521.84375 196.84375 545.53125 -500.875 272.4375 534.28125 -518.15625 271.625 528.875 -484.28125 339.21875 503 -559.78125 268.1875 489 -531.3125 348.78125 431.65625 -587.9375 355 479.5625 -479.3125 421.28125 418.34375 -540.9375 445.375 -735.3125 34.09375 220.15625 -730.28125 28.03125 216.21875 -744.84375 63.59375 155.21875 -739.84375 58.875 149.71875 -745 99.84375 96.40625 -738.84375 55.6875 145.59375 -744.1875 98.78125 92.625 -746.6875 97.15625 87.625 -741.40625 149.3125 63.03125 -743.625 148.3125 58.5625 -728.375 200.6875 45.625 -749.1875 144.96875 49 -735.625 204.46875 30.5 -753.8125 154.125 22.09375 -743.625 207.625 1.53125 -755.40625 165.53125 -2.46875 -761.34375 177.875 -26.59375 -762.53125 128.71875 -4.96875 -771.9375 133.1875 -40.84375 633.8125 244.59375 -388.25 642.625 222.875 -376.625 635.09375 245.96875 -380.5625 643.96875 224.78125 -367.875 653.875 227.125 -346.84375 653.1875 193.84375 -355.0625 663.9375 188.28125 -329.65625 673.625 138.0625 -337.65625 686.0625 131.1875 -295.65625 685.375 118.5 -318.65625 697.53125 70.5625 -312.21875 689.5625 78.3125 -336.90625 684.46875 85.1875 -349.15625 693.28125 13.875 -336.21875 692.46875 23.78125 -353.875 690.375 -31.75 -365.46875 693.65625 33.5 -364.6875 690.03125 -16.5 -380.71875 656.03125 -341.96875 16.53125 655 -342.65625 27.84375 670.28125 -305.78125 20.875 670.75 -305.09375 32.3125 683.9375 -267.6875 28.375 670.5625 -303.40625 59.3125 685.6875 -262.4375 55.8125 677.65625 -243.9375 119.5625 698.125 -226.0625 37.625 695.90625 -198.3125 93.53125 712.125 -158.25 54.90625 693.84375 -156.6875 158.78125 716.5 -109.53125 118.625 715.5 -59.34375 189.75 735.78125 -69.9375 76.125 732.1875 -16.84375 147.1875 747.65625 32.96875 93.53125 729.40625 21.78125 206.5 744.96875 67.5 147.53125 -536.53125 -515.4375 48.25 -466.53125 -580.3125 72.375 -389.65625 -638.5625 75.25 -389 -635.9375 128.1875 -339.8125 -667.71875 128.0625 -356.5 -653.25 163.78125 -311.09375 -677.8125 138.125 -299.4375 -691.34375 75.1875 -285.6875 -693.5625 84.5 -287.125 -699.46875 19.1875 -270.4375 -704.34375 25.1875 -649.65625 -327.25 125.9375 -615.1875 -393.9375 124.03125 -577.40625 -445.75 196.1875 -578.125 -434.65625 229.6875 -567.375 -447.25 236 -542.71875 -468.125 246.84375 -570.3125 -424.59375 263.375 -544.9375 -445.03125 278.71875 -548.46875 -418.71875 301 -213.3125 558.1875 -504.9375 -269.5625 544.53125 -477.0625 -225.0625 586.84375 -448.53125 -276.53125 592.40625 -406.8125 -194.28125 655.71875 -365.75 -235.15625 660.71875 -321.03125 -152.3125 692.0625 -297.90625 -180.90625 696.5625 -268.90625 -204.59375 700.25 -238.5 -175.84375 718.125 -213.625 248.15625 -255.59375 721.3125 258.59375 -276.5 706.96875 264 -262.5625 706.71875 293.0625 -296.9375 684.375 292.03125 -313.09375 680.46875 350.96875 -314.25 654.6875 348.0625 -327.46875 648.4375 413.1875 -315.75 614.375 577.875 395.65625 -374.3125 585.34375 396.375 -369.40625 556.59375 421.375 -369.15625 567.03125 418.71875 -363.28125 550.59375 443.625 -358.96875 590.53125 404.90625 -351.5 576.96875 428.40625 -340.5625 602.9375 410.0625 -322.375 567.71875 451.1875 -322.34375 593.375 437 -299.5625 589.875 454.34375 -267.96875 601.96875 428.53125 -288.375 597.5625 446.75 -257.375 598.6875 444.875 -256.625 599.125 448.75 -224.90625 600.78125 446.15625 -223.96875 609.4375 425.53125 -195.75 -253.03125 -681.5625 253.96875 -232.5 -678.1875 295.71875 -242.84375 -666.625 313.71875 -213.78125 -645.125 380.1875 -188.0625 -611.75 443.46875 -195.5 -567.5 496.84375 214.9375 687.09375 -254.34375 286.40625 648.59375 -322.5 293.40625 655.75 -315.46875 371.1875 594.09375 -345.71875 377.875 600.84375 -339.5625 449.96875 554.0625 -355.4375 394.125 602.625 -326.21875 458.59375 558.59375 -337.5625 470.9375 563.84375 -301.5 504.8125 530.125 -333.5625 516.6875 532.28125 -290.96875 273.875 -195.96875 -691.4375 232.53125 -235.46875 -695.21875 238.53125 -132.09375 -728.6875 183.46875 -162.28125 -738.3125 109.84375 -218.78125 -737.3125 29.0625 -251.03125 -724.625 -55.03125 -238.25 -709.1875 -41.78125 -325.3125 -669.0625 -113.3125 -326.9375 -656.96875 -64.15625 644.21875 -426.0625 -15.875 658.71875 -410.65625 -57.34375 633 -444.09375 -10.9375 645.9375 -431.25 -8 636.6875 -437.28125 38.03125 653.8125 -422.71875 40.125 643.75 -429.5 37.625 631.84375 -436.46875 76.15625 619.9375 -439.875 117.40625 613.625 -441.84375 157.84375 600.5625 -449.78125 -460.9375 -89.40625 -563.1875 -511.8125 -137.3125 -520 -448.03125 -157.71875 -569.78125 -491.15625 -189.59375 -534.0625 -483.6875 -234.3125 -542.90625 -515.71875 -206.125 -514.59375 -503.375 -238.0625 -524.875 -511.25 -262.65625 -512.71875 -487.40625 -278.34375 -535.78125 -452.75 -255.5 -575.75 -474.625 -301.28125 -537.0625 -449.90625 -280.5 -572.9375 -444.84375 -296.65625 -567.375 -416.71875 -262.625 -606.0625 -416.65625 -282.65625 -596.46875 -380.65625 -276.75 -621.0625 -178 -639.40625 -260.5 -127.09375 -640.96875 -280.75 -203.78125 -594.84375 -322.6875 -156.21875 -591.71875 -344.4375 -203.25 -545.09375 -404.625 -109.875 -588.15625 -361.78125 -160.4375 -538.875 -422.96875 -117.28125 -535.03125 -435.71875 -202.09375 -499.84375 -467.3125 -161.40625 -483.90625 -487.96875 -197.40625 -472.09375 -507.84375 -174.125 -457.09375 -536.0625 -183.125 -445.3125 -531.15625 -176.5625 -415.34375 -558.03125 -197.71875 -442.5625 -532.8125 -186.9375 -415.375 -558.375 -632.09375 -81.1875 -441.625 -599.75 -130.5625 -469.25 -614.0625 -148.625 -453.1875 -585.28125 -193.65625 -470.1875 -604.09375 -227.96875 -430.84375 -615.09375 -279.1875 -377.84375 -573.8125 -257.9375 -450.5 -580.0625 -305 -408.46875 -558.9375 -317.8125 -422.25 -573.90625 -362.6875 -360.28125 -554.34375 -373.125 -375.21875 -555.6875 -415.09375 -321.9375 -543.15625 -378.5 -385.3125 -540.6875 -427.46875 -328.6875 -511.4375 383.75 460.5 -542.0625 359.03125 452.125 -543.59375 336.65625 476.34375 -553.90625 324.34375 468.4375 -554.78125 304.25 490.46875 -556.8125 300.71875 484.90625 -562.34375 271.65625 499.34375 -559.3125 298.65625 480.46875 -564.5 270.40625 495.28125 -567.5 270.125 492.8125 -571.78125 233.46875 503.78125 -575.46875 233.40625 500.5 -588.125 188.125 498.6875 -583.625 234.84375 498.28125 -596.6875 190.5625 495.78125 482.21875 98.125 -607.34375 444.125 86.3125 -627.125 496.75 50.21875 -595.84375 461.9375 23.3125 -606.125 507.5625 -22.4375 -583.625 431.8125 -80.75 -605.875 479.6875 -71.25 -581.9375 484.1875 -118.0625 -575.28125 535.53125 -68.375 -561.15625 550.625 -41.6875 -562.28125 569.03125 -71.5 -543.9375 579.40625 -56.90625 -543.65625 595.6875 -80.0625 -525.90625 385.53125 -453.09375 565.34375 373.28125 -391.65625 613.65625 361.46875 -453.53125 581.6875 358.21875 -406.5625 615.125 318.9375 -391.15625 642.9375 328.6875 -365.40625 650.71875 333.15625 -352.5 647.5625 271.03125 -351.71875 680.84375 275.75 -339.34375 677.125 728.28125 -126.46875 18.875 734.1875 -105.75 -19.9375 750.375 -12.5 -4.875 731.9375 -77.34375 -67.71875 733.8125 11.78125 -94.0625 729.4375 -43.625 -116.8125 722.4375 -14.84375 -178.125 721.75 -86.6875 -148.875 720.4375 -62.15625 -187.25 714.3125 -80.75 -189.28125 715.875 -47.625 -227.125 711.125 -68.0625 -225.96875 707.34375 -64.1875 -264.84375 709.71875 -77.1875 -226.125 707.03125 -73.78125 -264.09375 -294.78125 399.4375 637.15625 -459.90625 394.625 526.5625 -511.15625 360.5625 503.75 -509.1875 363.5625 496.875 -541.40625 333.6875 488.96875 619.3125 458.5625 94.75 645.84375 420.625 95.09375 649.6875 417.09375 45.65625 653.65625 401.6875 42.75 648.03125 406.375 1.625 651.625 391.78125 -4.28125 651.09375 391.21875 -45.84375 652 375.71875 -52.71875 646.34375 375.3125 -93.09375 -699.78125 -230.375 -134.25 -678.5 -297.71875 -118.8125 -680.3125 -298.0625 -125.78125 -660.4375 -355.25 -129.3125 -677.3125 -307.21875 -137.0625 -663.28125 -348.21875 -139.6875 -651.6875 -373.0625 -162.9375 -639.09375 -392.53125 -157.84375 -629.25 -398.71875 -150.8125 -612.28125 -412.4375 -205.625 -598.40625 -420.25 -198.375 -563.21875 -430.5 -257.1875 243.34375 327.9375 -674.90625 256 256.0625 -700.9375 228.84375 332.1875 -682.875 240.78125 269.625 -706.25 206.78125 294.625 -705.09375 225.71875 213.75 -730.34375 207.1875 246.03125 -721.65625 167.46875 247.59375 -728.5 158.40625 315.46875 -703.65625 45.03125 610.40625 457.9375 108.03125 623.78125 431.5625 75.625 664.4375 349.78125 174.6875 644.5625 368.75 128.8125 674.5 316.875 178.34375 680.46875 288.09375 84.71875 704.5625 266.09375 141.65625 707.5625 250.96875 124.0625 716 226.9375 184.90625 711.34375 227.5 169.9375 718.875 205.59375 206.96875 719.96875 168.21875 162.28125 721.0625 194.90625 198.59375 721.875 158.5 88.75 -652.96875 -310.90625 142.65625 -658.78125 -274.625 189.125 -659.5625 -243.96875 229.625 -664.96875 -199.96875 155.96875 -683.46875 -178.8125 199.46875 -686.125 -134.375 177.6875 -685.78125 -119.78125 223.9375 -690.71875 -98.4375 210.59375 -687.21875 -94.65625 237.84375 -689.15625 -70.90625 205.25 -687.90625 -87.125 231.46875 -690.15625 -65.28125 -631.78125 337.1875 -319.0625 -630.59375 371.5625 -293.375 -623.15625 345.75 -326.6875 -621.3125 377.46875 -300.3125 -606.1875 387.15625 -306.3125 -611.46875 406.84375 -279.28125 -602.1875 407.875 -289.3125 -582.1875 429.625 -291.09375 -585.125 412.9375 -319.34375 -378.53125 98.5 -653.375 -416.6875 184.96875 -606.21875 -408.9375 189.6875 -619.875 -405 268.875 -598.15625 -386.25 261.96875 -619.1875 -357.78125 322.90625 -609.28125 -360.03125 326.34375 -596.6875 -298.46875 373.46875 -611.875 679.1875 -53.34375 -400.59375 679.5 -72.65625 -385.15625 676.625 -90.65625 -368.59375 661.34375 -100.0625 -406.375 657.65625 -118.03125 -391.96875 639.875 -139.03125 -420.78125 654.75 -125.5625 -385.1875 638.125 -147.21875 -411.96875 639.3125 -149.21875 -408.96875 613.875 -167.84375 -435.6875 617.03125 -170.875 -430.0625 591.53125 -193.75 -441.71875 -267.75 120.71875 778.28125 -308.09375 43.65625 761.09375 -310.28125 50.15625 755.59375 -382.8125 7.125 712.53125 -481.875 -48.8125 633.5625 -488.78125 -172 577.25 -652.96875 -25.375 -411.40625 -622.125 -68.125 -441.9375 -643.71875 -8.65625 -412.1875 -609.90625 -53.15625 -444.59375 -587 -23.375 -458.15625 -573.03125 -108.15625 -477.78125 -545.8125 -78.3125 -500.4375 -494.5625 -20.875 -544.25 -398.8125 -44.875 -618.09375 -388.25 -120.28125 -620.28125 -394.59375 -187.6875 -608.46875 465.78125 465.34375 -509.6875 465.875 429.9375 -533.6875 447.21875 435.40625 -537.1875 448.5 387.9375 -563.25 410.78125 396.5625 -567.90625 406.8125 341.3125 -593.625 356.375 365.15625 -597.125 331.28125 310.46875 -628.375 286.6875 372.875 -618 252.0625 428.1875 -597.375 171.09375 -696.34375 326.15625 172.5625 -692.96875 320.5 232.5625 -658.5 399.71875 235.71875 -655.84375 394.5625 311.75 -603.3125 447.84375 379.8125 -533.03125 493.46875 613.6875 -96.21875 -501.875 623.59375 -126.90625 -464.25 611.46875 -154.15625 -454.25 583.0625 -178.78125 -466.09375 587.09375 -189.625 -447.53125 564.09375 -214.1875 -453.6875 568.875 -218.6875 -446.90625 549.03125 -245.59375 -446.84375 607.75 -440.3125 -66.34375 599.09375 -450.375 -99.1875 608.96875 -450.46875 -61.3125 598.5 -460.40625 -91.9375 597.09375 -468.59375 -83.40625 571.125 -491.34375 -103.4375 570.40625 -497.34375 -93.4375 513.65625 -553.03125 -71.25 567.71875 -501.3125 -81.21875 513.34375 -557.40625 -61.84375 441.40625 -635.375 -9.25 249.375 -202.90625 704.28125 223.59375 -215.03125 724.09375 249.1875 -196.6875 704.25 228.875 -203.4375 721.4375 231.40625 -194.03125 719.8125 202.53125 -206.5 736.15625 209.71875 -191.5 734.46875 187.09375 -177.90625 745.125 210.40625 -187.96875 734.71875 188.1875 -174.96875 745.46875 192.34375 -169.375 748.46875 169.375 -156.0625 755.71875 174.9375 -151.75 758.65625 159.5 -128.84375 769.96875 188.21875 86.8125 771.75 183.8125 94.65625 770.59375 211.21875 99.3125 761.5 205.96875 107.46875 761.28125 229.25 105.40625 750.21875 206.15625 118.96875 760.65625 228.75 116.1875 751.375 233.34375 138.28125 747.8125 252.125 105.25 741.40625 255.625 126.84375 739.8125 278.8125 104.28125 730.5625 265.53125 150.9375 731.625 287.34375 132.125 724.71875 119.46875 -103.3125 779.15625 134.6875 -98.46875 777.34375 131.65625 -41 781.34375 139.9375 25.5625 782.8125 139.0625 -42.15625 776.59375 148.09375 17 777.84375 150.125 12.625 775.84375 163.65625 69.9375 776.25 164.125 61.40625 775.96875 168.28125 55.03125 776.8125 -286.4375 -688.09375 -108.0625 -271.03125 -693.34375 -108.46875 -302.625 -691.125 -47.75 -286.40625 -702.4375 -45.21875 -266.1875 -709.5625 -41.96875 -252.59375 -701.6875 29.59375 -244.9375 -694.9375 106.46875 -718.09375 246.6875 20.96875 -730.78125 235.71875 5.1875 -722.25 257.5 -2.65625 -740.59375 229.875 -20.6875 -743.09375 230.4375 -40.5625 -761.96875 186.1875 -44.78125 -760.78125 191.3125 -53.28125 -771.90625 145.1875 -60.5 -770.90625 151.21875 -68.125 -769.125 113.21875 -95.34375 -75.75 394.75 -671.09375 -51.09375 413.75 -656.65625 0.375 403.125 -660.21875 43.8125 392.78125 -671.15625 86.875 389.65625 -670.90625 46.125 392.96875 -664.625 86.28125 389.875 -664.375 85.5 390.59375 -657.96875 126.1875 392.6875 -655.75 123.6875 393.78125 -649.125 163.6875 402.5 -635.46875 -29.1875 562.1875 542.5625 -85.8125 549.96875 537.96875 -71.8125 599.375 455.96875 -142 536.25 527.6875 -150.90625 601.1875 425.5625 -223.03125 531.0625 503.40625 -260.65625 529.53125 485.09375 -291.03125 472.65625 554.46875 -214.09375 473.1875 586.5625 13.78125 -691.375 -196.4375 5.53125 -691.375 -215.46875 -37.8125 -687.3125 -196.40625 -49.53125 -686.96875 -214.84375 -105.0625 -679.6875 -204.5625 -56 -679.9375 -240.09375 -111.25 -674.0625 -228.53125 -163.78125 -668.59375 -209.28125 -243.5 -598.40625 -304.15625 -530.59375 -227.03125 -498.78125 -538.9375 -277.625 -470.96875 -530.5 -298.125 -487.6875 -514.375 -314.9375 -503.53125 -541.84375 -338.25 -450.875 -529.375 -349.28125 -468.15625 -525.8125 -384.28125 -429.40625 -518.3125 -354.71875 -476.46875 -515.46875 -384.78125 -439.90625 -502.03125 -386.28125 -451.53125 -498.3125 -416.625 -409.25 -486.21875 -414.34375 -425.09375 -460.25 -440.28125 -408.8125 -514.28125 405.96875 429.78125 -547.09375 376.21875 421.875 -556.78125 346.125 443.1875 -561.1875 368.125 410.6875 -562 345.46875 438.125 -569.25 344.6875 436.46875 -561.3125 322.5 460.53125 -568.25 323.375 459.625 -569.71875 299.5 477.40625 -571.1875 363.34375 408.34375 -573.53125 380.125 375.65625 -560 390.84375 376.65625 -562.6875 405.375 331.53125 -541.5 409.375 383.0625 -540.46875 433.21875 335.25 -507.21875 462.375 365.3125 -530.90625 454.5625 313.65625 -501.625 477.625 343.90625 -499.625 488.78125 328.78125 -466.125 506.40625 355.78125 -466.09375 514.71875 339.03125 715.5625 -168.90625 -23.8125 719.3125 -149.0625 -58.65625 719.125 -135.8125 -90.90625 710.53125 -165.8125 -75.96875 710.71875 -148.46875 -105.28125 708.15625 -156.625 -113.125 710.9375 -129 -132.5 708.34375 -137.5625 -138.15625 711.40625 -112.75 -163.09375 320.96875 707.71875 54.40625 293.75 724.9375 51.125 285.75 716.28125 119.3125 274.28125 718.21875 119.3125 263.53125 704.875 188.875 249.875 706.53125 190.75 251.5 679.15625 257.75 231.78125 680.65625 260 242.25 645.8125 329.75 49.5625 269.75 770.8125 43.34375 263.125 767.3125 118.96875 270.375 761.46875 111.625 259.40625 758.8125 169.8125 240 759.625 104.6875 253.625 755.96875 161.90625 232.125 758.0625 153.625 224.09375 758.21875 220.5 207.8125 751.40625 277.78125 193.625 723.03125 322.84375 595.59375 400.5625 378.78125 555.4375 416.0625 317.5625 598.1875 385.09375 376.21875 556.875 399.875 374.40625 556.8125 389.09375 433.59375 511.5 401.78125 433.4375 508.84375 391.1875 -592.3125 432.40625 190.84375 -594.90625 421.0625 196.46875 -619.25 404.34375 132.53125 -623.0625 392.375 136.34375 -648.8125 363.96875 84.125 -631.78125 378.6875 137.4375 -666.4375 326.625 73.46875 -670 319.15625 92.8125 -691.125 260.75 57.28125 -692.625 259.4375 64.46875 -723.28125 203.375 54.8125 -702.0625 252.96875 72.28125 -728.0625 202.90625 61.125 -751.75 -41.8125 114.5 -730.28125 -141.46875 -32.65625 4.09375 698.625 282.28125 -75.71875 661.0625 337.6875 -3.875 647.0625 381.65625 -49 640.3125 385.75 622.09375 370.34375 -340.59375 613.53125 371.25 -362.3125 598.09375 392.84375 -361.125 603.25 368.15625 -375.125 -732.28125 -14.15625 -292.625 -730.21875 -17.65625 -291.78125 -713 12.78125 -335.78125 -712.125 8.59375 -336.1875 -696.15625 49.25 -373.28125 -712.28125 2.5 -336.71875 -687.1875 38.28125 -380.5 -695.21875 12.1875 -371.375 -657.65625 39.5625 -400.09375 -669.6875 12.40625 -393.25 484.0625 222.9375 -595.5625 470.15625 217.8125 -600.84375 486.9375 183.21875 -600.90625 471.4375 177.8125 -606.0625 475 140.8125 -609.84375 437.25 175.71875 -624.59375 435.59375 134.46875 -633.78125 347.375 122.5 -682.25 358.75 63.625 -679.6875 368.1875 -6.53125 -668.375 -679.21875 378 -132.59375 -666.375 391.25 -132.25 -689.875 349.375 -94.78125 -677.6875 360.625 -88.625 -700.75 324.84375 -58.75 -661.40625 375.15625 -84.21875 -683.5625 335.4375 -43.34375 -662.46875 364.3125 -45.09375 -677.40625 324.8125 -12.8125 -663.59375 351.09375 -15.0625 -657.90625 346.625 11.84375 -656.28125 371.40625 -16.34375 -653.25 366.5625 10.65625 -722.09375 -37.15625 -335 -733.78125 -59.125 -294.46875 -721.3125 -53.59375 -340.96875 -732.875 -75.15625 -299.9375 -727.78125 -96.375 -305.75 -742.71875 -82.84375 -252.28125 -738.15625 -105.5625 -254.0625 -744.46875 -104.125 -211.84375 -731.1875 -139.5 -253.9375 -736.375 -138.03125 -205.1875 161.5625 547.0625 554.3125 100.40625 540.84375 582.75 76.5 562.25 560.03125 157 591.875 496.5625 -325.90625 -677.625 -51.03125 -321.5625 -683.8125 4.125 -376.59375 -647.15625 10.21875 -448.5 -592.40625 14.25 -531.71875 -516.8125 -1.0625 -543.21875 -480.5 -227.1875 -571.84375 -466.0625 -174.96875 -546.5625 -465.84375 -235.15625 -576.59375 -450.40625 -180.9375 -578.375 -437.1875 -184.96875 -606.25 -431.09375 -133.34375 -609 -417.6875 -135.5 -630.15625 -403 -82.75 -613.75 -407.1875 -138.21875 -644.375 -373.84375 -86.78125 -508.8125 311.0625 -496.0625 -440.0625 332 -542.84375 -508.5625 298.53125 -495.75 -438.625 318.59375 -544.5625 -438.1875 307.6875 -543.21875 -367.8125 347.75 -582.4375 -364.5 336.9375 -582.8125 -300.9375 380 -603.5 -362.8125 329.34375 -583.78125 -774.53125 74.84375 -65.90625 -772.21875 92.28125 -34.09375 -776.34375 85.25 -71.625 -773.5625 102.4375 -36 -773.5625 112.375 -38.25 -769.78125 101.375 -5.40625 -767.28125 110.53125 -5.4375 -765.03125 99.3125 21.03125 -761.4375 118.125 21.75 -326.65625 -677.8125 61.78125 -301.875 -694.34375 13.21875 741.28125 150.46875 155.34375 742.8125 98.40625 194.78125 739.21875 146.21875 139.40625 742.75 90 182.53125 742.1875 83.71875 172.5 730.34375 50.8125 240.71875 727.9375 42.40625 232.375 706.34375 10.8125 299.9375 704.3125 -27.125 272.90625 429.53125 -598.09375 -153.53125 480.28125 -543.40625 -166.15625 415.96875 -590.34375 -210.53125 457.8125 -552.0625 -206.6875 472.3125 -532.4375 -228.84375 522.6875 -506.78125 -191.84375 548 -495.3125 -151.09375 553.6875 -483.4375 -189.6875 569.65625 -466.46875 -158.9375 575.78125 -456.40625 -158.59375 584.40625 -447 -131.5 585.90625 -437.78125 -133.5625 -136.90625 -457.6875 -540.5 -122.5 -481.4375 -507.15625 -149.78125 -460.6875 -542.75 -131.53125 -479.9375 -504.21875 -139.96875 -478.46875 -499.46875 -66.78125 -523.09375 -480.1875 -71.8125 -522.5625 -474.1875 -74.25 -527.59375 -462.71875 -652.4375 84.90625 463.90625 -648.25 81.96875 465.34375 -677.90625 44.125 417.28125 -673.15625 39.4375 418.15625 -700.78125 15.5625 359.34375 -672.03125 37.5 419.25 -700.34375 14.28125 359.71875 -701.75 9.25 362 -718.53125 9.65625 288.4375 -720.40625 5.90625 288.21875 -731.53125 18.84375 211.375 -736.125 13.0625 209.09375 261.21875 -119.3125 -722.78125 231.84375 29.5 -749.3125 226.125 111.8125 -739.8125 46.96875 -455.96875 -565 40.84375 -396.34375 -625.9375 155.3125 -452.65625 -544.53125 134.65625 -382.8125 -619.375 228.21875 -354.21875 -618.96875 101.09375 -299.53125 -693.96875 171.9375 -280.5 -694.96875 318.34375 -73.6875 697.4375 320.21875 -75.4375 695.875 305.46875 -115.53125 693.5625 306.15625 -119.5625 691.15625 284.625 -154.875 688.78125 307.375 -121.84375 690.9375 285.46875 -158.53125 688.125 290.5625 -166.25 686.9375 266.6875 -179.03125 694.125 269.1875 -186.90625 693 272.5 -193.65625 692.40625 -298.71875 -647.21875 241.4375 -360.65625 -605.53125 251.6875 -346.53125 -599.34375 303.53125 -337.8125 -584.6875 357.65625 -425.84375 -555.21875 289.90625 -424 -541.96875 340.6875 -492.875 -488.03125 310.0625 -424 -519.3125 384.90625 -490.9375 -462.25 342.65625 -495.125 -425.15625 375.09375 -552.75 -382.75 324.6875 735.4375 131.90625 104.375 737.03125 104.25 54.03125 743.59375 85.90625 -9.875 733.1875 168.5 22.375 736.71875 152 -40.84375 727.9375 179.0625 -54.25 731.75 154.4375 -105.96875 722.46875 176.78125 -117.21875 718.6875 182.75 -115.40625 202.65625 689.78125 257.21875 225.15625 712.1875 193.875 245.90625 722.0625 116.9375 231.875 720.875 109.8125 241.59375 725.03125 47.625 224.125 721.1875 105.0625 235.21875 725.0625 46.03125 339.25 617.5625 335.1875 396.46875 580.96875 353.21875 345.5 622.90625 313.5625 406.53125 587.875 326.96875 419.71875 593.65625 275.8125 463.15625 545.625 327.875 482.375 541 280.5 -23 97 -787.25 -84.34375 75.78125 -782.53125 -25.09375 108.53125 -782.1875 -89.78125 85.0625 -776.59375 -93.3125 91.4375 -770.90625 -135.125 31.625 -768.375 -139.15625 36.6875 -762.96875 -188.03125 -42.78125 -746.96875 -215.34375 -34.375 -732.3125 315.46875 708.6875 -14.625 282.78125 727.53125 -14.21875 270.65625 729.53125 -12.75 257.03125 731.03125 -75.84375 244.90625 731.625 -71.84375 293.59375 -210.65625 698.03125 283.59375 -201.40625 696.625 301.1875 -177.15625 687.8125 324.5625 -133.59375 692.90625 342.5625 -79.28125 695.9375 320.15625 -131.21875 691.125 338.03125 -78.5 694.59375 454.59375 -537.03125 -305.34375 490.625 -504.90625 -318.59375 459.5 -538.1875 -289.5625 500.71875 -502.8125 -304.125 507.75 -498.5 -290.5625 521.125 -464.6875 -346.625 530.625 -456.8125 -334.25 530.25 -413.1875 -382.84375 535.1875 -447.9375 -322.375 530.15625 -406.40625 -372.96875 -286.46875 141.46875 771.65625 -327.09375 73.625 756.84375 -334.25 93.96875 756.9375 -394.71875 63.09375 720.71875 -386.5 118.5 712.5 495.90625 -319.4375 -471.75 486.21875 -287.78125 -493.6875 493.09375 -280.8125 -489.03125 457.9375 -253.1875 -538.6875 462.5625 -245.28125 -535.1875 408.875 -218.53125 -593.53125 427.8125 -183.78125 -589.03125 434.28125 512.15625 416.625 434.8125 499.3125 446.8125 477.84375 469.625 427.03125 467.96875 469.21875 445.40625 475.46875 432.40625 474.65625 434.625 456.96875 492.125 614.53125 -438.75 -23.6875 613.65625 -430.375 -27.9375 604.875 -431.75 -70.03125 596.375 -437.9375 -103.9375 596.3125 -433.34375 -106.75 -558.15625 451.15625 250.09375 -559.40625 438.0625 258.4375 -566.40625 423.875 265.78125 -601.6875 410 200.15625 -614.5625 396 203.5 -643.03125 365.4375 142.375 -655.4375 351.34375 147.03125 -680.59375 307.0625 99.6875 -580.59375 -315.21875 329.3125 -577.125 -361.84375 297.59375 -590.25 -311.0625 322.71875 -584.59375 -353.78125 287.4375 -592.25 -345.03125 278.03125 -581.96875 -387.15625 270.1875 -588.59375 -376.65625 260.28125 -587.625 -401.1875 246.8125 -604.1875 -354.9375 242.75 -603.96875 -373.1875 228.9375 -721.09375 -21.28125 -332.625 -716.53125 -8.21875 -333.59375 -733.21875 -31.4375 -290.40625 -731.0625 -22.375 -291.125 -744.21875 -34.8125 -241.96875 -743.53125 -26.78125 -243.78125 -757.96875 -13.9375 -198.53125 -744.1875 -23.4375 -245 -75.15625 725.03125 -158.5625 -114.9375 726.46875 -128.40625 -79.4375 727.59375 -166.03125 -121.78125 729.125 -135.875 -130.84375 734.1875 -149.3125 -149.21875 730.71875 -94.53125 -176.375 731.09375 -116.59375 -167.65625 741.8125 -38.21875 -203.03125 721.65625 -101.125 -185.9375 738.125 -35.21875 -200.78125 735.28125 -32.09375 -179.84375 743.75 31.625 -699.0625 -222.125 -98.71875 -676.25 -292.96875 -85.125 -678.15625 -290.21875 -78.59375 -658.4375 -345.125 -53.09375 -660.59375 -331.90625 -40.0625 -635.53125 -372.75 -4.78125 -632.1875 -379.03125 -8.125 540.40625 -408.0625 394.96875 543.90625 -458.75 336.90625 544.53125 -453.5625 335.25 546.21875 -491.46875 270.96875 549.53125 -475.46875 264.71875 552.6875 -497.46875 196.875 -746.34375 151.5625 70.4375 -742.21875 149.4375 64.90625 -723.15625 203.34375 51.3125 -702.03125 246.34375 48.0625 -696.03125 265.34375 47.34375 -86.5 737.03125 -210.0625 -25.65625 735.0625 -229.40625 -29.1875 733.46875 -242.96875 39.28125 731.65625 -250.875 43.28125 719.46875 -286.40625 29.5625 689.1875 -351.34375 -21.75 679.75 -361.15625 -92.5 621.5 -458.28125 -88.09375 613.78125 -462.90625 -117.5625 598.84375 -479.21875 -114.9375 591.5 -481.84375 -142.71875 571.21875 -500.8125 -138.78125 565.15625 -501.75 -571.9375 242.84375 528.34375 -585.375 194.40625 529.6875 -562.1875 251.59375 538.75 -579.1875 198.6875 542.25 -562.0625 208.25 563.75 -599 139.09375 533.84375 -582.59375 137.875 553.0625 -442.78125 -579.4375 204.625 -498.9375 -540.15625 193.625 -502.1875 -550.34375 178.53125 -543.0625 -518.9375 159.5625 -536 -531.03125 146.0625 -567.4375 -501.59375 127.65625 -569.46875 -488.90625 140.03125 -127.9375 432.8125 -628.375 -86.84375 423.46875 -638.5625 -94.59375 422.15625 -647.28125 -74.5625 351.75 -694.6875 -610.84375 100.84375 530.21875 -605.5 137.65625 522.09375 -584.15625 192.25 522.125 571.0625 -478.5625 -120.40625 508.21875 -544.4375 -92.25 497.21875 -541.8125 -124.84375 441.40625 -609.53125 -104.5 369.25 -633.375 -135.375 89.875 683.46875 -355.625 131.0625 699.84375 -315.59375 107.40625 729.5625 -261.90625 136.96875 715.3125 -283.875 174.65625 706.5625 -285.53125 187.65625 684 -334.03125 173.65625 -686.28125 -109.34375 139.09375 -686.5 -138.40625 140.5625 -686.03125 -151.90625 99.78125 -688.34375 -183.09375 112.6875 -684.9375 -210.25 67.03125 -690.0625 -226.1875 97.65625 -669.65625 -271.5625 235.59375 196.78125 -731.0625 180.28125 190.71875 -751.40625 108.59375 262.5 -738.1875 361.5 680.28125 -194.40625 326.09375 694.84375 -153.75 403.03125 660.28125 -132.40625 391.25 666.34375 -73.34375 491.46875 607.71875 -76.5 -599.3125 -264 358.9375 -590.8125 -265.375 365.0625 -558.21875 -329.15625 354.96875 376.28125 193.59375 681.9375 430 209.78125 631.78125 424.21875 214.125 629.625 420.5 215.03125 631.53125 469.25 232.28125 571.71875 466.40625 234.625 571.03125 -129.65625 719.5 181.5625 -146.9375 720.59375 145.46875 -172.1875 719.4375 169.28125 -165.21875 736.78125 98.28125 -194 713.59375 162.21875 -182.3125 733.5 97.5625 -197.3125 731.25 95.1875 -194.84375 741.53125 32 614.90625 -396.3125 86.25 638.65625 -344.78125 104.25 617.3125 -351.125 178.71875 639.78125 -292.75 194.25 611.65625 -317.84375 261.96875 600.28125 -299.40625 317.46875 660.0625 -216.8125 233.875 650.5625 404.71875 94.21875 627.84375 426.5 162.125 653.9375 389.46875 91.21875 630.25 413.9375 163.34375 591.1875 441.40625 237.46875 594.21875 433 242.5 552.34375 452.15625 311.53125 -321.53125 66.375 754.28125 -390.90625 24.21875 717.8125 -386.75 16.34375 714.875 -471.40625 -5.34375 662.875 -545 -9.90625 570.9375 -153.8125 -203.9375 752.59375 -202 -124.4375 765.5 -234.875 -417.03125 639.375 -236.09375 -427.6875 627.34375 -314.6875 -404.375 598.3125 -355.15625 -365.28125 604.5625 -400.9375 -345.5625 580.1875 252 94.40625 738.6875 273.1875 79.78125 724.71875 277.34375 88.6875 727.1875 296.09375 57.375 717.25 301.625 64.53125 720.09375 306.78125 77.625 719.78125 323.40625 20.15625 706.125 328.0625 24.84375 707.625 340.4375 -26.09375 698.5625 -159.15625 65.34375 -763.375 -108 116.6875 -772.90625 -102.21875 106.96875 -770 -32.75 131.9375 -777.46875 -30.46875 124.46875 -775.3125 -28.78125 120.0625 -774.96875 47.34375 129.53125 -778.90625 48.625 124.53125 -777.65625 128.375 119.0625 -768.5 719.21875 164.1875 -182.09375 685 185.65625 -269.1875 721.65625 105.28125 -181.09375 700.3125 127.03125 -246.15625 715.15625 62.375 -232.65625 705.78125 69.59375 -278.78125 707.40625 7.40625 -269.40625 249.65625 162.34375 737.3125 286.46875 180.6875 717.96875 231.28125 170 746.625 265.84375 184.4375 728.375 -584.59375 -473.3125 102.375 -568.1875 -476.53125 150.71875 -541.28125 -496 186.15625 -492.8125 -519.21875 228.15625 246.5625 -701.625 109.71875 178.53125 -711 167.09375 218.75 -700.34375 114.65625 169.78125 -705.5625 160.59375 168.53125 -705.03125 152.9375 112.53125 -709.71875 194.75 114.4375 -708.90625 184.375 55.59375 -710.71875 202.875 33.75 667.25 -401.5625 75.25 663.71875 -405.8125 109.84375 657.875 -407.375 -211.21875 700.9375 -219.5 -256.40625 667.09375 -284.75 -307.625 603.28125 -356.53125 -362.28125 518.90625 -450.84375 -600.25 -446.28125 -129.6875 -625.78125 -417.84375 -83 -624.375 -404.25 -19.46875 -626.34375 -391.96875 -16.1875 -611.375 -406.78125 44.75 427.75 530.0625 -429.625 391.1875 534.53125 -440.53125 364.90625 568.03125 -393.125 354.5625 564.5 -410.53125 310.96875 586.75 -405.75 343.03125 541.46875 -457.4375 -242.09375 -509 -447.625 -284.34375 -518.03125 -423.6875 -258.5 -491.875 -464.34375 -298.65625 -500.46875 -440.53125 -312.15625 -487.34375 -451 -342.3125 -498.25 -414.8125 -349.84375 -486.03125 -428.9375 -388.34375 -475.21875 -411.25 -408.1875 569.6875 -298 -480.59375 513.34375 -289 -410 567.28125 -287.25 -483.59375 513.0625 -277.15625 -485.5625 513.8125 -264.09375 -548.4375 467.71875 -258.875 -559.21875 464.46875 -234.625 -601.75 432.9375 -232.6875 -708.65625 -36.03125 -365.78125 -735.0625 -44.09375 -291.21875 -747.125 -55.40625 -245.84375 -89.09375 490.5625 639.625 -19.40625 533 617.3125 -91.71875 492.375 634.15625 -26.96875 537 608.40625 -386.875 89.09375 -642.96875 -421.53125 182.8125 -594.34375 -413.5 271.78125 -573.59375 -442.46875 184.25 -566.625 -436.03125 280.21875 -549.25 48.84375 112.25 -782.59375 48.8125 119.90625 -779.03125 124.1875 112.1875 -771.375 -311.90625 -561.3125 424.625 -261.21875 -546 480.625 -323.28125 -481.0625 518.71875 299.125 230.15625 720.90625 237.53125 236.34375 747.75 292.5 215.4375 721.28125 229.09375 220.03125 750.5 360.96875 220.6875 683.71875 356.625 210.125 683.03125 422.5625 218.8125 632.3125 337.40625 28.75 711.875 331.46875 27.34375 708.84375 350.40625 -24.71875 703.28125 344.78125 -25.03125 699.84375 -647.4375 81.9375 466.1875 -646.21875 78.4375 471.375 -608.25 132.40625 490.9375 -606.71875 130.84375 496.78125 -581.6875 187.4375 508.75 -246.9375 -706.5625 -38.28125 -238.375 -696.5625 -106.65625 -253.53125 -699.03125 -108.65625 -254.59375 -675.34375 -170.375 259.375 -209.5 707.78125 252.5 -205.1875 705.03125 229.875 -216.625 723.9375 -150.65625 -434.90625 -580.375 -165.75 -432.6875 -576.8125 -169.6875 -398.5625 -605.625 -180.625 -391.96875 -593.15625 -190.96875 -358.5625 -616.46875 652.375 -345.0625 52.25 633.40625 -384.3125 40.125 -122.4375 433.21875 -621.71875 -80.5 423.75 -631.28125 -36.8125 416.3125 -639.34375 -75.1875 424.03125 -624.625 -31.5625 417 -632.21875 534.90625 472.53125 -349.65625 523.5625 472.875 -366.15625 502.71875 495.28125 -376.625 479.1875 513.96875 -393.28125 508.03125 493.125 -379.875 492.1875 507.28125 -394.125 618.90625 -417.3125 18.09375 621.84375 -403.96875 -1.75 637.5 -376.5 17.5 640.25 -374.65625 6.1875 315.125 14.96875 705.03125 308.25 10.28125 703.0625 324.78125 -28.96875 699.03125 319.1875 -32.5 699.78125 317.65625 -32.6875 700.40625 558.96875 469.6875 -289.5625 555.53125 478.6875 -286.03125 585.34375 479.65625 -228.03125 -532.25 28.5625 612.8125 -532.5625 18.375 606.53125 -471.28125 23.625 674.21875 -471.21875 8.9375 670.59375 500.46875 527.0625 -354.03125 444.59375 547.65625 -364.3125 366.34375 586.375 -352.875 282.1875 630.78125 -349.6875 408.78125 -578.5 -298.6875 410.53125 -578.1875 -286.53125 348.34375 -609.375 -289.25 350.40625 -614.21875 -261.59375 281.40625 -640.21875 -259.90625 409.46875 -188.75 650.0625 375.03125 -194.5625 672.15625 100.9375 733.6875 -242.375 100.96875 732.6875 -229.21875 153.71875 725.90625 -245.53125 158.125 724.53125 -233.15625 -425.59375 56.4375 -607.25 -513.28125 109.375 -522.625 -545.59375 34.28125 -492.34375 -600.46875 72.25 -439.125 -628.125 20.25 -420.15625 -169.625 139.03125 816.96875 -121.4375 175.40625 815.65625 -125.71875 112.5625 827.1875 -98.0625 147.21875 826.84375 522.96875 -552.90625 185.5625 498.75 -587.34375 158.3125 551.8125 -529.15625 110.65625 532.40625 -557.53125 81.1875 448.59375 334.09375 -589.1875 469.65625 331.40625 -584.21875 446.1875 274.21875 -605.34375 470.4375 272.34375 -597 483.5625 275.84375 -591.5 -150.59375 466.59375 630.53125 -151.90625 469.4375 624.96875 -220.375 458.8125 607.71875 -717.96875 -28.5625 345.96875 -701.3125 -52.3125 381.25 -697.1875 -47.75 386.0625 -683.625 -33.6875 405 728.6875 201.28125 75.78125 721.75 219.625 55.84375 714.375 250.125 87.34375 709.5 251.8125 78.625 693.5 283.875 84.5625 709.28125 251.875 74.90625 693.84375 282.90625 80.5625 -509.46875 -420.84375 -397.625 -482.90625 -451.9375 -378.90625 -523.5625 -424.125 -370.75 -506.5 -453.6875 -351 -529.4375 -449.15625 -308.125 -489.21875 -470.09375 -341.375 -521.28125 -459.6875 -299.46875 -466.125 506.40625 355.78125 -469.15625 494.375 378.53125 -472.4375 470 411.125 -415.375 529.4375 381.5 -413.03125 503.03125 415.90625 -85.375 736.46875 -194.46875 -26.625 734.96875 -215.4375 36.15625 730 -224.71875 -27.71875 733.1875 -199.8125 31.34375 730.34375 -208.59375 733.875 204.5625 116.4375 730.25 203.75 102.28125 718.84375 250.34375 99.28125 697.65625 285.65625 92 -371.5 362.25 -578.90625 -313.78125 401.78125 -596.375 -305.84375 389.1875 -602.78125 -254.46875 436.84375 -593.21875 -245.9375 429.3125 -596.3125 246.09375 -686.875 -98.96875 246.9375 -679.3125 -119.9375 305.21875 -665.53125 -108.59375 299.125 -651.28125 -183 357.46875 -624.96875 -201.0625 420 -572.8125 -262.96875 -618.90625 -393.3125 50.625 -614.75 -399.09375 48.15625 -629.03125 -384.40625 -11.96875 -652.71875 -356.59375 -65.34375 184.5625 106.03125 769.46875 190.375 131.78125 767.125 161.65625 87.25 776.625 -564.4375 284.0625 -442.75 -564.40625 276.25 -437.5 -601.75 263.6875 -399.09375 -606.03125 245.59375 -402.71875 -633.34375 252.34375 -368.5 -140.59375 -591.6875 514.78125 -85.84375 -595.28125 521.125 -155.53125 -533 572.1875 -99.09375 -512.75 595.09375 -118.875 -446.5 646.4375 98.25 248.3125 755.21875 143.375 218.5 762 154.21875 169.25 777.84375 -130.1875 -420.875 661.40625 -137.75 -415.0625 658.21875 -183.5625 -483.78125 611.625 -192.78125 -478.75 607.4375 680.25 -108.53125 270.71875 619.28125 -189.5 359.71875 643.5625 -102.71875 353.96875 664.03125 -38.40625 358.90625 642.03125 -57.5625 406.875 -516.21875 -479.1875 -285.25 -518.25 -468.21875 -293.5 -483.5 -480.15625 -332.6875 -446.59375 -475.78125 -372.53125 -640.1875 67.28125 486.71875 -668.5 19.78125 434.0625 -625.34375 32.625 497.5 -653.125 -1.4375 450.6875 -626.96875 -25.25 469.875 -638.34375 87.96875 -412.40625 -624.46875 146.25 -425.40625 -578.46875 136.3125 -459.71875 -567 202.84375 -451.25 -504.9375 193.75 -512.8125 -507.09375 261.46875 -494.6875 -774.09375 53.1875 -107.40625 -772.625 59.46875 -115.125 -766.125 14.15625 -146.625 -763.78125 16.875 -155.09375 -757.625 71.71875 78.0625 -763.8125 89.53125 44.875 -760.6875 106.75 44.375 -27.375 -580.96875 -404.875 24.40625 -632.46875 -345.96875 70.71875 -629.59375 -354.28125 12.78125 -684.78125 -252.5625 -32.84375 -637.71875 -315.46875 363.875 104.28125 703.1875 404.21875 76.65625 677.1875 471.875 70.34375 626.15625 -281.65625 -216.6875 -681.5 -242.6875 -137.71875 -705.59375 -269.1875 -143.875 -689.09375 -698 -222.3125 -105.65625 -674.84375 -295.03125 -91.15625 -674.15625 -297.40625 -99.5 259.75 626.34375 376.9375 253.0625 628.84375 364.5 195.25 632.65625 393.15625 -618.1875 404.3125 -270.96875 -586.09375 428.8125 -260.96875 -582.96875 431.46875 -272.5 -542.28125 470.59375 -284.5625 -540.90625 464.8125 -304.5 266.53125 553 -472.15625 271.34375 567 -451.15625 233.96875 555.5 -478.90625 207.25 583.53125 -455.28125 189.375 574.5625 -465.15625 153.34375 592.28125 -452.78125 113.40625 605.125 -445.1875 148.4375 588.53125 -458.03125 109.6875 600.625 -450.96875 -670.03125 -129.28125 391.75 -689.125 -87.4375 387.4375 -675.9375 -130.9375 358.78125 -696.9375 -88.90625 357.28125 -659.25 208.09375 -381.03125 -670.8125 156.21875 -396.15625 -645.4375 206.6875 -396.5625 -655.34375 151.40625 -408 -667.28125 93.875 -401.625 167.375 -158 755.09375 150.8125 -134.3125 768.15625 159.09375 -164.96875 755.78125 143.9375 -138.4375 768.03125 539.03125 -415.34375 393.96875 542.9375 -464.53125 336.75 523.71875 -435.46875 399.75 515.90625 -390.40625 455.34375 476.28125 -418.125 480.90625 248.78125 -658.90625 382.5625 187.1875 -691.5625 306.40625 255.15625 -660.3125 379.25 195 -692.40625 305.625 162.5 -710.21875 231.59375 155.40625 -709.28125 228.96875 180.9375 -688.96875 306.84375 55.0625 -690.90625 -204.53125 59.75 -691.03125 -186.40625 101.28125 -688.6875 -166.9375 -461.03125 422.59375 -452 71.875 37.59375 809.46875 22.75 50.15625 819.71875 7.625 -39.53125 805.03125 563.71875 -475.90625 -187.0625 553.375 -482.78125 -222.84375 545.46875 -487.15625 -224.3125 540.15625 -474.5 -267.71875 524.375 -501.90625 -228.4375 519.96875 -492.53125 -270.53125 470.90625 -529.78125 -260.875 735.59375 77.8125 -83.46875 739.375 103.96875 -68.59375 339.84375 -530.34375 530.21875 280.25 -515.90625 577.0625 236.21875 -579.96875 529.625 731.71875 66.125 -111.3125 257.03125 -376.5625 676.28125 198.46875 -341.40625 703.90625 228.5625 -422.40625 657.4375 147.71875 -376.1875 691.59375 149.875 -317.71875 718.09375 218.125 -320.875 707.84375 -322.65625 413.59375 -582.875 563.8125 -507.28125 126.9375 584.03125 -476.8125 71.28125 589.0625 -466.625 73.6875 625.21875 369.125 -319.875 610.1875 401.8125 -310.5625 611.15625 400.9375 -306.125 603 426.9375 -286.3125 700 10.375 -306.75 700.90625 -41.34375 -305.03125 709.71875 -41 -267.1875 528.09375 512.84375 -318.0625 228.0625 721.21875 -194.625 245.84375 727.65625 -152.96875 279.75 705.34375 -197.46875 477.125 581.875 -258.125 359.0625 174.6875 -666.1875 375 225 -643.0625 442.5625 217.1875 -611.875 -530.03125 219.15625 595.4375 -496.5625 298.03125 574.75 -536.84375 272.46875 550.9375 31.5 -324.3125 -685.40625 -41.9375 -394.6875 -621.5 -569.21875 -225.9375 -472.375 -552.78125 -225.15625 -485.6875 -553.71875 -269.25 -461.1875 636.75 398.5625 172.15625 641.96875 394.53125 182.5 673.5625 361.5625 128.03125 677.25 357.1875 146.40625 696.15625 323.375 132.53125 -162.15625 746.21875 30.9375 -146.96875 741.21875 29.5625 -152.21875 737.03125 -35.59375 -141.3125 734.1875 -32.21875 -419.96875 549.28125 341.46875 -417.0625 541.9375 357.875 -358.59375 577.5625 346.78125 -351.84375 566.71875 371.71875 -180.28125 85.375 -756.78125 -123.3125 141.5625 -768 -436.59375 -571.46875 217.96875 -495.09375 -529.9375 206.4375 -741.25 52.03125 141.625 -746.21875 46.6875 137.375 -753.96875 92.65625 75.0625 -755.4375 134.71875 39 605.53125 423 255.34375 598.78125 428.3125 247.75 -681.03125 298.96875 40.78125 -664.625 332.1875 41.6875 -673.75 311.96875 33.5 -686.5 300 12.5625 -702.84375 274.71875 16.5625 -210.03125 419.96875 -630.125 -206.25 443.09375 -618.71875 -624.34375 403.5 -262.0625 -590.75 429.1875 -250.59375 582.53125 -268.09375 396.15625 -612.96875 -322.9375 260.1875 -599.75 -305 315.1875 141.4375 -95.5 776.40625 145.4375 -94.34375 775.09375 144.15625 -43.40625 774.21875 149.46875 -43.96875 775.6875 256.65625 -690.53125 -42.03125 262 -692.75 -1.5 249.125 -691.84375 -37.625 253.96875 -694 0.75 -580.875 405.53125 269.125 -600.34375 392.125 272.5 -630.0625 383.1875 207.3125 500.625 106.28125 -601.0625 514.375 62.15625 -591.46875 538.65625 15.5625 -578.53125 438.9375 532.875 -405.75 467.84375 518.375 -412.71875 482.34375 512.15625 -415.6875 119.0625 -190.78125 759.5 114.34375 -154.125 766.71875 -510.4375 -361.6875 418.46875 -442.90625 -393.75 491.1875 -529.9375 -282.6875 464.21875 -471.46875 -297.6875 545.71875 -41.96875 238.28125 795.59375 -105.0625 257.59375 783.34375 -163.71875 269.65625 768.875 -701.875 291.65625 -8.03125 -716.0625 285.1875 -28.125 -616.375 428.71875 -120.71875 -624.65625 419.21875 -126.375 -587.96875 455.96875 -170.625 -593.15625 448.46875 -176.59375 -547.4375 478.21875 -222.84375 -603.34375 440.375 -186.90625 128.78125 391.84375 -662.8125 166.4375 400.625 -642.5 213.46875 403.84375 -626.5625 -49.65625 607.875 -456 -83.5625 598.21875 -468.34375 -47.90625 600.4375 -458.25 -80.625 591.9375 -469.625 -77.625 588.9375 -472.75 -108.78125 579.25 -484.125 -105 577.1875 -485.90625 -129.3125 558.65625 -503 -155.96875 -673.125 -186.3125 -135.78125 -674.625 -170.125 -198.9375 -674.875 -153.59375 -176.375 -678.0625 -140.53125 -212.15625 -693.96875 -96.65625 -217.40625 717.1875 -93.71875 -245.84375 688.90625 -150.53125 -233.625 691.28125 -160.34375 -282.78125 659.75 -210.84375 134.53125 736.75 -158.4375 174.53125 734.125 -111.28125 169.84375 732.875 -107.5 209.09375 729.21875 -59.90625 202.90625 729.0625 -58.34375 226.65625 726.5 -8.15625 -116.09375 -703.1875 166.40625 -165.46875 -696.25 129.40625 -130.90625 -703.03125 172.09375 -184.5 -696.46875 134.5 -190.78125 -702.25 142.15625 -224.5625 -693.34375 87.53125 -590.78125 15.03125 523.90625 -590.75 -56.625 498.8125 -556.3125 -107.375 514.59375 -612.78125 -150.96875 439.6875 -467.25 -168.4375 616.125 -455.125 -267.625 591.03125 -117.03125 718.3125 168 -131.84375 718.6875 133.40625 -134.90625 730.6875 85.21875 -172.03125 80.03125 814.5625 -59.3125 76.40625 826.5 -406.15625 -487.21875 443.1875 -353.5625 -560.03125 392.90625 -358.28125 -531.25 -365.15625 -303.375 -560.78125 -347.34375 475.46875 461.34375 -508.28125 476.25 428.125 -531.40625 478.34375 385.125 -557.21875 623.1875 396.75 -168.78125 636.21875 374.15625 -137.40625 622.28125 400.125 -166.34375 635.1875 377.90625 -134.21875 643.75 365.34375 -98.09375 -696.84375 272 37.875 255.34375 87.21875 736.0625 269.8125 70.21875 721.09375 288.90625 43.375 710.84375 121.40625 395.34375 -642.75 160.59375 404.125 -629.375 157.71875 408.25 -626.84375 200.6875 423.5625 -615.03125 196.96875 426.96875 -613.34375 229.3125 451.6875 -586.59375 -745.5625 -44.6875 -243.71875 -754.71875 -56.53125 -202.9375 -754.625 -66.5 -207.59375 52.71875 -722.0625 232.875 52.28125 -717.53125 222 117.6875 -711.53125 248.1875 127.28125 -712.1875 221.5 -25.0625 421.34375 -622.8125 -67.90625 428.40625 -615.96875 -28.0625 417.71875 -625.96875 -71.34375 424.65625 -618.53125 -113.25 434.4375 -610 -117.53125 433.6875 -615.625 -154.03125 454.15625 -596.71875 500.53125 -137.78125 -565.71875 -539.5625 -161.09375 -498.8125 -555.125 -171.34375 -490.3125 -587.96875 -120.53125 -471.8125 557.5 420.15625 -372.5625 540.09375 446 -370.3125 507.75 -335.59375 -431.53125 515.71875 -367.0625 -410.125 515.46875 -362.84375 -403.90625 530.65625 -401.75 -369.9375 521.75 -361.71875 -398.4375 535.46875 -400.78125 -366.96875 -103.25 267.75 777.21875 -33.53125 255 783.25 -587.5 -423.78125 -192.21875 -620.71875 -402.0625 -144.6875 -651.53125 -362.3125 -112.8125 -536.1875 -381.125 -407.6875 -548.875 -326.9375 -433.5625 61.0625 -293.8125 720.625 -49.75 -347.09375 705.0625 -52.34375 -343.46875 704.6875 -674.9375 160.75 -391.75 -662.15625 210.40625 -375.53125 -644.625 249.28125 -353.3125 536.25 -441.25 -319.03125 541.625 -436.75 -316.625 545.5625 -470.3125 -267.53125 -735.34375 -114.0625 -164.65625 -736.71875 -119.3125 -173.28125 -719.9375 -163.09375 -139.8125 -720.71875 -167.65625 -149.59375 -698.53125 -226.6875 -124.59375 -576.4375 -423.40625 -261.75 -591.15625 -400.96875 -278.09375 -635.53125 -379.375 -217.53125 720.0625 -113.875 -115.28125 713.84375 -103.84375 -159.5 712.28125 -89.9375 -191.09375 -222 -484.8125 -484.9375 -244.6875 -474.6875 -491.1875 -216.53125 -464.34375 -510.65625 657.78125 372.03125 31.5625 667.53125 346.40625 59 656.71875 362.1875 23.625 657.71875 357.78125 17.03125 652.15625 368.3125 -17.625 652.59375 365.28125 -24.09375 649.40625 362.90625 -64.59375 -178.90625 -424.8125 -567.6875 -179.46875 -384.34375 -583.53125 -194.21875 -352.3125 -607.78125 -189.1875 -385.28125 -584 -204.9375 -355.21875 -606.0625 -226.53125 -322.71875 -624.875 -255 -300.0625 -634.25 -232.28125 -327.875 -621.8125 -261.15625 -306.75 -631.40625 -294.03125 -284.125 -654.5625 -329.375 -262.375 -654.3125 -300.375 -290.5 -641.96875 -338.59375 -280.09375 -638.40625 251.21875 -179.09375 709.3125 268.09375 -169.5 698.75 249.84375 -185.40625 705.375 266.625 -175.3125 694.75 409.03125 -439.0625 537.9375 430.125 -362.875 571.46875 349.03125 -168.625 -642.40625 360.59375 -93.09375 -654.25 -300.875 8.46875 -682.03125 -324.6875 -29.5625 -662.9375 -303.75 -87 -670 29.28125 727.40625 -187.875 29.125 727.40625 -194.78125 81 729.59375 -177.625 82.6875 730.53125 -184.0625 9.03125 404.34375 -646.3125 5.21875 403.5625 -653.0625 -26.59375 728.84375 -187.09375 -24.84375 727.6875 -180.5625 -267.5 -675.78125 180.875 -239.4375 -695.03125 141.53125 -85.65625 605.875 -466.0625 -51.375 616.34375 -452.84375 24.21875 581.21875 516.0625 -13.65625 601.53125 467.59375 -770.28125 91.4375 -5.34375 261.625 720.125 118.78125 268.34375 728.4375 50.15625 254.3125 727.6875 49.125 -70.375 -542.46875 -439.5625 -66.375 -584.46875 -380.125 454.5625 -619.4375 246.3125 365.25 -636.4375 347.4375 341.34375 -616.125 406.71875 502.6875 -362.34375 492.09375 -192.5625 -706.28125 154.75 -442.4375 -519.90625 -304.5625 -360.71875 327.0625 -588.9375 -653.09375 368.5 42.53125 -657.25 351.6875 43.75 32.65625 607.3125 -451.21875 32.625 611.75 -445.875 -7.9375 603.59375 -456.03125 -8.90625 607.8125 -450.9375 -9.0625 615.96875 -447.9375 475.65625 229.875 574.625 257.3125 532 -497.34375 239.21875 529.8125 -500.875 254.3125 503.8125 -524.625 255.3125 476.5 -553.40625 245.96875 504.6875 -525.5 247.5 478.375 -553.46875 -82.125 -724.875 235.90625 -168.71875 482.5625 -571.75 -167.84375 510.46875 -547.4375 -162.375 510.59375 -547.625 -154.0625 537 -523.34375 -149 535.75 -523.78125 -148.25 454.03125 -591.59375 -142.09375 456.6875 -590.21875 -766.5 73.65625 -128.53125 -767.0625 69.53125 -126.71875 -760.9375 29.15625 -162.25 -761.375 23.96875 -160.53125 96.03125 731.375 -216.8125 286.5625 -322.65625 676.28125 227.65625 625.4375 -395.875 240.75 609.9375 -401.90625 195.9375 607.90625 -438.0625 159.375 611.78125 -445.5625 -569.59375 234.40625 508.5 -8.0625 626.15625 -443.09375 48.15625 400.65625 -647.5625 48.15625 395.40625 -651.53125 83.375 397.4375 -647.5625 84.40625 392.25 -651.375 -229.8125 127.40625 -731.65625 -338.59375 622.46875 -271.5625 -343.40625 622.34375 -258.9375 -270.6875 125.59375 772.03125 34 620.4375 -442.375 73.28125 611.21875 -443.4375 71.46875 606.59375 -449.125 241.75 -697.71875 54.375 249.1875 -697.09375 55.6875 272.875 -696.75 48.625 -397 -105.375 697.53125 668.875 -9.1875 367 608.3125 428.5 -194.875 513.1875 -374.4375 -419.3125 -640.875 411.59375 -139.9375 -642.03125 417.15625 -190.96875 -660.78125 401.0625 -184.46875 258.90625 731.21875 -11.40625 -330.625 -312.9375 666.09375 557.375 -202.75 -472.625 217.8125 553.65625 -481.1875 210.96875 552.46875 -484.25 231.4375 530 -502.78125 676.4375 349.8125 171.40625 49.3125 -711.5 212.4375 -13.3125 -713.25 214.4375 -4.03125 -712.71875 207.03125 47.71875 393.65625 -658.25 11.1875 405.75 -639.8125 12.8125 410.34375 -636.25 598.78125 -459.90625 36.34375 -432.09375 -468.84375 -384.875 -386.21875 -482.4375 -393.09375 -547.625 -444.0625 -244.90625 -553.03125 -437.3125 -250.25 287.625 715.53125 -87.15625 -613.09375 48.8125 517.375 -580.0625 32.125 547.03125 -13.03125 -718.9375 221.71875 -72.75 -711.90625 197.46875 -62.3125 -710.6875 194.65625 700.09375 -210.71875 -22.40625 691.46875 -237.15625 1.9375 702.28125 -206.875 -11.0625 693.8125 -234.5 13.3125 -532.59375 10.0625 599.59375 -557.6875 322.5 462.90625 63 570.53125 547.59375 -237.46875 -697.6875 29.8125 -229.6875 -698.90625 28.15625 -237.875 -701.65625 -37.78125 -230.4375 -698.03125 -35.71875 603.96875 471.71875 -182.21875 -128.53125 25.3125 -774.0625 589.75 452.59375 232.59375 715.78125 0.25 -227.15625 731.875 62.78125 250.28125 -61.375 -522.96875 -485.59375 671.46875 229.4375 -301.9375 673 -102.8125 -361.15625 688.0625 -79.71875 -334 672.21875 -108.75 -359.78125 687.75 -90.53125 -332.125 625.9375 267.375 -388.8125 625 265.59375 -395.625 293.71875 533.21875 -484.5 -643.9375 321.71875 -303.65625 -641.125 323.9375 -304.5625 -651.6875 357.1875 -276.0625 -647.25 360.5625 -277.21875 -655.15625 391.46875 -237.625 -636.53125 405.5 -242.375 -697.71875 -223.375 -114.1875 -676.125 -297.5 -109.84375 453.375 539.0625 352.34375 -617.96875 433.40625 -203.125 707.78125 -184.625 -42.6875 705.5625 -190.28125 -53.53125 -542.59375 331.34375 495.15625 -720.21875 -128.71875 -314.4375 -331.15625 -163.28125 -654.9375 -361.15625 -224.40625 -644 -309.4375 -229 -667.46875 332.96875 -28.65625 698.90625 330.90625 -77.5 694.78125 -465.28125 55.875 674.375 329.90625 -607.96875 429.6875 452.3125 -262.96875 -540.78125 336.25 -345.84375 643.84375 -748.1875 -98.125 -195.3125 -752.6875 -76.59375 -212 505.15625 -472.46875 -361 -746.15625 -67.8125 -249.0625 -208.6875 712.65625 156.84375 -194 713.59375 162.21875 -229.46875 686.15625 217.4375 -216.34375 685.71875 225.34375 -247.46875 648.34375 280.3125 346.15625 -197.84375 -642.21875 592.375 -476.46875 -71.28125 232 -190.78125 720.03125 233.53125 -185.0625 723.375 -611.6875 134.125 487.40625 -619.5 137.65625 485.15625 344.21875 -334.84375 643.6875 -547.4375 -194 499.53125 -590.4375 -209.40625 424.21875 679.6875 313.96875 72.75 679.8125 317.21875 78 471.4375 -325.84375 551.4375 -415.5625 578.09375 -252.9375 -412.90625 570.46875 -263.40625 -351.6875 625.90625 -237.09375 -347.25 622.8125 -247.09375 -585.59375 -470 28.46875 -160.125 541.28125 -524.34375 -133.90625 560.375 -501.65625 234.75 448.53125 -587.59375 -318.75 -604.78125 -273.71875 -407.625 -519.71875 -347.90625 -580.875 -428.46875 -188 -546.75 -453.0625 -240.65625 -542.5625 -506.90625 173.59375 -729.1875 23.6875 213.59375 -719.0625 12.3125 289.03125 -722.96875 18.21875 290.6875 -372.28125 -612.03125 225.75 -547.3125 -491.28125 -161.09375 -337.71875 -623.0625 -214.4375 -551.34375 291.21875 528.46875 480.75 466.78125 413.75 491.875 420.28125 459.84375 474.34375 379.1875 522.28125 65.6875 715.65625 222.96875 68.90625 713.75 236.71875 179.3125 254.875 758.40625 0.0625 504.1875 644.4375 -30.09375 261.09375 783.59375 -555.15625 305.09375 495.28125 -512.96875 436.75 397.09375 -580.125 38.65625 554.21875 37.5625 256.25 765.09375 313.4375 599.78125 373.71875 601 475.25 -145.6875 311.875 650.84375 290.21875 623.09375 441.46875 159.65625 501.09375 514.65625 317.78125 280.59375 727.59375 50.84375 655.875 387.0625 38.03125 550.03125 461.21875 303.03125 351.6875 637.46875 263.28125 437.375 600.8125 211.125 -157.875 234.53125 796.25 -241.96875 194.3125 786.65625 434.59375 -369.90625 564.5 -156.8125 -393.375 661.21875 -364.4375 -19.59375 728.25 -447.78125 -258.9375 610.5625 -769.5625 64.28125 -121.75 -773.3125 101.90625 -83.21875 -770.5 108.6875 -91.21875 186.375 -714.125 173.40625 -407.5 -321.1875 602.09375 -371.3125 -219.5625 668.03125 62.71875 124 803.9375 -224.875 -693.875 -102.34375 322.96875 -76.28125 695.5625 213.15625 143.15625 757.21875 270.125 -664 362.28125 296.28125 -173.4375 686.375 313.875 -126.78125 690.78125 180.53125 -188.0625 747.21875 -771.1875 78.84375 -33.53125 -705.46875 -57 374.46875 -501.21875 -325.8125 -508.65625 -489.03125 -334.03125 -511.4375 -656.1875 -180.125 352.90625 -750.5 39.15625 134.84375 -685.34375 -83.78125 394.34375 -775.78125 93.5625 -77.40625 -720.53125 -161.3125 -131.21875 -610.3125 -216.375 390.6875 -573.78125 -397.03125 279.9375 319.6875 -681.46875 25.15625 -586.625 -420.75 222.84375 -579.96875 -413.375 255.3125 -553.625 342.46875 452.90625 -601.46875 -419.75 87.9375 -655.65625 -351.125 -58.8125 -747.03125 -86.65625 -222.21875 -665.40625 -335.21875 -156.71875 -569.78125 -397.3125 -319.78125 725.5 184.40625 -56.03125 724.53125 198.46875 3 726.40625 193.96875 7.5625 -681.1875 101.03125 -392.8125 -685.5625 106.71875 -389.8125 -713.0625 -184.0625 -248.4375 -607.34375 -345.125 -321.875 -640.0625 287.0625 -328.03125 -643.5 284.9375 -325.21875 -75.6875 -642.34375 -295.25 490.28125 -519.8125 -239.15625 390.90625 -638.90625 -96.0625 479.75 -611.4375 108.34375 349.90625 -678.34375 60.3125 277.15625 -699.25 155 -369.40625 -404.46875 552.1875 691.71875 -49.96875 -342.1875 438.75 -633.84375 -19.6875 512.8125 -548.4375 -77.875 699.15625 -78.6875 -299.84375 699.53125 -67.71875 -301.34375 393.28125 280.5625 -616.8125 556.8125 -509.75 -63.9375 40.34375 643.53125 393.1875 390.5625 554.78125 -387 -7.53125 -621.1875 -352.90625 -472.15625 443.65625 447.46875 233.4375 726.625 -8.25 198.34375 -583.625 -416.71875 546.3125 -495.96875 271.8125 -493.34375 -507.65625 268.375 475.40625 -501.90625 -334.40625 470.125 -296.0625 -500.21875 -100.6875 -481.25 -508.75 -152.15625 -284.34375 -677.28125 643.5625 329 -309.84375 643.125 330.8125 -303.71875 -182.34375 -308.875 -660.03125 -73.4375 58.4375 -786.125 521.0625 -422.78125 -394.25 462.75 -535.9375 -277.09375 -161.125 -460.1875 -540.84375 570.375 460.65625 -292.34375 -27.15625 115.75 -777.375 142.625 -519.125 -489.8125 289.375 -294.5 -632.78125 206.21875 368.8125 -666.78125 -36.4375 144.78125 -778.96875 259.75 250.09375 -693.65625 -43.15625 415.6875 -647.125 -293.84375 26.84375 -692.0625 -409.96875 270.46875 -584.71875 -158.59375 453.75 -602.9375 684.21875 90.25 -355.84375 664.90625 145.5 -356.21875 665.65625 144.75 -349.21875 45.84375 138.5625 -781.71875 125.03125 127.40625 -770.75 194.09375 343.71875 -685 -158.21875 -486.90625 611.34375 -179.03125 -537.09375 561.78125 117.15625 -714.09375 256.03125 174 -689.3125 314 -237.75 -698.3125 153.3125 380.34375 -380.96875 608.5625 -45.4375 -354.53125 706.90625 -146.34375 -408.15625 655.21875 -218.6875 -691.34375 247.5 194.96875 -486.78125 629.125 305.9375 -443.40625 614.6875 -10.15625 -597 526.6875 -91.25 -648.90625 423.28125 643.84375 -118.46875 -432.90625 646.34375 -93.46875 -445.21875 405.71875 -228.53125 -596.09375 360.59375 -23.625 706.6875 543.25 -241.78125 -454.75 348.5 -80.75 699.125 437.5 200.21875 634.71875 743.0625 112.90625 213.90625 310.90625 81.15625 720.5 520.46875 -298.09375 496.3125 551.15625 -227.71875 492.21875 276.625 -196.96875 693.5 491.53125 279.5625 524 605.9375 -428.84375 -74.71875 613.4375 -419.6875 -41.4375 611.75 -422.15625 -34.15625 558.78125 445.53125 316.125 736.09375 143.03125 127.8125 707.15625 22.1875 307.5625 465.9375 -193.84375 597.15625 501.84375 -242.1875 554.0625 709.59375 247.0625 225.09375 -265.4375 445.25 -586.0625 80.875 651.59375 -422.9375 146.28125 722.53125 -260.4375 195.4375 700.75 -281.46875 -623.09375 312.3125 -350.8125 -478.125 513.9375 -301.28125 -544.71875 469.4375 -271.5625 -508.78125 288.78125 -492.5 -296.75 608.03125 319.375 -307.0625 612.90625 304.875 -219.15625 484.65625 -570.75 -133 736.625 -168.25 -53.71875 625 -448.84375 191.59375 621.0625 -433.125 40.0625 731.28125 -237.53125 -607.375 356.78125 -333.3125 -411.53125 566.53125 -275.5 -482.375 518.6875 -253.34375 -480.65625 526.4375 -244.03125 481.875 333.3125 -580.15625 -109.125 438.0625 -607.84375 -204.34375 -694 83.96875 -112.59375 584.53125 -483.53125 -430.53125 -563.125 242.65625 183.59375 571.9375 -469.40625 -150.03125 487.53125 598.03125 644.15625 360.28125 -102.40625 -564.375 255.03125 -436.84375 117.75 718.15625 214.9375 -574.875 271.15625 491.03125 653.5 377.375 -11.0625 -139.03125 728.15625 -87.1875 -83.90625 733.1875 -178.59375 -134.9375 738.4375 28.09375 -184.09375 -251.25 -691.125 256.8125 -668.09375 -163 525.21875 471.6875 -372.1875 666.4375 286.71875 -276.25 -162.09375 483.75 -571.1875 -222.9375 55.03125 -741.125 651.90625 192.4375 -364.34375 -246.40625 -550.9375 -381.5 662.625 -77.625 -421.28125 -273.40625 -267.125 -678.5 -181.375 -45.90625 -753.21875 -364.75 583.5625 330.96875 532.15625 -272.375 -440.6875 286.5625 -691.09375 -7.3125 210.78125 -62.8125 -760.40625 136.5 672.9375 -366.96875 562.59375 -26.46875 -561.1875 87.34375 389.40625 -678.0625 -411.65625 -234.9375 -611.1875 24.21875 -564.5 -457.125 -426.84375 -461.21875 -403.875 -656.125 -358.59375 -121.8125 -561.1875 273.4375 503.6875 -93.6875 494.15625 629.8125 380.875 536.6875 448.59375 244.8125 271.4375 727.5625 408.65625 659.5625 -12.09375 224.875 737.71875 -136.46875 388.0625 573.0625 364.28125 649.8125 366.34375 -58.75 -636.28125 367.65625 -286.25 -512.5625 357.375 511.65625 -394.53125 34.6875 721.0625 286.4375 204.875 720.96875 605.125 -458.53125 -54 530.4375 -371.59375 447.5625 18.375 222.96875 786.53125 119.59375 -219.90625 756.78125 -290.125 -378.28125 645.40625 308.71875 502.5 -511.28125 419.3125 521.75 -460.4375 -148.46875 733.25 92.40625 -470.09375 -446.84375 -390.6875 -448.4375 -212.5625 -575 -459.75 -526.8125 -257.875 642.4375 252.40625 -364.4375 722.90625 45.8125 -172.71875 708.34375 -194.75 9.59375 538.53125 447.15625 -365.03125 -562.4375 298.3125 478.375 -583.84375 187.3125 502.875 571.3125 -159.0625 -499.25 620.59375 345.21875 -370.0625 659.09375 -293.375 119.25 575 -493 50.8125 155.34375 8.875 776.28125 307.21875 5.40625 703.71875 150 -92.5625 776.8125 648.21875 386.875 197.09375 154.34375 -131.90625 767.65625 249.3125 -189 704.75 -157.90625 201.09375 808.21875 -570.0625 -269.34375 391.84375 250.875 -285.125 706.53125 335.1875 121.96875 719.75 -374.28125 -256.03125 -634.6875 334.1875 -204.8125 684.1875 -569.59375 -178.46875 -485.3125 -748.0625 -82.5 -183.71875 289.84375 49.96875 710.65625 -431.625 315.5 603.15625 287.59375 170.03125 717.5625 -668.1875 324.71875 13 467.0625 384.8125 -559.875 524.8125 1.78125 -581.625 -766.75 90.03125 20.25 -744.6875 -13.21875 180.78125 -742.84375 -101.1875 -124 -671.9375 32.53125 423.3125 -711.40625 -70.59375 -350.65625 -614.40625 203.1875 -419.46875 699.71875 -107.0625 209.03125 -701.8125 -137.5 272.0625 729.34375 -106.65625 -56.34375 216.625 547.03125 526.15625 -194.28125 513.59375 537.625 -121.21875 677.0625 301.34375 -261.03125 651.125 268.96875 -291.1875 659.6875 -200 -653.90625 383.6875 -45.9375 -662.46875 364.3125 -45.09375 -640.8125 404.875 -80.59375 -624.65625 419.21875 -126.375 -647.8125 390.1875 -81.84375 -543.1875 487.1875 -215.6875 -528.15625 468 301.3125 -594.90625 421.0625 196.46875 -643.40625 380.28125 83.25 -704.5625 20.40625 359.34375 -652.4375 84.90625 463.90625 -648.25 81.96875 465.34375 -749.71875 103.09375 102.5625 -735.3125 34.09375 220.15625 -730.28125 28.03125 216.21875 -728.0625 202.90625 61.125 -723.28125 203.375 54.8125 -580.8125 390.96875 332.53125 -711.15625 317.25 -68.65625 -729.03125 275.9375 -54.75 -679.21875 378 -132.59375 -670.8125 390.875 -182.84375 -666.375 391.25 -132.25 -724.46875 279.5 -44.375 -743.8125 232.3125 -50.28125 -743.09375 230.4375 -40.5625 -757.65625 -7.53125 -200.375 -766.5 73.65625 -128.53125 -767.0625 69.53125 -126.71875 -466.90625 -313.875 -537.59375 119.5 400.09375 -639.4375 -503.75 -358.75 -482.84375 -46 596.46875 -463.09375 270.96875 589.71875 -416.65625 206.96875 719.96875 168.21875 -87.65625 717.28125 192.40625 129.4375 736.53125 -150.5 308.15625 -151.25 -674.84375 -699.15625 55.375 -371.46875 -730.21875 -17.65625 -291.78125 -647.96875 249.09375 -348.625 -674.9375 160.75 -391.75 -670.8125 156.21875 -396.15625 212.65625 -700.5625 109.40625 -89.53125 -680.5 -187.03125 668.34375 341.28125 51.625 720.5 222.3125 50.09375 234.59375 97.5 748.90625 212.5 -182.25 737.5625 285.6875 -149.46875 692.4375 708.15625 -173.15625 -85.6875 654.90625 -128.875 -383.59375 616.40625 290.875 -397.4375 682.21875 -269.5 17.03125 625.28125 369.5625 -313.375 475.125 485.71875 -486.40625 -277.09375 -481.09375 -472.1875 -643.9375 321.71875 -303.65625 -662.5625 385 -236.125 492.3125 146.71875 -603.65625 630.1875 -100.90625 -472.9375 624.5625 -400.625 -12.5625 -630.0625 383.1875 207.3125 -743.8125 232.3125 -50.28125</float_array>
                    <technique_common>
                        <accessor count="3405" source="#pointarray0" stride="3">
                            <param name="X" type="float"/>
                            <param name="Y" type="float"/>
                            <param name="Z" type="float"/>
                        </accessor>
                    </technique_common>
                </source>
                <source id="uvs0">
                    <float_array id="uvarray0" count="7548">-12.361328125 -4.5927734375 -12.443359375 -4.4931640625 -12.3212890625 -4.5078125 -12.3818359375 -4.3583984375 -12.2978515625 -4.212890625 -12.482421875 -4.26171875 -12.3486328125 -3.9892578125 -12.6826171875 -4.228515625 -12.3916015625 -3.9287109375 -12.703125 -4.1982421875 -12.71875 -4.18359375 -13.021484375 -4.4208984375 -13.033203125 -4.400390625 -13.263671875 -4.5537109375 -13.0419921875 -4.3779296875 -13.265625 -4.52734375 -13.3095703125 -4.4501953125 -13.451171875 -4.556640625 -13.44921875 -4.4697265625 -13.5869140625 -4.345703125 -13.4384765625 -4.279296875 -13.244140625 -4.16796875 -13.5546875 -4.0517578125 -13.3759765625 -4.03125 -13.3095703125 -3.8720703125 -13.041015625 -3.9951171875 -12.822265625 -4.1171875 -12.8701171875 -3.81640625 -12.5166015625 -3.865234375 -12.5341796875 -3.6416015625 -12.2470703125 -3.59375 -12.3203125 -3.4921875 -12.1572265625 -3.3330078125 -12.40234375 -3.3681640625 -12.240234375 -3.2666015625 -12.328125 -3.1865234375 -12.16015625 -3.2236328125 -12.25390625 -3.1474609375 -12.2236328125 -3.1318359375 -12.37109375 -3.1064453125 -12.345703125 -3.0869140625 -12.5107421875 -3.1396484375 -12.3330078125 -3.068359375 -12.5048828125 -3.1201171875 -12.5087890625 -3.0615234375 -12.7080078125 -3.1953125 -12.720703125 -3.126953125 -12.9638671875 -3.15234375 -12.759765625 -2.951171875 -13.0400390625 -2.986328125 -13.0966796875 -2.7802734375 -13.2685546875 -3.01953125 -13.4228515625 -2.802734375 -13.5244140625 -2.875 -13.6494140625 -2.6396484375 -13.7041015625 -2.7255859375 -13.8984375 -2.6376953125 -13.7080078125 -2.7509765625 -13.8935546875 -2.666015625 -13.87890625 -2.697265625 -14.099609375 -2.693359375 -14.07421875 -2.72265625 -14.17578125 -2.8642578125 -14.0078125 -2.8017578125 -14.0830078125 -2.9130859375 -14.0068359375 -3.0947265625 -14.07421875 -3.1240234375 -14.1015625 -3.1103515625 -13.923828125 -3.435546875 -13.9462890625 -3.4306640625 -13.8837890625 -3.76953125 -13.96484375 -3.4306640625 -13.9033203125 -3.7724609375 -13.921875 -3.7763671875 -13.8369140625 -4.1162109375 -13.85546875 -4.1220703125 -13.6865234375 -4.4345703125 0.0634765625 7.6767578125 0.1767578125 7.7607421875 0.1845703125 7.72265625 0.2998046875 7.9189453125 0.3193359375 7.9052734375 0.46484375 8.095703125 0.333984375 7.8935546875 0.482421875 8.0791015625 0.5029296875 8.060546875 0.60546875 8.201171875 0.625 8.177734375 0.7314453125 8.22265625 0.6396484375 8.1015625 0.744140625 8.1416015625 0.7568359375 7.9443359375 0.853515625 8.1103515625 0.8671875 7.9326171875 0.982421875 7.9091796875 0.88671875 7.708984375 1.00390625 7.72265625 1.0341796875 7.53515625 1.1240234375 7.74609375 1.1513671875 7.5888671875 1.244140625 7.630859375 1.177734375 7.4658203125 1.240234375 7.53515625 1.27734375 7.5185546875 1.2861328125 7.642578125 1.26171875 7.77734375 1.3076171875 7.638671875 1.2822265625 7.7802734375 1.3017578125 7.7822265625 1.2646484375 7.921875 1.2841796875 7.9296875 1.2353515625 8.052734375 1.3017578125 7.9345703125 1.2861328125 8.09375 -1.7373046875 3.12890625 -1.876953125 3.2783203125 -1.7861328125 3.2783203125 -1.8125 3.400390625 -1.771484375 3.396484375 -1.7041015625 3.5 -1.7294921875 3.3935546875 -1.6650390625 3.48828125 -1.625 3.4765625 -1.591796875 3.5654296875 -1.556640625 3.5478515625 -1.466796875 3.611328125 -1.5107421875 3.5166015625 -1.427734375 3.5654296875 -1.37109375 3.4716796875 -1.3193359375 3.6259765625 -1.3046875 3.53515625 -1.224609375 3.4921875 -1.2939453125 3.3125 -1.45703125 3.3828125 -1.416015625 3.197265625 -1.5185546875 3.294921875 -1.58984375 3.21875 -1.6220703125 3.3642578125 -1.646484375 3.2919921875 -1.703125 3.291015625 -1.63671875 3.181640625 -1.5283203125 3.06640625 -1.671875 3.1650390625 -1.5537109375 3.0390625 -1.578125 3.01171875 -1.435546875 2.9140625 -1.45703125 2.8828125 -1.32421875 2.7919921875 -1.478515625 2.8505859375 -1.3583984375 2.7216796875 3.2255859375 1.1396484375 3.162109375 1.0732421875 3.1494140625 1.1015625 3.0927734375 1.025390625 3.0791015625 1.0556640625 3.00390625 1.0322265625 3.064453125 1.08984375 2.990234375 1.06640625 2.9794921875 1.09375 2.9091796875 1.0673828125 2.8994140625 1.0927734375 2.818359375 1.0966796875 2.9072265625 1.1669921875 2.8330078125 1.169921875 2.8837890625 1.3505859375 2.7509765625 1.1640625 2.7890625 1.3564453125 2.6728515625 1.3759765625 2.84375 1.580078125 2.70703125 1.609375 2.755859375 1.8017578125 2.5830078125 1.6396484375 2.6220703125 1.8330078125 2.4951171875 1.8515625 2.65625 1.97265625 2.5234375 1.98828125 2.5302734375 2.0458984375 2.3955078125 1.9775390625 2.400390625 2.029296875 2.2900390625 1.97265625 2.388671875 2.0517578125 2.271484375 1.9921875 2.25 2.013671875 2.1875 1.880859375 2.1611328125 1.896484375 2.111328125 1.74609375 2.134765625 1.90625 2.0830078125 1.7509765625 1.3916015625 9.1572265625 1.505859375 9.146484375 1.4912109375 8.9033203125 1.6044921875 8.916015625 1.7861328125 8.7734375 1.6240234375 8.94140625 1.796875 8.8076171875 1.80859375 8.8427734375 2.0185546875 8.7890625 2.0224609375 8.8271484375 2.267578125 8.8564453125 2.0263671875 8.935546875 2.267578125 8.96484375 2.263671875 9.228515625 2.537109375 8.9541015625 2.5634765625 9.1748046875 2.869140625 9.06640625 2.583984375 9.4140625 2.9462890625 9.3134765625 2.7373046875 9.560546875 3.1162109375 9.498046875 2.875 9.6435546875 2.962890625 9.7587890625 2.6982421875 9.7724609375 2.8115234375 9.8388671875 2.7490234375 9.876953125 2.8896484375 9.9189453125 2.8544921875 9.9521484375 2.951171875 9.9765625 2.841796875 9.974609375 2.9501953125 10.001953125 2.94921875 10.02734375 3.0888671875 9.9013671875 3.0947265625 9.9228515625 3.2744140625 9.7744140625 3.1015625 9.939453125 3.28125 9.791015625 0.1220703125 7.388671875 0.158203125 7.2275390625 0 7.359375 0.005859375 7.171875 -0.146484375 7.3056640625 -0.10546875 7.0888671875 -0.2314453125 7.19140625 -0.1923828125 6.982421875 -0.267578125 6.9453125 -0.2568359375 6.80859375 -0.28125 6.830078125 -0.357421875 6.7861328125 -0.3466796875 6.9365234375 -0.3330078125 7.150390625 -0.4501953125 6.9521484375 -0.4755859375 7.2197265625 -0.564453125 7.01171875 -0.6982421875 7.04296875 -0.63671875 6.8212890625 -0.7802734375 6.8603515625 -0.8447265625 6.7255859375 -0.9013671875 6.8974609375 -0.970703125 6.78125 -1.0498046875 6.8203125 -1.00390625 6.7353515625 -1.08203125 6.783203125 -1.0986328125 6.7734375 -1.1015625 6.8369140625 -1.1181640625 6.83203125 -1.0732421875 6.9326171875 -1.1337890625 6.826171875 -1.0859375 6.9306640625 -1.0986328125 6.931640625 -1.015625 7.046875 -1.0263671875 7.048828125 -0.984375 7.146484375 -0.7822265625 0.3544921875 -0.798828125 0.51171875 -0.72265625 0.3671875 -0.76953125 0.51953125 -0.73828125 0.53125 -0.802734375 0.650390625 -0.7783203125 0.6630859375 -0.837890625 0.791015625 -0.7490234375 0.6748046875 -0.8134765625 0.8046875 -0.7373046875 0.8232421875 -0.8876953125 0.9228515625 -0.8310546875 0.9609375 -0.9150390625 1.06640625 -0.705078125 1.0439453125 -0.8154296875 1.177734375 -0.71875 1.318359375 -0.9228515625 1.294921875 -0.8251953125 1.447265625 -0.9619140625 1.58984375 -0.7490234375 1.57421875 -0.8837890625 1.7548828125 -0.673828125 1.6904296875 -0.68359375 1.7880859375 -0.515625 1.7138671875 -0.5224609375 1.8046875 -0.4072265625 1.7802734375 -0.509765625 1.8515625 -0.3857421875 1.828125 -0.3525390625 1.8779296875 -0.3056640625 1.66796875 -0.26953125 1.7060546875 -0.181640625 1.466796875 -0.2236328125 1.7392578125 -0.140625 1.4931640625 -0.90625 8.0595703125 -1.0869140625 8.0048828125 -1.09765625 8.0859375 -1.26953125 7.9541015625 -1.26953125 8.029296875 -1.423828125 8.0048828125 -1.2685546875 8.05078125 -1.4169921875 8.02734375 -1.41015625 8.05078125 -1.5400390625 8.0869140625 -1.5283203125 8.107421875 -1.638671875 8.197265625 -1.4775390625 8.154296875 -1.5849609375 8.2529296875 -1.451171875 8.3896484375 -1.7138671875 8.3310546875 -1.6083984375 8.462890625 -1.751953125 8.49609375 -1.5224609375 8.6064453125 -1.681640625 8.6279296875 -1.654296875 8.7294921875 -1.7470703125 8.6376953125 -1.7060546875 8.7431640625 -1.724609375 8.748046875 -1.6845703125 8.83203125 -1.705078125 8.837890625 -1.701171875 8.923828125 -1.7255859375 8.84375 -1.72265625 8.931640625 -1.74609375 8.9384765625 -1.681640625 9.021484375 -1.7294921875 9.041015625 -1.58203125 9.1435546875 1.8212890625 6.814453125 2.0283203125 6.7548828125 1.9697265625 6.728515625 2.0419921875 6.65234375 2.0185546875 6.64453125 2.02734375 6.5537109375 1.9912109375 6.6328125 1.9990234375 6.544921875 1.9619140625 6.53515625 2.025390625 6.458984375 1.986328125 6.4501953125 1.9990234375 6.3505859375 1.9140625 6.435546875 1.9130859375 6.3427734375 1.7412109375 6.3310546875 1.89453125 6.21875 1.7421875 6.197265625 1.7646484375 6.0712890625 1.5576171875 6.1455078125 1.61328125 6.0078125 1.4462890625 5.931640625 1.6435546875 5.943359375 1.4814453125 5.876953125 1.498046875 5.8564453125 1.3310546875 5.7919921875 1.3525390625 5.7763671875 1.25 5.6513671875 1.3681640625 5.763671875 1.2705078125 5.6396484375 1.33984375 5.6279296875 1.197265625 5.4921875 1.2724609375 5.4658203125 1.1884765625 5.310546875 1.7958984375 2.7783203125 1.837890625 2.708984375 1.8056640625 2.6884765625 1.8876953125 2.6396484375 1.853515625 2.6240234375 1.828125 2.55078125 1.818359375 2.6171875 1.79296875 2.5546875 1.7587890625 2.560546875 1.6123046875 2.4609375 1.587890625 2.4755859375 1.3583984375 2.36328125 1.58203125 2.501953125 1.337890625 2.4365234375 1.544921875 2.5771484375 1.349609375 2.623046875 1.517578125 2.673828125 1.513671875 2.8291015625 1.646484375 2.7333984375 1.626953125 2.853515625 1.681640625 2.861328125 1.6220703125 3.025390625 1.67578125 3.0283203125 1.697265625 3.2119140625 1.7021484375 3.033203125 1.72265625 3.220703125 1.7470703125 3.2216796875 1.78515625 3.388671875 1.814453125 3.3935546875 1.857421875 3.5390625 1.837890625 3.3818359375 1.94140625 3.5625 -0.5341796875 4.666015625 -0.6669921875 4.7138671875 -0.55859375 4.7392578125 -0.666015625 4.74609375 -0.673828125 4.78125 -0.7744140625 4.7841796875 -0.7744140625 4.8125 -0.8642578125 4.8623046875 -0.775390625 4.8408203125 -0.8623046875 4.884765625 -0.8564453125 4.9501953125 -0.9697265625 4.93359375 -0.95703125 5.0068359375 -1.1171875 5.0390625 -0.9267578125 5.1845703125 -1.1044921875 5.2109375 -1.1318359375 5.4248046875 -1.27734375 5.205078125 -1.3203125 5.3984375 -1.3916015625 5.3857421875 -1.404296875 5.572265625 -1.466796875 5.5537109375 -1.5400390625 5.6923828125 -1.4833984375 5.55078125 -1.556640625 5.6884765625 -1.576171875 5.681640625 -1.595703125 5.7919921875 -1.6162109375 5.78515625 -1.615234375 5.888671875 -1.63671875 5.7744140625 -1.66796875 5.8720703125 -1.5810546875 5.7958984375 -1.544921875 5.822265625 -1.5810546875 5.890625 -1.55078125 5.892578125 -1.5048828125 5.96875 -1.4599609375 5.8974609375 -1.37890625 5.783203125 -1.359375 6 -1.2099609375 5.896484375 -1.17578125 6.0673828125 -0.9619140625 5.9677734375 -1.0224609375 6.0625 -0.8876953125 6.0751953125 -1.0615234375 6.15234375 -0.9794921875 6.1328125 -0.9892578125 6.158203125 -0.841796875 6.087890625 -0.65625 6.015625 -0.83984375 6.1015625 -0.6484375 6.025390625 -0.640625 6.0380859375 -0.439453125 5.9814453125 -0.4306640625 5.994140625 -0.25390625 5.953125 -0.4228515625 6.0107421875 -0.2021484375 5.98828125 1.2919921875 6.8310546875 1.302734375 6.798828125 1.1767578125 6.7412109375 1.1953125 6.7138671875 1.1025390625 6.5888671875 1.2490234375 6.67578125 1.1591796875 6.546875 1.2861328125 6.4658203125 1.0546875 6.40625 1.16015625 6.3125 0.994140625 6.15625 1.2802734375 6.1884765625 1.087890625 6.03125 1.1953125 5.9169921875 0.8623046875 5.8603515625 1.0087890625 5.76171875 0.87109375 5.59375 1.1552734375 5.6962890625 1.0576171875 5.5478515625 1.142578125 5.5205078125 1 5.4091796875 1.076171875 5.38671875 0.9951171875 5.2841796875 1.10546875 5.365234375 1.0185546875 5.255859375 1.03515625 5.2333984375 0.88671875 5.201171875 0.896484375 5.177734375 0.7373046875 5.146484375 0.9033203125 5.1591796875 0.7470703125 5.1025390625 -0.705078125 0.544921875 -0.6533203125 0.40234375 -0.6298828125 0.5595703125 -0.5654296875 0.4306640625 -0.3681640625 0.4736328125 -0.482421875 0.2587890625 -0.2841796875 0.27734375 -0.2314453125 0.0859375 -0.0458984375 0.2998046875 0.0478515625 0.05859375 0.2734375 0.2265625 0.3076171875 0.0322265625 0.529296875 0.2099609375 0.5185546875 0.068359375 0.6689453125 0.08984375 0.5263671875 0.0029296875 0.6875 0.0283203125 0.7119140625 0.001953125 0.7841796875 0.0771484375 0.8154296875 0.0517578125 0.853515625 0.1630859375 0.8466796875 0.0341796875 0.8857421875 0.1533203125 0.91796875 0.1484375 0.8935546875 0.3037109375 0.92578125 0.3037109375 0.9443359375 0.4580078125 -1.4140625 2.9453125 -1.2890625 2.8583984375 -1.3896484375 2.9970703125 -1.2734375 2.9306640625 -1.2607421875 3.08203125 -1.134765625 2.9189453125 -1.1240234375 3.076171875 -0.9853515625 3.05078125 -1.12109375 3.26171875 -0.9482421875 3.2578125 -1.072265625 3.4921875 -0.947265625 3.53515625 -1.06640625 3.7431640625 -0.94140625 3.7578125 -0.962890625 3.8583984375 -0.8134765625 3.763671875 -0.8232421875 3.837890625 -0.6962890625 3.7822265625 -0.810546875 3.873046875 -0.67578125 3.814453125 -0.6552734375 3.84765625 -0.5888671875 3.748046875 -0.5625 3.77734375 -0.4873046875 3.703125 -0.537109375 3.806640625 -0.466796875 3.7265625 -2.6474609375 3.1240234375 -2.8115234375 3.1201171875 -2.6181640625 3.169921875 -2.8095703125 3.2099609375 -2.55078125 3.4033203125 -2.8154296875 3.5458984375 -2.5966796875 3.6123046875 -2.63671875 3.8642578125 -2.400390625 3.740234375 -2.486328125 3.87890625 -2.4326171875 4.0322265625 -2.6474609375 4.125 -2.87109375 4.1591796875 -2.603515625 4.3583984375 -2.87890625 4.48046875 -2.6279296875 4.6396484375 -2.931640625 4.5595703125 -2.6787109375 4.69140625 -2.6806640625 4.7138671875 -2.4482421875 4.736328125 -2.4404296875 4.7607421875 -2.2919921875 4.677734375 -2.4326171875 4.7890625 -2.279296875 4.7001953125 -2.267578125 4.7197265625 -2.158203125 4.5810546875 -2.1455078125 4.59765625 -1.98046875 4.54296875 -3.1201171875 2.947265625 -3.1240234375 2.97265625 -2.9677734375 3.01953125 -2.9697265625 3.04296875 -2.8095703125 3.0830078125 -2.97265625 3.0634765625 -2.8095703125 3.103515625 -2.6455078125 3.10546875 -2.4990234375 3.1689453125 -2.5087890625 3.2138671875 -2.4150390625 3.328125 -2.31640625 3.5634765625 -2.248046875 3.5546875 -2.1337890625 3.798828125 -2.0830078125 3.7548828125 -1.94140625 3.96484375 -2.0673828125 3.744140625 -1.9208984375 3.953125 -1.896484375 3.9423828125 -1.857421875 4.203125 -1.830078125 4.2041015625 -1.861328125 4.4326171875 -1.8076171875 4.203125 -1.7880859375 4.4814453125 0.8828125 3.3291015625 0.91015625 3.326171875 0.802734375 3.1376953125 0.884765625 3.1171875 0.708984375 2.9453125 0.9755859375 2.9248046875 0.8271484375 2.8232421875 0.986328125 2.6953125 0.7197265625 2.6884765625 0.904296875 2.564453125 0.8271484375 2.43359375 1.0966796875 2.4794921875 0.9921875 2.341796875 1.115234375 2.2646484375 0.8974609375 2.234375 0.9990234375 2.1962890625 0.9873046875 2.1259765625 1.1572265625 2.2177734375 1.16015625 2.185546875 1.3720703125 2.33984375 1.384765625 2.322265625 1.6376953125 2.4501953125 1.65625 2.439453125 1.9365234375 2.5517578125 -0.84765625 9.6103515625 -0.7587890625 9.7578125 -0.83203125 9.599609375 -0.744140625 9.7431640625 -0.6884765625 9.716796875 -0.6357421875 9.8447265625 -0.6142578125 9.80078125 -0.501953125 9.810546875 -0.55078125 9.6689453125 -0.6328125 9.49609375 -0.369140625 9.619140625 -0.40625 9.3466796875 -0.1494140625 9.384765625 -0.150390625 9.1015625 -0.03515625 9.14453125 0.0869140625 8.9404296875 0.0888671875 9.1494140625 0.1328125 8.9951171875 0.185546875 8.935546875 0.1435546875 8.8564453125 0.0556640625 8.8251953125 0.166015625 8.8310546875 0.07421875 8.8017578125 0.091796875 8.779296875 -0.0263671875 8.7392578125 -0.0107421875 8.720703125 0.7734375 7.697265625 0.666015625 7.681640625 0.802734375 7.4560546875 0.69140625 7.4482421875 0.7138671875 7.263671875 0.568359375 7.44921875 0.5771484375 7.248046875 0.431640625 7.2685546875 0.4443359375 7.1640625 0.306640625 7.1650390625 0.3095703125 7.1279296875 0.1689453125 7.126953125 0.3056640625 7.10546875 0.1533203125 7.1083984375 0.1494140625 7.0927734375 0.015625 7.107421875 0.0146484375 7.0947265625 -0.0849609375 7.0390625 0.0166015625 7.080078125 -0.0810546875 7.0283203125 -0.0751953125 7.0166015625 -0.16015625 6.9267578125 -0.1513671875 6.91796875 -0.220703125 6.7666015625 -1.099609375 8.1044921875 -1.1015625 8.1240234375 -0.9140625 8.134765625 -0.916015625 8.15234375 -0.7099609375 8.177734375 -0.919921875 8.212890625 -0.70703125 8.2275390625 -0.693359375 8.345703125 -0.48828125 8.25390625 -0.478515625 8.3486328125 -0.3193359375 8.3564453125 -0.451171875 8.478515625 -0.3037109375 8.46484375 -0.26171875 8.583984375 -0.2431640625 8.4560546875 -0.203125 8.564453125 -0.1845703125 8.556640625 -0.1357421875 8.6689453125 -0.119140625 8.654296875 -0.103515625 8.640625 0.00390625 8.701171875 0.107421875 8.7568359375 0.2060546875 8.7841796875 0.8720703125 5.2294921875 0.85546875 5.2939453125 0.7265625 5.1962890625 0.6962890625 5.26171875 0.560546875 5.1953125 0.57421875 5.3212890625 0.5048828125 5.2626953125 0.44140625 5.3251953125 0.419921875 5.236328125 0.3798828125 5.2939453125 0.3291015625 5.2734375 0.3525390625 5.3173828125 0.3046875 5.2880859375 0.28515625 5.2939453125 0.29296875 5.2548828125 0.2734375 5.25390625 0.3330078125 5.1787109375 0.255859375 5.25 0.3212890625 5.1650390625 0.3134765625 5.1533203125 0.4384765625 5.1005859375 0.43359375 5.0849609375 0.5771484375 5.08984375 -0.681640625 4.8173828125 -0.6982421875 4.896484375 -0.58984375 4.8193359375 -0.6240234375 4.9140625 -0.55078125 4.9296875 -0.6953125 5.1162109375 -0.619140625 5.162109375 -0.802734375 5.4306640625 -0.5498046875 5.259765625 -0.4462890625 5.5029296875 -0.3876953125 5.3447265625 -0.208984375 5.40234375 -0.3173828125 5.2197265625 -0.2265625 5.302734375 -0.1845703125 5.291015625 -0.1376953125 5.4189453125 -0.1220703125 5.5478515625 -0.1162109375 5.4130859375 -0.1025390625 5.5498046875 -0.083984375 5.5517578125 -0.111328125 5.6845703125 -0.0947265625 5.689453125 -0.1240234375 5.806640625 -0.0029296875 5.7197265625 -0.0517578125 5.8369140625 3.0654296875 4.9375 3.0693359375 4.876953125 2.9609375 4.943359375 2.9716796875 4.8818359375 2.861328125 4.818359375 3.01171875 4.80859375 2.9130859375 4.7431640625 3.04296875 4.619140625 2.775390625 4.6171875 2.9326171875 4.4833984375 2.802734375 4.3271484375 3.14453125 4.3486328125 3.0498046875 4.1240234375 3.359375 4.0771484375 3.154296875 3.8037109375 3.3359375 3.873046875 3.458984375 3.7529296875 3.60546875 3.986328125 3.583984375 4.2275390625 3.68359375 4.005859375 3.6630859375 4.2197265625 3.6865234375 4.228515625 3.6357421875 4.396484375 3.66015625 4.4130859375 3.6591796875 4.5478515625 2.98046875 1.16796875 2.99609375 1.345703125 3.0546875 1.1845703125 3.072265625 1.349609375 3.1572265625 1.359375 3.1005859375 1.5498046875 3.1943359375 1.5341796875 3.2353515625 1.6982421875 3.2763671875 1.529296875 3.328125 1.6904296875 3.4091796875 1.6796875 3.3466796875 1.8447265625 3.4580078125 1.8486328125 3.3720703125 2.0107421875 3.4912109375 1.8779296875 3.404296875 2.03125 3.4150390625 2.0458984375 3.2978515625 2.1181640625 3.2998046875 2.138671875 3.1796875 2.12890625 3.302734375 2.162109375 3.1767578125 2.1513671875 3.171875 2.177734375 3.0537109375 2.0966796875 3.0498046875 2.12109375 2.9345703125 2.083984375 -12.466796875 2.96875 -12.5048828125 2.9140625 -12.6513671875 3.1142578125 -12.7041015625 3.068359375 -12.85546875 3.234375 -12.8388671875 3.00390625 -12.9794921875 3.185546875 -13.216796875 3.103515625 -13.0439453125 3.34375 -13.201171875 3.259765625 -13.3046875 3.2958984375 -13.5458984375 3.056640625 -13.5283203125 2.787109375 -13.9296875 2.9482421875 -13.9345703125 2.736328125 -14.3173828125 2.732421875 -13.9892578125 2.501953125 -14.380859375 2.51171875 -14.447265625 2.2958984375 -14.7109375 2.5830078125 -14.751953125 2.3994140625 -15.013671875 2.5263671875 -14.779296875 2.2548828125 -15.0400390625 2.4208984375 0.4384765625 5.419921875 0.4833984375 5.529296875 0.4580078125 5.412109375 0.5 5.5244140625 0.52734375 5.4951171875 0.521484375 5.6591796875 0.5859375 5.6640625 0.5283203125 5.8095703125 0.619140625 5.875 0.5478515625 5.859375 0.5419921875 5.962890625 0.5048828125 5.9306640625 0.484375 5.916015625 0.4638671875 6.041015625 0.4345703125 6.0322265625 0.4130859375 6.125 0.4140625 6.03125 0.3916015625 6.1337890625 0.3720703125 6.140625 0.4462890625 6.2021484375 0.431640625 6.2158203125 0.55078125 6.2666015625 0.4052734375 6.2236328125 0.5009765625 6.2802734375 3.0830078125 9.8779296875 3.0556640625 9.86328125 3.255859375 9.7333984375 3.1923828125 9.6884765625 3.4482421875 9.5693359375 3.3876953125 9.3798828125 3.287109375 9.1435546875 3.6103515625 9.30078125 3.5224609375 9.0361328125 3.62109375 8.9912109375 3.3271484375 8.8076171875 3.3994140625 8.75 3.1435546875 8.62890625 3.4169921875 8.720703125 3.1416015625 8.5927734375 3.138671875 8.5595703125 2.9423828125 8.6630859375 2.931640625 8.6337890625 2.74609375 8.7666015625 2.921875 8.609375 2.73828125 8.7451171875 -0.615234375 3.71875 -0.6318359375 3.6591796875 -0.5478515625 3.654296875 -0.572265625 3.591796875 -0.4931640625 3.5361328125 -0.580078125 3.451171875 -0.501953125 3.4033203125 -0.5078125 3.2275390625 -0.4208984375 3.3828125 -0.41796875 3.22265625 -0.3583984375 3.216796875 -0.423828125 3.0546875 -0.3603515625 3.0458984375 -0.40625 2.9033203125 -0.3193359375 3.0283203125 -0.3681640625 2.8759765625 -0.3330078125 2.8505859375 -0.5009765625 2.79296875 -0.4736328125 2.7607421875 -0.65234375 2.73046875 -0.4462890625 2.728515625 0.744140625 0.1162109375 0.763671875 0.2021484375 0.6640625 0.2197265625 0.6708984375 0.373046875 0.4873046875 0.4033203125 0.53515625 0.5751953125 0.228515625 0.5126953125 0.2919921875 0.6689453125 0.0224609375 0.8115234375 0.34375 0.78515625 0.0927734375 0.9326171875 0.1279296875 0.9833984375 -0.12109375 1.13671875 -0.080078125 1.1845703125 -0.23828125 1.4111328125 -0.0576171875 1.20703125 -0.21484375 1.4384765625 0.548828125 7.6650390625 0.4013671875 7.646484375 0.4150390625 7.4482421875 0.2587890625 7.431640625 0.2919921875 7.2548828125 -0.087890625 7.0478515625 -0.1708984375 6.94140625 -0.166015625 6.9345703125 -0.23828125 6.7861328125 -0.2294921875 6.7763671875 -0.3369140625 6.6396484375 -0.3291015625 6.625 -3.1279296875 2.9970703125 -3.134765625 3.017578125 -3.2666015625 2.9169921875 -3.2685546875 2.9423828125 -3.3671875 2.916015625 -3.2822265625 2.9970703125 -3.3515625 2.970703125 -3.39453125 3.0361328125 -3.4248046875 3.0009765625 -3.4404296875 2.986328125 -3.4326171875 3.1416015625 -3.451171875 3.1416015625 -3.39453125 3.296875 -3.4736328125 3.138671875 -3.416015625 3.3017578125 -3.4931640625 3.306640625 -3.33203125 3.4658203125 -3.4228515625 3.490234375 -3.33203125 3.6796875 -1.46875 1.267578125 -1.599609375 1.2978515625 -1.4599609375 1.30859375 -1.5859375 1.33203125 -1.5654296875 1.361328125 -1.7099609375 1.3486328125 -1.6787109375 1.3740234375 -1.7587890625 1.4248046875 -1.6259765625 1.4345703125 -1.703125 1.466796875 -1.7001953125 1.5712890625 -1.787109375 1.568359375 -1.8369140625 1.564453125 -1.74609375 1.7451171875 -1.7890625 1.7587890625 -1.6396484375 1.9326171875 -1.826171875 1.7705078125 -1.65234375 1.96484375 -1.66015625 1.9912109375 -1.4326171875 2.0712890625 -1.396484375 2.17578125 -1.2158203125 2.064453125 -1.6220703125 8.8115234375 -1.4736328125 8.759765625 -1.6171875 8.9072265625 -1.47265625 8.89453125 -1.498046875 9.02734375 -1.28515625 8.9189453125 -1.328125 9.08984375 -1.1494140625 9.1669921875 -1.34765625 9.1591796875 -1.173828125 9.2255859375 -1.1806640625 9.2421875 -1.021484375 9.310546875 -1.0302734375 9.3232421875 -0.9296875 9.4560546875 -1.0390625 9.3359375 -0.9423828125 9.4658203125 -1.01171875 9.486328125 -0.8642578125 9.62109375 -0.9462890625 9.6591796875 -0.8623046875 9.8173828125 1.6982421875 2.55859375 1.7265625 2.60546875 1.61328125 2.5517578125 1.6796875 2.654296875 1.744140625 2.67578125 1.70703125 2.75 1.7353515625 2.7509765625 1.708984375 2.86328125 1.736328125 2.8681640625 1.7265625 3.0341796875 1.7548828125 3.0322265625 1.7724609375 3.212890625 1.880859375 6.5126953125 1.8740234375 6.599609375 1.720703125 6.46875 1.7177734375 6.5791015625 1.53515625 6.578125 1.7431640625 6.6904296875 1.57421875 6.7177734375 1.5947265625 6.787109375 1.421875 6.7470703125 1.4384765625 6.8134765625 1.4375 6.845703125 1.28515625 6.8564453125 1.1630859375 6.7626953125 1.0654296875 6.6259765625 1.1513671875 6.77734375 1.052734375 6.6376953125 2.341796875 9.7236328125 2.408203125 9.6748046875 2.1962890625 9.6708984375 2.2275390625 9.583984375 2.03125 9.6201171875 2.0146484375 9.4580078125 1.98046875 9.564453125 1.8603515625 9.517578125 1.8896484375 9.60546875 1.900390625 9.6474609375 1.7578125 9.595703125 1.765625 9.6533203125 1.658203125 9.603515625 1.763671875 9.681640625 1.6435546875 9.6279296875 1.6298828125 9.6513671875 1.5498046875 9.4208984375 1.5263671875 9.4287109375 1.4775390625 9.4755859375 -10.521484375 -2.3173828125 -10.4189453125 -2.275390625 -10.525390625 -2.3759765625 -10.408203125 -2.3173828125 -10.3837890625 -2.3876953125 -10.3349609375 -2.2607421875 -10.3271484375 -2.3212890625 -10.2744140625 -2.3642578125 -10.3193359375 -2.474609375 -10.4404296875 -2.5576171875 -10.205078125 -2.59765625 -10.353515625 -2.68359375 -10.26953125 -2.7939453125 -10.52734375 -2.7314453125 -10.513671875 -2.8701171875 -10.603515625 -2.873046875 -10.5859375 -3.01953125 -10.6279296875 -2.9990234375 -10.6884765625 -3.1298828125 -10.673828125 -2.984375 -10.732421875 -3.1044921875 1.7470703125 3.591796875 1.7001953125 3.53125 1.6396484375 3.634765625 1.59765625 3.5732421875 1.4794921875 3.578125 1.509765625 3.4521484375 1.4423828125 3.4921875 1.34765625 3.443359375 1.3251953125 3.552734375 1.3515625 3.61328125 1.1806640625 3.6025390625 1.2060546875 3.638671875 1.080078125 3.65234375 1.2060546875 3.6630859375 1.0732421875 3.67578125 1.0673828125 3.7001953125 0.982421875 3.62890625 0.9677734375 3.6474609375 0.8994140625 3.5341796875 0.955078125 3.6650390625 0.8828125 3.5439453125 -1.2421875 8.625 -1.15625 8.34765625 -1.345703125 8.2568359375 -1.28515625 8.1298828125 -1.39453125 8.1005859375 -1.2666015625 8.0732421875 -0.912109375 8.1171875 -0.703125 8.1435546875 -0.70703125 8.0791015625 -0.5322265625 7.47265625 -0.5478515625 7.4072265625 -0.712890625 7.4306640625 -0.73828125 7.376953125 -0.837890625 7.359375 -0.8427734375 7.2900390625 -0.857421875 7.322265625 -0.9052734375 7.2880859375 -0.88671875 7.3251953125 -0.9072265625 7.3310546875 -0.92578125 7.2822265625 -0.931640625 7.2236328125 -0.9365234375 7.2900390625 -0.9423828125 7.2265625 -0.953125 7.228515625 -0.962890625 7.14453125 -0.9736328125 7.1455078125 0.4638671875 6.1875 0.4853515625 6.150390625 0.572265625 6.2314453125 0.5830078125 6.193359375 0.7236328125 6.236328125 0.591796875 6.1123046875 0.69140625 6.166015625 0.7509765625 6.109375 0.8994140625 6.2666015625 0.892578125 6.330078125 1.0087890625 6.44921875 0.9931640625 6.46484375 1.08203125 6.609375 -0.9921875 6.177734375 -1.08203125 6.21875 -1.0791015625 6.1962890625 -1.140625 6.2197265625 -1.1474609375 6.1708984375 -1.224609375 6.19921875 -1.2783203125 6.109375 -1.3388671875 6.1611328125 -1.4189453125 6.0703125 -1.4501953125 6.111328125 -1.529296875 6.0029296875 -1.5458984375 6.0146484375 -1.5947265625 5.892578125 -3.15625 3.0703125 -3.0068359375 3.1181640625 -3.2080078125 3.197265625 -3.048828125 3.3349609375 -3.244140625 3.390625 -3.1728515625 3.611328125 -3.296875 3.447265625 -3.23046875 3.6298828125 -3.24609375 3.6357421875 -3.20703125 3.818359375 -3.2255859375 3.8173828125 -3.2802734375 3.9921875 -3.248046875 3.81640625 -3.3095703125 3.9912109375 -3.3720703125 3.9482421875 -3.33203125 4.18359375 -3.4453125 4.185546875 -3.2158203125 4.416015625 1.173828125 5.5048828125 1.2236328125 5.6650390625 1.2861328125 5.8310546875 1.376953125 6.048828125 1.4970703125 6.361328125 1.37109375 6.6201171875 1.3203125 6.7490234375 0.2109375 8.9130859375 0.1669921875 9.1318359375 0.14453125 9.142578125 0.07421875 9.3857421875 0.0087890625 9.3857421875 -0.0322265625 9.576171875 -0.181640625 9.58984375 -0.171875 9.740234375 -0.3359375 9.7802734375 -0.322265625 9.84765625 -0.4873046875 9.8720703125 -0.490234375 9.89453125 -0.6455078125 9.865234375 -0.6552734375 9.884765625 -0.44921875 5.9716796875 -0.453125 5.947265625 -0.275390625 5.9296875 -0.318359375 5.9189453125 -0.2587890625 5.873046875 -0.443359375 5.8896484375 -0.673828125 5.9052734375 -0.4365234375 5.794921875 -0.6982421875 5.810546875 -0.7216796875 5.671875 -0.94140625 5.8427734375 -0.92578125 5.732421875 -1.0634765625 5.6796875 0.91796875 7.48828125 0.9443359375 7.3173828125 1.0615234375 7.388671875 1.0732421875 7.328125 1.193359375 7.4150390625 1.208984375 7.3974609375 1.2978515625 7.5068359375 1.318359375 7.4951171875 1.3291015625 7.6337890625 1.3466796875 7.6298828125 1.3193359375 7.7822265625 2.9580078125 1.5625 2.943359375 1.3466796875 3.0537109375 1.115234375 3.1259765625 1.1552734375 3.1357421875 1.1318359375 3.20703125 1.1875 3.2158203125 1.1630859375 3.298828125 1.2236328125 3.3056640625 1.2021484375 3.234375 1.375 3.20703125 1.255859375 3.318359375 1.3916015625 3.29296875 1.2978515625 3.4013671875 1.3330078125 3.2861328125 1.259765625 3.3984375 1.3037109375 3.4091796875 1.2900390625 3.498046875 1.353515625 3.5146484375 1.3427734375 3.5654296875 1.4072265625 3.53515625 1.3310546875 3.58984375 1.3984375 3.61328125 1.3876953125 3.6044921875 1.5068359375 3.640625 1.48046875 3.6162109375 1.6728515625 1.7568359375 3.3740234375 1.794921875 3.5048828125 1.70703125 3.3720703125 1.7431640625 3.4736328125 1.7734375 3.6181640625 1.6591796875 3.6650390625 1.513671875 3.65625 1.6767578125 3.693359375 1.5244140625 3.681640625 1.53515625 3.703125 1.3642578125 3.662109375 1.3701171875 3.681640625 1.208984375 3.708984375 -11.337890625 -1.05859375 -11.1083984375 -0.9677734375 -11.328125 -1.087890625 -11.09375 -0.9921875 -11.0322265625 -1.017578125 -10.87890625 -0.861328125 -10.8349609375 -0.8955078125 -10.6953125 -0.7841796875 -10.7333984375 -0.9638671875 -10.63671875 -0.8759765625 -10.5712890625 -0.96484375 -10.5732421875 -0.802734375 -10.5322265625 -0.888671875 -10.5087890625 -0.7958984375 -10.5009765625 -0.92578125 -10.482421875 -0.818359375 -10.45703125 -0.83203125 -10.462890625 -0.708984375 -10.4404296875 -0.7255859375 -10.404296875 -0.634765625 0.1005859375 7.5439453125 -0.0185546875 7.4921875 -0.1513671875 7.4775390625 -0.029296875 7.544921875 -0.1708984375 7.5185546875 -0.1796875 7.5341796875 -0.337890625 7.501953125 -0.3486328125 7.5185546875 -0.541015625 7.4892578125 -0.3564453125 7.53515625 -0.5478515625 7.505859375 -0.5673828125 7.5380859375 -0.7236328125 7.4638671875 -0.7373046875 7.4921875 -0.8603515625 7.44140625 -10 -0.4716796875 -9.9697265625 -0.4482421875 -9.9755859375 -0.5244140625 -9.947265625 -0.505859375 -9.9326171875 -0.57421875 -9.9072265625 -0.4853515625 -9.88671875 -0.546875 -9.7783203125 -0.47265625 -9.865234375 -0.6474609375 -9.748046875 -0.5859375 -9.728515625 -0.7431640625 -9.595703125 -0.5244140625 -9.5830078125 -0.6962890625 -9.451171875 -0.654296875 -9.576171875 -0.8662109375 -9.4755859375 -0.794921875 -9.404296875 -0.875 -9.3193359375 -0.6630859375 -9.3251953125 -0.4990234375 0.8369140625 2.1142578125 0.7080078125 2.2197265625 0.8466796875 2.14453125 0.7197265625 2.2451171875 0.7353515625 2.2734375 0.572265625 2.291015625 0.5927734375 2.3193359375 0.482421875 2.400390625 0.6201171875 2.384765625 0.53125 2.4501953125 0.51953125 2.5908203125 0.455078125 2.6025390625 0.4248046875 2.5927734375 0.5107421875 2.83203125 0.4814453125 2.8369140625 0.6279296875 3.0048828125 0.451171875 2.853515625 0.607421875 3.0244140625 2.5537109375 1.421875 2.4306640625 1.4794921875 2.53515625 1.2451171875 2.41015625 1.3310546875 2.3955078125 1.2744140625 2.29296875 1.41015625 2.279296875 1.3623046875 2.1923828125 1.4619140625 2.2587890625 1.349609375 2.16796875 1.453125 2.138671875 1.4423828125 2.130859375 1.58984375 2.099609375 1.5869140625 2.0703125 1.5849609375 0.99609375 3.6103515625 0.935546875 3.5068359375 1.029296875 3.583984375 0.9658203125 3.486328125 1.01953125 3.4609375 0.9912109375 3.287109375 1.1171875 3.1650390625 1.1630859375 2.990234375 1.19140625 2.7958984375 1.3525390625 3.0234375 1.3623046875 2.8046875 -12.7119140625 -3.212890625 -12.943359375 -3.2314453125 -12.724609375 -3.2314453125 -12.951171875 -3.2470703125 -12.9541015625 -3.296875 -13.169921875 -3.1982421875 -13.1796875 -3.259765625 -13.3779296875 -3.1455078125 -13.2001953125 -3.4150390625 -13.4453125 -3.322265625 -13.5205078125 -3.556640625 -13.6728515625 -3.166015625 -13.8125 -3.41796875 -16.3271484375 2.64453125 -16.3486328125 2.6357421875 -16.3916015625 2.798828125 -16.4169921875 2.794921875 -16.453125 2.9619140625 -16.4365234375 2.79296875 -16.474609375 2.96484375 -16.4951171875 2.96875 -16.4609375 3.1220703125 -16.482421875 3.1318359375 -16.4169921875 3.2783203125 -16.5087890625 3.1357421875 -16.4521484375 3.310546875 -16.5546875 3.193359375 -16.517578125 3.3544921875 -16.591796875 3.2578125 -16.6357421875 3.3154296875 -16.6533203125 3.1689453125 -16.73046875 3.2216796875 -10.546875 -1.08203125 -10.60546875 -1.1376953125 -10.5771484375 -1.064453125 -10.6357421875 -1.1171875 -10.70703125 -1.091796875 -10.7021484375 -1.203125 -10.791015625 -1.1982421875 -10.8154296875 -1.3759765625 -10.9677734375 -1.37109375 -10.8984375 -1.42578125 -10.9765625 -1.5888671875 -10.8828125 -1.5810546875 -10.8310546875 -1.5732421875 -10.9375 -1.806640625 -10.8701171875 -1.791015625 -10.8798828125 -1.982421875 -10.8115234375 -1.7646484375 -10.8056640625 -1.935546875 -12.26171875 -2.7412109375 -12.2998046875 -2.7392578125 -12.2568359375 -2.6142578125 -12.29296875 -2.6064453125 -12.26171875 -2.4814453125 -12.375 -2.587890625 -12.3447265625 -2.451171875 -12.5458984375 -2.3720703125 -12.2705078125 -2.3369140625 -12.439453125 -2.228515625 -12.2958984375 -2.1083984375 -12.634765625 -2.0712890625 -12.4775390625 -1.921875 -12.6962890625 -1.720703125 -12.3232421875 -1.806640625 -12.5361328125 -1.6005859375 -12.34765625 -1.4658203125 -12.7236328125 -1.4404296875 -12.505859375 -1.318359375 -0.671875 3.5341796875 -0.6328125 3.2861328125 -0.6494140625 3.048828125 -0.5302734375 3.044921875 -0.544921875 2.896484375 -0.453125 2.9443359375 -0.5302734375 2.8251953125 -0.689453125 2.8017578125 -0.669921875 2.7666015625 -0.83203125 2.7861328125 -0.8232421875 2.7490234375 -0.79296875 5.1220703125 -0.7802734375 4.92578125 -0.57421875 4.779296875 -0.4892578125 4.814453125 -0.46875 4.77734375 -0.42578125 4.703125 -0.40234375 4.83984375 -0.345703125 4.767578125 -0.291015625 4.837890625 -0.66015625 0.681640625 -0.453125 0.6796875 -0.5576171875 0.8564453125 -0.3564453125 0.9208984375 -0.5654296875 1.2021484375 -0.3896484375 1.2861328125 -0.599609375 1.4755859375 -0.4814453125 1.5263671875 -0.375 1.5849609375 -0.4287109375 1.7060546875 0.3232421875 5.248046875 0.357421875 5.2099609375 0.3642578125 5.2373046875 0.4443359375 5.177734375 0.44921875 5.142578125 0.580078125 5.1552734375 0.5810546875 5.12890625 0.7333984375 5.1689453125 -10.4228515625 -0.6162109375 -10.4501953125 -0.6103515625 -10.3701171875 -0.5322265625 -10.4091796875 -0.5341796875 -10.3603515625 -0.45703125 -10.4873046875 -0.5703125 -10.466796875 -0.4912109375 -10.5673828125 -0.529296875 -10.470703125 -0.4033203125 -10.5830078125 -0.423828125 -10.6396484375 -0.3251953125 -10.625 -0.4326171875 -10.6767578125 -0.330078125 -10.685546875 -0.3427734375 -10.763671875 -0.2666015625 -10.767578125 -0.287109375 -10.884765625 -0.3125 -3.4013671875 3.140625 -3.3564453125 3.2421875 -3.376953125 3.2880859375 -3.3125 3.4580078125 -3.265625 3.6396484375 -3.306640625 3.814453125 3.3125 2.2255859375 3.4404296875 2.0771484375 3.4287109375 2.064453125 3.5283203125 1.896484375 3.5078125 1.88671875 3.5615234375 1.69140625 3.5419921875 1.6884765625 3.55859375 1.5146484375 3.515625 1.671875 3.5234375 1.513671875 3.447265625 1.5068359375 3.5087890625 1.4130859375 3.4208984375 1.4052734375 -0.98828125 9.26953125 -0.90625 9.169921875 -0.869140625 9.4111328125 -0.7529296875 9.3291015625 -0.634765625 9.220703125 -0.466796875 9.0869140625 -0.283203125 9.021484375 -0.3623046875 8.7900390625 -0.19921875 8.7431640625 -1.009765625 1.1640625 -1.134765625 1.27734375 -1.0517578125 1.1064453125 -1.1748046875 1.208984375 -1.1953125 1.1787109375 -1.3115234375 1.296875 -1.3310546875 1.2626953125 -1.33984375 1.2177734375 -1.47265625 1.2265625 -1.607421875 1.26171875 -1.75 1.279296875 -19.005859375 3.716796875 -18.89453125 3.427734375 -19.193359375 3.5263671875 -19.0830078125 3.3056640625 -19.2177734375 3.1796875 -19.0166015625 3.197265625 -19.1396484375 3.125 -19.1474609375 3.0283203125 -19.2919921875 3.0224609375 -19.396484375 3.203125 -19.357421875 2.98828125 -19.4375 3.14453125 -19.46875 3.125 -19.5361328125 3.2900390625 -19.5595703125 3.2626953125 -19.6962890625 3.36328125 -9.1240234375 2.40625 -9.224609375 2.5927734375 -8.845703125 2.5478515625 -8.92578125 2.7333984375 -8.583984375 2.8212890625 -9.0107421875 2.904296875 -8.650390625 2.98828125 -8.7412109375 3.134765625 -8.359375 3.0302734375 -8.4013671875 3.2041015625 -8.267578125 3.1865234375 -8.2734375 3.353515625 -8.23828125 3.333984375 -8.181640625 3.46875 -8.203125 3.3193359375 -8.1513671875 3.4501953125 2.712890625 4.6875 2.564453125 4.5234375 2.63671875 4.4609375 2.5263671875 4.306640625 2.6650390625 4.1845703125 2.822265625 3.994140625 2.548828125 4.080078125 2.6689453125 3.90625 2.5888671875 3.859375 2.78125 3.681640625 2.69921875 3.6376953125 2.8447265625 3.458984375 2.6474609375 3.6142578125 2.7880859375 3.39453125 -15.2080078125 2.6005859375 -15.2373046875 2.51171875 -15.3359375 2.630859375 -15.3896484375 2.541015625 -15.4326171875 2.5595703125 -15.4638671875 2.484375 -15.4775390625 2.4990234375 -15.5302734375 2.4443359375 -15.4931640625 2.513671875 -15.54296875 2.458984375 -15.5556640625 2.47265625 -15.6044921875 2.408203125 -15.615234375 2.421875 -15.6943359375 2.3779296875 -15.62890625 2.4404296875 -15.7041015625 2.396484375 -9.9619140625 -1.7958984375 -9.845703125 -1.845703125 -10.0322265625 -1.921875 -9.9453125 -2.021484375 -10.1220703125 -2.1220703125 -9.923828125 -2.357421875 -10.0751953125 -2.294921875 -10.1279296875 -2.4267578125 -10.24609375 -2.236328125 -10.2646484375 -2.1572265625 -10.34375 -2.2265625 -10.3603515625 -2.18359375 -10.42578125 -2.2275390625 -1.8818359375 4.2041015625 -1.9091796875 4.4052734375 -1.9453125 4.2255859375 -1.9580078125 4.365234375 -2.0546875 4.435546875 -2.03125 4.4921875 -2.0146484375 4.5078125 -2.1845703125 4.548828125 -2.171875 4.5634765625 -12.1591796875 -2.015625 -12.03125 -1.96875 -12.095703125 -1.6787109375 -11.8623046875 -1.9013671875 -11.728515625 -1.62890625 -11.6875 -1.8212890625 -11.47265625 -1.7666015625 -11.6083984375 -1.9775390625 -11.4736328125 -1.921875 -11.4755859375 -1.984375 -11.33984375 -1.9052734375 -11.3525390625 -1.9658203125 -11.2265625 -1.98046875 -11.3564453125 -1.9970703125 -11.2353515625 -2.0107421875 -0.3125 7.4248046875 -0.7197265625 7.447265625 -0.84375 7.3984375 -0.8486328125 7.4140625 -0.923828125 7.357421875 -0.9453125 7.37890625 -0.958984375 7.302734375 2.654296875 1.1796875 2.6474609375 1.1025390625 2.7392578125 1.087890625 2.7431640625 1.0634765625 2.826171875 1.072265625 2.8359375 1.041015625 2.921875 1.0341796875 2.9345703125 1.0029296875 3.017578125 1 3.7060546875 4.005859375 3.685546875 3.76171875 3.666015625 3.7705078125 3.59375 3.5732421875 3.625 3.7490234375 3.5673828125 3.6123046875 3.4716796875 3.53515625 3.458984375 3.474609375 3.4716796875 3.439453125 3.275390625 3.431640625 3.2783203125 3.3828125 3.0419921875 3.35546875 1.5732421875 9.412109375 1.5576171875 9.16796875 1.6201171875 9.4208984375 1.6044921875 9.205078125 1.705078125 9.2939453125 1.671875 9.021484375 1.7216796875 9.1337890625 1.8466796875 9.140625 1.8525390625 9.376953125 -14.4775390625 -0.517578125 -14.5751953125 -0.318359375 -14.4619140625 -0.1533203125 -14.67578125 0.0263671875 -14.390625 0.1083984375 -14.5927734375 0.189453125 -14.5107421875 0.3330078125 -14.791015625 0.2724609375 -14.6708984375 0.3896484375 -14.7470703125 0.4248046875 -14.5947265625 0.5087890625 -14.65625 0.541015625 -14.609375 0.6845703125 -14.6962890625 0.5595703125 -14.654296875 0.6953125 -11.46484375 -5.744140625 -11.8388671875 -5.6025390625 -11.53125 -5.4443359375 -11.876953125 -5.35546875 -11.603515625 -5.14453125 -11.9033203125 -5.14453125 -11.9873046875 -4.9296875 -12.19921875 -5.146484375 -12.2802734375 -4.921875 -12.3623046875 -4.9697265625 -12.35546875 -4.7763671875 -12.388671875 -4.8154296875 -12.4228515625 -4.685546875 -12.41796875 -4.8349609375 -12.4482421875 -4.7080078125 0.861328125 0.3046875 0.876953125 0.4453125 0.8271484375 0.314453125 0.841796875 0.4462890625 0.7880859375 0.462890625 0.830078125 0.5576171875 0.7861328125 0.5439453125 0.72265625 0.599609375 0.6923828125 0.505859375 3.6533203125 8.9755859375 3.7421875 9.2802734375 3.7060546875 9.27734375 3.658203125 9.5224609375 3.587890625 9.474609375 3.4794921875 9.6435546875 3.4970703125 9.666015625 3.265625 9.7548828125 -10.779296875 -2.0556640625 -10.8515625 -2.1123046875 -10.91015625 -2.158203125 -10.796875 -2.20703125 -10.8505859375 -2.25390625 -10.7734375 -2.3369140625 -10.87890625 -2.27734375 -10.802734375 -2.361328125 -10.830078125 -2.37890625 -10.7275390625 -2.4423828125 -10.7587890625 -2.4580078125 -10.7060546875 -2.5498046875 0.8642578125 3.34375 0.7841796875 3.1533203125 0.7705078125 3.16796875 0.591796875 3.044921875 0.3466796875 2.8857421875 0.306640625 2.5556640625 -18.1103515625 3.4091796875 -18.3310546875 3.3642578125 -18.09765625 3.478515625 -18.3349609375 3.4365234375 -18.35546875 3.583984375 -18.6025390625 3.3662109375 -18.65234375 3.52734375 -18.74609375 3.853515625 -19.17578125 4.0322265625 -19.361328125 3.8125 -19.462890625 3.5673828125 -9.9130859375 -0.66796875 -9.8935546875 -0.7919921875 -9.845703125 -0.7802734375 -9.8291015625 -0.94140625 -9.7119140625 -0.9150390625 -9.6845703125 -1.0986328125 -9.5283203125 -1.0283203125 -9.43359375 -1.21484375 -9.2900390625 -1.015625 -9.201171875 -0.8154296875 -2.375 3.337890625 -2.365234375 3.32421875 -2.236328125 3.546875 -2.22265625 3.537109375 -2.0498046875 3.7333984375 -2.033203125 3.72265625 -1.8759765625 3.93359375 -10.5078125 -2.2548828125 -10.6337890625 -2.328125 -10.6728515625 -2.412109375 -10.6162109375 -2.5078125 -10.671875 -2.53515625 -10.6328125 -2.6396484375 -10.669921875 -2.65234375 -10.6494140625 -2.7587890625 -12.0771484375 -3.1806640625 -11.982421875 -3.232421875 -12.1005859375 -3.1982421875 -12.009765625 -3.2490234375 -12.0380859375 -3.259765625 -11.994140625 -3.357421875 -12.025390625 -3.3662109375 -12.166015625 -3.6240234375 -12.0634765625 -3.376953125 -12.1982421875 -3.6259765625 -12.435546875 -3.9150390625 -13.193359375 -2.2490234375 -13.2353515625 -2.2802734375 -13.203125 -2.2333984375 -13.2412109375 -2.259765625 -13.24609375 -2.2373046875 -13.28515625 -2.2734375 -13.287109375 -2.24609375 -13.3349609375 -2.23828125 -13.291015625 -2.2294921875 -13.333984375 -2.2236328125 -13.3310546875 -2.2080078125 -13.376953125 -2.2080078125 -13.369140625 -2.193359375 -13.404296875 -2.1728515625 -13.52734375 -1.814453125 -13.541015625 -1.806640625 -13.498046875 -1.78125 -13.51171875 -1.771484375 -13.4677734375 -1.7568359375 -13.5205078125 -1.7509765625 -13.4775390625 -1.73828125 -13.4853515625 -1.6982421875 -13.427734375 -1.7353515625 -13.4384765625 -1.6982421875 -13.37890625 -1.7158203125 -13.435546875 -1.650390625 -13.3857421875 -1.6630859375 -13.359375 -1.580078125 -13.45703125 -2.2421875 -13.5068359375 -2.1865234375 -13.4833984375 -2.16796875 -13.5634765625 -2.0810546875 -13.5361328125 -2.072265625 -13.5751953125 -1.953125 -13.51171875 -2.064453125 -13.55078125 -1.9599609375 -13.5361328125 -1.962890625 -13.5615234375 -1.8623046875 -13.5498046875 -1.875 -13.5341796875 -1.8779296875 -1.14453125 2.8427734375 -1.1533203125 2.80859375 -0.9912109375 2.84765625 -0.990234375 2.8125 -0.9912109375 2.7763671875 -0.8154296875 2.7109375 -0.640625 2.66796875 -16.3857421875 3.4296875 -16.45703125 3.4189453125 -16.4345703125 3.4892578125 -16.5390625 3.439453125 -16.5810546875 3.478515625 -16.6630859375 3.3642578125 -16.6796875 3.40234375 -16.759765625 3.28125 -16.775390625 3.3212890625 -16.9013671875 3.267578125 2.560546875 9.7177734375 2.4853515625 9.7841796875 2.322265625 9.74609375 2.1845703125 9.6923828125 2.0458984375 9.673828125 2.1748046875 9.712890625 2.0439453125 9.6953125 2.04296875 9.716796875 1.90625 9.69921875 1.9091796875 9.7236328125 1.76171875 9.7353515625 -13.4638671875 1.5341796875 -13.7490234375 1.5595703125 -13.3466796875 1.7109375 -13.560546875 1.8251953125 -13.3115234375 2.1416015625 -13.767578125 1.9541015625 -13.5341796875 2.4228515625 -14.0244140625 2.185546875 -14.12890625 2.310546875 -14.43359375 2.0517578125 -14.205078125 1.81640625 -9.83984375 2.6826171875 -9.8173828125 2.71484375 -9.681640625 2.546875 -9.65625 2.5751953125 -9.513671875 2.408203125 -9.5712890625 2.6337890625 -9.4345703125 2.4638671875 -9.3212890625 2.279296875 -9.0458984375 2.2490234375 -8.78125 2.390625 -8.4794921875 2.4765625 -18.9931640625 3.09765625 -19.0146484375 2.890625 -19.115234375 2.8759765625 -19.2099609375 2.85546875 -19.0830078125 2.68359375 -19.1552734375 2.6982421875 -19.1474609375 2.5068359375 -19.2001953125 2.7060546875 -19.1884765625 2.5302734375 -19.2236328125 2.5380859375 -19.2255859375 2.34765625 -19.259765625 2.3642578125 -19.3486328125 2.2236328125 -15.162109375 2.7216796875 -15.3154296875 2.7451171875 -15.3994140625 2.658203125 -15.369140625 2.7783203125 -15.4189453125 2.677734375 -15.44921875 2.6923828125 -15.46484375 2.59375 -15.4892578125 2.6103515625 -15.5283203125 2.544921875 -15.4111328125 2.7890625 -15.3798828125 2.896484375 -15.3193359375 2.8974609375 -15.31640625 3.05078125 -15.2294921875 2.890625 -15.1923828125 3.068359375 -15.0205078125 2.9931640625 -15.13671875 3.16796875 -14.9775390625 3.0849609375 -14.9501953125 3.1572265625 -14.791015625 3.052734375 -14.7705078125 3.1279296875 -12.0478515625 -2.17578125 -11.927734375 -2.1279296875 -11.818359375 -2.1025390625 -11.8798828125 -2.1953125 -11.77734375 -2.15625 -11.7568359375 -2.1875 -11.6806640625 -2.109375 -11.6669921875 -2.1396484375 -11.5751953125 -2.0732421875 2.791015625 1.953125 2.8037109375 2.0126953125 2.6669921875 2.0302734375 2.66796875 2.05078125 2.525390625 2.0693359375 2.521484375 2.0966796875 2.3759765625 2.0791015625 2.3671875 2.119140625 2.2109375 2.07421875 0.453125 7.1474609375 0.4462890625 7.1298828125 0.591796875 7.19140625 0.5830078125 7.171875 0.7060546875 7.169921875 0.57421875 7.1533203125 0.697265625 7.1474609375 0.6875 7.1259765625 0.822265625 7.142578125 0.8125 7.0771484375 0.9501953125 7.171875 0.84375 8.1845703125 0.96484375 8.1181640625 0.8388671875 8.2119140625 0.966796875 8.1435546875 0.9716796875 8.1669921875 1.10546875 8.0986328125 1.1171875 8.119140625 1.126953125 8.1396484375 -15.48046875 3.5244140625 -15.5048828125 3.4814453125 -15.7080078125 3.611328125 -15.732421875 3.5693359375 -15.935546875 3.6181640625 -15.7607421875 3.5322265625 -16.029296875 3.5576171875 -16.0283203125 3.478515625 -16.240234375 3.4111328125 -16.2265625 3.390625 -16.3681640625 3.2578125 -16.2236328125 3.34765625 -16.34765625 3.236328125 -0.8798828125 5.908203125 -1.2470703125 5.6201171875 -12.611328125 2.7490234375 -13.0546875 2.650390625 -12.875 2.33203125 -13.05859375 2.3994140625 -10.58203125 -0.6611328125 -10.533203125 -0.6796875 -10.4931640625 -0.6201171875 -10.4912109375 -0.6953125 -17.66015625 3.1943359375 -17.677734375 3.1767578125 -17.740234375 3.3603515625 -17.765625 3.34375 -17.796875 3.541015625 -17.787109375 3.318359375 -17.8525390625 3.51953125 -17.873046875 3.41796875 -17.939453125 3.5869140625 -17.95703125 3.478515625 -17.9716796875 3.4140625 -9.9248046875 -1.4453125 -9.88671875 -1.4638671875 -9.939453125 -1.560546875 -9.900390625 -1.580078125 -9.9228515625 -1.6806640625 -9.79296875 -1.5986328125 -9.8037109375 -1.7138671875 -9.490234375 -1.8037109375 -9.541015625 -1.9716796875 -9.6162109375 -2.1748046875 -9.2314453125 -2.099609375 -9.33984375 -2.3037109375 -16.546875 4.0517578125 -16.4970703125 4.1044921875 -16.5029296875 3.9111328125 -16.4404296875 3.9462890625 -16.4443359375 3.7783203125 -16.375 3.994140625 -16.353515625 3.79296875 -16.283203125 3.8955078125 -16.2880859375 3.7158203125 -16.23046875 3.80078125 -16.16015625 3.736328125 -16.181640625 3.8662109375 -16.1162109375 3.7958984375 3.1865234375 4.8037109375 3.322265625 4.7138671875 3.1630859375 4.7529296875 3.2978515625 4.6650390625 3.265625 4.5986328125 3.45703125 4.6142578125 3.43359375 4.5390625 3.5751953125 4.5146484375 3.4091796875 4.427734375 3.5693359375 4.3955078125 0.5458984375 7.8642578125 0.4326171875 7.8017578125 0.3798828125 7.85546875 0.5234375 8.0029296875 -0.990234375 2.916015625 -0.8564453125 2.880859375 -0.822265625 3.0361328125 -0.78515625 3.2548828125 -0.7939453125 3.53515625 -1.337890625 3.6748046875 -1.2001953125 3.7412109375 -1.359375 3.7021484375 -1.2138671875 3.7724609375 -1.2275390625 3.8046875 -1.087890625 3.8486328125 -1.09375 3.8837890625 -0.9580078125 3.9306640625 -1.1005859375 3.9189453125 -0.96875 4.0029296875 0.2939453125 -0.02734375 0.0302734375 -0.037109375 0.3056640625 -0.0576171875 0.03515625 -0.072265625 0.044921875 -0.1025390625 -0.2265625 -0.041015625 -0.2294921875 -0.0751953125 -0.4658203125 0.015625 -0.232421875 -0.1015625 -0.478515625 -0.0087890625 -1.3662109375 6.197265625 -1.2841796875 6.24609375 -1.3779296875 6.2216796875 -1.2890625 6.26953125 -1.294921875 6.2890625 -1.2109375 6.267578125 -1.212890625 6.2900390625 -1.142578125 6.265625 -1.2138671875 6.337890625 -1.142578125 6.3154296875 -0.7138671875 2.8818359375 -0.841796875 2.822265625 1.970703125 6.2236328125 1.8994140625 6.1005859375 2.005859375 6.21875 1.927734375 6.0849609375 1.9501953125 6.0732421875 1.8076171875 5.990234375 1.8232421875 5.97265625 1.6708984375 5.8994140625 1.87890625 5.9345703125 1.71875 5.8330078125 -11.9658203125 -3.9853515625 -11.857421875 -3.755859375 -11.7685546875 -4.0556640625 -11.7373046875 -3.8623046875 -11.6396484375 -3.798828125 -11.734375 -3.5595703125 -11.8486328125 -3.4501953125 -11.7177734375 -3.453125 -11.7880859375 -3.3564453125 -11.7666015625 -3.3271484375 -11.861328125 -3.259765625 -11.833984375 -3.234375 -0.2529296875 8.3544921875 -0.3076171875 8.2705078125 -0.232421875 8.3486328125 -0.2880859375 8.2607421875 -0.26953125 8.25 -0.47265625 8.19921875 -0.4619140625 8.185546875 -0.462890625 8.15625 -15.91796875 2.345703125 -15.9169921875 2.3251953125 -16.033203125 2.361328125 -16.0380859375 2.341796875 -16.1533203125 2.3984375 -16.0419921875 2.328125 -16.162109375 2.3857421875 -16.1708984375 2.3740234375 -16.2705078125 2.4892578125 -16.283203125 2.4794921875 -16.380859375 2.6220703125 -16.296875 2.470703125 -16.3974609375 2.615234375 -0.916015625 9.4453125 -0.7744140625 9.7724609375 -0.7177734375 9.9580078125 -0.6572265625 8.505859375 -0.587890625 8.681640625 -0.90234375 8.5556640625 -0.794921875 8.755859375 -0.978515625 8.86328125 -0.66796875 8.943359375 -0.7939453125 9.0498046875 -13.181640625 -1.984375 -13.1708984375 -1.982421875 -13.17578125 -2.060546875 -13.1640625 -2.064453125 -13.1728515625 -2.13671875 -13.150390625 -2.0673828125 -13.1611328125 -2.1435546875 -13.1416015625 -2.1552734375 -13.181640625 -2.1884765625 -13.16796875 -2.203125 -13.15234375 -2.216796875 -16.970703125 1.1513671875 -16.9228515625 1.2822265625 -16.8466796875 1.103515625 -16.83203125 1.240234375 -16.732421875 1.21875 -16.818359375 1.41015625 -16.7216796875 1.3935546875 -16.7314453125 1.5625 -16.638671875 1.3955078125 -16.6591796875 1.5673828125 -16.5751953125 1.5947265625 -16.6904296875 1.7177734375 -16.6220703125 1.7529296875 -12.3212890625 -1.125 -12.1650390625 -1.2451171875 -11.9658203125 -1.33984375 -12.0224609375 -1.04296875 -11.8154296875 -1.134765625 -11.7578125 -1.0546875 -11.6005859375 -1.1669921875 -11.5478515625 -1.1015625 -11.5498046875 -1.0751953125 -14.49609375 0.4482421875 -14.4130859375 0.4765625 -14.533203125 0.646484375 -14.57421875 0.8779296875 -14.619140625 0.87109375 -14.6748046875 1.052734375 -14.66015625 0.869140625 -14.7109375 1.0380859375 2.2099609375 1.8681640625 2.1650390625 1.734375 2.2568359375 1.859375 2.2138671875 1.7236328125 2.32421875 1.7001953125 2.203125 1.5771484375 2.3046875 1.5361328125 -0.162109375 9.802734375 -0.03515625 9.71875 -0.150390625 9.822265625 -0.0185546875 9.7333984375 -0.001953125 9.748046875 0.046875 9.5859375 0.064453125 9.59375 0.111328125 9.38671875 0.0810546875 9.6025390625 0.1708984375 9.388671875 2.9267578125 1.951171875 2.93359375 2.0244140625 2.93359375 2.0419921875 3.0595703125 2.0595703125 3.056640625 2.0771484375 0.40625 5.3515625 0.38671875 5.3623046875 0.4208984375 5.42578125 0.4677734375 5.533203125 0.4931640625 5.6630859375 0.451171875 5.5380859375 0.4775390625 5.6640625 -1.763671875 8.2783203125 -1.84375 8.375 -1.7861328125 8.265625 -1.87109375 8.3662109375 -1.896484375 8.357421875 -1.83984375 8.5029296875 -1.86328125 8.501953125 -1.787109375 8.6455078125 -1.8857421875 8.5029296875 -1.8076171875 8.6494140625 -0.24609375 6.7958984375 -0.3515625 6.6689453125 -0.35546875 6.7041015625 -0.5107421875 6.6669921875 -0.486328125 6.7890625 -1.6796875 8.916015625 -1.640625 8.998046875 -1.6611328125 9.009765625 -1.53125 9.0986328125 -1.5458984375 9.1142578125 -1.3662109375 9.197265625 -1.4091796875 9.2705078125 1.095703125 8.076171875 1.0947265625 8.0234375 1.201171875 8.0205078125 1.1728515625 7.9892578125 1.203125 7.9052734375 1.1044921875 7.90234375 -12.203125 -3.1181640625 -12.1845703125 -3.099609375 -12.0498046875 -3.1484375 -11.9501953125 -3.2001953125 -11.919921875 -3.1748046875 -15.2783203125 3.37890625 -15.3046875 3.326171875 -15.345703125 3.2802734375 -15.5361328125 3.443359375 -15.5927734375 3.3955078125 -15.806640625 3.478515625 -15.84765625 3.419921875 -16.05078125 3.4189453125 -0.2275390625 5.1240234375 -0.3134765625 5.0009765625 -0.251953125 5.142578125 -0.3408203125 5.025390625 -0.369140625 5.0517578125 -0.3876953125 4.9384765625 -0.4150390625 4.96875 -0.4501953125 4.9052734375 -0.4677734375 5.0322265625 -0.5048828125 4.9873046875 -17.8876953125 3.361328125 -17.8134765625 3.2333984375 -17.798828125 3.2783203125 -17.7060546875 3.1240234375 -17.6943359375 3.1552734375 -17.5595703125 3.0390625 -17.5478515625 3.0654296875 -17.38671875 3.0244140625 -17.5380859375 3.08984375 -12.1103515625 4.62890625 -12.3193359375 4.5810546875 -12.119140625 4.6865234375 -12.341796875 4.63671875 -12.3525390625 4.7021484375 -12.5166015625 4.509765625 -12.576171875 4.6279296875 -12.6796875 4.310546875 -12.7021484375 4.623046875 -12.744140625 4.3310546875 -12.8203125 4.3486328125 -12.8408203125 4.0634765625 -1.40625 5.3818359375 -1.3564453125 5.185546875 -1.3427734375 5.1962890625 -1.2705078125 5.0390625 -1.2314453125 5.083984375 -1.1259765625 4.9677734375 -1.1328125 4.94921875 -13.53125 -2.8955078125 -13.35546875 -3.056640625 -13.349609375 -3.041015625 -13.1630859375 -3.1708984375 -13.138671875 -3.1240234375 -12.9404296875 -3.216796875 -16.4130859375 3.1044921875 -16.4404296875 3.1142578125 -16.38671875 3.271484375 -16.298828125 3.392578125 -16.2626953125 3.44140625 -0.6787109375 1.830078125 -0.8916015625 1.84375 -0.89453125 1.8076171875 -1.1123046875 1.86328125 -1.15234375 1.7724609375 -1.1982421875 1.5263671875 -1.05859375 1.431640625 -0.9609375 1.017578125 -0.98046875 0.9970703125 -0.9072265625 0.9052734375 -0.9208984375 0.884765625 -0.8544921875 0.7744140625 -0.8720703125 0.759765625 -0.9521484375 7.142578125 -0.994140625 7.0439453125 -0.9267578125 7.1533203125 -0.9697265625 7.0458984375 -0.9130859375 7.052734375 -1.0341796875 6.9306640625 -0.984375 6.919921875 -0.31640625 3.2109375 -0.3232421875 3.3828125 -0.365234375 3.37890625 -0.396484375 3.5107421875 -0.4345703125 3.482421875 -0.466796875 3.59375 -0.4306640625 3.6123046875 2.728515625 9.8984375 2.599609375 9.8505859375 2.6240234375 9.8271484375 2.5712890625 9.5615234375 -1.0693359375 6.857421875 -1.0595703125 6.9326171875 -1.0048828125 7.0458984375 -11.923828125 -3.3330078125 -12.0908203125 -3.6357421875 -11.986328125 -3.6796875 -12.130859375 -3.9326171875 -12.0703125 -4.203125 -1.384765625 1.5732421875 -1.4619140625 1.74609375 -1.3232421875 1.9130859375 -1.4365234375 1.857421875 -1.5576171875 1.8779296875 -1.65234375 1.7373046875 -12.39453125 -4.9853515625 -12.3515625 -5.1591796875 -12.31640625 -5.15234375 -12.2822265625 -5.345703125 -12.1669921875 -5.349609375 -12.1943359375 -5.5322265625 -11.9736328125 -5.5048828125 1.64453125 8.9677734375 1.8232421875 8.93359375 2.0263671875 9.1962890625 3.259765625 1.8154296875 3.19140625 1.89453125 3.1337890625 1.7412109375 3.0234375 1.7763671875 3.013671875 1.564453125 -0.1630859375 5.2763671875 -0.1416015625 5.2646484375 -0.1474609375 5.0732421875 -0.234375 4.93359375 0.560546875 6.25 0.720703125 6.287109375 0.7138671875 6.302734375 0.7080078125 6.31640625 0.873046875 6.3603515625 0.8662109375 6.373046875 0.96875 6.490234375 -12.935546875 3.3896484375 -12.9345703125 3.5625 -13.072265625 3.515625 -12.9130859375 3.7880859375 -13.1484375 3.578125 -12.9736328125 3.81640625 -13.0361328125 3.8564453125 -12.91015625 4.0927734375 -12.52734375 -2.9130859375 -12.5517578125 -2.7236328125 -12.80078125 -2.7294921875 -12.8193359375 -2.5234375 -13.056640625 -2.59765625 -13.2373046875 -2.5322265625 -12.8994140625 -2.2548828125 2.646484375 1.078125 2.517578125 1.1552734375 2.6474609375 1.0478515625 2.509765625 1.12890625 2.5 1.10546875 2.365234375 1.2373046875 2.3486328125 1.2177734375 2.2138671875 1.3154296875 -0.345703125 6.6552734375 -0.51953125 6.5986328125 -0.517578125 6.580078125 -0.5126953125 6.560546875 -0.71875 6.5859375 -0.7724609375 6.51171875 -0.962890625 6.603515625 1.166015625 2.62890625 1.05078125 2.802734375 0.9814453125 2.08984375 0.9765625 2.0556640625 0.7802734375 2.0751953125 0.685546875 2.169921875 0.55859375 2.19140625 -13.41796875 -1.7548828125 -13.3642578125 -1.7705078125 -13.369140625 -1.75 -13.3017578125 -1.7890625 -13.3017578125 -1.7607421875 -13.30078125 -1.734375 -13.2265625 -1.8232421875 -13.2158203125 -1.8037109375 -13.15625 -1.8818359375 2.9521484375 8.6943359375 2.763671875 8.8173828125 2.7548828125 8.791015625 2.521484375 8.833984375 2.517578125 8.8076171875 2.513671875 8.783203125 2.263671875 8.791015625 2.263671875 8.7626953125 2.013671875 8.724609375 -11.33984375 -1.1787109375 -11.017578125 -1.1748046875 -11.3828125 -1.376953125 -11.14453125 -1.3505859375 -11.244140625 -1.5517578125 -11.0908203125 -1.5654296875 -11.16796875 -1.765625 -13.4697265625 -1.642578125 -13.41015625 -1.5810546875 -13.5087890625 -1.64453125 -13.451171875 -1.5908203125 -13.435546875 -1.5654296875 -13.3046875 -1.501953125 -0.517578125 3.677734375 -0.3955078125 3.6318359375 -0.361328125 3.65234375 -0.3173828125 3.5361328125 -0.255859375 3.5771484375 -0.2421875 3.3916015625 -12.9951171875 -4.4541015625 -13.2451171875 -4.60546875 -13.0341796875 -4.5341796875 -13.2294921875 -4.640625 -13.2177734375 -4.669921875 -13.4091796875 -4.78125 -13.390625 -4.8056640625 -13.52734375 -4.9736328125 -1.2705078125 1.3671875 -1.400390625 1.3974609375 -1.5087890625 1.4248046875 -0.330078125 1.62890625 -0.2841796875 1.3671875 -0.2119140625 1.03125 -0.1171875 0.607421875 -1.08203125 3.814453125 -0.9599609375 3.89453125 -0.7998046875 3.9091796875 -0.7890625 3.9443359375 -0.6083984375 3.8857421875 -9.8955078125 -0.38671875 -9.763671875 -0.3408203125 -9.7314453125 -0.134765625 -9.6796875 -0.1728515625 -9.5498046875 -0.0810546875 -9.599609375 -0.3203125 -8.3017578125 2.87109375 -8.2578125 2.6884765625 -8.185546875 2.892578125 -8.1474609375 2.7177734375 -8.1142578125 2.73046875 -8.0927734375 2.5390625 -8.064453125 2.5615234375 -7.96875 2.4091796875 0.1513671875 1.001953125 0.4052734375 0.853515625 0.1796875 1.025390625 0.435546875 0.876953125 0.4609375 0.9091796875 0.6728515625 0.7646484375 0.7470703125 0.80078125 0.880859375 0.7099609375 3.078125 4.818359375 3.1943359375 4.8564453125 3.3388671875 4.755859375 3.5 4.6953125 0.0888671875 7.6015625 0.2041015625 7.70703125 0.0810546875 7.6103515625 0.193359375 7.71484375 3.68359375 8.9609375 3.775390625 9.283203125 3.7158203125 9.5595703125 3.8720703125 9.3193359375 3.8056640625 9.6171875 -0.318359375 9.869140625 -0.3134765625 9.890625 -0.4931640625 9.916015625 -0.4931640625 9.9365234375 -16.71484375 1.0439453125 -16.60546875 1.1767578125 -16.5791015625 0.9765625 -16.498046875 1.0888671875 -16.3955078125 1.013671875 -16.388671875 1.2255859375 -16.244140625 1.0927734375 -16.1884765625 1.2470703125 0.9521484375 7.2470703125 0.83203125 7.1943359375 0.953125 7.2216796875 0.826171875 7.1689453125 1.0810546875 7.3056640625 1.0888671875 7.28515625 1.224609375 7.3798828125 1.2373046875 7.3671875 1.3349609375 7.486328125 0.4677734375 5.9111328125 0.4521484375 5.9052734375 0.5009765625 5.7880859375 0.486328125 5.78515625 0.470703125 5.78125 -15.916015625 2.310546875 -15.9150390625 2.2958984375 -15.7939453125 2.328125 -15.7890625 2.3134765625 -15.6767578125 2.3505859375 -15.7822265625 2.3017578125 -15.6689453125 2.3388671875 -0.9892578125 2.75390625 -1.173828125 2.73828125 -1.1630859375 2.7734375 -1.3056640625 2.8251953125 0.3330078125 5.328125 0.3173828125 5.3359375 0.267578125 5.2978515625 0.255859375 5.3076171875 0.19140625 5.2548828125 -0.22265625 8.4521484375 -0.203125 8.447265625 -0.1669921875 8.5478515625 -0.1474609375 8.5390625 -0.0859375 8.6259765625 -12.376953125 -2.7353515625 -12.3642578125 -2.880859375 2.7099609375 9.91796875 2.5771484375 9.87109375 2.4384765625 9.83203125 2.55859375 9.8916015625 2.419921875 9.8525390625 -10.3046875 -0.361328125 -10.2451171875 -0.39453125 -10.16015625 -0.3203125 -10.1611328125 -0.3505859375 -10.078125 -0.34375 -10.1689453125 -0.3818359375 -10.1015625 -0.3759765625 -12.3173828125 -3.0126953125 -12.2470703125 -2.9814453125 -12.2900390625 -2.8662109375 -12.2490234375 -2.8623046875 -13.2373046875 -1.84375 -13.2470703125 -1.857421875 -13.1875 -1.9072265625 -13.2001953125 -1.9150390625 -13.208984375 -1.9208984375 3.5673828125 1.3037109375 3.431640625 1.2529296875 3.421875 1.2734375 3.2919921875 1.2431640625 -0.873046875 6.671875 -0.884765625 6.65625 -0.70703125 6.623046875 -0.7138671875 6.6044921875 3.5458984375 1.4130859375 3.5791015625 1.51171875 3.5859375 1.6923828125 3.587890625 1.8955078125 -1.6552734375 8.1806640625 -1.6708984375 8.1650390625 -1.55078125 8.06640625 -1.5888671875 8.0146484375 -1.4482421875 7.9130859375 0.6708984375 5.431640625 0.5830078125 5.419921875 -1.2890625 1.9541015625 -1.283203125 1.990234375 -1.447265625 1.9931640625 -1.44921875 2.0302734375 -18.8974609375 4.3251953125 -18.3857421875 4.20703125 -18.4033203125 3.875 -18.0869140625 3.833984375 -18.0888671875 3.6025390625 1.087890625 3.404296875 1.1904296875 3.4892578125 1.19140625 3.3544921875 1.2529296875 3.42578125 -12.943359375 -3.416015625 -12.890625 -3.55859375 -12.69140625 -3.35546875 -12.626953125 -3.4794921875 -9.81640625 -1.119140625 -9.87109375 -1.1240234375 -9.8056640625 -1.3037109375 -9.875 -1.3037109375 -9.9111328125 -1.2890625 -0.0361328125 7.5576171875 -0.0419921875 7.5693359375 -0.1875 7.548828125 -0.189453125 7.603515625 -0.3603515625 7.6015625 -0.263671875 5.9404296875 -0.177734375 5.8828125 -0.1650390625 5.8916015625 -0.1044921875 5.923828125 -12.19140625 -0.8974609375 -12.1162109375 -0.8505859375 -12.2099609375 -0.72265625 -12.173828125 -0.720703125 -12.1611328125 -0.5859375 -12.1435546875 -0.7216796875 -12.1328125 -0.59765625 -19.181640625 2.3125 -19.2666015625 2.1650390625 -19.1171875 2.23828125 -19.1708984375 2.10546875 -19.017578125 2.0224609375 -19.220703125 2.0234375 -19.0390625 1.966796875 -14.8291015625 2.95703125 -14.8994140625 2.818359375 -14.5751953125 2.9287109375 -14.6416015625 2.76953125 -0.66015625 1.873046875 -0.87109375 1.8798828125 -1.080078125 1.9287109375 -0.8486328125 1.9208984375 -1.048828125 1.9658203125 2.0380859375 6.3564453125 2.068359375 6.361328125 2.0537109375 6.466796875 2.078125 6.4736328125 2.05078125 6.560546875 -0.2197265625 -0.0029296875 -0.4287109375 0.0849609375 -0.4482421875 0.0478515625 -0.59765625 0.205078125 -0.6259765625 0.1806640625 -0.646484375 0.1611328125 -12.2841796875 -4.62890625 -12.20703125 -4.6318359375 -12.208984375 -4.421875 -11.9541015625 -4.474609375 -11.8505859375 -4.2734375 -11.640625 -4.3212890625 -11.5673828125 -4.0595703125 -0.9736328125 4.9130859375 -0.978515625 4.89453125 -1.1416015625 4.931640625 -1.150390625 4.9091796875 -1.294921875 5.0068359375 -1.3447265625 4.953125 -13.5498046875 -1.787109375 -13.556640625 -1.740234375 -13.578125 -1.8330078125 -13.5966796875 -1.806640625 -13.6025390625 -1.947265625 0.544921875 -0.0234375 0.5634765625 -0.0439453125 0.736328125 -0.017578125 0.7646484375 -0.0732421875 0.89453125 -0.0146484375 -3.15234375 3.822265625 -3.0185546875 3.8349609375 -3.1982421875 4.01953125 -3.0625 4.1005859375 -3.1171875 4.3046875 1.693359375 3.716796875 1.82421875 3.662109375 1.7998046875 3.6416015625 1.82421875 3.525390625 -3.146484375 4.376953125 -3.169921875 4.38671875 -3.2724609375 4.17578125 -3.2998046875 4.1787109375 -12.9931640625 -1.873046875 -13.3466796875 -2.154296875 -13.2900390625 -1.857421875 -13.552734375 -1.8427734375 -13.2880859375 -1.619140625 -13.46484375 -1.6865234375 -1.4951171875 3.6337890625 -1.5234375 3.6591796875 -1.6259765625 3.583984375 -1.6591796875 3.603515625 -1.748046875 3.521484375 -15.9091796875 2.2666015625 -16.0478515625 2.2900390625 -15.927734375 2.212890625 -16.044921875 2.2412109375 -16.037109375 2.1669921875 -16.1640625 2.2685546875 -16.1728515625 2.2001953125 -17.908203125 3.783203125 -17.8447265625 4.00390625 -18.04296875 4.09765625 -17.9091796875 4.3115234375 -18.20703125 4.47265625 -18.4833984375 4.611328125 -18.01171875 4.654296875 -18.251953125 4.904296875 -1.4677734375 6.1328125 -1.486328125 6.1455078125 -1.56640625 6.0185546875 -1.5869140625 6.0234375 -0.990234375 6.2021484375 -1.0810546875 6.2431640625 -1.083984375 6.287109375 -11.41796875 -6.490234375 -11.6123046875 -6.1962890625 -11.4755859375 -6.0732421875 -11.7978515625 -5.8896484375 -11.6953125 -5.7412109375 -12.189453125 -5.7626953125 -11.990234375 -6.0478515625 0.5166015625 6.068359375 0.6162109375 6.0078125 0.7919921875 5.9912109375 0.2353515625 8.892578125 0.189453125 9.12109375 0.2470703125 9.0810546875 -1.4248046875 5.3798828125 -1.373046875 5.177734375 -1.3935546875 5.171875 0.71875 8.2490234375 0.7080078125 8.275390625 0.5888671875 8.22265625 0.5458984375 8.2763671875 0.4189453125 8.138671875 0.8662109375 0.56640625 0.7900390625 0.6533203125 0.7548828125 0.6376953125 0.607421875 0.7216796875 0.57421875 0.677734375 -6.7314453125 4.6875 -6.775390625 4.7783203125 -6.6025390625 4.7060546875 -6.533203125 4.869140625 -6.453125 4.8349609375 -6.357421875 4.9765625 -6.3330078125 4.947265625 -6.193359375 5.037109375 -6.30859375 4.9267578125 -6.171875 5.0126953125 -0.12890625 5.6796875 -0.1533203125 5.7939453125 -0.216796875 5.6708984375 -0.23046875 5.7900390625 -17.568359375 4.056640625 -17.6796875 3.912109375 -17.625 4.0986328125 -17.740234375 3.9384765625 -17.81640625 3.7431640625 -13.3828125 -2.220703125 -13.4228515625 -2.197265625 -13.392578125 -2.2431640625 -13.4384765625 -2.2177734375 -13.529296875 -2.9189453125 -13.3564453125 -3.0751953125 -13.5615234375 -2.9921875 -13.736328125 -2.841796875 -13.8671875 -2.9716796875 -13.81640625 -4.107421875 -13.66015625 -4.40625 -13.796875 -4.095703125 -13.646484375 -4.384765625 -13.455078125 -4.5849609375 -13.45703125 -4.6103515625 -13.6728515625 -4.423828125 -12.3330078125 -5.7255859375 -12.2880859375 -5.537109375 -12.3251953125 -5.529296875 -12.3193359375 -5.345703125 0.16015625 0.33984375 1.642578125 3.2099609375 1.53125 3.2333984375 1.5087890625 3.029296875 -11.7021484375 -3.419921875 -11.6259765625 -3.47265625 -11.6357421875 -3.5107421875 -11.4970703125 -3.5244140625 -11.6279296875 -3.580078125 -11.5009765625 -3.6083984375 -11.533203125 -3.8251953125 -11.7265625 -1.408203125 -11.7587890625 -1.31640625 -2.005859375 4.00390625 -2.1611328125 4.0966796875 -2.2587890625 3.9091796875 -11.640625 -1.4638671875 -2.2158203125 4.501953125 -2.3525390625 4.6162109375 -2.287109375 4.3837890625 -2.4794921875 4.5185546875 -2.47265625 4.677734375 -2.3037109375 4.658203125 -0.388671875 0.134765625 -12.724609375 -3.271484375 -12.529296875 -3.1962890625 -12.529296875 -3.16015625 -10.6337890625 -0.640625 -10.607421875 -0.5380859375 -10.6240234375 -0.5322265625 -10.638671875 -0.4365234375 -11.041015625 -1.791015625 -11.087890625 -1.9580078125 -11.2099609375 -1.9189453125 3.4736328125 1.3642578125 3.2939453125 2.0751953125 3.208984375 2.068359375 3.2861328125 1.974609375 3.3583984375 1.5244140625 -9.0556640625 -1.91015625 -9.2265625 -1.6865234375 -9.51171875 -1.64453125 -9.5703125 -1.4794921875 -9.7978515625 -1.4716796875 -0.8232421875 7.0546875 -0.7607421875 7.224609375 -0.86328125 7.1884765625 -0.515625 8.873046875 -0.400390625 8.623046875 2.484375 4.193359375 2.4111328125 4.193359375 2.474609375 4.03515625 2.4140625 4.0029296875 1.8115234375 6.794921875 1.7939453125 6.7734375 1.9443359375 6.7109375 1.9091796875 6.6904296875 1.9541015625 6.6171875 -12.779296875 4.0390625 -12.7216796875 4.0185546875 -12.62890625 4.2822265625 -12.5869140625 4.248046875 -14.529296875 3.1103515625 -14.54296875 3.0322265625 -14.2509765625 3.0322265625 -14.26953125 2.9189453125 3.001953125 8.767578125 2.7939453125 8.8916015625 -0.275390625 3.205078125 -0.2822265625 3.38671875 -16.455078125 2.791015625 -16.474609375 2.787109375 -16.533203125 2.978515625 -16.578125 3.0517578125 -16.5439453125 3.123046875 1.60546875 6.8173828125 1.6142578125 6.8408203125 -16.201171875 3.5400390625 -16.115234375 3.62890625 -16.185546875 3.58984375 -16.279296875 3.59375 -16.333984375 3.5126953125 2.9794921875 9.8544921875 2.9638671875 9.927734375 0.9013671875 0.58203125 0.8251953125 0.67578125 -13.5 -2.431640625 -13.7392578125 -2.3388671875 -13.6376953125 -2.091796875 -0.4287109375 5.1181640625 -0.27734375 5.1630859375 -13.4638671875 -2.1513671875 -13.453125 -2.142578125 -13.4990234375 -2.060546875 -13.484375 -2.0537109375 -12.3203125 -4.5654296875 -12.3857421875 -4.64453125 -12.44921875 -4.525390625 -12.4912109375 -4.5830078125 -12.6142578125 -4.5166015625 -12.5107421875 -4.6083984375 -12.6279296875 -4.544921875 -15.4150390625 3.23828125 -15.484375 3.201171875 -15.6484375 3.3447265625 -10.001953125 -1.7705078125 -10.0693359375 -1.8876953125 -10.1767578125 -2.0107421875 -10.0126953125 -0.26953125 -9.951171875 -0.322265625 -10.0126953125 -0.3857421875 -10.0419921875 -0.4140625 1.7744140625 2.67578125 1.7646484375 2.76171875 1.767578125 2.875 -16.51953125 1.80078125 -16.453125 1.6591796875 -16.365234375 1.4921875 -16.3095703125 1.7470703125 -16.1943359375 1.5986328125 -16.0068359375 1.75 1.357421875 3.6396484375 1.20703125 3.6865234375 1.0625 3.7236328125 -16.3671875 3.5986328125 -16.443359375 3.6064453125 -16.32421875 4.2724609375 -16.3759765625 4.2392578125 -16.4072265625 4.4833984375 -16.4619140625 4.458984375 -16.5166015625 4.716796875 -16.521484375 4.4375 -16.599609375 4.6806640625 -16.673828125 4.5146484375 1.9033203125 9.673828125 1.76171875 9.708984375 1.595703125 9.7255859375 -9.353515625 6.5283203125 -9.0986328125 6.515625 -9.3486328125 6.4736328125 -9.1064453125 6.4638671875 -9.1171875 6.4189453125 -8.880859375 6.4111328125 -8.9052734375 6.3681640625 -8.689453125 6.2685546875 -9.4033203125 2.228515625 -9.439453125 2.2158203125 -9.3525390625 2.0234375 -9.392578125 2.021484375 -9.4287109375 1.7880859375 -12.7802734375 4.625 -12.8056640625 4.9189453125 -12.732421875 4.9345703125 -12.841796875 5.24609375 -12.66015625 4.9599609375 -12.78125 5.2802734375 -15.2255859375 1.5166015625 -15.0419921875 1.4072265625 -15.2373046875 1.4287109375 -15.0634765625 1.3701171875 -15.0810546875 1.3359375 -14.9013671875 1.283203125 -14.9287109375 1.251953125 -14.802734375 1.1591796875 -10.3935546875 1.166015625 -10.1337890625 1.1728515625 -10.3935546875 1.130859375 -10.1220703125 1.1376953125 -10.123046875 1.0927734375 -9.8671875 1.197265625 -9.845703125 1.103515625 -9.6171875 1.3095703125 -15.9013671875 2.1357421875 -15.849609375 2.0185546875 -16.021484375 2.06640625 -16.044921875 1.953125 -16.1923828125 2.1162109375 -16.2333984375 2.025390625 0.3935546875 2.58984375 0.4306640625 2.3525390625 0.3603515625 2.255859375 -12.8564453125 3.4189453125 -12.8525390625 3.580078125 -12.7734375 3.7783203125 1.091796875 3.2734375 1.34765625 3.287109375 -16.5244140625 1.373046875 -16.65625 1.2529296875 -1.7451171875 3.28515625 -1.705078125 3.1474609375 -1.59765625 2.9794921875 -9.94140625 -0.6767578125 -9.923828125 -0.794921875 -9.9111328125 -0.9462890625 -11.02734375 -0.375 -11.1806640625 -0.421875 -11.0341796875 -0.3505859375 -11.189453125 -0.3935546875 -11.1982421875 -0.353515625 -11.3447265625 -0.4033203125 -11.3544921875 -0.3583984375 -11.513671875 -0.3154296875 -16.2744140625 3.4716796875 -13.4091796875 -1.767578125 -13.359375 -1.783203125 -13.3056640625 -1.818359375 -5.958984375 3.9248046875 -6.1259765625 3.9443359375 -5.9560546875 3.9521484375 -6.12109375 3.9716796875 -6.1142578125 3.9931640625 -6.29296875 4.0263671875 -6.279296875 4.0458984375 -6.4375 4.15234375 -17.5751953125 3.01171875 -17.5966796875 2.984375 -17.4716796875 2.916015625 -17.5 2.8974609375 -17.5048828125 2.80859375 -2.64453125 3.0830078125 -2.64453125 3.0576171875 -2.486328125 3.1279296875 -2.4580078125 3.05859375 -2.3447265625 3.296875 -8.8681640625 4.7783203125 -8.625 4.974609375 -8.8330078125 4.755859375 -8.587890625 4.955078125 -8.54296875 4.9306640625 -8.359375 5.1650390625 -8.3134765625 5.14453125 -8.154296875 5.427734375 -10.1875 -2.4716796875 -18.833984375 3.2822265625 -18.798828125 3.21484375 -18.5791015625 3.294921875 -10.3544921875 -0.5517578125 -10.298828125 -0.478515625 -10.650390625 -3.16015625 -10.7578125 -3.287109375 -10.7919921875 -3.2509765625 -10.96875 -3.3662109375 -10.8330078125 -3.2177734375 -11 -3.326171875 0.1484375 7.076171875 0.1494140625 7.0595703125 0.2958984375 7.0712890625 0.29296875 7.0546875 0.43359375 7.0947265625 -18.513671875 1.8818359375 -18.29296875 1.8330078125 -18.53515625 1.830078125 -18.3017578125 1.7841796875 -18.3154296875 1.7373046875 -18.083984375 1.818359375 -18.0615234375 1.7041015625 -17.8427734375 1.958984375 -19.087890625 2.4521484375 -19.0205078125 2.4052734375 -19.00390625 2.66796875 -2.68359375 4.740234375 -2.6923828125 4.7607421875 -2.958984375 4.5947265625 -2.9736328125 4.6123046875 -17.6435546875 3.904296875 -17.537109375 4.0380859375 -17.43359375 4.1748046875 -17.4765625 4.2294921875 -17.6171875 4.3154296875 -10.9384765625 -3.40234375 -11.220703125 -3.5087890625 -11.2412109375 -3.47265625 -11.2568359375 -3.4287109375 -11.4970703125 -3.482421875 -17.4345703125 2.81640625 -17.4853515625 2.6708984375 -17.5234375 2.6796875 -17.5478515625 2.458984375 -17.5869140625 2.474609375 -17.693359375 2.2314453125 -17.6259765625 2.4853515625 -17.728515625 2.2509765625 3.0537109375 3.4091796875 3.03515625 3.5126953125 3.2861328125 3.5419921875 -11.7294921875 -2.0458984375 -11.58203125 -2.0419921875 -11.474609375 -2.015625 2.685546875 4.736328125 2.5244140625 4.55859375 2.3974609375 4.3779296875 -8.23828125 3.04296875 -8.2001953125 3.041015625 -8.228515625 3.1767578125 -12.0703125 -0.267578125 -11.859375 -0.2607421875 -11.99609375 -0.34765625 -11.837890625 -0.3046875 -11.814453125 -0.3388671875 -11.662109375 -0.3125 -11.6416015625 -0.345703125 -11.4833984375 -0.3935546875 -8.2119140625 3.4873046875 -8.1337890625 3.5986328125 -8.107421875 3.5791015625 -8.0185546875 3.67578125 -8.0810546875 3.5595703125 -7.994140625 3.6572265625 -8.0419921875 3.697265625 -7.935546875 3.794921875 -7.9130859375 3.771484375 -7.806640625 3.8623046875 -7.8916015625 3.751953125 -7.787109375 3.8408203125 -7.8291015625 3.8857421875 -7.7333984375 3.95703125 -7.7060546875 3.9345703125 -7.5869140625 3.9970703125 -7.6875 3.9111328125 -7.572265625 3.9697265625 -13.2275390625 -2.19140625 -13.2021484375 -2.16796875 -13.21875 -2.2041015625 -13.19140625 -2.1796875 -14.125 -3.1025390625 -14.2333984375 -2.8232421875 -14.1474609375 -3.1044921875 -14.3466796875 -2.791015625 -9.99609375 -2.6875 -9.705078125 -2.6806640625 -9.6708984375 -2.4443359375 -9.4375 -2.521484375 -7.439453125 5.1083984375 -7.455078125 4.75 -7.8642578125 4.8740234375 -7.74609375 4.7607421875 -7.791015625 4.5595703125 -7.4521484375 4.494140625 -15.5361328125 1.3662109375 -15.5556640625 1.4033203125 -15.39453125 1.40234375 -15.40234375 1.4404296875 -15.408203125 1.486328125 2.291015625 9.7890625 2.3046875 9.767578125 -11.5927734375 4.68359375 -11.6240234375 4.6220703125 -11.8525390625 4.7490234375 -11.8662109375 4.68359375 -11.873046875 4.6240234375 -3.4599609375 2.96875 -3.48046875 2.9482421875 -3.3857421875 2.8603515625 -3.41796875 2.76953125 -0.99609375 0.974609375 -1.0888671875 1.0556640625 -1.0107421875 0.9521484375 -1.103515625 1.029296875 -14.5537109375 -0.80078125 -14.619140625 -0.6689453125 -14.5322265625 -0.5107421875 -14.703125 -0.435546875 -16.185546875 2.345703125 -1.208984375 6.2451171875 2.6689453125 2.0751953125 2.8095703125 2.0517578125 2.673828125 2.103515625 2.8134765625 2.076171875 -11.40234375 -6.9013671875 -11.5810546875 -6.6025390625 -11.5087890625 -6.43359375 -11.755859375 -6.3017578125 -13.1865234375 -3.65234375 -13.568359375 -3.8046875 -13.7763671875 -3.7734375 -13.8720703125 -2.765625 -3.2685546875 2.888671875 -3.267578125 2.8603515625 -1.5634765625 3.447265625 3.5244140625 9.70703125 3.513671875 9.6875 -16.0322265625 3.7255859375 -16.0693359375 3.673828125 -9.8876953125 6.3564453125 -9.9033203125 6.400390625 -9.6142578125 6.408203125 -9.623046875 6.453125 -9.6396484375 6.509765625 0.8818359375 6.345703125 -6.6650390625 4.5712890625 -6.591796875 4.5732421875 -6.6884765625 4.416015625 -6.6171875 4.4248046875 -6.5830078125 4.2763671875 -6.583984375 4.4326171875 -6.5517578125 4.2880859375 -2.9775390625 3.0810546875 -8.208984375 5.99609375 -8.1611328125 5.7197265625 -8.2626953125 5.958984375 -8.3125 5.9345703125 -8.4453125 6.1552734375 -8.486328125 6.1220703125 -6.31640625 3.9375 -6.50390625 4.0419921875 -6.443359375 3.6357421875 -6.58984375 3.7841796875 -8.005859375 5.720703125 -8.2080078125 5.4365234375 -8.2568359375 5.439453125 -17.0517578125 3.2080078125 -17.044921875 3.1796875 -17.21484375 3.1162109375 -17.212890625 3.0859375 -17.203125 3.0576171875 -17.39453125 2.9482421875 -1.25390625 2.0263671875 0.4443359375 5.1201171875 -1.8798828125 1.5546875 -1.9453125 1.5341796875 -1.83984375 1.37890625 -1.9208984375 1.3125 -1.734375 1.3154296875 -15.59375 2.39453125 -15.583984375 2.3828125 -1.2080078125 1.1416015625 -1.2177734375 1.1064453125 -5.6767578125 4.0224609375 -5.6708984375 3.9970703125 -5.80859375 3.9814453125 -5.8076171875 3.9560546875 -5.8046875 3.9287109375 3.1357421875 8.9287109375 -0.02734375 1.23046875 0.005859375 1.2568359375 0.8359375 3.3642578125 0.849609375 3.35546875 -5.90234375 5.16015625 -5.8896484375 5.125 -6.0634765625 5.126953125 -6.044921875 5.09375 -6.03125 5.0673828125 -12.818359375 -4.5263671875 -12.814453125 -4.4951171875 -12.76953125 -4.4296875 0.578125 2.796875 1.5107421875 5.83984375 1.51953125 5.7783203125 -10.71875 -0.2392578125 -10.888671875 -0.255859375 -10.8876953125 -0.2890625 -1.744140625 8.7529296875 -1.7646484375 8.7587890625 -16.4423828125 4.2080078125 -16.5927734375 4.3115234375 -16.6171875 4.234375 2.9345703125 2.060546875 0.767578125 2.328125 -10.5703125 -2.6103515625 -6.5380859375 4.7099609375 -6.5087890625 4.7041015625 -6.560546875 4.5751953125 1.8515625 6.6640625 -13.4658203125 -4.712890625 -13.5869140625 -4.9326171875 -13.552734375 -4.955078125 -13.650390625 -5.1484375 -13.6201171875 -5.16015625 -9.1923828125 4.26171875 -9.21875 4.3046875 -8.9931640625 4.4833984375 -9.029296875 4.5185546875 -9.05859375 4.55078125 -12.4052734375 -3.1533203125 -19.4033203125 2.0458984375 -19.4599609375 2.0947265625 -19.6171875 2 -19.63671875 2.04296875 -18.8076171875 1.873046875 -18.791015625 1.9189453125 -18.7646484375 1.9677734375 3.0732421875 1.9912109375 -1.1142578125 6.76171875 -1.1669921875 6.73828125 -1.0322265625 6.7080078125 -1.08984375 6.6796875 -10.921875 1.19921875 -10.896484375 1.240234375 -10.671875 1.1162109375 -10.6552734375 1.16015625 -10.64453125 1.1943359375 -12.072265625 -2.3173828125 -12.1630859375 -2.39453125 -12.1064453125 -2.2978515625 -12.197265625 -2.37890625 -0.8935546875 6.638671875 -15.447265625 2.5791015625 0.3505859375 7.8818359375 -9.6572265625 1.33984375 -9.6845703125 1.365234375 -9.4951171875 1.5380859375 -9.52734375 1.5546875 3.2001953125 1.20703125 0.0283203125 9.5771484375 2.3818359375 1.2578125 -11.3056640625 -1.7529296875 1.7861328125 6.0126953125 -0.484375 8.2138671875 -10.8701171875 -1.0546875 -10.9423828125 -2.181640625 -11.0126953125 -2.0908203125 -10.96875 -2.205078125 -11.037109375 -2.1181640625 -10.53125 -1.0048828125 -10.501953125 -1.0185546875 -9.4228515625 -0.365234375 -9.38671875 -0.2021484375 -9.3515625 -0.2763671875 -17.1123046875 4.2939453125 -17.1162109375 4.3310546875 -16.9482421875 4.3125 -16.94140625 4.3525390625 -16.7734375 4.322265625 -16.9404296875 4.392578125 -16.75390625 4.3994140625 -17.65625 2.208984375 -17.87109375 1.9892578125 -17.89453125 2.0205078125 2.15625 1.591796875 -16.5947265625 4.421875 -11.9951171875 -2.240234375 -11.9638671875 -2.2646484375 -0.916015625 7.34375 3.2177734375 4.498046875 -7.3798828125 4.2705078125 -7.66015625 4.3193359375 -7.900390625 4.3466796875 -7.494140625 4.1201171875 -7.6630859375 4.072265625 -13.171875 -1.8935546875 -13.1396484375 -1.9755859375 -13.12109375 -1.970703125 -0.6865234375 6.6796875 -13.8623046875 -3.7646484375 -1.515625 9.08203125 -1.9970703125 4.525390625 3.63671875 4.5234375 3.60546875 4.609375 3.626953125 4.638671875 -1.8154296875 8.5048828125 3.48046875 4.6611328125 -13.201171875 3.630859375 -13.41015625 3.4169921875 -13.3681640625 3.3515625 -13.6298828125 3.1689453125 -1.1875 9.2587890625 -1.197265625 9.3291015625 -12.0751953125 -3.271484375 -13.251953125 -2.22265625 -13.2587890625 -2.2080078125 -15.798828125 2.3427734375 -15.8046875 2.3623046875 0.580078125 5.107421875 -15.7626953125 1.85546875 -16.1572265625 1.8466796875 -16.3076171875 1.9384765625 -12.076171875 -0.4755859375 -12.103515625 -0.453125 -12.1396484375 -0.435546875 -14.1181640625 -2.66796875 -14.1328125 -2.64453125 -13.3388671875 5.7138671875 -13.3115234375 5.7763671875 -13.0859375 5.48828125 -13.0400390625 5.5361328125 -12.99609375 5.58203125 -0.701171875 3.7041015625 -8.404296875 6.197265625 -8.6259765625 6.353515625 -8.65625 6.3076171875 -6.4609375 4.1357421875 -1.4873046875 3.1123046875 -1.6865234375 3.3896484375 -1.2314453125 3.8349609375 -1.4013671875 3.7607421875 -1.3798828125 3.73046875 -0.3564453125 3.5234375 -16.3642578125 2.62890625 -16.2578125 2.4990234375 -16.2412109375 2.5126953125 -0.251953125 2.7880859375 -0.240234375 2.9970703125 -0.279296875 3.0126953125 -1.1767578125 3.65625 -1.3564453125 3.087890625 -0.9052734375 7.2392578125 1.2177734375 8.037109375 1.2451171875 7.912109375 1.2197265625 7.7685546875 -15.0390625 0.279296875 -14.8994140625 0.35546875 -15.0224609375 0.23828125 -14.873046875 0.322265625 0.71484375 7.19140625 0.23828125 7.6513671875 0.2998046875 7.0888671875 -0.9462890625 7.296875 -15.0908203125 2.861328125 -1.0185546875 6.72265625 0.439453125 7.1123046875 0.9775390625 8.189453125 0.837890625 8.2607421875 0.8359375 8.2373046875 3.130859375 1.21484375 2.310546875 1.9423828125 2.525390625 1.17578125 2.2236328125 1.478515625 2.8056640625 2.03125 2.75 1.0322265625 2.759765625 1.0029296875 2.0751953125 1.4130859375 2.2353515625 1.3330078125 2.3623046875 1.857421875 2.458984375 1.6708984375 1.0947265625 3.619140625 0.91796875 3.5224609375 -14.2060546875 -2.8408203125 1.1630859375 2.1572265625 1.169921875 2.134765625 0.6533203125 2.9912109375 0.45703125 2.375 -17.0341796875 3.15234375 -16.8779296875 3.201171875 -16.8896484375 3.2333984375 -13.255859375 -4.5791015625 0.5537109375 2.263671875 0.6572265625 2.525390625 1.611328125 3.4052734375 -9.451171875 1.515625 -9.3427734375 1.7626953125 -9.390625 1.779296875 -13.158203125 -1.98046875 -13.5625 -1.6484375 -13.525390625 -1.703125 -13.7255859375 -4.0771484375 -13.1220703125 -2.1650390625 -13.1103515625 -2.07421875 -13.130859375 -2.0712890625 -13.3388671875 -2.2646484375 -13.34765625 -2.294921875 -1.28125 6.2080078125 -0.1904296875 5.873046875 -19.265625 2.8486328125 -19.3037109375 2.84375 -0.2119140625 5.53515625 -0.6318359375 6.0546875 -0.8271484375 6.1396484375 -0.8349609375 6.1201171875 -0.138671875 5.80078125 -1.302734375 6.337890625 -1.4072265625 6.25390625 -1.390625 6.23828125 -1.5986328125 5.6728515625 -1.525390625 5.541015625 -1.5029296875 5.546875 -0.0966796875 5.408203125 0 5.4091796875 -0.361328125 4.91015625 -12.6474609375 -4.29296875 -0.5107421875 4.8525390625 -0.42578125 4.8720703125 -15.3955078125 2.6240234375 -0.8671875 4.83984375 -0.8740234375 4.814453125 -1.28125 5.0224609375 3.5556640625 4.5810546875 3.529296875 3.6689453125 2.8828125 3.5361328125 -11.75 -1.0341796875 -11.9423828125 -0.951171875 -11.9619140625 -0.9658203125 -17.7607421875 3.7353515625 -17.724609375 3.740234375 3.384765625 4.267578125 2.951171875 3.73828125 -17.1220703125 4.3681640625 -17.296875 4.3046875 -17.2822265625 4.26953125 -17.267578125 4.2373046875 -9.3369140625 2.7646484375 -9.404296875 2.935546875 -11.5927734375 -3.7294921875 -12.197265625 -4.119140625 -12.7646484375 -3.6845703125 -12.7353515625 -4.16796875 -13.09765625 -4.3125 -16.169921875 1.4384765625 -16.26953125 1.349609375 -10.970703125 -2.0302734375 -12.41015625 -3.9208984375 -12.1396484375 -3.6220703125 -11.1279296875 -2.0517578125 -11.1103515625 -2.0224609375 -9.6328125 -1.2919921875 -12.142578125 -3.42578125 -14.9677734375 0.1181640625 -14.8212890625 -0.1796875 -14.693359375 -0.14453125 -9.7802734375 -0.0556640625 -9.8193359375 -0.166015625 -11.8076171875 -6.021484375 -14.9716796875 2.666015625 -14.76953125 1.18359375 -14.7353515625 1.2099609375 -1.1162109375 8.1884765625 -13.1669921875 -3.1845703125 -16.896484375 1.7001953125 -16.818359375 1.6865234375 -16.8916015625 1.572265625 -16.81640625 1.5654296875 -1.783203125 8.3955078125 -1.5947265625 8.9814453125 -0.3603515625 8.2890625 -0.0859375 8.8271484375 -10.724609375 -0.7451171875 -10.744140625 -0.728515625 -0.04296875 8.7587890625 -0.0712890625 9.685546875 -1.767578125 8.6416015625 -1.953125 8.3408203125 -1.8466796875 8.244140625 -1.8076171875 8.251953125 -0.2197265625 8.21484375 -0.1884765625 8.337890625 -0.2109375 8.3427734375 -10.5126953125 -0.2861328125 -10.537109375 -0.3310546875 0.01171875 9.7607421875 -0.1298828125 9.8583984375 -0.1396484375 9.8408203125 -0.9296875 8.361328125 -1.08984375 9.0224609375 1.67578125 9.5498046875 2.525390625 8.86328125 1.53125 9.1572265625 2.4609375 9.80859375 3.1796875 8.435546875 3.48046875 8.6455078125 3.431640625 8.6923828125 3.6884765625 9.541015625 2.9375 10.1015625 2.8154296875 10.0166015625 2.830078125 9.99609375 -10.79296875 -1.568359375 -10.740234375 -1.376953125 -10.771484375 -1.3662109375 2.265625 8.822265625 2.0146484375 8.7548828125 1.728515625 9.462890625 -3.2099609375 4.1728515625 -3.255859375 3.9931640625 -2.4921875 3.1494140625 -9.2958984375 -1.4404296875 -9.1865234375 -1.1455078125 -2.3544921875 3.30859375 -3.375 2.890625 -1.88671875 4.41796875 -2.9443359375 4.576171875 -3.1953125 4.3994140625 -3.3173828125 3.12109375 -2.3681640625 4.220703125 -2.095703125 4.2861328125 -2.8359375 3.8505859375 -3.0205078125 3.564453125 -10.7255859375 -2.28515625 -10.6708984375 -2.21484375 -1.357421875 9.1787109375 0.515625 5.7900390625 -10.6083984375 -2.7529296875 0.5078125 5.662109375 0.7294921875 6.26953125 1.859375 6.1259765625 0.3349609375 6.1474609375 0.3798828125 6.0205078125 0.396484375 6.0302734375 1.07421875 5.1865234375 1.126953125 5.34765625 0.4052734375 5.4345703125 0.3564453125 5.3818359375 0.3701171875 5.37109375 0.978515625 6.478515625 -12.01953125 -3.1240234375 -12.12109375 -3.0546875 -12.15625 -3.07421875 1.4384765625 6.8720703125 1.4423828125 6.89453125 2.0029296875 6.04296875 2.087890625 6.1982421875 2.033203125 6.2158203125 1.6591796875 5.9189453125 0.837890625 5.42578125 0.9580078125 5.3232421875 1.7841796875 6.4130859375 -0.5673828125 0.2333984375 -1.44140625 1.3408203125 -1.4404296875 1.9375 -1.6162109375 1.904296875 0.8193359375 0.181640625 0.376953125 0.833984375 0.6396484375 0.740234375 0.05078125 -0.1904296875 0.337890625 -0.1689453125 0.3212890625 -0.0830078125 -13.935546875 3.0703125 -13.94921875 3.150390625 -0.6884765625 0.3828125 -0.287109375 1.99609375 -0.4638671875 1.951171875 -0.484375 1.900390625 -1.072265625 1.08203125 -1.802734375 1.4072265625 -1.1064453125 1.896484375 0.7705078125 0.3359375 -16.3974609375 5.3427734375 -16.349609375 5.322265625 -16.525390625 5.0283203125 -16.4736328125 5.0224609375 -16.4140625 5.021484375 -9.9052734375 -1.115234375 -8.3984375 5.1796875 0.96875 0.6201171875 -9.8876953125 1.2294921875 -9.26171875 2.05078125 -9.7421875 2.8427734375 -8.861328125 6.4609375 -0.228515625 3.205078125 -6.42578125 4.8212890625 -13.978515625 1.6708984375 -11.3349609375 -0.4345703125 -9.2451171875 -0.2646484375 -9.2998046875 -0.373046875 0.5869140625 -0.1083984375 -14.7802734375 0.4501953125 -15.572265625 2.490234375 -11.681640625 -0.2685546875 -16.6083984375 3.107421875 -12.4833984375 4.4619140625 -14.87109375 1.31640625 -0.6435546875 1.9189453125 -12.669921875 4.001953125 -0.0048828125 8.9052734375 -12.0673828125 -4.7734375 -12.23828125 -4.734375 -10.2373046875 -0.4208984375 -10.8955078125 -0.8427734375 -8.216796875 5.7060546875 3.15625 8.7158203125 -10.671875 -1.2236328125 -8.5234375 2.63671875 -10.7333984375 -2.14453125 0.1875 8.8076171875 0.0927734375 9.3857421875 -14.248046875 3.1123046875 -10.6484375 -2.869140625 -12.5703125 -4.4326171875 -0.7744140625 9.568359375 -16.904296875 1.4306640625 -1.5390625 1.58203125 -16.748046875 1.6962890625 2.693359375 9.9365234375 -10.2861328125 -2.115234375 2.0478515625 9.650390625 -1.5703125 3.6865234375 -19.51171875 3.37109375 -0.70703125 8.1611328125 0.3046875 5.345703125 -19.65234375 2.078125 -19.484375 2.125 -18.0927734375 1.8603515625 -0.9658203125 7.23046875 1.26171875 6.9150390625 0.68359375 8.3525390625 2.125 6.3681640625 1.0830078125 7.248046875 -0.0546875 7.634765625 0.2919921875 8.833984375 0.0751953125 7.619140625 0.9697265625 8.0546875 0.828125 7.26953125 -0.181640625 8.4423828125 2.8486328125 1.01171875 2.9072265625 1.7578125 3.1826171875 2.109375 2.140625 1.740234375 -11.4990234375 -0.3603515625 0.912109375 0.453125 -0.8369140625 7.3828125 -0.5205078125 6.6162109375 0.9541015625 7.197265625 -12.125 -3.2099609375 -13.7001953125 -2.779296875 1.396484375 2.3076171875 1.5009765625 3.626953125 1.78515625 2.619140625 0.8583984375 2.1767578125 -9.4453125 -0.501953125 -9.82421875 -0.4365234375 -12.8427734375 3.77734375 -19.318359375 2.19921875 -19.3193359375 3.341796875 -1.44140625 3.45703125 -10.62890625 -1.03125 -11.451171875 -1.56640625 -12.1669921875 -2.24609375 -10.3125 -0.45703125 -15.5078125 2.52734375 -15.685546875 2.3642578125 -10.498046875 -2.455078125 -10.537109375 -0.755859375 -12.5703125 -2.5400390625 -12.4794921875 -3.267578125 -13.51953125 -1.9619140625 -17.7724609375 4.4619140625 -13.2822265625 -2.3330078125 -13.2529296875 -1.8662109375 -13.4404296875 -2.1318359375 1.76953125 6.7470703125 -13.4150390625 -2.185546875 -13.2119140625 -2.2158203125 1.10546875 3.5439453125 -12.9833984375 -1.560546875 -0.7802734375 4.7568359375 -16.4072265625 1.8623046875 0.3466796875 5.1923828125 0.44921875 6.1083984375 -7.4345703125 4.037109375 -1.00390625 6.2548828125 0.49609375 5.384765625 -1.5048828125 6.1552734375 0.021484375 5.5751953125 -0.826171875 0.640625 -8.181640625 2.494140625 -7.990234375 2.3779296875 -8.0166015625 2.3388671875 2.5361328125 3.83203125 2.3173828125 4.1767578125 2.4521484375 4.3564453125 -17.5615234375 2.681640625 -17.4697265625 2.814453125 -13.3046875 -1.806640625 -0.6123046875 7.244140625 -13.3994140625 -1.59765625 -16.2109375 3.669921875 -9.87890625 -0.94921875 -10.1474609375 -2.0498046875 -1.1435546875 6.2421875 -0.7060546875 5.98828125 -1.4921875 5.716796875 -16.0458984375 2.314453125 3.1181640625 4.701171875 -17.7265625 4.185546875 -12.78125 -1.88671875 -0.4501953125 5.66015625 -11.9140625 -1.9892578125 0.6513671875 7.9169921875 -14.0029296875 1.994140625 -13.1376953125 2.892578125 -13.66015625 3.244140625 -12.904296875 5.212890625 -13.287109375 5.830078125 -16.232421875 3.9580078125 -16.2724609375 4.095703125 -16.3232421875 4.0458984375 -16.45703125 4.7314453125 -15.10546875 3.2333984375 -15.90625 3.6630859375 -16.2939453125 5.3037109375 -16.142578125 2.4150390625 -16.42578125 2.958984375 -6.66796875 4.2158203125 -15.390625 3.0302734375 0.2080078125 1.0546875 1.62109375 6.8623046875 -16.505859375 3.7685546875 -16.5439453125 3.6318359375 -16.6513671875 4.1826171875 -16.5009765625 3.619140625 -16.60546875 3.5087890625 -17.3837890625 3.0576171875 -1.3427734375 1.173828125 -9.2392578125 4.345703125 -5.8828125 5.0986328125 -19.3935546875 2.9765625 -6.2158203125 5.068359375 -19.681640625 3.51171875 -19.6826171875 3.3955078125 -5.9541015625 3.9755859375 -5.6611328125 3.970703125 -19.236328125 2.7060546875 -18.5546875 1.783203125 -19.001953125 2.123046875 -9.34765625 6.4296875 -9.9326171875 6.4580078125 0.0205078125 7.064453125 -13.1142578125 1.9873046875 -6.724609375 5.0556640625 -6.818359375 4.93359375 -1.185546875 6.8037109375 0.5654296875 7.134765625 -14.271484375 0.298828125 -11.6455078125 4.564453125 -12.1201171875 4.7529296875 -12.7890625 3.2705078125 3.833984375 8.912109375 -15.2412109375 1.392578125 -15.572265625 1.4462890625 -0.30859375 9.91015625 -8.2158203125 4.6845703125 -1.0751953125 9.375 -1.7236328125 8.1416015625 -12.0498046875 -4.615234375 -11.9345703125 -4.7236328125 2.513671875 2.146484375 -1.748046875 8.8486328125 2.654296875 0.9892578125 -11.6962890625 -4.5673828125 -2.3837890625 4.8779296875 -17.7646484375 3.556640625 -12.318359375 -4.703125 -13.9833984375 -3.4345703125 -13.8818359375 -2.5517578125 0.435546875 5.8974609375 0.759765625 3.181640625 -17.4091796875 4.1484375 0.947265625 1.9482421875 -14.634765625 1.0693359375 -12.5693359375 -4.4453125 -13.029296875 -4.56640625 -10.8759765625 1.2734375 -10.400390625 1.0869140625 -9.5439453125 2.3857421875 -1.9677734375 1.7666015625 -15.5185546875 2.431640625 -11.970703125 -0.3798828125 -12.1982421875 -0.578125 -12.087890625 -0.841796875 -7.2998046875 4.1103515625 -13.4560546875 -1.7685546875 -2.810546875 3.0595703125 -13.29296875 -2.2138671875 -13.1845703125 -2.12890625 -13.40625 -2.271484375 -11.8525390625 -2.224609375 -10.904296875 -2.2978515625 -10.4716796875 -0.9384765625 -12.2265625 -2.494140625 -16.1455078125 1.341796875 -7.4267578125 4.0068359375 2.1669921875 9.7333984375 -10.6533203125 -0.626953125 -1.447265625 5.375 -0.0595703125 5.2373046875 -17.72265625 3.08984375 -11.0419921875 -0.3134765625 -9.9599609375 -0.5869140625 -0.9853515625 4.87109375 -9.4189453125 -0.07421875 -8.150390625 2.8974609375 2.8427734375 4.876953125 -9.341796875 0.025390625 -9.505859375 0.189453125 -9.0849609375 3.0712890625 3.611328125 3.552734375 -3.54296875 3.1318359375 -0.9345703125 0.865234375 -2.2109375 3.52734375 -16.7919921875 4.2783203125 -8.7890625 4.728515625 -9.962890625 -1.66015625 -10.5947265625 -2.2548828125 1.7060546875 8.6884765625 -12.20703125 -2.9697265625 1.40234375 5.73046875 -13.6875 -5.1328125 -12.369140625 -5.712890625 -9.5361328125 -2.654296875 -16.4833984375 0.9609375 -11.677734375 -4.8544921875</float_array>
                    <technique_common>
                        <accessor count="3774" source="#uvarray0" stride="2">
                            <param name="S" type="float"/>
                            <param name="T" type="float"/>
                        </accessor>
                    </technique_common>
                </source>
                <source id="colors0">
                    <float_array id="colorarray0" count="972">0.14901960784313725 0.14901960784313725 0.14901960784313725 1 0.23921568627450981 0.23921568627450981 0.23921568627450981 1 0.24705882352941178 0.24705882352941178 0.24705882352941178 1 0.28627450980392155 0.28627450980392155 0.28627450980392155 1 0.25098039215686274 0.25098039215686274 0.25098039215686274 1 0.27058823529411763 0.27058823529411763 0.27058823529411763 1 0.19607843137254902 0.19607843137254902 0.19607843137254902 1 0.35294117647058826 0.35294117647058826 0.35294117647058826 1 0.2627450980392157 0.2627450980392157 0.2627450980392157 1 0.2196078431372549 0.2196078431372549 0.2196078431372549 1 0.18823529411764706 0.18823529411764706 0.18823529411764706 1 0.15294117647058825 0.15294117647058825 0.15294117647058825 1 0.1803921568627451 0.1803921568627451 0.1803921568627451 1 0.33725490196078434 0.33725490196078434 0.33725490196078434 1 0.1843137254901961 0.1843137254901961 0.1843137254901961 1 0.39215686274509803 0.39215686274509803 0.39215686274509803 1 0.4235294117647059 0.4235294117647059 0.4235294117647059 1 0.27450980392156865 0.27450980392156865 0.27450980392156865 1 0.4745098039215686 0.4745098039215686 0.4745098039215686 1 0.3176470588235294 0.3176470588235294 0.3176470588235294 1 0.3058823529411765 0.3058823529411765 0.3058823529411765 1 0.32941176470588235 0.32941176470588235 0.32941176470588235 1 0.3411764705882353 0.3411764705882353 0.3411764705882353 1 0.3215686274509804 0.3215686274509804 0.3215686274509804 1 0.34509803921568627 0.34509803921568627 0.34509803921568627 1 0.3254901960784314 0.3254901960784314 0.3254901960784314 1 0.3333333333333333 0.3333333333333333 0.3333333333333333 1 0.3607843137254902 0.3607843137254902 0.3607843137254902 1 0.3568627450980392 0.3568627450980392 0.3568627450980392 1 0.396078431372549 0.396078431372549 0.396078431372549 1 0.41568627450980394 0.41568627450980394 0.41568627450980394 1 0.42745098039215684 0.42745098039215684 0.42745098039215684 1 0.43529411764705883 0.43529411764705883 0.43529411764705883 1 0.4196078431372549 0.4196078431372549 0.4196078431372549 1 0.4117647058823529 0.4117647058823529 0.4117647058823529 1 0.5333333333333333 0.5333333333333333 0.5333333333333333 1 0.37254901960784315 0.37254901960784315 0.37254901960784315 1 0.5176470588235295 0.5176470588235295 0.5176470588235295 1 0.5098039215686274 0.5098039215686274 0.5098039215686274 1 0.4470588235294118 0.4470588235294118 0.4470588235294118 1 0.26666666666666666 0.26666666666666666 0.26666666666666666 1 0.11764705882352941 0.11764705882352941 0.11764705882352941 1 0.19215686274509805 0.19215686274509805 0.19215686274509805 1 0.12156862745098039 0.12156862745098039 0.12156862745098039 1 0.07450980392156863 0.07450980392156863 0.07450980392156863 1 0.09019607843137255 0.09019607843137255 0.09019607843137255 1 0.07058823529411765 0.07058823529411765 0.07058823529411765 1 0.8274509803921568 0.8274509803921568 0.8274509803921568 1 0.8470588235294118 0.8470588235294118 0.8470588235294118 1 0.996078431372549 0.996078431372549 0.996078431372549 1 0.8431372549019608 0.8431372549019608 0.8431372549019608 1 0.788235294117647 0.788235294117647 0.788235294117647 1 0.9921568627450981 0.9921568627450981 0.9921568627450981 1 0.9764705882352941 0.9764705882352941 0.9764705882352941 1 1 1 1 1 0.9529411764705882 0.9529411764705882 0.9529411764705882 1 0.9803921568627451 0.9803921568627451 0.9803921568627451 1 0.984313725490196 0.984313725490196 0.984313725490196 1 0.9725490196078431 0.9725490196078431 0.9725490196078431 1 0.9450980392156862 0.9450980392156862 0.9450980392156862 1 0.9372549019607843 0.9372549019607843 0.9372549019607843 1 0.9098039215686274 0.9098039215686274 0.9098039215686274 1 0.9058823529411765 0.9058823529411765 0.9058823529411765 1 0.8666666666666667 0.8666666666666667 0.8666666666666667 1 0.8784313725490196 0.8784313725490196 0.8784313725490196 1 0.8156862745098039 0.8156862745098039 0.8156862745098039 1 0.796078431372549 0.796078431372549 0.796078431372549 1 0.7764705882352941 0.7764705882352941 0.7764705882352941 1 0.6666666666666666 0.6666666666666666 0.6666666666666666 1 0.6901960784313725 0.6901960784313725 0.6901960784313725 1 0.7254901960784313 0.7254901960784313 0.7254901960784313 1 0.5764705882352941 0.5764705882352941 0.5764705882352941 1 0.6313725490196078 0.6313725490196078 0.6313725490196078 1 0.615686274509804 0.615686274509804 0.615686274509804 1 0.6745098039215687 0.6745098039215687 0.6745098039215687 1 0.2901960784313726 0.2901960784313726 0.2901960784313726 1 0.6431372549019608 0.6431372549019608 0.6431372549019608 1 0.1568627450980392 0.1568627450980392 0.1568627450980392 1 0.24313725490196078 0.24313725490196078 0.24313725490196078 1 0.21176470588235294 0.21176470588235294 0.21176470588235294 1 0.16470588235294117 0.16470588235294117 0.16470588235294117 1 0.3686274509803922 0.3686274509803922 0.3686274509803922 1 0.4 0.4 0.4 1 0.36470588235294116 0.36470588235294116 0.36470588235294116 1 0.38823529411764707 0.38823529411764707 0.38823529411764707 1 0.403921568627451 0.403921568627451 0.403921568627451 1 0.34901960784313724 0.34901960784313724 0.34901960784313724 1 0.2823529411764706 0.2823529411764706 0.2823529411764706 1 0.2980392156862745 0.2980392156862745 0.2980392156862745 1 0.2784313725490196 0.2784313725490196 0.2784313725490196 1 0.25882352941176473 0.25882352941176473 0.25882352941176473 1 0.2 0.2 0.2 1 0.49411764705882355 0.49411764705882355 0.49411764705882355 1 0.6784313725490196 0.6784313725490196 0.6784313725490196 1 0.6941176470588235 0.6941176470588235 0.6941176470588235 1 0.7450980392156863 0.7450980392156863 0.7450980392156863 1 0.7490196078431373 0.7490196078431373 0.7490196078431373 1 0.8588235294117647 0.8588235294117647 0.8588235294117647 1 0.8627450980392157 0.8627450980392157 0.8627450980392157 1 0.8509803921568627 0.8509803921568627 0.8509803921568627 1 0.8862745098039215 0.8862745098039215 0.8862745098039215 1 0.8901960784313725 0.8901960784313725 0.8901960784313725 1 0.8941176470588236 0.8941176470588236 0.8941176470588236 1 0.9176470588235294 0.9176470588235294 0.9176470588235294 1 0.9215686274509803 0.9215686274509803 0.9215686274509803 1 0.9490196078431372 0.9490196078431372 0.9490196078431372 1 0.9254901960784314 0.9254901960784314 0.9254901960784314 1 0.9411764705882353 0.9411764705882353 0.9411764705882353 1 0.9568627450980393 0.9568627450980393 0.9568627450980393 1 0.9294117647058824 0.9294117647058824 0.9294117647058824 1 0.8392156862745098 0.8392156862745098 0.8392156862745098 1 0.792156862745098 0.792156862745098 0.792156862745098 1 0.7294117647058823 0.7294117647058823 0.7294117647058823 1 0.596078431372549 0.596078431372549 0.596078431372549 1 0.5843137254901961 0.5843137254901961 0.5843137254901961 1 0.5647058823529412 0.5647058823529412 0.5647058823529412 1 0.6196078431372549 0.6196078431372549 0.6196078431372549 1 0.8235294117647058 0.8235294117647058 0.8235294117647058 1 0.7843137254901961 0.7843137254901961 0.7843137254901961 1 0.8313725490196079 0.8313725490196079 0.8313725490196079 1 0.8117647058823529 0.8117647058823529 0.8117647058823529 1 0.8549019607843137 0.8549019607843137 0.8549019607843137 1 0.8823529411764706 0.8823529411764706 0.8823529411764706 1 0.8745098039215686 0.8745098039215686 0.8745098039215686 1 0.7333333333333333 0.7333333333333333 0.7333333333333333 1 0.7725490196078432 0.7725490196078432 0.7725490196078432 1 0.6470588235294118 0.6470588235294118 0.6470588235294118 1 0.611764705882353 0.611764705882353 0.611764705882353 1 0.6980392156862745 0.6980392156862745 0.6980392156862745 1 0.6392156862745098 0.6392156862745098 0.6392156862745098 1 0.9019607843137255 0.9019607843137255 0.9019607843137255 1 0.8705882352941177 0.8705882352941177 0.8705882352941177 1 0.8980392156862745 0.8980392156862745 0.8980392156862745 1 0.5843137254901961 0.5647058823529412 0.5764705882352941 1 0.6823529411764706 0.6627450980392157 0.6745098039215687 1 0.807843137254902 0.807843137254902 0.807843137254902 1 0.7176470588235294 0.7176470588235294 0.7176470588235294 1 0.7058823529411765 0.7058823529411765 0.7058823529411765 1 0.5254901960784314 0.5254901960784314 0.5254901960784314 1 0.48627450980392156 0.48627450980392156 0.48627450980392156 1 0.5450980392156862 0.5450980392156862 0.5450980392156862 1 0.45098039215686275 0.45098039215686275 0.45098039215686275 1 0.30980392156862746 0.30980392156862746 0.30980392156862746 1 0.592156862745098 0.592156862745098 0.592156862745098 1 0.803921568627451 0.803921568627451 0.803921568627451 1 0.9882352941176471 0.9882352941176471 0.9882352941176471 1 0.9607843137254902 0.9607843137254902 0.9607843137254902 1 0.7098039215686275 0.7098039215686275 0.7098039215686275 1 0.23137254901960785 0.23137254901960785 0.23137254901960785 1 0.20784313725490197 0.20784313725490197 0.20784313725490197 1 0.20392156862745098 0.20392156862745098 0.20392156862745098 1 0.3843137254901961 0.3843137254901961 0.3843137254901961 1 0.3803921568627451 0.3803921568627451 0.3803921568627451 1 0.4588235294117647 0.4588235294117647 0.4588235294117647 1 0.40784313725490196 0.40784313725490196 0.40784313725490196 1 0.4392156862745098 0.4392156862745098 0.4392156862745098 1 0.22745098039215686 0.22745098039215686 0.22745098039215686 1 0.29411764705882354 0.29411764705882354 0.29411764705882354 1 0.10980392156862745 0.10980392156862745 0.10980392156862745 1 0.3764705882352941 0.3764705882352941 0.3764705882352941 1 0.7568627450980392 0.7568627450980392 0.7568627450980392 1 0.8196078431372549 0.8196078431372549 0.8196078431372549 1 0.7215686274509804 0.7215686274509804 0.7215686274509804 1 0.6705882352941176 0.6705882352941176 0.6705882352941176 1 0.7803921568627451 0.7803921568627451 0.7803921568627451 1 0.7529411764705882 0.7529411764705882 0.7529411764705882 1 0.7137254901960784 0.7137254901960784 0.7137254901960784 1 0.7019607843137254 0.7019607843137254 0.7019607843137254 1 0.6862745098039216 0.6862745098039216 0.6862745098039216 1 0.5294117647058824 0.5294117647058824 0.5294117647058824 1 0.5372549019607843 0.5372549019607843 0.5372549019607843 1 0.5490196078431373 0.5490196078431373 0.5490196078431373 1 0.5215686274509804 0.5215686274509804 0.5215686274509804 1 0.44313725490196076 0.44313725490196076 0.44313725490196076 1 0.47843137254901963 0.47843137254901963 0.47843137254901963 1 0.49019607843137253 0.49019607843137253 0.49019607843137253 1 0.5607843137254902 0.5607843137254902 0.5607843137254902 1 0.6039215686274509 0.6039215686274509 0.6039215686274509 1 0.5686274509803921 0.5686274509803921 0.5686274509803921 1 0.6235294117647059 0.6235294117647059 0.6235294117647059 1 0.5803921568627451 0.5803921568627451 0.5803921568627451 1 0.7411764705882353 0.7411764705882353 0.7411764705882353 1 0.43137254901960786 0.43137254901960786 0.43137254901960786 1 0.4549019607843137 0.4549019607843137 0.4549019607843137 1 0.4823529411764706 0.4823529411764706 0.4823529411764706 1 0.47058823529411764 0.47058823529411764 0.47058823529411764 1 0.5019607843137255 0.5019607843137255 0.5019607843137255 1 0.5137254901960784 0.5137254901960784 0.5137254901960784 1 0.5529411764705883 0.5529411764705883 0.5529411764705883 1 0.5058823529411764 0.5058823529411764 0.5058823529411764 1 0.6 0.6 0.6 1 0.5882352941176471 0.5882352941176471 0.5882352941176471 1 0.6352941176470588 0.6352941176470588 0.6352941176470588 1 0.6549019607843137 0.6549019607843137 0.6549019607843137 1 0.6588235294117647 0.6588235294117647 0.6588235294117647 1 0.9137254901960784 0.9137254901960784 0.9137254901960784 1 0.6627450980392157 0.6627450980392157 0.6627450980392157 1 0.6078431372549019 0.6078431372549019 0.6078431372549019 1 0.5411764705882353 0.5411764705882353 0.5411764705882353 1 0.13725490196078433 0.13725490196078433 0.13725490196078433 1 0.6274509803921569 0.6274509803921569 0.6274509803921569 1 0.2549019607843137 0.2549019607843137 0.2549019607843137 1 0.3137254901960784 0.3137254901960784 0.3137254901960784 1 0.4666666666666667 0.4666666666666667 0.4666666666666667 1 0.4980392156862745 0.4980392156862745 0.4980392156862745 1 0.30196078431372547 0.30196078431372547 0.30196078431372547 1 0.23529411764705882 0.23529411764705882 0.23529411764705882 1 0.5725490196078431 0.5725490196078431 0.5725490196078431 1 0.7647058823529411 0.7647058823529411 0.7647058823529411 1 0.8 0.8 0.8 1 0.6509803921568628 0.6509803921568628 0.6509803921568628 1 0.21568627450980393 0.21568627450980393 0.21568627450980393 1 0.2235294117647059 0.2235294117647059 0.2235294117647059 1 0.5568627450980392 0.5568627450980392 0.5568627450980392 1 0.4627450980392157 0.4627450980392157 0.4627450980392157 1 0.8352941176470589 0.8352941176470589 0.8352941176470589 1 0.9333333333333333 0.9333333333333333 0.9333333333333333 1 0.7607843137254902 0.7607843137254902 0.7607843137254902 1 0.7686274509803922 0.7686274509803922 0.7686274509803922 1 0.1450980392156863 0.1450980392156863 0.1450980392156863 1 0.6823529411764706 0.6823529411764706 0.6823529411764706 1 0.7372549019607844 0.7372549019607844 0.7372549019607844 1 0.9647058823529412 0.9647058823529412 0.9647058823529412 1 0.9686274509803922 0.9686274509803922 0.9686274509803922 1 0.12549019607843137 0.12549019607843137 0.12549019607843137 1 0.043137254901960784 0.043137254901960784 0.043137254901960784 1 0.35294117647058826 0.3411764705882353 0.34901960784313724 1 0.43529411764705883 0.4196078431372549 0.42745098039215684 1 0.1607843137254902 0.1607843137254902 0.1607843137254902 1 0.17647058823529413 0.17647058823529413 0.17647058823529413 1 0.12941176470588237 0.12941176470588237 0.12941176470588237 1 0.10196078431372549 0.10196078431372549 0.10196078431372549 1 0 0 0 1 0.023529411764705882 0.023529411764705882 0.023529411764705882 1 0.1411764705882353 0.1411764705882353 0.1411764705882353 1 0.17254901960784313 0.17254901960784313 0.17254901960784313 1 0.16862745098039217 0.16862745098039217 0.16862745098039217 1 0.13333333333333333 0.13333333333333333 0.13333333333333333 1 0.08627450980392157 0.08627450980392157 0.08627450980392157 1 0.050980392156862744 0.050980392156862744 0.050980392156862744 1 0.0784313725490196 0.0784313725490196 0.0784313725490196 1 0.08235294117647059 0.08235294117647059 0.08235294117647059 1 0.00784313725490196 0.00784313725490196 0.00784313725490196 1</float_array>
                    <technique_common>
                        <accessor count="243" source="#colorarray0" stride="4">
                            <param name="R" type="float"/>
                            <param name="G" type="float"/>
                            <param name="B" type="float"/>
                            <param name="A" type="float"/>
                        </accessor>
                    </technique_common>
                </source>
                <vertices id="vertices0">
                    <input semantic="POSITION" source="#points0"/>
                </vertices>
                <polylist count="6478" material="Material1">
                    <input offset="0" semantic="VERTEX" source="#vertices0"/>
                    <input offset="1" semantic="TEXCOORD" source="#uvs0" set="0"/>
                    <input offset="2" semantic="COLOR" source="#colors0" set="0"/>
                    <vcount>3 3 3 3 3 3 3 3 3 3 3 3 3 3 3 3 3 3 3 3 3 3 3 3 3 3 3 3 3 3 3 3 3 3 3 3 3 3 3 3 3 3 3 3 3 3 3 3 3 3 3 3 3 3 3 3 3 3 3 3 3 3 3 3 3 3 3 3 3 3 3 3 3 3 3 3 3 3 3 3 3 3 3 3 3 3 3 3 3 3 3 3 3 3 3 3 3 3 3 3 3 3 3 3 3 3 3 3 3 3 3 3 3 3 3 3 3 3 3 3 3 3 3 3 3 3 3 3 3 3 3 3 3 3 3 3 3 3 3 3 3 3 3 3 3 3 3 3 3 3 3 3 3 3 3 3 3 3 3 3 3 3 3 3 3 3 3 3 3 3 3 3 3 3 3 3 3 3 3 3 3 3 3 3 3 3 3 3 3 3 3 3 3 3 3 3 3 3 3 3 3 3 3 3 3 3 3 3 3 3 3 3 3 3 3 3 3 3 3 3 3 3 3 3 3 3 3 3 3 3 3 3 3 3 3 3 3 3 3 3 3 3 3 3 3 3 3 3 3 3 3 3 3 3 3 3 3 3 3 3 3 3 3 3 3 3 3 3 3 3 3 3 3 3 3 3 3 3 3 3 3 3 3 3 3 3 3 3 3 3 3 3 3 3 3 3 3 3 3 3 3 3 3 3 3 3 3 3 3 3 3 3 3 3 3 3 3 3 3 3 3 3 3 3 3 3 3 3 3 3 3 3 3 3 3 3 3 3 3 3 3 3 3 3 3 3 3 3 3 3 3 3 3 3 3 3 3 3 3 3 3 3 3 3 3 3 3 3 3 3 3 3 3 3 3 3 3 3 3 3 3 3 3 3 3 3 3 3 3 3 3 3 3 3 3 3 3 3 3 3 3 3 3 3 3 3 3 3 3 3 3 3 3 3 3 3 3 3 3 3 3 3 3 3 3 3 3 3 3 3 3 3 3 3 3 3 3 3 3 3 3 3 3 3 3 3 3 3 3 3 3 3 3 3 3 3 3 3 3 3 3 3 3 3 3 3 3 3 3 3 3 3 3 3 3 3 3 3 3 3 3 3 3 3 3 3 3 3 3 3 3 3 3 3 3 3 3 3 3 3 3 3 3 3 3 3 3 3 3 3 3 3 3 3 3 3 3 3 3 3 3 3 3 3 3 3 3 3 3 3 3 3 3 3 3 3 3 3 3 3 3 3 3 3 3 3 3 3 3 3 3 3 3 3 3 3 3 3 3 3 3 3 3 3 3 3 3 3 3 3 3 3 3 3 3 3 3 3 3 3 3 3 3 3 3 3 3 3 3 3 3 3 3 3 3 3 3 3 3 3 3 3 3 3 3 3 3 3 3 3 3 3 3 3 3 3 3 3 3 3 3 3 3 3 3 3 3 3 3 3 3 3 3 3 3 3 3 3 3 3 3 3 3 3 3 3 3 3 3 3 3 3 3 3 3 3 3 3 3 3 3 3 3 3 3 3 3 3 3 3 3 3 3 3 3 3 3 3 3 3 3 3 3 3 3 3 3 3 3 3 3 3 3 3 3 3 3 3 3 3 3 3 3 3 3 3 3 3 3 3 3 3 3 3 3 3 3 3 3 3 3 3 3 3 3 3 3 3 3 3 3 3 3 3 3 3 3 3 3 3 3 3 3 3 3 3 3 3 3 3 3 3 3 3 3 3 3 3 3 3 3 3 3 3 3 3 3 3 3 3 3 3 3 3 3 3 3 3 3 3 3 3 3 3 3 3 3 3 3 3 3 3 3 3 3 3 3 3 3 3 3 3 3 3 3 3 3 3 3 3 3 3 3 3 3 3 3 3 3 3 3 3 3 3 3 3 3 3 3 3 3 3 3 3 3 3 3 3 3 3 3 3 3 3 3 3 3 3 3 3 3 3 3 3 3 3 3 3 3 3 3 3 3 3 3 3 3 3 3 3 3 3 3 3 3 3 3 3 3 3 3 3 3 3 3 3 3 3 3 3 3 3 3 3 3 3 3 3 3 3 3 3 3 3 3 3 3 3 3 3 3 3 3 3 3 3 3 3 3 3 3 3 3 3 3 3 3 3 3 3 3 3 3 3 3 3 3 3 3 3 3 3 3 3 3 3 3 3 3 3 3 3 3 3 3 3 3 3 3 3 3 3 3 3 3 3 3 3 3 3 3 3 3 3 3 3 3 3 3 3 3 3 3 3 3 3 3 3 3 3 3 3 3 3 3 3 3 3 3 3 3 3 3 3 3 3 3 3 3 3 3 3 3 3 3 3 3 3 3 3 3 3 3 3 3 3 3 3 3 3 3 3 3 3 3 3 3 3 3 3 3 3 3 3 3 3 3 3 3 3 3 3 3 3 3 3 3 3 3 3 3 3 3 3 3 3 3 3 3 3 3 3 3 3 3 3 3 3 3 3 3 3 3 3 3 3 3 3 3 3 3 3 3 3 3 3 3 3 3 3 3 3 3 3 3 3 3 3 3 3 3 3 3 3 3 3 3 3 3 3 3 3 3 3 3 3 3 3 3 3 3 3 3 3 3 3 3 3 3 3 3 3 3 3 3 3 3 3 3 3 3 3 3 3 3 3 3 3 3 3 3 3 3 3 3 3 3 3 3 3 3 3 3 3 3 3 3 3 3 3 3 3 3 3 3 3 3 3 3 3 3 3 3 3 3 3 3 3 3 3 3 3 3 3 3 3 3 3 3 3 3 3 3 3 3 3 3 3 3 3 3 3 3 3 3 3 3 3 3 3 3 3 3 3 3 3 3 3 3 3 3 3 3 3 3 3 3 3 3 3 3 3 3 3 3 3 3 3 3 3 3 3 3 3 3 3 3 3 3 3 3 3 3 3 3 3 3 3 3 3 3 3 3 3 3 3 3 3 3 3 3 3 3 3 3 3 3 3 3 3 3 3 3 3 3 3 3 3 3 3 3 3 3 3 3 3 3 3 3 3 3 3 3 3 3 3 3 3 3 3 3 3 3 3 3 3 3 3 3 3 3 3 3 3 3 3 3 3 3 3 3 3 3 3 3 3 3 3 3 3 3 3 3 3 3 3 3 3 3 3 3 3 3 3 3 3 3 3 3 3 3 3 3 3 3 3 3 3 3 3 3 3 3 3 3 3 3 3 3 3 3 3 3 3 3 3 3 3 3 3 3 3 3 3 3 3 3 3 3 3 3 3 3 3 3 3 3 3 3 3 3 3 3 3 3 3 3 3 3 3 3 3 3 3 3 3 3 3 3 3 3 3 3 3 3 3 3 3 3 3 3 3 3 3 3 3 3 3 3 3 3 3 3 3 3 3 3 3 3 3 3 3 3 3 3 3 3 3 3 3 3 3 3 3 3 3 3 3 3 3 3 3 3 3 3 3 3 3 3 3 3 3 3 3 3 3 3 3 3 3 3 3 3 3 3 3 3 3 3 3 3 3 3 3 3 3 3 3 3 3 3 3 3 3 3 3 3 3 3 3 3 3 3 3 3 3 3 3 3 3 3 3 3 3 3 3 3 3 3 3 3 3 3 3 3 3 3 3 3 3 3 3 3 3 3 3 3 3 3 3 3 3 3 3 3 3 3 3 3 3 3 3 3 3 3 3 3 3 3 3 3 3 3 3 3 3 3 3 3 3 3 3 3 3 3 3 3 3 3 3 3 3 3 3 3 3 3 3 3 3 3 3 3 3 3 3 3 3 3 3 3 3 3 3 3 3 3 3 3 3 3 3 3 3 3 3 3 3 3 3 3 3 3 3 3 3 3 3 3 3 3 3 3 3 3 3 3 3 3 3 3 3 3 3 3 3 3 3 3 3 3 3 3 3 3 3 3 3 3 3 3 3 3 3 3 3 3 3 3 3 3 3 3 3 3 3 3 3 3 3 3 3 3 3 3 3 3 3 3 3 3 3 3 3 3 3 3 3 3 3 3 3 3 3 3 3 3 3 3 3 3 3 3 3 3 3 3 3 3 3 3 3 3 3 3 3 3 3 3 3 3 3 3 3 3 3 3 3 3 3 3 3 3 3 3 3 3 3 3 3 3 3 3 3 3 3 3 3 3 3 3 3 3 3 3 3 3 3 3 3 3 3 3 3 3 3 3 3 3 3 3 3 3 3 3 3 3 3 3 3 3 3 3 3 3 3 3 3 3 3 3 3 3 3 3 3 3 3 3 3 3 3 3 3 3 3 3 3 3 3 3 3 3 3 3 3 3 3 3 3 3 3 3 3 3 3 3 3 3 3 3 3 3 3 3 3 3 3 3 3 3 3 3 3 3 3 3 3 3 3 3 3 3 3 3 3 3 3 3 3 3 3 3 3 3 3 3 3 3 3 3 3 3 3 3 3 3 3 3 3 3 3 3 3 3 3 3 3 3 3 3 3 3 3 3 3 3 3 3 3 3 3 3 3 3 3 3 3 3 3 3 3 3 3 3 3 3 3 3 3 3 3 3 3 3 3 3 3 3 3 3 3 3 3 3 3 3 3 3 3 3 3 3 3 3 3 3 3 3 3 3 3 3 3 3 3 3 3 3 3 3 3 3 3 3 3 3 3 3 3 3 3 3 3 3 3 3 3 3 3 3 3 3 3 3 3 3 3 3 3 3 3 3 3 3 3 3 3 3 3 3 3 3 3 3 3 3 3 3 3 3 3 3 3 3 3 3 3 3 3 3 3 3 3 3 3 3 3 3 3 3 3 3 3 3 3 3 3 3 3 3 3 3 3 3 3 3 3 3 3 3 3 3 3 3 3 3 3 3 3 3 3 3 3 3 3 3 3 3 3 3 3 3 3 3 3 3 3 3 3 3 3 3 3 3 3 3 3 3 3 3 3 3 3 3 3 3 3 3 3 3 3 3 3 3 3 3 3 3 3 3 3 3 3 3 3 3 3 3 3 3 3 3 3 3 3 3 3 3 3 3 3 3 3 3 3 3 3 3 3 3 3 3 3 3 3 3 3 3 3 3 3 3 3 3 3 3 3 3 3 3 3 3 3 3 3 3 3 3 3 3 3 3 3 3 3 3 3 3 3 3 3 3 3 3 3 3 3 3 3 3 3 3 3 3 3 3 3 3 3 3 3 3 3 3 3 3 3 3 3 3 3 3 3 3 3 3 3 3 3 3 3 3 3 3 3 3 3 3 3 3 3 3 3 3 3 3 3 3 3 3 3 3 3 3 3 3 3 3 3 3 3 3 3 3 3 3 3 3 3 3 3 3 3 3 3 3 3 3 3 3 3 3 3 3 3 3 3 3 3 3 3 3 3 3 3 3 3 3 3 3 3 3 3 3 3 3 3 3 3 3 3 3 3 3 3 3 3 3 3 3 3 3 3 3 3 3 3 3 3 3 3 3 3 3 3 3 3 3 3 3 3 3 3 3 3 3 3 3 3 3 3 3 3 3 3 3 3 3 3 3 3 3 3 3 3 3 3 3 3 3 3 3 3 3 3 3 3 3 3 3 3 3 3 3 3 3 3 3 3 3 3 3 3 3 3 3 3 3 3 3 3 3 3 3 3 3 3 3 3 3 3 3 3 3 3 3 3 3 3 3 3 3 3 3 3 3 3 3 3 3 3 3 3 3 3 3 3 3 3 3 3 3 3 3 3 3 3 3 3 3 3 3 3 3 3 3 3 3 3 3 3 3 3 3 3 3 3 3 3 3 3 3 3 3 3 3 3 3 3 3 3 3 3 3 3 3 3 3 3 3 3 3 3 3 3 3 3 3 3 3 3 3 3 3 3 3 3 3 3 3 3 3 3 3 3 3 3 3 3 3 3 3 3 3 3 3 3 3 3 3 3 3 3 3 3 3 3 3 3 3 3 3 3 3 3 3 3 3 3 3 3 3 3 3 3 3 3 3 3 3 3 3 3 3 3 3 3 3 3 3 3 3 3 3 3 3 3 3 3 3 3 3 3 3 3 3 3 3 3 3 3 3 3 3 3 3 3 3 3 3 3 3 3 3 3 3 3 3 3 3 3 3 3 3 3 3 3 3 3 3 3 3 3 3 3 3 3 3 3 3 3 3 3 3 3 3 3 3 3 3 3 3 3 3 3 3 3 3 3 3 3 3 3 3 3 3 3 3 3 3 3 3 3 3 3 3 3 3 3 3 3 3 3 3 3 3 3 3 3 3 3 3 3 3 3 3 3 3 3 3 3 3 3 3 3 3 3 3 3 3 3 3 3 3 3 3 3 3 3 3 3 3 3 3 3 3 3 3 3 3 3 3 3 3 3 3 3 3 3 3 3 3 3 3 3 3 3 3 3 3 3 3 3 3 3 3 3 3 3 3 3 3 3 3 3 3 3 3 3 3 3 3 3 3 3 3 3 3 3 3 3 3 3 3 3 3 3 3 3 3 3 3 3 3 3 3 3 3 3 3 3 3 3 3 3 3 3 3 3 3 3 3 3 3 3 3 3 3 3 3 3 3 3 3 3 3 3 3 3 3 3 3 3 3 3 3 3 3 3 3 3 3 3 3 3 3 3 3 3 3 3 3 3 3 3 3 3 3 3 3 3 3 3 3 3 3 3 3 3 3 3 3 3 3 3 3 3 3 3 3 3 3 3 3 3 3 3 3 3 3 3 3 3 3 3 3 3 3 3 3 3 3 3 3 3 3 3 3 3 3 3 3 3 3 3 3 3 3 3 3 3 3 3 3 3 3 3 3 3 3 3 3 3 3 3 3 3 3 3 3 3 3 3 3 3 3 3 3 3 3 3 3 3 3 3 3 3 3 3 3 3 3 3 3 3 3 3 3 3 3 3 3 3 3 3 3 3 3 3 3 3 3 3 3 3 3 3 3 3 3 3 3 3 3 3 3 3 3 3 3 3 3 3 3 3 3 3 3 3 3 3 3 3 3 3 3 3 3 3 3 3 3 3 3 3 3 3 3 3 3 3 3 3 3 3 3 3 3 3 3 3 3 3 3 3 3 3 3 3 3 3 3 3 3 3 3 3 3 3 3 3 3 3 3 3 3 3 3 3 3 3 3 3 3 3 3 3 3 3 3 3 3 3 3 3 3 3 3 3 3 3 3 3 3 3 3 3 3 3 3 3 3 3 3 3 3 3 3 3 3 3 3 3 3 3 3 3 3 3 3 3 3 3 3 3 3 3 3 3 3 3 3 3 3 3 3 3 3 3 3 3 3 3 3 3 3 3 3 3 3 3 3 3 3 3 3 3 3 3 3 3 3 3 3 3 3 3 3 3 3 3 3 3 3 3 3 3 3 3 3 3 3 3 3 3 3 3 3 3 3 3 3 3 3 3 3 3 3 3 3 3 3 3 3 3 3 3 3 3 3 3 3 3 3 3 3 3 3 3 3 3 3 3 3 3 3 3 3 3 3 3 3 3 3 3 3 3 3 3 3 3 3 3 3 3 3 3 3 3 3 3 3 3 3 3 3 3 3 3 3 3 3 3 3 3 3 3 3 3 3 3 3 3 3 3 3 3 3 3 3 3 3 3 3 3 3 3 3 3 3 3 3 3 3 3 3 3 3 3 3 3 3 3 3 3 3 3 3 3 3 3 3 3 3 3 3 3 3 3 3 3 3 3 3 3 3 3 3 3 3 3 3 3 3 3 3 3 3 3 3 3 3 3 3 3 3 3 3 3 3 3 3 3 3 3 3 3 3 3 3 3 3 3 3 3 3 3 3 3 3 3 3 3 3 3 3 3 3 3 3 3 3 3 3 3 3 3 3 3 3 3 3 3 3 3 3 3 3 3 3 3 3 3 3 3 3 3 3 3 3 3 3 3 3 3 3 3 3 3 3 3 3 3 3 3 3 3 3 3 3 3 3 3 3 3 3 3 3 3 3 3 3 3 3 3 3 3 3 3 3 3 3 3 3 3 3 3 3 3 3 3 3 3 3 3 3 3 3 3 3 3 3 3 3 3 3 3 3 3 3 3 3 3 3 3 3 3 3 3 3 3 3 3 3 3 3 3 3 3 3 3 3 3 3 3 3 3 3 3 3 3 3 3 3 3 3 3 3 3 3 3 3 3 3 3 3 3 3 3 3 3 3 3 3 3 3 3 3 3 3 3 3 3 3 3 3 3 3 3 3 3 3 3 3 3 3 3 3 3 3 3 3 3 3 3 3 3 3 3 3 3 3 3 3 3 3 3 3 3 3 3 3 3 3 3 3 3 3 3 3 3 3 3 3 3 3 3 3 3 3 3 3 3 3 3 3 3 3 3 3 3 3 3 3 3 3 3 3 3 3 3 3 3 3 3 3 3 3 3 3 3 3 3 3 3 3 3 3 3 3 3 3 3 3 3 3 3 3 3 3 3 3 3 3 3 3 3 3 3 3 3 3 3 3 3 3 3 3 3 3 3 3 3 3 3 3 3 3 3 3 3 3 3 3 3 3 3 3 3 3 3 3 3 3 3 3 3 3 3 3 3 3 3 3 3 3 3 3 3 3 3 3 3 3 3 3 3 3 3 3 3 3 3 3 3 3 3 3 3 3 3 3 3 3 3 3 3 3 3 3 3 3 3 3 3 3 3 3 3 3 3 3 3 3 3 3 3 3 3 3 3 3 3 3 3 3 3 3 3 3 3 3 3 3 3 3 3 3 3 3 3 3 3 3 3 3 3 3 3 3 3 3 3 3 3 3 3 3 3 3 3 3 3 3 3 3 3 3 3 3 3 3 3 3 3 3 3 3 3 3 3 3 3 3 3 3 3 3 3 3 3 3 3 3 3 3 3 3 3 3 3 3 3 3 3 3 3 3 3 3 3 3 3 3 3 3 3 3 3 3 3 3 3 3 3 3 3 3 3 3 3 3 3 3 3 3 3 3 3 3 3 3 3 3 3 3 3 3 3 3 3 3 3 3 3 3 3 3 3 3 3 3 3 3 3 3 3 3 3 3 3 3 3 3 3 3 3 3 3 3 3 3 3 3 3 3 3 3 3 3 3 3 3 3 3 3 3 3 3 3 3 3 3 3 3 3 3 3 3 3 3 3 3 3 3 3 3 3 3 3 3 3 3 3 3 3 3 3 3 3 3 3 3 3 3 3 3 3 3 3 3 3 3 3 3 3 3 3 3 3 3 3 3 3 3 3 3 3 3 3 3 3 3 3 3 3 3 3 3 3 3 3 3 3 3 3 3 3 3 3 3 3 3 3 3 3 3 3 3 3 3 3 3 3 3 3 3 3 3 3 3 3 3 3 3 3 3 3 3 3 3 3 3 3 3 3 3 3 3 3 3 3 3 3 3 3 3 3 3 3 3 3 3 3 3 3 3 3 3 3 3 3 3 3 3 3 3 3 3 3 3 3 3 3 3 3 3 3 3 3 3 3 3 3 3 3 3 3 3 3 3 3 3 3 3 3 3 3 3 3 3 3 3 3 3 3 3 3 3 3 3 3 3 3 3 3 3 3 3 3 3 3 3 3 3 3 3 3 3 3 3 3 3 3 3 3 3 3 3 3 3 3 3 3 3 3 3 3 3 3 3 3 3 3 3 3 3 3 3 3 3 3 3 3 3 3 3 3 3 3 3 3 3 3 3 3 3 3 3 3 3 3 3 3 3 3 3 3 3 3 3 3 3 3 3 3 3 3 3 3 3 3 3 3 3 3 3 3 3 3 3 3 3 3 3 3 3 3 3 3 3 3 3 3 3 3 3 3 3 3 3 3 3 3 3 3 3 3 3 3 3 3 3 3 3 3 3 3 3 3 3 3 3 3 3 3 3 3 3 3 3 3 3 3 3 3 3 3 3 3 3 3 3 3 3 3 3 3 3 3 3 3 3 3 3 3 3 3 3 3 3 3 3 3 3 3 3 3 3 3 3 3 3 3 3 3 3 3 3 3 3 3 3 3 3 3 3 3 3 3 3 3 3 3 3 3 3 3 3 3 3 3 3 3 3 3 3 3 3 3 3 3 3 3 3 3 3 3 3 3 3 3 3 3 3 3 3 3 3 3 3 3 3 3 3 3 3 3 3 3 3 3 3 3 3 3 3 3 3 3 3 3 3 3 3 3 3 3 3 3 3 3 3 3 3 3 3 3 3 3 3 3 3 3 3 3 3 3 3 3 3 3 3 3 3 3 3 3 3 3 3 3 3 3 3 3 3 3 3 3 3 3 3 3 3 3 3 3 3 3 3 3 3 3 3 3 3 3 3 3 3 3 3 3 3 3 3 3 3 3 3 3 3 3 3 3 3 3 3 3 3 3 3 3 3 3 3 3 3 3 3 3 3 3 3 3 3 3 3 3 3 3 3 3 3 3 3 3 3 3 3 3 3 3 3 3 3 3 3 3 3 3 3 3 3 3 3 3 3 3 3 3 3 3 3 3 3 3 3 3 3 3 3 3 3 3 3 3 3 3 3 3 3 3 3 3 3 3 3 3 3 3 3 3 3 3 3 3 3 3 3 3 3 3 3 3 3 3 3 3 3 3 3 3 3 3 3 3 3 3 3 3 3 3 3 3 3 3 3 3 3 3 3 3 3 3 3 3 3 3 3 3 3 3 3 3 3 3 3 3 3 3 3 3 3 3 3 3 3 3 3 3 3 3 3 3 3 3 3 3 3 3 3 3 3 3 3 3 3 3 3 3 3 3 3 3 3 3 3 3 3 3 3 3 3 3 3 3 3 3 3 3 3 3 3 3 3 3 3 3 3 3 3 3 3 3 3 3 3 3 3 3 3 3 3 3 3 3 3 3 3 3 3 3 3 3 3 3 3 3 3 3 3 3 3 3 3 3 3 3 3 3 3 3 3 3 3 3 3 3 3 3 3 3 3 3 3 3 3 3 3 3 3 3 3 3 3 3 3 3 3 3 3 3 3 3 3 3 3 3 3 3 3 3 3 3 3 3 3 3 3 3 3 3 3 3 3 3 3 3 3 3 3 3 3 3 3 3 3 3 3 3 3 3 3 3 3 3 3 3 3 3 3 3 3 3 3 3 3 3 3 3 3 3 3 3 3 3 3 3 3 3 3 3 3 3 3 3 3 3 3 3 3 3 3 3 3 3 3 3 3 3 3 3 3 3 3 3 3 3 3 3 3 3 3 3 3 3 3 3 3 3 3 3 3 3 3 3 3 3 3 3 3 3 3 3 3 3 3 3 3 3 3 3 3 3 3 3 3 3 3 3 3 3 3 3 3 3 3 3 3 3 3 3 3 3 3 3 3 3 3 3 3 3 3 3 3 3 3 3 3 3 3 3 3 3 3 3 3 3 3 3 3 3 3 3 3 3 3 3 3 3 3 3 3 3 3 3 3 3 3 3 3 3 3 3 3 3 3 3 3 3 3 3 3 3 3 3 3 3 3 3 3 3 3 3 3 3 3 3 3 3 3 3 3 3 3 3 3 3 3 3 3 3 3 3 3 3 3 3 3 3 3 3 3 3 3 3 3 3 3 3 3 3 3 3 3 3 3 3 3 3 3 3 3 3 3 3 3 3 3 3 3 3 3 3 3 3 3 3 3 3 3 3 3 3 3 3 3 3 3 3 3 3 3 3 3 3 3 3 3 3 3 3 3 3 3 3 3 3 3 3 3 3 3 3 3 3 3 3 3 3 3 3 3 3 3 3 3 3 3 3 3 3 3 3 3 3 3 3 3 3 3 3 3 3 3 3 3 3 3 3 3 3 3 3 3 3 3 3 3 3 3 3 3 3 3 3 3 3 3 3 3 3 3 3 3 3 3 3 3 3 3 3 3 3 3 3 3 3 3 3 3 3 3 3 3 3 3 3 3 3 3 3 3 3 3 3 3 3 3 3 3 3 3 3 3 3 3 3 3 3 3 3 3 3 3 3 3 3 3 3 3 3 3 3 3 3 3 3 3 3 3 3 3 3 3 3 3 3 3 3 3 3 3 3 3 3 3 3 3 3 3 3 3 3 3 3 3 3 3 3 3 3 3 3 3 3 3 3 3 3 3 3 3 3 3 3 3 3 3 3 3 3 3 3 3 3 3 3 3 3 3 3 3 3 3 3 3 3 3 3 3 3 3 3 3 3 3 3 3 3 3 3 3 3 3 3 3 3 3 3 3 3 3 3 3 3 3 3 3 3 3 3 3 3 3 3 3 3 3 3 3 3 3 3 3 3 3 3 3 3 3 3 3 3 3 3 3 3 3 3 3 3 3 3 3 3 3 3 3 3 3 3 3 3 3 3 3 3 3 3 3 3 3 3 3 3 3 3 3 3 3 3 3 3 3 3 3 3 3 3 3 3 3 3 3 3 3 3 3 3 3 3 3 3 3 3 3 3 3 3 3 3 3 3 3 3 3 3 3 3 3 3 3 3 3 3 3 3 3 3 3 3 3 3 3 3 3 3 3 3 3 3 3 3 3 3 3 3 3 3 3 3 3 3 3 3 3 3 3 3 3 3 3 3 3 3 3 3 3 3 3 3 3 3 3 3 3 3 3 3 3 3 3 3 3 3 3 3 3 3 3 3 3 3 3 3 3 3 3 3 3 3 3 3 3 3 3 3 3 3 3 3 3 3 3 3 3 3 3 3 3 3 3 3 3 3 3 3 3 3 3 3 3 3 3 3 3 3 3 3 3 3 3 3 3 3 3 3 3 3 3 3 3 3 3 3 3 3 3 3 3 3 3 3 3 3 3 3 3 3 3 3 3 3 3 3 3 3 3 3 3 3 3 3 3 3 3 3 3 3 3 3 3 3 3 3 3 3 3 3 3 3 3 3 3 3 3 3 3 3 3 3 3 3 3 3 3 3 3 3 3 3 3 3 3 3 3 3 3 3 3 3 3 3 3 3 3 3 3 3 3 3 3 3 3 3 3 3 3 3 3 3 3 3 3 3 3 3 3 3 3 3 3 3 3 3 3 3 3 3 3 3 3 3 3 3 3 3 3 3 3 3 3 3 3 3 3 3 3 3 3 3 3 3 3 3 3 3 3 3 3 3 3 3 3 3 3 3 3 3 3 3 3 3 3 3 3 3 3 3 3 3 3 3 3 3 3 3 3 3 3 3 3 3 3 3 3 3 3 3 3 3 3 3 3 3 3 3 3 3 3 3 3 3 3 3 3 3 3 3 3 3 3 3 3 3 3 3 3 3 3 3 3 3 3 3 3 3 3 3 3 3 3 3 3 3 3 3 3 3 3 3 3 3 3 3 3 3 3 3 3 3 3 3 3 3 3 3 3 3 3 3 3 3 3 3 3 3 3 3 3 3 3 3 3 3 3 3 3 3 3 3 3 3 3 3 3 3 3 3 3 3 3 3 3 3 3 3 3 3 3 3 3 3 3 3 3 3 3 3 3 3 3 3 3 3 3 3 3 3 3 3 3 3 3 3 3 3 3 3 3 3 3 3 3 3 3 3 3 3 3 3 3 3 3 3 3 3 3 3 3 3 3 3 3 3 3 3 3 3 3 3 3 3 3 3 3 3 3 3 3 3 3 3 3 3 3 3 3 3 3 3 3 3 3 3 3 3 3 3 3 3 3 3 3 3 3 3 3 3 3 3 3 3 3 3 3 3 3 3 3 3 3 3 3 3 3 3 3 3 3 3 3 3 3 3 3 3 3 3 3 3 3 3 3 3 3 3 3 3 3 3 3 3 3 3 3 3 3 3 3 3 3 3 3 3 3 3 3 3 3 3 3 3 3 3 3 3 3 3 3 3 3 3 3 3 3 3 3 3 3 3 3 3 3 3 3 3 3 3 3 3 3 3 3 3 3 3 3 3 3 3 3 3 3 3 3 3 3 3 3 3 3 3 3 3 3 3 3 3 3 3 3 3 3 3 3 3 3 3 3 3 3 3 3 3 3 3 3 3 3 3 3 3 3 3 3 3 3 3 3 3 3 3 3 3 3 3 3 3 3 3 3 3 3 3 3 3 3 3 3 3 3 3 3 3 3 3 3 3 3 3 3 3 3 3 3 3 3 3 3 3 3 3 3 3 3 3 3 3 3 3 3 3 3 3 3 3 3 3 3 3 3 3 3 3 3 3 3 3 3 3 3 3 3 3 3 3 3 3 3 3 3 3 3 3 3 3 3 3 3 3 3 3 3 3 3 3 3 3 3 3 3 3 3 3 3 3 3 3 3 3 3 3 3 3 3 3 3 3 3 3 3 3 3 3 3 3 3 3 3 3 3 3 3 3 3 3 3 3 3 3 3 3 3 3 3 3 3 3 3 3 3 3 3 3 3 3 3 3 3 3 3 3 3 3 3 3 3 3 3 3 3 3 3 3 3 3 3 3 3 3 3 3 3 3 3 3 3 3 3 3 3 3 3 3 3 3 3 3 3 3 3 3 3 3 3 3 3 3 3 3 3 3 3 3 3 3 3 3 3 3 3 3 3 3 3 3 3 3 3 3 3 3 3 3 3 3 3 3 3 3 3 3 3 3 3 3 3 3 3 3 3 3 3 3 3 3 3 3 3 3 3 3 3 3 3 3 3 3 3 3 3 3 3 3 3 3 3 3 3 3 3 3 3 3 3 3 3 3 3 3 3 3 3 3 3 3 3 3 3 3 3 3 3 3 3 3 3 3 3 3 3 3 3 3 3 3 3 3 3 3 3 3 3 3 3 3 3 3 3 3 3 3 3 3 3 3 3 3 3 3 3 3 3</vcount>
                    <p>2 2 1 1 1 0 0 0 0 3 3 2 1 1 0 2 2 1 4 4 3 3 3 2 2 2 1 5 5 4 3 3 2 4 4 3 6 6 5 5 5 4 4 4 3 7 7 6 5 5 4 6 6 5 8 8 7 7 7 6 6 6 5 9 9 8 7 7 6 8 8 7 10 10 9 9 9 8 8 8 7 11 11 6 9 9 8 10 10 9 12 12 10 11 11 6 10 10 9 13 13 11 11 11 6 12 12 10 14 14 6 13 13 11 12 12 10 15 15 12 13 13 11 14 14 6 16 16 13 15 15 12 14 14 6 17 17 14 15 15 12 16 16 13 18 18 13 17 17 14 16 16 13 19 19 13 17 17 14 18 18 13 16 16 13 19 19 13 18 18 13 20 20 13 19 19 13 16 16 13 21 21 13 20 20 13 16 16 13 22 22 13 20 20 13 21 21 13 23 23 13 22 22 13 21 21 13 24 24 13 22 22 13 23 23 13 21 21 13 24 24 13 23 23 13 25 25 13 24 24 13 21 21 13 26 26 13 25 25 13 21 21 13 27 27 13 25 25 13 26 26 13 28 28 13 27 27 13 26 26 13 29 29 13 27 27 13 28 28 13 30 30 13 29 29 13 28 28 13 31 31 13 29 29 13 30 30 13 32 32 13 31 31 13 30 30 13 33 33 13 31 31 13 32 32 13 34 34 13 33 33 13 32 32 13 35 35 13 33 33 13 34 34 13 36 36 15 35 35 13 34 34 13 37 37 16 35 35 13 36 36 15 38 38 17 37 37 16 36 36 15 39 39 18 37 37 16 38 38 17 40 40 19 39 39 18 38 38 17 41 41 20 39 39 18 40 40 19 42 42 21 41 41 20 40 40 19 43 43 22 41 41 20 42 42 21 44 44 23 43 43 22 42 42 21 45 45 24 43 43 22 44 44 23 46 46 25 45 45 24 44 44 23 47 47 26 45 45 24 46 46 25 48 48 26 47 47 26 46 46 25 49 49 27 47 47 26 48 48 26 50 50 28 49 49 27 48 48 26 51 51 27 49 49 27 50 50 28 52 52 29 51 51 27 50 50 28 53 53 30 51 51 27 52 52 29 54 54 16 53 53 30 52 52 29 55 55 31 53 53 30 54 54 16 56 56 32 55 55 31 54 54 16 57 57 33 55 55 31 56 56 32 58 58 34 57 57 33 56 56 32 59 59 35 57 57 33 58 58 34 60 60 36 59 59 35 58 58 34 61 61 37 59 59 35 60 60 36 62 62 38 61 61 37 60 60 36 63 63 32 61 61 37 62 62 38 64 64 32 63 63 32 62 62 38 65 65 32 63 63 32 64 64 32 62 62 38 65 65 32 64 64 32 66 66 39 65 65 32 62 62 38 67 67 40 66 66 39 62 62 38 68 68 7 66 66 39 67 67 40 69 69 6 68 68 7 67 67 40 70 70 41 68 68 7 69 69 6 71 71 42 70 70 41 69 69 6 72 72 41 70 70 41 71 71 42 73 73 43 72 72 41 71 71 42 74 74 44 72 72 41 73 73 43 75 75 45 74 74 44 73 73 43 76 76 46 74 74 44 75 75 45 79 79 49 78 78 48 77 77 47 80 80 50 78 78 48 79 79 49 81 81 49 80 80 50 79 79 49 82 82 51 80 80 50 81 81 49 83 83 52 82 82 51 81 81 49 84 84 53 82 82 51 83 83 52 85 85 54 84 84 53 83 83 52 86 86 55 84 84 53 85 85 54 87 87 54 86 86 55 85 85 54 88 88 56 86 86 55 87 87 54 89 89 57 88 88 56 87 87 54 90 90 58 88 88 56 89 89 57 91 91 55 90 90 58 89 89 57 92 92 58 90 90 58 91 91 55 93 93 59 92 92 58 91 91 55 94 94 60 92 92 58 93 93 59 95 95 61 94 94 60 93 93 59 96 96 62 94 94 60 95 95 61 97 97 63 96 96 62 95 95 61 98 98 64 96 96 62 97 97 63 99 99 50 98 98 64 97 97 63 100 100 65 98 98 64 99 99 50 101 101 66 100 100 65 99 99 50 102 102 67 100 100 65 101 101 66 103 103 68 102 102 67 101 101 66 100 100 65 102 102 67 103 103 68 104 104 69 100 100 65 103 103 68 105 105 70 100 100 65 104 104 69 106 106 71 105 105 70 104 104 69 107 107 72 105 105 70 106 106 71 108 108 73 107 107 72 106 106 71 109 109 74 107 107 72 108 108 73 110 110 75 109 109 74 108 108 73 111 111 76 109 109 74 110 110 75 112 112 37 111 111 76 110 110 75 113 113 77 111 111 76 112 112 37 116 116 79 115 115 78 114 114 8 117 117 80 115 115 78 116 116 79 118 118 79 117 117 80 116 116 79 119 119 79 117 117 80 118 118 79 120 120 40 119 119 79 118 118 79 121 121 20 119 119 79 120 120 40 122 122 23 121 121 20 120 120 40 123 123 7 121 121 20 122 122 23 124 124 81 123 123 7 122 122 23 125 125 82 123 123 7 124 124 81 126 126 83 125 125 82 124 124 81 127 127 84 125 125 82 126 126 83 128 128 24 127 127 84 126 126 83 129 129 85 127 127 84 128 128 24 130 130 28 129 129 85 128 128 24 131 131 27 129 129 85 130 130 28 128 128 24 131 131 27 130 130 28 132 132 22 131 131 27 128 128 24 133 133 22 132 132 22 128 128 24 134 134 28 132 132 22 133 133 22 135 135 28 134 134 28 133 133 22 136 136 28 134 134 28 135 135 28 137 137 7 136 136 28 135 135 28 138 138 86 136 136 28 137 137 7 139 139 87 138 138 86 137 137 7 136 136 28 138 138 86 139 139 87 140 140 88 136 136 28 139 139 87 141 141 3 136 136 28 140 140 88 142 142 89 141 141 3 140 140 88 143 143 90 141 141 3 142 142 89 144 144 79 143 143 90 142 142 89 145 145 9 143 143 90 144 144 79 146 146 79 145 145 9 144 144 79 147 147 79 145 145 9 146 146 79 148 148 8 147 147 79 146 146 79 149 149 91 147 147 79 148 148 8 152 152 68 151 151 18 150 150 37 153 153 92 151 151 18 152 152 68 154 154 93 153 153 92 152 152 68 155 155 94 153 153 92 154 154 93 156 156 95 155 155 94 154 154 93 157 157 96 155 155 94 156 156 95 158 158 97 157 157 96 156 156 95 159 159 96 157 157 96 158 158 97 160 160 97 159 159 96 158 158 97 161 161 98 159 159 96 160 160 97 162 162 50 161 161 98 160 160 97 163 163 99 161 161 98 162 162 50 164 164 100 163 163 99 162 162 50 165 165 97 163 163 99 164 164 100 166 166 101 165 165 97 164 164 100 167 167 102 165 165 97 166 166 101 168 168 103 167 167 102 166 166 101 169 169 104 167 167 102 168 168 103 170 170 105 169 169 104 168 168 103 171 171 106 169 169 104 170 170 105 172 172 107 171 171 106 170 170 105 173 173 60 171 171 106 172 172 107 174 174 105 173 173 60 172 172 107 175 175 105 173 173 60 174 174 105 176 176 54 175 175 105 174 174 105 177 177 107 175 175 105 176 176 54 178 178 54 177 177 107 176 176 54 179 179 54 177 177 107 178 178 54 180 180 108 179 179 54 178 178 54 181 181 109 179 179 54 180 180 108 182 182 110 181 181 109 180 180 108 183 183 97 181 181 109 182 182 110 184 184 111 183 183 97 182 182 110 185 185 96 183 183 97 184 184 111 186 186 112 185 185 96 184 184 111 187 187 94 185 185 96 186 186 112 190 190 115 189 189 114 188 188 113 191 191 114 189 189 114 190 190 115 192 192 114 191 191 114 190 190 115 193 193 73 191 191 114 192 192 114 194 194 116 193 193 73 192 192 114 195 195 94 193 193 73 194 194 116 196 196 73 195 195 94 194 194 116 197 197 69 195 195 94 196 196 73 198 198 69 197 197 69 196 196 73 199 199 111 197 197 69 198 198 69 200 200 111 199 199 111 198 198 69 201 201 117 199 199 111 200 200 111 202 202 118 201 201 117 200 200 111 203 203 65 201 201 117 202 202 118 204 204 118 203 203 65 202 202 118 205 205 119 203 203 65 204 204 118 206 206 120 205 205 119 204 204 118 207 207 121 205 205 119 206 206 120 208 208 117 207 207 121 206 206 120 209 209 121 207 207 121 208 208 117 210 210 121 209 209 121 208 208 117 211 211 64 209 209 121 210 210 121 212 212 122 211 211 64 210 210 121 213 213 99 211 211 64 212 212 122 214 214 62 213 213 99 212 212 122 215 215 100 213 213 99 214 214 62 216 216 123 215 215 100 214 214 62 217 217 95 215 215 100 216 216 123 218 218 124 217 217 95 216 216 123 219 219 125 217 217 95 218 218 124 220 220 126 219 219 125 218 218 124 221 221 127 219 219 125 220 220 126 222 222 128 221 221 127 220 220 126 223 223 129 221 221 127 222 222 128 224 224 126 223 223 129 222 222 128 227 227 62 226 226 100 225 225 130 228 228 131 226 226 100 227 227 62 229 229 132 228 228 131 227 227 62 230 230 97 228 228 131 229 229 132 231 231 126 230 230 97 229 229 132 232 232 95 230 230 97 231 231 126 233 233 133 232 232 95 231 231 126 234 234 134 232 232 95 233 233 133 235 235 133 234 234 134 233 233 133 236 236 133 234 234 134 235 235 133 233 233 133 236 236 133 235 235 133 237 237 133 236 236 133 233 233 133 238 238 133 237 237 133 233 233 133 239 239 133 237 237 133 238 238 133 240 240 126 239 239 133 238 238 133 241 241 126 239 239 133 240 240 126 242 242 135 241 241 126 240 240 126 243 243 126 241 241 126 242 242 135 244 244 96 243 243 126 242 242 135 245 245 136 243 243 126 244 244 96 246 246 95 245 245 136 244 244 96 247 247 137 245 245 136 246 246 95 248 248 94 247 247 137 246 246 95 249 249 127 247 247 137 248 248 94 250 250 73 249 249 127 248 248 94 251 251 35 249 249 127 250 250 73 252 252 127 251 251 35 250 250 73 253 253 138 251 251 35 252 252 127 254 254 139 253 253 138 252 252 127 255 255 140 253 253 138 254 254 139 256 256 18 255 255 140 254 254 139 257 257 13 255 255 140 256 256 18 258 258 141 257 257 13 256 256 18 259 259 142 257 257 13 258 258 141 260 260 19 259 259 142 258 258 141 263 263 135 262 262 143 261 261 93 264 264 118 262 262 143 263 263 135 265 265 120 264 264 118 263 263 135 266 266 95 264 264 118 265 265 120 267 267 144 266 266 95 265 265 120 268 268 67 266 266 95 267 267 144 269 269 62 268 268 67 267 267 144 270 270 130 268 268 67 269 269 62 271 271 56 270 270 130 269 269 62 272 272 62 270 270 130 271 271 56 273 273 145 272 272 62 271 271 56 274 274 49 272 272 62 273 273 145 275 275 145 274 274 49 273 273 145 276 276 54 274 274 49 275 275 145 277 277 54 276 276 54 275 275 145 278 278 54 276 276 54 277 277 54 279 279 49 278 278 54 277 277 54 280 280 54 278 278 54 279 279 49 281 281 54 280 280 54 279 279 49 282 282 54 280 280 54 281 281 54 283 283 54 282 282 54 281 281 54 284 284 53 282 282 54 283 283 54 285 285 54 284 284 53 283 283 54 286 286 57 284 284 53 285 285 54 287 287 146 286 286 57 285 285 54 288 288 109 286 286 57 287 287 146 289 289 109 288 288 109 287 287 146 290 290 118 288 288 109 289 289 109 291 291 100 290 290 118 289 289 109 292 292 64 290 290 118 291 291 100 293 293 50 292 292 64 291 291 100 294 294 147 292 292 64 293 293 50 295 295 25 294 294 147 293 293 50 298 298 79 297 297 148 296 296 90 299 299 149 297 297 148 298 298 79 300 300 79 299 299 149 298 298 79 301 301 79 299 299 149 300 300 79 302 302 6 301 301 79 300 300 79 303 303 150 301 301 79 302 302 6 304 304 5 303 303 150 302 302 6 305 305 90 303 303 150 304 304 5 306 306 88 305 305 90 304 304 5 307 307 86 305 305 90 306 306 88 308 308 86 307 307 86 306 306 88 309 309 151 307 307 86 308 308 86 310 310 82 309 309 151 308 308 86 311 311 151 309 309 151 310 310 82 312 312 29 311 311 151 310 310 82 313 313 152 311 311 151 312 312 29 314 314 30 313 313 152 312 312 29 315 315 82 313 313 152 314 314 30 316 316 39 315 315 82 314 314 30 317 317 36 315 315 82 316 316 39 318 318 31 317 317 36 316 316 39 319 319 151 317 317 36 318 318 31 320 320 153 319 319 151 318 318 31 321 321 154 319 319 151 320 320 153 322 322 155 321 321 154 320 320 153 323 323 151 321 321 154 322 322 155 324 324 30 323 323 151 322 322 155 325 325 156 323 323 151 324 324 30 326 326 157 325 325 156 324 324 30 327 327 158 325 325 156 326 326 157 328 328 159 327 327 158 326 326 157 331 331 161 330 330 149 329 329 160 332 332 156 330 330 149 331 331 161 333 333 162 332 332 156 331 331 161 334 334 163 332 332 156 333 333 162 335 335 125 334 334 163 333 333 162 336 336 124 334 334 163 335 335 125 337 337 51 336 336 124 335 335 125 338 338 70 336 336 124 337 337 51 339 339 125 338 338 70 337 337 51 340 340 160 338 338 70 339 339 125 341 341 144 340 340 160 339 339 125 342 342 164 340 340 160 341 341 144 343 343 67 342 342 164 341 341 144 344 344 165 342 342 164 343 343 67 345 345 96 344 344 165 343 343 67 346 346 166 344 344 165 345 345 96 347 347 124 346 346 166 345 345 96 348 348 167 346 346 166 347 347 124 349 349 168 348 348 167 347 347 124 350 350 72 348 348 167 349 349 168 351 351 73 350 350 72 349 349 168 352 352 169 350 350 72 351 351 73 353 353 127 352 352 169 351 351 73 354 354 170 352 352 169 353 353 127 355 355 171 354 354 170 353 353 127 356 356 30 354 354 170 355 355 171 357 357 30 356 356 30 355 355 171 358 358 154 356 356 30 357 357 30 359 359 30 358 358 154 357 357 30 360 360 30 358 358 154 359 359 30 361 361 34 360 360 30 359 359 30 364 364 172 363 363 86 362 362 13 365 365 24 363 363 86 364 364 172 366 366 21 365 365 24 364 364 172 367 367 21 365 365 24 366 366 21 368 368 92 367 367 21 366 366 21 369 369 82 367 367 21 368 368 92 370 370 173 369 369 82 368 368 92 371 371 27 369 369 82 370 370 173 372 372 30 371 371 27 370 370 173 373 373 16 371 371 27 372 372 30 374 374 174 373 373 16 372 372 30 375 375 38 373 373 16 374 374 174 376 376 175 375 375 38 374 374 174 377 377 176 375 375 38 376 376 175 378 378 37 377 377 176 376 376 175 379 379 176 377 377 176 378 378 37 380 380 71 379 379 176 378 378 37 381 381 177 379 379 176 380 380 71 382 382 178 381 381 177 380 380 71 383 383 72 381 381 177 382 382 178 384 384 114 383 383 72 382 382 178 385 385 179 383 383 72 384 384 114 386 386 170 385 385 179 384 384 114 387 387 180 385 385 179 386 386 170 388 388 115 387 387 180 386 386 170 389 389 129 387 387 180 388 388 115 390 390 126 389 389 129 388 388 115 391 391 181 389 389 129 390 390 126 392 392 139 391 391 181 390 390 126 393 393 17 391 391 181 392 392 139 396 396 33 395 395 173 394 394 27 397 397 30 395 395 173 396 396 33 398 398 182 397 397 30 396 396 33 399 399 33 397 397 30 398 398 182 400 400 16 399 399 33 398 398 182 401 401 31 399 399 33 400 400 16 402 402 183 401 401 31 400 400 16 403 403 153 401 401 31 402 402 183 404 404 184 403 403 153 402 402 183 405 405 185 403 403 153 404 404 184 406 406 139 405 405 185 404 404 184 407 407 186 405 405 185 406 406 139 408 408 186 407 407 186 406 406 139 409 409 187 407 407 186 408 408 186 410 410 170 409 409 187 408 408 186 411 411 38 409 409 187 410 410 170 412 412 35 411 411 38 410 410 170 413 413 38 411 411 38 412 412 35 414 414 176 413 413 38 412 412 35 415 415 37 413 413 38 414 414 176 416 416 188 415 415 37 414 414 176 417 417 189 415 415 37 416 416 188 418 418 172 417 417 189 416 416 188 419 419 138 417 417 189 418 418 172 420 420 171 419 419 138 418 418 172 421 421 71 419 419 138 420 420 171 422 422 180 421 421 71 420 420 171 423 423 30 421 421 71 422 422 180 424 424 183 423 423 30 422 422 180 416 416 188 420 420 171 418 418 172 425 425 114 420 420 171 416 416 188 426 426 177 425 425 114 416 416 188 427 427 190 425 425 114 426 426 177 428 428 127 427 427 190 426 426 177 429 429 127 427 427 190 428 428 127 426 426 177 429 429 127 428 428 127 430 430 179 429 429 127 426 426 177 431 431 190 430 430 179 426 426 177 432 432 191 430 430 179 431 431 190 433 433 192 432 432 191 431 431 190 434 434 126 432 432 191 433 433 192 435 435 126 434 434 126 433 433 192 436 436 126 434 434 126 435 435 126 437 437 76 436 436 126 435 435 126 438 438 193 436 436 126 437 437 76 439 439 126 438 438 193 437 437 76 440 440 194 438 438 193 439 439 126 437 437 76 440 440 194 439 439 126 441 441 76 440 440 194 437 437 76 442 442 116 441 441 76 437 437 76 443 443 126 441 441 76 442 442 116 444 444 73 443 443 126 442 442 116 445 445 177 443 443 126 444 444 73 446 446 127 445 445 177 444 444 73 447 447 177 445 445 177 446 446 127 448 448 193 447 447 177 446 446 127 449 449 32 447 447 177 448 448 193 450 450 185 449 449 32 448 448 193 453 453 51 452 452 195 451 451 63 454 454 97 452 452 195 453 453 51 455 455 144 454 454 97 453 453 51 456 456 100 454 454 97 455 455 144 457 457 48 456 456 100 455 455 144 458 458 47 456 456 100 457 457 48 459 459 65 458 458 47 457 457 48 460 460 118 458 458 47 459 459 65 461 461 95 460 460 118 459 459 65 462 462 165 460 460 118 461 461 95 463 463 162 462 462 165 461 461 95 464 464 69 462 462 165 463 463 162 465 465 168 464 464 69 463 463 162 466 466 196 464 464 69 465 465 168 467 467 76 466 466 196 465 465 168 468 468 193 466 466 196 467 467 76 469 469 192 468 468 193 467 467 76 470 470 197 468 468 193 469 469 192 471 471 127 470 470 197 469 469 192 472 472 180 470 470 197 471 471 127 473 473 198 472 472 180 471 471 127 474 474 198 472 472 180 473 473 198 475 475 139 474 474 198 473 473 198 476 476 30 474 474 198 475 475 139 477 477 39 476 476 30 475 475 139 478 478 30 476 476 30 477 477 39 479 479 30 478 478 30 477 477 39 480 480 30 478 478 30 479 479 30 481 481 199 480 480 30 479 479 30 265 265 120 269 269 62 267 267 144 482 482 102 269 269 62 265 265 120 483 483 101 482 482 102 265 265 120 484 484 59 482 482 102 483 483 101 485 485 104 484 484 59 483 483 101 486 486 106 484 484 59 485 485 104 487 487 61 486 486 106 485 485 104 488 488 61 486 486 106 487 487 61 489 489 122 488 488 61 487 487 61 490 490 61 488 488 61 489 489 122 491 491 63 490 490 61 489 489 122 492 492 101 490 490 61 491 491 63 493 493 50 492 492 101 491 491 63 494 494 63 492 492 101 493 493 50 495 495 117 494 494 63 493 493 50 496 496 51 494 494 63 495 495 117 497 497 181 496 496 51 495 495 117 498 498 136 496 496 51 497 497 181 499 499 200 498 498 136 497 497 181 500 500 69 498 498 136 499 499 200 501 501 127 500 500 69 499 499 200 502 502 73 500 500 69 501 501 127 503 503 73 502 502 73 501 501 127 504 504 71 502 502 73 503 503 73 505 505 173 504 504 71 503 503 73 506 506 197 504 504 71 505 505 173 507 507 174 506 506 197 505 505 173 508 508 188 506 506 197 507 507 174 145 145 9 141 141 3 143 143 90 509 509 201 141 141 3 145 145 9 510 510 202 509 509 201 145 145 9 511 511 24 509 509 201 510 510 202 512 512 22 511 511 24 510 510 202 513 513 7 511 511 24 512 512 22 514 514 142 513 513 7 512 512 22 515 515 86 513 513 7 514 514 142 516 516 7 515 515 86 514 514 142 517 517 7 515 515 86 516 516 7 518 518 81 517 517 7 516 516 7 519 519 81 517 517 7 518 518 81 520 520 15 519 519 81 518 518 81 521 521 31 519 519 81 520 520 15 522 522 16 521 521 31 520 520 15 523 523 174 521 521 31 522 522 16 524 524 182 523 523 174 522 522 16 525 525 18 523 523 174 524 524 182 526 526 203 525 525 18 524 524 182 527 527 186 525 525 18 526 526 203 528 528 204 527 527 186 526 526 203 529 529 184 527 527 186 528 528 204 530 530 139 529 529 184 528 528 204 531 531 185 529 529 184 530 530 139 532 532 18 531 531 185 530 530 139 533 533 153 531 531 185 532 532 18 534 534 153 533 533 153 532 532 18 537 537 150 536 536 79 535 535 79 538 538 3 536 536 79 537 537 150 539 539 5 538 538 3 537 537 150 540 540 205 538 538 3 539 539 5 541 541 205 540 540 205 539 539 5 542 542 36 540 540 205 541 541 205 543 543 21 542 542 36 541 541 205 544 544 83 542 542 36 543 543 21 545 545 34 544 544 83 543 543 21 542 542 36 544 544 83 545 545 34 546 546 155 542 542 36 545 545 34 547 547 39 542 542 36 546 546 155 548 548 187 547 547 39 546 546 155 549 549 138 547 547 39 548 548 187 550 550 114 549 549 138 548 548 187 551 551 204 549 549 138 550 550 114 552 552 187 551 551 204 550 550 114 553 553 184 551 551 204 552 552 187 554 554 176 553 553 184 552 552 187 555 555 140 553 553 184 554 554 176 556 556 37 555 555 140 554 554 176 557 557 21 555 555 140 556 556 37 558 558 16 557 557 21 556 556 37 559 559 32 557 557 21 558 558 16 560 560 173 559 559 32 558 558 16 561 561 39 559 559 32 560 560 173 562 562 39 561 561 39 560 560 173 565 565 78 564 564 10 563 563 78 566 566 91 564 564 10 565 565 78 567 567 149 566 566 91 565 565 78 568 568 150 566 566 91 567 567 149 569 569 79 568 568 150 567 567 149 536 536 79 568 568 150 569 569 79 570 570 91 536 536 79 569 569 79 535 535 79 536 536 79 570 570 91 571 571 90 535 535 79 570 570 91 537 537 150 535 535 79 571 571 90 572 572 6 537 537 150 571 571 90 539 539 5 537 537 150 572 572 6 573 573 206 539 539 5 572 572 6 574 574 157 539 539 5 573 573 206 575 575 9 574 574 157 573 573 206 576 576 81 574 574 157 575 575 9 577 577 20 576 576 81 575 575 9 578 578 29 576 576 81 577 577 20 579 579 17 578 578 29 577 577 20 580 580 151 578 578 29 579 579 17 581 581 36 580 580 151 579 579 17 582 582 153 580 580 151 581 581 36 583 583 154 582 582 153 581 581 36 584 584 18 582 582 153 583 583 154 585 585 3 584 584 18 583 583 154 481 586 199 584 584 18 585 585 3 588 589 69 587 588 162 586 587 128 589 590 194 587 588 162 588 589 69 590 591 179 589 590 194 588 589 69 591 592 197 589 590 194 590 591 179 592 593 190 591 592 197 590 591 179 593 594 191 591 592 197 592 593 190 594 595 114 593 594 191 592 593 190 595 596 178 593 594 191 594 595 114 596 597 171 595 596 178 594 595 114 597 598 171 595 596 178 596 597 171 598 599 138 597 598 171 596 597 171 599 600 186 597 598 171 598 599 138 600 601 186 599 600 186 598 599 138 601 602 175 599 600 186 600 601 186 602 603 32 601 602 175 600 601 186 599 600 186 601 602 175 602 603 32 603 604 182 599 600 186 602 603 32 373 373 16 599 600 186 603 604 182 604 605 27 373 373 16 603 604 182 605 606 36 373 373 16 604 605 27 606 607 151 605 606 36 604 605 27 371 371 27 605 606 36 606 607 151 607 608 36 371 371 27 606 607 151 367 367 21 371 371 27 607 608 36 608 609 34 367 367 21 607 608 36 609 610 27 367 367 21 608 609 34 612 613 194 611 612 94 610 611 194 613 614 166 611 612 94 612 613 194 614 615 168 613 614 166 612 613 194 615 616 165 613 614 166 614 615 168 616 617 166 615 616 165 614 615 168 617 618 147 615 616 165 616 617 166 614 615 168 617 618 147 616 617 166 618 619 93 617 618 147 614 615 168 619 620 179 618 619 93 614 615 168 620 621 68 618 619 93 619 620 179 621 622 180 620 621 68 619 620 179 622 623 127 620 621 68 621 622 180 623 624 170 622 623 127 621 622 180 624 625 115 622 623 127 623 624 170 625 626 140 624 625 115 623 624 170 626 627 191 624 625 115 625 626 140 627 628 207 626 627 191 625 626 140 628 629 114 626 627 191 627 628 207 625 626 140 628 629 114 627 628 207 629 630 138 628 629 114 625 626 140 630 631 183 629 630 138 625 626 140 631 632 92 629 630 138 630 631 183 632 633 82 631 632 92 630 631 183 633 634 81 631 632 92 632 633 82 634 635 22 633 634 81 632 633 82 635 636 205 633 634 81 634 635 22 91 91 55 95 95 61 93 93 59 636 637 106 95 95 61 91 91 55 637 638 103 636 637 106 91 91 55 638 639 131 636 637 106 637 638 103 639 640 123 638 639 131 637 638 103 640 641 47 638 639 131 639 640 123 641 642 64 640 641 47 639 640 123 642 643 47 640 641 47 641 642 64 643 644 131 642 643 47 641 642 64 644 645 208 642 643 47 643 644 131 645 646 47 644 645 208 643 644 131 646 647 95 644 645 208 645 646 47 647 648 209 646 647 95 645 646 47 648 649 210 646 647 95 647 648 209 649 650 137 648 649 210 647 648 209 650 651 193 648 649 210 649 650 137 651 652 181 650 651 193 649 650 137 652 653 114 650 651 193 651 652 181 653 654 115 652 653 114 651 652 181 654 655 8 652 653 114 653 654 115 655 656 201 654 655 8 653 654 115 656 657 69 654 655 8 655 656 201 657 658 129 656 657 69 655 656 201 658 659 194 656 657 69 657 658 129 659 660 143 658 659 194 657 658 129 662 663 212 661 662 87 660 661 211 663 664 157 661 662 87 662 663 212 664 665 157 663 664 157 662 663 212 665 666 81 663 664 157 664 665 157 666 667 83 665 666 81 664 665 157 667 668 151 665 666 81 666 667 83 668 669 22 667 668 151 666 667 83 669 670 81 667 668 151 668 669 22 670 671 25 669 670 81 668 669 22 671 672 152 669 670 81 670 671 25 672 673 7 671 672 152 670 671 25 673 674 152 671 672 152 672 673 7 674 675 88 673 674 152 672 673 7 675 676 25 673 674 152 674 675 88 676 677 17 675 676 25 674 675 88 677 678 28 675 676 25 676 677 17 678 679 75 677 678 28 676 677 17 634 635 22 677 678 28 678 679 75 679 680 8 634 635 22 678 679 75 635 636 205 634 635 22 679 680 8 680 681 211 635 636 205 679 680 8 633 634 81 635 636 205 680 681 211 681 682 8 633 634 81 680 681 211 682 683 8 633 634 81 681 682 8 473 473 198 477 477 39 475 475 139 683 684 37 477 477 39 473 473 198 684 685 191 683 684 37 473 473 198 685 686 204 683 684 37 684 685 191 686 687 71 685 686 204 684 685 191 687 688 176 685 686 204 686 687 71 688 689 114 687 688 176 686 687 71 689 690 114 687 688 176 688 689 114 690 691 197 689 690 114 688 689 114 691 692 143 689 690 114 690 691 197 692 693 190 691 692 143 690 691 197 693 694 143 691 692 143 692 693 190 694 695 213 693 694 143 692 693 190 695 696 188 693 694 143 694 695 213 696 697 187 695 696 188 694 695 213 697 698 37 695 696 188 696 697 187 698 699 214 697 698 37 696 697 187 699 700 15 697 698 37 698 699 214 700 701 21 699 700 15 698 699 214 701 702 151 699 700 15 700 701 21 559 703 32 701 702 151 700 701 21 702 704 152 701 702 151 559 703 32 561 705 39 702 704 152 559 703 32 562 706 39 702 704 152 561 705 39 705 709 18 704 708 174 703 707 153 706 710 184 704 708 174 705 709 18 707 711 92 706 710 184 705 709 18 708 712 186 706 710 184 707 711 92 709 713 172 708 712 186 707 711 92 710 714 170 708 712 186 709 713 172 711 715 172 710 714 170 709 713 172 712 716 37 710 714 170 711 715 172 713 717 186 712 716 37 711 715 172 714 718 186 712 716 37 713 717 186 715 719 204 714 718 186 713 717 186 716 720 92 714 718 186 715 719 204 717 721 184 716 720 92 715 719 204 714 718 186 716 720 92 717 721 184 718 722 139 714 718 186 717 721 184 719 723 37 714 718 186 718 722 139 720 724 141 719 723 37 718 722 139 721 725 92 719 723 37 720 724 141 722 726 189 721 725 92 720 724 141 723 727 140 721 725 92 722 726 189 724 728 178 723 727 140 722 726 189 725 729 116 723 727 140 724 728 178 726 730 33 725 729 116 724 728 178 727 731 18 725 729 116 726 730 33 730 734 176 729 733 94 728 732 138 731 735 70 729 733 94 730 734 176 732 736 136 731 735 70 730 734 176 733 737 74 731 735 70 732 736 136 734 738 196 733 737 74 732 736 136 735 739 197 733 737 74 734 738 196 736 740 76 735 739 197 734 738 196 737 741 191 735 739 197 736 740 76 738 742 207 737 741 191 736 740 76 739 743 171 737 741 191 738 742 207 740 744 170 739 743 171 738 742 207 741 745 138 739 743 171 740 744 170 742 746 186 741 745 138 740 744 170 743 747 172 741 745 138 742 746 186 744 748 37 743 747 172 742 746 186 741 745 138 743 747 172 744 748 37 745 749 35 741 745 138 744 748 37 746 750 170 741 745 138 745 749 35 747 751 169 746 750 170 745 749 35 748 752 213 746 750 170 747 751 169 749 753 151 748 752 213 747 751 169 750 754 207 748 752 213 749 753 151 751 755 82 750 754 207 749 753 151 752 756 182 750 754 207 751 755 82 755 759 215 754 758 64 753 757 110 756 760 64 754 758 64 755 759 215 757 761 100 756 760 64 755 759 215 758 762 106 756 760 64 757 761 100 759 763 104 758 762 106 757 761 100 760 764 105 758 762 106 759 763 104 761 765 104 760 764 105 759 763 104 762 766 107 760 764 105 761 765 104 763 767 109 762 766 107 761 765 104 764 768 105 762 766 107 763 767 109 765 769 107 764 768 105 763 767 109 766 770 59 764 768 105 765 769 107 767 771 216 766 770 59 765 769 107 768 772 216 766 770 59 767 771 216 769 773 217 768 772 216 767 771 216 770 774 53 768 772 216 769 773 217 771 775 47 770 774 53 769 773 217 772 776 99 770 774 53 771 775 47 773 777 120 772 776 99 771 775 47 774 778 111 772 776 99 773 777 120 775 779 171 774 778 111 773 777 120 776 780 67 774 778 111 775 779 171 777 781 169 776 780 67 775 779 171 778 782 140 776 780 67 777 781 169 781 785 38 780 784 137 779 783 204 782 786 162 780 784 137 781 785 38 783 787 136 782 786 162 781 785 38 784 788 119 782 786 162 783 787 136 785 789 47 784 788 119 783 787 136 786 790 47 784 788 119 785 789 47 787 791 144 786 790 47 785 789 47 788 792 144 786 790 47 787 791 144 789 793 124 788 792 144 787 791 144 786 790 47 788 792 144 789 793 124 790 794 164 786 790 47 789 793 124 791 795 47 786 790 47 790 794 164 792 796 164 791 795 47 790 794 164 793 797 161 791 795 47 792 796 164 794 798 135 793 797 161 792 796 164 795 799 117 793 797 161 794 798 135 796 800 120 795 799 117 794 798 135 797 801 120 795 799 117 796 800 120 798 802 66 797 801 120 796 800 120 799 803 66 797 801 120 798 802 66 800 804 125 799 803 66 798 802 66 801 805 144 799 803 66 800 804 125 802 806 67 801 805 144 800 804 125 805 809 138 804 808 33 803 807 203 806 810 186 804 808 33 805 809 138 807 811 114 806 810 186 805 809 138 808 812 172 806 810 186 807 811 114 809 813 126 808 812 172 807 811 114 810 814 129 808 812 172 809 813 126 811 815 69 810 814 129 809 813 126 812 816 168 810 814 129 811 815 69 813 817 94 812 816 168 811 815 69 810 814 129 812 816 168 813 817 94 814 818 76 810 814 129 813 817 94 815 819 187 810 814 129 814 818 76 816 820 93 815 819 187 814 818 76 817 821 171 815 819 187 816 820 93 818 822 193 817 821 171 816 820 93 819 823 183 817 821 171 818 822 193 820 824 71 819 823 183 818 822 193 821 825 113 819 823 183 820 824 71 822 826 204 821 825 113 820 824 71 823 827 214 821 825 113 822 826 204 824 828 124 823 827 214 822 826 204 825 829 169 823 827 214 824 828 124 826 830 155 825 829 169 824 828 124 216 216 123 220 220 126 218 218 124 827 831 118 220 220 126 216 216 123 828 832 132 827 831 118 216 216 123 829 833 119 827 831 118 828 832 132 830 834 97 829 833 119 828 832 132 831 835 47 829 833 119 830 834 97 208 208 117 831 835 47 830 834 97 832 836 209 831 835 47 208 208 117 833 837 125 832 836 209 208 208 117 834 838 218 832 836 209 833 837 125 835 839 95 834 838 218 833 837 125 836 840 68 834 838 218 835 839 95 837 841 136 836 840 68 835 839 95 838 842 116 836 840 68 837 841 136 839 843 179 838 842 116 837 841 136 840 844 170 838 842 116 839 843 179 841 845 140 840 844 170 839 843 179 842 846 185 840 844 170 841 845 140 843 847 115 842 846 185 841 845 140 844 848 35 842 846 185 843 847 115 845 849 38 844 848 35 843 847 115 846 850 189 844 848 35 845 849 38 847 851 92 846 850 189 845 849 38 526 526 203 530 530 139 528 528 204 848 852 183 530 530 139 526 526 203 849 853 30 848 852 183 526 526 203 850 854 141 848 852 183 849 853 30 851 855 34 850 854 141 849 853 30 852 856 85 850 854 141 851 855 34 853 857 152 852 856 85 851 855 34 854 858 81 852 856 85 853 857 152 855 859 24 854 858 81 853 857 152 856 860 152 854 858 81 855 859 24 857 861 86 856 860 152 855 859 24 858 862 26 856 860 152 857 861 86 859 863 25 858 862 26 857 861 86 860 864 88 858 862 26 859 863 25 861 865 90 860 864 88 859 863 25 862 866 157 860 864 88 861 865 90 863 867 206 862 866 157 861 865 90 864 868 78 862 866 157 863 867 206 865 869 9 864 868 78 863 867 206 866 870 149 864 868 78 865 869 9 867 871 212 866 870 149 865 869 9 868 872 219 866 870 149 867 871 212 500 500 69 496 496 51 498 498 136 869 873 217 496 496 51 500 500 69 870 874 125 869 873 217 500 500 69 496 496 51 869 873 217 870 874 125 871 875 117 496 496 51 870 874 125 494 494 63 496 496 51 871 875 117 872 876 98 494 494 63 871 875 117 873 877 130 494 494 63 872 876 98 874 878 109 873 877 130 872 876 98 875 879 109 873 877 130 874 878 109 876 880 105 875 879 109 874 878 109 877 881 146 875 879 109 876 880 105 878 882 109 877 881 146 876 880 105 879 883 108 877 881 146 878 882 109 880 884 100 879 883 108 878 882 109 881 885 58 879 883 108 880 884 100 882 886 130 881 885 58 880 884 100 883 887 62 881 885 58 882 886 130 884 888 48 883 887 62 882 886 130 885 889 99 883 887 62 884 888 48 293 293 50 885 889 99 884 888 48 291 291 100 885 889 99 293 293 50 887 891 216 641 642 64 886 890 104 888 892 101 641 642 64 887 891 216 889 893 132 888 892 101 887 891 216 643 644 131 888 892 101 889 893 132 890 894 122 643 644 131 889 893 132 645 646 47 643 644 131 890 894 122 226 226 100 645 646 47 890 894 122 647 648 209 645 646 47 226 226 100 228 228 131 647 648 209 226 226 100 651 652 181 647 648 209 228 228 131 230 230 97 651 652 181 228 228 131 891 895 70 651 652 181 230 230 97 892 896 93 891 895 70 230 230 97 653 654 115 891 895 70 892 896 93 893 897 198 653 654 115 892 896 93 657 658 129 653 654 115 893 897 198 894 898 170 657 658 129 893 897 198 895 899 178 657 658 129 894 898 170 896 900 188 895 899 178 894 898 170 659 660 143 895 899 178 896 900 188 897 901 143 659 660 143 896 900 188 568 568 150 564 564 10 566 566 91 898 902 6 564 564 10 568 568 150 899 903 149 898 902 6 568 568 150 900 904 150 898 902 6 899 903 149 901 905 156 900 904 150 899 903 149 902 906 150 900 904 150 901 905 156 903 907 212 902 906 150 901 905 156 904 908 206 902 906 150 903 907 212 905 909 5 904 908 206 903 907 212 902 906 150 904 908 206 905 909 5 906 910 211 902 906 150 905 909 5 907 911 150 902 906 150 906 910 211 908 912 87 907 911 150 906 910 211 909 913 17 907 911 150 908 912 87 910 914 202 909 913 17 908 912 87 911 915 2 909 913 17 910 914 202 912 916 2 911 915 2 910 914 202 913 917 1 911 915 2 912 916 2 914 918 2 913 917 1 912 916 2 915 919 201 913 917 1 914 918 2 916 920 40 915 919 201 914 918 2 919 923 99 918 922 125 917 921 66 920 924 47 918 922 125 919 923 99 921 925 106 920 924 47 919 923 99 922 926 215 920 924 47 921 925 106 923 927 216 922 926 215 921 925 106 924 928 146 922 926 215 923 927 216 925 929 54 924 928 146 923 927 216 926 930 49 924 928 146 925 929 54 927 931 54 926 930 49 925 929 54 924 928 146 926 930 49 927 931 54 928 932 56 924 928 146 927 931 54 929 933 101 924 928 146 928 932 56 930 934 53 929 933 101 928 932 56 931 935 99 929 933 101 930 934 53 932 936 135 931 935 99 930 934 53 933 937 118 931 935 99 932 936 135 934 938 167 933 937 118 932 936 135 935 939 196 933 937 118 934 938 167 936 940 118 935 939 196 934 938 167 937 941 116 935 939 196 936 940 118 938 942 194 937 941 116 936 940 118 316 316 39 320 320 153 318 318 31 939 943 18 320 320 153 316 316 39 940 944 153 939 943 18 316 316 39 941 945 186 939 943 18 940 944 153 942 946 184 941 945 186 940 944 153 943 947 38 941 945 186 942 946 184 944 948 174 943 947 38 942 946 184 945 949 186 943 947 38 944 948 174 946 950 38 945 949 186 944 948 174 947 951 178 945 949 186 946 950 38 948 952 191 947 951 178 946 950 38 949 953 127 947 951 178 948 952 191 950 954 113 949 953 127 948 952 191 951 955 177 949 953 127 950 954 113 952 956 197 951 955 177 950 954 113 953 957 182 951 955 177 952 956 197 954 958 139 953 957 182 952 956 197 955 959 153 953 957 182 954 958 139 956 960 139 955 959 153 954 958 139 957 961 189 955 959 153 956 960 139 958 962 176 957 961 189 956 960 139 370 370 173 374 374 174 372 372 30 959 963 174 374 374 174 370 370 173 960 964 172 959 963 174 370 370 173 374 374 174 959 963 174 960 964 172 961 965 37 374 374 174 960 964 172 376 376 175 374 374 174 961 965 37 960 964 172 376 376 175 961 965 37 962 966 213 376 376 175 960 964 172 963 967 176 962 966 213 960 964 172 380 380 71 962 966 213 963 967 176 964 968 176 380 380 71 963 967 176 382 382 178 380 380 71 964 968 176 965 969 170 382 382 178 964 968 176 966 970 169 382 382 178 965 969 170 967 971 187 966 970 169 965 969 170 386 386 170 966 970 169 967 971 187 968 972 172 386 386 170 967 971 187 388 388 115 386 386 170 968 972 172 969 973 27 388 388 115 968 972 172 970 974 85 388 388 115 969 973 27 337 337 51 341 341 144 339 339 125 971 975 119 341 341 144 337 337 51 972 976 99 971 975 119 337 337 51 973 977 47 971 975 119 972 976 99 974 978 48 973 977 47 972 976 99 975 979 99 973 977 47 974 978 48 976 980 123 975 979 99 974 978 48 977 981 122 975 979 99 976 980 123 978 982 103 977 981 122 976 980 123 979 983 132 977 981 122 978 982 103 980 984 106 979 983 132 978 982 103 452 452 195 979 983 132 980 984 106 981 985 100 452 452 195 980 984 106 451 451 63 452 452 195 981 985 100 982 986 64 451 451 63 981 985 100 453 453 51 451 451 63 982 986 64 983 987 162 453 453 51 982 986 64 984 988 193 453 453 51 983 987 162 112 989 37 984 988 193 983 987 162 985 990 35 984 988 193 112 989 37 988 993 97 987 992 101 986 991 99 989 994 98 987 992 101 988 993 97 990 995 132 989 994 98 988 993 97 991 996 117 989 994 98 990 995 132 992 997 110 991 996 117 990 995 132 993 998 110 991 996 117 992 997 110 990 995 132 993 998 110 992 997 110 994 999 130 993 998 110 990 995 132 995 1000 110 994 999 130 990 995 132 996 1001 101 994 999 130 995 1000 110 997 1002 98 996 1001 101 995 1000 110 998 1003 111 996 1001 101 997 1002 98 999 1004 112 998 1003 111 997 1002 98 1000 1005 69 998 1003 111 999 1004 112 1001 1006 114 1000 1005 69 999 1004 112 1002 1007 73 1000 1005 69 1001 1006 114 1003 1008 114 1002 1007 73 1001 1006 114 189 189 114 1002 1007 73 1003 1008 114 1004 1009 127 189 189 114 1003 1008 114 188 188 113 189 189 114 1004 1009 127 1007 1012 83 1006 1011 152 1005 1010 27 1008 1013 36 1006 1011 152 1007 1012 83 1009 1014 36 1008 1013 36 1007 1012 83 1010 1015 82 1008 1013 36 1009 1014 36 1011 1016 15 1010 1015 82 1009 1014 36 1012 1017 29 1010 1015 82 1011 1016 15 1009 1014 36 1012 1017 29 1011 1016 15 1013 1018 36 1012 1017 29 1009 1014 36 1014 1019 27 1013 1018 36 1009 1014 36 1015 1020 36 1013 1018 36 1014 1019 27 1016 1021 27 1015 1020 36 1014 1019 27 328 1022 159 1015 1020 36 1016 1021 27 1017 1023 142 328 1022 159 1016 1021 27 327 1024 158 328 1022 159 1017 1023 142 1018 1025 88 327 1024 158 1017 1023 142 325 1026 156 327 1024 158 1018 1025 88 1019 1027 75 325 1026 156 1018 1025 88 1020 1028 2 325 1026 156 1019 1027 75 1021 1029 91 1020 1028 2 1019 1027 75 1022 1030 91 1020 1028 2 1021 1029 91 1025 1033 125 1024 1032 218 1023 1031 118 1026 1034 218 1024 1032 218 1025 1033 125 1027 1035 125 1026 1034 218 1025 1033 125 1028 1036 165 1026 1034 218 1027 1035 125 1029 1037 165 1028 1036 165 1027 1035 125 1030 1038 181 1028 1036 165 1029 1037 165 1027 1035 125 1030 1038 181 1029 1037 165 1031 1039 111 1030 1038 181 1027 1035 125 1032 1040 135 1031 1039 111 1027 1035 125 1033 1041 135 1031 1039 111 1032 1040 135 1034 1042 161 1033 1041 135 1032 1040 135 1035 1043 97 1033 1041 135 1034 1042 161 1036 1044 144 1035 1043 97 1034 1042 161 1037 1045 117 1035 1043 97 1036 1044 144 1038 1046 217 1037 1045 117 1036 1044 144 1039 1047 215 1037 1045 117 1038 1046 217 1040 1048 208 1039 1047 215 1038 1046 217 1041 1049 137 1039 1047 215 1040 1048 208 656 1050 69 1041 1049 137 1040 1048 208 658 1051 194 1041 1049 137 656 1050 69 314 314 30 940 944 153 316 316 39 1042 1052 30 940 944 153 314 314 30 310 310 82 1042 1052 30 314 314 30 1043 1053 152 1042 1052 30 310 310 82 1044 1054 81 1043 1053 152 310 310 82 1045 1055 13 1043 1053 152 1044 1054 81 308 308 86 1045 1055 13 1044 1054 81 1046 1056 25 1045 1055 13 308 308 86 304 304 5 1046 1056 25 308 308 86 1045 1055 13 1046 1056 25 304 304 5 1047 1057 40 1045 1055 13 304 304 5 661 662 87 1045 1055 13 1047 1057 40 302 302 6 661 662 87 1047 1057 40 660 661 211 661 662 87 302 302 6 298 298 79 660 661 211 302 302 6 662 663 212 660 661 211 298 298 79 1048 1058 79 662 663 212 298 298 79 1049 1059 79 662 663 212 1048 1058 79 296 296 90 1049 1059 79 1048 1058 79 1050 1060 89 1049 1059 79 296 296 90 1053 1063 60 1052 1062 101 1051 1061 105 1054 1064 100 1052 1062 101 1053 1063 60 1055 1065 122 1054 1064 100 1053 1063 60 1056 1066 48 1054 1064 100 1055 1065 122 1057 1067 98 1056 1066 48 1055 1065 122 1058 1068 161 1056 1066 48 1057 1067 98 1055 1065 122 1058 1068 161 1057 1067 98 1059 1069 50 1058 1068 161 1055 1065 122 1060 1070 125 1059 1069 50 1055 1065 122 1058 1068 161 1059 1069 50 1060 1070 125 1061 1071 94 1058 1068 161 1060 1070 125 1062 1072 126 1058 1068 161 1061 1071 94 1063 1073 213 1062 1072 126 1061 1071 94 1064 1074 186 1062 1072 126 1063 1073 213 1065 1075 18 1064 1074 186 1063 1073 213 1066 1076 174 1064 1074 186 1065 1075 18 1067 1077 33 1066 1076 174 1065 1075 18 258 258 141 1066 1076 174 1067 1077 33 260 260 19 258 258 141 1067 1077 33 818 822 193 822 826 204 820 824 71 1068 1078 165 822 826 204 818 822 193 1069 1079 95 1068 1078 165 818 822 193 1070 1080 111 1068 1078 165 1069 1079 95 1071 1081 162 1070 1080 111 1069 1079 95 1072 1082 118 1070 1080 111 1071 1081 162 1073 1083 70 1072 1082 118 1071 1081 162 1074 1084 112 1072 1082 118 1073 1083 70 1075 1085 162 1074 1084 112 1073 1083 70 1072 1082 118 1074 1084 112 1075 1085 162 1076 1086 118 1072 1082 118 1075 1085 162 1077 1087 125 1072 1082 118 1076 1086 118 459 459 65 1077 1087 125 1076 1086 118 1078 1088 208 1077 1087 125 459 459 65 455 455 144 1078 1088 208 459 459 65 1079 1089 196 1078 1088 208 455 455 144 1080 1090 136 1079 1089 196 455 455 144 984 988 193 1079 1089 196 1080 1090 136 453 453 51 984 988 193 1080 1090 136 1082 1092 220 440 440 194 1081 1091 68 1083 1093 74 440 440 194 1082 1092 220 1084 1094 74 1083 1093 74 1082 1092 220 438 438 193 1083 1093 74 1084 1094 74 1085 1095 196 438 438 193 1084 1094 74 434 434 126 438 438 193 1085 1095 196 1086 1096 194 434 434 126 1085 1095 196 1087 1097 126 434 434 126 1086 1096 194 1088 1098 113 1087 1097 126 1086 1096 194 432 432 191 1087 1097 126 1088 1098 113 1089 1099 129 432 432 191 1088 1098 113 429 429 127 432 432 191 1089 1099 129 1090 1100 127 429 429 127 1089 1099 129 1091 1101 113 429 429 127 1090 1100 127 1092 1102 178 1091 1101 113 1090 1100 127 427 427 190 1091 1101 113 1092 1102 178 1093 1103 71 427 427 190 1092 1102 178 420 420 171 427 427 190 1093 1103 71 422 422 180 420 420 171 1093 1103 71 899 903 149 903 907 212 901 905 156 1094 1104 90 903 907 212 899 903 149 1095 1105 40 1094 1104 90 899 903 149 1096 1106 4 1094 1104 90 1095 1105 40 1097 1107 40 1096 1106 4 1095 1105 40 1098 1108 75 1096 1106 4 1097 1107 40 1099 1109 23 1098 1108 75 1097 1107 40 1100 1110 25 1098 1108 75 1099 1109 23 1101 1111 26 1100 1110 25 1099 1109 23 1102 1112 19 1100 1110 25 1101 1111 26 1103 1113 22 1102 1112 19 1101 1111 26 1104 1114 202 1102 1112 19 1103 1113 22 1105 1115 86 1104 1114 202 1103 1113 22 1106 1116 2 1104 1114 202 1105 1115 86 1107 1117 17 1106 1116 2 1105 1115 86 1108 1118 40 1106 1116 2 1107 1117 17 1109 1119 17 1108 1118 40 1107 1117 17 1110 1120 202 1108 1118 40 1109 1119 17 1111 1121 82 1110 1120 202 1109 1119 17 355 355 171 470 470 197 1112 1122 188 1113 1123 177 470 470 197 355 355 171 353 353 127 1113 1123 177 355 355 171 468 468 193 1113 1123 177 353 353 127 1114 1124 68 468 468 193 353 353 127 464 464 69 468 468 193 1114 1124 68 349 349 168 464 464 69 1114 1124 68 1115 1125 147 464 464 69 349 349 168 347 347 124 1115 1125 147 349 349 168 462 462 165 1115 1125 147 347 347 124 1116 1126 209 462 462 165 347 347 124 458 458 47 462 462 165 1116 1126 209 975 979 99 458 458 47 1116 1126 209 1117 1127 63 458 458 47 975 979 99 979 983 132 1117 1127 63 975 979 99 456 456 100 1117 1127 63 979 983 132 1118 1128 61 456 456 100 979 983 132 452 452 195 456 456 100 1118 1128 61 979 983 132 452 452 195 1118 1128 61 1120 1130 116 628 629 114 1119 1129 71 1121 1131 72 628 629 114 1120 1130 116 1122 1132 194 1121 1131 72 1120 1130 116 626 627 191 1121 1131 72 1122 1132 194 1123 1133 179 626 627 191 1122 1132 194 622 623 127 626 627 191 1123 1133 179 1124 1134 220 622 623 127 1123 1133 179 1125 1135 74 622 623 127 1124 1134 220 1126 1136 166 1125 1135 74 1124 1134 220 620 621 68 1125 1135 74 1126 1136 166 1127 1137 166 620 621 68 1126 1136 166 617 618 147 620 621 68 1127 1137 166 1128 1138 160 617 618 147 1127 1137 166 1129 1139 95 617 618 147 1128 1138 160 1130 1140 136 1129 1139 95 1128 1138 160 615 616 165 1129 1139 95 1130 1140 136 1131 1141 221 615 616 165 1130 1140 136 611 612 94 615 616 165 1131 1141 221 1132 1142 139 611 612 94 1131 1141 221 442 442 116 446 446 127 444 444 73 1133 1143 116 446 446 127 442 442 116 1134 1144 73 1133 1143 116 442 442 116 1135 1145 76 1133 1143 116 1134 1144 73 1136 1146 73 1135 1145 76 1134 1144 73 1137 1147 127 1135 1145 76 1136 1146 73 1134 1144 73 1137 1147 127 1136 1146 73 1138 1148 127 1137 1147 127 1134 1144 73 1139 1149 192 1138 1148 127 1134 1144 73 1140 1150 180 1138 1148 127 1139 1149 192 1141 1151 190 1140 1150 180 1139 1149 192 1142 1152 178 1140 1150 180 1141 1151 190 1143 1153 73 1142 1152 178 1141 1151 190 1144 1154 191 1142 1152 178 1143 1153 73 1145 1155 180 1144 1154 191 1143 1153 73 1142 1152 178 1144 1154 191 1145 1155 180 710 714 170 1142 1152 178 1145 1155 180 712 716 37 1142 1152 178 710 714 170 638 639 131 95 95 61 636 637 106 1146 1156 131 95 95 61 638 639 131 1147 1157 47 1146 1156 131 638 639 131 97 97 63 1146 1156 131 1147 1157 47 1148 1158 120 97 97 63 1147 1157 47 101 101 66 97 97 63 1148 1158 120 1149 1159 69 101 101 66 1148 1158 120 1150 1160 74 101 101 66 1149 1159 69 1151 1161 143 1150 1160 74 1149 1159 69 103 103 68 1150 1160 74 1151 1161 143 1152 1162 71 103 103 68 1151 1161 143 106 106 71 103 103 68 1152 1162 71 1153 1163 71 106 106 71 1152 1162 71 1154 1164 114 106 106 71 1153 1163 71 1155 1165 92 1154 1164 114 1153 1163 71 108 108 73 1154 1164 114 1155 1165 92 985 1166 35 108 108 73 1155 1165 92 112 112 37 108 108 73 985 1166 35 164 164 100 168 168 103 166 166 101 1156 1167 103 168 168 103 164 164 100 1157 1168 64 1156 1167 103 164 164 100 754 758 64 1156 1167 103 1157 1168 64 162 162 50 754 758 64 1157 1168 64 753 757 110 754 758 64 162 162 50 158 158 97 753 757 110 162 162 50 755 759 215 753 757 110 158 158 97 1158 1169 121 755 759 215 158 158 97 1159 1170 121 755 759 215 1158 1169 121 156 156 95 1159 1170 121 1158 1169 121 1160 1171 221 1159 1170 121 156 156 95 152 152 68 1160 1171 221 156 156 95 1161 1172 124 1160 1171 221 152 152 68 1162 1173 220 1161 1172 124 152 152 68 1163 1174 128 1161 1172 124 1162 1173 220 150 150 37 1163 1174 128 1162 1173 220 1164 1175 73 1163 1174 128 150 150 37 757 761 100 761 765 104 759 763 104 1165 1176 102 761 765 104 757 761 100 1166 1177 121 1165 1176 102 757 761 100 1167 1178 130 1165 1176 102 1166 1177 121 1168 1179 97 1167 1178 130 1166 1177 121 1169 1180 48 1167 1178 130 1168 1179 97 1170 1181 110 1169 1180 48 1168 1179 97 1171 1182 135 1169 1180 48 1170 1181 110 1172 1183 68 1171 1182 135 1170 1181 110 1173 1184 144 1171 1182 135 1172 1183 68 1174 1185 68 1173 1184 144 1172 1183 68 1175 1186 162 1173 1184 144 1174 1185 68 1176 1187 194 1175 1186 162 1174 1185 68 1177 1188 69 1175 1186 162 1176 1187 194 1178 1189 176 1177 1188 69 1176 1187 194 1179 1190 160 1177 1188 69 1178 1189 176 1180 1191 194 1179 1190 160 1178 1189 176 1181 1192 166 1179 1190 160 1180 1191 194 389 389 129 385 385 179 387 387 180 1182 1193 69 385 385 179 389 389 129 1183 1194 217 1182 1193 69 389 389 129 1184 1195 70 1182 1193 69 1183 1194 217 1185 1196 160 1184 1195 70 1183 1194 217 1024 1032 218 1184 1195 70 1185 1196 160 1183 1194 217 1024 1032 218 1185 1196 160 1023 1031 118 1024 1032 218 1183 1194 217 1186 1197 208 1023 1031 118 1183 1194 217 1025 1033 125 1023 1031 118 1186 1197 208 1187 1198 124 1025 1033 125 1186 1197 208 1188 1199 96 1025 1033 125 1187 1198 124 1189 1200 74 1188 1199 96 1187 1198 124 1190 1201 168 1188 1199 96 1189 1200 74 1191 1202 126 1190 1201 168 1189 1200 74 1192 1203 208 1190 1201 168 1191 1202 126 1193 1204 112 1192 1203 208 1191 1202 126 1194 1205 124 1192 1203 208 1193 1204 112 1197 1208 214 1196 1207 20 1195 1206 21 1198 1209 183 1196 1207 20 1197 1208 214 1199 1210 138 1198 1209 183 1197 1208 214 1200 1211 214 1198 1209 183 1199 1210 138 1201 1212 169 1200 1211 214 1199 1210 138 1202 1213 213 1200 1211 214 1201 1212 169 1203 1214 35 1202 1213 213 1201 1212 169 1204 1215 35 1202 1213 213 1203 1214 35 1205 1216 185 1204 1215 35 1203 1214 35 1206 1217 35 1204 1215 35 1205 1216 185 1207 1218 39 1206 1217 35 1205 1216 185 1208 1219 153 1206 1217 35 1207 1218 39 1209 1220 39 1208 1219 153 1207 1218 39 1210 1221 183 1208 1219 153 1209 1220 39 1211 1222 142 1210 1221 183 1209 1220 39 1212 1223 184 1210 1221 183 1211 1222 142 1213 1224 13 1212 1223 184 1211 1222 142 1214 1225 28 1212 1223 184 1213 1224 13 889 893 132 226 226 100 890 894 122 225 225 130 226 226 100 889 893 132 1215 1226 104 225 225 130 889 893 132 227 227 62 225 225 130 1215 1226 104 1216 1227 103 227 227 62 1215 1226 104 1217 1228 106 227 227 62 1216 1227 103 1218 1229 222 1217 1228 106 1216 1227 103 1219 1230 58 1217 1228 106 1218 1229 222 1220 1231 222 1219 1230 58 1218 1229 222 1221 1232 146 1219 1230 58 1220 1231 222 1222 1233 223 1221 1232 146 1220 1231 222 1223 1234 55 1221 1232 146 1222 1233 223 1224 1235 53 1223 1234 55 1222 1233 223 1225 1236 146 1223 1234 55 1224 1235 53 801 1237 144 1225 1236 146 1224 1235 53 1226 1238 103 1225 1236 146 801 1237 144 802 1239 67 1226 1238 103 801 1237 144 1227 1240 147 1226 1238 103 802 1239 67 1230 1243 115 1229 1242 69 1228 1241 169 1231 1244 70 1229 1242 69 1230 1243 115 1232 1245 162 1231 1244 70 1230 1243 115 1233 1246 221 1231 1244 70 1232 1245 162 1234 1247 95 1233 1246 221 1232 1245 162 1235 1248 66 1233 1246 221 1234 1247 95 1236 1249 70 1235 1248 66 1234 1247 95 1237 1250 218 1235 1248 66 1236 1249 70 1238 1251 112 1237 1250 218 1236 1249 70 1239 1252 218 1237 1250 218 1238 1251 112 1240 1253 112 1239 1252 218 1238 1251 112 1241 1254 70 1239 1252 218 1240 1253 112 1242 1255 94 1241 1254 70 1240 1253 112 1243 1256 94 1241 1254 70 1242 1255 94 1244 1257 163 1243 1256 94 1242 1255 94 1241 1254 70 1243 1256 94 1244 1257 163 1245 1258 94 1241 1254 70 1244 1257 163 1246 1259 128 1241 1254 70 1245 1258 94 1249 1262 182 1248 1261 157 1247 1260 157 1250 1263 173 1248 1261 157 1249 1262 182 1251 1264 184 1250 1263 173 1249 1262 182 1252 1265 183 1250 1263 173 1251 1264 184 1253 1266 92 1252 1265 183 1251 1264 184 1254 1267 170 1252 1265 183 1253 1266 92 1255 1268 140 1254 1267 170 1253 1266 92 1256 1269 213 1254 1267 170 1255 1268 140 1257 1270 71 1256 1269 213 1255 1268 140 1254 1267 170 1256 1269 213 1257 1270 71 1258 1271 113 1254 1267 170 1257 1270 71 1259 1272 180 1254 1267 170 1258 1271 113 1260 1273 126 1259 1272 180 1258 1271 113 1261 1274 192 1259 1272 180 1260 1273 126 1262 1275 210 1261 1274 192 1260 1273 126 1263 1276 152 1261 1274 192 1262 1275 210 1264 1277 72 1263 1276 152 1262 1275 210 171 171 106 167 167 102 169 169 104 1265 1278 130 167 167 102 171 171 106 1266 1279 195 1265 1278 130 171 171 106 1267 1280 123 1265 1278 130 1266 1279 195 1268 1281 101 1267 1280 123 1266 1279 195 1269 1282 130 1267 1280 123 1268 1281 101 1270 1283 132 1269 1282 130 1268 1281 101 1271 1284 104 1269 1282 130 1270 1283 132 1272 1285 195 1271 1284 104 1270 1283 132 1273 1286 135 1271 1284 104 1272 1285 195 1274 1287 120 1273 1286 135 1272 1285 195 1275 1288 67 1273 1286 135 1274 1287 120 1276 1289 144 1275 1288 67 1274 1287 120 1277 1290 181 1275 1288 67 1276 1289 144 185 185 96 1277 1290 181 1276 1289 144 1278 1291 128 1277 1290 181 185 185 96 187 187 94 1278 1291 128 185 185 96 1039 1047 215 1035 1043 97 1037 1045 117 1279 1292 215 1035 1043 97 1039 1047 215 1280 1293 118 1279 1292 215 1039 1047 215 1281 1294 66 1279 1292 215 1280 1293 118 1282 1295 208 1281 1294 66 1280 1293 118 1283 1296 160 1281 1294 66 1282 1295 208 587 588 162 1283 1296 160 1282 1295 208 1284 1297 69 1283 1296 160 587 588 162 589 590 194 1284 1297 69 587 588 162 1285 1298 76 1284 1297 69 589 590 194 591 592 197 1285 1298 76 589 590 194 1286 1299 179 1285 1298 76 591 592 197 1287 1300 113 1286 1299 179 591 592 197 1288 1301 192 1286 1299 179 1287 1300 113 1289 1302 190 1288 1301 192 1287 1300 113 379 379 176 1288 1301 192 1289 1302 190 377 377 176 379 379 176 1289 1302 190 45 45 24 41 41 20 43 43 22 1290 1303 22 41 41 20 45 45 24 1291 1304 27 1290 1303 22 45 45 24 1292 1305 92 1290 1303 22 1291 1304 27 1293 1306 139 1292 1305 92 1291 1304 27 1294 1307 13 1292 1305 92 1293 1306 139 1295 1308 92 1294 1307 13 1293 1306 139 1296 1309 13 1294 1307 13 1295 1308 92 1297 1310 32 1296 1309 13 1295 1308 92 1298 1311 13 1296 1309 13 1297 1310 32 1299 1312 32 1298 1311 13 1297 1310 32 1300 1313 13 1298 1311 13 1299 1312 32 1301 1314 32 1300 1313 13 1299 1312 32 1302 1315 32 1300 1313 13 1301 1314 32 65 65 32 1302 1315 32 1301 1314 32 68 68 7 1302 1315 32 65 65 32 66 66 39 68 68 7 65 65 32 1305 1318 224 1304 1317 142 1303 1316 224 1306 1319 27 1304 1317 142 1305 1318 224 1307 1320 151 1306 1319 27 1305 1318 224 1308 1321 84 1306 1319 27 1307 1320 151 1309 1322 30 1308 1321 84 1307 1320 151 1310 1323 173 1308 1321 84 1309 1322 30 1311 1324 154 1310 1323 173 1309 1322 30 1312 1325 16 1310 1323 173 1311 1324 154 1313 1326 153 1312 1325 16 1311 1324 154 1314 1327 139 1312 1325 16 1313 1326 153 1315 1328 140 1314 1327 139 1313 1326 153 1316 1329 213 1314 1327 139 1315 1328 140 1317 1330 178 1316 1329 213 1315 1328 140 1318 1331 176 1316 1329 213 1317 1330 178 1319 1332 170 1318 1331 176 1317 1330 178 1320 1333 115 1318 1331 176 1319 1332 170 1321 1334 169 1320 1333 115 1319 1332 170 1324 1337 174 1323 1336 13 1322 1335 21 1325 1338 175 1323 1336 13 1324 1337 174 1326 1339 204 1325 1338 175 1324 1337 174 1327 1340 203 1325 1338 175 1326 1339 204 1328 1341 92 1327 1340 203 1326 1339 204 1329 1342 153 1327 1340 203 1328 1341 92 1330 1343 186 1329 1342 153 1328 1341 92 1331 1344 174 1329 1342 153 1330 1343 186 1332 1345 203 1331 1344 174 1330 1343 186 1329 1342 153 1331 1344 174 1332 1345 203 1333 1346 182 1329 1342 153 1332 1345 203 1334 1347 39 1329 1342 153 1333 1346 182 1335 1348 32 1334 1347 39 1333 1346 182 1336 1349 16 1334 1347 39 1335 1348 32 1337 1350 30 1336 1349 16 1335 1348 32 1338 1351 1 1336 1349 16 1337 1350 30 1339 1352 225 1338 1351 1 1337 1350 30 1342 1355 150 1341 1354 88 1340 1353 91 1343 1356 13 1341 1354 88 1342 1355 150 1344 1357 81 1343 1356 13 1342 1355 150 1345 1358 26 1343 1356 13 1344 1357 81 1346 1359 159 1345 1358 26 1344 1357 81 1347 1360 154 1345 1358 26 1346 1359 159 1348 1361 82 1347 1360 154 1346 1359 159 1349 1362 32 1347 1360 154 1348 1361 82 1350 1363 39 1349 1362 32 1348 1361 82 1351 1364 155 1349 1362 32 1350 1363 39 1352 1365 183 1351 1364 155 1350 1363 39 1353 1366 15 1351 1364 155 1352 1365 183 1354 1367 203 1353 1366 15 1352 1365 183 1355 1368 184 1353 1366 15 1354 1367 203 1356 1369 82 1355 1368 184 1354 1367 203 1357 1370 185 1355 1368 184 1356 1369 82 1358 1371 187 1357 1370 185 1356 1369 82 1360 1373 83 853 857 152 1359 1372 152 855 859 24 853 857 152 1360 1373 83 1361 1374 13 855 859 24 1360 1373 83 1362 1375 26 855 859 24 1361 1374 13 1363 1376 205 1362 1375 26 1361 1374 13 859 863 25 1362 1375 26 1363 1376 205 1364 1377 23 859 863 25 1363 1376 205 861 865 90 859 863 25 1364 1377 23 1363 1376 205 861 865 90 1364 1377 23 1365 1378 8 861 865 90 1363 1376 205 1366 1379 75 1365 1378 8 1363 1376 205 865 869 9 1365 1378 8 1366 1379 75 1367 1380 206 865 869 9 1366 1379 75 867 871 212 865 869 9 1367 1380 206 1368 1381 79 867 871 212 1367 1380 206 1369 1382 91 867 871 212 1368 1381 79 404 404 184 408 408 186 406 406 139 1370 1383 204 408 408 186 404 404 184 1371 1384 18 1370 1383 204 404 404 184 704 708 174 1370 1383 204 1371 1384 18 402 402 183 704 708 174 1371 1384 18 703 707 153 704 708 174 402 402 183 398 398 182 703 707 153 402 402 183 705 709 18 703 707 153 398 398 182 1372 1385 173 705 709 18 398 398 182 1373 1386 183 705 709 18 1372 1385 173 396 396 33 1373 1386 183 1372 1385 173 1374 1387 16 1373 1386 183 396 396 33 1375 1388 86 1374 1387 16 396 396 33 1376 1389 214 1374 1387 16 1375 1388 86 1377 1390 151 1376 1389 214 1375 1388 86 1378 1391 182 1376 1389 214 1377 1390 151 484 484 59 269 269 62 482 482 102 1379 1392 58 269 269 62 484 484 59 1380 1393 222 1379 1392 58 484 484 59 271 271 56 1379 1392 58 1380 1393 222 1381 1394 56 271 271 56 1380 1393 222 275 275 145 271 271 56 1381 1394 56 1382 1395 53 275 275 145 1381 1394 56 1383 1396 52 275 275 145 1382 1395 53 1384 1397 49 1383 1396 52 1382 1395 53 1385 1398 54 1383 1396 52 1384 1397 49 1386 1399 54 1385 1398 54 1384 1397 49 285 285 54 1385 1398 54 1386 1399 54 1387 1400 52 285 285 54 1386 1399 54 1388 1401 54 285 285 54 1387 1400 52 287 287 146 1388 1401 54 1387 1400 52 285 285 54 1388 1401 54 287 287 146 697 698 37 693 694 143 695 696 188 1389 1402 115 693 694 143 697 698 37 1390 1403 140 1389 1402 115 697 698 37 693 694 143 1389 1402 115 1390 1403 140 1391 1404 143 693 694 143 1390 1403 140 691 692 143 693 694 143 1391 1404 143 1390 1403 140 691 692 143 1391 1404 143 1392 1405 140 691 692 143 1390 1403 140 1393 1406 153 1392 1405 140 1390 1403 140 687 688 176 1392 1405 140 1393 1406 153 1394 1407 185 687 688 176 1393 1406 153 685 686 204 687 688 176 1394 1407 185 1395 1408 85 685 686 204 1394 1407 185 1396 1409 30 685 686 204 1395 1408 85 479 479 30 1396 1409 30 1395 1408 85 477 477 39 1396 1409 30 479 479 30 1399 1412 174 1398 1411 187 1397 1410 138 1400 1413 35 1398 1411 187 1399 1412 174 1401 1414 35 1400 1413 35 1399 1412 174 1402 1415 113 1400 1413 35 1401 1414 35 1403 1416 197 1402 1415 113 1401 1414 35 1404 1417 200 1402 1415 113 1403 1416 197 1405 1418 192 1404 1417 200 1403 1416 197 1406 1419 193 1404 1417 200 1405 1418 192 1407 1420 194 1406 1419 193 1405 1418 192 1408 1421 213 1406 1419 193 1407 1420 194 1409 1422 191 1408 1421 213 1407 1420 194 1410 1423 16 1408 1421 213 1409 1422 191 1411 1424 171 1410 1423 16 1409 1422 191 1412 1425 84 1410 1423 16 1411 1424 171 1413 1426 25 1412 1425 84 1411 1424 171 905 909 5 908 912 87 906 910 211 1414 1427 142 908 912 87 905 909 5 1415 1428 3 1414 1427 142 905 909 5 908 912 87 1414 1427 142 1415 1428 3 1416 1429 23 908 912 87 1415 1428 3 910 914 202 908 912 87 1416 1429 23 1100 1110 25 910 914 202 1416 1429 23 1417 1430 26 910 914 202 1100 1110 25 1102 1112 19 1417 1430 26 1100 1110 25 914 918 2 1417 1430 26 1102 1112 19 1418 1431 2 914 918 2 1102 1112 19 916 920 40 914 918 2 1418 1431 2 1106 1116 2 916 920 40 1418 1431 2 1419 1432 19 916 920 40 1106 1116 2 1108 1118 40 1419 1432 19 1106 1116 2 773 777 120 937 1433 116 775 779 171 935 1434 196 937 1433 116 773 777 120 1420 1435 74 935 1434 196 773 777 120 1421 1436 50 935 1434 196 1420 1435 74 769 773 217 1421 1436 50 1420 1435 74 1422 1437 135 1421 1436 50 769 773 217 767 771 216 1422 1437 135 769 773 217 1423 1438 65 1422 1437 135 767 771 216 1424 1439 109 1423 1438 65 767 771 216 1425 1440 195 1423 1438 65 1424 1439 109 1426 1441 106 1425 1440 195 1424 1439 109 1427 1442 61 1425 1440 195 1426 1441 106 1428 1443 104 1427 1442 61 1426 1441 106 1429 1444 63 1427 1442 61 1428 1443 104 1430 1445 132 1429 1444 63 1428 1443 104 946 950 38 950 954 113 948 952 191 1431 1446 170 950 954 113 946 950 38 1432 1447 187 1431 1446 170 946 950 38 1433 1448 71 1431 1446 170 1432 1447 187 1434 1449 115 1433 1448 71 1432 1447 187 619 620 179 1433 1448 71 1434 1449 115 1435 1450 170 619 620 179 1434 1449 115 621 622 180 619 620 179 1435 1450 170 1436 1451 189 621 622 180 1435 1450 170 1437 1452 204 621 622 180 1436 1451 189 1438 1453 141 1437 1452 204 1436 1451 189 1439 1454 155 1437 1452 204 1438 1453 141 673 674 152 1439 1454 155 1438 1453 141 677 678 28 1439 1454 155 673 674 152 675 676 25 677 678 28 673 674 152 278 278 54 274 274 49 276 276 54 1440 1455 54 274 274 49 278 278 54 1441 1456 54 1440 1455 54 278 278 54 1442 1457 106 1440 1455 54 1441 1456 54 1443 1458 59 1442 1457 106 1441 1456 54 1444 1459 50 1442 1457 106 1443 1458 59 1445 1460 55 1444 1459 50 1443 1458 59 1446 1461 63 1444 1459 50 1445 1460 55 919 923 99 1446 1461 63 1445 1460 55 1447 1462 144 1446 1461 63 919 923 99 917 921 66 1447 1462 144 919 923 99 1448 1463 207 1447 1462 144 917 921 66 918 922 125 1448 1463 207 917 921 66 1449 1464 115 1448 1463 207 918 922 125 1450 1465 191 1449 1464 115 918 922 125 1453 1468 226 1452 1467 226 1451 1466 226 1454 1469 226 1452 1467 226 1453 1468 226 1455 1470 227 1454 1469 226 1453 1468 226 1456 1471 226 1454 1469 226 1455 1470 227 1457 1472 227 1456 1471 226 1455 1470 227 1458 1473 15 1456 1471 226 1457 1472 227 1455 1470 227 1458 1473 15 1457 1472 227 1459 1474 86 1458 1473 15 1455 1470 227 1460 1475 84 1459 1474 86 1455 1470 227 1461 1476 88 1459 1474 86 1460 1475 84 1462 1477 22 1461 1476 88 1460 1475 84 1463 1478 156 1461 1476 88 1462 1477 22 1464 1479 151 1463 1478 156 1462 1477 22 1465 1480 156 1463 1478 156 1464 1479 151 1466 1481 156 1465 1480 156 1464 1479 151 1469 1484 202 1468 1483 202 1467 1482 75 1470 1485 25 1468 1483 202 1469 1484 202 1471 1486 142 1470 1485 25 1469 1484 202 1472 1487 23 1470 1485 25 1471 1486 142 1473 1488 205 1472 1487 23 1471 1486 142 1474 1489 205 1472 1487 23 1473 1488 205 1475 1490 206 1474 1489 205 1473 1488 205 1476 1491 201 1474 1489 205 1475 1490 206 1477 1492 0 1476 1491 201 1475 1490 206 1478 1493 228 1476 1491 201 1477 1492 0 1479 1494 12 1478 1493 228 1477 1492 0 1480 1495 206 1478 1493 228 1479 1494 12 1481 1496 229 1480 1495 206 1479 1494 12 1482 1497 229 1480 1495 206 1481 1496 229 1484 1499 163 736 740 76 1483 1498 94 1485 1500 116 736 740 76 1484 1499 163 1486 1501 114 1485 1500 116 1484 1499 163 738 742 207 1485 1500 116 1486 1501 114 1487 1502 188 738 742 207 1486 1501 114 1488 1503 37 738 742 207 1487 1502 188 1489 1504 172 1488 1503 37 1487 1502 188 1490 1505 139 1488 1503 37 1489 1504 172 1491 1506 182 1490 1505 139 1489 1504 172 1492 1507 155 1490 1505 139 1491 1506 182 1493 1508 36 1492 1507 155 1491 1506 182 1494 1509 25 1492 1507 155 1493 1508 36 1495 1510 156 1494 1509 25 1493 1508 36 1496 1511 8 1494 1509 25 1495 1510 156 1498 1514 192 1227 1513 147 1497 1512 166 1499 1515 71 1227 1513 147 1498 1514 192 1500 1516 187 1499 1515 71 1498 1514 192 1501 1517 30 1499 1515 71 1500 1516 187 1502 1518 29 1501 1517 30 1500 1516 187 1503 1519 28 1501 1517 30 1502 1518 29 1504 1520 183 1503 1519 28 1502 1518 29 1505 1521 84 1503 1519 28 1504 1520 183 1506 1522 85 1505 1521 84 1504 1520 183 1507 1523 24 1505 1521 84 1506 1522 85 1508 1524 86 1507 1523 24 1506 1522 85 1509 1525 86 1507 1523 24 1508 1524 86 1510 1526 150 1509 1525 86 1508 1524 86 1511 1527 10 1509 1525 86 1510 1526 150 1514 1530 173 1513 1529 139 1512 1528 214 1515 1531 185 1513 1529 139 1514 1530 173 1516 1532 183 1515 1531 185 1514 1530 173 1517 1533 203 1515 1531 185 1516 1532 183 1518 1534 183 1517 1533 203 1516 1532 183 1519 1535 182 1517 1533 203 1518 1534 183 1516 1532 183 1519 1535 182 1518 1534 183 1520 1536 141 1519 1535 182 1516 1532 183 1521 1537 141 1520 1536 141 1516 1532 183 1010 1015 82 1520 1536 141 1521 1537 141 1522 1538 34 1010 1015 82 1521 1537 141 1006 1011 152 1010 1015 82 1522 1538 34 1523 1539 4 1006 1011 152 1522 1538 34 1524 1540 211 1006 1011 152 1523 1539 4 582 582 153 578 578 29 580 580 151 1525 1541 204 578 578 29 582 582 153 1526 1542 171 1525 1541 204 582 582 153 1527 1543 138 1525 1541 204 1526 1542 171 1528 1544 213 1527 1543 138 1526 1542 171 1529 1545 71 1527 1543 138 1528 1544 213 1526 1542 171 1529 1545 71 1528 1544 213 1530 1546 176 1529 1545 71 1526 1542 171 1531 1547 169 1530 1546 176 1526 1542 171 1532 1548 180 1530 1546 176 1531 1547 169 1533 1549 140 1532 1548 180 1531 1547 169 556 556 37 1532 1548 180 1533 1549 140 560 560 173 556 556 37 1533 1549 140 558 558 16 556 556 37 560 560 173 1535 1551 153 1354 1367 203 1534 1550 141 1536 1552 37 1354 1367 203 1535 1551 153 1537 1553 174 1536 1552 37 1535 1551 153 1538 1554 169 1536 1552 37 1537 1553 174 1539 1555 37 1538 1554 169 1537 1553 174 1540 1556 138 1538 1554 169 1539 1555 37 1541 1557 141 1540 1556 138 1539 1555 37 1542 1558 18 1540 1556 138 1541 1557 141 1543 1559 92 1542 1558 18 1541 1557 141 1544 1560 18 1542 1558 18 1543 1559 92 1545 1561 186 1544 1560 18 1543 1559 92 1546 1562 175 1544 1560 18 1545 1561 186 1547 1563 81 1546 1562 175 1545 1561 186 1548 1564 83 1546 1562 175 1547 1563 81 1549 1565 102 240 240 126 238 238 133 1052 1062 101 240 240 126 1549 1565 102 1221 1232 146 1052 1062 101 1549 1565 102 1051 1061 105 1052 1062 101 1221 1232 146 1223 1234 55 1051 1061 105 1221 1232 146 1053 1063 60 1051 1061 105 1223 1234 55 1550 1566 104 1053 1063 60 1223 1234 55 1551 1567 110 1053 1063 60 1550 1566 104 1226 1238 103 1551 1567 110 1550 1566 104 1552 1568 50 1551 1567 110 1226 1238 103 1227 1240 147 1552 1568 50 1226 1238 103 1553 1569 162 1552 1568 50 1227 1240 147 1499 1570 71 1553 1569 162 1227 1240 147 1501 1571 30 1553 1569 162 1499 1570 71 1267 1280 123 167 167 102 1265 1278 130 1554 1572 63 167 167 102 1267 1280 123 1555 1573 123 1554 1572 63 1267 1280 123 165 165 97 1554 1572 63 1555 1573 123 1556 1574 131 165 165 97 1555 1573 123 161 161 98 165 165 97 1556 1574 131 1557 1575 208 161 161 98 1556 1574 131 1558 1576 221 161 161 98 1557 1575 208 1559 1577 167 1558 1576 221 1557 1575 208 159 159 96 1558 1576 221 1559 1577 167 1560 1578 94 159 159 96 1559 1577 167 155 155 94 159 159 96 1560 1578 94 1561 1579 172 155 155 94 1560 1578 94 1562 1580 189 155 155 94 1561 1579 172 747 751 169 1563 1581 27 749 753 151 1564 1582 23 1563 1581 27 747 751 169 1565 1583 92 1564 1582 23 747 751 169 1566 1584 155 1564 1582 23 1565 1583 92 1567 1585 138 1566 1584 155 1565 1583 92 1568 1586 204 1566 1584 155 1567 1585 138 1569 1587 174 1568 1586 204 1567 1585 138 1566 1584 155 1568 1586 204 1569 1587 174 1570 1588 27 1566 1584 155 1569 1587 174 1571 1589 1 1566 1584 155 1570 1588 27 1572 1590 25 1571 1589 1 1570 1588 27 1573 1591 12 1571 1589 1 1572 1590 25 1574 1592 10 1573 1591 12 1572 1590 25 1002 1007 73 998 1003 111 1000 1005 69 1575 1593 70 998 1003 111 1002 1007 73 1576 1594 128 1575 1593 70 1002 1007 73 1577 1595 50 1575 1593 70 1576 1594 128 1578 1596 161 1577 1595 50 1576 1594 128 1579 1597 119 1577 1595 50 1578 1596 161 1580 1598 51 1579 1597 119 1578 1596 161 1581 1599 65 1579 1597 119 1580 1598 51 1582 1600 65 1581 1599 65 1580 1598 51 1579 1597 119 1581 1599 65 1582 1600 65 1583 1601 47 1579 1597 119 1582 1600 65 993 998 110 1579 1597 119 1583 1601 47 991 996 117 993 998 110 1583 1601 47 1585 1604 110 1584 1603 50 80 1602 50 1586 1605 48 1584 1603 50 1585 1604 110 1587 1606 215 1586 1605 48 1585 1604 110 1588 1607 50 1586 1605 48 1587 1606 215 1589 1608 50 1588 1607 50 1587 1606 215 1590 1609 120 1588 1607 50 1589 1608 50 1591 1610 120 1590 1609 120 1589 1608 50 1592 1611 167 1590 1609 120 1591 1610 120 1593 1612 209 1592 1611 167 1591 1610 120 1594 1613 128 1592 1611 167 1593 1612 209 1595 1614 84 1594 1613 128 1593 1612 209 1596 1615 175 1594 1613 128 1595 1614 84 1597 1616 203 1596 1615 175 1595 1614 84 297 1619 148 1598 1618 75 296 1617 90 1599 1620 90 1598 1618 75 297 1619 148 299 1621 149 1599 1620 90 297 1619 148 1600 1622 2 1599 1620 90 299 1621 149 1601 1623 8 1600 1622 2 299 1621 149 1602 1624 149 1600 1622 2 1601 1623 8 1603 1625 79 1602 1624 149 1601 1623 8 1604 1626 6 1602 1624 149 1603 1625 79 1605 1627 0 1604 1626 6 1603 1625 79 1606 1628 6 1604 1626 6 1605 1627 0 1607 1629 6 1606 1628 6 1605 1627 0 1608 1630 6 1606 1628 6 1607 1629 6 1609 1631 6 1608 1630 6 1607 1629 6 506 506 197 502 502 73 504 504 71 1610 1632 129 502 502 73 506 506 197 1611 1633 167 1610 1632 129 506 506 197 1612 1634 162 1610 1632 129 1611 1633 167 1613 1635 125 1612 1634 162 1611 1633 167 1614 1636 99 1612 1634 162 1613 1635 125 1615 1637 215 1614 1636 99 1613 1635 125 1616 1638 100 1614 1636 99 1615 1637 215 1617 1639 103 1616 1638 100 1615 1637 215 1614 1636 99 1616 1638 100 1617 1639 103 1618 1640 130 1614 1636 99 1617 1639 103 872 876 98 1614 1636 99 1618 1640 130 874 878 109 872 876 98 1618 1640 130 1620 1642 129 836 840 68 1619 1641 191 1621 1643 136 836 840 68 1620 1642 129 1622 1644 51 1621 1643 136 1620 1642 129 834 838 218 1621 1643 136 1622 1644 51 1623 1645 144 834 838 218 1622 1644 51 831 835 47 834 838 218 1623 1645 144 1622 1644 51 831 835 47 1623 1645 144 1624 1646 117 831 835 47 1622 1644 51 1625 1647 70 1624 1646 117 1622 1644 51 829 833 119 1624 1646 117 1625 1647 70 1626 1648 168 829 833 119 1625 1647 70 220 220 126 829 833 119 1626 1648 168 222 222 128 220 220 126 1626 1648 168 1337 1350 30 1627 1649 79 1339 1352 225 1628 1650 152 1627 1649 79 1337 1350 30 1629 1651 81 1628 1650 152 1337 1350 30 1630 1652 7 1628 1650 152 1629 1651 81 1631 1653 21 1630 1652 7 1629 1651 81 1632 1654 25 1630 1652 7 1631 1653 21 1633 1655 182 1632 1654 25 1631 1653 21 1634 1656 31 1632 1654 25 1633 1655 182 1635 1657 17 1634 1656 31 1633 1655 182 1636 1658 152 1634 1656 31 1635 1657 17 1637 1659 8 1636 1658 152 1635 1657 17 1638 1660 156 1636 1658 152 1637 1659 8 1280 1293 118 587 588 162 1282 1295 208 586 587 128 587 588 162 1280 1293 118 1639 1661 126 586 587 128 1280 1293 118 588 589 69 586 587 128 1639 1661 126 1640 1662 210 588 589 69 1639 1661 126 1262 1275 210 588 589 69 1640 1662 210 1641 1663 197 1262 1275 210 1640 1662 210 1264 1277 72 1262 1275 210 1641 1663 197 1642 1664 191 1264 1277 72 1641 1663 197 1263 1276 152 1264 1277 72 1642 1664 191 1643 1665 214 1263 1276 152 1642 1664 191 1644 1666 33 1263 1276 152 1643 1665 214 1647 1669 140 1646 1668 37 1645 1667 170 1648 1670 188 1646 1668 37 1647 1669 140 1649 1671 198 1648 1670 188 1647 1669 140 1650 1672 13 1648 1670 188 1649 1671 198 1651 1673 37 1650 1672 13 1649 1671 198 1452 1467 226 1650 1672 13 1651 1673 37 1652 1674 171 1452 1467 226 1651 1673 37 1451 1466 226 1452 1467 226 1652 1674 171 1653 1675 227 1451 1466 226 1652 1674 171 1453 1468 226 1451 1466 226 1653 1675 227 1654 1676 227 1453 1468 226 1653 1675 227 1655 1677 226 1453 1468 226 1654 1676 227 1657 1679 68 1236 1249 70 1656 1678 137 1658 1680 128 1236 1249 70 1657 1679 68 1659 1681 68 1658 1680 128 1657 1679 68 1238 1251 112 1658 1680 128 1659 1681 68 1660 1682 94 1238 1251 112 1659 1681 68 1242 1255 94 1238 1251 112 1660 1682 94 1661 1683 194 1242 1255 94 1660 1682 94 1662 1684 74 1242 1255 94 1661 1683 194 1663 1685 129 1662 1684 74 1661 1683 194 1244 1257 163 1662 1684 74 1663 1685 129 1664 1686 172 1244 1257 163 1663 1685 129 1665 1687 168 1244 1257 163 1664 1686 172 571 571 90 573 573 206 572 572 6 1666 1688 77 573 573 206 571 571 90 1667 1689 230 1666 1688 77 571 571 90 575 575 9 1666 1688 77 1667 1689 230 1668 1690 42 575 575 9 1667 1689 230 579 579 17 575 575 9 1668 1690 42 1669 1691 228 579 579 17 1668 1690 42 1670 1692 89 579 579 17 1669 1691 228 73 1693 43 1670 1692 89 1669 1691 228 581 581 36 1670 1692 89 73 1693 43 1671 1694 9 581 581 36 73 1693 43 585 585 3 581 581 36 1671 1694 9 1672 1695 6 1006 1011 152 1524 1540 211 1005 1010 27 1006 1011 152 1672 1695 6 1673 1696 7 1005 1010 27 1672 1695 6 1007 1012 83 1005 1010 27 1673 1696 7 1674 1697 13 1007 1012 83 1673 1696 7 1675 1698 13 1007 1012 83 1674 1697 13 1636 1658 152 1675 1698 13 1674 1697 13 1676 1699 82 1675 1698 13 1636 1658 152 1638 1660 156 1676 1699 82 1636 1658 152 1677 1700 83 1676 1699 82 1638 1660 156 1678 1701 149 1677 1700 83 1638 1660 156 1679 1702 91 1677 1700 83 1678 1701 149 1682 1705 9 1681 1704 5 1680 1703 12 1683 1706 19 1681 1704 5 1682 1705 9 1684 1707 14 1683 1706 19 1682 1705 9 1685 1708 157 1683 1706 19 1684 1707 14 1686 1709 80 1685 1708 157 1684 1707 14 1687 1710 17 1685 1708 157 1686 1709 80 1688 1711 7 1687 1710 17 1686 1709 80 1689 1712 85 1687 1710 17 1688 1711 7 30 30 13 1689 1712 85 1688 1711 7 1690 1713 7 1689 1712 85 30 30 13 28 28 13 1690 1713 7 30 30 13 26 26 13 1690 1713 7 28 28 13 1693 1716 5 1692 1715 24 1691 1714 19 1694 1717 205 1692 1715 24 1693 1716 5 1695 1718 201 1694 1717 205 1693 1716 5 1696 1719 202 1694 1717 205 1695 1718 201 1697 1720 87 1696 1719 202 1695 1718 201 1698 1721 87 1696 1719 202 1697 1720 87 1699 1722 212 1698 1721 87 1697 1720 87 1700 1723 148 1698 1721 87 1699 1722 212 1701 1724 0 1700 1723 148 1699 1722 212 1702 1725 89 1700 1723 148 1701 1724 0 1703 1726 0 1702 1725 89 1701 1724 0 1704 1727 0 1702 1725 89 1703 1726 0 1707 1730 82 1706 1729 37 1705 1728 22 1708 1731 114 1706 1729 37 1707 1730 82 1709 1732 175 1708 1731 114 1707 1730 82 1710 1733 169 1708 1731 114 1709 1732 175 1711 1734 186 1710 1733 169 1709 1732 175 1712 1735 169 1710 1733 169 1711 1734 186 1713 1736 203 1712 1735 169 1711 1734 186 1714 1737 204 1712 1735 169 1713 1736 203 1715 1738 183 1714 1737 204 1713 1736 203 1716 1739 189 1714 1737 204 1715 1738 183 1717 1740 152 1716 1739 189 1715 1738 183 825 1741 169 1716 1739 189 1717 1740 152 1719 1744 25 1718 1743 86 362 1742 13 969 1745 27 1718 1743 86 1719 1744 25 1720 1746 26 969 1745 27 1719 1744 25 1721 1747 159 969 1745 27 1720 1746 26 1722 1748 149 1721 1747 159 1720 1746 26 1723 1749 78 1721 1747 159 1722 1748 149 1724 1750 4 1723 1749 78 1722 1748 149 1725 1751 32 1723 1749 78 1724 1750 4 1726 1752 29 1725 1751 32 1724 1750 4 1706 1729 37 1725 1751 32 1726 1752 29 1727 1753 206 1706 1729 37 1726 1752 29 1705 1728 22 1706 1729 37 1727 1753 206 510 510 202 514 514 142 512 512 22 1728 1754 75 514 514 142 510 510 202 1729 1755 148 1728 1754 75 510 510 202 1730 1756 89 1728 1754 75 1729 1755 148 1731 1757 212 1730 1756 89 1729 1755 148 1368 1381 79 1730 1756 89 1731 1757 212 1732 1758 211 1368 1381 79 1731 1757 212 1369 1382 91 1368 1381 79 1732 1758 211 1733 1759 0 1369 1382 91 1732 1758 211 867 871 212 1369 1382 91 1733 1759 0 1734 1760 158 867 871 212 1733 1759 0 868 872 219 867 871 212 1734 1760 158 1735 1761 71 1317 1330 178 1315 1328 140 1736 1762 114 1317 1330 178 1735 1761 71 1737 1763 114 1736 1762 114 1735 1761 71 1317 1330 178 1736 1762 114 1737 1763 114 1738 1764 176 1317 1330 178 1737 1763 114 1319 1332 170 1317 1330 178 1738 1764 176 1739 1765 184 1319 1332 170 1738 1764 176 1740 1766 38 1319 1332 170 1739 1765 184 1741 1767 75 1740 1766 38 1739 1765 184 1742 1768 139 1740 1766 38 1741 1767 75 1743 1769 90 1742 1768 139 1741 1767 75 1744 1770 79 1742 1768 139 1743 1769 90 1746 1772 110 987 992 101 1745 1771 122 986 991 99 987 992 101 1746 1772 110 1747 1773 128 986 991 99 1746 1772 110 988 993 97 986 991 99 1747 1773 128 1748 1774 69 988 993 97 1747 1773 128 1749 1775 93 988 993 97 1748 1774 69 1750 1776 210 1749 1775 93 1748 1774 69 1751 1777 200 1749 1775 93 1750 1776 210 1752 1778 141 1751 1777 200 1750 1776 210 1753 1779 76 1751 1777 200 1752 1778 141 1754 1780 20 1753 1779 76 1752 1778 141 1755 1781 138 1753 1779 76 1754 1780 20 1756 1784 48 77 1783 47 78 1782 48 1757 1785 215 77 1783 47 1756 1784 48 1758 1786 48 1757 1785 215 1756 1784 48 1759 1787 74 1757 1785 215 1758 1786 48 1760 1788 74 1759 1787 74 1758 1786 48 1761 1789 47 1759 1787 74 1760 1788 74 795 799 117 1761 1789 47 1760 1788 74 1762 1790 117 1761 1789 47 795 799 117 797 801 120 1762 1790 117 795 799 117 1761 1789 47 1762 1790 117 797 801 120 1763 1791 117 1761 1789 47 797 801 120 1764 1792 161 1761 1789 47 1763 1791 117 1767 1795 6 1766 1794 6 1765 1793 6 1768 1796 6 1766 1794 6 1767 1795 6 1769 1797 6 1768 1796 6 1767 1795 6 1770 1798 5 1768 1796 6 1769 1797 6 1771 1799 40 1770 1798 5 1769 1797 6 1468 1483 202 1770 1798 5 1771 1799 40 1772 1800 2 1468 1483 202 1771 1799 40 1467 1482 75 1468 1483 202 1772 1800 2 148 1801 8 1467 1482 75 1772 1800 2 1469 1484 202 1467 1482 75 148 1801 8 1773 1802 8 1469 1484 202 148 1801 8 114 1803 8 1469 1484 202 1773 1802 8 1458 1473 15 1775 1805 22 1774 1804 154 1776 1806 36 1775 1805 22 1458 1473 15 1777 1807 24 1776 1806 36 1458 1473 15 1778 1808 13 1776 1806 36 1777 1807 24 1779 1809 23 1778 1808 13 1777 1807 24 1780 1810 21 1778 1808 13 1779 1809 23 1781 1811 75 1780 1810 21 1779 1809 23 1782 1812 157 1780 1810 21 1781 1811 75 1783 1813 156 1782 1812 157 1781 1811 75 1784 1814 211 1782 1812 157 1783 1813 156 1785 1815 229 1784 1814 211 1783 1813 156 1786 1816 229 1784 1814 211 1785 1815 229 800 804 125 1227 1513 147 802 806 67 1497 1512 166 1227 1513 147 800 804 125 1787 1817 70 1497 1512 166 800 804 125 1498 1514 192 1497 1512 166 1787 1817 70 1788 1818 193 1498 1514 192 1787 1817 70 1789 1819 178 1498 1514 192 1788 1818 193 1790 1820 196 1789 1819 178 1788 1818 193 1791 1821 197 1789 1819 178 1790 1820 196 1792 1822 152 1791 1821 197 1790 1820 196 1793 1823 198 1791 1821 197 1792 1822 152 1794 1824 21 1793 1823 198 1792 1822 152 1795 1825 87 1793 1823 198 1794 1824 21 1790 1820 196 1796 1826 182 1792 1822 152 1797 1827 185 1796 1826 182 1790 1820 196 1798 1828 74 1797 1827 185 1790 1820 196 1799 1829 147 1797 1827 185 1798 1828 74 1800 1830 128 1799 1829 147 1798 1828 74 1801 1831 137 1799 1829 147 1800 1830 128 1802 1832 136 1801 1831 137 1800 1830 128 1803 1833 129 1801 1831 137 1802 1832 136 1804 1834 94 1803 1833 129 1802 1832 136 1805 1835 214 1803 1833 129 1804 1834 94 1806 1836 18 1805 1835 214 1804 1834 94 1807 1837 38 1805 1835 214 1806 1836 18 1350 1363 39 1354 1367 203 1352 1365 183 1534 1550 141 1354 1367 203 1350 1363 39 1808 1838 154 1534 1550 141 1350 1363 39 1535 1551 153 1534 1550 141 1808 1838 154 1809 1839 154 1535 1551 153 1808 1838 154 1810 1840 85 1535 1551 153 1809 1839 154 1811 1841 155 1810 1840 85 1809 1839 154 1812 1842 155 1810 1840 85 1811 1841 155 1813 1843 8 1812 1842 155 1811 1841 155 1814 1844 33 1812 1842 155 1813 1843 8 1815 1845 205 1814 1844 33 1813 1843 8 1816 1846 25 1814 1844 33 1815 1845 205 1818 1848 54 174 174 105 1817 1847 105 1819 1849 54 174 174 105 1818 1848 54 1820 1850 61 1819 1849 54 1818 1848 54 176 176 54 1819 1849 54 1820 1850 61 1821 1851 59 176 176 54 1820 1850 61 180 180 108 176 176 54 1821 1851 59 1822 1852 102 180 180 108 1821 1851 59 1823 1853 104 180 180 108 1822 1852 102 1824 1854 70 1823 1853 104 1822 1852 102 182 182 110 1823 1853 104 1824 1854 70 1825 1855 197 182 182 110 1824 1854 70 186 186 112 182 182 110 1825 1855 197 648 649 210 644 645 208 646 647 95 1826 1856 200 644 645 208 648 649 210 1827 1857 188 1826 1856 200 648 649 210 1828 1858 93 1826 1856 200 1827 1857 188 1829 1859 172 1828 1858 93 1827 1857 188 1830 1860 200 1828 1858 93 1829 1859 172 1831 1861 178 1830 1860 200 1829 1859 172 1832 1862 193 1830 1860 200 1831 1861 178 1833 1863 74 1832 1862 193 1831 1861 178 1834 1864 69 1832 1862 193 1833 1863 74 393 1865 17 1834 1864 69 1833 1863 74 1835 1866 169 1834 1864 69 393 1865 17 92 92 58 88 88 56 90 90 58 1836 1867 216 88 88 56 92 92 58 1837 1868 62 1836 1867 216 92 92 58 1838 1869 47 1836 1867 216 1837 1868 62 1839 1870 66 1838 1869 47 1837 1868 62 1840 1871 218 1838 1869 47 1839 1870 66 1841 1872 118 1840 1871 218 1839 1870 66 1842 1873 67 1840 1871 218 1841 1872 118 111 111 76 1842 1873 67 1841 1872 118 1278 1874 128 1842 1873 67 111 111 76 113 113 77 1278 1874 128 111 111 76 1845 1877 26 1844 1876 199 1843 1875 231 1846 1878 35 1844 1876 199 1845 1877 26 1847 1879 188 1846 1878 35 1845 1877 26 1848 1880 140 1846 1878 35 1847 1879 188 1849 1881 213 1848 1880 140 1847 1879 188 1850 1882 114 1848 1880 140 1849 1881 213 1851 1883 198 1850 1882 114 1849 1881 213 1852 1884 187 1850 1882 114 1851 1883 198 1853 1885 155 1852 1884 187 1851 1883 198 1854 1886 91 1852 1884 187 1853 1885 155 1855 1887 201 1854 1886 91 1853 1885 155 1139 1149 192 1143 1153 73 1141 1151 190 1856 1888 126 1143 1153 73 1139 1149 192 435 435 126 1856 1888 126 1139 1149 192 1143 1153 73 1856 1888 126 435 435 126 433 433 192 1143 1153 73 435 435 126 1145 1155 180 1143 1153 73 433 433 192 431 431 190 1145 1155 180 433 433 192 1857 1889 115 1145 1155 180 431 431 190 414 414 176 1857 1889 115 431 431 190 410 410 170 1857 1889 115 414 414 176 412 412 35 410 410 170 414 414 176 784 788 119 780 784 137 782 786 162 1858 1890 215 780 784 137 784 788 119 1859 1891 99 1858 1890 215 784 788 119 1860 1892 99 1858 1890 215 1859 1891 99 1861 1893 99 1860 1892 99 1859 1891 99 1758 1786 48 1860 1892 99 1861 1893 99 1859 1891 99 1758 1786 48 1861 1893 99 1760 1788 74 1758 1786 48 1859 1891 99 791 795 47 1760 1788 74 1859 1891 99 795 799 117 1760 1788 74 791 795 47 793 797 161 795 799 117 791 795 47 1206 1217 35 1202 1213 213 1204 1215 35 1862 1894 190 1202 1213 213 1206 1217 35 1863 1895 71 1862 1894 190 1206 1217 35 1402 1415 113 1862 1894 190 1863 1895 71 1864 1896 191 1402 1415 113 1863 1895 71 1398 1411 187 1402 1415 113 1864 1896 191 1863 1895 71 1398 1411 187 1864 1896 191 1865 1897 92 1398 1411 187 1863 1895 71 1208 1219 153 1865 1897 92 1863 1895 71 1212 1223 184 1865 1897 92 1208 1219 153 1210 1221 183 1212 1223 184 1208 1219 153 1868 1900 10 1867 1899 233 1866 1898 232 1869 1901 15 1867 1899 233 1868 1900 10 1870 1902 183 1869 1901 15 1868 1900 10 1871 1903 33 1869 1901 15 1870 1902 183 1872 1904 204 1871 1903 33 1870 1902 183 1873 1905 187 1871 1903 33 1872 1904 204 1874 1906 171 1873 1905 187 1872 1904 204 1875 1907 71 1873 1905 187 1874 1906 171 1647 1669 140 1875 1907 71 1874 1906 171 730 1908 176 1875 1907 71 1647 1669 140 1645 1667 170 730 1908 176 1647 1669 140 1878 1911 27 1877 1910 187 1876 1909 159 1879 1912 204 1877 1910 187 1878 1911 27 1880 1913 174 1879 1912 204 1878 1911 27 1881 1914 169 1879 1912 204 1880 1913 174 1882 1915 187 1881 1914 169 1880 1913 174 1883 1916 213 1881 1914 169 1882 1915 187 1513 1529 139 1883 1916 213 1882 1915 187 1884 1917 170 1883 1916 213 1513 1529 139 1885 1918 92 1884 1917 170 1513 1529 139 958 1919 176 1884 1917 170 1885 1918 92 957 1920 189 958 1919 176 1885 1918 92 1888 1923 34 1887 1922 115 1886 1921 185 1889 1924 143 1887 1922 115 1888 1923 34 1890 1925 180 1889 1924 143 1888 1923 34 1891 1926 113 1889 1924 143 1890 1925 180 1892 1927 180 1891 1926 113 1890 1925 180 1893 1928 82 1891 1926 113 1892 1927 180 1894 1929 115 1893 1928 82 1892 1927 180 1895 1930 35 1893 1928 82 1894 1929 115 1896 1931 138 1895 1930 35 1894 1929 115 1897 1932 26 1895 1930 35 1896 1931 138 1898 1933 91 1897 1932 26 1896 1931 138 1901 1936 196 1900 1935 196 1899 1934 210 1902 1937 210 1900 1935 196 1901 1936 196 1903 1938 73 1902 1937 210 1901 1936 196 1904 1939 192 1902 1937 210 1903 1938 73 1905 1940 197 1904 1939 192 1903 1938 73 1906 1941 197 1904 1939 192 1905 1940 197 1907 1942 176 1906 1941 197 1905 1940 197 1908 1943 176 1906 1941 197 1907 1942 176 746 750 170 1908 1943 176 1907 1942 176 750 754 207 1908 1943 176 746 750 170 748 752 213 750 754 207 746 750 170 637 638 103 641 642 64 639 640 123 886 890 104 641 642 64 637 638 103 1909 1944 222 886 890 104 637 638 103 887 891 216 886 890 104 1909 1944 222 1910 1945 222 887 891 216 1909 1944 222 1911 1946 57 887 891 216 1910 1945 222 1909 1944 222 1911 1946 57 1910 1945 222 1912 1947 145 1911 1946 57 1909 1944 222 89 89 57 1912 1947 145 1909 1944 222 85 85 54 1912 1947 145 89 89 57 87 87 54 85 85 54 89 89 57 1730 1756 89 514 514 142 1728 1754 75 1913 1948 88 514 514 142 1730 1756 89 1914 1949 157 1913 1948 88 1730 1756 89 516 516 7 1913 1948 88 1914 1949 157 1915 1950 7 516 516 7 1914 1949 157 518 518 81 516 516 7 1915 1950 7 1916 1951 83 518 518 81 1915 1950 7 520 520 15 518 518 81 1916 1951 83 1917 1952 151 520 520 15 1916 1951 83 522 522 16 520 520 15 1917 1952 151 524 524 182 522 522 16 1917 1952 151 129 129 85 125 125 82 127 127 84 1918 1953 154 125 125 82 129 129 85 1919 1954 30 1918 1953 154 129 129 85 1920 1955 36 1918 1953 154 1919 1954 30 1921 1956 29 1920 1955 36 1919 1954 30 1922 1957 86 1920 1955 36 1921 1956 29 1923 1958 33 1922 1957 86 1921 1956 29 1924 1959 152 1922 1957 86 1923 1958 33 1925 1960 189 1924 1959 152 1923 1958 33 1926 1961 10 1924 1959 152 1925 1960 189 1927 1962 19 1926 1961 10 1925 1960 189 493 493 50 497 497 181 495 495 117 1928 1963 208 497 497 181 493 493 50 1929 1964 118 1928 1963 208 493 493 50 1930 1965 65 1928 1963 208 1929 1964 118 1931 1966 50 1930 1965 65 1929 1964 118 1932 1967 143 1930 1965 65 1931 1966 50 1933 1968 121 1932 1967 143 1931 1966 50 1934 1969 143 1932 1967 143 1933 1968 121 1935 1970 126 1934 1969 143 1933 1968 121 1936 1971 94 1934 1969 143 1935 1970 126 224 1972 126 1936 1971 94 1935 1970 126 1088 1098 113 1090 1100 127 1089 1099 129 1937 1973 190 1090 1100 127 1088 1098 113 1938 1974 194 1937 1973 190 1088 1098 113 1939 1975 114 1937 1973 190 1938 1974 194 1940 1976 69 1939 1975 114 1938 1974 194 1941 1977 69 1939 1975 114 1940 1976 69 1942 1978 137 1941 1977 69 1940 1976 69 1943 1979 136 1941 1977 69 1942 1978 137 1944 1980 136 1943 1979 136 1942 1978 137 1320 1981 115 1943 1979 136 1944 1980 136 1945 1982 176 1320 1981 115 1944 1980 136 1917 1952 151 1359 1372 152 524 524 182 1360 1373 83 1359 1372 152 1917 1952 151 1916 1951 83 1360 1373 83 1917 1952 151 1361 1374 13 1360 1373 83 1916 1951 83 1915 1950 7 1361 1374 13 1916 1951 83 1946 1983 142 1361 1374 13 1915 1950 7 1914 1949 157 1946 1983 142 1915 1950 7 1366 1379 75 1946 1983 142 1914 1949 157 1947 1984 17 1366 1379 75 1914 1949 157 1368 1381 79 1366 1379 75 1947 1984 17 1730 1756 89 1368 1381 79 1947 1984 17 344 344 165 340 340 160 342 342 164 1948 1985 70 340 340 160 344 344 165 1949 1986 220 1948 1985 70 344 344 165 1950 1987 193 1948 1985 70 1949 1986 220 1951 1988 73 1950 1987 193 1949 1986 220 1952 1989 204 1950 1987 193 1951 1988 73 1953 1990 71 1952 1989 204 1951 1988 73 1954 1991 204 1952 1989 204 1953 1990 71 1955 1992 204 1954 1991 204 1953 1990 71 1357 1993 185 1954 1991 204 1955 1992 204 1956 1994 39 1357 1993 185 1955 1992 204 1959 1997 23 1958 1996 25 1957 1995 13 1960 1998 202 1958 1996 25 1959 1997 23 1961 1999 20 1960 1998 202 1959 1997 23 1958 1996 25 1960 1998 202 1961 1999 20 1962 2000 13 1958 1996 25 1961 1999 20 1963 2001 201 1958 1996 25 1962 2000 13 1964 2002 234 1963 2001 201 1962 2000 13 1965 2003 228 1963 2001 201 1964 2002 234 1966 2004 91 1965 2003 228 1964 2002 234 1967 2005 199 1965 2003 228 1966 2004 91 1968 2006 91 1967 2005 199 1966 2004 91 670 671 25 674 675 88 672 673 7 1969 2007 201 674 675 88 670 671 25 1970 2008 4 1969 2007 201 670 671 25 1971 2009 150 1969 2007 201 1970 2008 4 1972 2010 235 1971 2009 150 1970 2008 4 1973 2011 79 1971 2009 150 1972 2010 235 1974 2012 10 1973 2011 79 1972 2010 235 1975 2013 79 1973 2011 79 1974 2012 10 1049 1059 79 1975 2013 79 1974 2012 10 1976 2014 79 1975 2013 79 1049 1059 79 1050 1060 89 1976 2014 79 1049 1059 79 1979 2017 234 1978 2016 228 1977 2015 236 1980 2018 27 1978 2016 228 1979 2017 234 1981 2019 83 1980 2018 27 1979 2017 234 1982 2020 82 1980 2018 27 1981 2019 83 1983 2021 151 1982 2020 82 1981 2019 83 1984 2022 30 1982 2020 82 1983 2021 151 1985 2023 27 1984 2022 30 1983 2021 151 1986 2024 154 1984 2022 30 1985 2023 27 1987 2025 154 1986 2024 154 1985 2023 27 449 2026 32 1986 2024 154 1987 2025 154 1988 2027 31 449 2026 32 1987 2025 154 1433 1448 71 950 954 113 1431 1446 170 1989 2028 127 950 954 113 1433 1448 71 612 613 194 1989 2028 127 1433 1448 71 952 956 197 1989 2028 127 612 613 194 610 611 194 952 956 197 612 613 194 956 960 139 952 956 197 610 611 194 611 612 94 956 960 139 610 611 194 1990 2029 139 956 960 139 611 612 94 1132 1142 139 1990 2029 139 611 612 94 958 962 176 1990 2029 139 1132 1142 139 1991 2030 178 958 962 176 1132 1142 139 671 672 152 667 668 151 669 670 81 1992 2031 84 667 668 151 671 672 152 1993 2032 34 1992 2031 84 671 672 152 1994 2033 82 1992 2031 84 1993 2032 34 1995 2034 33 1994 2033 82 1993 2032 34 1996 2035 141 1994 2033 82 1995 2034 33 1997 2036 214 1996 2035 141 1995 2034 33 1998 2037 139 1996 2035 141 1997 2036 214 1435 1450 170 1998 2037 139 1997 2036 214 1432 1447 187 1998 2037 139 1435 1450 170 1434 1449 115 1432 1447 187 1435 1450 170 2001 2040 0 2000 2039 79 1999 2038 0 2002 2041 234 2000 2039 79 2001 2040 0 2003 2042 158 2002 2041 234 2001 2040 0 2004 2043 80 2002 2041 234 2003 2042 158 2005 2044 236 2004 2043 80 2003 2042 158 2006 2045 42 2004 2043 80 2005 2044 236 2007 2046 10 2006 2045 42 2005 2044 236 2008 2047 201 2006 2045 42 2007 2046 10 1693 1716 5 2008 2047 201 2007 2046 10 2009 2048 3 2008 2047 201 1693 1716 5 1691 1714 19 2009 2048 3 1693 1716 5 913 2051 1 2011 2050 78 2010 2049 149 2012 2052 1 2011 2050 78 913 2051 1 2013 2053 2 2012 2052 1 913 2051 1 2014 2054 17 2012 2052 1 2013 2053 2 2015 2055 75 2014 2054 17 2013 2053 2 2016 2056 13 2014 2054 17 2015 2055 75 2017 2057 23 2016 2056 13 2015 2055 75 2018 2058 151 2016 2056 13 2017 2057 23 2019 2059 159 2018 2058 151 2017 2057 23 1378 2060 182 2018 2058 151 2019 2059 159 2020 2061 82 1378 2060 182 2019 2059 159 1356 1369 82 2021 2062 198 1358 1371 187 2022 2063 171 2021 2062 198 1356 1369 82 2023 2064 82 2022 2063 171 1356 1369 82 2024 2065 172 2022 2063 171 2023 2064 82 2025 2066 38 2024 2065 172 2023 2064 82 2026 2067 85 2024 2065 172 2025 2066 38 2027 2068 187 2026 2067 85 2025 2066 38 2028 2069 39 2026 2067 85 2027 2068 187 1197 1208 214 2028 2069 39 2027 2068 187 2029 2070 5 2028 2069 39 1197 1208 214 1195 1206 21 2029 2070 5 1197 1208 214 1589 1608 50 1593 1612 209 1591 1610 120 2030 2071 110 1593 1612 209 1589 1608 50 1824 2072 70 2030 2071 110 1589 1608 50 1593 1612 209 2030 2071 110 1824 2072 70 2031 2073 191 1593 1612 209 1824 2072 70 1595 1614 84 1593 1612 209 2031 2073 191 2032 2074 113 1595 1614 84 2031 2073 191 2033 2075 116 1595 1614 84 2032 2074 113 2034 2076 114 2033 2075 116 2032 2074 113 2035 2077 154 2033 2075 116 2034 2076 114 2036 2078 15 2035 2077 154 2034 2076 114 183 183 97 179 179 54 181 181 109 2037 2079 56 179 179 54 183 183 97 2038 2080 55 2037 2079 56 183 183 97 2039 2081 109 2037 2079 56 2038 2080 55 2040 2082 103 2039 2081 109 2038 2080 55 2041 2083 106 2039 2081 109 2040 2082 103 2042 2084 62 2041 2083 106 2040 2082 103 2043 2085 103 2041 2083 106 2042 2084 62 1270 1283 132 2043 2085 103 2042 2084 62 1266 1279 195 2043 2085 103 1270 1283 132 1268 1281 101 1266 1279 195 1270 1283 132 1126 1136 166 1128 1138 160 1127 1137 166 2044 2086 96 1128 1138 160 1126 1136 166 2045 2087 162 2044 2086 96 1126 1136 166 2046 2088 136 2044 2086 96 2045 2087 162 2047 2089 163 2046 2088 136 2045 2087 162 2048 2090 73 2046 2088 136 2047 2089 163 2049 2091 126 2048 2090 73 2047 2089 163 2050 2092 116 2048 2090 73 2049 2091 126 2051 2093 71 2050 2092 116 2049 2091 126 846 2094 189 2050 2092 116 2051 2093 71 2052 2095 184 846 2094 189 2051 2093 71 170 170 105 174 174 105 172 172 107 1817 1847 105 174 174 105 170 170 105 2053 2096 105 1817 1847 105 170 170 105 1818 1848 54 1817 1847 105 2053 2096 105 2054 2097 54 1818 1848 54 2053 2096 105 2055 2098 131 1818 1848 54 2054 2097 54 2056 2099 54 2055 2098 131 2054 2097 54 2057 2100 99 2055 2098 131 2056 2099 54 772 776 99 2057 2100 99 2056 2099 54 776 780 67 2057 2100 99 772 776 99 774 778 111 776 780 67 772 776 99 690 691 197 694 695 213 692 693 190 2058 2101 178 694 695 213 690 691 197 805 809 138 2058 2101 178 690 691 197 2059 2102 189 2058 2101 178 805 809 138 803 807 203 2059 2102 189 805 809 138 2060 2103 173 2059 2102 189 803 807 203 804 808 33 2060 2103 173 803 807 203 2061 2104 151 2060 2103 173 804 808 33 2062 2105 82 2061 2104 151 804 808 33 2063 2106 148 2061 2104 151 2062 2105 82 2064 2107 201 2063 2106 148 2062 2105 82 311 311 151 307 307 86 309 309 151 2065 2108 27 307 307 86 311 311 151 2066 2109 22 2065 2108 27 311 311 151 2067 2110 25 2065 2108 27 2066 2109 22 2068 2111 202 2067 2110 25 2066 2109 22 2069 2112 9 2067 2110 25 2068 2111 202 2070 2113 205 2069 2112 9 2068 2111 202 2071 2114 89 2069 2112 9 2070 2113 205 2072 2115 25 2071 2114 89 2070 2113 205 2073 2116 45 2071 2114 89 2072 2115 25 2074 2117 237 2073 2116 45 2072 2115 25 892 896 93 894 898 170 893 897 198 2075 2118 73 894 898 170 892 896 93 234 234 134 2075 2118 73 892 896 93 2076 2119 143 2075 2118 73 234 234 134 2077 2120 128 2076 2119 143 234 234 134 2078 2121 147 2076 2119 143 2077 2120 128 236 236 133 2078 2121 147 2077 2120 128 2079 2122 133 2078 2121 147 236 236 133 239 239 133 2079 2122 133 236 236 133 243 243 126 2079 2122 133 239 239 133 241 241 126 243 243 126 239 239 133 941 945 186 320 320 153 939 943 18 2080 2123 185 320 320 153 941 945 186 2081 2124 189 2080 2123 185 941 945 186 322 322 155 2080 2123 185 2081 2124 189 2082 2125 92 322 322 155 2081 2124 189 326 326 157 322 322 155 2082 2125 92 2083 2126 138 326 326 157 2082 2125 92 2084 2127 148 326 326 157 2083 2126 138 2085 2128 182 2084 2127 148 2083 2126 138 328 328 159 2084 2127 148 2085 2128 182 2086 2129 16 328 328 159 2085 2128 182 1837 1868 62 1841 1872 118 1839 1870 66 2087 2130 122 1841 1872 118 1837 1868 62 2088 2131 107 2087 2130 122 1837 1868 62 2089 2132 47 2087 2130 122 2088 2131 107 2090 2133 104 2089 2132 47 2088 2131 107 2091 2134 101 2089 2132 47 2090 2133 104 2088 2131 107 2091 2134 101 2090 2133 104 2092 2135 195 2091 2134 101 2088 2131 107 94 94 60 2092 2135 195 2088 2131 107 98 98 64 2092 2135 195 94 94 60 96 96 62 98 98 64 94 94 60 38 38 17 42 42 21 40 40 19 2093 2136 2 42 42 21 38 38 17 1682 1705 9 2093 2136 2 38 38 17 2094 2137 149 2093 2136 2 1682 1705 9 1680 1703 12 2094 2137 149 1682 1705 9 2095 2138 235 2094 2137 149 1680 1703 12 1681 1704 5 2095 2138 235 1680 1703 12 2096 2139 158 2095 2138 235 1681 1704 5 1967 2005 199 2096 2139 158 1681 1704 5 2097 2140 91 2096 2139 158 1967 2005 199 1968 2006 91 2097 2140 91 1967 2005 199 2099 2142 113 1803 1833 129 2098 2141 36 2100 2143 190 1803 1833 129 2099 2142 113 1844 1876 199 2100 2143 190 2099 2142 113 2101 2144 138 2100 2143 190 1844 1876 199 1848 1880 140 2101 2144 138 1844 1876 199 2102 2145 71 2101 2144 138 1848 1880 140 2103 2146 178 2102 2145 71 1848 1880 140 2104 2147 206 2102 2145 71 2103 2146 178 1850 1882 114 2104 2147 206 2103 2146 178 2105 2148 150 2104 2147 206 1850 1882 114 1854 1886 91 2105 2148 150 1850 1882 114 2108 2151 184 2107 2150 189 2106 2149 184 2109 2152 138 2107 2150 189 2108 2151 184 2110 2153 189 2109 2152 138 2108 2151 184 2111 2154 187 2109 2152 138 2110 2153 189 2112 2155 187 2111 2154 187 2110 2153 189 2113 2156 189 2111 2154 187 2112 2155 187 2114 2157 38 2113 2156 189 2112 2155 187 2115 2158 37 2113 2156 189 2114 2157 38 709 713 172 2115 2158 37 2114 2157 38 707 711 92 2115 2158 37 709 713 172 2116 2160 185 1873 1905 187 728 2159 138 2117 2161 173 1873 1905 187 2116 2160 185 2118 2162 141 2117 2161 173 2116 2160 185 1871 1903 33 2117 2161 173 2118 2162 141 2119 2163 224 1871 1903 33 2118 2162 141 1867 1899 233 1871 1903 33 2119 2163 224 2120 2164 228 1867 1899 233 2119 2163 224 2121 2165 45 1867 1899 233 2120 2164 228 2122 2166 84 2121 2165 45 2120 2164 228 2123 2167 232 2121 2165 45 2122 2166 84 2126 2170 178 2125 2169 85 2124 2168 84 2127 2171 192 2125 2169 85 2126 2170 178 2128 2172 168 2127 2171 192 2126 2170 178 2129 2173 193 2127 2171 192 2128 2172 168 2130 2174 51 2129 2173 193 2128 2172 168 2131 2175 165 2129 2173 193 2130 2174 51 2132 2176 167 2131 2175 165 2130 2174 51 2133 2177 162 2131 2175 165 2132 2176 167 2134 2178 142 2133 2177 162 2132 2176 167 2135 2179 162 2133 2177 162 2134 2178 142 2137 2181 214 413 413 38 2136 2180 175 2138 2182 139 413 413 38 2137 2181 214 2139 2183 18 2138 2182 139 2137 2181 214 411 411 38 2138 2182 139 2139 2183 18 2140 2184 189 411 411 38 2139 2183 18 407 407 186 411 411 38 2140 2184 189 2139 2183 18 407 407 186 2140 2184 189 2141 2185 18 407 407 186 2139 2183 18 2142 2186 155 2141 2185 18 2139 2183 18 405 405 185 2141 2185 18 2142 2186 155 2144 2188 83 53 53 30 2143 2187 29 2145 2189 15 53 53 30 2144 2188 83 2146 2190 83 2145 2189 15 2144 2188 83 51 51 27 2145 2189 15 2146 2190 83 2147 2191 83 51 51 27 2146 2190 83 47 47 26 51 51 27 2147 2191 83 2146 2190 83 47 47 26 2147 2191 83 2148 2192 28 47 47 26 2146 2190 83 1291 1304 27 2148 2192 28 2146 2190 83 45 45 24 2148 2192 28 1291 1304 27 2150 2194 31 1307 1320 151 2149 2193 42 1311 1324 154 1307 1320 151 2150 2194 31 1853 1885 155 1311 1324 154 2150 2194 31 2151 2195 204 1311 1324 154 1853 1885 155 1851 1883 198 2151 2195 204 1853 1885 155 1313 1326 153 2151 2195 204 1851 1883 198 2152 2196 18 1313 1326 153 1851 1883 198 2153 2197 170 1313 1326 153 2152 2196 18 1851 1883 198 2153 2197 170 2152 2196 18 1849 1881 213 2153 2197 170 1851 1883 198 2155 2199 64 284 284 53 2154 2198 130 2156 2200 222 284 284 53 2155 2199 64 2157 2201 222 2156 2200 222 2155 2199 64 282 282 54 2156 2200 222 2157 2201 222 2158 2202 54 282 282 54 2157 2201 222 280 280 54 282 282 54 2158 2202 54 2159 2203 54 280 280 54 2158 2202 54 2160 2204 54 280 280 54 2159 2203 54 1441 1456 54 2160 2204 54 2159 2203 54 278 278 54 2160 2204 54 1441 1456 54 1442 1457 106 274 274 49 1440 1455 54 2161 2205 61 274 274 49 1442 1457 106 2162 2206 66 2161 2205 61 1442 1457 106 272 272 62 2161 2205 61 2162 2206 66 2163 2207 67 272 272 62 2162 2206 66 268 268 67 272 272 62 2163 2207 67 2164 2208 137 268 268 67 2163 2207 67 2165 2209 166 268 268 67 2164 2208 137 2166 2210 189 2165 2209 166 2164 2208 137 266 266 95 2165 2209 166 2166 2210 189 1066 1076 174 1062 1072 126 1064 1074 186 2167 2211 200 1062 1072 126 1066 1076 174 2168 2212 177 2167 2211 200 1066 1076 174 2169 2213 217 2167 2211 200 2168 2212 177 2170 2214 70 2169 2213 217 2168 2212 177 2171 2215 67 2169 2213 217 2170 2214 70 2172 2216 94 2171 2215 67 2170 2214 70 2173 2217 70 2171 2215 67 2172 2216 94 248 248 94 2173 2217 70 2172 2216 94 246 246 95 2173 2217 70 248 248 94 2175 2219 83 858 862 26 2174 2218 25 2176 2220 27 858 862 26 2175 2219 83 2177 2221 15 2176 2220 27 2175 2219 83 856 860 152 2176 2220 27 2177 2221 15 2178 2222 29 856 860 152 2177 2221 15 852 856 85 856 860 152 2178 2222 29 2177 2221 15 852 856 85 2178 2222 29 2179 2223 182 852 856 85 2177 2221 15 2180 2224 18 2179 2223 182 2177 2221 15 850 854 141 2179 2223 182 2180 2224 18 2182 2226 137 213 213 99 2181 2225 166 2183 2227 99 213 213 99 2182 2226 137 1746 1772 110 2183 2227 99 2182 2226 137 211 211 64 2183 2227 99 1746 1772 110 1745 1771 122 211 211 64 1746 1772 110 207 207 121 211 211 64 1745 1771 122 987 992 101 207 207 121 1745 1771 122 2184 2228 98 207 207 121 987 992 101 205 205 119 2184 2228 98 987 992 101 207 207 121 2184 2228 98 205 205 119 248 248 94 252 252 127 250 250 73 2185 2229 69 252 252 127 248 248 94 2172 2216 94 2185 2229 69 248 248 94 252 252 127 2185 2229 69 2172 2216 94 2186 2230 113 252 252 127 2172 2216 94 254 254 139 252 252 127 2186 2230 113 2168 2212 177 254 254 139 2186 2230 113 2187 2231 18 254 254 139 2168 2212 177 1066 1076 174 2187 2231 18 2168 2212 177 258 258 141 2187 2231 18 1066 1076 174 1685 1708 157 1681 1704 5 1683 1706 19 2188 2232 90 1681 1704 5 1685 1708 157 2189 2233 21 2188 2232 90 1685 1708 157 1963 2001 201 2188 2232 90 2189 2233 21 2190 2234 25 1963 2001 201 2189 2233 21 1958 1996 25 1963 2001 201 2190 2234 25 2191 2235 21 1958 1996 25 2190 2234 25 1957 1995 13 1958 1996 25 2191 2235 21 2192 2236 3 1957 1995 13 2191 2235 21 1959 1997 23 1957 1995 13 2192 2236 3 2158 2202 54 2193 2237 49 2159 2203 54 2194 2238 54 2193 2237 49 2158 2202 54 2195 2239 54 2194 2238 54 2158 2202 54 2196 2240 54 2194 2238 54 2195 2239 54 2197 2241 54 2196 2240 54 2195 2239 54 2194 2238 54 2196 2240 54 2197 2241 54 2198 2242 54 2194 2238 54 2197 2241 54 927 931 54 2194 2238 54 2198 2242 54 930 934 53 927 931 54 2198 2242 54 928 932 56 927 931 54 930 934 53 2200 2244 6 1604 1626 6 2199 2243 6 2201 2245 6 1604 1626 6 2200 2244 6 2202 2246 6 2201 2245 6 2200 2244 6 1602 1624 149 2201 2245 6 2202 2246 6 2203 2247 211 1602 1624 149 2202 2246 6 1599 1620 90 1602 1624 149 2203 2247 211 2204 2248 9 1599 1620 90 2203 2247 211 2205 2249 40 1599 1620 90 2204 2248 9 1598 1618 75 2205 2249 40 2204 2248 9 1599 1620 90 2205 2249 40 1598 1618 75 195 195 94 1580 1598 51 2206 2250 94 2207 2251 51 1580 1598 51 195 195 94 199 199 111 2207 2251 51 195 195 94 1582 1600 65 2207 2251 51 199 199 111 2208 2252 161 1582 1600 65 199 199 111 991 996 117 1582 1600 65 2208 2252 161 201 201 117 991 996 117 2208 2252 161 989 994 98 991 996 117 201 201 117 205 205 119 989 994 98 201 201 117 987 992 101 989 994 98 205 205 119 764 768 105 760 764 105 762 766 107 2209 2253 105 760 764 105 764 768 105 2210 2254 105 2209 2253 105 764 768 105 760 764 105 2209 2253 105 2210 2254 105 2211 2255 105 760 764 105 2210 2254 105 758 762 106 760 764 105 2211 2255 105 2212 2256 105 758 762 106 2211 2255 105 2213 2257 106 758 762 106 2212 2256 105 1156 1167 103 2213 2257 106 2212 2256 105 754 758 64 2213 2257 106 1156 1167 103 717 721 184 720 724 141 718 722 139 2214 2258 39 720 724 141 717 721 184 2108 2151 184 2214 2258 39 717 721 184 2215 2259 39 2214 2258 39 2108 2151 184 2106 2149 184 2215 2259 39 2108 2151 184 2216 2260 29 2215 2259 39 2106 2149 184 2107 2150 189 2216 2260 29 2106 2149 184 2020 2261 82 2216 2260 29 2107 2150 189 1378 1391 182 2020 2261 82 2107 2150 189 1070 1080 111 822 826 204 1068 1078 165 2217 2262 165 822 826 204 1070 1080 111 2218 2263 162 2217 2262 165 1070 1080 111 824 828 124 2217 2262 165 2218 2263 162 2219 2264 194 824 828 124 2218 2263 162 2220 2265 170 824 828 124 2219 2264 194 2221 2266 190 2220 2265 170 2219 2264 194 2222 2267 187 2220 2265 170 2221 2266 190 1155 2268 92 2222 2267 187 2221 2266 190 2224 2270 128 787 791 144 2223 2269 162 2225 2271 67 787 791 144 2224 2270 128 2226 2272 160 2225 2271 67 2224 2270 128 2227 2273 174 2225 2271 67 2226 2272 160 2228 2274 166 2227 2273 174 2226 2272 160 2229 2275 169 2227 2273 174 2228 2274 166 2135 2179 162 2229 2275 169 2228 2274 166 2230 2276 138 2229 2275 169 2135 2179 162 2134 2178 142 2230 2276 138 2135 2179 162 2232 2278 26 48 48 26 2231 2277 19 2233 2279 86 48 48 26 2232 2278 26 2234 2280 151 2233 2279 86 2232 2278 26 50 50 28 2233 2279 86 2234 2280 151 2235 2281 151 50 50 28 2234 2280 151 2236 2282 85 50 50 28 2235 2281 151 2234 2280 151 2236 2282 85 2235 2281 151 2237 2283 33 2236 2282 85 2234 2280 151 1347 1360 154 2237 2283 33 2234 2280 151 1555 1573 123 1557 1575 208 1556 1574 131 2238 2284 97 1557 1575 208 1555 1573 123 2239 2285 217 2238 2284 97 1555 1573 123 2240 2286 215 2238 2284 97 2239 2285 217 2241 2287 70 2240 2286 215 2239 2285 217 329 2288 160 2240 2286 215 2241 2287 70 2242 2289 95 329 2288 160 2241 2287 70 2243 2290 194 329 2288 160 2242 2289 95 2244 2291 194 2243 2290 194 2242 2289 95 2076 2119 143 894 898 170 2075 2118 73 2245 2292 35 894 898 170 2076 2119 143 2246 2293 170 2245 2292 35 2076 2119 143 896 900 188 2245 2292 35 2246 2293 170 2247 2294 213 896 900 188 2246 2293 170 1642 2295 191 896 900 188 2247 2294 213 2248 2296 139 1642 2295 191 2247 2294 213 1643 2297 214 1642 2295 191 2248 2296 139 2249 2298 39 1643 2297 214 2248 2296 139 375 375 38 599 600 186 373 373 16 597 598 171 599 600 186 375 375 38 377 377 176 597 598 171 375 375 38 2250 2299 178 597 598 171 377 377 176 1287 1300 113 2250 2299 178 377 377 176 593 594 191 2250 2299 178 1287 1300 113 2251 2300 190 593 594 191 1287 1300 113 591 592 197 593 594 191 2251 2300 190 1287 1300 113 591 592 197 2251 2300 190 602 603 32 604 605 27 603 604 182 2252 2301 151 604 605 27 602 603 32 1249 1262 182 2252 2301 151 602 603 32 2253 2302 25 2252 2301 151 1249 1262 182 1247 1260 157 2253 2302 25 1249 1262 182 2254 2303 22 2253 2302 25 1247 1260 157 1248 1261 157 2254 2303 22 1247 1260 157 2255 2304 75 2254 2303 22 1248 1261 157 2256 2305 19 2255 2304 75 1248 1261 157 2258 2307 26 1713 1736 203 2257 2306 153 2259 2308 151 1713 1736 203 2258 2307 26 2260 2309 202 2259 2308 151 2258 2307 26 1715 1738 183 2259 2308 151 2260 2309 202 2261 2310 23 1715 1738 183 2260 2309 202 2262 2311 26 1715 1738 183 2261 2310 23 2263 2312 17 2262 2311 26 2261 2310 23 2264 2313 17 2262 2311 26 2263 2312 17 2265 2314 201 2264 2313 17 2263 2312 17 2267 2316 163 843 847 115 2266 2315 210 2268 2317 71 843 847 115 2267 2316 163 2269 2318 113 2268 2317 71 2267 2316 163 845 849 38 2268 2317 71 2269 2318 113 2270 2319 171 845 849 38 2269 2318 113 2271 2320 35 845 849 38 2270 2319 171 2272 2321 14 2271 2320 35 2270 2319 171 2273 2322 228 2271 2320 35 2272 2321 14 2274 2323 235 2273 2322 228 2272 2321 14 2275 2324 170 1199 1210 138 1197 1208 214 2276 2325 35 1199 1210 138 2275 2324 170 2277 2326 198 2276 2325 35 2275 2324 170 2278 2327 37 2276 2325 35 2277 2326 198 2279 2328 169 2278 2327 37 2277 2326 198 1330 1343 186 2278 2327 37 2279 2328 169 2280 2329 204 1330 1343 186 2279 2328 169 1332 1345 203 1330 1343 186 2280 2329 204 2281 2330 175 1332 1345 203 2280 2329 204 1716 1739 189 1712 1735 169 1714 1737 204 2282 2331 138 1712 1735 169 1716 1739 189 2283 2332 169 2282 2331 138 1716 1739 189 2284 2333 188 2282 2331 138 2283 2332 169 2285 2334 138 2284 2333 188 2283 2332 169 1835 2335 169 2284 2333 188 2285 2334 138 2283 2332 169 1835 2335 169 2285 2334 138 826 2336 155 1835 2335 169 2283 2332 169 825 1741 169 826 2336 155 2283 2332 169 850 854 141 530 530 139 848 852 183 2286 2337 139 530 530 139 850 854 141 2180 2224 18 2286 2337 139 850 854 141 532 532 18 2286 2337 139 2180 2224 18 2287 2338 214 532 532 18 2180 2224 18 395 2339 173 532 532 18 2287 2338 214 2288 2340 182 395 2339 173 2287 2338 214 394 2341 27 395 2339 173 2288 2340 182 2289 2342 20 394 2341 27 2288 2340 182 11 11 6 7 7 6 9 9 8 2290 2343 80 7 7 6 11 11 6 2291 2344 234 2290 2343 80 11 11 6 2292 2345 6 2290 2343 80 2291 2344 234 2293 2346 6 2292 2345 6 2291 2344 234 2294 2347 6 2292 2345 6 2293 2346 6 2295 2348 235 2294 2347 6 2293 2346 6 2296 2349 235 2294 2347 6 2295 2348 235 2297 2350 6 2296 2349 235 2295 2348 235 1441 1456 54 1445 1460 55 1443 1458 59 2298 2351 54 1445 1460 55 1441 1456 54 2159 2203 54 2298 2351 54 1441 1456 54 2299 2352 54 2298 2351 54 2159 2203 54 2193 2237 49 2299 2352 54 2159 2203 54 2300 2353 54 2299 2352 54 2193 2237 49 925 929 54 2300 2353 54 2193 2237 49 921 925 106 2300 2353 54 925 929 54 923 927 216 921 925 106 925 929 54 1387 1400 52 883 887 62 2301 2354 106 2302 2355 145 883 887 62 1387 1400 52 1384 1397 49 2302 2355 145 1387 1400 52 881 885 58 2302 2355 145 1384 1397 49 2303 2356 56 881 885 58 1384 1397 49 877 881 146 881 885 58 2303 2356 56 1382 1395 53 877 881 146 2303 2356 56 2304 2357 59 877 881 146 1382 1395 53 1380 1393 222 2304 2357 59 1382 1395 53 523 523 174 1923 1958 33 2305 2358 155 2306 2359 186 1923 1958 33 523 523 174 527 527 186 2306 2359 186 523 523 174 1925 1960 189 2306 2359 186 527 527 186 2307 2360 175 1925 1960 189 527 527 186 2308 2361 139 1925 1960 189 2307 2360 175 529 529 184 2308 2361 139 2307 2360 175 2309 2362 214 2308 2361 139 529 529 184 533 533 153 2309 2362 214 529 529 184 1233 1246 221 1229 1242 69 1231 1244 70 2310 2363 124 1229 1242 69 1233 1246 221 2311 2364 135 2310 2363 124 1233 1246 221 2312 2365 96 2310 2363 124 2311 2364 135 2313 2366 51 2312 2365 96 2311 2364 135 2314 2367 161 2312 2365 96 2313 2366 51 2311 2364 135 2314 2367 161 2313 2366 51 2315 2368 161 2314 2367 161 2311 2364 135 1235 1248 66 2315 2368 161 2311 2364 135 1471 1486 142 1475 1490 206 1473 1488 205 2316 2369 212 1475 1490 206 1471 1486 142 2317 2370 212 2316 2369 212 1471 1486 142 2318 2371 0 2316 2369 212 2317 2370 212 2319 2372 0 2318 2371 0 2317 2370 212 2320 2373 229 2318 2371 0 2319 2372 0 2321 2374 0 2320 2373 229 2319 2372 0 2322 2375 229 2320 2373 229 2321 2374 0 2323 2376 229 2322 2375 229 2321 2374 0 880 884 100 884 888 48 882 886 130 2324 2377 215 884 888 48 880 884 100 2325 2378 120 2324 2377 215 880 884 100 2326 2379 119 2324 2377 215 2325 2378 120 2327 2380 135 2326 2379 119 2325 2378 120 2328 2381 129 2326 2379 119 2327 2380 135 2329 2382 65 2328 2381 129 2327 2380 135 2330 2383 210 2328 2381 129 2329 2382 65 2331 2384 168 2330 2383 210 2329 2382 65 733 737 74 729 733 94 731 735 70 2332 2385 220 729 733 94 733 737 74 1901 1936 196 2332 2385 220 733 737 74 729 733 94 2332 2385 220 1901 1936 196 1899 1934 210 729 733 94 1901 1936 196 2116 2386 185 729 733 94 1899 1934 210 1900 1935 196 2116 2386 185 1899 1934 210 2333 2387 184 2116 2386 185 1900 1935 196 2334 2388 184 2333 2387 184 1900 1935 196 1215 1226 104 1218 1229 222 1216 1227 103 2335 2389 146 1218 1229 222 1215 1226 104 2336 2390 52 2335 2389 146 1215 1226 104 2337 2391 58 2335 2389 146 2336 2390 52 2338 2392 49 2337 2391 58 2336 2390 52 79 79 49 2337 2391 58 2338 2392 49 83 83 52 79 79 49 2338 2392 49 81 81 49 79 79 49 83 83 52 840 844 170 836 840 68 838 842 116 1619 1641 191 836 840 68 840 844 170 2339 2393 185 1619 1641 191 840 844 170 1620 1642 129 1619 1641 191 2339 2393 185 2340 2394 143 1620 1642 129 2339 2393 185 2341 2395 143 1620 1642 129 2340 2394 143 2342 2396 178 2341 2395 143 2340 2394 143 2343 2397 113 2341 2395 143 2342 2396 178 2046 2088 136 1128 1138 160 2044 2086 96 2344 2398 162 1128 1138 160 2046 2088 136 2345 2399 168 2344 2398 162 2046 2088 136 1130 1140 136 2344 2398 162 2345 2399 168 2346 2400 94 1130 1140 136 2345 2399 168 1132 1142 139 1130 1140 136 2346 2400 94 2274 2401 235 1132 1142 139 2346 2400 94 1991 2030 178 1132 1142 139 2274 2401 235 915 2402 201 2013 2053 2 913 2051 1 2347 2403 89 2013 2053 2 915 2402 201 916 2404 40 2347 2403 89 915 2402 201 2348 2405 75 2347 2403 89 916 2404 40 1108 2406 40 2348 2405 75 916 2404 40 2349 2407 205 2348 2405 75 1108 2406 40 1110 2408 202 2349 2407 205 1108 2406 40 2254 2409 22 2349 2407 205 1110 2408 202 1147 1157 47 1149 1159 69 1148 1158 120 2350 2410 137 1149 1159 69 1147 1157 47 2351 2411 70 2350 2410 137 1147 1157 47 2352 2412 116 2350 2410 137 2351 2411 70 2353 2413 210 2352 2412 116 2351 2411 70 1834 1864 69 2352 2412 116 2353 2413 210 1830 1860 200 1834 1864 69 2353 2413 210 1832 1862 193 1834 1864 69 1830 1860 200 2352 2412 116 1149 1159 69 2350 2410 137 2354 2414 179 1149 1159 69 2352 2412 116 2355 2415 193 2354 2414 179 2352 2412 116 1151 1161 143 2354 2414 179 2355 2415 193 2356 2416 127 1151 1161 143 2355 2415 193 1153 1163 71 1151 1161 143 2356 2416 127 2220 2417 170 1153 1163 71 2356 2416 127 2222 2418 187 1153 1163 71 2220 2417 170 819 823 183 815 819 187 817 821 171 2357 2419 82 815 819 187 819 823 183 2358 2420 15 2357 2419 82 819 823 183 2359 2421 82 2357 2419 82 2358 2420 15 2360 2422 81 2359 2421 82 2358 2420 15 2062 2105 82 2359 2421 82 2360 2422 81 2265 2423 201 2062 2105 82 2360 2422 81 2064 2107 201 2062 2105 82 2265 2423 201 1982 2020 82 1978 2016 228 1980 2018 27 2361 2424 85 1978 2016 228 1982 2020 82 2362 2425 29 2361 2424 85 1982 2020 82 2363 2426 86 2361 2424 85 2362 2425 29 2364 2427 26 2363 2426 86 2362 2425 29 2365 2428 19 2363 2426 86 2364 2427 26 257 2429 13 2365 2428 19 2364 2427 26 259 2430 142 2365 2428 19 257 2429 13 1732 1758 211 2366 2431 0 1733 1759 0 2367 2432 77 2366 2431 0 1732 1758 211 2368 2433 206 2367 2432 77 1732 1758 211 147 147 79 2367 2432 77 2368 2433 206 1729 1755 148 147 147 79 2368 2433 206 2369 2434 2 147 147 79 1729 1755 148 510 510 202 2369 2434 2 1729 1755 148 145 145 9 2369 2434 2 510 510 202 2059 2102 189 694 695 213 2058 2101 178 2370 2435 38 694 695 213 2059 2102 189 2371 2436 174 2370 2435 38 2059 2102 189 696 697 187 2370 2435 38 2371 2436 174 2372 2437 92 696 697 187 2371 2436 174 700 701 21 696 697 187 2372 2437 92 1692 2438 24 700 701 21 2372 2437 92 609 2439 27 700 701 21 1692 2438 24 1971 2009 150 674 675 88 1969 2007 201 2373 2440 201 674 675 88 1971 2009 150 2374 2441 156 2373 2440 201 1971 2009 150 676 677 17 2373 2440 201 2374 2441 156 2375 2442 4 676 677 17 2374 2441 156 679 680 8 676 677 17 2375 2442 4 2376 2443 229 679 680 8 2375 2442 4 2377 2444 42 679 680 8 2376 2443 229 1345 1358 26 1341 1354 88 1343 1356 13 2378 2445 88 1341 1354 88 1345 1358 26 2232 2278 26 2378 2445 88 1345 1358 26 2379 2446 87 2378 2445 88 2232 2278 26 2231 2277 19 2379 2446 87 2232 2278 26 44 44 23 2379 2446 87 2231 2277 19 48 48 26 44 44 23 2231 2277 19 46 46 25 44 44 23 48 48 26 217 217 95 213 213 99 215 215 100 2181 2225 166 213 213 99 217 217 95 2380 2447 93 2181 2225 166 217 217 95 2182 2226 137 2181 2225 166 2380 2447 93 2381 2448 76 2182 2226 137 2380 2447 93 2382 2449 192 2182 2226 137 2381 2448 76 2383 2450 31 2382 2449 192 2381 2448 76 2384 2451 30 2382 2449 192 2383 2450 31 1401 1414 35 1405 1418 192 1403 1416 197 2385 2452 115 1405 1418 192 1401 1414 35 2386 2453 213 2385 2452 115 1401 1414 35 1178 2454 176 2385 2452 115 2386 2453 213 2387 2455 176 1178 2454 176 2386 2453 213 2388 2456 180 1178 2454 176 2387 2455 176 2389 2457 159 2388 2456 180 2387 2455 176 2390 2458 33 2388 2456 180 2389 2457 159 2094 2137 149 42 42 21 2093 2136 2 2391 2459 89 42 42 21 2094 2137 149 2392 2460 4 2391 2459 89 2094 2137 149 2379 2446 87 2391 2459 89 2392 2460 4 2393 2461 17 2379 2446 87 2392 2460 4 1341 1354 88 2379 2446 87 2393 2461 17 2394 2462 91 1341 1354 88 2393 2461 17 1340 1353 91 1341 1354 88 2394 2462 91 2260 2309 202 2263 2312 17 2261 2310 23 2395 2463 90 2263 2312 17 2260 2309 202 2396 2464 8 2395 2463 90 2260 2309 202 2397 2465 206 2395 2463 90 2396 2464 8 2398 2466 78 2397 2465 206 2396 2464 8 2000 2039 79 2397 2465 206 2398 2466 78 2399 2467 0 2000 2039 79 2398 2466 78 1999 2038 0 2000 2039 79 2399 2467 0 1176 1187 194 2385 2468 115 1178 1189 176 2400 2469 113 2385 2468 115 1176 1187 194 2401 2470 200 2400 2469 113 1176 1187 194 1163 1174 128 2400 2469 113 2401 2470 200 1172 1183 68 1163 1174 128 2401 2470 200 2402 2471 69 1163 1174 128 1172 1183 68 1170 1181 110 2402 2471 69 1172 1183 68 1161 1172 124 2402 2471 69 1170 1181 110 249 249 127 245 245 136 247 247 137 2403 2472 116 245 245 136 249 249 127 2404 2473 213 2403 2472 116 249 249 127 2405 2474 116 2403 2472 116 2404 2473 213 2406 2475 171 2405 2474 116 2404 2473 213 2246 2293 170 2405 2474 116 2406 2475 171 2248 2296 139 2246 2293 170 2406 2475 171 2247 2294 213 2246 2293 170 2248 2296 139 1175 1186 162 1425 1440 195 2407 2476 98 2408 2477 118 1425 1440 195 1175 1186 162 1179 1190 160 2408 2477 118 1175 1186 162 1423 1438 65 2408 2477 118 1179 1190 160 2409 2478 67 1423 1438 65 1179 1190 160 1421 1436 50 1423 1438 65 2409 2478 67 1181 1192 166 1421 1436 50 2409 2478 67 2410 2479 217 1421 1436 50 1181 1192 166 2067 2110 25 307 307 86 2065 2108 27 2411 2480 202 307 307 86 2067 2110 25 2412 2481 79 2411 2480 202 2067 2110 25 305 305 90 2411 2480 202 2412 2481 79 2413 2482 8 305 305 90 2412 2481 79 301 301 79 305 305 90 2413 2482 8 2414 2483 8 301 301 79 2413 2482 8 2415 2484 8 301 301 79 2414 2483 8 809 813 126 467 467 76 465 465 168 2416 2485 127 467 467 76 809 813 126 807 811 114 2416 2485 127 809 813 126 2417 2486 190 2416 2485 127 807 811 114 688 689 114 2417 2486 190 807 811 114 2416 2485 127 2417 2486 190 688 689 114 686 687 71 2416 2485 127 688 689 114 684 685 191 2416 2485 127 686 687 71 2157 2201 222 2195 2239 54 2158 2202 54 2418 2487 108 2195 2239 54 2157 2201 222 2419 2488 64 2418 2487 108 2157 2201 222 2420 2489 223 2418 2487 108 2419 2488 64 2421 2490 50 2420 2489 223 2419 2488 64 932 936 135 2420 2489 223 2421 2490 50 936 940 118 932 936 135 2421 2490 50 934 938 167 932 936 135 936 940 118 1652 1674 171 2422 2491 169 1653 1675 227 2423 2492 178 2422 2491 169 1652 1674 171 2424 2493 173 2423 2492 178 1652 1674 171 2425 2494 171 2423 2492 178 2424 2493 173 1649 1671 198 2425 2494 171 2424 2493 173 2426 2495 171 2425 2494 171 1649 1671 198 1647 1669 140 2426 2495 171 1649 1671 198 1874 1906 171 2426 2495 171 1647 1669 140 2427 2496 70 1283 1296 160 1284 1297 69 2428 2497 208 1283 1296 160 2427 2496 70 2429 2498 128 2428 2497 208 2427 2496 70 2430 2499 95 2428 2497 208 2429 2498 128 1030 1038 181 2430 2499 95 2429 2498 128 2428 2497 208 2430 2499 95 1030 1038 181 1031 1039 111 2428 2497 208 1030 1038 181 1033 1041 135 2428 2497 208 1031 1039 111 1298 1311 13 1294 1307 13 1296 1309 13 2431 2500 13 1294 1307 13 1298 1311 13 2432 2501 13 2431 2500 13 1298 1311 13 2433 2502 13 2431 2500 13 2432 2501 13 2434 2503 13 2433 2502 13 2432 2501 13 33 33 13 2433 2502 13 2434 2503 13 29 29 13 33 33 13 2434 2503 13 31 31 13 33 33 13 29 29 13 1659 1681 68 1661 1683 194 1660 1682 94 2435 2504 129 1661 1683 194 1659 1681 68 2436 2505 113 2435 2504 129 1659 1681 68 2437 2506 191 2435 2504 129 2436 2505 113 2438 2507 171 2437 2506 191 2436 2505 113 1877 1910 187 2437 2506 191 2438 2507 171 2439 2508 158 1877 1910 187 2438 2507 171 1876 1909 159 1877 1910 187 2439 2508 158 2337 2391 58 1218 1229 222 2335 2389 146 2440 2509 55 1218 1229 222 2337 2391 58 2441 2510 108 2440 2509 55 2337 2391 58 1220 1231 222 2440 2509 55 2441 2510 108 2442 2511 223 1220 1231 222 2441 2510 108 1224 1235 53 1220 1231 222 2442 2511 223 1764 2512 161 1224 1235 53 2442 2511 223 1763 2513 117 1224 1235 53 1764 2512 161 1135 1145 76 446 446 127 1133 1143 116 2443 2514 192 446 446 127 1135 1145 76 2444 2515 210 2443 2514 192 1135 1145 76 448 448 193 2443 2514 192 2444 2515 210 2445 2516 194 448 448 193 2444 2515 210 2446 2517 92 448 448 193 2445 2516 194 725 729 116 2446 2517 92 2445 2516 194 727 731 18 2446 2517 92 725 729 116 2024 2065 172 2021 2062 198 2022 2063 171 2447 2518 198 2021 2062 198 2024 2065 172 2448 2519 183 2447 2518 198 2024 2065 172 2449 2520 184 2447 2518 198 2448 2519 183 2450 2521 32 2449 2520 184 2448 2519 183 2451 2522 15 2449 2520 184 2450 2521 32 2452 2523 201 2451 2522 15 2450 2521 32 2453 2524 89 2451 2522 15 2452 2523 201 1784 1814 211 1780 1810 21 1782 1812 157 2454 2525 78 1780 1810 21 1784 1814 211 2455 2526 10 2454 2525 78 1784 1814 211 2456 2527 42 2454 2525 78 2455 2526 10 2457 2528 150 2456 2527 42 2455 2526 10 2458 2529 4 2456 2527 42 2457 2528 150 2459 2530 9 2458 2529 4 2457 2528 150 2460 2531 6 2458 2529 4 2459 2530 9 1802 1832 136 2461 1836 140 1804 1834 94 2462 2532 208 2461 1836 140 1802 1832 136 2463 2533 125 2462 2532 208 1802 1832 136 2464 2534 118 2462 2532 208 2463 2533 125 2465 2535 209 2464 2534 118 2463 2533 125 794 798 135 2464 2534 118 2465 2535 209 798 802 66 794 798 135 2465 2535 209 796 800 120 794 798 135 798 802 66 288 288 109 284 284 53 286 286 57 2154 2198 130 284 284 53 288 288 109 2466 2536 48 2154 2198 130 288 288 109 2155 2199 64 2154 2198 130 2466 2536 48 2467 2537 47 2155 2199 64 2466 2536 48 2468 2538 50 2155 2199 64 2467 2537 47 2469 2539 72 2468 2538 50 2467 2537 47 2470 2540 72 2468 2538 50 2469 2539 72 1950 1987 193 340 340 160 1948 1985 70 2471 2541 167 340 340 160 1950 1987 193 2472 2542 204 2471 2541 167 1950 1987 193 338 338 70 2471 2541 167 2472 2542 204 2473 2543 93 338 338 70 2472 2542 204 334 334 163 338 338 70 2473 2543 93 2449 2544 184 334 334 163 2473 2543 93 2474 2545 214 334 334 163 2449 2544 184 2476 2547 161 1933 1968 121 2475 2546 66 2477 2548 70 1933 1968 121 2476 2547 161 2478 2549 96 2477 2548 70 2476 2547 161 1935 1970 126 2477 2548 70 2478 2549 96 2479 2550 74 1935 1970 126 2478 2549 96 223 2551 129 1935 1970 126 2479 2550 74 263 263 135 223 2551 129 2479 2550 74 261 261 93 223 2551 129 263 263 135 2481 2553 4 2 2 1 2480 2552 156 2482 2554 8 2 2 1 2481 2553 4 2483 2555 8 2482 2554 8 2481 2553 4 2192 2236 3 2482 2554 8 2483 2555 8 2484 2556 8 2192 2236 3 2483 2555 8 1959 1997 23 2192 2236 3 2484 2556 8 2414 2557 8 1959 1997 23 2484 2556 8 2485 2558 8 1959 1997 23 2414 2557 8 405 405 185 401 401 31 403 403 153 2486 2559 173 401 401 31 405 405 185 2142 2186 155 2486 2559 173 405 405 185 2487 2560 31 2486 2559 173 2142 2186 155 2488 2561 141 2487 2560 31 2142 2186 155 2308 2562 139 2487 2560 31 2488 2561 141 2489 2563 214 2308 2562 139 2488 2561 141 1927 2564 19 2308 2562 139 2489 2563 214 1710 1733 169 1706 1729 37 1708 1731 114 2490 2565 186 1706 1729 37 1710 1733 169 2491 2566 138 2490 2565 186 1710 1733 169 1725 1751 32 2490 2565 186 2491 2566 138 2492 2567 183 1725 1751 32 2491 2566 138 1721 1747 159 1725 1751 32 2492 2567 183 392 2568 139 1721 1747 159 2492 2567 183 970 2569 85 1721 1747 159 392 2568 139 1930 1965 65 497 497 181 1928 1963 208 2493 2570 76 497 497 181 1930 1965 65 2494 2571 116 2493 2570 76 1930 1965 65 499 499 200 2493 2570 76 2494 2571 116 2495 2572 200 499 499 200 2494 2571 116 503 503 73 499 499 200 2495 2572 200 2496 2573 170 503 503 73 2495 2572 200 2497 2574 92 503 503 73 2496 2573 170 1099 1109 23 1103 1113 22 1101 1111 26 2498 2575 83 1103 1113 22 1099 1109 23 2499 2576 81 2498 2575 83 1099 1109 23 2500 2577 30 2498 2575 83 2499 2576 81 2501 2578 182 2500 2577 30 2499 2576 81 2502 2579 139 2500 2577 30 2501 2578 182 547 547 39 2502 2579 139 2501 2578 182 549 549 138 2502 2579 139 547 547 39 1189 1200 74 2503 2580 197 1191 1202 126 1833 2581 74 2503 2580 197 1189 1200 74 2504 2582 147 1833 2581 74 1189 1200 74 391 391 181 1833 2581 74 2504 2582 147 1186 1197 208 391 391 181 2504 2582 147 2505 2583 70 391 391 181 1186 1197 208 1183 1194 217 2505 2583 70 1186 1197 208 389 389 129 2505 2583 70 1183 1194 217 551 551 204 2502 2579 139 549 549 138 2506 2584 18 2502 2579 139 551 551 204 2507 2585 173 2506 2584 18 551 551 204 2508 2586 32 2506 2584 18 2507 2585 173 2509 2587 16 2508 2586 32 2507 2585 173 1105 1115 86 2508 2586 32 2509 2587 16 1109 1119 17 1105 1115 86 2509 2587 16 1107 1117 17 1105 1115 86 1109 1119 17 1351 1364 155 1347 1360 154 1349 1362 32 2237 2283 33 1347 1360 154 1351 1364 155 2510 2588 155 2237 2283 33 1351 1364 155 2511 2589 33 2237 2283 33 2510 2588 155 2512 2590 31 2511 2589 33 2510 2588 155 358 2591 154 2511 2589 33 2512 2590 31 2513 2592 34 358 2591 154 2512 2590 31 2514 2593 30 358 2591 154 2513 2592 34 1920 1955 36 125 125 82 1918 1953 154 2515 2594 159 125 125 82 1920 1955 36 2516 2595 7 2515 2594 159 1920 1955 36 123 123 7 2515 2594 159 2516 2595 7 2517 2596 13 123 123 7 2516 2595 7 119 119 79 123 123 7 2517 2596 13 2459 2597 9 119 119 79 2517 2596 13 2518 2598 79 119 119 79 2459 2597 9 2362 2425 29 257 2429 13 2364 2427 26 2519 2599 39 257 2429 13 2362 2425 29 2520 2600 39 2519 2599 39 2362 2425 29 2521 2601 185 2519 2599 39 2520 2600 39 2522 2602 175 2521 2601 185 2520 2600 39 2523 2603 24 2521 2601 185 2522 2602 175 2446 2604 92 2523 2603 24 2522 2602 175 727 2605 18 2523 2603 24 2446 2604 92 2525 2607 115 2425 2494 171 2524 2606 198 2526 2608 71 2425 2494 171 2525 2607 115 2527 2609 191 2526 2608 71 2525 2607 115 2423 2492 178 2526 2608 71 2527 2609 191 2528 2610 180 2423 2492 178 2527 2609 191 2342 2611 178 2423 2492 178 2528 2610 180 2529 2612 71 2342 2611 178 2528 2610 180 2343 2613 113 2342 2611 178 2529 2612 71 1939 1975 114 1090 1100 127 1937 1973 190 2530 2614 143 1090 1100 127 1939 1975 114 2531 2615 176 2530 2614 143 1939 1975 114 1092 1102 178 2530 2614 143 2531 2615 176 2532 2616 198 1092 1102 178 2531 2615 176 422 422 180 1092 1102 178 2532 2616 198 2533 2617 159 422 422 180 2532 2616 198 424 424 183 422 422 180 2533 2617 159 443 443 126 440 440 194 441 441 76 1081 1091 68 440 440 194 443 443 126 2534 2618 193 1081 1091 68 443 443 126 1082 1092 220 1081 1091 68 2534 2618 193 2535 2619 69 1082 1092 220 2534 2618 193 1944 1980 136 1082 1092 220 2535 2619 69 2536 2620 138 1944 1980 136 2535 2619 69 1945 1982 176 1944 1980 136 2536 2620 138 1050 2623 89 2537 2622 23 1976 2621 79 2538 2624 19 2537 2622 23 1050 2623 89 296 1617 90 2538 2624 19 1050 2623 89 2539 2625 142 2538 2624 19 296 1617 90 1598 1618 75 2539 2625 142 296 1617 90 2538 2624 19 2539 2625 142 1598 1618 75 2540 2626 40 2538 2624 19 1598 1618 75 2541 2627 19 2538 2624 19 2540 2626 40 813 817 94 1073 1083 70 2542 2628 147 2543 2629 147 1073 1083 70 813 817 94 811 815 69 2543 2629 147 813 817 94 1075 1085 162 2543 2629 147 811 815 69 2544 2630 147 1075 1085 162 811 815 69 461 461 95 1075 1085 162 2544 2630 147 465 465 168 461 461 95 2544 2630 147 463 463 162 461 461 95 465 465 168 631 632 92 628 629 114 629 630 138 1119 1129 71 628 629 114 631 632 92 2545 2631 139 1119 1129 71 631 632 92 1120 1130 116 1119 1129 71 2545 2631 139 2546 2632 138 1120 1130 116 2545 2631 139 2051 2093 71 1120 1130 116 2546 2632 138 2547 2633 214 2051 2093 71 2546 2632 138 2052 2095 184 2051 2093 71 2547 2633 214 417 417 189 413 413 38 415 415 37 2136 2180 175 413 413 38 417 417 189 2548 2634 92 2136 2180 175 417 417 189 2137 2181 214 2136 2180 175 2548 2634 92 2549 2635 18 2137 2181 214 2548 2634 92 2489 2563 214 2137 2181 214 2549 2635 18 2550 2636 25 2489 2563 214 2549 2635 18 1927 2564 19 2489 2563 214 2550 2636 25 1838 1869 47 88 88 56 1836 1867 216 2551 2637 102 88 88 56 1838 1869 47 2552 2638 110 2551 2637 102 1838 1869 47 86 86 55 2551 2637 102 2552 2638 110 2553 2639 110 86 86 55 2552 2638 110 82 82 51 86 86 55 2553 2639 110 1587 2640 215 82 82 51 2553 2639 110 1585 2641 110 82 82 51 1587 2640 215 2555 2643 161 1615 1637 215 2554 2642 111 2556 2644 98 1615 1637 215 2555 2643 161 2557 2645 98 2556 2644 98 2555 2643 161 1617 1639 103 2556 2644 98 2557 2645 98 2558 2646 104 1617 1639 103 2557 2645 98 874 878 109 1617 1639 103 2558 2646 104 878 882 109 874 878 109 2558 2646 104 876 880 105 874 878 109 878 882 109 2561 2649 163 2560 2648 118 2559 2647 208 2562 2650 167 2560 2648 118 2561 2649 163 2563 2651 191 2562 2650 167 2561 2649 163 1450 2652 191 2562 2650 167 2563 2651 191 2564 2653 25 1450 2652 191 2563 2651 191 2565 2654 204 1450 2652 191 2564 2653 25 2566 2655 45 2565 2654 204 2564 2653 25 2567 2656 13 2565 2654 204 2566 2655 45 723 727 140 719 723 37 721 725 92 2568 2657 176 719 723 37 723 727 140 2569 2658 113 2568 2657 176 723 727 140 2570 2659 140 2568 2657 176 2569 2658 113 2571 2660 207 2570 2659 140 2569 2658 113 1140 1150 180 2570 2659 140 2571 2660 207 1137 1147 127 1140 1150 180 2571 2660 207 1138 1148 127 1140 1150 180 1137 1147 127 2574 2663 172 2573 2662 152 2572 2661 138 2575 2664 140 2573 2662 152 2574 2663 172 2525 2607 115 2575 2664 140 2574 2663 172 2576 2665 169 2575 2664 140 2525 2607 115 2524 2606 198 2576 2665 169 2525 2607 115 1874 1906 171 2576 2665 169 2524 2606 198 2425 2494 171 1874 1906 171 2524 2606 198 2426 2495 171 1874 1906 171 2425 2494 171 1702 1725 89 1698 1721 87 1700 1723 148 2577 2666 87 1698 1721 87 1702 1725 89 2578 2667 157 2577 2666 87 1702 1725 89 2579 2668 202 2577 2666 87 2578 2667 157 2580 2669 19 2579 2668 202 2578 2667 157 362 1742 13 2579 2668 202 2580 2669 19 1719 1744 25 362 1742 13 2580 2669 19 57 57 33 53 53 30 55 55 31 2143 2187 29 53 53 30 57 57 33 2581 2670 172 2143 2187 29 57 57 33 2144 2188 83 2143 2187 29 2581 2670 172 2582 2671 187 2144 2188 83 2581 2670 172 1295 1308 92 2144 2188 83 2582 2671 187 1297 1310 32 1295 1308 92 2582 2671 187 2581 2670 172 1297 1310 32 2582 2671 187 2583 2672 32 1297 1310 32 2581 2670 172 2584 2673 32 2583 2672 32 2581 2670 172 1301 1314 32 2583 2672 32 2584 2673 32 2585 2674 32 1301 1314 32 2584 2673 32 65 65 32 1301 1314 32 2585 2674 32 63 63 32 65 65 32 2585 2674 32 74 74 44 70 70 41 72 72 41 2586 2675 238 70 70 41 74 74 44 2587 2676 239 2586 2675 238 74 74 44 2588 2677 234 2586 2675 238 2587 2676 239 2589 2678 231 2588 2677 234 2587 2676 239 19 19 13 2588 2677 234 2589 2678 231 17 17 14 19 19 13 2589 2678 231 17 17 14 13 13 11 15 15 12 2590 2679 219 13 13 11 17 17 14 2587 2676 239 2590 2679 219 17 17 14 2591 2680 234 2590 2679 219 2587 2676 239 2592 2681 225 2591 2680 234 2587 2676 239 76 76 46 2591 2680 234 2592 2681 225 74 74 44 76 76 46 2592 2681 225 2204 2248 9 2540 2626 40 1598 1618 75 1766 2682 6 2540 2626 40 2204 2248 9 2593 2683 6 1766 2682 6 2204 2248 9 2594 2684 6 1766 2682 6 2593 2683 6 2202 2246 6 2594 2684 6 2593 2683 6 2595 2685 6 2594 2684 6 2202 2246 6 2200 2244 6 2595 2685 6 2202 2246 6 486 486 106 1380 1393 222 484 484 59 2304 2357 59 1380 1393 222 486 486 106 490 490 61 2304 2357 59 486 486 106 875 879 109 2304 2357 59 490 490 61 2596 2686 62 875 879 109 490 490 61 492 492 101 875 879 109 2596 2686 62 490 490 61 492 492 101 2596 2686 62 1184 1195 70 385 385 179 1182 1193 69 2597 2687 74 385 385 179 1184 1195 70 2598 2688 168 2597 2687 74 1184 1195 70 383 383 72 2597 2687 74 2598 2688 168 2599 2689 129 383 383 72 2598 2688 168 379 379 176 383 383 72 2599 2689 129 1288 1301 192 379 379 176 2599 2689 129 1964 2002 234 2600 2690 91 1966 2004 91 2601 2691 91 2600 2690 91 1964 2002 234 2602 2692 77 2601 2691 91 1964 2002 234 2603 2693 224 2601 2691 91 2602 2692 77 2604 2694 13 2603 2693 224 2602 2692 77 2605 2695 87 2603 2693 224 2604 2694 13 2606 2696 87 2605 2695 87 2604 2694 13 1536 1552 37 1356 1369 82 1354 1367 203 2023 2064 82 1356 1369 82 1536 1552 37 2607 2697 198 2023 2064 82 1536 1552 37 2608 2698 140 2023 2064 82 2607 2697 198 2027 2068 187 2608 2698 140 2607 2697 198 2023 2064 82 2608 2698 140 2027 2068 187 2025 2066 38 2023 2064 82 2027 2068 187 1527 1543 138 578 578 29 1525 1541 204 2609 2699 141 578 578 29 1527 1543 138 2610 2700 153 2609 2699 141 1527 1543 138 576 576 81 2609 2699 141 2610 2700 153 2611 2701 151 576 576 81 2610 2700 153 543 543 21 576 576 81 2611 2701 151 545 545 34 543 543 21 2611 2701 151 1538 1554 169 2607 2697 198 1536 1552 37 2612 2702 198 2607 2697 198 1538 1554 169 2277 2326 198 2612 2702 198 1538 1554 169 2607 2697 198 2612 2702 198 2277 2326 198 2275 2324 170 2607 2697 198 2277 2326 198 2027 2068 187 2607 2697 198 2275 2324 170 1197 1208 214 2027 2068 187 2275 2324 170 1532 1548 180 1529 1545 71 1530 1546 176 2613 2703 114 1529 1545 71 1532 1548 180 2614 2704 190 2613 2703 114 1532 1548 180 2615 2705 198 2613 2703 114 2614 2704 190 2616 2706 176 2615 2705 198 2614 2704 190 548 548 187 2615 2705 198 2616 2706 176 550 550 114 548 548 187 2616 2706 176 550 550 114 554 554 176 552 552 187 2617 2707 197 554 554 176 550 550 114 2614 2704 190 2617 2707 197 550 550 114 554 554 176 2617 2707 197 2614 2704 190 2618 2708 171 554 554 176 2614 2704 190 556 556 37 554 554 176 2618 2708 171 1532 1548 180 556 556 37 2618 2708 171 1929 1964 118 1933 1968 121 1931 1966 50 2475 2546 66 1933 1968 121 1929 1964 118 489 489 122 2475 2546 66 1929 1964 118 2476 2547 161 2475 2546 66 489 489 122 2619 2709 101 2476 2547 161 489 489 122 487 487 61 2476 2547 161 2619 2709 101 489 489 122 487 487 61 2619 2709 101 2433 2502 13 1294 1307 13 2431 2500 13 2620 2710 13 1294 1307 13 2433 2502 13 2621 2711 13 2620 2710 13 2433 2502 13 1292 1305 92 2620 2710 13 2621 2711 13 2622 2712 185 1292 1305 92 2621 2711 13 41 41 20 1292 1305 92 2622 2712 185 39 39 18 41 41 20 2622 2712 185 1404 1417 200 1862 1894 190 1402 1415 113 2623 2713 138 1862 1894 190 1404 1417 200 2624 2714 140 2623 2713 138 1404 1417 200 2625 2715 84 2623 2713 138 2624 2714 140 1408 1421 213 2625 2715 84 2624 2714 140 2626 2716 33 2625 2715 84 1408 1421 213 1410 1423 16 2626 2716 33 1408 1421 213 1332 1345 203 1335 1348 32 1333 1346 182 2627 2717 141 1335 1348 32 1332 1345 203 2281 2330 175 2627 2717 141 1332 1345 203 2628 2718 32 2627 2717 141 2281 2330 175 2629 2719 183 2628 2718 32 2281 2330 175 1546 1562 175 2628 2718 32 2629 2719 183 1544 1560 18 1546 1562 175 2629 2719 183 1173 1184 144 1169 1180 48 1171 1182 135 2630 2720 119 1169 1180 48 1173 1184 144 1429 1444 63 2630 2720 119 1173 1184 144 1169 1180 48 2630 2720 119 1429 1444 63 1430 1445 132 1169 1180 48 1429 1444 63 1167 1178 130 1169 1180 48 1430 1445 132 1428 1443 104 1167 1178 130 1430 1445 132 770 774 53 766 770 59 768 772 216 2631 2721 105 766 770 59 770 774 53 2632 2722 105 2631 2721 105 770 774 53 766 770 59 2631 2721 105 2632 2722 105 2633 2723 105 766 770 59 2632 2722 105 764 768 105 766 770 59 2633 2723 105 2210 2254 105 764 768 105 2633 2723 105 1167 1178 130 761 765 104 1165 1176 102 2634 2724 104 761 765 104 1167 1178 130 1428 1443 104 2634 2724 104 1167 1178 130 763 767 109 2634 2724 104 1428 1443 104 1426 1441 106 763 767 109 1428 1443 104 765 769 107 763 767 109 1426 1441 106 767 771 216 765 769 107 1426 1441 106 190 2726 115 1883 1916 213 1991 2725 178 2635 2727 207 1883 1916 213 190 2726 115 2636 2728 190 2635 2727 207 190 2726 115 1881 1914 169 2635 2727 207 2636 2728 190 2637 2729 115 1881 1914 169 2636 2728 190 1877 1910 187 1881 1914 169 2637 2729 115 2437 2506 191 1877 1910 187 2637 2729 115 242 242 135 246 246 95 244 244 96 2638 2730 209 246 246 95 242 242 135 2639 2731 50 2638 2730 209 242 242 135 2171 2215 67 2638 2730 209 2639 2731 50 2640 2732 161 2171 2215 67 2639 2731 50 2169 2213 217 2171 2215 67 2640 2732 161 1056 1066 48 2169 2213 217 2640 2732 161 1997 2036 214 1436 1451 189 1435 1450 170 2641 2733 39 1436 1451 189 1997 2036 214 1993 2032 34 2641 2733 39 1997 2036 214 1438 1453 141 2641 2733 39 1993 2032 34 2642 2734 82 1438 1453 141 1993 2032 34 673 674 152 1438 1453 141 2642 2734 82 671 672 152 673 674 152 2642 2734 82 1486 1501 114 1489 1504 172 1487 1502 188 2643 2735 188 1489 1504 172 1486 1501 114 2644 2736 140 2643 2735 188 1486 1501 114 1489 1504 172 2643 2735 188 2644 2736 140 2645 2737 174 1489 1504 172 2644 2736 140 1491 1506 182 1489 1504 172 2645 2737 174 1775 2738 22 1491 1506 182 2645 2737 174 2647 2740 59 331 331 161 2646 2739 195 2648 2741 161 331 331 161 2647 2740 59 2649 2742 131 2648 2741 161 2647 2740 59 335 335 125 2648 2741 161 2649 2742 131 2650 2743 117 335 335 125 2649 2742 131 337 337 51 335 335 125 2650 2743 117 972 976 99 337 337 51 2650 2743 117 2226 2272 160 2135 2179 162 2228 2274 166 2651 2744 96 2135 2179 162 2226 2272 160 2652 2745 116 2651 2744 96 2226 2272 160 2131 2175 165 2651 2744 96 2652 2745 116 2653 2746 127 2131 2175 165 2652 2745 116 2129 2173 193 2131 2175 165 2653 2746 127 2654 2747 16 2129 2173 193 2653 2746 127 2461 1836 140 2655 2748 169 1807 1837 38 2656 2749 124 2655 2748 169 2461 1836 140 2464 2534 118 2656 2749 124 2461 1836 140 2657 2750 221 2656 2749 124 2464 2534 118 2658 2751 51 2657 2750 221 2464 2534 118 792 796 164 2657 2750 221 2658 2751 51 794 798 135 792 796 164 2658 2751 51 839 843 179 843 847 115 841 845 140 2266 2315 210 843 847 115 839 843 179 2659 2752 112 2266 2315 210 839 843 179 2267 2316 163 2266 2315 210 2659 2752 112 2660 2753 218 2267 2316 163 2659 2752 112 202 202 118 2267 2316 163 2660 2753 218 204 204 118 202 202 118 2660 2753 218 862 866 157 858 862 26 860 864 88 2174 2218 25 858 862 26 862 866 157 2661 2754 22 2174 2218 25 862 866 157 2175 2219 83 2174 2218 25 2661 2754 22 2662 2755 159 2175 2219 83 2661 2754 22 2288 2340 182 2175 2219 83 2662 2755 159 2289 2342 20 2288 2340 182 2662 2755 159 1310 1323 173 2664 2757 39 2663 2756 34 2665 2758 139 2664 2757 39 1310 1323 173 1314 1327 139 2665 2758 139 1310 1323 173 2536 2759 138 2665 2758 139 1314 1327 139 2666 2760 138 2536 2759 138 1314 1327 139 1316 1329 213 2536 2759 138 2666 2760 138 1314 1327 139 1316 1329 213 2666 2760 138 978 982 103 981 985 100 980 984 106 2667 2761 70 981 985 100 978 982 103 2647 2740 59 2667 2761 70 978 982 103 2668 2762 69 2667 2761 70 2647 2740 59 2646 2739 195 2668 2762 69 2647 2740 59 329 329 160 2668 2762 69 2646 2739 195 331 331 161 329 329 160 2646 2739 195 2670 2764 170 2669 2763 180 1849 1881 213 2671 2765 178 2669 2763 180 2670 2764 170 2672 2766 180 2671 2765 178 2670 2764 170 2669 2763 180 2671 2765 178 2672 2766 180 2673 2767 191 2669 2763 180 2672 2766 180 1735 1761 71 2669 2763 180 2673 2767 191 1737 1763 114 1735 1761 71 2673 2767 191 210 210 121 214 214 62 212 212 122 2674 2768 63 214 214 62 210 210 121 828 832 132 2674 2768 63 210 210 121 214 214 62 2674 2768 63 828 832 132 2675 2769 109 214 214 62 828 832 132 216 216 123 214 214 62 2675 2769 109 828 832 132 216 216 123 2675 2769 109 1611 1633 167 1615 1637 215 1613 1635 125 2554 2642 111 1615 1637 215 1611 1633 167 2676 2770 117 2554 2642 111 1611 1633 167 2555 2643 161 2554 2642 111 2676 2770 117 2677 2771 110 2555 2643 161 2676 2770 117 2329 2382 65 2555 2643 161 2677 2771 110 2331 2384 168 2329 2382 65 2677 2771 110 2236 2282 85 52 52 29 50 50 28 54 54 16 52 52 29 2236 2282 85 2678 2772 13 54 54 16 2236 2282 85 361 2773 34 54 54 16 2678 2772 13 2511 2589 33 361 2773 34 2678 2772 13 360 2774 30 361 2773 34 2511 2589 33 358 2591 154 360 2774 30 2511 2589 33 2114 2157 38 711 715 172 709 713 172 2679 2775 187 711 715 172 2114 2157 38 2110 2153 189 2679 2775 187 2114 2157 38 715 719 204 2679 2775 187 2110 2153 189 2680 2776 204 715 719 204 2110 2153 189 717 721 184 715 719 204 2680 2776 204 2108 2151 184 717 721 184 2680 2776 204 2578 2667 157 1719 1744 25 2580 2669 19 2681 2777 157 1719 1744 25 2578 2667 157 2682 2778 3 2681 2777 157 2578 2667 157 1722 1748 149 2681 2777 157 2682 2778 3 2683 2779 79 1722 1748 149 2682 2778 3 1724 1750 4 1722 1748 149 2683 2779 79 2684 2780 239 1724 1750 4 2683 2779 79 0 2782 0 1605 1627 0 2 2781 1 1607 1629 6 1605 1627 0 0 2782 0 1 2783 0 1607 1629 6 0 2782 0 2685 2784 6 1607 1629 6 1 2783 0 2686 2785 6 2685 2784 6 1 2783 0 2687 2786 6 2685 2784 6 2686 2785 6 2688 2787 6 2687 2786 6 2686 2785 6 2100 2143 190 1801 1831 137 1803 1833 129 1799 1829 147 1801 1831 137 2100 2143 190 2689 2788 192 1799 1829 147 2100 2143 190 2690 2789 32 1799 1829 147 2689 2788 192 2102 2145 71 2690 2789 32 2689 2788 192 2691 2790 85 2690 2789 32 2102 2145 71 1880 1913 174 1513 1529 139 1882 1915 187 1512 1528 214 1513 1529 139 1880 1913 174 2692 2791 205 1512 1528 214 1880 1913 174 1514 1530 173 1512 1528 214 2692 2791 205 2693 2792 3 1514 1530 173 2692 2791 205 2694 2793 87 1514 1530 173 2693 2792 3 2388 2456 180 1180 2794 194 1178 2454 176 2695 2795 94 1180 2794 194 2388 2456 180 2696 2796 179 2695 2795 94 2388 2456 180 1229 1242 69 2695 2795 94 2696 2796 179 2697 2797 185 1229 1242 69 2696 2796 179 1228 1241 169 1229 1242 69 2697 2797 185 364 364 172 965 969 170 2698 2798 169 2699 2799 170 965 969 170 364 364 172 362 362 13 2699 2799 170 364 364 172 967 971 187 2699 2799 170 362 362 13 1718 2800 86 967 971 187 362 362 13 969 973 27 967 971 187 1718 2800 86 2019 2059 159 2216 2801 29 2020 2061 82 2700 2802 82 2216 2801 29 2019 2059 159 2701 2803 152 2700 2802 82 2019 2059 159 2702 2804 23 2700 2802 82 2701 2803 152 2703 2805 81 2702 2804 23 2701 2803 152 1644 2806 33 2702 2804 23 2703 2805 81 1192 1203 208 1036 1044 144 2704 2807 51 2705 2808 218 1036 1044 144 1192 1203 208 1194 1205 124 2705 2808 218 1192 1203 208 1038 1046 217 2705 2808 218 1194 1205 124 2706 2809 94 1038 1046 217 1194 1205 124 656 1050 69 1038 1046 217 2706 2809 94 2672 2766 180 1737 1763 114 2673 2767 191 2707 2810 114 1737 1763 114 2672 2766 180 1894 1929 115 2707 2810 114 2672 2766 180 2708 2811 191 2707 2810 114 1894 1929 115 1892 1927 180 2708 2811 191 1894 1929 115 1890 1925 180 2708 2811 191 1892 1927 180 2711 2814 84 2710 2813 187 2709 2812 84 2712 2815 179 2710 2813 187 2711 2814 84 2713 2816 192 2712 2815 179 2711 2814 84 2714 2817 210 2712 2815 179 2713 2816 192 2330 2818 210 2714 2817 210 2713 2816 192 2331 2819 168 2714 2817 210 2330 2818 210 1753 1779 76 999 1004 112 2715 2820 128 2716 2821 162 999 1004 112 1753 1779 76 1755 1781 138 2716 2821 162 1753 1779 76 1001 1006 114 2716 2821 162 1755 1781 138 2717 2822 76 1001 1006 114 1755 1781 138 1004 1009 127 1001 1006 114 2717 2822 76 2720 2825 203 2719 2824 37 2718 2823 169 2721 2826 198 2719 2824 37 2720 2825 203 2722 2827 20 2721 2826 198 2720 2825 203 2723 2828 172 2721 2826 198 2722 2827 20 2724 2829 157 2723 2828 172 2722 2827 20 2725 2830 88 2723 2828 172 2724 2829 157 1769 1797 6 1772 1800 2 1771 1799 40 2726 2831 6 1772 1800 2 1769 1797 6 2727 2832 6 2726 2831 6 1769 1797 6 2728 2833 6 2726 2831 6 2727 2832 6 2729 2834 6 2728 2833 6 2727 2832 6 2730 2835 12 2728 2833 6 2729 2834 6 2132 2176 167 2731 2836 7 2134 2178 142 2732 2837 148 2731 2836 7 2132 2176 167 2733 2838 32 2732 2837 148 2132 2176 167 2734 2839 31 2732 2837 148 2733 2838 32 294 2840 147 2734 2839 31 2733 2838 32 295 2841 25 2734 2839 31 294 2840 147 2735 2844 177 775 2843 171 937 2842 116 2736 2845 177 775 2843 171 2735 2844 177 2737 2846 159 2736 2845 177 2735 2844 177 2738 2847 113 2736 2845 177 2737 2846 159 2739 2848 159 2738 2847 113 2737 2846 159 2740 2849 159 2738 2847 113 2739 2848 159 2743 2852 78 2742 2851 6 2741 2850 6 2744 2853 6 2742 2851 6 2743 2852 78 2745 2854 78 2744 2853 6 2743 2852 78 2746 2855 12 2744 2853 6 2745 2854 78 1734 2856 158 2746 2855 12 2745 2854 78 1733 2857 0 2746 2855 12 1734 2856 158 2523 2603 24 2747 2858 141 2521 2601 185 2249 2859 39 2747 2858 141 2523 2603 24 2748 2860 141 2249 2859 39 2523 2603 24 2749 2861 29 2249 2859 39 2748 2860 141 726 2862 33 2749 2861 29 2748 2860 141 2750 2863 151 2749 2861 29 726 2862 33 1263 1276 152 1259 1272 180 1261 1274 192 2751 2864 152 1259 1272 180 1263 1276 152 1644 1666 33 2751 2864 152 1263 1276 152 2752 2865 152 2751 2864 152 1644 1666 33 2703 2866 81 2752 2865 152 1644 1666 33 2256 2305 19 2752 2865 152 2703 2866 81 783 787 136 787 791 144 785 789 47 2223 2269 162 787 791 144 783 787 136 2753 2867 175 2223 2269 162 783 787 136 2224 2270 128 2223 2269 162 2753 2867 175 2754 2868 214 2224 2270 128 2753 2867 175 2755 2869 32 2224 2270 128 2754 2868 214 1284 1297 69 2429 2498 128 2427 2496 70 2756 2870 163 2429 2498 128 1284 1297 69 1285 1298 76 2756 2870 163 1284 1297 69 2429 2498 128 2756 2870 163 1285 1298 76 2757 2871 168 2429 2498 128 1285 1298 76 1030 1038 181 2429 2498 128 2757 2871 168 2017 2057 23 2758 2872 202 2019 2059 159 2347 2403 89 2758 2872 202 2017 2057 23 2759 2873 5 2347 2403 89 2017 2057 23 2013 2053 2 2347 2403 89 2759 2873 5 2017 2057 23 2013 2053 2 2759 2873 5 2015 2055 75 2013 2053 2 2017 2057 23 116 116 79 142 142 89 2760 2874 5 2761 2875 79 142 142 89 116 116 79 114 114 8 2761 2875 79 116 116 79 144 144 79 2761 2875 79 114 114 8 1773 2876 8 144 144 79 114 114 8 148 148 8 144 144 79 1773 2876 8 1232 1245 162 1236 1249 70 1234 1247 95 1656 1678 137 1236 1249 70 1232 1245 162 2762 2877 171 1656 1678 137 1232 1245 162 1657 1679 68 1656 1678 137 2762 2877 171 2763 2878 170 1657 1679 68 2762 2877 171 2764 2879 92 1657 1679 68 2763 2878 170 2767 2882 85 2766 2881 21 2765 2880 19 2768 2883 214 2766 2881 21 2767 2882 85 153 2884 92 2768 2883 214 2767 2882 85 2769 2885 182 2768 2883 214 153 2884 92 1562 2886 189 2769 2885 182 153 2884 92 1561 2887 172 2769 2885 182 1562 2886 189 2153 2197 170 1315 1328 140 1313 1326 153 1735 1761 71 1315 1328 140 2153 2197 170 2770 2888 178 1735 1761 71 2153 2197 170 2669 2763 180 1735 1761 71 2770 2888 178 2153 2197 170 2669 2763 180 2770 2888 178 1849 1881 213 2669 2763 180 2153 2197 170 1709 1732 175 1713 1736 203 1711 1734 186 2257 2306 153 1713 1736 203 1709 1732 175 2771 2889 40 2257 2306 153 1709 1732 175 2258 2307 26 2257 2306 153 2771 2889 40 2772 2890 12 2258 2307 26 2771 2889 40 2773 2891 0 2258 2307 26 2772 2890 12 2774 2894 13 1755 2893 138 1754 2892 20 2775 2895 204 1755 2893 138 2774 2894 13 2776 2896 5 2775 2895 204 2774 2894 13 2777 2897 213 2775 2895 204 2776 2896 5 2778 2898 24 2777 2897 213 2776 2896 5 2779 2899 27 2777 2897 213 2778 2898 24 2118 2162 141 2120 2164 228 2119 2163 224 2780 2900 183 2120 2164 228 2118 2162 141 2334 2901 184 2780 2900 183 2118 2162 141 2781 2902 204 2780 2900 183 2334 2901 184 2782 2903 174 2781 2902 204 2334 2901 184 752 2904 182 2781 2902 204 2782 2903 174 567 567 149 570 570 91 569 569 79 2783 2905 10 570 570 91 567 567 149 2784 2906 78 2783 2905 10 567 567 149 2785 2907 148 2783 2905 10 2784 2906 78 2786 2908 211 2785 2907 148 2784 2906 78 76 2909 46 2785 2907 148 2786 2908 211 2789 2912 155 2788 2911 150 2787 2910 150 2790 2913 31 2788 2911 150 2789 2912 155 2383 2914 31 2790 2913 31 2789 2912 155 2791 2915 16 2790 2913 31 2383 2914 31 2792 2916 203 2791 2915 16 2383 2914 31 2793 2917 170 2791 2915 16 2792 2916 203 1012 1017 29 1520 1536 141 1010 1015 82 1519 1535 182 1520 1536 141 1012 1017 29 2794 2918 82 1519 1535 182 1012 1017 29 1015 1020 36 1519 1535 182 2794 2918 82 1012 1017 29 1015 1020 36 2794 2918 82 1013 1018 36 1015 1020 36 1012 1017 29 1456 1471 226 1452 1467 226 1454 1469 226 2795 2919 13 1452 1467 226 1456 1471 226 2796 2920 214 2795 2919 13 1456 1471 226 1650 1672 13 2795 2919 13 2796 2920 214 2797 2921 189 1650 1672 13 2796 2920 214 1646 1668 37 1650 1672 13 2797 2921 189 1212 1223 184 1398 1411 187 1865 1897 92 1397 1410 138 1398 1411 187 1212 1223 184 1214 1225 28 1397 1410 138 1212 1223 184 1399 1412 174 1397 1410 138 1214 1225 28 2798 2922 86 1399 1412 174 1214 1225 28 2799 2923 24 1399 1412 174 2798 2922 86 1020 1028 2 2800 2924 6 325 1026 156 2801 2925 235 2800 2924 6 1020 1028 2 2802 2926 206 2801 2925 235 1020 1028 2 2803 2927 12 2801 2925 235 2802 2926 206 2804 2928 91 2803 2927 12 2802 2926 206 2805 2929 91 2803 2927 12 2804 2928 91 654 655 8 650 651 193 652 653 114 2806 2930 168 650 651 193 654 655 8 1194 2931 124 2806 2930 168 654 655 8 2807 2932 94 2806 2930 168 1194 2931 124 1193 2933 112 2807 2932 94 1194 2931 124 1191 2934 126 2807 2932 94 1193 2933 112 2808 2937 156 1571 2936 1 1573 2935 12 2809 2938 1 1571 2936 1 2808 2937 156 1926 2939 10 2809 2938 1 2808 2937 156 2810 2940 3 2809 2938 1 1926 2939 10 1927 2941 19 2810 2940 3 1926 2939 10 2550 2942 25 2810 2940 3 1927 2941 19 2456 2527 42 1780 1810 21 2454 2525 78 2811 2943 5 1780 1810 21 2456 2527 42 1495 2944 156 2811 2943 5 2456 2527 42 1778 1808 13 2811 2943 5 1495 2944 156 2812 2945 88 1778 1808 13 1495 2944 156 1775 1805 22 1778 1808 13 2812 2945 88 557 557 21 553 553 184 555 555 140 2813 2946 39 553 553 184 557 557 21 608 2947 34 2813 2946 39 557 557 21 2814 2948 182 2813 2946 39 608 2947 34 2815 2949 30 2814 2948 182 608 2947 34 1111 1121 82 2814 2948 182 2815 2949 30 2817 2951 205 2573 2662 152 2816 2950 25 2572 2661 138 2573 2662 152 2817 2951 205 2818 2952 204 2572 2661 138 2817 2951 205 2574 2663 172 2572 2661 138 2818 2952 204 2497 2953 92 2574 2663 172 2818 2952 204 2496 2954 170 2574 2663 172 2497 2953 92 2803 2927 12 2074 2955 237 2801 2925 235 2073 2956 45 2074 2955 237 2803 2927 12 2819 2957 237 2073 2956 45 2803 2927 12 2603 2693 224 2073 2956 45 2819 2957 237 2820 2958 91 2603 2693 224 2819 2957 237 2821 2959 91 2603 2693 224 2820 2958 91 2823 2962 29 2822 2961 151 423 2960 30 2824 2963 83 2822 2961 151 2823 2962 29 2825 2964 159 2824 2963 83 2823 2962 29 2826 2965 27 2824 2963 83 2825 2964 159 749 2966 151 2826 2965 27 2825 2964 159 1563 2967 27 2826 2965 27 749 2966 151 1574 1592 10 1494 1509 25 1496 1511 8 2827 2968 142 1494 1509 25 1574 1592 10 1572 1590 25 2827 2968 142 1574 1592 10 2828 2969 16 2827 2968 142 1572 1590 25 2829 2970 183 2828 2969 16 1572 1590 25 742 746 186 2828 2969 16 2829 2970 183 1814 1844 33 1541 1557 141 2830 2971 31 2831 2972 153 1541 1557 141 1814 1844 33 1816 1846 25 2831 2972 153 1814 1844 33 1543 1559 92 2831 2972 153 1816 1846 25 2832 2973 28 1543 1559 92 1816 1846 25 1547 1563 81 1543 1559 92 2832 2973 28 732 736 136 736 740 76 734 738 196 1483 1498 94 736 740 76 732 736 136 1646 2974 37 1483 1498 94 732 736 136 1484 1499 163 1483 1498 94 1646 2974 37 2797 2975 189 1484 1499 163 1646 2974 37 2796 2976 214 1484 1499 163 2797 2975 189 2318 2371 0 1475 1490 206 2316 2369 212 2833 2977 0 1475 1490 206 2318 2371 0 2834 2978 229 2833 2977 0 2318 2371 0 1477 1492 0 2833 2977 0 2834 2978 229 2835 2979 229 1477 1492 0 2834 2978 229 1481 1496 229 1477 1492 0 2835 2979 229 2837 2982 207 2836 2981 21 330 2980 149 2838 2983 198 2836 2981 21 2837 2982 207 2839 2984 85 2838 2983 198 2837 2982 207 2840 2985 138 2838 2983 198 2839 2984 85 2841 2986 27 2840 2985 138 2839 2984 85 2842 2987 26 2840 2985 138 2841 2986 27 1480 1495 206 2843 2988 150 1478 1493 228 2376 2989 229 2843 2988 150 1480 1495 206 2844 2990 6 2376 2989 229 1480 1495 206 2845 2991 201 2376 2989 229 2844 2990 6 2846 2992 89 2845 2991 201 2844 2990 6 2847 2993 25 2845 2991 201 2846 2992 89 2845 2991 201 2377 2994 42 2376 2989 229 680 2995 211 2377 2994 42 2845 2991 201 2848 2996 40 680 2995 211 2845 2991 201 2849 2997 26 680 2995 211 2848 2996 40 2850 2998 25 2849 2997 26 2848 2996 40 2851 2999 25 2849 2997 26 2850 2998 25 2849 2997 26 681 3000 8 680 2995 211 682 3001 8 681 3000 8 2849 2997 26 2852 3002 142 682 3001 8 2849 2997 26 2853 3003 7 682 3001 8 2852 3002 142 2854 3004 156 2853 3003 7 2852 3002 142 2855 3005 156 2853 3003 7 2854 3004 156 2858 3008 91 2857 3007 0 2856 3006 0 2859 3009 234 2857 3007 0 2858 3008 91 2007 2046 10 2859 3009 234 2858 3008 91 2003 2042 158 2859 3009 234 2007 2046 10 2005 2044 236 2003 2042 158 2007 2046 10 67 67 40 71 71 42 69 69 6 2860 3010 8 71 71 42 67 67 40 2861 3011 236 2860 3010 8 67 67 40 585 3012 3 2860 3010 8 2861 3011 236 481 3013 199 585 3012 3 2861 3011 236 2862 3015 155 1517 1533 203 2086 3014 16 2863 3016 183 1517 1533 203 2862 3015 155 955 3017 153 2863 3016 183 2862 3015 155 1885 1918 92 2863 3016 183 955 3017 153 957 1920 189 1885 1918 92 955 3017 153 474 474 198 470 470 197 472 472 180 1112 1122 188 470 470 197 474 474 198 359 359 30 1112 1122 188 474 474 198 355 355 171 1112 1122 188 359 359 30 357 357 30 355 355 171 359 359 30 2864 3020 154 1653 3019 227 2422 3018 169 2865 3021 139 1653 3019 227 2864 3020 154 2866 3022 184 2865 3021 139 2864 3020 154 1653 3019 227 2865 3021 139 2866 3022 184 1654 3023 227 1653 3019 227 2866 3022 184 708 712 186 704 708 174 706 710 184 1370 1383 204 704 708 174 708 712 186 710 714 170 1370 1383 204 708 712 186 408 408 186 1370 1383 204 710 714 170 410 410 170 408 408 186 710 714 170 2869 3026 159 2868 3025 159 2867 3024 10 2870 3027 197 2868 3025 159 2869 3026 159 2735 2844 177 2870 3027 197 2869 3026 159 938 3028 194 2870 3027 197 2735 2844 177 937 2842 116 938 3028 194 2735 2844 177 2871 3029 155 2382 2449 192 2384 2451 30 2872 3030 76 2382 2449 192 2871 3029 155 1750 1776 210 2872 3030 76 2871 3029 155 1747 1773 128 2872 3030 76 1750 1776 210 1748 1774 69 1747 1773 128 1750 1776 210 2469 3033 72 2868 3032 159 2470 3031 72 2873 3034 151 2868 3032 159 2469 3033 72 2126 2170 178 2873 3034 151 2469 3033 72 2874 3035 229 2873 3034 151 2126 2170 178 2124 2168 84 2874 3035 229 2126 2170 178 911 915 2 907 911 150 909 913 17 2875 3036 6 907 911 150 911 915 2 868 3037 219 2875 3036 6 911 915 2 2876 3038 14 2875 3036 6 868 3037 219 1734 3039 158 2876 3038 14 868 3037 219 2162 2206 66 2164 2208 137 2163 2207 67 2877 3040 112 2164 2208 137 2162 2206 66 2878 3041 160 2877 3040 112 2162 2206 66 2719 3042 37 2877 3040 112 2878 3041 160 2718 3043 169 2719 3042 37 2878 3041 160 80 1602 50 1756 3045 48 78 3044 48 2879 3046 48 1756 3045 48 80 1602 50 1584 1603 50 2879 3046 48 80 1602 50 1756 3045 48 2879 3046 48 1584 1603 50 2880 3047 99 1756 3045 48 1584 1603 50 2520 2600 39 2446 2604 92 2522 2602 175 450 3048 185 2446 2604 92 2520 2600 39 1984 2022 30 450 3048 185 2520 2600 39 449 2026 32 450 3048 185 1984 2022 30 1986 2024 154 449 2026 32 1984 2022 30 1084 1094 74 1086 1096 194 1085 1095 196 2881 3049 68 1086 1096 194 1084 1094 74 1942 1978 137 2881 3049 68 1084 1094 74 1938 1974 194 2881 3049 68 1942 1978 137 1940 1976 69 1938 1974 194 1942 1978 137 1820 1850 61 1822 1852 102 1821 1851 59 2882 3050 110 1822 1852 102 1820 1850 61 2883 3051 209 2882 3050 110 1820 1850 61 2032 3052 113 2882 3050 110 2883 3051 209 2884 3053 213 2032 3052 113 2883 3051 209 1976 2621 79 1474 3055 205 1476 3054 201 2885 3056 87 1474 3055 205 1976 2621 79 2537 2622 23 2885 3056 87 1976 2621 79 1474 3055 205 2885 3056 87 2537 2622 23 2886 3057 19 1474 3055 205 2537 2622 23 1300 1313 13 2887 3058 13 1298 1311 13 24 24 13 2887 3058 13 1300 1313 13 2888 3059 13 24 24 13 1300 1313 13 22 22 13 24 24 13 2888 3059 13 2889 3060 13 22 22 13 2888 3059 13 2584 2673 32 63 63 32 2585 2674 32 2890 3061 32 63 63 32 2584 2673 32 59 59 35 2890 3061 32 2584 2673 32 63 63 32 2890 3061 32 59 59 35 61 61 37 63 63 32 59 59 35 900 904 150 564 564 10 898 902 6 2891 3062 149 564 564 10 900 904 150 2876 3038 14 2891 3062 149 900 904 150 2745 3063 78 2891 3062 149 2876 3038 14 1734 3039 158 2745 3063 78 2876 3038 14 133 133 22 137 137 7 135 135 28 2892 3064 7 137 137 7 133 133 22 126 126 83 2892 3064 7 133 133 22 122 122 23 2892 3064 7 126 126 83 124 124 81 122 122 23 126 126 83 1936 3065 94 2341 2395 143 2343 2397 113 2893 3066 167 2341 2395 143 1936 3065 94 222 222 128 2893 3066 167 1936 3065 94 1625 1647 70 2893 3066 167 222 222 128 1626 1648 168 1625 1647 70 222 222 128 1896 1931 138 2894 3067 91 1898 1933 91 2895 3068 204 2894 3067 91 1896 1931 138 2670 2764 170 2895 3068 204 1896 1931 138 1847 1879 188 2895 3068 204 2670 2764 170 1849 1881 213 1847 1879 188 2670 2764 170 139 139 87 142 142 89 140 140 88 2760 2874 5 142 142 89 139 139 87 120 120 40 2760 2874 5 139 139 87 116 116 79 2760 2874 5 120 120 40 118 118 79 116 116 79 120 120 40 2898 3071 25 2897 3070 35 2896 3069 28 2899 3072 171 2897 3070 35 2898 3071 25 2720 2825 203 2899 3072 171 2898 3071 25 2900 3073 188 2899 3072 171 2720 2825 203 2718 2823 169 2900 3073 188 2720 2825 203 1079 1089 196 1077 1087 125 1078 1088 208 2901 3074 128 1077 1087 125 1079 1089 196 2221 2266 190 2901 3074 128 1079 1089 196 2218 2263 162 2901 3074 128 2221 2266 190 2219 2264 194 2218 2263 162 2221 2266 190 1246 3077 128 2903 3076 71 2902 3075 220 2904 3078 127 2903 3076 71 1246 3077 128 2905 3079 73 2904 3078 127 1246 3077 128 2906 3080 84 2904 3078 127 2905 3079 73 2907 3081 85 2906 3080 84 2905 3079 73 1095 1105 40 538 538 3 1097 1107 40 536 536 79 538 538 3 1095 1105 40 2908 3082 149 536 536 79 1095 1105 40 568 568 150 536 536 79 2908 3082 149 899 903 149 568 568 150 2908 3082 149 2910 3085 176 2909 3084 114 262 3083 143 2911 3086 26 2909 3084 114 2910 3085 176 2912 3087 174 2911 3086 26 2910 3085 176 2913 3088 142 2911 3086 26 2912 3087 174 2725 2830 88 2913 3088 142 2912 3087 174 2777 2897 213 1755 2893 138 2775 2895 204 2717 3089 76 1755 2893 138 2777 2897 213 1665 3090 168 2717 3089 76 2777 2897 213 1004 3091 127 2717 3089 76 1665 3090 168 1664 3092 172 1004 3091 127 1665 3090 168 2909 3084 114 261 3093 93 262 3083 143 2793 2917 170 261 3093 93 2909 3084 114 2914 3094 34 2793 2917 170 2909 3084 114 2791 2915 16 2793 2917 170 2914 3094 34 2915 3095 228 2791 2915 16 2914 3094 34 2918 3098 237 2917 3097 212 2916 3096 14 2919 3099 86 2917 3097 212 2918 3098 237 2122 2166 84 2919 3099 86 2918 3098 237 2533 3100 159 2919 3099 86 2122 2166 84 424 3101 183 2533 3100 159 2122 2166 84 938 942 194 2468 2538 50 2470 2540 72 2920 3102 118 2468 2538 50 938 942 194 936 940 118 2920 3102 118 938 942 194 2419 2488 64 2920 3102 118 936 940 118 2421 2490 50 2419 2488 64 936 940 118 1393 1406 153 1395 1408 85 1394 1407 185 2921 3103 159 1395 1408 85 1393 1406 153 699 700 15 2921 3103 159 1393 1406 153 702 704 152 2921 3103 159 699 700 15 701 702 151 702 704 152 699 700 15 933 937 118 929 933 101 931 935 99 2922 3104 118 929 933 101 933 937 118 2923 3105 125 2922 3104 118 933 937 118 2924 3106 70 2922 3104 118 2923 3105 125 2562 3107 167 2924 3106 70 2923 3105 125 922 926 215 918 922 125 920 924 47 2925 3108 111 918 922 125 922 926 215 2924 3106 70 2925 3108 111 922 926 215 1450 1465 191 2925 3108 111 2924 3106 70 2562 3107 167 1450 1465 191 2924 3106 70 1507 1523 24 1503 1519 28 1505 1521 84 2926 3109 23 1503 1519 28 1507 1523 24 2365 2428 19 2926 3109 23 1507 1523 24 260 3110 19 2926 3109 23 2365 2428 19 259 2430 142 260 3110 19 2365 2428 19 1447 1462 144 1444 1459 50 1446 1461 63 2927 3111 164 1444 1459 50 1447 1462 144 2900 3112 188 2927 3111 164 1447 1462 144 2878 3041 160 2927 3111 164 2900 3112 188 2718 3043 169 2878 3041 160 2900 3112 188 2930 3115 156 2929 3114 183 2928 3113 156 2931 3116 185 2929 3114 183 2930 3115 156 2774 2894 13 2931 3116 185 2930 3115 156 1752 3117 141 2931 3116 185 2774 2894 13 1754 2892 20 1752 3117 141 2774 2894 13 2659 2752 112 204 204 118 2660 2753 218 2932 3118 165 204 204 118 2659 2752 112 837 841 136 2932 3118 165 2659 2752 112 833 837 125 2932 3118 165 837 841 136 835 839 95 833 837 125 837 841 136 2326 2379 119 884 888 48 2324 2377 215 2933 3119 50 884 888 48 2326 2379 119 2934 3120 93 2933 3119 50 2326 2379 119 293 293 50 2933 3119 50 2934 3120 93 295 295 25 293 293 50 2934 3120 93 659 3121 143 1041 1049 137 658 1051 194 2935 3122 116 1041 1049 137 659 3121 143 1641 1663 197 2935 3122 116 659 3121 143 1639 1661 126 2935 3122 116 1641 1663 197 1640 1662 210 1639 1661 126 1641 1663 197 1448 3125 207 2897 3124 35 2936 3123 115 2937 3126 213 2897 3124 35 1448 3125 207 2565 2654 204 2937 3126 213 1448 3125 207 2938 3127 26 2937 3126 213 2565 2654 204 2567 2656 13 2938 3127 26 2565 2654 204 2686 2785 6 2939 3128 6 2688 2787 6 2940 3129 6 2939 3128 6 2686 2785 6 2941 3130 0 2940 3129 6 2686 2785 6 2292 2345 6 2940 3129 6 2941 3130 0 2290 2343 80 2292 2345 6 2941 3130 0 1257 1270 71 1260 1273 126 1258 1271 113 2942 3131 177 1260 1273 126 1257 1270 71 594 595 114 2942 3131 177 1257 1270 71 590 591 179 2942 3131 177 594 595 114 592 593 190 590 591 179 594 595 114 356 356 30 352 352 169 354 354 170 2943 3132 204 352 352 169 356 356 30 2513 3133 34 2943 3132 204 356 356 30 1955 1992 204 2943 3132 204 2513 3133 34 1956 1994 39 1955 1992 204 2513 3133 34 150 3135 37 1411 1424 171 1164 3134 73 2944 3136 18 1411 1424 171 150 3135 37 2767 2882 85 2944 3136 18 150 3135 37 1413 1426 25 2944 3136 18 2767 2882 85 2765 2880 19 1413 1426 25 2767 2882 85 323 323 151 319 319 151 321 321 154 2945 3137 83 319 319 151 323 323 151 2801 3138 235 2945 3137 83 323 323 151 2072 2115 25 2945 3137 83 2801 3138 235 2074 2117 237 2072 2115 25 2801 3138 235 2714 2817 210 2710 2813 187 2712 2815 179 2946 3139 129 2710 2813 187 2714 2817 210 2947 3140 94 2946 3139 129 2714 2817 210 1887 1922 115 2946 3139 129 2947 3140 94 2948 3141 69 1887 1922 115 2947 3140 94 776 780 67 2055 2098 131 2057 2100 99 2949 3142 111 2055 2098 131 776 780 67 778 782 140 2949 3142 111 776 780 67 2883 3051 209 2949 3142 111 778 782 140 2884 3053 213 2883 3051 209 778 782 140 1251 1264 184 1255 1268 140 1253 1266 92 2950 3143 169 1255 1268 140 1251 1264 184 600 601 186 2950 3143 169 1251 1264 184 596 597 171 2950 3143 169 600 601 186 598 599 138 596 597 171 600 601 186 1014 1019 27 1017 1023 142 1016 1021 27 2951 3144 202 1017 1023 142 1014 1019 27 1675 1698 13 2951 3144 202 1014 1019 27 1677 1700 83 2951 3144 202 1675 1698 13 1676 1699 82 1677 1700 83 1675 1698 13 2952 3145 191 2563 2651 191 2561 2649 163 2953 3146 152 2563 2651 191 2952 3145 191 2903 3076 71 2953 3146 152 2952 3145 191 2954 3147 15 2953 3146 152 2903 3076 71 2906 3080 84 2954 3147 15 2903 3076 71 995 1000 110 999 1004 112 997 1002 98 2715 2820 128 999 1004 112 995 1000 110 1749 1775 93 2715 2820 128 995 1000 110 1753 1779 76 2715 2820 128 1749 1775 93 1751 1777 200 1753 1779 76 1749 1775 93 2649 2742 131 972 976 99 2650 2743 117 2955 3148 63 972 976 99 2649 2742 131 976 980 123 2955 3148 63 2649 2742 131 972 976 99 2955 3148 63 976 980 123 974 978 48 972 976 99 976 980 123 2784 3150 78 2295 2348 235 2786 3149 211 2956 3151 78 2295 2348 235 2784 3150 78 2957 3152 6 2956 3151 78 2784 3150 78 2297 2350 6 2956 3151 78 2957 3152 6 2958 3153 6 2297 2350 6 2957 3152 6 2871 3156 155 2929 3155 183 2959 3154 153 2960 3157 183 2929 3155 183 2871 3156 155 2789 2912 155 2960 3157 183 2871 3156 155 2961 3158 44 2960 3157 183 2789 2912 155 2787 2910 150 2961 3158 44 2789 2912 155 2621 2711 13 39 39 18 2622 2712 185 2962 3159 13 39 39 18 2621 2711 13 35 35 13 2962 3159 13 2621 2711 13 39 39 18 2962 3159 13 35 35 13 37 37 16 39 39 18 35 35 13 963 967 176 965 969 170 964 968 176 2698 2798 169 965 969 170 963 967 176 368 368 92 2698 2798 169 963 967 176 364 364 172 2698 2798 169 368 368 92 366 366 21 364 364 172 368 368 92 2455 2526 10 2459 2530 9 2457 2528 150 2518 3160 79 2459 2530 9 2455 2526 10 2963 3161 79 2518 3160 79 2455 2526 10 117 3162 80 2518 3160 79 2963 3161 79 2964 3163 0 117 3162 80 2963 3161 79 2965 3164 80 2458 2529 4 2460 2531 6 2966 3165 1 2458 2529 4 2965 3164 80 2808 2937 156 2966 3165 1 2965 3164 80 1574 3166 10 2966 3165 1 2808 2937 156 1573 2935 12 1574 3166 10 2808 2937 156 2053 2096 105 2056 2099 54 2054 2097 54 2967 3167 105 2056 2099 54 2053 2096 105 2212 2256 105 2967 3167 105 2053 2096 105 2210 2254 105 2967 3167 105 2212 2256 105 2211 2255 105 2210 2254 105 2212 2256 105 255 255 140 251 251 35 253 253 138 2968 3168 139 251 251 35 255 255 140 2521 3169 185 2968 3168 139 255 255 140 2969 3170 139 2968 3168 139 2521 3169 185 2747 3171 141 2969 3170 139 2521 3169 185 565 3174 78 2957 3173 6 2970 3172 78 2971 3175 78 2957 3173 6 565 3174 78 2743 2852 78 2971 3175 78 565 3174 78 2972 3176 24 2971 3175 78 2743 2852 78 2741 2850 6 2972 3176 24 2743 2852 78 2975 3179 34 2974 3178 89 2973 3177 202 2976 3180 82 2974 3178 89 2975 3179 34 1348 1361 82 2976 3180 82 2975 3179 34 1344 1357 81 2976 3180 82 1348 1361 82 1346 1359 159 1344 1357 81 1348 1361 82 2404 2473 213 2248 2296 139 2406 2475 171 2977 3181 139 2248 2296 139 2404 2473 213 2969 3170 139 2977 3181 139 2404 2473 213 2249 2298 39 2977 3181 139 2969 3170 139 2747 3171 141 2249 2298 39 2969 3170 139 1793 1823 198 1789 1819 178 1791 1821 197 2978 3182 169 1789 1819 178 1793 1823 198 1504 1520 183 2978 3182 169 1793 1823 198 1500 1516 187 2978 3182 169 1504 1520 183 1502 1518 29 1500 1516 187 1504 1520 183 85 85 54 1911 1946 57 1912 1947 145 2979 3183 54 1911 1946 57 85 85 54 83 83 52 2979 3183 54 85 85 54 2336 2390 52 2979 3183 54 83 83 52 2338 2392 49 2336 2390 52 83 83 52 2980 3184 12 2746 2855 12 1733 2857 0 2981 3185 229 2746 2855 12 2980 3184 12 2982 3186 229 2981 3185 229 2980 3184 12 2983 3187 235 2981 3185 229 2982 3186 229 2730 2835 12 2983 3187 235 2982 3186 229 1161 1172 124 1159 1170 121 1160 1171 221 2984 3188 97 1159 1170 121 1161 1172 124 1170 1181 110 2984 3188 97 1161 1172 124 1166 1177 121 2984 3188 97 1170 1181 110 1168 1179 97 1166 1177 121 1170 1181 110 1122 1132 194 1124 1134 220 1123 1133 179 2985 3189 100 1124 1134 220 1122 1132 194 2049 2091 126 2985 3189 100 1122 1132 194 2045 2087 162 2985 3189 100 2049 2091 126 2047 2089 163 2045 2087 162 2049 2091 126 1069 1079 95 1073 1083 70 1071 1081 162 2542 2628 147 1073 1083 70 1069 1079 95 816 820 93 2542 2628 147 1069 1079 95 813 817 94 2542 2628 147 816 820 93 814 818 76 813 817 94 816 820 93 1273 1286 135 1269 1282 130 1271 1284 104 2986 3190 111 1269 1282 130 1273 1286 135 2242 2289 95 2986 3190 111 1273 1286 135 2239 2285 217 2986 3190 111 2242 2289 95 2241 2287 70 2239 2285 217 2242 2289 95 2279 2328 169 2281 2330 175 2280 2329 204 2987 3191 172 2281 2330 175 2279 2328 169 1540 1556 138 2987 3191 172 2279 2328 169 1544 1560 18 2987 3191 172 1540 1556 138 1542 1558 18 1544 1560 18 1540 1556 138 1032 1040 135 1036 1044 144 1034 1042 161 2704 2807 51 1036 1044 144 1032 1040 135 1188 1199 96 2704 2807 51 1032 1040 135 1192 1203 208 2704 2807 51 1188 1199 96 1190 1201 168 1192 1203 208 1188 1199 96 350 350 72 346 346 166 348 348 167 2988 3192 210 346 346 166 350 350 72 1953 1990 71 2988 3192 210 350 350 72 1949 1986 220 2988 3192 210 1953 1990 71 1951 1988 73 1949 1986 220 1953 1990 71 664 665 157 668 669 22 666 667 83 2989 3193 8 668 669 22 664 665 157 1974 2012 10 2989 3193 8 664 665 157 1970 2008 4 2989 3193 8 1974 2012 10 1972 2010 235 1970 2008 4 1974 2012 10 1326 1339 204 2276 2325 35 1328 1341 92 2990 3194 35 2276 2325 35 1326 1339 204 1203 1214 35 2990 3194 35 1326 1339 204 1199 1210 138 2990 3194 35 1203 1214 35 1201 1212 169 1199 1210 138 1203 1214 35 1629 1651 81 1633 1655 182 1631 1653 21 2991 3195 173 1633 1655 182 1629 1651 81 2992 3196 39 2991 3195 173 1629 1651 81 2993 3197 3 2991 3195 173 2992 3196 39 2994 3198 19 2993 3197 3 2992 3196 39 1205 1216 185 1209 1220 39 1207 1218 39 2995 3199 141 1209 1220 39 1205 1216 185 1324 1337 174 2995 3199 141 1205 1216 185 2996 3200 142 2995 3199 141 1324 1337 174 1322 1335 21 2996 3200 142 1324 1337 174 1239 1252 218 1235 1248 66 1237 1250 218 2315 2368 161 1235 1248 66 1239 1252 218 2997 3201 218 2315 2368 161 1239 1252 218 2560 3202 118 2315 2368 161 2997 3201 218 2559 3203 208 2560 3202 118 2997 3201 218 3000 3206 7 2999 3205 185 2998 3204 3 3001 3207 115 2999 3205 185 3000 3206 7 3002 3208 94 3001 3207 115 3000 3206 7 508 3209 188 3001 3207 115 3002 3208 94 3003 3210 69 508 3209 188 3002 3208 94 2826 2965 27 3004 3211 24 2824 2963 83 2550 2942 25 3004 3211 24 2826 2965 27 3005 3212 21 2550 2942 25 2826 2965 27 2810 2940 3 2550 2942 25 3005 3212 21 1564 3213 23 2810 2940 3 3005 3212 21 2038 2080 55 2042 2084 62 2040 2082 103 3006 3214 106 2042 2084 62 2038 2080 55 1276 1289 144 3006 3214 106 2038 2080 55 1272 1285 195 3006 3214 106 1276 1289 144 1274 1287 120 1272 1285 195 1276 1289 144 2947 3140 94 3003 3210 69 3002 3208 94 2331 2819 168 3003 3210 69 2947 3140 94 3007 3215 93 2331 2819 168 2947 3140 94 2714 2817 210 2331 2819 168 3007 3215 93 2947 3140 94 2714 2817 210 3007 3215 93 1808 1838 154 1811 1841 155 1809 1839 154 3008 3216 33 1811 1841 155 1808 1838 154 2975 3179 34 3008 3216 33 1808 1838 154 3009 3217 19 3008 3216 33 2975 3179 34 2973 3177 202 3009 3217 19 2975 3179 34 1060 1070 125 1063 1073 213 1061 1071 94 3010 3218 137 1063 1073 213 1060 1070 125 1551 1567 110 3010 3218 137 1060 1070 125 1553 1569 162 3010 3218 137 1551 1567 110 1552 1568 50 1553 1569 162 1551 1567 110 1903 1938 73 1907 1942 176 1905 1940 197 3011 3219 207 1907 1942 176 1903 1938 73 735 739 197 3011 3219 207 1903 1938 73 739 743 171 3011 3219 207 735 739 197 737 741 191 739 743 171 735 739 197 2866 3022 184 1655 3220 226 1654 3023 227 3012 3221 185 1655 3220 226 2866 3022 184 2547 3222 214 3012 3221 185 2866 3022 184 3013 3223 154 3012 3221 185 2547 3222 214 3014 3224 151 3013 3223 154 2547 3222 214 2397 2465 206 2263 2312 17 2395 2463 90 3015 3225 201 2263 2312 17 2397 2465 206 3016 3226 2 3015 3225 201 2397 2465 206 2265 2314 201 3015 3225 201 3016 3226 2 2064 3227 201 2265 2314 201 3016 3226 2 1537 1553 174 1541 1557 141 1539 1555 37 2830 2971 31 1541 1557 141 1537 1553 174 1810 1840 85 2830 2971 31 1537 1553 174 1814 1844 33 2830 2971 31 1810 1840 85 1812 1842 155 1814 1844 33 1810 1840 85 2405 2474 116 245 245 136 2403 2472 116 3017 3228 162 245 245 136 2405 2474 116 2078 2121 147 3017 3228 162 2405 2474 116 243 243 126 3017 3228 162 2078 2121 147 2079 2122 133 243 243 126 2078 2121 147 2588 2677 234 70 70 41 2586 2675 238 3018 3229 17 70 70 41 2588 2677 234 2889 3060 13 3018 3229 17 2588 2677 234 68 68 7 3018 3229 17 2889 3060 13 1302 1315 32 68 68 7 2889 3060 13 947 951 178 943 947 38 945 949 186 3019 3230 35 943 947 38 947 951 178 2083 2126 138 3019 3230 35 947 951 178 2081 2124 189 3019 3230 35 2083 2126 138 2082 2125 92 2081 2124 189 2083 2126 138 562 562 39 584 584 18 481 586 199 3020 3231 173 584 584 18 562 562 39 560 560 173 3020 3231 173 562 562 39 1531 1547 169 3020 3231 173 560 560 173 1533 1549 140 1531 1547 169 560 560 173 750 754 207 1906 1941 197 1908 1943 176 3021 3232 127 1906 1941 197 750 754 207 752 756 182 3021 3232 127 750 754 207 3022 3233 76 3021 3232 127 752 756 182 2782 3234 174 3022 3233 76 752 756 182 317 317 36 313 313 152 315 315 82 3023 3235 25 313 313 152 317 317 36 2070 2113 205 3023 3235 25 317 317 36 2066 2109 22 3023 3235 25 2070 2113 205 2068 2111 202 2066 2109 22 2070 2113 205 1904 1939 192 1900 1935 196 1902 1937 210 3024 3236 126 1900 1935 196 1904 1939 192 3022 3233 76 3024 3236 126 1904 1939 192 2334 2388 184 3024 3236 126 3022 3233 76 2782 3234 174 2334 2388 184 3022 3233 76 3027 3238 204 3026 2273 173 3025 3237 38 3028 3239 94 3026 2273 173 3027 3238 204 3029 3240 128 3028 3239 94 3027 3238 204 789 793 124 3028 3239 94 3029 3240 128 790 794 164 789 793 124 3029 3240 128 953 957 182 949 953 127 951 955 177 3030 3241 182 949 953 127 953 957 182 2862 3242 155 3030 3241 182 953 957 182 2085 2128 182 3030 3241 182 2862 3242 155 2086 2129 16 2085 2128 182 2862 3242 155 231 231 126 238 238 133 233 233 133 1549 1565 102 238 238 133 231 231 126 229 229 132 1549 1565 102 231 231 126 1217 1228 106 1549 1565 102 229 229 132 227 227 62 1217 1228 106 229 229 132 1684 1707 14 1688 1711 7 1686 1709 80 3031 3243 7 1688 1711 7 1684 1707 14 36 36 15 3031 3243 7 1684 1707 14 32 32 13 3031 3243 7 36 36 15 34 34 13 32 32 13 36 36 15 1695 1718 201 1699 1722 212 1697 1720 87 3032 3244 6 1699 1722 212 1695 1718 201 2858 3008 91 3032 3244 6 1695 1718 201 3033 3245 0 3032 3244 6 2858 3008 91 2856 3006 0 3033 3245 0 2858 3008 91 2363 2426 86 1978 2016 228 2361 2424 85 3034 3246 22 1978 2016 228 2363 2426 86 1509 1525 86 3034 3246 22 2363 2426 86 3035 3247 228 3034 3246 22 1509 1525 86 1511 1527 10 3035 3247 228 1509 1525 86 702 704 152 1395 1408 85 2921 3103 159 3036 3248 82 1395 1408 85 702 704 152 562 706 39 3036 3248 82 702 704 152 479 479 30 3036 3248 82 562 706 39 481 481 199 479 479 30 562 706 39 2749 2861 29 1643 3249 214 2249 2859 39 1644 2806 33 1643 3249 214 2749 2861 29 3037 3250 159 1644 2806 33 2749 2861 29 2702 2804 23 1644 2806 33 3037 3250 159 3038 3251 86 2702 2804 23 3037 3250 159 3039 3252 19 2451 2522 15 2453 2524 89 3040 3253 174 2451 2522 15 3039 3252 19 2837 2982 207 3040 3253 174 3039 3252 19 332 3254 156 3040 3253 174 2837 2982 207 330 2980 149 332 3254 156 2837 2982 207 56 56 32 60 60 36 58 58 34 3041 3255 30 60 60 36 56 56 32 480 3256 30 3041 3255 30 56 56 32 2861 3011 236 3041 3255 30 480 3256 30 481 3013 199 2861 3011 236 480 3256 30 3044 3259 141 3043 3258 163 3042 3257 153 3045 3260 93 3043 3258 163 3044 3259 141 2734 2839 31 3045 3260 93 3044 3259 141 2934 3261 93 3045 3260 93 2734 2839 31 295 2841 25 2934 3261 93 2734 2839 31 849 853 30 853 857 152 851 855 34 1359 1372 152 853 857 152 849 853 30 3046 3262 39 1359 1372 152 849 853 30 524 524 182 1359 1372 152 3046 3262 39 526 526 203 524 524 182 3046 3262 39 2166 3264 189 2912 3087 174 3047 3263 35 3048 3265 138 2912 3087 174 2166 3264 189 2723 2828 172 3048 3265 138 2166 3264 189 2725 2830 88 3048 3265 138 2723 2828 172 2905 3079 73 2779 2899 27 2907 3081 85 3049 3266 114 2779 2899 27 2905 3079 73 1665 3090 168 3049 3266 114 2905 3079 73 2777 2897 213 3049 3266 114 1665 3090 168 511 511 24 141 141 3 509 509 201 3050 3267 86 141 141 3 511 511 24 134 134 28 3050 3267 86 511 511 24 136 136 28 3050 3267 86 134 134 28 122 122 23 137 137 7 2892 3064 7 3051 3268 157 137 137 7 122 122 23 120 120 40 3051 3268 157 122 122 23 139 139 87 3051 3268 157 120 120 40 1919 1954 30 1923 1958 33 1921 1956 29 2305 2358 155 1923 1958 33 1919 1954 30 521 521 31 2305 2358 155 1919 1954 30 523 523 174 2305 2358 155 521 521 31 2965 3270 80 1922 1957 86 3052 3269 228 3053 3271 13 1922 1957 86 2965 3270 80 2516 2595 7 3053 3271 13 2965 3270 80 1920 1955 36 3053 3271 13 2516 2595 7 2180 2224 18 2288 2340 182 2287 2338 214 3054 3272 182 2288 2340 182 2180 2224 18 2177 2221 15 3054 3272 182 2180 2224 18 2175 2219 83 3054 3272 182 2177 2221 15 1308 1321 84 1304 1317 142 1306 1319 27 3055 3273 27 1304 1317 142 1308 1321 84 1987 2025 154 3055 3273 27 1308 1321 84 1985 2023 27 3055 3273 27 1987 2025 154 1985 2023 27 1304 1317 142 3055 3273 27 3056 3274 24 1304 1317 142 1985 2023 27 1981 2019 83 3056 3274 24 1985 2023 27 3057 3275 158 3056 3274 24 1981 2019 83 2011 3277 78 864 868 78 2010 3276 149 3058 3278 20 864 868 78 2011 3277 78 2661 2754 22 3058 3278 20 2011 3277 78 862 866 157 3058 3278 20 2661 2754 22 519 519 81 131 131 27 517 517 7 3059 3279 82 131 131 27 519 519 81 521 521 31 3059 3279 82 519 519 81 1919 1954 30 3059 3279 82 521 521 31 134 134 28 513 513 7 132 132 22 3060 3280 28 513 513 7 134 134 28 511 511 24 3060 3280 28 134 134 28 513 513 7 3060 3280 28 511 511 24 2169 2213 217 1062 1072 126 2167 2211 200 3061 3281 66 1062 1072 126 2169 2213 217 1056 1066 48 3061 3281 66 2169 2213 217 1058 1068 161 3061 3281 66 1056 1066 48 2089 2132 47 1841 1872 118 2087 2130 122 3062 3282 95 1841 1872 118 2089 2132 47 109 109 74 3062 3282 95 2089 2132 47 111 111 76 3062 3282 95 109 109 74 109 109 74 105 105 70 107 107 72 3063 3283 125 105 105 70 109 109 74 2089 2132 47 3063 3283 125 109 109 74 2091 2134 101 3063 3283 125 2089 2132 47 2091 2134 101 105 105 70 3063 3283 125 3064 3284 121 105 105 70 2091 2134 101 98 98 64 3064 3284 121 2091 2134 101 100 100 65 3064 3284 121 98 98 64 780 3287 137 3065 3286 189 779 3285 204 3066 3288 137 3065 3286 189 780 3287 137 1590 1609 120 3066 3288 137 780 3287 137 1592 1611 167 3066 3288 137 1590 1609 120 2351 2411 70 1830 1860 200 2353 2413 210 3067 3289 136 1830 1860 200 2351 2411 70 640 641 47 3067 3289 136 2351 2411 70 1828 1858 93 3067 3289 136 640 641 47 2336 2390 52 1911 1946 57 2979 3183 54 3068 3290 107 1911 1946 57 2336 2390 52 1215 1226 104 3068 3290 107 2336 2390 52 889 893 132 3068 3290 107 1215 1226 104 2807 2932 94 650 651 193 2806 2930 168 3069 3291 72 650 651 193 2807 2932 94 1827 1857 188 3069 3291 72 2807 2932 94 648 649 210 3069 3291 72 1827 1857 188 1553 1569 162 1063 1073 213 3010 3218 137 3070 3292 140 1063 1073 213 1553 1569 162 1501 1571 30 3070 3292 140 1553 1569 162 1065 1075 18 3070 3292 140 1501 1571 30 1787 1817 70 1800 1830 128 1788 1818 193 3071 3293 70 1800 1830 128 1787 1817 70 2463 2533 125 3071 3293 70 1787 1817 70 1802 1832 136 3071 3293 70 2463 2533 125 2969 3170 139 251 251 35 2968 3168 139 3072 3294 169 251 251 35 2969 3170 139 2404 2473 213 3072 3294 169 2969 3170 139 249 249 127 3072 3294 169 2404 2473 213 1987 2025 154 2664 2757 39 1988 2027 31 2663 2756 34 2664 2757 39 1987 2025 154 1308 1321 84 2663 2756 34 1987 2025 154 1310 1323 173 2663 2756 34 1308 1321 84 1827 1857 188 1831 1861 178 1829 1859 172 3073 3295 180 1831 1861 178 1827 1857 188 2807 2932 94 3073 3295 180 1827 1857 188 1191 2934 126 3073 3295 180 2807 2932 94 186 3297 112 1840 1871 218 187 3296 94 3074 3298 161 1840 1871 218 186 3297 112 2552 2638 110 3074 3298 161 186 3297 112 1838 1869 47 3074 3298 161 2552 2638 110 1166 1177 121 1159 1170 121 2984 3188 97 3075 3299 48 1159 1170 121 1166 1177 121 757 761 100 3075 3299 48 1166 1177 121 755 759 215 3075 3299 48 757 761 100 2039 2081 109 179 179 54 2037 2079 56 3076 3300 107 179 179 54 2039 2081 109 177 177 107 3076 3300 107 2039 2081 109 179 179 54 3076 3300 107 177 177 107 2239 2285 217 1269 1282 130 2986 3190 111 3077 3301 100 1269 1282 130 2239 2285 217 1555 1573 123 3077 3301 100 2239 2285 217 1267 1280 123 3077 3301 100 1555 1573 123 1272 1285 195 2042 2084 62 3006 3214 106 3078 3302 102 2042 2084 62 1272 1285 195 1270 1283 132 3078 3302 102 1272 1285 195 2042 2084 62 3078 3302 102 1270 1283 132 1429 1444 63 1425 1440 195 1427 1442 61 2407 2476 98 1425 1440 195 1429 1444 63 1173 1184 144 2407 2476 98 1429 1444 63 1175 1186 162 2407 2476 98 1173 1184 144 2883 3051 209 2055 2098 131 2949 3142 111 3079 3303 63 2055 2098 131 2883 3051 209 1820 1850 61 3079 3303 63 2883 3051 209 1818 1848 54 3079 3303 63 1820 1850 61 2240 2286 215 1557 1575 208 2238 2284 97 3080 3304 162 1557 1575 208 2240 2286 215 2836 3305 21 3080 3304 162 2240 2286 215 1559 1577 167 3080 3304 162 2836 3305 21 2244 2291 194 1275 1288 67 113 3306 77 3081 3307 51 1275 1288 67 2244 2291 194 2242 2289 95 3081 3307 51 2244 2291 194 1273 1286 135 3081 3307 51 2242 2289 95 177 177 107 173 173 60 175 175 105 3082 3308 60 173 173 60 177 177 107 2039 2081 109 3082 3308 60 177 177 107 2041 2083 106 3082 3308 60 2039 2081 109 2041 2083 106 173 173 60 3082 3308 60 3083 3309 106 173 173 60 2041 2083 106 1266 1279 195 3083 3309 106 2041 2083 106 171 171 106 3083 3309 106 1266 1279 195 1281 1294 66 1035 1043 97 1279 1292 215 3084 3310 65 1035 1043 97 1281 1294 66 1033 1041 135 3084 3310 65 1281 1294 66 1035 1043 97 3084 3310 65 1033 1041 135 1639 1661 126 1041 1049 137 2935 3122 116 3085 3311 95 1041 1049 137 1639 1661 126 1280 1293 118 3085 3311 95 1639 1661 126 1039 1047 215 3085 3311 95 1280 1293 118 2861 3011 236 60 60 36 3041 3255 30 3086 3312 11 60 60 36 2861 3011 236 67 67 40 3086 3312 11 2861 3011 236 62 62 38 3086 3312 11 67 67 40 2253 2302 25 604 605 27 2252 2301 151 3087 3313 83 604 605 27 2253 2302 25 1111 3314 82 3087 3313 83 2253 2302 25 606 607 151 3087 3313 83 1111 3314 82 590 591 179 1260 1273 126 2942 3131 177 3088 3315 68 1260 1273 126 590 591 179 588 589 69 3088 3315 68 590 591 179 1262 1275 210 3088 3315 68 588 589 69 2752 2865 152 1259 1272 180 2751 2864 152 3089 3316 138 1259 1272 180 2752 2865 152 1252 1265 183 3089 3316 138 2752 2865 152 1254 1267 170 3089 3316 138 1252 1265 183 3091 3318 153 2917 3097 212 3090 3317 151 3092 3319 31 2917 3097 212 3091 3318 153 1742 1768 139 3092 3319 31 3091 3318 153 1744 1770 79 3092 3319 31 1742 1768 139 2591 2680 234 13 13 11 2590 2679 219 3093 3320 231 13 13 11 2591 2680 234 2291 2344 234 3093 3320 231 2591 2680 234 11 11 6 3093 3320 231 2291 2344 234 1252 1265 183 1248 1261 157 1250 1263 173 3094 3321 152 1248 1261 157 1252 1265 183 2752 2865 152 3094 3321 152 1252 1265 183 2256 2305 19 3094 3321 152 2752 2865 152 596 597 171 1255 1268 140 2950 3143 169 3095 3322 115 1255 1268 140 596 597 171 594 595 114 3095 3322 115 596 597 171 1257 1270 71 3095 3322 115 594 595 114 2786 3149 211 2591 2680 234 76 76 46 2291 2344 234 2591 2680 234 2786 3149 211 2295 2348 235 2291 2344 234 2786 3149 211 2293 2346 6 2291 2344 234 2295 2348 235 1028 1036 165 1024 1032 218 1026 1034 218 3096 3323 95 1024 1032 218 1028 1036 165 2598 2688 168 3096 3323 95 1028 1036 165 1184 1195 70 3096 3323 95 2598 2688 168 2598 2688 168 1288 1301 192 2599 2689 129 2757 2871 168 1288 1301 192 2598 2688 168 1028 1036 165 2757 2871 168 2598 2688 168 1030 1038 181 2757 2871 168 1028 1036 165 2367 3325 77 2982 3186 229 2366 3324 0 3097 3326 14 2982 3186 229 2367 3325 77 2728 2833 6 3097 3326 14 2367 3325 77 2730 2835 12 3097 3326 14 2728 2833 6 2004 2043 80 2000 2039 79 2002 2041 234 3098 3327 206 2000 2039 79 2004 2043 80 3016 3226 2 3098 3327 206 2004 2043 80 2397 2465 206 3098 3327 206 3016 3226 2 2491 2566 138 392 2568 139 2492 2567 183 393 3328 17 392 2568 139 2491 2566 138 2284 2333 188 393 3328 17 2491 2566 138 1835 2335 169 393 3328 17 2284 2333 188 2284 2333 188 1712 1735 169 2282 2331 138 3099 3329 140 1712 1735 169 2284 2333 188 2491 2566 138 3099 3329 140 2284 2333 188 1710 1733 169 3099 3329 140 2491 2566 138 22 22 13 19 19 13 20 20 13 3100 3330 13 19 19 13 22 22 13 2889 3060 13 3100 3330 13 22 22 13 2588 2677 234 3100 3330 13 2889 3060 13 2063 3332 148 2006 2045 42 3101 3331 201 3102 3333 150 2006 2045 42 2063 3332 148 3016 3226 2 3102 3333 150 2063 3332 148 2004 2043 80 3102 3333 150 3016 3226 2 2579 2668 202 1698 1721 87 2577 2666 87 3103 3334 23 1698 1721 87 2579 2668 202 365 3335 24 3103 3334 23 2579 2668 202 1696 1719 202 3103 3334 23 365 3335 24 1938 1974 194 1086 1096 194 2881 3049 68 3104 3336 193 1086 1096 194 1938 1974 194 1088 1098 113 3104 3336 193 1938 1974 194 1086 1096 194 3104 3336 193 1088 1098 113 2569 2658 113 1137 1147 127 2571 2660 207 3105 3337 192 1137 1147 127 2569 2658 113 2444 2515 210 3105 3337 192 2569 2658 113 1135 1145 76 3105 3337 192 2444 2515 210 1777 1807 24 1781 1811 75 1779 1809 23 3106 3338 25 1781 1811 75 1777 1807 24 1461 1476 88 3106 3338 25 1777 1807 24 3107 3339 156 3106 3338 25 1461 1476 88 2570 2659 140 719 723 37 2568 2657 176 3108 3340 187 719 723 37 2570 2659 140 712 716 37 3108 3340 187 2570 2659 140 714 718 186 3108 3340 187 712 716 37 2664 3342 39 445 445 177 1988 3341 31 3109 3343 179 445 445 177 2664 3342 39 2534 2618 193 3109 3343 179 2664 3342 39 443 443 126 3109 3343 179 2534 2618 193 2444 2515 210 725 729 116 2445 2516 194 3110 3344 127 725 729 116 2444 2515 210 2569 2658 113 3110 3344 127 2444 2515 210 723 727 140 3110 3344 127 2569 2658 113 3091 3346 153 1941 1977 69 1321 3345 169 3111 3347 116 1941 1977 69 3091 3346 153 2531 2615 176 3111 3347 116 3091 3346 153 1939 1975 114 3111 3347 116 2531 2615 176 2824 3349 83 419 419 138 2822 3348 151 3112 3350 38 419 419 138 2824 3349 83 2548 2634 92 3112 3350 38 2824 3349 83 417 417 189 3112 3350 38 2548 2634 92 2215 2259 39 720 724 141 2214 2258 39 3113 3351 183 720 724 141 2215 2259 39 3038 3352 86 3113 3351 183 2215 2259 39 722 726 189 3113 3351 183 3038 3352 86 2111 2154 187 2107 2150 189 2109 2152 138 3114 3353 186 2107 2150 189 2111 2154 187 1376 1389 214 3114 3353 186 2111 2154 187 1378 1391 182 3114 3353 186 1376 1389 214 2941 3130 0 7 7 6 2290 2343 80 3115 3354 148 7 7 6 2941 3130 0 5 5 4 3115 3354 148 2941 3130 0 7 7 6 3115 3354 148 5 5 4 707 711 92 2113 2156 189 2115 2158 37 3116 3355 174 2113 2156 189 707 711 92 705 709 18 3116 3355 174 707 711 92 1373 1386 183 3116 3355 174 705 709 18 1373 1386 183 2113 2156 189 3116 3355 174 3117 3356 139 2113 2156 189 1373 1386 183 1376 1389 214 3117 3356 139 1373 1386 183 2111 2154 187 3117 3356 139 1376 1389 214 1500 1516 187 1789 1819 178 2978 3182 169 3118 3357 176 1789 1819 178 1500 1516 187 1498 1514 192 3118 3357 176 1500 1516 187 1789 1819 178 3118 3357 176 1498 1514 192 2487 2560 31 401 401 31 2486 2559 173 3119 3358 33 401 401 31 2487 2560 31 533 3359 153 3119 3358 33 2487 2560 31 399 399 33 3119 3358 33 533 3359 153 2142 2186 155 2489 2563 214 2488 2561 141 3120 3360 173 2489 2563 214 2142 2186 155 2139 2183 18 3120 3360 173 2142 2186 155 2137 2181 214 3120 3360 173 2139 2183 18 3022 3233 76 1906 1941 197 3021 3232 127 3121 3361 72 1906 1941 197 3022 3233 76 1904 1939 192 3121 3361 72 3022 3233 76 1906 1941 197 3121 3361 72 1904 1939 192 744 748 37 1567 1585 138 745 749 35 3122 3362 38 1567 1585 138 744 748 37 1569 1587 174 3122 3362 38 744 748 37 1567 1585 138 3122 3362 38 1569 1587 174 1569 1587 174 1572 1590 25 1570 1588 27 2829 2970 183 1572 1590 25 1569 1587 174 744 748 37 2829 2970 183 1569 1587 174 742 746 186 2829 2970 183 744 748 37 2828 2969 16 1494 1509 25 2827 2968 142 3123 3363 82 1494 1509 25 2828 2969 16 1492 1507 155 3123 3363 82 2828 2969 16 1494 1509 25 3123 3363 82 1492 1507 155 3125 3365 2 2026 2067 85 3124 3364 90 3126 3366 34 2026 2067 85 3125 3365 2 2448 2519 183 3126 3366 34 3125 3365 2 2024 2065 172 3126 3366 34 2448 2519 183 2576 2665 169 2573 2662 152 2575 2664 140 3127 3367 92 2573 2662 152 2576 2665 169 1870 1902 183 3127 3367 92 2576 2665 169 3128 3368 157 3127 3367 92 1870 1902 183 739 743 171 1907 1942 176 3011 3219 207 3129 3369 35 1907 1942 176 739 743 171 741 745 138 3129 3369 35 739 743 171 746 750 170 3129 3369 35 741 745 138 1492 1507 155 1488 1503 37 1490 1505 139 3130 3370 174 1488 1503 37 1492 1507 155 2828 2969 16 3130 3370 174 1492 1507 155 742 746 186 3130 3370 174 2828 2969 16 505 3372 173 2999 3205 185 507 3371 174 3131 3373 203 2999 3205 185 505 3372 173 2818 2952 204 3131 3373 203 505 3372 173 3132 3374 8 3131 3373 203 2818 2952 204 1472 1487 23 1468 1483 202 1470 1485 25 3133 3375 23 1468 1483 202 1472 1487 23 2541 3376 19 3133 3375 23 1472 1487 23 1770 1798 5 3133 3375 23 2541 3376 19 1961 1999 20 2604 2694 13 1962 2000 13 3134 3377 13 2604 2694 13 1961 1999 20 2606 2696 87 3134 3377 13 1961 1999 20 2604 2694 13 3134 3377 13 2606 2696 87 4 4 3 2191 2235 21 6 6 5 3135 3378 202 2191 2235 21 4 4 3 2192 2236 3 3135 3378 202 4 4 3 2191 2235 21 3135 3378 202 2192 2236 3 27 27 13 24 24 13 25 25 13 2887 3058 13 24 24 13 27 27 13 2432 2501 13 2887 3058 13 27 27 13 1298 1311 13 2887 3058 13 2432 2501 13 2432 2501 13 29 29 13 2434 2503 13 3136 3379 13 29 29 13 2432 2501 13 27 27 13 3136 3379 13 2432 2501 13 29 29 13 3136 3379 13 27 27 13 10 10 9 14 14 6 12 12 10 3137 3380 2 14 14 6 10 10 9 1690 1713 7 3137 3380 2 10 10 9 26 26 13 3137 3380 2 1690 1713 7 26 26 13 14 14 6 3137 3380 2 3138 3381 13 14 14 6 26 26 13 21 21 13 3138 3381 13 26 26 13 16 16 13 3138 3381 13 21 21 13 2701 2803 152 2256 3382 19 2703 2805 81 3139 3383 83 2256 3382 19 2701 2803 152 2349 2407 205 3139 3383 83 2701 2803 152 2254 2409 22 3139 3383 83 2349 2407 205 2628 2718 32 1335 1348 32 2627 2717 141 3140 3384 33 1335 1348 32 2628 2718 32 2992 3196 39 3140 3384 33 2628 2718 32 1629 1651 81 3140 3384 33 2992 3196 39 2349 2407 205 2347 2403 89 2348 2405 75 2758 2872 202 2347 2403 89 2349 2407 205 2701 2803 152 2758 2872 202 2349 2407 205 2019 2059 159 2758 2872 202 2701 2803 152 1690 1713 7 1687 1710 17 1689 1712 85 3141 3385 14 1687 1710 17 1690 1713 7 10 10 9 3141 3385 14 1690 1713 7 8 8 7 3141 3385 14 10 10 9 8 8 7 1687 1710 17 3141 3385 14 3142 3386 16 1687 1710 17 8 8 7 2189 2233 21 3142 3386 16 8 8 7 1685 1708 157 3142 3386 16 2189 2233 21 2992 3196 39 3143 3387 28 2994 3198 19 3144 3388 92 3143 3387 28 2992 3196 39 2628 2718 32 3144 3388 92 2992 3196 39 1546 1562 175 3144 3388 92 2628 2718 32 2636 2728 190 2437 2506 191 2637 2729 115 3145 3389 179 2437 2506 191 2636 2728 190 1663 1685 129 3145 3389 179 2636 2728 190 1661 1683 194 3145 3389 179 1663 1685 129 32 32 13 1688 1711 7 3031 3243 7 3146 3390 13 1688 1711 7 32 32 13 30 30 13 3146 3390 13 32 32 13 1688 1711 7 3146 3390 13 30 30 13 1860 3392 99 1586 1605 48 1858 3391 215 3147 3393 99 1586 1605 48 1860 3392 99 1584 1603 50 3147 3393 99 1860 3392 99 1586 1605 48 3147 3393 99 1584 1603 50 2695 2795 94 1181 3394 166 1180 2794 194 3148 3395 147 1181 3394 166 2695 2795 94 2312 2365 96 3148 3395 147 2695 2795 94 1181 3394 166 3148 3395 147 2312 2365 96 2537 2622 23 2541 2627 19 2886 3057 19 3149 3396 25 2541 2627 19 2537 2622 23 2538 2624 19 3149 3396 25 2537 2622 23 2541 2627 19 3149 3396 25 2538 2624 19 2463 2533 125 798 802 66 2465 2535 209 3150 3397 125 798 802 66 2463 2533 125 1787 1817 70 3150 3397 125 2463 2533 125 800 804 125 3150 3397 125 1787 1817 70 2034 2076 114 2740 2849 159 2036 2078 15 3151 3398 177 2740 2849 159 2034 2076 114 778 3399 140 3151 3398 177 2034 2076 114 2738 2847 113 3151 3398 177 778 3399 140 665 666 81 661 662 87 663 664 157 3152 3400 27 661 662 87 665 666 81 1043 1053 152 3152 3400 27 665 666 81 1045 1055 13 3152 3400 27 1043 1053 152 1291 1304 27 1295 1308 92 1293 1306 139 3153 3401 27 1295 1308 92 1291 1304 27 2146 2190 83 3153 3401 27 1291 1304 27 2144 2188 83 3153 3401 27 2146 2190 83 2289 3404 20 1375 3403 86 394 3402 27 3154 3405 202 1375 3403 86 2289 3404 20 2014 2054 17 3154 3405 202 2289 3404 20 2016 2056 13 3154 3405 202 2014 2054 17 2066 2109 22 313 313 152 3023 3235 25 3155 3406 83 313 313 152 2066 2109 22 311 311 151 3155 3406 83 2066 2109 22 313 313 152 3155 3406 83 311 311 151 2081 2124 189 943 947 38 3019 3230 35 3156 3407 189 943 947 38 2081 2124 189 941 945 186 3156 3407 189 2081 2124 189 943 947 38 3156 3407 189 941 945 186 1970 2008 4 668 669 22 2989 3193 8 3157 3408 19 668 669 22 1970 2008 4 670 671 25 3157 3408 19 1970 2008 4 668 669 22 3157 3408 19 670 671 25 1437 1452 204 623 624 170 621 622 180 3158 3409 203 623 624 170 1437 1452 204 1439 1454 155 3158 3409 203 1437 1452 204 677 678 28 3158 3409 203 1439 1454 155 2623 2713 138 1202 1213 213 1862 1894 190 3159 3410 92 1202 1213 213 2623 2713 138 3160 3411 13 3159 3410 92 2623 2713 138 1200 1211 214 3159 3410 92 3160 3411 13 630 631 183 634 635 22 632 633 82 3161 3412 154 634 635 22 630 631 183 3158 3409 203 3161 3412 154 630 631 183 677 678 28 3161 3412 154 3158 3409 203 2045 2087 162 1124 1134 220 2985 3189 100 3162 3413 137 1124 1134 220 2045 2087 162 1126 1136 166 3162 3413 137 2045 2087 162 1124 1134 220 3162 3413 137 1126 1136 166 2072 2115 25 319 319 151 2945 3137 83 3163 3414 22 319 319 151 2072 2115 25 2070 2113 205 3163 3414 22 2072 2115 25 317 317 36 3163 3414 22 2070 2113 205 2606 3416 87 2069 2112 9 2605 3415 87 3164 3417 9 2069 2112 9 2606 3416 87 2412 2481 79 3164 3417 9 2606 3416 87 2067 2110 25 3164 3417 9 2412 2481 79 1478 3419 228 1973 2011 79 1476 3418 201 3165 3420 228 1973 2011 79 1478 3419 228 2374 2441 156 3165 3420 228 1478 3419 228 1971 2009 150 3165 3420 228 2374 2441 156 2400 3421 113 1405 1418 192 2385 2452 115 3166 3422 72 1405 1418 192 2400 3421 113 1407 1420 194 3166 3422 72 2400 3421 113 1405 1418 192 3166 3422 72 1407 1420 194 2271 3424 35 2048 2090 73 847 3423 92 3167 3425 68 2048 2090 73 2271 3424 35 2345 2399 168 3167 3425 68 2271 3424 35 2046 2088 136 3167 3425 68 2345 2399 168 1994 2033 82 667 668 151 1992 2031 84 3168 3426 29 667 668 151 1994 2033 82 1043 1053 152 3168 3426 29 1994 2033 82 665 666 81 3168 3426 29 1043 1053 152 1432 1447 187 1996 2035 141 1998 2037 139 3169 3427 139 1996 2035 141 1432 1447 187 946 950 38 3169 3427 139 1432 1447 187 944 948 174 3169 3427 139 946 950 38 1576 1594 128 1580 1598 51 1578 1596 161 2206 2250 94 1580 1598 51 1576 1594 128 193 193 73 2206 2250 94 1576 1594 128 195 195 94 2206 2250 94 193 193 73 1577 1595 50 998 1003 111 1575 1593 70 3170 3428 64 998 1003 111 1577 1595 50 996 1001 101 3170 3428 64 1577 1595 50 998 1003 111 3170 3428 64 996 1001 101 198 198 69 202 202 118 200 200 111 3171 3429 220 202 202 118 198 198 69 2269 2318 113 3171 3429 220 198 198 69 2267 2316 163 3171 3429 220 2269 2318 113 193 193 73 189 189 114 191 191 114 3172 3430 177 189 189 114 193 193 73 1576 1594 128 3172 3430 177 193 193 73 1002 1007 73 3172 3430 177 1576 1594 128 1747 1773 128 2382 2449 192 2872 3030 76 3173 3431 167 2382 2449 192 1747 1773 128 1746 1772 110 3173 3431 167 1747 1773 128 2182 2226 137 3173 3431 167 1746 1772 110 2864 3433 154 842 846 185 2052 3432 184 3174 3434 185 842 846 185 2864 3433 154 2339 2393 185 3174 3434 185 2864 3433 154 840 844 170 3174 3434 185 2339 2393 185 1625 1647 70 2341 2395 143 2893 3066 167 3175 3435 166 2341 2395 143 1625 1647 70 1622 1644 51 3175 3435 166 1625 1647 70 1620 1642 129 3175 3435 166 1622 1644 51 2793 3437 170 219 219 125 261 3436 93 3176 3438 162 219 219 125 2793 3437 170 2380 2447 93 3176 3438 162 2793 3437 170 217 217 95 3176 3438 162 2380 2447 93 3178 3440 75 1334 1347 39 3177 3439 8 3179 3441 185 1334 1347 39 3178 3440 75 1327 1340 203 3179 3441 185 3178 3440 75 1329 1342 153 3179 3441 185 1327 1340 203 2269 2318 113 2272 2321 14 2270 2319 171 3180 3442 73 2272 2321 14 2269 2318 113 198 198 69 3180 3442 73 2269 2318 113 196 196 73 3180 3442 73 198 198 69 192 192 114 196 196 73 194 194 116 3181 3443 114 196 196 73 192 192 114 2274 2323 235 3181 3443 114 192 192 114 2272 2321 14 3181 3443 114 2274 2323 235 996 1001 101 993 998 110 994 999 130 3182 3444 50 993 998 110 996 1001 101 1577 1595 50 3182 3444 50 996 1001 101 1579 1597 119 3182 3444 50 1577 1595 50 2508 2586 32 2502 2579 139 2506 2584 18 3183 3445 183 2502 2579 139 2508 2586 32 2500 2577 30 3183 3445 183 2508 2586 32 2502 2579 139 3183 3445 183 2500 2577 30 2500 2577 30 1103 1113 22 2498 2575 83 3184 3446 159 1103 1113 22 2500 2577 30 2508 2586 32 3184 3446 159 2500 2577 30 1105 1115 86 3184 3446 159 2508 2586 32 2785 2907 148 570 570 91 2783 2905 10 3185 3447 1 570 570 91 2785 2907 148 1667 1689 230 3185 3447 1 2785 2907 148 571 571 90 3185 3447 1 1667 1689 230 188 3448 113 2636 2728 190 190 2726 115 1663 1685 129 2636 2728 190 188 3448 113 1004 3449 127 1663 1685 129 188 3448 113 1664 1686 172 1663 1685 129 1004 3449 127 1667 1689 230 1669 1691 228 1668 1690 42 3186 3450 158 1669 1691 228 1667 1689 230 2785 2907 148 3186 3450 158 1667 1689 230 76 2909 46 3186 3450 158 2785 2907 148 2876 3038 14 907 911 150 2875 3036 6 3187 3451 14 907 911 150 2876 3038 14 900 904 150 3187 3451 14 2876 3038 14 902 906 150 3187 3451 14 900 904 150 1531 1547 169 584 584 18 3020 3231 173 3188 3452 138 584 584 18 1531 1547 169 1526 1542 171 3188 3452 138 1531 1547 169 582 582 153 3188 3452 138 1526 1542 171 2814 2948 182 553 553 184 2813 2946 39 3189 3453 174 553 553 184 2814 2948 182 2507 2585 173 3189 3453 174 2814 2948 182 551 551 204 3189 3453 174 2507 2585 173 2507 2585 173 1109 1119 17 2509 2587 16 3190 3454 31 1109 1119 17 2507 2585 173 2814 2948 182 3190 3454 31 2507 2585 173 1111 1121 82 3190 3454 31 2814 2948 182 1096 1106 4 903 907 212 1094 1104 90 3191 3455 201 903 907 212 1096 1106 4 1415 1428 3 3191 3455 201 1096 1106 4 905 909 5 3191 3455 201 1415 1428 3 2610 2700 153 545 545 34 2611 2701 151 3192 3456 184 545 545 34 2610 2700 153 2615 2705 198 3192 3456 184 2610 2700 153 548 548 187 3192 3456 184 2615 2705 198 2615 2705 198 1529 1545 71 2613 2703 114 3193 3457 172 1529 1545 71 2615 2705 198 2610 2700 153 3193 3457 172 2615 2705 198 1527 1543 138 3193 3457 172 2610 2700 153 2499 2576 81 547 547 39 2501 2578 182 3194 3458 159 547 547 39 2499 2576 81 540 540 205 3194 3458 159 2499 2576 81 542 542 36 3194 3458 159 540 540 205 540 540 205 1097 1107 40 538 538 3 3195 3459 142 1097 1107 40 540 540 205 2499 2576 81 3195 3459 142 540 540 205 1099 1109 23 3195 3459 142 2499 2576 81 1673 1696 7 1632 1654 25 1674 1697 13 3196 3460 86 1632 1654 25 1673 1696 7 3197 3461 14 3196 3460 86 1673 1696 7 1630 1652 7 3196 3460 86 3197 3461 14 2085 2128 182 949 953 127 3030 3241 182 3198 3462 71 949 953 127 2085 2128 182 2083 2126 138 3198 3462 71 2085 2128 182 947 951 178 3198 3462 71 2083 2126 138 2359 2421 82 815 819 187 2357 2419 82 3199 3463 186 815 819 187 2359 2421 82 808 812 172 3199 3463 186 2359 2421 82 810 814 129 3199 3463 186 808 812 172 1677 1700 83 1017 1023 142 2951 3144 202 3200 3464 26 1017 1023 142 1677 1700 83 1679 1702 91 3200 3464 26 1677 1700 83 1018 1025 88 3200 3464 26 1679 1702 91 808 812 172 804 808 33 806 810 186 3201 3465 34 804 808 33 808 812 172 2359 2421 82 3201 3465 34 808 812 172 2062 2105 82 3201 3465 34 2359 2421 82 2218 2263 162 1077 1087 125 2901 3074 128 3202 3466 111 1077 1087 125 2218 2263 162 1070 1080 111 3202 3466 111 2218 2263 162 1072 1082 118 3202 3466 111 1070 1080 111 1949 1986 220 346 346 166 2988 3192 210 3203 3467 70 346 346 166 1949 1986 220 344 344 165 3203 3467 70 1949 1986 220 346 346 166 3203 3467 70 344 344 165 2262 3469 26 821 825 113 1717 3468 152 3204 3470 39 821 825 113 2262 3469 26 2358 2420 15 3204 3470 39 2262 3469 26 819 823 183 3204 3470 39 2358 2420 15 361 361 34 476 476 30 3205 3471 30 3206 3472 30 476 476 30 361 361 34 359 359 30 3206 3472 30 361 361 34 474 474 198 3206 3472 30 359 359 30 2009 3474 3 2060 2103 173 3101 3473 201 3207 3475 203 2060 2103 173 2009 3474 3 2371 2436 174 3207 3475 203 2009 3474 3 2059 2102 189 3207 3475 203 2371 2436 174 1155 2268 92 984 988 193 985 990 35 3208 3476 113 984 988 193 1155 2268 92 2221 2266 190 3208 3476 113 1155 2268 92 1079 1089 196 3208 3476 113 2221 2266 190 3210 3478 91 2095 2138 235 3209 3477 91 3211 3479 149 2095 2138 235 3210 3478 91 2392 2460 4 3211 3479 149 3210 3478 91 2094 2137 149 3211 3479 149 2392 2460 4 2668 2762 69 981 985 100 2667 2761 70 3212 3480 99 981 985 100 2668 2762 69 2244 3481 194 3212 3480 99 2668 2762 69 982 986 64 3212 3480 99 2244 3481 194 2021 3483 198 1952 1989 204 1358 3482 187 3213 3484 204 1952 1989 204 2021 3483 198 2472 2542 204 3213 3484 204 2021 3483 198 1950 1987 193 3213 3484 204 2472 2542 204 1955 1992 204 352 352 169 2943 3132 204 3214 3485 188 352 352 169 1955 1992 204 1953 1990 71 3214 3485 188 1955 1992 204 350 350 72 3214 3485 188 1953 1990 71 1116 1126 209 973 977 47 975 979 99 343 343 67 973 977 47 1116 1126 209 347 347 124 343 343 67 1116 1126 209 345 345 96 343 343 67 347 347 124 467 467 76 471 471 127 469 469 192 3215 3486 116 471 471 127 467 467 76 2416 2485 127 3215 3486 116 467 467 76 684 685 191 3215 3486 116 2416 2485 127 684 685 191 471 471 127 3215 3486 116 3216 3487 143 471 471 127 684 685 191 473 473 198 3216 3487 143 684 685 191 471 471 127 3216 3487 143 473 473 198 973 977 47 341 341 144 971 975 119 3217 3488 209 341 341 144 973 977 47 343 343 67 3217 3488 209 973 977 47 341 341 144 3217 3488 209 343 343 67 483 483 101 487 487 61 485 485 104 3218 3489 48 487 487 61 483 483 101 2478 2549 96 3218 3489 48 483 483 101 2476 2547 161 3218 3489 48 2478 2549 96 291 291 100 883 887 62 885 889 99 2301 2354 106 883 887 62 291 291 100 287 287 146 2301 2354 106 291 291 100 1387 1400 52 2301 2354 106 287 287 146 921 925 106 2299 2352 54 2300 2353 54 3219 3490 59 2299 2352 54 921 925 106 919 923 99 3219 3490 59 921 925 106 1445 1460 55 3219 3490 59 919 923 99 2420 2489 223 2195 2239 54 2418 2487 108 3220 3491 54 2195 2239 54 2420 2489 223 2197 2241 54 3220 3491 54 2420 2489 223 2195 2239 54 3220 3491 54 2197 2241 54 2197 2241 54 930 934 53 2198 2242 54 3221 3492 146 930 934 53 2197 2241 54 2420 2489 223 3221 3492 146 2197 2241 54 932 936 135 3221 3492 146 2420 2489 223 1612 1634 162 502 502 73 1610 1632 129 3222 3493 167 502 502 73 1612 1634 162 870 874 125 3222 3493 167 1612 1634 162 500 500 69 3222 3493 167 870 874 125 2557 2645 98 878 882 109 2558 2646 104 3223 3494 98 878 882 109 2557 2645 98 2325 2378 120 3223 3494 98 2557 2645 98 880 884 100 3223 3494 98 2325 2378 120 2325 2378 120 2329 2382 65 2327 2380 135 3224 3495 135 2329 2382 65 2325 2378 120 2557 2645 98 3224 3495 135 2325 2378 120 2555 2643 161 3224 3495 135 2557 2645 98 2529 3497 71 1932 1967 143 2343 3496 113 3225 3498 143 1932 1967 143 2529 3497 71 2494 2571 116 3225 3498 143 2529 3497 71 1930 1965 65 3225 3498 143 2494 2571 116 3029 3240 128 792 796 164 790 794 164 3226 3499 166 792 796 164 3029 3240 128 3227 3500 37 3226 3499 166 3029 3240 128 2657 2750 221 3226 3499 166 3227 3500 37 2478 2549 96 263 263 135 2479 2550 74 3228 3501 120 263 263 135 2478 2549 96 483 483 101 3228 3501 120 2478 2549 96 265 265 120 3228 3501 120 483 483 101 2128 3503 168 290 290 118 2130 3502 51 3229 3504 132 290 290 118 2128 3503 168 2466 2536 48 3229 3504 132 2128 3503 168 288 288 109 3229 3504 132 2466 2536 48 2878 3041 160 1444 1459 50 2927 3111 164 3230 3505 161 1444 1459 50 2878 3041 160 2162 2206 66 3230 3505 161 2878 3041 160 1442 1457 106 3230 3505 161 2162 2206 66 2924 3106 70 929 933 101 2922 3104 118 3231 3506 64 929 933 101 2924 3106 70 922 926 215 3231 3506 64 2924 3106 70 924 928 146 3231 3506 64 922 926 215 2419 2488 64 2468 2538 50 2920 3102 118 3232 3507 64 2468 2538 50 2419 2488 64 2157 2201 222 3232 3507 64 2419 2488 64 2155 2199 64 3232 3507 64 2157 2201 222 870 874 125 872 876 98 871 875 117 3233 3508 120 872 876 98 870 874 125 1612 1634 162 3233 3508 120 870 874 125 1614 1636 99 3233 3508 120 1612 1634 162 2328 3511 129 3043 3510 163 3234 3509 163 3235 3512 129 3043 3510 163 2328 3511 129 2713 2816 192 3235 3512 129 2328 3511 129 3236 3513 82 3235 3512 129 2713 2816 192 2436 2505 113 2439 2508 158 2438 2507 171 3237 3514 77 2439 2508 158 2436 2505 113 2764 2879 92 3237 3514 77 2436 2505 113 2791 2915 16 2788 2911 150 2790 2913 31 3238 3515 206 2788 2911 150 2791 2915 16 2915 3095 228 3238 3515 206 2791 2915 16 2676 2770 117 2331 2384 168 2677 2771 110 3003 3516 69 2331 2384 168 2676 2770 117 508 508 188 3003 3516 69 2676 2770 117 2746 2855 12 2742 2851 6 2744 2853 6 3239 3517 229 2742 2851 6 2746 2855 12 2981 3185 229 3239 3517 229 2746 2855 12 2728 2833 6 1772 1800 2 2726 2831 6 149 3518 91 1772 1800 2 2728 2833 6 2367 3325 77 149 3518 91 2728 2833 6 1407 1420 194 1411 1424 171 1409 1422 191 1164 3134 73 1411 1424 171 1407 1420 194 2400 3421 113 1164 3134 73 1407 1420 194 1770 1798 5 1766 1794 6 1768 1796 6 2540 3519 40 1766 1794 6 1770 1798 5 2541 3376 19 2540 3519 40 1770 1798 5 2723 2828 172 2719 2824 37 2721 2826 198 3240 3520 204 2719 2824 37 2723 2828 172 2166 3264 189 3240 3520 204 2723 2828 172 517 517 7 513 513 7 515 515 86 132 132 22 513 513 7 517 517 7 131 131 27 132 132 22 517 517 7 2661 2754 22 2289 2342 20 2662 2755 159 3241 3521 17 2289 2342 20 2661 2754 22 2011 3277 78 3241 3521 17 2661 2754 22 2563 2651 191 2566 2655 45 2564 2653 25 3242 3522 15 2566 2655 45 2563 2651 191 2953 3146 152 3242 3522 15 2563 2651 191 1759 1787 74 77 1783 47 1757 1785 215 3243 3523 135 77 1783 47 1759 1787 74 1764 1792 161 3243 3523 135 1759 1787 74 2769 2885 182 2766 2881 21 2768 2883 214 3244 3524 25 2766 2881 21 2769 2885 182 2842 2987 26 3244 3524 25 2769 2885 182 2997 3201 218 2561 3525 163 2559 3203 208 2902 3526 220 2561 3525 163 2997 3201 218 1246 1259 128 2902 3526 220 2997 3201 218 1590 1609 120 1586 1605 48 1588 1607 50 1858 3391 215 1586 1605 48 1590 1609 120 780 3287 137 1858 3391 215 1590 1609 120 2494 2571 116 2496 2573 170 2495 2572 200 3245 3527 213 2496 2573 170 2494 2571 116 2529 3497 71 3245 3527 213 2494 2571 116 1592 1611 167 3065 3286 189 3066 3288 137 3246 3528 172 3065 3286 189 1592 1611 167 1596 1615 175 3246 3528 172 1592 1611 167 2189 2233 21 2191 2235 21 2190 2234 25 6 6 5 2191 2235 21 2189 2233 21 8 8 7 6 6 5 2189 2233 21 1967 2005 199 1963 2001 201 1965 2003 228 2188 2232 90 1963 2001 201 1967 2005 199 1681 1704 5 2188 2232 90 1967 2005 199 833 837 125 204 204 118 2932 3118 165 206 206 120 204 204 118 833 837 125 208 208 117 206 206 120 833 837 125 1506 1522 85 1510 1526 150 1508 1524 86 3247 3529 1 1510 1526 150 1506 1522 85 1795 1825 87 3247 3529 1 1506 1522 85 2840 2985 138 2836 2981 21 2838 2983 198 3248 3530 171 2836 2981 21 2840 2985 138 1561 2887 172 3248 3530 171 2840 2985 138 1316 1329 213 1945 3531 176 2536 2759 138 1320 1333 115 1945 3531 176 1316 1329 213 1318 1331 176 1320 1333 115 1316 1329 213 2129 2173 193 2125 2169 85 2127 2171 192 3249 3532 32 2125 2169 85 2129 2173 193 2654 2747 16 3249 3532 32 2129 2173 193 2738 2847 113 775 2843 171 2736 2845 177 777 3533 169 775 2843 171 2738 2847 113 778 3399 140 777 3533 169 2738 2847 113 2466 2536 48 2469 2539 72 2467 2537 47 3250 3534 129 2469 2539 72 2466 2536 48 2128 3503 168 3250 3534 129 2466 2536 48 2652 2745 116 2654 2747 16 2653 2746 127 3251 3535 182 2654 2747 16 2652 2745 116 2755 2869 32 3251 3535 182 2652 2745 116 3252 3536 38 623 624 170 3158 3409 203 625 626 140 623 624 170 3252 3536 38 630 631 183 625 626 140 3252 3536 38 2481 3538 4 1601 1623 8 3253 3537 8 1603 1625 79 1601 1623 8 2481 3538 4 1605 1627 0 1603 1625 79 2481 3538 4 2386 2453 213 2389 2457 159 2387 2455 176 3254 3539 28 2389 2457 159 2386 2453 213 2799 2923 24 3254 3539 28 2386 2453 213 1200 1211 214 1196 1207 20 1198 1209 183 3255 3540 23 1196 1207 20 1200 1211 214 3160 3411 13 3255 3540 23 1200 1211 214 2909 3084 114 2915 3095 228 2914 3094 34 3256 3541 36 2915 3095 228 2909 3084 114 2911 3086 26 3256 3541 36 2909 3084 114 1415 1428 3 1100 1110 25 1416 1429 23 1098 1108 75 1100 1110 25 1415 1428 3 1096 1106 4 1098 1108 75 1415 1428 3 3257 3542 166 839 843 179 837 841 136 2659 2752 112 839 843 179 3257 3542 166 837 841 136 2659 2752 112 3257 3542 166 1327 1340 203 1323 1336 13 1325 1338 175 3258 3543 26 1323 1336 13 1327 1340 203 3178 3440 75 3258 3543 26 1327 1340 203 3259 3544 205 114 1803 8 2317 2370 212 1469 1484 202 114 1803 8 3259 3544 205 1471 1486 142 1469 1484 202 3259 3544 205 1630 1652 7 1627 1649 79 1628 1650 152 3260 3545 6 1627 1649 79 1630 1652 7 3197 3461 14 3260 3545 6 1630 1652 7 3261 3546 214 633 634 81 682 683 8 631 632 92 633 634 81 3261 3546 214 2545 2631 139 631 632 92 3261 3546 214 1742 1768 139 1319 1332 170 1740 1766 38 1321 1334 169 1319 1332 170 1742 1768 139 3091 3318 153 1321 1334 169 1742 1768 139 3262 3547 116 2049 2091 126 1122 1132 194 2051 2093 71 2049 2091 126 3262 3547 116 1120 1130 116 2051 2093 71 3262 3547 116 2657 2750 221 2655 2748 169 2656 2749 124 3263 3548 138 2655 2748 169 2657 2750 221 3227 3500 37 3263 3548 138 2657 2750 221 2708 2811 191 1737 1763 114 2707 2810 114 1738 1764 176 1737 1763 114 2708 2811 191 1739 1765 184 1738 1764 176 2708 2811 191 2086 3014 16 1015 1020 36 328 1022 159 1519 1535 182 1015 1020 36 2086 3014 16 1517 1533 203 1519 1535 182 2086 3014 16 1828 1858 93 644 645 208 1826 1856 200 642 643 47 644 645 208 1828 1858 93 640 641 47 642 643 47 1828 1858 93 1018 1025 88 1021 1029 91 1019 1027 75 3264 3549 91 1021 1029 91 1018 1025 88 1679 1702 91 3264 3549 91 1018 1025 88 5 5 4 1 1 0 3 3 2 3265 3550 0 1 1 0 5 5 4 2941 3130 0 3265 3550 0 5 5 4 3266 3551 72 612 613 194 1433 1448 71 614 615 168 612 613 194 3266 3551 72 619 620 179 614 615 168 3266 3551 72 2014 2054 17 2011 2050 78 2012 2052 1 3241 3552 17 2011 2050 78 2014 2054 17 2289 3404 20 3241 3552 17 2014 2054 17 3267 3553 54 2194 2238 54 927 931 54 2193 2237 49 2194 2238 54 3267 3553 54 925 929 54 2193 2237 49 3267 3553 54 2016 2056 13 1375 3403 86 3154 3405 202 1377 3554 151 1375 3403 86 2016 2056 13 1378 2060 182 1377 3554 151 2016 2056 13 2380 2447 93 2383 2450 31 2381 2448 76 2792 3555 203 2383 2450 31 2380 2447 93 2793 3437 170 2792 3555 203 2380 2447 93 1521 1537 141 1523 1539 4 1522 1538 34 3268 3556 89 1523 1539 4 1521 1537 141 2694 2793 87 3268 3556 89 1521 1537 141 3269 3557 119 988 993 97 1749 1775 93 990 995 132 988 993 97 3269 3557 119 995 1000 110 990 995 132 3269 3557 119 2516 2595 7 2459 2597 9 2517 2596 13 2460 3558 6 2459 2597 9 2516 2595 7 2965 3270 80 2460 3558 6 2516 2595 7 2781 2902 204 2120 2164 228 2780 2900 183 424 3101 183 2120 2164 228 2781 2902 204 423 2960 30 424 3101 183 2781 2902 204 1460 1475 84 1464 1479 151 1462 1477 22 3270 3559 30 1464 1479 151 1460 1475 84 1655 1677 226 3270 3559 30 1460 1475 84 3271 3560 211 664 665 157 662 663 212 1974 2012 10 664 665 157 3271 3560 211 1049 1059 79 1974 2012 10 3271 3560 211 2371 2436 174 1692 2438 24 2372 2437 92 1691 3561 19 1692 2438 24 2371 2436 174 2009 3474 3 1691 3561 19 2371 2436 174 2963 3161 79 2323 3562 229 2964 3163 0 3272 3563 229 2323 3562 229 2963 3161 79 1786 1816 229 3272 3563 229 2963 3161 79 2810 2940 3 1571 2936 1 2809 2938 1 3273 3564 2 1571 2936 1 2810 2940 3 1564 3213 23 3273 3564 2 2810 2940 3 1065 1075 18 260 260 19 1067 1077 33 3274 3565 26 260 260 19 1065 1075 18 1501 1571 30 3274 3565 26 1065 1075 18 982 986 64 112 989 37 983 987 162 113 3566 77 112 989 37 982 986 64 2244 3481 194 113 3566 77 982 986 64 2552 2638 110 1587 2640 215 2553 2639 110 1825 3567 197 1587 2640 215 2552 2638 110 186 3297 112 1825 3567 197 2552 2638 110 2472 2542 204 2449 2544 184 2473 2543 93 2447 3568 198 2449 2544 184 2472 2542 204 2021 3483 198 2447 3568 198 2472 2542 204 2355 2415 193 2220 2417 170 2356 2416 127 826 3569 155 2220 2417 170 2355 2415 193 1835 1866 169 826 3569 155 2355 2415 193 2441 2510 108 1764 2512 161 2442 2511 223 3243 3570 135 1764 2512 161 2441 2510 108 77 77 47 3243 3570 135 2441 2510 108 2545 2631 139 2547 2633 214 2546 2632 138 3014 3571 151 2547 2633 214 2545 2631 139 682 683 8 3014 3571 151 2545 2631 139 2639 2731 50 1056 1066 48 2640 2732 161 1054 1064 100 1056 1066 48 2639 2731 50 1052 1062 101 1054 1064 100 2639 2731 50 3275 3572 56 79 79 49 77 77 47 2337 2391 58 79 79 49 3275 3572 56 2441 2510 108 2337 2391 58 3275 3572 56 3276 3573 146 92 92 58 94 94 60 1837 1868 62 92 92 58 3276 3573 146 2088 2131 107 1837 1868 62 3276 3573 146 3277 3574 215 1147 1157 47 638 639 131 2351 2411 70 1147 1157 47 3277 3574 215 640 641 47 2351 2411 70 3277 3574 215 2374 2441 156 2376 2443 229 2375 2442 4 2843 3575 150 2376 2443 229 2374 2441 156 1478 3419 228 2843 3575 150 2374 2441 156 1559 1577 167 1561 1579 172 1560 1578 94 3248 3576 171 1561 1579 172 1559 1577 167 2836 3305 21 3248 3576 171 1559 1577 167 2632 2722 105 2210 2254 105 2633 2723 105 2967 3167 105 2210 2254 105 2632 2722 105 2056 2099 54 2967 3167 105 2632 2722 105 3278 3577 105 168 168 103 1156 1167 103 170 170 105 168 168 103 3278 3577 105 2053 2096 105 170 170 105 3278 3577 105 3279 3578 145 770 774 53 772 776 99 2632 2722 105 770 774 53 3279 3578 145 2056 2099 54 2632 2722 105 3279 3578 145 3280 3579 65 2038 2080 55 183 183 97 1276 1289 144 2038 2080 55 3280 3579 65 185 185 96 1276 1289 144 3280 3579 65 3281 3580 175 2769 2885 182 1561 2887 172 2842 2987 26 2769 2885 182 3281 3580 175 2840 2985 138 2842 2987 26 3281 3580 175 3282 3581 69 506 506 197 508 508 188 1611 1633 167 506 506 197 3282 3581 69 2676 2770 117 1611 1633 167 3282 3581 69 3283 3582 122 1053 1063 60 1551 1567 110 1055 1065 122 1053 1063 60 3283 3582 122 1060 1070 125 1055 1065 122 3283 3582 122 3284 3583 177 2405 2474 116 2246 2293 170 2078 2121 147 2405 2474 116 3284 3583 177 2076 2119 143 2078 2121 147 3284 3583 177 3285 3584 68 1834 1864 69 1835 1866 169 2352 2412 116 1834 1864 69 3285 3584 68 2355 2415 193 2352 2412 116 3285 3584 68 3286 3585 1 1682 1705 9 38 38 17 1684 1707 14 1682 1705 9 3286 3585 1 36 36 15 1684 1707 14 3286 3585 1 3287 3586 170 2581 2670 172 57 57 33 2584 2673 32 2581 2670 172 3287 3586 170 59 59 35 2584 2673 32 3287 3586 170 606 607 151 608 609 34 607 608 36 2815 3587 30 608 609 34 606 607 151 1111 3314 82 2815 3587 30 606 607 151 3288 3588 125 1025 1033 125 1188 1199 96 1027 1035 125 1025 1033 125 3288 3588 125 1032 1040 135 1027 1035 125 3288 3588 125 3289 3589 37 370 370 173 368 368 92 960 964 172 370 370 173 3289 3589 37 963 967 176 960 964 172 3289 3589 37 3290 3590 214 1251 1264 184 1249 1262 182 600 601 186 1251 1264 184 3290 3590 214 602 603 32 600 601 186 3290 3590 214 3291 3591 160 2997 3201 218 1239 1252 218 1246 1259 128 2997 3201 218 3291 3591 160 1241 1254 70 1246 1259 128 3291 3591 160 3292 3592 66 1233 1246 221 1235 1248 66 2311 2364 135 1233 1246 221 3292 3592 66 1235 1248 66 2311 2364 135 3292 3592 66 3293 3593 129 2652 2745 116 2226 2272 160 2755 2869 32 2652 2745 116 3293 3593 129 2224 2270 128 2755 2869 32 3293 3593 129 3294 3594 80 2963 3161 79 2455 2526 10 1786 1816 229 2963 3161 79 3294 3594 80 1784 1814 211 1786 1816 229 3294 3594 80 3295 3595 227 1460 1475 84 1455 1470 227 1655 1677 226 1460 1475 84 3295 3595 227 1453 1468 226 1655 1677 226 3295 3595 227 3296 3596 13 133 133 22 128 128 24 126 126 83 133 133 22 3296 3596 13 128 128 24 126 126 83 3296 3596 13 3297 3597 175 1205 1216 185 1203 1214 35 1324 1337 174 1205 1216 185 3297 3597 175 1326 1339 204 1324 1337 174 3297 3597 175 3298 3598 35 1538 1554 169 1540 1556 138 2277 2326 198 1538 1554 169 3298 3598 35 2279 2328 169 2277 2326 198 3298 3598 35 3299 3599 34 1808 1838 154 1350 1363 39 2975 3179 34 1808 1838 154 3299 3599 34 1348 1361 82 2975 3179 34 3299 3599 34 3300 3600 138 2799 2923 24 2386 2453 213 1399 1412 174 2799 2923 24 3300 3600 138 1401 1414 35 1399 1412 174 3300 3600 138 3301 3601 173 1795 1825 87 1506 1522 85 1793 1823 198 1795 1825 87 3301 3601 173 1504 1520 183 1793 1823 198 3301 3601 173 3302 3602 7 2365 2428 19 1507 1523 24 2363 2426 86 2365 2428 19 3302 3602 7 1509 1525 86 2363 2426 86 3302 3602 7 3303 3603 83 1014 1019 27 1009 1014 36 1675 1698 13 1014 1019 27 3303 3603 83 1007 1012 83 1675 1698 13 3303 3603 83 3304 3604 169 1863 1895 71 1206 1217 35 1208 1219 153 1863 1895 71 3304 3604 169 1206 1217 35 1208 1219 153 3304 3604 169 3305 3605 81 2234 2280 151 2232 2278 26 1347 1360 154 2234 2280 151 3305 3605 81 1345 1358 26 1347 1360 154 3305 3605 81 3306 3606 13 2433 2502 13 33 33 13 2621 2711 13 2433 2502 13 3306 3606 13 35 35 13 2621 2711 13 3306 3606 13 1724 1750 4 1727 1753 206 1726 1752 29 3307 3607 240 1727 1753 206 1724 1750 4 2684 2780 239 3307 3607 240 1724 1750 4 2527 2609 191 2529 2612 71 2528 2610 180 3245 3608 213 2529 2612 71 2527 2609 191 2496 2954 170 3245 3608 213 2527 2609 191 1696 1719 202 1692 1715 24 1694 1717 205 609 3609 27 1692 1715 24 1696 1719 202 365 3335 24 609 3609 27 1696 1719 202 2396 2464 8 2399 2467 0 2398 2466 78 3308 3610 0 2399 2467 0 2396 2464 8 2773 2891 0 3308 3610 0 2396 2464 8 2682 2778 3 2684 2780 239 2683 2779 79 3309 3611 0 2684 2780 239 2682 2778 3 1704 1727 0 3309 3611 0 2682 2778 3 3310 3612 57 2649 2742 131 2647 2740 59 976 980 123 2649 2742 131 3310 3612 57 978 982 103 976 980 123 3310 3612 57 3311 3613 8 2682 2778 3 2578 2667 157 1704 1727 0 2682 2778 3 3311 3613 8 1702 1725 89 1704 1727 0 3311 3613 8 3312 3614 211 1695 1718 201 1693 1716 5 2858 3008 91 1695 1718 201 3312 3614 211 2007 2046 10 2858 3008 91 3312 3614 211 3313 3615 164 1033 1041 135 1281 1294 66 2428 2497 208 1033 1041 135 3313 3615 164 1283 1296 160 2428 2497 208 3313 3615 164 2510 2588 155 2513 2592 34 2512 2590 31 1956 3616 39 2513 2592 34 2510 2588 155 1353 1366 15 1956 3616 39 2510 2588 155 399 399 33 395 395 173 397 397 30 534 3617 153 395 395 173 399 399 33 533 3359 153 534 3617 153 399 399 33 2702 2804 23 2216 2801 29 2700 2802 82 3314 3618 26 2216 2801 29 2702 2804 23 3038 3251 86 3314 3618 26 2702 2804 23 3315 3619 183 697 698 37 699 700 15 1390 1403 140 697 698 37 3315 3619 183 1393 1406 153 1390 1403 140 3315 3619 183 3316 3620 147 818 822 193 816 820 93 1069 1079 95 818 822 193 3316 3620 147 816 820 93 1069 1079 95 3316 3620 147 2853 3003 7 3014 3224 151 682 3001 8 3013 3223 154 3014 3224 151 2853 3003 7 3317 3621 152 3013 3223 154 2853 3003 7 2534 2618 193 2536 2620 138 2535 2619 69 2665 3622 139 2536 2620 138 2534 2618 193 2664 3342 39 2665 3622 139 2534 2618 193 3318 3623 143 805 809 138 690 691 197 807 811 114 805 809 138 3318 3623 143 688 689 114 807 811 114 3318 3623 143 2531 2615 176 2533 2617 159 2532 2616 198 3090 3624 151 2533 2617 159 2531 2615 176 3091 3346 153 3090 3624 151 2531 2615 176 722 726 189 726 730 33 724 728 178 2750 3625 151 726 730 33 722 726 189 3038 3352 86 2750 3625 151 722 726 189 266 266 95 262 262 143 264 264 118 3047 3626 35 262 262 143 266 266 95 2166 2210 189 3047 3626 35 266 266 95 277 277 54 281 281 54 279 279 49 1385 1398 54 281 281 54 277 277 54 1383 1396 52 1385 1398 54 277 277 54 2317 2370 212 2321 2374 0 2319 2372 0 115 3627 78 2321 2374 0 2317 2370 212 114 1803 8 115 3627 78 2317 2370 212 2321 2374 0 2964 3628 0 2323 2376 229 117 3629 80 2964 3628 0 2321 2374 0 115 3627 78 117 3629 80 2321 2374 0 1491 1506 182 1495 1510 156 1493 1508 36 2812 3630 88 1495 1510 156 1491 1506 182 1775 2738 22 2812 3630 88 1491 1506 182 2644 2736 140 1775 2738 22 2645 2737 174 1774 3631 154 1775 2738 22 2644 2736 140 2796 2976 214 1774 3631 154 2644 2736 140 3319 3632 73 1484 1499 163 2796 2976 214 1486 1501 114 1484 1499 163 3319 3632 73 2644 2736 140 1486 1501 114 3319 3632 73 2823 2962 29 749 2966 151 2825 2964 159 751 3633 82 749 2966 151 2823 2962 29 752 2904 182 751 3633 82 2823 2962 29 3320 3634 16 2823 2962 29 423 2960 30 752 2904 182 2823 2962 29 3320 3634 16 2781 2902 204 752 2904 182 3320 3634 16 3321 3635 75 2773 2891 0 2396 2464 8 2258 2307 26 2773 2891 0 3321 3635 75 2260 2309 202 2258 2307 26 3321 3635 75 3322 3636 50 1052 1062 101 2639 2731 50 240 240 126 1052 1062 101 3322 3636 50 242 242 135 240 240 126 3322 3636 50 3323 3637 187 825 1741 169 2283 2332 169 1716 1739 189 825 1741 169 3323 3637 187 2283 2332 169 1716 1739 189 3323 3637 187 3324 3638 115 1894 1929 115 2672 2766 180 1896 1931 138 1894 1929 115 3324 3638 115 2670 2764 170 1896 1931 138 3324 3638 115 3325 3639 72 2436 2505 113 1659 1681 68 2764 2879 92 2436 2505 113 3325 3639 72 1657 1679 68 2764 2879 92 3325 3639 72 3326 3640 155 1521 1537 141 1516 1532 183 2694 2793 87 1521 1537 141 3326 3640 155 1514 1530 173 2694 2793 87 3326 3640 155 3327 3641 167 1084 1094 74 1082 1092 220 1942 1978 137 1084 1094 74 3327 3641 167 1944 1980 136 1942 1978 137 3327 3641 167 3328 3642 72 442 442 116 437 437 76 1134 1144 73 442 442 116 3328 3642 72 1139 1149 192 1134 1144 73 3328 3642 72 3329 3643 191 426 426 177 416 416 188 431 431 190 426 426 177 3329 3643 191 414 414 176 431 431 190 3329 3643 191 3330 3644 34 2362 2425 29 1982 2020 82 2520 2600 39 2362 2425 29 3330 3644 34 1984 2022 30 2520 2600 39 3330 3644 34 3331 3645 129 733 737 74 735 739 197 1901 1936 196 733 737 74 3331 3645 129 1903 1938 73 1901 1936 196 3331 3645 129 3332 3646 115 2496 2954 170 2527 2609 191 2574 2663 172 2496 2954 170 3332 3646 115 2525 2607 115 2574 2663 172 3332 3646 115 3333 3647 39 1351 1364 155 1353 1366 15 2510 2588 155 1351 1364 155 3333 3647 39 1353 1366 15 2510 2588 155 3333 3647 39 3334 3648 188 712 716 37 2570 2659 140 1142 1152 178 712 716 37 3334 3648 188 1140 1150 180 1142 1152 178 3334 3648 188 3335 3649 153 1537 1553 174 1535 1551 153 1810 1840 85 1537 1553 174 3335 3649 153 1535 1551 153 1810 1840 85 3335 3649 153 3336 3650 146 637 638 103 91 91 55 1909 1944 222 637 638 103 3336 3650 146 89 89 57 1909 1944 222 3336 3650 146 3337 3651 47 1764 1792 161 1759 1787 74 1761 1789 47 1764 1792 161 3337 3651 47 1759 1787 74 1761 1789 47 3337 3651 47 3338 3652 50 784 788 119 786 790 47 1859 1891 99 784 788 119 3338 3652 50 791 795 47 1859 1891 99 3338 3652 50 3339 3653 204 3029 3240 128 3027 3238 204 3227 3500 37 3029 3240 128 3339 3653 204 477 477 39 685 686 204 1396 1409 30 683 684 37 685 686 204 477 477 39 2561 2649 163 2903 3076 71 2952 3145 191 2902 3075 220 2903 3076 71 2561 2649 163 3340 3654 214 2734 2839 31 3044 3259 141 2732 2837 148 2734 2839 31 3340 3654 214 3043 3258 163 2934 3261 93 3234 3655 163 3045 3260 93 2934 3261 93 3043 3258 163 3342 1928 36 1897 1932 26 3341 3656 27 1895 1930 35 1897 1932 26 3342 1928 36 3344 2813 204 3343 3657 81 2709 2812 84 3345 3658 178 3343 3657 81 3344 2813 204 3343 3657 81 1893 1928 82 3341 3656 27 3345 3658 178 1893 1928 82 3343 3657 81 3346 3659 85 2713 2816 192 2711 2814 84 3236 3513 82 2713 2816 192 3346 3659 85 2131 2175 165 2135 2179 162 2651 2744 96 2133 2177 162 2135 2179 162 2131 2175 165 539 539 5 543 543 21 541 541 205 574 574 157 543 543 21 539 539 5 3347 3660 31 1803 1833 129 1805 1835 214 2098 2141 36 1803 1833 129 3347 3660 31 1994 2033 82 1042 1052 30 1043 1053 152 1996 2035 141 1042 1052 30 1994 2033 82 3348 1876 231 2098 2141 36 1843 1875 231 2099 2142 113 2098 2141 36 3348 1876 231 3349 3661 12 1847 1879 188 1845 1877 26 2894 3067 91 1847 1879 188 3349 3661 12 3043 3510 163 3236 3513 82 3042 3662 153 3235 3512 129 3236 3513 82 3043 3510 163 294 2840 147 2132 2176 167 2130 2174 51 2733 2838 32 2132 2176 167 294 2840 147 3350 3663 224 1981 2019 83 1979 2017 234 3057 3275 158 1981 2019 83 3350 3663 224 3352 2016 199 3035 3247 228 3351 2015 77 3034 3246 22 3035 3247 228 3352 2016 199 3353 3664 0 1307 1320 151 1305 1318 224 2149 2193 42 1307 1320 151 3353 3664 0 3355 1317 205 3057 3275 158 3354 1316 41 3056 3274 24 3057 3275 158 3355 1317 205 2905 3079 73 1245 3665 94 1665 3090 168 1246 3077 128 1245 3665 94 2905 3079 73 3357 1885 32 2149 2193 42 3356 1887 78 2150 2194 31 2149 2193 42 3357 1885 32 1363 1376 205 1946 1983 142 1366 1379 75 1361 1374 13 1946 1983 142 1363 1376 205 3358 3666 174 1799 1829 147 2690 2789 32 1797 1827 185 1799 1829 147 3358 3666 174 2102 2145 71 2100 2143 190 2101 2144 138 2689 2788 192 2100 2143 190 2102 2145 71 2326 2379 119 3234 3667 163 2934 3120 93 2328 2381 129 3234 3667 163 2326 2379 119 861 865 90 865 869 9 863 867 206 1365 1378 8 865 869 9 861 865 90 1790 1820 196 1800 1830 128 1798 1828 74 1788 1818 193 1800 1830 128 1790 1820 196 2243 3668 194 2668 2762 69 329 329 160 2244 3481 194 2668 2762 69 2243 3668 194 480 480 30 476 476 30 478 478 30 3205 3471 30 476 476 30 480 480 30 3345 3658 178 1891 1926 113 1893 1928 82 2710 2813 187 1891 1926 113 3345 3658 178 2946 3139 129 1891 1926 113 2710 2813 187 1887 1922 115 1891 1926 113 2946 3139 129 1936 1971 94 1932 1967 143 1934 1969 143 2343 3496 113 1932 1967 143 1936 1971 94 3359 3669 36 1890 1925 180 1888 1923 34 3360 3670 22 1890 1925 180 3359 3669 36 223 223 129 219 219 125 221 221 127 261 3436 93 219 219 125 223 223 129 3363 1922 204 3362 3671 184 3361 1921 18 2948 3141 69 3362 3671 184 3363 1922 204 3059 3279 82 129 129 85 131 131 27 1919 1954 30 129 129 85 3059 3279 82 2708 2811 191 3364 3672 213 1739 1765 184 1890 1925 180 3364 3672 213 2708 2811 191 3366 1765 22 3360 3670 22 3365 3673 25 3364 3672 213 3360 3670 22 3366 1765 22 335 335 125 331 331 161 2648 2741 161 333 333 162 331 331 161 335 335 125 3367 3674 228 2122 2166 84 2918 3098 237 2123 2167 232 2122 2166 84 3367 3674 228 2533 3100 159 2917 3097 212 2919 3099 86 3090 3317 151 2917 3097 212 2533 3100 159 3369 3097 6 1744 1770 79 3368 3096 235 3092 3319 31 1744 1770 79 3369 3097 6 730 1908 176 1873 1905 187 1875 1907 71 728 2159 138 1873 1905 187 730 1908 176 2936 3675 115 1447 1462 144 1448 1463 207 2900 3112 188 1447 1462 144 2936 3675 115 2929 3155 183 2961 3158 44 2928 3676 156 2960 3157 183 2961 3158 44 2929 3155 183 2897 3124 35 2938 3127 26 2896 3677 28 2937 3126 213 2938 3127 26 2897 3124 35 3370 3678 156 1461 1476 88 1463 1478 156 3107 3339 156 1461 1476 88 3370 3678 156 1449 3679 115 2565 2654 204 1448 3125 207 1450 2652 191 2565 2654 204 1449 3679 115 3013 3680 154 1464 1479 151 3270 3559 30 3317 3681 152 1464 1479 151 3013 3680 154 2774 2894 13 3371 3682 241 2776 2896 5 2930 3115 156 3371 3682 241 2774 2894 13 294 294 147 290 290 118 292 292 64 2130 3502 51 290 290 118 294 294 147 1456 1471 226 1774 1804 154 2796 2920 214 1458 1473 15 1774 1804 154 1456 1471 226 2929 3114 183 1752 3117 141 2959 3683 153 2931 3116 185 1752 3117 141 2929 3114 183 3107 3339 156 1781 1811 75 3106 3338 25 3372 3684 156 1781 1811 75 3107 3339 156 1777 1807 24 1459 1474 86 1461 1476 88 1458 1473 15 1459 1474 86 1777 1807 24 3052 3685 228 2808 2937 156 2965 3164 80 1926 2939 10 2808 2937 156 3052 3685 228 1574 3166 10 2458 2529 4 2966 3165 1 1496 3686 8 2458 2529 4 1574 3166 10 1496 3686 8 2456 2527 42 2458 2529 4 1495 2944 156 2456 2527 42 1496 3686 8 1217 1228 106 1221 1232 146 1549 1565 102 1219 1230 58 1221 1232 146 1217 1228 106 2720 2825 203 3373 3687 19 2722 2827 20 2898 3071 25 3373 3687 19 2720 2825 203 2897 3070 35 2900 3073 188 2936 3688 115 2899 3072 171 2900 3073 188 2897 3070 35 830 834 97 210 210 121 208 208 117 828 832 132 210 210 121 830 834 97 1223 1234 55 1226 1238 103 1550 1566 104 1225 1236 146 1226 1238 103 1223 1234 55 654 655 8 2706 3689 94 1194 2931 124 656 657 69 2706 3689 94 654 655 8 2880 3690 99 1758 1786 48 1756 1784 48 1860 1892 99 1758 1786 48 2880 3690 99 2923 3691 125 2560 2648 118 2562 2650 167 3374 3692 111 2560 2648 118 2923 3691 125 255 255 140 2519 3693 39 2521 3169 185 257 257 13 2519 3693 39 255 255 140 258 258 141 254 254 139 2187 2231 18 256 256 18 254 254 139 258 258 141 1191 2934 126 1831 1861 178 3073 3295 180 2503 3694 197 1831 1861 178 1191 2934 126 1825 3695 197 1589 1608 50 1587 1606 215 1824 2072 70 1589 1608 50 1825 3695 197 1278 1874 128 1840 1871 218 1842 1873 67 187 3296 94 1840 1871 218 1278 1874 128 3375 1614 28 2035 2077 154 1597 1616 203 2033 2075 116 2035 2077 154 3375 1614 28 2868 3032 159 2874 3035 229 2867 3696 10 2873 3034 151 2874 3035 229 2868 3032 159 3250 3697 129 2126 2170 178 2469 3033 72 2128 2172 168 2126 2170 178 3250 3697 129 2225 2271 67 789 793 124 787 791 144 2227 2273 174 789 793 124 2225 2271 67 783 787 136 3376 3698 187 2753 2867 175 781 785 38 3376 3698 187 783 787 136 2171 2215 67 246 246 95 2638 2730 209 2173 2217 70 246 246 95 2171 2215 67 2422 3699 169 2339 2393 185 2864 3433 154 2342 2396 178 2339 2393 185 2422 3699 169 2735 2844 177 3377 3700 154 2737 2846 159 2869 3026 159 3377 3700 154 2735 2844 177 2868 3025 159 938 3028 194 2470 3701 72 2870 3027 197 938 3028 194 2868 3025 159 2273 3702 228 2345 2399 168 2271 3424 35 2274 2401 235 2345 2399 168 2273 3702 228 846 2094 189 2048 2090 73 2050 2092 116 847 3423 92 2048 2090 73 846 2094 189 754 758 64 758 762 106 2213 2257 106 756 760 64 758 762 106 754 758 64 1976 2014 79 1973 2011 79 1975 2013 79 1476 3418 201 1973 2011 79 1976 2014 79 2052 3703 184 2866 3022 184 2864 3020 154 2547 3222 214 2866 3022 184 2052 3703 184 953 957 182 3378 3704 155 2862 3242 155 955 959 153 3378 3704 155 953 957 182 1357 1993 185 1952 1989 204 1954 1991 204 1358 3482 187 1952 1989 204 1357 1993 185 2485 3705 8 2412 2481 79 2606 3416 87 2414 2483 8 2412 2481 79 2485 3705 8 2073 2116 45 2069 2112 9 2071 2114 89 2605 3415 87 2069 2112 9 2073 2116 45 3253 3706 8 2483 2555 8 2481 2553 4 1601 3707 8 2483 2555 8 3253 3706 8 2032 3052 113 1822 1852 102 2882 3050 110 2031 3708 191 1822 1852 102 2032 3052 113 323 323 151 2800 3709 6 2801 3138 235 325 325 156 2800 3709 6 323 323 151 769 773 217 773 777 120 771 775 47 1420 1435 74 773 777 120 769 773 217 1172 1183 68 1176 1187 194 1174 1185 68 2401 2470 200 1176 1187 194 1172 1183 68 2240 2286 215 330 3710 149 2836 3305 21 329 2288 160 330 3710 149 2240 2286 215 1278 1291 128 1275 1288 67 1277 1290 181 113 3306 77 1275 1288 67 1278 1291 128 2415 3711 8 2483 2555 8 1601 3707 8 2414 2557 8 2483 2555 8 2415 3711 8 557 557 21 609 3712 27 608 2947 34 559 559 32 609 3712 27 557 557 21 3379 3713 8 1870 1902 183 1868 1900 10 3128 3368 157 1870 1902 183 3379 3713 8 3278 3577 105 2212 2256 105 2053 2096 105 1156 1167 103 2212 2256 105 3278 3577 105 2480 3714 156 1605 1627 0 2481 3538 4 2 2781 1 1605 1627 0 2480 3714 156 1608 1630 6 1604 1626 6 1606 1628 6 2199 2243 6 1604 1626 6 1608 1630 6 2391 2459 89 44 44 23 42 42 21 2379 2446 87 44 44 23 2391 2459 89 585 3012 3 71 71 42 2860 3010 8 1671 3715 9 71 71 42 585 3012 3 56 56 32 3205 3716 30 480 3256 30 54 54 16 3205 3716 30 56 56 32 2264 3717 17 2358 2420 15 2262 3469 26 2265 2423 201 2358 2420 15 2264 3717 17 3380 1899 242 2123 2167 232 1866 1898 232 2121 2165 45 2123 2167 232 3380 1899 242 811 815 69 465 465 168 2544 2630 147 809 813 126 465 465 168 811 815 69 386 386 170 382 382 178 966 970 169 384 384 114 382 382 178 386 386 170 940 944 153 944 948 174 942 946 184 1042 1052 30 944 948 174 940 944 153 461 461 95 1076 1086 118 1075 1085 162 459 459 65 1076 1086 118 461 461 95 897 3718 143 1641 1663 197 659 3121 143 1642 1664 191 1641 1663 197 897 3718 143 3381 3719 3 2818 2952 204 2817 2951 205 3132 3374 8 2818 2952 204 3381 3719 3 3383 2662 28 3128 3368 157 3382 2950 19 3127 3367 92 3128 3368 157 3383 2662 28 687 688 176 691 692 143 1392 1405 140 689 690 114 691 692 143 687 688 176 2253 2302 25 1110 3720 202 1111 3314 82 2254 2303 22 1110 3720 202 2253 2302 25 2884 3721 213 2034 2076 114 2032 2074 113 778 3399 140 2034 2076 114 2884 3721 213 1186 1197 208 1189 1200 74 1187 1198 124 2504 2582 147 1189 1200 74 1186 1197 208 392 392 139 388 388 115 970 974 85 390 390 126 388 388 115 392 392 139 380 380 71 376 376 175 962 966 213 378 378 37 376 376 175 380 380 71 597 598 171 593 594 191 595 596 178 2250 2299 178 593 594 191 597 598 171 548 548 187 545 545 34 3192 3456 184 546 546 155 545 545 34 548 548 187 1288 1301 192 1285 1298 76 1286 1299 179 2757 2871 168 1285 1298 76 1288 1301 192 2697 2797 185 2388 2456 180 2390 2458 33 2696 2796 179 2388 2456 180 2697 2797 185 2576 2665 169 1872 1904 204 1870 1902 183 1874 1906 171 1872 1904 204 2576 2665 169 2485 2558 8 1961 1999 20 1959 1997 23 2606 2696 87 1961 1999 20 2485 2558 8 2482 2554 8 4 4 3 2 2 1 2192 2236 3 4 4 3 2482 2554 8 1607 1629 6 2687 2786 6 1609 1631 6 2685 2784 6 2687 2786 6 1607 1629 6 3265 3722 0 2686 2785 6 1 2783 0 2941 3130 0 2686 2785 6 3265 3722 0 3384 3723 6 2292 2345 6 2294 2347 6 2939 3128 6 2292 2345 6 3384 3723 6 2957 3173 6 2972 3176 24 2958 3724 6 2971 3175 78 2972 3176 24 2957 3173 6 563 3725 78 2743 2852 78 565 3174 78 2745 2854 78 2743 2852 78 563 3725 78 855 859 24 859 863 25 857 861 86 1362 1375 26 859 863 25 855 859 24 2695 2795 94 2310 2363 124 2312 2365 96 1229 1242 69 2310 2363 124 2695 2795 94 1733 2857 0 2982 3186 229 2980 3184 12 2366 3324 0 2982 3186 229 1733 2857 0 423 423 30 419 419 138 421 421 71 2822 3348 151 419 419 138 423 423 30 873 877 130 492 492 101 494 494 63 875 879 109 492 492 101 873 877 130 1769 1797 6 3385 3726 6 2727 2832 6 1767 1795 6 3385 3726 6 1769 1797 6 1729 1755 148 1732 1758 211 1731 1757 212 2368 2433 206 1732 1758 211 1729 1755 148 2202 2246 6 2204 2248 9 2203 2247 211 2593 2683 6 2204 2248 9 2202 2246 6 933 937 118 2410 3727 217 2923 3105 125 935 939 196 2410 3727 217 933 937 118 797 801 120 801 805 144 1763 1791 117 799 803 66 801 805 144 797 801 120 260 3110 19 1503 1519 28 2926 3109 23 3274 3728 26 1503 1519 28 260 3110 19 3386 3729 31 2837 2982 207 3039 3252 19 2839 2984 85 2837 2982 207 3386 3729 31 332 3254 156 2451 2522 15 3040 3253 174 2474 3730 214 2451 2522 15 332 3254 156 2029 2070 5 2026 2067 85 2028 2069 39 3124 3364 90 2026 2067 85 2029 2070 5 3387 3731 90 2448 2519 183 3125 3365 2 2452 2523 201 2448 2519 183 3387 3731 90 2281 2330 175 1544 1560 18 2629 2719 183 2987 3191 172 1544 1560 18 2281 2330 175 1655 3220 226 3013 3223 154 3270 3732 30 3012 3221 185 3013 3223 154 1655 3220 226 1709 1732 175 3388 3733 28 2771 2889 40 1707 1730 82 3388 3733 28 1709 1732 175 1649 1671 198 1652 1674 171 1651 1673 37 2424 2493 173 1652 1674 171 1649 1671 198 2970 3734 78 567 567 149 565 565 78 2784 2906 78 567 567 149 2970 3734 78 3038 3251 86 2749 2861 29 2750 2863 151 3037 3250 159 2749 2861 29 3038 3251 86 491 491 63 1929 1964 118 493 493 50 489 489 122 1929 1964 118 491 491 63 726 2862 33 2523 2603 24 727 2605 18 2748 2860 141 2523 2603 24 726 2862 33 3033 3245 0 1699 1722 212 3032 3244 6 3389 3735 0 1699 1722 212 3033 3245 0 2009 2048 3 2006 2045 42 2008 2047 201 3101 3331 201 2006 2045 42 2009 2048 3 3390 3736 0 2003 2042 158 2001 2040 0 2857 3007 0 2003 2042 158 3390 3736 0 1357 1370 185 1353 1366 15 1355 1368 184 1956 3616 39 1353 1366 15 1357 1370 185 2437 2506 191 1661 1683 194 2435 2504 129 3145 3389 179 1661 1683 194 2437 2506 191 363 3737 86 2579 2668 202 362 1742 13 365 3335 24 2579 2668 202 363 3737 86 3009 3217 19 1811 1841 155 3008 3216 33 3391 3738 25 1811 1841 155 3009 3217 19 2993 3197 3 1633 1655 182 2991 3195 173 3392 3739 17 1633 1655 182 2993 3197 3 1722 1748 149 1719 1744 25 2681 2777 157 1720 1746 26 1719 1744 25 1722 1748 149 2996 3200 142 1209 1220 39 2995 3199 141 3393 3740 20 1209 1220 39 2996 3200 142 1337 1350 30 3140 3384 33 1629 1651 81 1335 1348 32 3140 3384 33 1337 1350 30 1330 1343 186 2276 2325 35 2278 2327 37 1328 1341 92 2276 2325 35 1330 1343 186 3394 3741 1 1344 1357 81 1342 1355 150 2974 3178 89 1344 1357 81 3394 3741 1 2511 2589 33 2236 2282 85 2237 2283 33 2678 2772 13 2236 2282 85 2511 2589 33 3143 3387 28 1546 1562 175 1548 1564 83 3144 3388 92 1546 1562 175 3143 3387 28 2256 3382 19 2254 2409 22 2255 3742 75 3139 3383 83 2254 2409 22 2256 3382 19 846 850 189 842 846 185 844 848 35 2052 3432 184 842 846 185 846 850 189 2889 3060 13 1300 1313 13 1302 1315 32 2888 3059 13 1300 1313 13 2889 3060 13 1301 1314 32 1297 1310 32 2583 2672 32 1299 1312 32 1297 1310 32 1301 1314 32 892 896 93 232 232 95 234 234 134 230 230 97 232 232 95 892 896 93 1466 3743 156 2853 3003 7 2855 3005 156 3317 3621 152 2853 3003 7 1466 3743 156 2959 3744 153 1750 1776 210 2871 3029 155 1752 1778 141 1750 1776 210 2959 3744 153 2854 3004 156 2849 2997 26 2851 2999 25 2852 3002 142 2849 2997 26 2854 3004 156 1996 2035 141 944 948 174 1042 1052 30 3169 3427 139 944 948 174 1996 2035 141 2850 2998 25 2845 2991 201 2847 2993 25 2848 2996 40 2845 2991 201 2850 2998 25 3395 3745 36 2623 2713 138 2625 2715 84 3160 3411 13 2623 2713 138 3395 3745 36 449 449 32 445 445 177 447 447 177 1988 3341 31 445 445 177 449 449 32 1408 1421 213 1404 1417 200 1406 1419 193 2624 2714 140 1404 1417 200 1408 1421 213 825 829 169 821 825 113 823 827 214 1717 3468 152 821 825 113 825 829 169 1320 1981 115 1941 1977 69 1943 1979 136 1321 3345 169 1941 1977 69 1320 1981 115 3004 3746 24 2548 2634 92 2824 3349 83 2550 2636 25 2548 2634 92 3004 3746 24 1926 1961 10 1922 1957 86 1924 1959 152 3052 3269 228 1922 1957 86 1926 1961 10 1106 1116 2 1102 1112 19 1104 1114 202 1418 1431 2 1102 1112 19 1106 1116 2 2215 2259 39 3314 3747 26 3038 3352 86 2216 2260 29 3314 3747 26 2215 2259 39 2846 2992 89 1480 1495 206 1482 1497 229 2844 2990 6 1480 1495 206 2846 2992 89 2333 3748 184 2118 2162 141 2116 2160 185 2334 2901 184 2118 2162 141 2333 3748 184 151 3749 18 2767 2882 85 150 3135 37 153 2884 92 2767 2882 85 151 3749 18 3396 3750 207 1232 1245 162 1230 1243 115 2762 2877 171 1232 1245 162 3396 3750 207 1385 1398 54 283 283 54 281 281 54 285 285 54 283 283 54 1385 1398 54 2487 2560 31 2309 3751 214 533 3359 153 2308 2562 139 2309 3751 214 2487 2560 31 1145 1155 180 410 410 170 710 714 170 1857 1889 115 410 410 170 1145 1155 180 715 719 204 711 715 172 2679 2775 187 713 717 186 711 715 172 715 719 204 2560 3202 118 2314 2367 161 2315 2368 161 3374 3752 111 2314 2367 161 2560 3202 118 3397 3753 224 2318 2371 0 2320 2373 229 2834 2978 229 2318 2371 0 3397 3753 224 1645 3754 170 732 736 136 730 734 176 1646 2974 37 732 736 136 1645 3754 170 2923 3755 125 2314 2367 161 3374 3752 111 2410 3756 217 2314 2367 161 2923 3755 125 2886 3757 19 1472 1487 23 1474 1489 205 2541 3376 19 1472 1487 23 2886 3757 19 1566 1584 155 3273 3758 2 1564 1582 23 1571 1589 1 3273 3758 2 1566 1584 155 747 751 169 1567 1585 138 1565 1583 92 745 749 35 1567 1585 138 747 751 169 911 915 2 2010 3759 149 868 3037 219 913 917 1 2010 3759 149 911 915 2 564 564 10 2745 3063 78 563 563 78 2891 3062 149 2745 3063 78 564 564 10 2410 3756 217 2312 2365 96 2314 2367 161 1181 3394 166 2312 2365 96 2410 3756 217 2999 3205 185 3132 3374 8 3398 3204 87 3131 3373 203 3132 3374 8 2999 3205 185 2719 3042 37 2164 2208 137 2877 3040 112 3240 3760 204 2164 2208 137 2719 3042 37 76 2909 46 1669 1691 228 3186 3450 158 75 3761 45 1669 1691 228 76 2909 46 742 746 186 1488 1503 37 3130 3370 174 740 744 170 1488 1503 37 742 746 186 508 3209 188 2999 3205 185 3001 3207 115 507 3371 174 2999 3205 185 508 3209 188 2168 2212 177 2172 2216 94 2170 2214 70 2186 2230 113 2172 2216 94 2168 2212 177 887 891 216 3068 3290 107 889 893 132 1911 1946 57 3068 3290 107 887 891 216 2948 3141 69 3002 3208 94 3362 3671 184 2947 3140 94 3002 3208 94 2948 3141 69 3399 3762 185 3002 3208 94 3000 3206 7 3362 3671 184 3002 3208 94 3399 3762 185 2789 2912 155 2384 3763 30 2383 2914 31 2871 3156 155 2384 3763 30 2789 2912 155 1564 3213 23 2826 2965 27 1563 2967 27 3005 3212 21 2826 2965 27 1564 3213 23 1338 1351 1 1334 1347 39 1336 1349 16 3177 3439 8 1334 1347 39 1338 1351 1 958 1919 176 1883 1916 213 1884 1917 170 1991 2725 178 1883 1916 213 958 1919 176 1515 1531 185 1885 1918 92 1513 1529 139 1517 1533 203 1885 1918 92 1515 1531 185 1880 1913 174 3400 3764 21 2692 2791 205 1878 1911 27 3400 3764 21 1880 1913 174 3401 3765 10 1673 1696 7 1672 1695 6 3197 3461 14 1673 1696 7 3401 3765 10 2063 2106 148 2060 2103 173 2061 2104 151 3101 3473 201 2060 2103 173 2063 2106 148 2299 2352 54 1445 1460 55 2298 2351 54 3219 3490 59 1445 1460 55 2299 2352 54 1991 3766 178 192 192 114 190 190 115 2274 2323 235 192 192 114 1991 3766 178 1636 1658 152 1632 1654 25 1634 1656 31 1674 1697 13 1632 1654 25 1636 1658 152 3328 3642 72 435 435 126 1139 1149 192 437 437 76 435 435 126 3328 3642 72 353 353 127 349 349 168 1114 1124 68 351 351 73 349 349 168 353 353 127 196 196 73 2272 2321 14 3180 3442 73 3181 3443 114 2272 2321 14 196 196 73 2804 2928 91 1020 1028 2 1022 1030 91 2802 2926 206 1020 1028 2 2804 2928 91 2820 2958 91 2803 2927 12 2805 2929 91 2819 2957 237 2803 2927 12 2820 2958 91 1964 2002 234 2604 2694 13 2602 2692 77 1962 2000 13 2604 2694 13 1964 2002 234 2097 2140 91 2095 2138 235 2096 2139 158 3209 3477 91 2095 2138 235 2097 2140 91 3402 3767 91 2392 2460 4 3210 3478 91 2394 2462 91 2392 2460 4 3402 3767 91 262 3083 143 2912 3087 174 2910 3085 176 3047 3263 35 2912 3087 174 262 3083 143 868 872 219 864 868 78 866 870 149 2010 3276 149 864 868 78 868 872 219 2514 3768 30 356 356 30 358 358 154 2513 3133 34 356 356 30 2514 3768 30 914 918 2 910 914 202 1417 1430 26 912 916 2 910 914 202 914 918 2 862 866 157 864 868 78 3058 3278 20 810 814 129 815 819 187 3199 3463 186 514 514 142 1913 1948 88 516 516 7 856 860 152 852 856 85 854 858 81 829 833 119 831 835 47 1624 1646 117 834 838 218 836 840 68 1621 1643 136 211 211 64 213 213 99 2183 2227 99 97 97 63 95 95 61 1146 1156 131 682 683 8 2545 2631 139 3261 3546 214 619 620 179 3266 3551 72 1433 1448 71 1120 1130 116 3262 3547 116 1122 1132 194 1049 1059 79 3271 3560 211 662 663 212 643 644 131 641 642 64 888 892 101 630 631 183 3252 3536 38 3158 3409 203 620 621 68 617 618 147 618 619 93 626 627 191 622 623 127 624 625 115 620 621 68 622 623 127 1125 1135 74 647 648 209 651 652 181 649 650 137 310 310 82 308 308 86 1044 1054 81 474 474 198 476 476 30 3206 3472 30 1993 2032 34 671 672 152 2642 2734 82 1062 1072 126 3061 3281 66 1058 1068 161 1993 2032 34 1997 2036 214 1995 2034 33 665 666 81 667 668 151 3168 3426 29 88 88 56 2551 2637 102 86 86 55 1436 1451 189 2641 2733 39 1438 1453 141 804 808 33 3201 3465 34 2062 2105 82 468 468 193 470 470 197 1113 1123 177 103 103 68 106 106 71 104 104 69 105 105 70 3064 3284 121 100 100 65 103 103 68 101 101 66 1150 1160 74 310 310 82 314 314 30 312 312 29 1149 1159 69 2354 2414 179 1151 1161 143 2059 2102 189 2060 2103 173 3207 3475 203 1828 1858 93 1830 1860 200 3067 3289 136 1132 1142 139 1131 1141 221 1130 1140 136 459 459 65 457 457 48 455 455 144 1218 1229 222 2440 2509 55 1220 1231 222 653 654 115 651 652 181 891 895 70 894 898 170 2245 2292 35 896 900 188 659 660 143 657 658 129 895 899 178 2345 2399 168 2274 2401 235 2346 2400 94 2249 2298 39 2248 2296 139 2977 3181 139 1224 1235 53 1763 2513 117 801 1237 144 1596 1615 175 1592 1611 167 1594 1613 128 958 962 176 956 960 139 1990 2029 139 2483 2555 8 2414 2557 8 2484 2556 8 1079 1089 196 984 988 193 3208 3476 113 650 651 193 3069 3291 72 648 649 210 45 45 24 47 47 26 2148 2192 28 51 51 27 53 53 30 2145 2189 15 1065 1075 18 1063 1073 213 3070 3292 140 952 956 197 956 960 139 954 958 139 71 71 42 1671 3715 9 73 73 43 547 547 39 3194 3458 159 542 542 36 251 251 35 3072 3294 169 249 249 127 68 68 7 70 70 41 3018 3229 17 1642 2295 191 897 901 143 896 900 188 982 986 64 981 985 100 3212 3480 99 11 11 6 13 13 11 3093 3320 231 2587 2676 239 74 74 44 2592 2681 225 82 82 51 84 84 53 86 86 55 1841 1872 118 3062 3282 95 111 111 76 1602 1624 149 1604 1626 6 2201 2245 6 2297 2350 6 2295 2348 235 2956 3151 78 1838 1869 47 1840 1871 218 3074 3298 161 108 108 73 112 112 37 110 110 75 1153 1163 71 2222 2418 187 1155 1165 92 108 108 73 106 106 71 1154 1164 114 2784 3150 78 2970 3769 78 2957 3152 6 1153 1163 71 1152 1162 71 1151 1161 143 1831 1861 178 2503 3694 197 1833 1863 74 82 82 51 1585 2641 110 80 80 50 2594 2684 6 1765 3770 6 1766 2682 6 1224 1235 53 1222 1233 223 1220 1231 222 653 654 115 657 658 129 655 656 201 236 236 133 2077 2120 128 234 234 134 245 245 136 3017 3228 162 243 243 126 2292 2345 6 2939 3128 6 2940 3129 6 2024 2065 172 2026 2067 85 3126 3366 34 2451 2522 15 2474 3730 214 2449 2520 184 236 236 133 237 237 133 239 239 133 98 98 64 2091 2134 101 2092 2135 195 97 97 63 101 101 66 99 99 50 2448 2519 183 2452 2523 201 2450 2521 32 77 77 47 2441 2510 108 3275 3572 56 1543 1559 92 1541 1557 141 2831 2972 153 2088 2131 107 3276 3573 146 94 94 60 19 19 13 3100 3330 13 2588 2677 234 640 641 47 3277 3574 215 638 639 131 1860 3392 99 2880 3047 99 1584 1603 50 2046 2088 136 2048 2090 73 3167 3425 68 164 164 100 162 162 50 1157 1168 64 2587 2676 239 17 17 14 2589 2678 231 301 301 79 303 303 150 305 305 90 2412 2481 79 2414 2483 8 2413 2482 8 298 298 79 302 302 6 300 300 79 761 765 104 2634 2724 104 763 767 109 1294 1307 13 2620 2710 13 1292 1305 92 301 301 79 2415 2484 8 299 299 149 1971 2009 150 1973 2011 79 3165 3420 228 41 41 20 1290 1303 22 1292 1305 92 679 680 8 678 679 75 676 677 17 334 334 163 336 336 124 338 338 70 161 161 98 1558 1576 221 159 159 96 158 158 97 162 162 50 160 160 97 1200 1211 214 1202 1213 213 3159 3410 92 176 176 54 174 174 105 1819 1849 54 949 953 127 3198 3462 71 947 951 178 1413 1426 25 1411 1424 171 2944 3136 18 328 328 159 326 326 157 2084 2127 148 1236 1249 70 1658 1680 128 1238 1251 112 176 176 54 180 180 108 178 178 54 322 322 155 326 326 157 324 324 30 158 158 97 156 156 95 1158 1169 121 1159 1170 121 3075 3299 48 755 759 215 1242 1255 94 1662 1684 74 1244 1257 163 161 161 98 163 163 99 165 165 97 2067 2110 25 2069 2112 9 3164 3417 9 1099 1109 23 1097 1107 40 3195 3459 142 1267 1280 123 1269 1282 130 3077 3301 100 1242 1255 94 1240 1253 112 1238 1251 112 1950 1987 193 1952 1989 204 3213 3484 204 152 152 68 150 150 37 1162 1173 220 1329 1342 153 1334 1347 39 3179 3441 185 155 155 94 157 157 96 159 159 96 679 680 8 2377 2444 42 680 681 211 1881 1914 169 1883 1916 213 2635 2727 207 319 319 151 3163 3414 22 317 317 36 553 553 184 3189 3453 174 551 551 204 1006 1011 152 1008 1013 36 1010 1015 82 1425 1440 195 2408 2477 118 1423 1438 65 767 771 216 1426 1441 106 1424 1439 109 1421 1436 50 2410 2479 217 935 1434 196 1881 1914 169 1877 1910 187 1879 1912 204 298 298 79 296 296 90 1048 1058 79 1163 1174 128 2402 2471 69 1161 1172 124 1179 1190 160 1175 1186 162 1177 1188 69 1163 1174 128 1164 1175 73 2400 2469 113 1209 1220 39 3393 3740 20 1211 1222 142 1179 1190 160 1181 1192 166 2409 2478 67 1421 1436 50 1422 1437 135 1423 1438 65 182 182 110 186 186 112 184 184 111 1822 1852 102 2031 3708 191 1824 1854 70 182 182 110 180 180 108 1823 1853 104 615 616 165 617 618 147 1129 1139 95 1072 1082 118 1077 1087 125 3202 3466 111 2055 2098 131 3079 3303 63 1818 1848 54 155 155 94 1562 1580 189 153 153 92 152 152 68 156 156 95 154 154 93 352 352 169 3214 3485 188 350 350 72 1344 1357 81 2974 3178 89 2976 3180 82 1559 1577 167 1557 1575 208 3080 3304 162 1811 1841 155 3391 3738 25 1813 1843 8 456 456 100 452 452 195 454 454 97 1273 1286 135 1275 1288 67 3081 3307 51 1543 1559 92 1547 1563 81 1545 1561 186 1630 1652 7 1632 1654 25 3196 3460 86 584 584 18 3188 3452 138 582 582 153 173 173 60 3083 3309 106 171 171 106 167 167 102 1554 1572 63 165 165 97 1266 1279 195 2041 2083 106 2043 2085 103 1633 1655 182 3392 3739 17 1635 1657 17 1018 1025 88 1017 1023 142 3200 3464 26 2603 2693 224 2605 2695 87 2073 2956 45 772 776 99 2056 2099 54 3279 3578 145 2603 2693 224 2821 2959 91 2601 2691 91 185 185 96 3280 3579 65 183 183 97 2094 2137 149 2095 2138 235 3211 3479 149 1561 2887 172 2840 2985 138 3281 3580 175 1341 1354 88 2378 2445 88 2379 2446 87 508 508 188 2676 2770 117 3282 3581 69 2392 2460 4 2394 2462 91 2393 2461 17 1551 1567 110 1060 1070 125 3283 3582 122 789 793 124 2227 2273 174 3028 3239 94 2246 2293 170 2076 2119 143 3284 3583 177 2229 2275 169 3025 3237 38 2227 2273 174 1835 1866 169 2355 2415 193 3285 3584 68 1128 1138 160 2344 2398 162 1130 1140 136 615 616 165 611 612 94 613 614 166 626 627 191 628 629 114 1121 1131 72 677 678 28 634 635 22 3161 3412 154 952 956 197 950 954 113 1989 2028 127 304 304 5 308 308 86 306 306 88 307 307 86 2411 2480 202 305 305 90 661 662 87 3152 3400 27 1045 1055 13 304 304 5 302 302 6 1047 1057 40 2657 2750 221 792 796 164 3226 3499 166 373 373 16 605 606 36 371 371 27 674 675 88 2373 2440 201 676 677 17 322 322 155 320 320 153 2080 2123 185 36 36 15 3286 3585 1 38 38 17 2461 1836 140 2462 2532 208 2464 2534 118 385 385 179 2597 2687 74 383 383 72 1848 1880 140 1844 1876 199 1846 1878 35 967 971 187 965 969 170 2699 2799 170 57 57 33 59 59 35 3287 3586 170 2328 3511 129 2330 2818 210 2713 2816 192 1985 2023 27 1983 2021 151 1981 2019 83 1854 1886 91 1850 1882 114 1852 1884 187 1038 1046 217 1036 1044 144 2705 2808 218 1038 1046 217 656 1050 69 1040 1048 208 1041 1049 137 3085 3311 95 1039 1047 215 2738 2847 113 2740 2849 159 3151 3398 177 1311 1324 154 1309 1322 30 1307 1320 151 367 367 21 369 369 82 371 371 27 367 367 21 609 610 27 365 365 24 2104 2147 206 3403 2790 29 2102 2145 71 1848 1880 140 1850 1882 114 2103 2146 178 606 607 151 604 605 27 3087 3313 83 1503 1519 28 3274 3728 26 1501 1517 30 60 60 36 3086 3312 11 62 62 38 1073 1083 70 2543 2629 147 1075 1085 162 1262 1275 210 1260 1273 126 3088 3315 68 798 802 66 3150 3397 125 800 804 125 794 798 135 2658 2751 51 2464 2534 118 581 581 36 585 585 3 583 583 154 1259 1272 180 3089 3316 138 1254 1267 170 468 468 193 464 464 69 466 466 196 2256 2305 19 1248 1261 157 3094 3321 152 391 391 181 393 393 17 1833 2581 74 1802 1832 136 1800 1830 128 3071 3293 70 1314 1327 139 1310 1323 173 1312 1325 16 391 391 181 2505 2583 70 389 389 129 967 971 187 969 973 27 968 972 172 1311 1324 154 2151 2195 204 1313 1326 153 377 377 176 1289 1302 190 1287 1300 113 1847 1879 188 2894 3067 91 2895 3068 204 453 453 51 1080 1090 136 455 455 144 1257 1270 71 1255 1268 140 3095 3322 115 1891 1926 113 1887 1922 115 1889 1924 143 1184 1195 70 1024 1032 218 3096 3323 95 462 462 165 458 458 47 460 460 118 379 379 176 381 381 177 383 383 72 1739 1765 184 3404 3673 21 1741 1767 75 1398 1411 187 1400 1413 35 1402 1415 113 1890 1925 180 3360 3670 22 3364 3672 213 1871 1903 33 1873 1905 187 2117 2161 173 1188 1199 96 1032 1040 135 3288 3588 125 1466 1481 156 1464 1479 151 3317 3681 152 368 368 92 963 967 176 3289 3589 37 1650 1672 13 1452 1467 226 2795 2919 13 1249 1262 182 602 603 32 3290 3590 214 1650 1672 13 1646 1668 37 1648 1670 188 1239 1252 218 1241 1254 70 3291 3591 160 1781 1811 75 3372 3684 156 1783 1813 156 1778 1808 13 1780 1810 21 2811 2943 5 2226 2272 160 2224 2270 128 3293 3593 129 1778 1808 13 1775 1805 22 1776 1806 36 2455 2526 10 1784 1814 211 3294 3594 80 1871 1903 33 1867 1899 233 1869 1901 15 1455 1470 227 1453 1468 226 3295 3595 227 2120 2164 228 424 3101 183 2122 2166 84 570 570 91 3185 3447 1 571 571 90 272 272 62 268 268 67 270 270 130 975 979 99 977 981 122 979 983 132 269 269 62 1379 1392 58 271 271 56 1105 1115 86 1103 1113 22 3184 3446 159 1326 1339 204 3297 3597 175 1203 1214 35 497 497 181 2493 2570 76 499 499 200 2279 2328 169 3298 3598 35 1540 1556 138 2614 2704 190 1532 1548 180 2618 2708 171 1348 1361 82 3299 3599 34 1350 1363 39 578 578 29 2609 2699 141 576 576 81 2386 2453 213 1401 1414 35 3300 3600 138 1527 1543 138 1529 1545 71 3193 3457 172 1506 1522 85 1504 1520 183 3301 3601 173 2476 2547 161 487 487 61 3218 3489 48 1509 1525 86 3302 3602 7 1507 1523 24 575 575 9 579 579 17 577 577 20 1009 1014 36 1007 1012 83 3303 3603 83 575 575 9 573 573 206 1666 1688 77 282 282 54 284 284 53 2156 2200 222 2232 2278 26 1345 1358 26 3305 3605 81 340 340 160 2471 2541 167 338 338 70 33 33 13 35 35 13 3306 3606 13 1665 1687 168 1245 1258 94 1244 1257 163 883 887 62 2302 2355 145 881 885 58 291 291 100 289 289 109 287 287 146 1199 1210 138 2276 2325 35 2990 3194 35 1749 1775 93 995 1000 110 3269 3557 119 543 543 21 574 574 157 576 576 81 2425 2494 171 2526 2608 71 2423 2492 178 1706 1729 37 2490 2565 186 1725 1751 32 1713 1736 203 2259 2308 151 1715 1738 183 199 199 111 201 201 117 2208 2252 161 1295 1308 92 3153 3401 27 2144 2188 83 1095 1105 40 899 903 149 2908 3082 149 2265 2314 201 2263 2312 17 3015 3225 201 2342 2611 178 2422 2491 169 2423 2492 178 932 936 135 930 934 53 3221 3492 146 503 503 73 2497 2574 92 505 505 173 991 996 117 1583 1601 47 1582 1600 65 205 205 119 201 201 117 203 203 65 834 838 218 831 835 47 832 836 209 1617 1639 103 1615 1637 215 2556 2644 98 456 456 100 458 458 47 1117 1127 63 2000 2039 79 3098 3327 206 2397 2465 206 905 909 5 903 907 212 3191 3455 201 2862 3015 155 3378 3771 155 955 3017 153 2003 2042 158 2857 3007 0 2859 3009 234 1885 1918 92 1517 1533 203 2863 3016 183 500 500 69 502 502 73 3222 3493 167 880 884 100 878 882 109 3223 3494 98 1699 1722 212 3389 3735 0 1701 1724 0 503 503 73 501 501 127 499 499 200 2262 2311 26 1717 1740 152 1715 1738 183 2614 2704 190 550 550 114 2616 2706 176 1721 1747 159 1723 1749 78 1725 1751 32 462 462 165 464 464 69 1115 1125 147 1710 1733 169 1712 1735 169 3099 3329 140 2164 2208 137 3240 3760 204 2166 2210 189 2004 2043 80 2006 2045 42 3102 3333 150 2063 3332 148 2064 3227 201 3016 3226 2 2647 2740 59 978 982 103 3310 3612 57 1696 1719 202 1698 1721 87 3103 3334 23 1721 1747 159 970 2569 85 969 1745 27 266 266 95 268 268 67 2165 2209 166 293 293 50 884 888 48 2933 3119 50 2578 2667 157 1702 1725 89 3311 3613 8 2329 2382 65 3224 3495 135 2555 2643 161 2007 2046 10 3312 3614 211 1693 1716 5 1933 1968 121 2477 2548 70 1935 1970 126 1281 1294 66 1283 1296 160 3313 3615 164 1685 1708 157 1687 1710 17 3142 3386 16 334 334 163 2474 2545 214 332 332 156 361 2773 34 3205 3716 30 54 54 16 1930 1965 65 1932 1967 143 3225 3498 143 402 402 183 400 400 16 398 398 182 396 396 33 1372 1385 173 398 398 182 263 263 135 3228 3501 120 265 265 120 51 51 27 47 47 26 49 49 27 48 48 26 2233 2279 86 50 50 28 916 2404 40 1419 3772 19 1108 2406 40 438 438 193 440 440 194 1083 1093 74 223 2551 129 224 1972 126 1935 1970 126 288 288 109 290 290 118 3229 3504 132 427 427 190 420 420 171 425 425 114 427 427 190 429 429 127 1091 1101 113 1378 2060 182 2016 2056 13 2018 2058 151 700 701 21 698 699 214 696 697 187 1090 1100 127 2530 2614 143 1092 1102 178 1444 1459 50 3230 3505 161 1442 1457 106 211 211 64 207 207 121 209 209 121 14 14 6 3138 3381 13 16 16 13 1450 1465 191 918 922 125 2925 3108 111 699 700 15 1393 1406 153 3315 3619 183 1135 1145 76 1137 1147 127 3105 3337 192 1579 1597 119 993 998 110 3182 3444 50 700 701 21 609 2439 27 559 703 32 719 723 37 3108 3340 187 714 718 186 929 933 101 3231 3506 64 924 928 146 402 402 183 1371 1384 18 404 404 184 1580 1598 51 2207 2251 51 1582 1600 65 405 405 185 407 407 186 2141 2185 18 411 411 38 413 413 38 2138 2182 139 822 826 204 2217 2262 165 824 828 124 446 446 127 2443 2514 192 448 448 193 2468 2538 50 3232 3507 64 2155 2199 64 1617 1639 103 874 878 109 1618 1640 130 443 443 126 445 445 177 3109 3343 179 688 689 114 3318 3623 143 690 691 197 2446 2517 92 450 450 185 448 448 193 2730 2835 12 2982 3186 229 3097 3326 14 872 876 98 3233 3508 120 1614 1636 99 422 422 180 1093 1103 71 1092 1102 178 1380 1393 222 1382 1395 53 1381 1394 56 581 581 36 579 579 17 1670 1692 89 1939 1975 114 1941 1977 69 3111 3347 116 1669 1691 228 75 3761 45 73 1693 43 417 417 189 419 419 138 3112 3350 38 275 275 145 273 273 145 271 271 56 877 881 146 879 883 108 881 885 58 725 729 116 3110 3344 127 723 727 140 1384 1397 49 1382 1395 53 2303 2356 56 877 881 146 2304 2357 59 875 879 109 722 726 189 720 724 141 3113 3351 183 490 490 61 486 486 106 488 488 61 1477 1492 0 1481 1496 229 1479 1494 12 2110 2153 189 2114 2157 38 2112 2155 187 1384 1397 49 1387 1400 52 1386 1399 54 1378 1391 182 2107 2150 189 3114 3353 186 2110 2153 189 2108 2151 184 2680 2776 204 278 278 54 280 280 54 2160 2204 54 2271 2320 35 847 851 92 845 849 38 2113 2156 189 3117 3356 139 2111 2154 187 396 396 33 394 394 27 1375 1388 86 1376 1389 214 1373 1386 183 1374 1387 16 694 695 213 2370 2435 38 696 697 187 2725 2830 88 2912 3087 174 3048 3265 138 399 399 33 401 401 31 3119 3358 33 275 275 145 1383 1396 52 277 277 54 2548 2634 92 2550 2636 25 2549 2635 18 2489 2563 214 3120 3360 173 2137 2181 214 1477 1492 0 1475 1490 206 2833 2977 0 438 438 193 434 434 126 436 436 126 432 432 191 429 429 127 430 430 179 432 432 191 434 434 126 1087 1097 126 217 217 95 219 219 125 3176 3438 162 819 823 183 821 825 113 3204 3470 39 411 411 38 407 407 186 409 409 187 2777 2897 213 2779 2899 27 3049 3266 114 2906 3080 84 2903 3076 71 2904 3078 127 2317 2370 212 1471 1486 142 3259 3544 205 1936 3065 94 224 224 126 222 222 128 2116 2386 185 728 732 138 729 733 94 1770 1798 5 1468 1483 202 3133 3375 23 2334 2388 184 1900 1935 196 3024 3236 126 2341 2395 143 3175 3435 166 1620 1642 129 907 911 150 3187 3451 14 902 906 150 1772 1800 2 149 3518 91 148 1801 8 299 1621 149 2415 3773 8 1601 1623 8 1602 1624 149 1599 1620 90 1600 1622 2 144 144 79 142 142 89 2761 2875 79 2339 2393 185 2342 2396 178 2340 2394 143 141 141 3 3050 3267 86 136 136 28 272 272 62 274 274 49 2161 2205 61 505 3372 173 2497 2953 92 2818 2952 204 2358 2420 15 2265 2423 201 2360 2422 81 139 139 87 137 137 7 3051 3268 157 840 844 170 842 846 185 3174 3434 185 736 740 76 1485 1500 116 738 742 207 843 847 115 2268 2317 71 845 849 38 746 750 170 1907 1942 176 3129 3369 35 2382 2449 192 3173 3431 167 2182 2226 137 1914 1949 157 1730 1756 89 1947 1984 17 1488 1503 37 740 744 170 738 742 207 1368 1381 79 1367 1380 206 1366 1379 75 189 189 114 3172 3430 177 1002 1007 73 526 526 203 3046 3262 39 849 853 30 2796 2976 214 2644 2736 140 3319 3632 73 1001 1006 114 1004 1009 127 1003 1008 114 1001 1006 114 999 1004 112 2716 2821 162 125 125 82 2515 2594 159 123 123 7 1111 1121 82 1109 1119 17 3190 3454 31 527 527 186 523 523 174 525 525 18 423 2960 30 2781 2902 204 3320 3634 16 199 199 111 195 195 94 197 197 69 2396 2464 8 2260 2309 202 3321 3635 75 2267 2316 163 202 202 118 3171 3429 220 2639 2731 50 242 242 135 3322 3636 50 850 854 141 852 856 85 2179 2223 182 856 860 152 858 862 26 2176 2220 27 2670 2764 170 3324 3638 115 2672 2766 180 144 144 79 148 148 8 146 146 79 1659 1681 68 1657 1679 68 3325 3639 72 119 119 79 2518 2598 79 117 117 80 1516 1532 183 1514 1530 173 3326 3640 155 119 119 79 121 121 20 123 123 7 1944 1980 136 3327 3641 167 1082 1092 220 829 833 119 220 220 126 827 831 118 147 147 79 2369 2434 2 145 145 9 147 147 79 149 149 91 2367 2432 77 414 414 176 3329 3643 191 416 416 188 530 530 139 2286 2337 139 532 532 18 1982 2020 82 1984 2022 30 3330 3644 34 533 533 153 529 529 184 531 531 185 735 739 197 1903 1938 73 3331 3645 129 1923 1958 33 2306 2359 186 1925 1960 189 2527 2609 191 2525 2607 115 3332 3646 115 479 479 30 1395 1408 85 3036 3248 82 1920 1955 36 1922 1957 86 3053 3271 13 2570 2659 140 1140 1150 180 3334 3648 188 527 527 186 529 529 184 2307 2360 175 2308 2361 139 1927 1962 19 1925 1960 189 91 91 55 89 89 57 3336 3650 146 2220 2265 170 826 830 155 824 828 124 395 2339 173 534 534 153 532 532 18 786 790 47 791 795 47 3338 3652 50 2288 2340 182 3054 3272 182 2175 2219 83 927 931 54 925 929 54 3267 3553 54</p>
                </polylist>
            </mesh>
        </geometry>
        <geometry id="mesh1">
            <mesh>
                <source id="points1">
                    <float_array id="pointarray1" count="6708">-679.21875 378 -132.59375 -687.46875 371.03125 -135.59375 -670.8125 390.875 -182.84375 -677.46875 385.15625 -183.96875 -667.6875 381.40625 -236 -687.34375 377.875 -188.375 -678.21875 374.5625 -236.84375 -693.65625 361.96875 -238 -667.4375 352.65625 -276.09375 -685.8125 343.90625 -273 -680.5625 314.78125 -297.59375 -705.6875 334.53125 -270 -700.96875 310.53125 -292.25 -717.9375 306.53125 -287.1875 -701.15625 282.125 -308.84375 -717.28125 281.96875 -303.8125 -719.40625 254.875 -317.53125 -730.5625 273.28125 -293.0625 -730.78125 249.1875 -308.15625 -743 228.5625 -291.09375 -733.46875 224.5 -322.90625 -744.03125 205.3125 -310.21875 -745.9375 183.0625 -326.625 -756.5625 173.9375 -295.28125 -754.90625 152.53125 -316.3125 -762.78125 112.59375 -300.9375 -753.6875 140.5 -330.75 -759.8125 94.09375 -316.5 -751.625 131.03125 -336.8125 -747.59375 121.71875 -340.59375 -744.5625 166.40625 -342 -739.4375 161.15625 -348.03125 -730.96875 197.5625 -342.15625 -730.21875 150.125 -356.5 -720.625 189.78125 -353.03125 -705.0625 180.78125 -369.4375 -711.90625 222.71875 -338.28125 -694.125 219.40625 -353.4375 -685.125 250.125 -331.34375 -676.21875 215.90625 -366.125 -665.625 250.59375 -341.9375 -652.25 249.6875 -346.8125 -660.75 285.25 -323.25 -647.96875 284.59375 -324.65625 -648.0625 321.0625 -303.96875 -643.5 284.9375 -325.21875 -643.9375 321.71875 -303.65625 65.6875 715.65625 222.96875 10.09375 719.625 223 11.21875 728.5625 213.8125 -43 717.28125 211.21875 -39.40625 728.34375 201.9375 -81.59375 727.84375 182.46875 -35.90625 742.5 192.3125 -76.15625 742.34375 173.875 -70.03125 750.15625 165.78125 -100.65625 742.25 150.53125 -93.15625 749.375 143.71875 -104.4375 752.84375 113.84375 -85.96875 752.875 137.21875 -94.75 756.09375 109.5625 -81.59375 758.9375 107.46875 -96.46875 764.6875 70.9375 -80.40625 766.5 70.46875 -79.3125 771.75 25.40625 -56.09375 767.21875 71.25 -53.46875 771.6875 25.65625 -17.875 770.90625 25.84375 -53.5 768.875 -20.53125 -16.28125 768.25 -20 -15.28125 762.375 -63.71875 25 767.21875 -18.71875 27.1875 761.25 -62.59375 67.78125 760.78125 -58 29.375 755.46875 -105.34375 69.6875 755.375 -99.5 71.46875 756.375 -130.78125 103.65625 757.6875 -88.0625 107.625 758.15625 -112.15625 138.0625 756.75 -82 113.0625 755.78125 -126.375 146.4375 754.21875 -89.53125 156.8125 749.1875 -97.5 174.8125 751.84375 -45.875 185.34375 745.9375 -51 208.3125 744.28125 -6.3125 196.625 735.59375 -56.46875 219.78125 733.53125 -8.125 226.65625 726.5 -8.15625 229.125 731.78125 43.96875 235.21875 725.0625 46.03125 224.125 721.1875 105.0625 159.5 -128.84375 769.96875 150 -92.5625 776.8125 164.21875 -91.6875 784.5 149.46875 -43.96875 775.6875 164 -45.28125 783.65625 169.375 5.375 782.96875 182.03125 -46.71875 790.09375 186.71875 1.9375 790.15625 196.8125 0.1875 793.4375 194.875 43 789.21875 203.96875 38.71875 791.125 216.28125 63.875 785.34375 209.375 33.46875 790.5 220.59375 53 785.5 225.4375 30.4375 784.3125 236.9375 59.1875 776.8125 241.0625 32.1875 776.75 258.09375 30.15625 767.34375 245.71875 -3.65625 776.875 262.5 -4.09375 768.21875 264.46875 -39.28125 766.03125 276.9375 -4.96875 758.53125 278.96875 -38.125 756.28125 290.8125 -37.125 746.3125 279.21875 -73.15625 750.59375 291.1875 -70 740.96875 289.78125 -102.03125 733.875 299.9375 -65.40625 732.03125 297.5 -90.71875 728.6875 299.40625 -99.03125 723 289.0625 -124 726.40625 277.125 -138.25 732.625 288.65625 -133.28125 722.0625 276.15625 -149.75 727.875 273.34375 -153.28125 721.625 262.8125 -157.34375 735 259.9375 -161.96875 729.28125 245.625 -167.78125 739.4375 256.21875 -172.8125 719.0625 239.65625 -178.75 731.75 233.53125 -185.0625 723.375 220.5 -175.71875 744.84375 212.5 -182.25 737.5625 192.34375 -169.375 748.46875 -261.03125 651.125 268.96875 -276.75 661.75 260.53125 -229.46875 686.15625 217.4375 -245.40625 693.25 210.84375 -225.3125 718.53125 153.15625 -264.78125 702.40625 203.71875 -244.6875 726.59375 149.375 -262.34375 732.15625 144.65625 -233.28125 741.6875 91.90625 -250.09375 745.5 90.0625 -246.09375 751.0625 34.09375 -263.53125 749.5 88.0625 -260.6875 751.75 38.28125 -278.71875 751.65625 49.59375 -265.875 744.15625 -14.59375 -287.625 743.65625 2.28125 -306.09375 731.59375 -49.53125 -319.25 739.84375 26.40625 -343.8125 725.71875 -25.15625 -386.9375 704.65625 5 -363.4375 692.0625 -72.40625 -409.09375 668.09375 -42.53125 -435.15625 631.21875 -90.9375 -454.6875 635.875 -10.34375 -481.84375 597.5625 -60.25 -521.34375 564.90625 -29.25 -511.59375 567.6875 -114.84375 -549.5625 536.21875 -79.8125 -571.78125 515.09375 -120.75 -583.46875 504.59375 -41.78125 -600.4375 489.125 -78.59375 -626 463.21875 -44.03125 -608.09375 475.28125 -95.96875 -630.375 452.96875 -60.875 -634.40625 438.59375 -68.21875 -645.34375 436.40625 -32.5625 -649 421.09375 -37.65625 -653 412 -11.15625 -650.46875 402.40625 -43 -653.53125 391.9375 -14.6875 -656.28125 371.40625 -16.34375 -652.21875 387.96875 11.46875 -653.25 366.5625 10.65625 -653.09375 368.5 42.53125 -652.4375 84.90625 463.90625 -663.59375 92.625 461.8125 -619.5 137.65625 485.15625 -633.15625 144 483.34375 -610.375 195.53125 492.84375 -651.5 153.46875 478.375 -629.9375 202.21875 488.1875 -653.1875 209.1875 477.40625 -617 242.96875 489.40625 -639.65625 247.125 479.65625 -630.8125 278.53125 474.5625 -658.8125 250 468.78125 -649.25 279.28125 464.78125 -660.84375 278.90625 456.1875 -642.15625 302.53125 453.625 -653.28125 300.40625 446.03125 -648.59375 318 433.46875 -659.5625 297.65625 439.625 -654.8125 314.03125 428.75 -657.78125 310.8125 423.75 -652.6875 324.84375 416.9375 -655.875 323.375 406.5 -651.1875 334.15625 403.03125 -654.625 340.03125 382.71875 -644.46875 342.40625 402.875 -646.875 350.71875 380.75 -636.5 357.5625 380.65625 -656.65625 354.28125 347.84375 -646.59375 363.3125 345.9375 -666 360.125 297.625 -632.625 371.6875 342.84375 -651.78125 369.78125 291.1875 -634.875 378.75 283.875 -676.40625 356.6875 236.5625 -660.71875 367.375 223.96875 -683.4375 335.625 170.0625 -645.125 375.21875 213.8125 -669.0625 342.46875 156.09375 -655.4375 351.34375 147.03125 -694.625 301.34375 110.65625 -680.59375 307.0625 99.6875 -702.0625 252.96875 72.28125 711.40625 -112.75 -163.09375 712.28125 -89.9375 -191.09375 722.28125 -109.5625 -199.78125 709.71875 -77.1875 -226.125 718.90625 -96.40625 -231.09375 714.03125 -91.25 -266.0625 730.9375 -119.84375 -237.25 723.84375 -115.5625 -268.40625 729.125 -132.84375 -268.96875 712.59375 -120.34375 -299.625 718.46875 -138.53125 -298.71875 704.90625 -149.53125 -325.71875 714.90625 -162.65625 -292.40625 700.9375 -172.53125 -323.28125 685.84375 -214.1875 -323.65625 688.65625 -181.46875 -343.625 679.1875 -209.59375 -343.78125 666.59375 -228.875 -356.9375 656.5 -273.09375 -343.84375 669.25 -288.28125 -291.875 623.15625 -336.84375 -348.5625 631.21875 -357.34375 -301.46875 601.71875 -405.71875 -308 638.78125 -374.3125 -255.34375 607.78125 -426.875 -262.09375 616.46875 -435.59375 -231.53125 594.09375 -450.15625 -267.1875 604.125 -461.3125 -233.96875 587.25 -473.15625 -230.8125 613.71875 -457.65625 -207.5625 598.4375 -467.46875 -200.09375 610.375 -449.71875 -176.25 577.09375 -473.5625 -190.3125 588.96875 -454.6875 -163.46875 575.78125 -456.40625 -158.59375 599.34375 -437.125 -140.8125 585.90625 -437.78125 -133.5625 596.3125 -433.34375 -106.75 205.25 -687.90625 -87.125 173.65625 -686.28125 -109.34375 166.28125 -699.4375 -103.9375 139.09375 -686.5 -138.40625 133.15625 -700.40625 -131.46875 97.25 -702.8125 -158.5625 127.34375 -718.375 -124.71875 93.53125 -720.5 -150.875 90.375 -731.0625 -144.375 55.25 -722.75 -168.4375 53.75 -733 -161.09375 12.34375 -733.15625 -170.09375 58.4375 -739.59375 -137.21875 13.1875 -740.09375 -144.0625 16.21875 -749.84375 -82.21875 -33.375 -736.84375 -145.53125 -35.3125 -748.25 -85.03125 -82.90625 -741.625 -85.0625 -39.34375 -758.0625 -4.5625 -88.75 -750.6875 -12.25 -93.71875 -749.28125 63.96875 -132.90625 -737.25 -19.3125 -138.5625 -739.28125 42.46875 -170.65625 -734.875 27.03125 -142.71875 -737 94.5625 -169.40625 -732.6875 66.28125 -181.125 -727.5625 73.28125 -195.09375 -732.125 24.375 -189.34375 -733.03125 -28.5 -208.34375 -722.84375 25.6875 -212.4375 -725.21875 -31.90625 -223.09375 -710.59375 -32.9375 -194.125 -718.4375 -86.0625 -204.8125 -703.78125 -91.03125 -170.46875 -690.875 -135.1875 -212.15625 -693.96875 -96.65625 -176.375 -678.0625 -140.53125 611.15625 400.9375 -306.125 625.28125 369.5625 -313.375 632.59375 373.9375 -308.09375 643.125 330.8125 -303.71875 650.4375 335.90625 -297.875 672.6875 292.5 -271.0625 662.03125 343.625 -290.3125 683.5 301.5 -264.46875 691 308.875 -258.03125 707.09375 257 -219.53125 712.40625 266.84375 -212.875 730.9375 232.625 -159.09375 716.3125 274 -203.65625 732.0625 245.5 -153.75 725.96875 265.15625 -144.5 742.15625 230.625 -105.46875 733 256.53125 -100.5 737.0625 254.75 -54.53125 719.46875 287.40625 -94.625 722.96875 286.71875 -49.71875 709 318.59375 -46.5625 725.21875 288.125 -3.09375 713.4375 316.0625 -4.59375 715.5625 312.40625 28.84375 702.5625 337.40625 -6.84375 707.15625 327.875 17.375 702.46875 330.8125 26.34375 711.375 310.34375 45.6875 721.625 287.75 53.3125 701.875 310.09375 54.9375 713.3125 284.9375 63.4375 702.15625 283.3125 74.5 726.5625 258.90625 59.09375 716.1875 253.40625 69.25 726.40625 225.5 44.0625 709.28125 251.875 74.90625 720.5 222.3125 50.09375 -466.90625 -313.875 -537.59375 -460.375 -324.71875 -542.96875 -444.84375 -296.65625 -567.375 -440.5 -309.1875 -570.1875 -415.15625 -296.75 -597.21875 -439.03125 -324.34375 -577.4375 -415.5 -313 -602.71875 -416.5 -328.09375 -604.96875 -384.6875 -307.8125 -624 -386.9375 -323.8125 -624.875 -353.84375 -326.4375 -639.8125 -389.125 -345 -613.21875 -356.4375 -349.28125 -626.59375 -358.84375 -382.0625 -601.1875 -323.8125 -358.46875 -634.375 -324.375 -390.84375 -610.46875 -290.40625 -399.125 -613.25 -328.28125 -432.15625 -576.78125 -292.84375 -434.5 -583.03125 -297.46875 -461.3125 -550.65625 -262.0625 -434.8125 -585.0625 -267.46875 -458 -559.3125 -249.09375 -455.34375 -564.53125 -274.78125 -469.5 -539.8125 -257 -466.0625 -549.59375 -250.03125 -467.84375 -544.1875 -235 -455.15625 -563.3125 -227.4375 -434.8125 -584.40625 -223.3125 -452.53125 -555.78125 -214.625 -431.09375 -578.75 -201.1875 -423.8125 -568.5625 -217.59375 -405.03125 -600.34375 -206.4375 -395.25 -592.1875 -220.5 -366.09375 -612.1875 -189.1875 -385.28125 -584 -204.9375 -355.21875 -606.0625 514.375 62.15625 -591.46875 539.78125 77.34375 -587.3125 500.625 106.28125 -601.0625 526.28125 118.84375 -596.59375 518.03125 157.8125 -599.59375 557.21875 133.53125 -592.15625 548.53125 170.78125 -594.5625 566.65625 178.59375 -588.8125 542.5625 205.8125 -592.59375 560.125 212.625 -586.5625 554.46875 250.34375 -581.28125 573.34375 218.75 -574.9375 567.15625 255.6875 -570.4375 584.71875 264.8125 -548.15625 560.625 300.1875 -563.65625 577.75 307.21875 -542.46875 571.09375 350.84375 -533.03125 595.59375 315.375 -514.25 587.9375 356.59375 -505.65625 603 361.40625 -475 578.46875 393.96875 -494.4375 589.6875 396.34375 -464.71875 577.46875 426.3125 -456.59375 597.25 397.6875 -438.28125 583 426.5 -431.5625 581.9375 425.125 -414.28125 571.0625 448.375 -428.875 568.5625 447.71875 -411.96875 555.71875 465.25 -413.96875 559.875 446.15625 -398.03125 545.71875 465.78125 -399.96875 534.59375 469.15625 -381.5 532.59375 482.25 -405.46875 519.6875 489.0625 -388.15625 506.375 502.21875 -402.28125 508.03125 493.125 -379.875 492.1875 507.28125 -394.125 570.28125 94.90625 -583.3125 588.34375 106.4375 -580.96875 589.53125 54.65625 -570 605.90625 68.1875 -568.3125 622.3125 33.875 -553.21875 617.5625 79.71875 -558.6875 632.96875 45.15625 -545.59375 649.375 58.46875 -526.28125 641.9375 20.40625 -533 656.8125 31.59375 -514.1875 662.125 13.4375 -501.84375 671.96875 42.5625 -488.21875 675.125 21.46875 -480.28125 684.96875 28.46875 -463.5 678.03125 8.09375 -473.84375 684.625 14.5625 -464.71875 687.28125 9.84375 -457.46875 691.34375 29.21875 -449.25 694.03125 59.4375 -436.1875 695.78125 22.5625 -434.0625 699.84375 57.75 -417.625 699.5625 50.90625 -399.28125 694.40625 100.5625 -404.90625 692.3125 98.1875 -387.84375 677.09375 146.1875 -388.4375 688.21875 94.59375 -369.21875 670.4375 145.875 -370.21875 664.90625 145.5 -356.21875 657.53125 190.6875 -378.59375 651.90625 192.4375 -364.34375 642.625 222.875 -376.625 158.15625 -716.9375 -97.40625 188.90625 -717.78125 -78.375 151.84375 -728.125 -92.8125 181.71875 -728.84375 -74.15625 177.15625 -736.46875 -63.34375 208.1875 -731.4375 -57.34375 199.53125 -736.40625 -52.5 209.25 -740.46875 -33.75 176.34375 -744.09375 -38.09375 130.46875 -748.15625 -51.84375 173.09375 -749.46875 3.5625 121.65625 -756.4375 4.46875 110.65625 -755.15625 77.59375 66.75 -759.90625 0.78125 57.25 -758.25 86 4.21875 -758.5625 87.125 50.90625 -752.65625 152.125 -1.1875 -756.21875 151.90625 -3.5 -749.5625 182.21875 -51.5625 -754.5625 141.09375 -56.0625 -748.71875 170.96875 -103.59375 -739.875 147.46875 -59.375 -736.1875 183.71875 -108.34375 -728.3125 155.90625 -113.75 -712.84375 163.78125 -152.875 -720.8125 120 -161.03125 -705.78125 126.84375 -200.46875 -703.1875 82.59375 -165.46875 -696.25 129.40625 -204.34375 -694 83.96875 -758.40625 198.3125 -272.4375 -769.65625 163.09375 -256.03125 -760.25 219.25 -252.6875 -772.5625 188.28125 -235.0625 -773.84375 210.03125 -214.46875 -781.6875 158.5625 -219.96875 -782.8125 186.875 -198.375 -789.8125 168.3125 -185.78125 -780.625 209.71875 -175.0625 -787.125 194.59375 -161.28125 -784.15625 213.4375 -140.6875 -790.59375 182.125 -150.34375 -787 203.78125 -129.1875 -786.8125 194.625 -119.46875 -783.34375 225.40625 -121.09375 -781.78125 220.40625 -110.75 -774.375 247.5625 -111.53125 -777.46875 213.5625 -98.8125 -768.96875 243.8125 -98.59375 -761.6875 240.34375 -81.21875 -759.78125 274.90625 -103.9375 -751.28125 275.28125 -87.03125 -737.375 307.25 -101.34375 -741.25 275.1875 -71.6875 -726.53125 310.9375 -86.1875 -718.34375 313.28125 -76.21875 -708.09375 339.0625 -109.71875 -698.6875 343.375 -100.78125 199.09375 567.15625 -512.15625 185.15625 571.09375 -516.78125 216.625 548.71875 -527.25 200.25 552.53125 -532.28125 210.90625 530.21875 -552.09375 160.875 555.71875 -536.28125 167.90625 532.84375 -557.03125 117.46875 534.53125 -561.40625 173.0625 511.5625 -578.28125 121.875 506.21875 -587.5 153.84375 483.875 -607.78125 137.78125 470.53125 -620.5 147.15625 452 -634.53125 111.90625 474.1875 -618.75 114.53125 447.625 -641.15625 81.28125 447.5625 -646.15625 116.09375 433.03125 -648.1875 81.96875 431.78125 -654.59375 82.4375 421.53125 -653.25 49.4375 435.125 -654.375 49.0625 424.84375 -653.0625 17.09375 433.0625 -643.34375 48.5625 411.90625 -649.4375 14.90625 420.90625 -638.875 12.8125 410.34375 -636.25 -21.4375 431.03125 -626.25 -25.0625 421.34375 -622.8125 -67.90625 428.40625 -615.96875 684.59375 348.34375 -80.625 681.875 348.1875 -119.375 694.40625 339.875 -84.15625 690.9375 341.125 -123.9375 701 322.5 -130.375 680.53125 358.96875 -160.40625 688.8125 344.15625 -169.15625 673.15625 374.3125 -203.21875 694.96875 328.71875 -183.90625 679.28125 358.84375 -218.90625 685.5625 342.4375 -238.09375 662.5 391.75 -246.8125 669.375 373.96875 -261.6875 653.28125 401.3125 -278.34375 673.46875 357.84375 -273.9375 659.71875 382.375 -282.28125 653.0625 384.5 -291.03125 642.625 409.9375 -288.6875 636.03125 427.53125 -276.25 632.65625 408.5 -296.78125 624.90625 429.75 -282.0625 610.34375 428.40625 -285.15625 620.78125 444.15625 -257.375 606 445.28125 -257.4375 608.6875 445.78125 -225.28125 598.6875 444.875 -256.625 600.78125 446.15625 -223.96875 617.03125 -170.875 -430.0625 591.53125 -193.75 -441.71875 626.71875 -180.8125 -421.9375 604.625 -202.5625 -434.1875 620.90625 -216.84375 -420.5625 583.9375 -226.25 -439.90625 604.5 -237.9375 -427.65625 588.5625 -260.71875 -427.34375 617.25 -247.8125 -419.15625 602.71875 -269.625 -422 608.5625 -278.25 -416.5625 590.625 -293.3125 -421.5625 597.4375 -295.6875 -417.625 593.9375 -313.15625 -414.25 609.65625 -289.59375 -411.28125 625.1875 -261.84375 -408.1875 610.5 -303.25 -401.09375 629.75 -266.125 -397.8125 638.96875 -273.40625 -377.25 642.4375 -239.28125 -395.1875 653.59375 -236.53125 -376.6875 660.625 -209.84375 -378.6875 673.96875 -196.9375 -359.4375 675.21875 -179.09375 -363.375 -666.6875 277.8125 448.34375 -669.53125 275.09375 441.25 -675.0625 254.8125 449.34375 -680.9375 245.9375 437.9375 -686.375 222.8125 442.96875 -695.5625 208.71875 427.25 -703.03125 186.5 432.1875 -715.4375 169.375 411.53125 -720.28125 156.46875 418.1875 -736.3125 131.09375 390.15625 -719.03125 147.0625 426.65625 -736.34375 117.875 397.125 -729.875 104.96875 403.84375 -749.5625 100.96875 357.5 -743.71875 87.125 359.8125 -756.125 84.65625 309.65625 -736.625 66.15625 361.96875 -752.21875 63.65625 305.34375 -743.125 43.375 299.46875 -762.09375 76.34375 246.375 -755.15625 57.40625 235.03125 -765.375 83.46875 175.53125 -744.84375 43.25 226.21875 -754.59375 71.34375 163.34375 32.65625 607.3125 -451.21875 33.21875 608.65625 -462.625 71.46875 606.59375 -449.125 70.90625 608.03125 -460.53125 107.9375 602.375 -462.25 70.875 611.375 -473.4375 107.09375 606.1875 -474.84375 106.125 607.75 -484.75 144.125 595.09375 -481.25 142.3125 597.09375 -490.875 174.8125 582.78125 -500.53125 143.625 592.5625 -501.59375 169.0625 582.6875 -506.15625 202.875 563.1875 -504.125 221.375 543.40625 -520.34375 234.3125 519.8125 -541.09375 225.90625 535.84375 -510.71875 239.625 511.28125 -532.34375 245.96875 504.6875 -525.5 241.90625 484.9375 -558.8125 247.5 478.375 -553.46875 229.3125 451.6875 -586.59375 215.9375 -720 -60.625 234.46875 -721.96875 -35.5 225.875 -733.84375 -33.84375 230.375 -735.90625 0.8125 211.5 -743.40625 1.5625 199.78125 -743.78125 51.40625 161.3125 -749.71875 63.625 150.40625 -746.375 116.59375 102.34375 -748.875 139.96875 101.6875 -742.125 164.125 49.96875 -746.40625 179.78125 51.75 -735.25 188.96875 -4.0625 -737.1875 193.71875 -4.34375 -721.96875 203.75 -62.125 -720.59375 192.65625 -62.3125 -710.6875 194.65625 -116.09375 -703.1875 166.40625 723.875 -204.53125 -179.9375 707.25 -252.71875 -188.65625 722.875 -219.34375 -159.125 706.46875 -262.6875 -166.96875 706.59375 -272.5625 -141.5625 682.75 -318.875 -175.09375 683.84375 -322.53125 -149.9375 660.28125 -372.53125 -158.53125 684.4375 -328.65625 -121 662.53125 -373.53125 -130.46875 665.25 -376.75 -101.875 645.90625 -408.15625 -136.40625 652.28125 -408.125 -108.59375 642.53125 -422.8125 -107.375 660.375 -404.75 -83.59375 651.09375 -416.375 -80.625 662.28125 -403.375 -57.6875 640.25 -418.9375 -70.34375 652.5 -403.75 -45.15625 637.59375 -403.21875 -27.34375 665.78125 -380.6875 -27.21875 652.21875 -377.96875 -8.78125 666.1875 -346.5625 1.53125 640.25 -374.65625 6.1875 656.03125 -341.96875 16.53125 -664.9375 341.28125 351.40625 -683 333.96875 308.59375 -674.3125 321.78125 358.96875 -690.71875 313.84375 317.34375 -698.65625 289.15625 328.3125 -710.71875 301.21875 274.46875 -716.34375 276.5625 284.34375 -733.0625 260.59375 244.46875 -725.9375 249.625 297.03125 -737.46875 232 256.71875 -743.34375 201.125 271.6875 -749.59375 214.53125 222.09375 -754.40625 183.4375 237.9375 -764.1875 169.6875 210.21875 -758.78125 151.71875 254.6875 -767.84375 141.15625 226.59375 -761.71875 125.59375 271.875 -764.15625 109.0625 264.34375 -757.46875 116.78125 317.6875 -758.625 99.125 312.375 -302.90625 -473.0625 -525.65625 -335.1875 -477.4375 -509.65625 -332.25 -463.5 -539.0625 -367.65625 -461.09375 -525.375 -364.3125 -426.59375 -566.1875 -399.40625 -417.8125 -552.71875 -393.53125 -375.3125 -588.4375 -427.0625 -372.125 -574.21875 -419.34375 -346.59375 -596.4375 -442.84375 -351.71875 -577.03125 -439.28125 -337.625 -581.59375 -457.28125 -350 -558.09375 -457.75 -338.8125 -551.78125 -477.8125 -355.53125 -528.21875 -481.09375 -342.625 -518.59375 -495.5625 -365.4375 -492.09375 -489.03125 -334.03125 -511.4375 -503.75 -358.75 -482.84375 229.75 -165.875 750.78125 235.15625 -158.15625 753.40625 214.875 -154.71875 761.1875 222.46875 -148.28125 764.5625 211 -133.78125 775.59375 226.59375 -138.96875 766.90625 216.90625 -125.1875 776.375 222.84375 -110.125 777.34375 207.28125 -111.09375 784.25 214.5625 -103.3125 782.90625 214.1875 -82.09375 785.15625 231.0625 -85.8125 777.28125 237.15625 -120.25 765.71875 249.03125 -79.15625 769 249.90625 -117.65625 758.3125 264.65625 -114.5 750.0625 250 -147.59375 747.875 263.9375 -145 740.1875 22.8125 769.75 26.84375 20.53125 765.3125 74.6875 64 768.65625 29.5625 62.40625 764.21875 77.71875 102.09375 762.65625 81.0625 61.09375 757.3125 122.03125 100.625 755.75 124.71875 98.03125 751.3125 155.28125 133.46875 752.46875 126.0625 125.0625 749.53125 150.90625 134.71875 748.375 159.9375 100.84375 748.21875 174 59.9375 747.84375 178.25 104.90625 745.28125 185.71875 61.125 744.875 191.90625 62.8125 738.65625 203.0625 14.1875 749.59375 190.71875 12.59375 741.78125 202.84375 -558.375 529.6875 2.71875 -597.5 488.40625 36.40625 -533.15625 565.875 48.90625 -572.78125 517.59375 81.40625 -547.28125 546.78125 129.6875 -604.4375 475.8125 107.15625 -579.71875 500.1875 156.9375 -590.4375 479.625 168.6875 -556.9375 518.6875 211.375 -566.90625 497.21875 225.1875 -542.9375 512.9375 271.8125 -564.75 485 232.3125 -537.9375 500.96875 280 -531.75 484.40625 290.15625 -512.53125 520.9375 303.84375 -504.59375 504.5 315.5 -472.3125 529.5 324.75 -499.625 488.78125 328.78125 -466.09375 514.71875 339.03125 678.375 -303.3125 -246.40625 710.9375 -228.53125 -234.3125 681.40625 -311.5625 -218.09375 710.375 -242.28125 -207.78125 729.03125 -188.25 -198.125 729.15625 -183.125 -173.25 728.125 -199.65625 -152.5625 728.46875 -214.375 -127.84375 724.8125 -188.90625 -143.5 725.03125 -203.65625 -118.71875 715.625 -187.84375 -102.3125 722.96875 -218.28125 -87.34375 713.25 -203.53125 -70.71875 708.03125 -222.4375 -39.5625 705.5625 -190.28125 -53.53125 700.09375 -210.71875 -22.40625 566 448 -451.53125 557.1875 446.96875 -474.40625 555.25 463.1875 -449.15625 547.46875 462.125 -468 540.1875 472.46875 -463.71875 542.71875 461.65625 -481.625 538.53125 470.65625 -474.21875 533.6875 474.75 -475.34375 533.0625 479.0625 -461.84375 535.40625 481 -447.5625 524.46875 485.4375 -458.75 526.0625 487.1875 -442.6875 513.90625 495.84375 -433.96875 531.78125 485.5 -428.53125 521.40625 493.09375 -416.75 78.875 509.84375 -589.375 80.25 476.96875 -620.46875 45.8125 479.03125 -621.4375 48.6875 450.59375 -646.21875 18.0625 456.625 -638.9375 19.0625 442.625 -645.40625 -14.25 450.9375 -634.71875 -17.6875 442.21875 -631.71875 -59.625 448.5 -625.9375 -63.84375 437.71875 -619.9375 -104.6875 447.0625 -612.21875 -109.125 438.0625 -607.84375 615.625 -318.90625 -380.96875 593.75 -356.25 -386.03125 591.71875 -334.53125 -404.625 580.21875 -344.09375 -408.28125 583.21875 -318.46875 -417.5625 568.40625 -312.78125 -420.1875 575.96875 -285.6875 -424.96875 550.71875 -277.8125 -434.875 565.65625 -251.6875 -440.28125 549.03125 -245.59375 -446.84375 568.875 -218.6875 -446.90625 -766.3125 133.71875 -279.15625 -774.4375 97.1875 -262.46875 -771.34375 69.28125 -283.5625 -770.8125 52.75 -284.65625 -757.15625 82.25 -316.96875 -749.03125 70 -319.15625 -739.28125 109.09375 -345.65625 -726.9375 90.15625 -356.59375 -716.71875 135.65625 -371.46875 -701.125 122.1875 -382.9375 -688.8125 172.09375 -382.4375 -677.78125 165.65625 -389.3125 -664.59375 212.90625 -372.875 -55.78125 456.8125 -629.40625 -96.15625 465.53125 -622.375 -52 466.125 -627.5625 -87.625 474.8125 -620.53125 -69.90625 489.1875 -609.875 -115.5 488.9375 -607.34375 -93.96875 496.34375 -603.09375 -91.53125 512.90625 -587.96875 -42.40625 508.78125 -592.375 -48 479.9375 -617.625 -20.6875 483.34375 -614.78125 -14.21875 462.78125 -630.625 668.28125 1.9375 -489.84375 671.34375 -7.8125 -479.5 657.84375 -6.28125 -504.28125 662.8125 -12.1875 -491.46875 659.125 -23.78125 -490.25 667.75 -21.09375 -472.3125 677.46875 -13.6875 -457.59375 659.59375 -40.84375 -464.9375 672.5625 -31.9375 -446.90625 664.34375 -54 -433.96875 685.15625 -16.0625 -431.71875 680.34375 -34.46875 -415.40625 692.90625 -2.71875 -396.90625 679.1875 -53.34375 -400.59375 690.03125 -16.5 -380.71875 -795.8125 73.5 -220.125 -795.25 57.28125 -214.1875 -786.90625 58.1875 -249.0625 -785.46875 43.15625 -248.46875 -779.09375 29.78125 -247.34375 -764.71875 39.59375 -286.0625 -754.3125 20.09375 -289.3125 -737.28125 49.6875 -325.9375 -726.59375 30.28125 -333.15625 -713.875 72.875 -366.34375 -703.3125 61.6875 -370.78125 -689.59375 112.84375 -388.25 -685.5625 106.71875 -389.8125 -674.9375 160.75 -391.75 151.28125 577.1875 -517.25 109.75 582.9375 -516.59375 106.53125 601.78125 -496.9375 71.1875 605.84375 -496.5 70.75 612.53125 -483.59375 34.65625 612.6875 -485.875 34.03125 611.75 -475.625 -4.96875 608.46875 -480 -6.5 605.125 -467.21875 -43.8125 598.40625 -473.90625 -7.9375 603.59375 -456.03125 -46 596.46875 -463.09375 549.90625 446.28125 -491.9375 557.96875 423.03125 -504.6875 541.9375 446.96875 -503.28125 547.84375 422.28125 -520.21875 535.8125 423.71875 -527.6875 552.15625 388.0625 -538.28125 539.65625 388.40625 -547.875 543.5625 345.6875 -564.6875 522.1875 388.59375 -551.78125 526.65625 343.84375 -569.90625 501.96875 338.625 -576 531.875 293 -580.75 505.5 284.03125 -586.28125 508.90625 233.5 -592.0625 483.5625 275.84375 -591.5 484.0625 222.9375 -595.5625 673.875 -379.59375 -76.875 688.90625 -345.34375 -66.15625 677.625 -380.6875 -55.9375 690.15625 -351.96875 -45.25 687.0625 -354.15625 -30.03125 701.09375 -319.8125 -38.375 698.03125 -323.03125 -24.84375 706.625 -292.1875 -28.34375 690.9375 -319.78125 -11.5 701.03125 -287.53125 -16.125 690.34375 -277.90625 1.0625 710.28125 -259.3125 -31.75 699.53125 -247.53125 -15.0625 691.46875 -237.15625 1.9375 -463.90625 604.0625 -142.9375 -417.4375 637.1875 -160.9375 -486.0625 584.59375 -185.625 -432.96875 625.84375 -194.59375 -435.65625 615.15625 -214.8125 -381.90625 657.71875 -185.09375 -377.71875 652.03125 -200.0625 -326.3125 681.59375 -167.40625 -370.09375 642.8125 -212.46875 -316.8125 675.09375 -178.65625 -303.40625 666.34375 -190 -277.46875 702.1875 -133.65625 -261.15625 694.09375 -142.15625 -233.09375 719.71875 -87.9375 -245.84375 688.90625 -150.53125 -217.40625 717.1875 -93.71875 -260.78125 -406.375 -610.75 -264.40625 -383.5 -628.25 -242.90625 -411.71875 -606.46875 -247.28125 -393.9375 -620.84375 -239.53125 -387.9375 -622.53125 -260.5 -368.21875 -636.0625 -288.96875 -350.28125 -645.46875 -253.6875 -354.875 -633.15625 -282.84375 -334.78125 -643.6875 -273.71875 -318.09375 -637.875 -315.4375 -319.5 -646.4375 -308.4375 -303 -642.59375 -345.40625 -293.6875 -636.28125 -300.375 -290.5 -641.96875 -338.59375 -280.09375 -638.40625 -82 768.375 -21.65625 -83.1875 762.09375 -62.875 -102.0625 766.875 -23.21875 -101.84375 759.65625 -67.65625 -113.3125 756.6875 -72.15625 -86.46875 756.09375 -100.75 -93.75 752.9375 -108.0625 -59.78125 750.84375 -133.90625 -100.96875 746.5625 -114.59375 -64.84375 744.3125 -141.71875 -70.65625 732.6875 -151.4375 -19.375 745.9375 -163.4375 -22.625 734 -174.0625 30.0625 733.75 -181.71875 -24.84375 727.6875 -180.5625 29.28125 727.40625 -187.875 -744.53125 242.25 209.40625 -738.46875 262.40625 199.4375 -754.875 226.75 182.28125 -748.21875 245.84375 174.25 -760 218.28125 165.125 -759.53125 213.84375 150.875 -767.59375 188.53125 173.21875 -770.03125 181.65625 157.9375 -775.28125 151.375 180.625 -769.21875 176.46875 142.0625 -775.34375 142.71875 166.25 -773.71875 132.09375 147.4375 -770.625 115.03125 206.75 -770.875 99.625 191.53125 -670.1875 251.59375 459.125 -681.59375 218.65625 453.46875 -671.5625 214.96875 464.4375 -689.5 175.5625 454.53125 -673.0625 165.1875 468.15625 -697.8125 120.8125 449.1875 -679.59375 104.84375 457.4375 -701.875 67.78125 414.4375 -688.4375 53.4375 416.625 -713.78125 30.1875 360.53125 -677.90625 44.125 417.28125 -704.5625 20.40625 359.34375 272.5 25.96875 757.375 283.71875 20 748.46875 269 49.0625 755.40625 282.6875 36.84375 747.3125 284.21875 45 744.5625 293.21875 19.125 740.375 297.34375 23.375 737.4375 306.59375 -4.125 730.6875 298.96875 28.40625 728.71875 311 -1.15625 721.875 309.28125 2.5625 709.34375 318.25 -35.125 716.96875 318.3125 -33.78125 705.75 318 -73 703.59375 317.65625 -32.6875 700.40625 318.34375 -73.6875 697.4375 -77.71875 758.6875 -90.34375 -52.6875 758.4375 -98.125 -55.65625 754.53125 -121.53125 -13.96875 752.84375 -134.875 -15.75 750.0625 -151.03125 30.875 750.84375 -156.84375 30.5 745.21875 -170.21875 77.78125 747.1875 -162.1875 80.5 735.15625 -172.40625 127.75 740.34375 -147 81 729.59375 -177.625 129.4375 736.53125 -150.5 -97.0625 582.8125 -505.46875 -93 584.6875 -514.4375 -71.46875 593.875 -494.46875 -68.71875 595.46875 -503.96875 -39.71875 603.71875 -496.125 -69.09375 591.40625 -514.40625 -38.78125 598.375 -507.65625 -39.65625 581.53125 -525.5625 -2.53125 603.375 -502.5 -1.34375 584.53125 -522.40625 37 586.0625 -519.90625 -0.25 559.90625 -545.5625 38.75 560.5 -544.1875 40.34375 536.78125 -566.71875 75.0625 559.84375 -542.125 77.09375 536 -564.625 -761.25 237.4375 -233.65625 -743.90625 268.875 -255.8125 -760.71875 253.625 -213.0625 -745.0625 284.46875 -236.5625 -747.875 297.71875 -214.59375 -733.40625 311.40625 -256.75 -736.40625 323 -233.875 -726 337.84375 -241 -739.84375 328.78125 -206.375 -730.65625 341.5 -210.3125 -736.8125 336.9375 -179.125 -718.25 351.65625 -205.03125 -725.3125 343.90625 -170.03125 -710.90625 354.875 -155.6875 -734.875 326.34375 -140.34375 -721.3125 332.84375 -124.40625 -793.5625 153.25 -175.84375 -796.90625 110.5625 -197 -792.71875 140.59375 -167.65625 -797.96875 95.5625 -188.65625 -792.28125 81.125 -181.03125 -788.8125 43.4375 -209.8125 -778.90625 25.40625 -206.03125 -768.96875 10.96875 -247.1875 -757.78125 -7.40625 -246.78125 -743.8125 0.75 -292.75 -735.90625 -9.78125 -293.34375 -716.84375 18.28125 -335.8125 -401.65625 -452.1875 -510.65625 -400.75 -472.6875 -479.34375 -434.84375 -439.96875 -498.375 -432.09375 -461.28125 -469.375 -460.34375 -447.375 -467.03125 -430.59375 -469.65625 -451.15625 -458.96875 -453.21875 -452.0625 -455.0625 -447.84375 -441.0625 -479.96875 -433.5625 -462.6875 -477.78125 -426.4375 -453.59375 -491.5 -401.6875 -475.875 -478.6875 -417.65625 -439.15625 -494.15625 -391.65625 -463.25 -502.03125 -386.28125 -451.53125 -383.09375 658.90625 -165.78125 -355.6875 678.75 -136.5625 -337.09375 683.9375 -154.71875 -303.28125 708.78125 -114.3125 -289.1875 706.96875 -125.09375 -264.625 728.40625 -76.03125 -250.8125 724.90625 -81.8125 -235.25 742.9375 -26.09375 -216.875 738.21875 -29.3125 -211 744.625 32.46875 -200.78125 735.28125 -32.09375 -194.84375 741.53125 32 -77.625 588.9375 -472.75 -74.53125 590.5 -482.28125 -101.1875 579.09375 -494 -119.4375 566.4375 -520.78125 -114.25 570.0625 -528.28125 -102.09375 573.53125 -531.5625 -131.625 552.25 -545.65625 -116.25 555.5 -548.25 -125.59375 533.125 -568.4375 -83 557.5625 -548.1875 -88.15625 534.65625 -568.65625 -41.9375 535.40625 -568.15625 -782.5625 227.53125 -130.90625 -778.03125 242.3125 -138.0625 -778.46875 228.0625 -153.875 -770.40625 246.21875 -170.40625 -772.28125 229.0625 -192.4375 -743.15625 250 -273.5 104.46875 759.90625 -51.125 135.28125 757.90625 -43.25 104.03125 765.15625 -10.90625 137.5625 763 -6.5 137.3125 765.59375 36.125 164.3125 760.125 -0.25 165.40625 762.53125 37.84375 185.9375 757.1875 37 164.25 756.90625 81.71875 182.4375 754.1875 69.03125 189.21875 748.3125 82.5625 198.03125 751.375 37.75 189.5 753.15625 -0.4375 207.46875 747.40625 39.21875 198 750.4375 -4.59375 612.4375 364.21875 -447.84375 622.46875 327.28125 -457.40625 611.71875 322.5625 -483.90625 617.6875 284.40625 -488.5 602.78125 275.15625 -519.125 610.78125 240.71875 -519.1875 591.875 228.875 -550.5 599.53125 196.84375 -550.28125 580.3125 185.5625 -576.65625 589.21875 152.375 -575.1875 575.65625 143.21875 -587.375 -523.3125 567.28125 180.78125 -499.5625 581.5 226.96875 -486.34375 625.21875 146.65625 -459.40625 637.9375 194.4375 -415.21875 677.75 164.59375 -428.53125 637.0625 236.625 -386.375 673.5 212.125 -363.75 662.90625 251.03125 -348.34375 702.53125 183.65625 -326.875 691.59375 221.3125 -298.125 717.625 180.84375 -310.8125 683.5625 240.53125 -282.09375 710.5 196.375 165.84375 737.96875 -104.625 121.34375 750.65625 -138.03125 74.25 755 -149.28125 30.78125 752.375 -138.71875 -14.1875 756.90625 -104 -53.96875 763 -63.1875 696.4375 342.78125 -44.09375 686.375 351.6875 -41.34375 673.75 353.40625 -76.75 670.96875 351.3125 -114.6875 661.90625 368.59375 -148.90625 655.375 355.34375 -108.40625 646.96875 371.0625 -142.71875 636.21875 374.15625 -137.40625 633.6875 394.53125 -173.5625 623.1875 396.75 -168.78125 609.4375 425.53125 -195.75 608.53125 166.1875 -548.6875 628.375 182.4375 -513.25 620.75 133.375 -544.75 640.34375 151.25 -509.3125 654.6875 112.03125 -503.625 653.625 169.40625 -466.28125 667.25 128.78125 -460.71875 677.9375 142.125 -423.6875 678.625 86.8125 -458.21875 689.75 97.875 -425.34375 536.84375 464.125 -488.5 527.5 469.46875 -490.03125 525.28125 480.65625 -474.125 510.46875 487.9375 -471.21875 510.53125 492.46875 -453.21875 491.40625 502.09375 -445.625 497.09375 505.75 -423.03125 482.34375 512.15625 -415.6875 -301.84375 -478.375 -509.875 -333.6875 -484.28125 -491.40625 -366.625 -487.0625 -473.78125 -327.9375 -484.28125 -478.3125 -361.0625 -485.90625 -459.84375 -354.09375 -484.15625 -443.8125 -394.46875 -479.59375 -445.40625 -389.46875 -475.5625 -428.25 -423.875 -461.34375 -421.15625 -388.34375 -475.21875 -411.25 -426.84375 -461.21875 -403.875 614.59375 364.5 -430.28125 624.8125 328.25 -439.4375 632.34375 294 -444.75 620.75 326.90625 -424.46875 628.625 293.40625 -429.03125 622.28125 291.8125 -410.875 637.03125 266.4375 -427.03125 630.25 266.09375 -409.0625 639.09375 244.28125 -401.8125 625 265.59375 -395.625 633.8125 244.59375 -388.25 649.03125 3.78125 -519.75 639.8125 -8.96875 -526.4375 631.84375 8.75 -540 618.78125 -8.59375 -541.53125 607.8125 18.75 -553.84375 583.59375 -5.5 -559.25 561.8125 33.5 -574.96875 538.65625 15.5625 -578.53125 -97 770.875 25.3125 -108.09375 768.84375 25.71875 -107.125 762.125 73.28125 -115.3125 755.4375 76.6875 -112.59375 745.625 119.40625 -121.03125 730.90625 125.34375 -108.28125 728.15625 158.3125 -117.03125 718.3125 168 -87.65625 717.28125 192.40625 -127.96875 -731.625 -80.4375 -119.625 -724.125 -127.09375 -78.65625 -730.875 -140.21875 -78.375 -723.59375 -163.875 -33.0625 -729.5 -171.1875 -33.96875 -719.1875 -178.5625 12.78125 -723.09375 -177.71875 13.1875 -705.59375 -186.53125 57.34375 -705.25 -176.875 59.75 -691.03125 -186.40625 101.28125 -688.6875 -166.9375 254.46875 56.3125 766.375 252.8125 68.25 764.875 234.25 72.125 776.0625 229.5 80.28125 773.125 209.28125 71.15625 784 197.84375 79.78125 777.71875 180 49.34375 783.15625 168.28125 55.03125 776.8125 155.34375 8.875 776.28125 -535.21875 545.3125 -160 -544.90625 531.03125 -181.75 -581.28125 499.84375 -140.40625 -584.46875 485.71875 -150.90625 -610.40625 460.75 -103.90625 -612.40625 443.34375 -113.125 -637.09375 421.25 -75.96875 -640.8125 404.875 -80.59375 -653.90625 383.6875 -45.9375 737.28125 260.53125 -8.125 745.25 237.90625 -13.25 746.53125 228.40625 -58.65625 746.59375 213.59375 -59.71875 742.1875 215.53125 -108.375 735.625 205.03125 -110.4375 725.3125 221.75 -163.84375 715.875 209.4375 -169.4375 696.84375 246.4375 -225.53125 690.375 239.0625 -230.4375 666.4375 286.71875 -276.25 -750.84375 169.0625 288.375 -737.96875 187.59375 325.03125 -731.03125 219.1875 310.34375 -712.40625 234.71875 350.5625 -705.96875 262.625 339.6875 -689.5625 274.03125 378.3125 -682.6875 298.1875 368.78125 -669.9375 303.71875 396.625 -662.3125 323.71875 388.4375 278.40625 -109.625 741.46875 264.90625 -75.875 760.1875 248.03125 -40.96875 774.8125 230.84375 -42.84375 781.96875 228.9375 -3.75 783.875 214.90625 -4.625 789.28125 215.3125 23.5 788.84375 -784.15625 184.625 -108.625 -782.1875 172.625 -93.09375 -773 206.28125 -81.59375 -766.1875 199.34375 -66.375 -752.375 236.6875 -65.78125 -746.09375 234.15625 -56.3125 -733.3125 274.6875 -62.09375 -729.03125 275.9375 -54.75 -711.15625 317.25 -68.65625 -689.875 349.375 -94.78125 -624.84375 303.96875 463.3125 -603.53125 303.75 472 -621.15625 324.1875 447.84375 -600.875 326.21875 456.0625 -600.40625 344.9375 435.15625 -581.84375 325.3125 459.125 -582.1875 345.0625 436.25 -569.25 344.6875 436.46875 -584.65625 361.40625 408.65625 -571.1875 363.34375 408.34375 -573.53125 380.125 375.65625 -126.6875 509.28125 -588.53125 -142.90625 505.09375 -587.4375 -143.09375 529.6875 -566.21875 -151.0625 523.625 -560.75 -137.90625 546.6875 -539.34375 -143.5 539.6875 -530.21875 -124.5625 561.375 -510.40625 -129.3125 558.65625 -503 -105 577.1875 -485.90625 -625.21875 454.0625 64.28125 -636.125 443.5 30.59375 -635.21875 434.09375 73.3125 -644.75 426.65625 41.3125 -648.25 409.75 40.875 -647.75 426.21875 15.875 -651.53125 409.125 13.625 149.96875 -740.5625 137 190.1875 -739.25 98.40625 156.0625 -730.75 142.6875 197.25 -728.53125 102.0625 205.875 -712.25 106.625 225.96875 -726.28125 50.78125 234.90625 -709.59375 53.28125 247.65625 -706.8125 1.25 241.75 -697.71875 54.375 253.96875 -694 0.75 690.5 -163.40625 -346.25 683.96875 -147.5 -348.96875 668.4375 -164.625 -367.53125 660.46875 -142.90625 -377.6875 652.71875 -181.1875 -387.65625 645.8125 -161.09375 -401.5 639.3125 -149.21875 -408.96875 -474.6875 591.90625 260.4375 -509.875 552.5 280.53125 -454.125 595.3125 283.71875 -485.25 567.625 289.09375 -486.90625 557.6875 299.5625 -518.34375 532.875 293.5 122.34375 -729.3125 -119.0625 108.59375 -737.6875 -106.5625 86.4375 -735.96875 -132.90625 76.46875 -748.03125 -79.46875 711.9375 296.0625 -145.625 706.4375 301.5625 -198.375 696.96875 321.4375 -207.28125 695.71875 315.90625 -246.625 635.34375 -243.875 -404.53125 635.84375 -236.25 -406.9375 648.03125 -222.15625 -396.25 646.625 -210.28125 -400.71875 660.5625 -194.40625 -382.53125 736.375 266.90625 28.625 741.5625 249.34375 15.75 740.625 243.375 26.4375 732.96875 265 47.59375 -59.1875 760.25 110.6875 -60.46875 757 138.46875 -23.6875 759.90625 114.53125 -25.625 757.4375 146.03125 16.90625 753.65625 151.90625 -28.0625 754.5625 167.8125 15.625 752.09375 175.40625 657.53125 405 -230.5 643.9375 429.0625 -248.6875 652.53125 413.8125 -216.84375 643.21875 429.21875 -232.625 635.46875 439.1875 -231.5 633.15625 440.125 -255.875 -146.625 -731.59375 114.625 -98.5625 -744.96875 123 -45.34375 -755.75 79.21875 11.03125 -760.78125 0.375 702.75 -308.09375 -57 704.96875 -294.21875 -81.5625 714.15625 -278.875 -49.5625 719.25 -260.40625 -72.46875 722.8125 -244.71875 -65.53125 722.15625 -245.9375 -102.875 726.84375 -228.4375 -96.4375 -737.25 251.3125 122.6875 -718.71875 290.9375 148.6875 -743.71875 249.21875 144.5 -727 285.375 167.9375 -731.75 279.71875 181.6875 -705.71875 316.75 203.34375 -713.71875 309.28125 214.84375 -697.1875 334.21875 256.65625 -719.84375 298.75 224.53125 -704.71875 320.4375 265.3125 -407 631.53125 271.34375 -395.0625 621.5625 290.6875 -349.84375 653.90625 272.03125 -336.96875 641.3125 283.40625 -294.96875 673.9375 250.875 -756.9375 212.09375 135.21875 -753.375 210.6875 112.65625 -727.96875 252.875 99.9375 -708.65625 297.5625 127.28125 -157.03125 -727.125 -75.09375 -147.1875 -721.84375 -111.40625 -154.15625 -717.09375 -120.8125 -176.84375 -726.21875 -79.40625 643.25 198.8125 -474 634.34375 224.03125 -481.59375 655.09375 211.75 -442.375 646.375 235.34375 -454.03125 649.6875 240.9375 -435.625 637.59375 261.40625 -461.375 640.9375 265.6875 -443.125 -785.1875 158.4375 -131.96875 -781.75 141.34375 -118.03125 -775.90625 126.46875 -105.65625 -781.90625 107.125 -146.96875 -775.21875 89.25 -136.21875 -771.5625 45.59375 -166.96875 -768.8125 78.78125 -130.4375 -763.71875 34.78125 -163.1875 -790.03125 98.34375 -227.71875 -785.625 78.40625 -246.84375 -778.46875 127.6875 -240.9375 -744.84375 322.34375 -151.53125 -749.59375 316.6875 -165.3125 -755.03125 301.15625 -129.96875 -759.0625 296.28125 -144.53125 -769.46875 272.75 -131.46875 -760.03125 284.5 -166.1875 -770.75 262.21875 -149.78125 581.375 -369.65625 -391 583.75 -395.75 -359.21875 564.78125 -369.03125 -394.3125 567.40625 -398.03125 -361.9375 544.09375 -401.8125 -364.90625 570.96875 -429.40625 -313.28125 549.25 -436.09375 -315.875 557.09375 -467.1875 -268.53125 541.625 -436.75 -316.625 545.5625 -470.3125 -267.53125 151.5625 439.65625 -638.21875 186.5625 454.90625 -625.34375 153.46875 429.8125 -635.65625 191.1875 443.6875 -622.25 194.59375 433.09375 -616.78125 221.1875 467.03125 -597.125 225.84375 457.21875 -590.78125 -433.59375 -408.09375 -539.03125 -464 -399.46875 -526.59375 -454.8125 -371.40625 -558.09375 -469.78125 -371.53125 -544.0625 -456.8125 -357.21875 -560.78125 -126 482.3125 -606.65625 -131.0625 474.875 -602.25 -100.25 457.5 -618.5625 65.8125 766.375 -15.3125 128.125 757.5625 -73.40625 -75.25 577.625 -529.625 -41.125 558.6875 -546.75 0.75 536.34375 -567.71875 3.90625 511.28125 -591.0625 42.46875 510.9375 -591.25 64.21875 725.0625 213.5625 114.125 726.875 207.03125 109.90625 740.09375 197.125 150.375 740.65625 178.53125 142.40625 746.15625 168.4375 173.1875 745.46875 136.6875 163.03125 749.25 126.0625 548.5 297.125 -574.6875 555.875 346.5625 -553.8125 564.78125 390.3125 -519.40625 567.96875 424.9375 -483.15625 -476.375 -365.875 -535.84375 -490.3125 -386.28125 -510.84375 -481.3125 -393.09375 -518 -482.78125 -416.90625 -489.53125 -465.25 -427.59375 -491.5625 682.21875 -269.5 17.03125 670.28125 -305.78125 20.875 679.28125 -312.28125 5.78125 678.84375 -351.875 -16.21875 674.78125 -381.9375 -41.03125 197.34375 746.03125 90.15625 207.59375 740.375 95.59375 183.59375 740.4375 144.9375 192.84375 728.90625 152.59375 157.34375 728.53125 188 162.28125 721.0625 194.90625 -755.25 139.625 303.84375 -742.53125 157.09375 338.125 -724.5 174.8125 372.8125 -747.09375 132.21875 348.8125 -731.1875 149.5 382.34375 481.875 333.3125 -580.15625 478.34375 385.125 -557.21875 497.96875 387.09375 -555 494.71875 426.84375 -530.09375 518.375 425.5 -529.5 514.78125 454.09375 -507.5625 531.28125 450.4375 -507.8125 -250.78125 744.34375 -22.34375 -279.78125 729.6875 -66.75 -328.34375 705.125 -96.625 -390.15625 660.15625 -117.625 -116.09375 762.5 26.375 -122.3125 757.9375 -27.25 -124.53125 748.6875 27.09375 -131 743.875 -29.46875 -141.3125 734.1875 -32.21875 -130.375 736.3125 -81.5625 -139.03125 728.15625 -87.1875 -114.9375 726.46875 -128.40625 -296.375 -478.25 -497.4375 -266.84375 -473.8125 -515.65625 -287.03125 -478.28125 -483.71875 -256.46875 -473.1875 -501.90625 -244.6875 -474.6875 -491.1875 -229.28125 -464.9375 -521.03125 -216.53125 -464.34375 -510.65625 -197.71875 -442.5625 -532.8125 -590.625 467.09375 174.59375 -615.40625 441.46875 119.96875 -590.75 449.09375 182.6875 -615.875 421.9375 125.65625 -619.25 404.34375 132.53125 -640.625 398.71875 79.53125 -643.40625 380.28125 83.25 -228.78125 -410.96875 -605.375 -231 -378.53125 -618.4375 -243.34375 -339.84375 -627.25 -232.28125 -327.875 -621.8125 -261.15625 -306.75 -631.40625 692.4375 333.34375 35 682.9375 349.5 2.21875 678.09375 337.4375 44.21875 668 353.8125 9.71875 657.71875 357.78125 17.03125 661.6875 362.0625 -30.90625 652.59375 365.28125 -24.09375 649.40625 362.90625 -64.59375 627.3125 -27.5625 -526.09375 637.625 -39.65625 -506.78125 610.3125 -54.8125 -526.0625 624.84375 -68.6875 -504.75 613.6875 -96.21875 -501.875 637.3125 -72.21875 -479.40625 630.1875 -100.90625 -472.9375 646.34375 -93.46875 -445.21875 117.125 423.1875 -646.3125 118.15625 410.8125 -642.03125 82.8125 408.625 -649.53125 83.375 397.4375 -647.5625 48.15625 400.65625 -647.5625 -486.21875 -414.34375 -425.09375 -460.25 -440.28125 -408.8125 -454.03125 -440.84375 -424.875 -426.3125 -465.875 -438.59375 619.09375 423.78125 -198.6875 634.03125 422.0625 -203.8125 648.59375 393.15625 -179.40625 658.65625 389.84375 -185.875 672.21875 364.34375 -155.03125 -637.71875 321.40625 439.65625 -635.03125 336.78125 423.96875 -645.71875 331.8125 419.59375 200.34375 -116.5 784.75 193.34375 -89.40625 790.59375 189.8125 -120.96875 782.6875 182.125 -90.96875 789.09375 105.40625 -731.9375 170.40625 111.25 -718.09375 180.53125 54.1875 -720.1875 198.65625 55.59375 -710.71875 202.875 -4.03125 -712.71875 207.03125 -717.03125 86.4375 410.28125 -724.71875 46.03125 361.46875 -731.84375 28.25 294.28125 -722.96875 18.21875 290.6875 -735.3125 34.09375 220.15625 724.53125 198.46875 3 730.6875 204.125 -1.4375 731.40625 191.6875 -57.28125 740.71875 214.03125 -6.84375 741.34375 202.8125 -58.75 -386.34375 609.75 305.03125 -436.65625 577 313.75 -374.6875 595.1875 318.25 -427.34375 561.9375 327.71875 -419.96875 549.28125 341.46875 575.125 422.625 -400.59375 566.25 420.84375 -383.3125 592.625 394.9375 -407.5625 585.65625 393.4375 -389.625 603.6875 361.5 -397.75 578.53125 393.34375 -378.0625 597.5625 361.65625 -385.46875 214.78125 476.875 -601.5625 201.09375 485.90625 -601.53125 230.0625 501.28125 -571.71875 212.65625 506.84375 -575.3125 -161.96875 -706.96875 -127.875 -122.84375 -706.90625 -154 -129.21875 -689.1875 -161.71875 -85.21875 -695.03125 -178.53125 -135.78125 -674.625 -170.125 -89.53125 -680.5 -187.03125 -767.875 120.3125 127.875 -761.34375 163.65625 99.0625 -759.625 109.6875 112.625 -754.78125 156.71875 81.59375 -746.34375 151.5625 70.4375 -737.625 205.4375 72.21875 -728.0625 202.90625 61.125 698.875 -131.84375 -327.40625 692.375 -107.53125 -330.84375 704.40625 -95.96875 -300 699.15625 -78.6875 -299.84375 707.03125 -73.78125 -264.09375 648.15625 221.5 -390.53125 654.28125 219.0625 -408.8125 662.96875 188.78125 -397.375 667.15625 188.125 -411.0625 681.15625 146.5 -403.34375 285.375 52.4375 737.4375 278.15625 62.15625 728.3125 268.625 67.96875 748.90625 262.90625 79.1875 739.75 242.8125 88.5 753.5625 255.34375 87.21875 736.0625 234.59375 97.5 748.90625 224.40625 -702.71875 -63.65625 242.65625 -704.5625 -36.75 249.125 -691.84375 -37.625 -602.03125 359.40625 409.09375 -605.96875 370.9375 378.65625 -619.75 354.71875 407.5625 -622.65625 364.65625 380.0625 -430.34375 603.25 -228.03125 -422.375 590.03125 -241.59375 -490.59375 557.4375 -219.84375 -484.59375 540.59375 -232.96875 -543.96875 500.34375 -206.71875 -480.65625 526.4375 -244.03125 -543.1875 487.1875 -215.6875 60.09375 752.09375 155.3125 18.46875 758.21875 118.46875 -20.6875 766.5625 72.59375 -641.6875 437.375 14.9375 -639 444.875 -5.53125 -649.375 428.625 -7.78125 -675.34375 348.59375 302.59375 -688.6875 345.71875 247.6875 -696.09375 325.78125 187.8125 641.15625 -411.21875 -163.78125 632.78125 -428.65625 -161.65625 633.0625 -422.75 -186.9375 623.8125 -443.3125 -184.8125 -732.28125 -14.15625 -292.625 -744.1875 -23.4375 -245 -748.15625 -18.90625 -245.75 -760.0625 -2.6875 -200.34375 -768.03125 8.09375 -202.4375 -511.375 601.84375 97.03125 -471.5625 642.65625 66.5625 -494.21875 603.125 19.1875 -304.40625 748.1875 74.4375 -339.09375 734.75 105.125 -290.9375 744.28125 113.15625 -316.1875 727.4375 148.59375 666.53125 385.71875 -191.9375 -376.78125 710.40625 136.5625 -400.65625 696.6875 86.71875 -440.90625 665.1875 115.09375 214.09375 -44.5 786.78125 201.03125 -45.90625 790.90625 201.875 -86.53125 788.84375 301.15625 -104.03125 718.84375 306.15625 -108.5625 713.15625 313.125 -69.75 721.8125 316.96875 -71.96875 713.96875 620.9375 -433.8125 -153.375 626.03125 -429.46875 -127.4375 637.40625 -423.96875 -135.125 725.5625 -148.875 -269.4375 728.65625 -160.1875 -249.25 704.03125 -208.59375 -278.25 631.0625 -427.625 -99.0625 614.4375 -430.9375 -85.59375 606.75 -433.46875 -115.21875 725.65625 -171.9375 -164.875 731.0625 -150.625 -186 715.96875 -154.3125 -151.0625 720.15625 -130.96875 -174.0625 681.71875 -315.8125 -197.46875 649.90625 -381.875 -204.40625 644.625 -381.75 -225.8125 734.78125 -131.1875 -209.3125 739.375 -146.25 -213.4375 736.15625 -135.78125 -239.46875 201.875 -139.75 772.28125 187.34375 -146.96875 766.28125 202.8125 -163.40625 755.75 -696.375 248.90625 387.40625 -683.4375 259.75 413.125 -676.71875 282.4375 404.78125 -667.65625 288.8125 421.75 -661.71875 307.3125 413.65625 -277.1875 737.46875 134.75 -275.46875 751.75 84.75 -142.09375 456.6875 -590.21875 -136.375 465 -595.28125 -156.78125 489.5 -575.8125 -150.5 498.25 -582.96875 -701.375 220.28125 395.71875 -689.71875 234.3125 421 664.28125 183.40625 -430.125 299.375 -35.71875 736.84375 305.1875 -34.84375 728.625 296.375 -7.6875 741.09375 300.6875 -5.71875 734.71875 559.5625 464.3125 -429.625 547.46875 475.3125 -432.71875 542.4375 477.9375 -419.28125 -637.8125 447.46875 -28.21875 -619 467.84375 -4.75 538.3125 481.0625 -436.0625 545.0625 473.6875 -448.71875 689.03125 312 65.46875 679.6875 313.96875 72.75 693.84375 282.90625 80.5625 725.375 192.8125 -112.90625 718.6875 182.75 -115.40625 710.1875 200.65625 -174.34375 644.90625 380.25 -300.5 619.0625 404.25 -302.5 603 426.9375 -286.3125 117.75 718.15625 214.9375 -616.03125 379.96875 339.09375 -598.53125 385.28125 335.28125 -618 385.65625 277.28125 11.34375 482.125 -617.8125 597.84375 -34.125 -543.0625 579.40625 -56.90625 -543.65625 562.59375 -26.46875 -561.1875 -715 252.125 83.5 -747.375 208.71875 89.6875 492.125 457.90625 -507.78125 475.46875 461.34375 -508.28125 490.3125 481.1875 -487.625 475.125 485.71875 -486.40625 474.96875 500.96875 -463.71875 -597.9375 238.40625 496.03125 -583.625 234.84375 498.28125 -589.5 274 489.78125 -574.875 271.15625 491.03125 -569.71875 299.5 477.40625 206.40625 556.96875 -493.34375 180.0625 575.125 -479.625 210.96875 552.46875 -484.25 183.59375 571.9375 -469.40625 623.4375 443.90625 -228.25 -477.25 -434.53125 -470.65625 -399.34375 -482.125 -459.1875 -731.59375 294.6875 -276.15625 -707.03125 192.28125 403.71875 -241.5 -466.71875 -534.34375 -712.0625 348.53125 -240.1875 -157.25 515.71875 -552.78125 -162.375 510.59375 -547.625 -162.09375 483.75 -571.1875 -320.6875 -335.90625 -647.40625 -382.25 -291.1875 -620.0625 -380.65625 -276.75 -621.0625 687.4375 -0.375 -446.375 217.625 -737.46875 48.875 601.21875 117.625 -569.53125 666.125 72.84375 -496.3125 625.34375 252 -487 645.6875 242.96875 -419.875 72.84375 585.71875 -517.71875 -698.84375 181.875 443.65625 649.09375 -44.46875 -485.875 -724.15625 227.8125 -330.9375 -738 197.5 -335 511.84375 475.71875 -489 662.625 -77.625 -421.28125 649.25 -66.28125 -455 697.0625 42.5 -379.6875 693.65625 33.5 -364.6875 512.65625 194.0625 -597.84375 486.9375 183.21875 -600.90625 -750.0625 308.65625 -188.53125 -697.375 364.8125 -142.90625 632.09375 -228.0625 -412.875 541.28125 -305.21875 -426.0625 537.3125 -334.65625 -414.875 520.75 -300.25 -431.21875 514.90625 -329.625 -418.0625 -3.6875 609.625 -490.0625 706.1875 -282.71875 -111.4375 732.5625 -172.71875 -219.375 586.875 -424.875 -312.03125 236.28125 494.09375 -566.375 566.0625 -480.21875 -225.65625 553.375 -482.78125 -222.84375 237.3125 -145.71875 757.15625 306.4375 -112.375 702.03125 289.1875 -144.53125 703.1875 305.46875 -115.53125 693.5625 285.6875 -149.46875 692.4375 272.8125 -163.9375 709.59375 268.09375 -169.5 698.75 163.71875 755.78125 -37.03125 -430.875 674.90625 36.9375 -480.75 545.75 311.71875 735.6875 234.125 35.34375 -680.46875 282.15625 -314.6875 -660.875 320.3125 -303.78125 -656.0625 355.875 -276.0625 -64.4375 754.09375 155.1875 145.78125 590.84375 -468.90625 148.4375 588.53125 -458.03125 -214.1875 735.3125 93.5 -197.3125 731.25 95.1875 -761.65625 194.78125 -57.5625 -771.9375 155.0625 -71.34375 -760.78125 191.3125 -53.28125 -770.90625 151.21875 -68.125 -321.375 625.84375 294.03125 -307.0625 612.90625 304.875 217.53125 741.96875 41.4375 169.84375 732.875 -107.5 -568.25 323.375 459.625 -584.0625 302.125 476.625 -121.625 750.0625 -76.71875 -769.125 113.21875 -95.34375 -770.75 117.5625 -98.375 136.75 759.96875 84.0625 -492.21875 -376.75 -503.03125 -80.84375 -713.0625 -170.78125 -229.6875 -698.90625 28.15625 -218.46875 -706.84375 28.0625 -545.5625 516.8125 -193.71875 -114.09375 764.5 -25.125 288.40625 -6.1875 749.09375 306.59375 -66.84375 725.625 -186.9375 -415.375 -558.375 -209.75 -447.71875 -543.625 -88.65625 583.8125 -519.96875 291.40625 12.53125 742.75 -734.65625 272.9375 191.875 -766.75 170.5 120.8125 114 558.1875 -539.46875 -272.90625 -474.15625 -527.46875 658.6875 358.28125 -70.90625 693.25 345.21875 -4.15625 679.5625 -1.15625 -466.15625 676.34375 357.96875 -37.09375 268.8125 59.40625 753.71875 312.59375 -35.46875 725.28125 204.21875 -1.375 792.5625 249.4375 75.5625 760.5625 -789.8125 170.84375 -141.375 192.75 -46.8125 792.9375 181.4375 -743.28125 90.6875 35.53125 605.96875 -498.8125 -701.6875 365.4375 -196.0625 177.53125 494 -597 307.21875 5.40625 703.71875 288.90625 43.375 710.84375 294 37.53125 717.6875 211.21875 99.3125 761.5 220.28125 91.1875 766.8125 287.96875 -137.21875 715.8125 -780.75 63.375 -174.15625 -788.5 126.4375 -158.78125 -190.3125 -717.53125 77.6875 212.65625 -700.5625 109.40625 168.53125 -705.03125 152.9375 163.4375 -715.40625 149.59375 525.21875 471.6875 -372.1875 540.09375 446 -370.3125 549.53125 445.84375 -380.5 -31.75 750.78125 181.8125 670.21875 349.53125 -282.53125 196.96875 426.96875 -613.34375 157.71875 408.25 -626.84375 155.4375 418.0625 -630.40625 -443.53125 588.96875 299.6875 629.25 291.5 -462.8125 177.5625 580.09375 -491.4375 -614.90625 455.09375 116.71875 103.03125 767.34375 32.96875 -608.875 276.59375 483.53125 -619.5625 341.375 429.90625 -368.375 -478.65625 -493.875 -634.28125 348.71875 405 -726.625 283.25 234.09375 -292.15625 -370.28125 -634.15625 -492.875 570.4375 -207.375 -229.8125 749.3125 33.15625 -319.46875 -484.15625 -463.78125 -312.15625 -487.34375 -451 -587.96875 455.96875 -170.625 -585.96875 468.625 -162.34375 -663.21875 294.125 432.65625 -742.59375 329.0625 -183.8125 -560.9375 468.03125 241.03125 -558.15625 451.15625 250.09375 -721.34375 325.78125 -266.34375 -761 199.53125 194 -637.84375 418.65625 75.21875 -747.65625 303.125 -117.5625 -765.78125 275.5625 -117.28125 -750 115.59375 354.375 -711.5 136.5625 436.78125 -650.6875 388.65625 41.40625 -777.25 248.125 -123.96875 -770.96875 126.53125 217.8125 -771.40625 160.46875 193.9375 -762.8125 95.6875 256.875 -291.1875 659.6875 -200 -351.6875 625.90625 -237.09375 -360.03125 633.53125 -226.03125 -37.8125 -687.3125 -196.40625 -35.90625 -701.40625 -187 -243.40625 -435.09375 -585.21875 597.90625 397 -421.28125 609.875 362.9375 -416.03125 -350.0625 -310.0625 -639.375 695.875 10.78125 -416.25 537.59375 244.46875 -587.375 609.46875 324.96875 -393.09375 615.34375 325.375 -405.9375 636.3125 95.09375 -537.03125 667.1875 -398.1875 -65.75 707.46875 -296.0625 -37.75 655.59375 -377.0625 -182.5625 715.9375 -266.1875 -42.21875 718.21875 -235.84375 -56.125 637.8125 -197.875 -407.8125 -118.71875 -717.25 -147.28125 685.09375 -336.21875 -91.71875 -75.15625 725.03125 -158.5625 -108.71875 734.375 -122.03125 198.59375 721.875 158.5 217.6875 728.625 100.875 564.875 -340.8125 -411.21875 597.65625 -379.59375 -354.6875 624.84375 -433.6875 -208.65625 715.5 -172.34375 -128.09375 708.15625 -156.625 -113.125 654.90625 -128.875 -383.59375 672.21875 -108.75 -359.78125 676.09375 -124.40625 -355.5625 521.75 -361.71875 -398.4375 538.28125 -366.25 -397.375 577.53125 -459.6875 -268.375 624.5625 -400.625 -12.5625 613.4375 -419.6875 -41.4375 624.75 -420.875 -54.4375 -123.9375 741.25 80.25 -134.90625 730.6875 85.21875 248.78125 -160.4375 743.0625 647.40625 417.84375 -266.3125 644.59375 418.15625 -209.9375 143.59375 -736.96875 -80.46875 716.9375 279.78125 -185.0625 725.6875 289.4375 34.375 744.75 224.84375 -12.09375 616.40625 290.875 -397.4375 -713 12.78125 -335.78125 -699.15625 55.375 -371.46875 -760.9375 29.15625 -162.25 239.28125 -724.03125 0.90625 119.5 400.09375 -639.4375 -662.15625 210.40625 -375.53125 -647.96875 249.09375 -348.625 706.3125 317.375 -89 -744.84375 63.59375 155.21875 476.46875 508.9375 -439.84375 114.4375 -708.90625 184.375 -490.8125 -410.21875 -483.90625 -163.5 -732.15625 -24.03125 -600.34375 392.125 272.5 -580.8125 390.96875 332.53125 -349.84375 -486.03125 -428.9375 197.6875 -700.625 -83.71875 175.5625 467.75 -621.5 -41.625 602.1875 -486.375 228.90625 526 -547.25 687.75 -90.53125 -332.125 535.46875 -400.78125 -366.96875 683.65625 52.875 -460.09375 605.9375 -428.84375 -74.71875 -718.46875 204.375 362.1875 723.25 -233.03125 -134 269.8125 70.21875 721.09375 734.96875 -163.6875 -192.4375 188.21875 86.8125 771.75 658.4375 217.375 -423.5625 649.28125 -19.6875 -508.9375 174.9375 -151.75 758.65625 173.1875 -125.75 777.625 228.78125 -123.46875 770.34375 489.84375 495.25 -467.21875 622.9375 -255.25 -412.9375 -131.84375 718.6875 133.40625 182.375 757 9.6875 231.46875 -690.15625 -65.28125 -759.4375 268.8125 -190.53125 -789.875 131.75 -207 -616.375 428.71875 -120.71875 -674.21875 268.375 429.9375 -528.15625 468 301.3125 -79.25 755.65625 130.25 708.15625 -173.15625 -85.6875 -230.4375 -698.03125 -35.71875 -415.5625 578.09375 -252.9375 619.15625 210.34375 -516.375 -534.28125 534.90625 257.03125 -359.78125 724.125 55.9375 -747.53125 247.25 159.75 -588.78125 375.34375 376.9375 -705.3125 252.3125 -322.875 -776.375 161.71875 -79.25 532.15625 -272.375 -440.6875 563.71875 -475.90625 -187.0625 557.5 420.15625 -372.5625 -652.4375 84.90625 463.90625 -663.59375 92.625 461.8125 -596.6875 190.5625 495.78125 708.34375 -137.5625 -138.15625 -277.09375 -481.09375 -472.1875 668.34375 341.28125 51.625 725.5 184.40625 -56.03125 -735.3125 34.09375 220.15625 -744.84375 43.25 226.21875 -749.71875 103.09375 102.5625 -728.0625 202.90625 61.125 -737.625 205.4375 72.21875 -687.46875 371.03125 -135.59375 -134.9375 738.4375 28.09375 251.21875 -179.09375 709.3125 644.15625 360.28125 -102.40625 13.78125 -691.375 -196.4375 684.21875 90.25 -355.84375 595.6875 -80.0625 -525.90625 231.4375 530 -502.78125 476.25 428.125 -531.40625 -149 535.75 -523.78125 -662.5625 385 -236.125 -651.6875 357.1875 -276.0625 -743.8125 232.3125 -50.28125 -746.09375 234.15625 -56.3125 109.6875 600.625 -450.96875 202.90625 729.0625 -58.34375 -630.0625 383.1875 207.3125 -645.125 375.21875 213.8125 -766.5 73.65625 -128.53125 -768.8125 78.78125 -130.4375 -766.5 73.65625 -128.53125 -735.90625 -9.78125 -293.34375 -757.65625 -7.53125 -200.375 -208.6875 712.65625 156.84375 -364.75 583.5625 330.96875 -674.9375 160.75 -391.75 -677.78125 165.65625 -389.3125 -592.3125 432.40625 190.84375 -416.65625 -282.65625 -596.46875 32.65625 607.3125 -451.21875 -643.9375 321.71875 -303.65625 -648.0625 321.0625 -303.96875 492.3125 146.71875 -603.65625 -630.0625 383.1875 207.3125 -743.8125 232.3125 -50.28125 271.65625 363.5 -630.78125 268.9375 352.53125 -619.96875 292.25 345.78125 -615.4375 276.5625 343.5625 -612.3125 288.21875 355.78125 -592.875 265.625 352.375 -608.375 270.28125 353.75 -593.53125 299.53125 357.25 -602.78125 292.5 371.125 -595.1875 275.1875 377.65625 -597.65625 269.40625 370.34375 -598.78125 271.375 375.375 -613.75 263.21875 369.84375 -612.03125 282.09375 376.40625 -629.5 301.8125 377.59375 -617.1875 293.65625 360.40625 -622.1875 -320.5 -594.625 295.25 -325.84375 -580.5 299.25 -344.5625 -578.875 283.21875 -336.0625 -571.84375 295.03125 -358.96875 -579.84375 303.625 -332.09375 -575.84375 308.5 -346.21875 -573.625 314.78125 -359.5 -587.21875 290.4375 -361.15625 -595.6875 305.4375 -348.03125 -598.03125 318.46875 -342.8125 -590.21875 318.875 -333.5 -600.03125 310.5 -328.90625 -592.34375 314.9375 -329.3125 -608.6875 294.03125 -351.75 -610.90625 288.34375 -341.5 -594.71875 284.03125 -162.90625 612.03125 406.03125 -173.84375 595.96875 415.625 -158.625 569.375 400.34375 -174.25 576.5 414.71875 -146.34375 562.5 432 -174.0625 588.84375 430.78125 -164.6875 574.53125 444 -137.15625 563.46875 413.21875 -127.375 574.25 432.28125 -136.875 594.53125 445.15625 -149.84375 593.53125 445.46875 -146.71875 608.5 429.5625 -159.25 608.375 435.4375 -139.96875 614.25 404.65625 -117.9375 590.71875 403.71875 -144.125 586.21875 397.625 718.71875 87.9375 -17.3125 719.1875 76.65625 -6.5 736.03125 62 -17.0625 725.90625 64.4375 -4.71875 750.3125 68.40625 2.375 723.71875 75.46875 4.625 736.4375 72.5 13.15625 753 67.9375 -12.4375 757.65625 81.6875 -3 746.25 93.84375 5.375 738.78125 89.15625 8.59375 733.0625 95.9375 -4.59375 726.28125 93.125 2.15625 731.65625 96.3125 -23.625 753.5 88.71875 -26.375 738.375 76.34375 -24.125 725.1875 45.34375 86.96875 717.03125 34.09375 94.125 727.3125 14.46875 83.25 716.34375 20.0625 93.6875 736.34375 9.5625 106.03125 716.875 29.125 105.15625 723.46875 18.75 114.75 742.8125 9.875 92.375 750.28125 17.625 105.9375 743.96875 32.59375 115.125 734.59375 32.125 115.46875 737.03125 42.6875 103.8125 728.03125 42.9375 108.15625 741.75 46.46875 85.71875 757.15625 29.03125 85.0625 738.09375 26.28125 80.96875 -159 543.8125 515.28125 -159.90625 528.3125 517.125 -138.28125 522.03125 507 -152 517.125 513.96875 -132.125 515.09375 530.1875 -158.90625 520.5625 526.375 -149.1875 512.59375 535.5625 -124.90625 523.375 519.8125 -126 528.6875 536.28125 -141.40625 533.96875 545.34375 -148.5625 528.59375 542.40625 -151 542.125 534.375 -158.9375 536.125 535.375 -146.46875 553.75 519.90625 -123.875 548.3125 521.34375 -136.46875 537.65625 510.65625 579.90625 -246.375 395.5625 566.09375 -249.71875 402.09375 554.78125 -259.375 382.40625 553.8125 -255.15625 397.9375 555.5625 -280.6875 395.40625 561.875 -258 409.8125 556.625 -272.59375 411.5 559.15625 -277.375 381.09375 569.78125 -286.84375 390.96875 579.21875 -281.03125 405.96875 573.875 -274.875 410.65625 584.03125 -265.34375 403 579.5 -261.40625 410.96875 589.625 -256.75 386.875 582.9375 -274.8125 373.78125 570.5 -260.40625 378.78125 284.46875 157.25 717 270.65625 153.9375 723.53125 259.34375 144.25 703.8125 258.375 148.5 719.375 260.125 122.9375 716.8125 266.4375 145.625 731.21875 261.1875 131.03125 732.90625 263.71875 126.25 702.53125 274.34375 116.78125 712.40625 283.78125 122.59375 727.40625 278.4375 128.75 732.09375 288.59375 138.28125 724.40625 284.0625 142.21875 732.40625 294.15625 146.875 708.28125 287.5 128.8125 695.21875 275.0625 143.21875 700.1875 -607.5625 -24.59375 481.03125 -610.84375 -10.59375 474.9375 -611.625 -16.9375 451.0625 -612.75 -5.1875 462.09375 -635.9375 -11.53125 452.90625 -620.5625 -3.4375 474.34375 -633.96875 -0.375 466.9375 -628.5625 -23.34375 447.03125 -642.21875 -25.65625 457.46875 -643.1875 -21.625 475.625 -638.28125 -13.78125 477.21875 -628.28125 -25.0625 482.25 -626.65625 -15.875 485.8125 -615.6875 -38.875 478.3125 -627.15625 -45.25 459.09375 -613.625 -30.9375 458.90625 -542.6875 46.46875 -485.1875 -534.25 42.3125 -488.75 -535.09375 28.21875 -481.3125 -529.75 34.46875 -487.71875 -537.1875 22.25 -496.125 -531.90625 39.25 -495.5625 -531.9375 31.125 -501.53125 -541.9375 20.78125 -487.75 -547.5 22.71875 -497.25 -547.65625 32.96875 -503.5625 -542.15625 35.46875 -503.28125 -547.46875 41.0625 -496.46875 -542.09375 43.78125 -498.8125 -552.5625 42.21875 -485.3125 -556.28125 27.65625 -484.8125 -544.875 31.84375 -481.03125 -310.3125 21.875 -687.40625 -299.0625 22.53125 -691.6875 -289.65625 22.96875 -675.125 -289.0625 23.25 -687.5625 -283.03125 5.6875 -680.5625 -293.0625 16.6875 -695.78125 -284.9375 7.9375 -694.15625 -287.59375 9.5625 -670.5625 -291.65625 -1.9375 -675.96875 -298.9375 -3.5625 -688.25 -296.59375 1.34375 -693 -307.15625 6.25 -689.15625 -304.5 8.84375 -695.90625 -314.8125 13.46875 -678.84375 -305.78125 5.5 -665.5 -300.78125 18.1875 -672.15625</float_array>
                    <technique_common>
                        <accessor count="2236" source="#pointarray1" stride="3">
                            <param name="X" type="float"/>
                            <param name="Y" type="float"/>
                            <param name="Z" type="float"/>
                        </accessor>
                    </technique_common>
                </source>
                <source id="uvs1">
                    <float_array id="uvarray1" count="4158">0.2626953125 -2.4501953125 0.2568359375 -2.4736328125 0.1904296875 -2.4609375 0.1923828125 -2.474609375 0.12890625 -2.4931640625 0.193359375 -2.494140625 0.1357421875 -2.5107421875 0.146484375 -2.5380859375 0.08984375 -2.5400390625 0.1083984375 -2.5625 0.078125 -2.595703125 0.1259765625 -2.5849609375 0.1015625 -2.6103515625 0.1162109375 -2.619140625 0.083984375 -2.64453125 0.1005859375 -2.6494140625 0.08984375 -2.68359375 0.1171875 -2.658203125 0.10546875 -2.689453125 0.1328125 -2.7109375 0.0966796875 -2.7216796875 0.1181640625 -2.7412109375 0.107421875 -2.76953125 0.14453125 -2.7744140625 0.126953125 -2.8017578125 0.1513671875 -2.8447265625 0.1142578125 -2.8173828125 0.13671875 -2.8671875 0.107421875 -2.828125 0.1025390625 -2.8388671875 0.09375 -2.791015625 0.0859375 -2.796875 0.0810546875 -2.755859375 0.0732421875 -2.8095703125 0.0654296875 -2.7646484375 0.0380859375 -2.7783203125 0.06640625 -2.72265625 0.0361328125 -2.728515625 0.04296875 -2.6806640625 0.005859375 -2.7333984375 0.0126953125 -2.677734375 -0.005859375 -2.67578125 0.029296875 -2.6259765625 0.0107421875 -2.619140625 0.0390625 -2.568359375 -0.0009765625 -2.61328125 0.0224609375 -2.5556640625 -0.11328125 -4.2216796875 -0.0859375 -4.3525390625 -0.1474609375 -4.3525390625 -0.109375 -4.48046875 -0.1572265625 -4.4716796875 -0.1865234375 -4.5751953125 -0.1982421875 -4.46484375 -0.224609375 -4.5595703125 -0.2490234375 -4.5458984375 -0.265625 -4.6220703125 -0.2880859375 -4.603515625 -0.349609375 -4.6376953125 -0.3056640625 -4.58984375 -0.36328125 -4.6171875 -0.373046875 -4.587890625 -0.44921875 -4.630859375 -0.4560546875 -4.595703125 -0.556640625 -4.6044921875 -0.4609375 -4.5419921875 -0.5625 -4.5478515625 -0.5712890625 -4.470703125 -0.6650390625 -4.560546875 -0.6728515625 -4.4794921875 -0.76953125 -4.4892578125 -0.6796875 -4.388671875 -0.77734375 -4.39453125 -0.7763671875 -4.298828125 -0.8740234375 -4.3984375 -0.8701171875 -4.3037109375 -0.9443359375 -4.306640625 -0.8515625 -4.220703125 -0.9091796875 -4.2197265625 -0.8466796875 -4.1435546875 -0.9404296875 -4.2138671875 -0.86328125 -4.1279296875 -0.8818359375 -4.109375 -0.7705078125 -4.052734375 -0.7841796875 -4.029296875 -0.689453125 -3.970703125 -0.8046875 -3.9931640625 -0.6982421875 -3.9326171875 -0.7099609375 -3.88671875 -0.5849609375 -3.9052734375 -0.5908203125 -3.8369140625 -0.4375 -3.8759765625 -0.5908203125 -2.490234375 -0.599609375 -2.4541015625 -0.5595703125 -2.447265625 -0.576171875 -2.3720703125 -0.54296875 -2.38671875 -0.513671875 -2.32421875 -0.5166015625 -2.396484375 -0.4892578125 -2.341796875 -0.478515625 -2.3486328125 -0.4580078125 -2.298828125 -0.451171875 -2.30859375 -0.4248046875 -2.2861328125 -0.44921875 -2.31640625 -0.4267578125 -2.298828125 -0.4326171875 -2.328125 -0.4033203125 -2.3017578125 -0.4130859375 -2.333984375 -0.392578125 -2.345703125 -0.42578125 -2.376953125 -0.4052734375 -2.3857421875 -0.4189453125 -2.42578125 -0.38671875 -2.3955078125 -0.400390625 -2.43359375 -0.3828125 -2.4404296875 -0.4140625 -2.4736328125 -0.3955078125 -2.4775390625 -0.41015625 -2.513671875 -0.3798828125 -2.48046875 -0.3935546875 -2.5068359375 -0.392578125 -2.5185546875 -0.4189453125 -2.5390625 -0.4404296875 -2.546875 -0.421875 -2.55078125 -0.4443359375 -2.5615234375 -0.4453125 -2.5703125 -0.4638671875 -2.5615234375 -0.4658203125 -2.5712890625 -0.486328125 -2.56640625 -0.470703125 -2.5888671875 -0.4951171875 -2.5810546875 -0.5068359375 -2.6005859375 -0.5185546875 -2.5673828125 -0.5380859375 -2.5849609375 -0.5595703125 -2.5556640625 2.400390625 -2.115234375 2.3291015625 -2.1494140625 2.2958984375 -2.0166015625 2.2548828125 -2.0478515625 2.158203125 -1.9658203125 2.21875 -2.076171875 2.1318359375 -2 2.1103515625 -2.0263671875 2.0341796875 -1.943359375 2.0205078125 -1.9716796875 1.919921875 -1.9345703125 2.0087890625 -1.9931640625 1.921875 -1.962890625 1.9345703125 -2 1.8203125 -1.9482421875 1.845703125 -1.998046875 1.744140625 -2.0146484375 1.87890625 -2.0654296875 1.7802734375 -2.091796875 1.8154296875 -2.1865234375 1.6796875 -2.13671875 1.7138671875 -2.2373046875 1.611328125 -2.29296875 1.748046875 -2.34375 1.6435546875 -2.40234375 1.677734375 -2.5029296875 1.5341796875 -2.4541015625 1.576171875 -2.552734375 1.4931640625 -2.5908203125 1.6240234375 -2.6474609375 1.5498046875 -2.673828125 1.5966796875 -2.75 1.51171875 -2.6953125 1.5615234375 -2.763671875 1.54296875 -2.787109375 1.6044921875 -2.8134765625 1.5888671875 -2.8388671875 1.6318359375 -2.8662109375 1.5693359375 -2.8720703125 1.615234375 -2.9033203125 1.59765625 -2.9453125 1.6640625 -2.919921875 1.646484375 -2.970703125 1.7158203125 -2.9775390625 -0.8515625 -2.6904296875 -0.87890625 -2.6689453125 -0.81640625 -2.609375 -0.837890625 -2.599609375 -0.814453125 -2.5283203125 -0.861328125 -2.58984375 -0.8408203125 -2.5244140625 -0.873046875 -2.521484375 -0.8369140625 -2.4697265625 -0.8681640625 -2.47265625 -0.873046875 -2.431640625 -0.8955078125 -2.4755859375 -0.8984375 -2.4384765625 -0.9150390625 -2.443359375 -0.9091796875 -2.408203125 -0.923828125 -2.4150390625 -0.9375 -2.390625 -0.93359375 -2.4208984375 -0.9453125 -2.3984375 -0.953125 -2.404296875 -0.95703125 -2.380859375 -0.9716796875 -2.3876953125 -0.9736328125 -2.3701171875 -0.99609375 -2.361328125 -0.9697265625 -2.3564453125 -0.99609375 -2.34375 -0.9921875 -2.328125 -1.0380859375 -2.341796875 -1.0380859375 -2.3251953125 -1.1103515625 -2.33984375 -1.0400390625 -2.302734375 -1.1171875 -2.31640625 -1.125 -2.291015625 -1.19921875 -2.3486328125 -1.212890625 -2.3232421875 -1.28515625 -2.376953125 -1.2275390625 -2.30078125 -1.3056640625 -2.3583984375 -1.3251953125 -2.3388671875 -1.3623046875 -2.427734375 -1.400390625 -2.412109375 -1.4169921875 -2.49609375 0.5205078125 -1.58203125 0.5751953125 -1.5361328125 0.5966796875 -1.5966796875 0.650390625 -1.5234375 0.6552734375 -1.578125 0.7158203125 -1.5751953125 0.658203125 -1.6240234375 0.7099609375 -1.623046875 0.7060546875 -1.6513671875 0.7626953125 -1.6357421875 0.7548828125 -1.6640625 0.8017578125 -1.6865234375 0.7451171875 -1.7021484375 0.7978515625 -1.72265625 0.7998046875 -1.7939453125 0.833984375 -1.7412109375 0.8349609375 -1.7900390625 0.859375 -1.8251953125 0.8388671875 -1.8984375 0.7509765625 -1.9169921875 0.8564453125 -2.0126953125 0.779296875 -2.0439453125 0.8017578125 -2.13671875 0.705078125 -2.0712890625 0.728515625 -2.173828125 0.6787109375 -2.1865234375 0.73828125 -2.216796875 0.6875 -2.2294921875 0.6904296875 -2.25390625 0.6474609375 -2.220703125 0.6474609375 -2.24609375 0.59765625 -2.2255859375 0.6455078125 -2.294921875 0.587890625 -2.275390625 0.576171875 -2.3369140625 0.5283203125 -2.2529296875 0.5048828125 -2.3095703125 0.4423828125 -2.2900390625 0.1376953125 -3.71875 0.1533203125 -3.6396484375 0.2080078125 -3.6416015625 0.1884765625 -3.5390625 0.2353515625 -3.5546875 0.2734375 -3.4677734375 0.275390625 -3.568359375 0.30859375 -3.4873046875 0.3310546875 -3.5009765625 0.3564453125 -3.41796875 0.375 -3.435546875 0.4345703125 -3.3779296875 0.39453125 -3.4814453125 0.4619140625 -3.4228515625 0.521484375 -3.529296875 0.53515625 -3.37109375 0.6015625 -3.470703125 0.6767578125 -3.4189453125 0.6904296875 -3.599609375 0.7626953125 -3.5341796875 0.849609375 -3.6572265625 0.8388671875 -3.4619140625 0.912109375 -3.56640625 0.9619140625 -3.490234375 0.9677734375 -3.650390625 0.9853515625 -3.5673828125 1.013671875 -3.5634765625 0.9892578125 -3.458984375 0.9326171875 -3.3720703125 1.013671875 -3.4482421875 0.9521484375 -3.35546875 0.982421875 -3.328125 0.8642578125 -3.28515625 0.8857421875 -3.25 0.77734375 -3.2041015625 0.9111328125 -3.2099609375 0.7890625 -3.134765625 2.3876953125 -3.2890625 2.4248046875 -3.35546875 2.3740234375 -3.3642578125 2.3955078125 -3.4541015625 2.3623046875 -3.447265625 2.318359375 -3.54296875 2.33203125 -3.44140625 2.2919921875 -3.5302734375 2.271484375 -3.5224609375 2.2158203125 -3.6279296875 2.197265625 -3.6142578125 2.109375 -3.693359375 2.17578125 -3.603515625 2.09375 -3.6708984375 2.0703125 -3.63671875 2.015625 -3.7138671875 1.998046875 -3.66796875 1.923828125 -3.6904296875 1.9755859375 -3.61328125 1.90234375 -3.63671875 1.8798828125 -3.58203125 1.830078125 -3.658203125 1.81640625 -3.611328125 1.7685546875 -3.634765625 1.8056640625 -3.572265625 1.775390625 -3.6025390625 1.7578125 -3.599609375 1.7412109375 -3.64453125 1.7431640625 -3.6845703125 1.7197265625 -3.6435546875 1.7236328125 -3.6904296875 1.697265625 -3.6953125 1.74609375 -3.7294921875 1.72265625 -3.7421875 1.7744140625 -3.7783203125 1.697265625 -3.7568359375 1.7392578125 -3.810546875 -0.2265625 -2.9169921875 -0.2861328125 -2.9794921875 -0.3408203125 -2.8681640625 -0.373046875 -2.927734375 -0.4716796875 -2.8955078125 -0.3994140625 -2.9775390625 -0.482421875 -2.947265625 -0.48828125 -2.9755859375 -0.5732421875 -2.939453125 -0.5703125 -2.96875 -0.6484375 -2.9794921875 -0.55859375 -3.0087890625 -0.6357421875 -3.0224609375 -0.6083984375 -3.1201171875 -0.6982421875 -3.046875 -0.6748046875 -3.1435546875 -0.73046875 -3.169921875 -0.6396484375 -3.2568359375 -0.7021484375 -3.2705078125 -0.6650390625 -3.3486328125 -0.7626953125 -3.2802734375 -0.732421875 -3.34375 -0.7841796875 -3.341796875 -0.70703125 -3.3896484375 -0.75390625 -3.375 -0.7666015625 -3.3896484375 -0.810546875 -3.34765625 -0.837890625 -3.2939453125 -0.833984375 -3.36328125 -0.8642578125 -3.302734375 -0.9140625 -3.318359375 -0.8779296875 -3.236328125 -0.9306640625 -3.23828125 -0.9208984375 -3.154296875 -0.9951171875 -3.240234375 -1.0029296875 -3.1396484375 0.0478515625 -1.7509765625 -0.0029296875 -1.7822265625 0.0126953125 -1.7109375 -0.033203125 -1.73828125 -0.06640625 -1.703125 -0.0712890625 -1.7607421875 -0.1025390625 -1.728515625 -0.123046875 -1.7431640625 -0.134765625 -1.701171875 -0.154296875 -1.716796875 -0.193359375 -1.6904296875 -0.1728515625 -1.7314453125 -0.2099609375 -1.70703125 -0.2392578125 -1.73046875 -0.2578125 -1.6796875 -0.283203125 -1.703125 -0.330078125 -1.677734375 -0.314453125 -1.7294921875 -0.357421875 -1.703125 -0.38671875 -1.728515625 -0.396484375 -1.6787109375 -0.4228515625 -1.7021484375 -0.453125 -1.6787109375 -0.447265625 -1.72265625 -0.474609375 -1.697265625 -0.4892578125 -1.7080078125 -0.4912109375 -1.67578125 -0.505859375 -1.68359375 -0.5146484375 -1.6611328125 -0.5244140625 -1.6875 -0.5341796875 -1.6611328125 -0.5634765625 -1.6591796875 -0.5390625 -1.6376953125 -0.5693359375 -1.6298828125 -0.56640625 -1.60546875 -0.60546875 -1.62109375 -0.6103515625 -1.587890625 -0.0439453125 -1.7998046875 -0.0673828125 -1.8095703125 -0.021484375 -1.84765625 -0.044921875 -1.8525390625 -0.02734375 -1.8935546875 -0.0654296875 -1.8603515625 -0.0458984375 -1.8984375 -0.0712890625 -1.9130859375 -0.0322265625 -1.9267578125 -0.0556640625 -1.94140625 -0.0478515625 -1.962890625 -0.08203125 -1.9619140625 -0.068359375 -1.98046875 -0.0849609375 -1.9931640625 -0.060546875 -1.9931640625 -0.072265625 -2 -0.072265625 -2.0087890625 -0.0947265625 -2.0068359375 -0.12890625 -2.0029296875 -0.095703125 -2.0234375 -0.13671875 -2.0205078125 -0.1396484375 -2.0400390625 -0.18359375 -2.0087890625 -0.1904296875 -2.025390625 -0.2392578125 -1.994140625 -0.19921875 -2.0478515625 -0.2529296875 -2.013671875 -0.26953125 -2.0361328125 -0.294921875 -1.974609375 -0.326171875 -1.9912109375 -0.3427734375 -1.9619140625 0.25 -3.6484375 0.228515625 -3.71875 0.279296875 -3.65234375 0.2568359375 -3.7177734375 0.28125 -3.73046875 0.2421875 -3.7763671875 0.26171875 -3.7724609375 0.26953125 -3.810546875 0.3134765625 -3.767578125 0.369140625 -3.6962890625 0.3642578125 -3.828125 0.443359375 -3.77734375 0.5341796875 -3.8828125 0.5263671875 -3.7158203125 0.6259765625 -3.84375 0.7119140625 -3.7939453125 0.703125 -3.9462890625 0.7890625 -3.8994140625 0.8212890625 -3.9443359375 0.861328125 -3.8359375 0.896484375 -3.8779296875 0.9560546875 -3.7900390625 0.916015625 -3.892578125 0.98046875 -3.7978515625 1.0185546875 -3.8125 1.025390625 -3.6806640625 1.0673828125 -3.6845703125 1.08203125 -3.55078125 1.1162109375 -3.6884765625 1.1552734375 -3.533203125 0.1640625 -2.7421875 0.193359375 -2.78125 0.1806640625 -2.7138671875 0.212890625 -2.75 0.2314453125 -2.720703125 0.240234375 -2.7841796875 0.2607421875 -2.7490234375 0.28125 -2.7685546875 0.28125 -2.7158203125 0.3017578125 -2.73046875 0.318359375 -2.701171875 0.318359375 -2.7421875 0.3349609375 -2.7099609375 0.349609375 -2.716796875 0.3369140625 -2.681640625 0.3505859375 -2.68359375 0.33984375 -2.650390625 0.3681640625 -2.685546875 0.357421875 -2.6474609375 0.3818359375 -2.6416015625 0.337890625 -2.611328125 0.359375 -2.5986328125 0.3291015625 -2.5615234375 0.380859375 -2.5849609375 0.3466796875 -2.5419921875 0.3583984375 -2.5283203125 0.3037109375 -2.509765625 0.3125 -2.4931640625 1.06640625 -4.541015625 1.1044921875 -4.541015625 1.0322265625 -4.6015625 1.0771484375 -4.599609375 1.0634765625 -4.669921875 1.171875 -4.58984375 1.166015625 -4.66015625 1.2822265625 -4.650390625 1.1630859375 -4.7275390625 1.28125 -4.736328125 1.2177734375 -4.810546875 1.2578125 -4.8486328125 1.2421875 -4.90234375 1.314453125 -4.8310546875 1.31640625 -4.91015625 1.3896484375 -4.908203125 1.3154296875 -4.9482421875 1.3916015625 -4.94921875 1.3916015625 -4.97265625 1.4638671875 -4.9345703125 1.4677734375 -4.9580078125 1.541015625 -4.92578125 1.4736328125 -4.9873046875 1.5537109375 -4.953125 1.5673828125 -4.9833984375 1.6357421875 -4.9091796875 1.6533203125 -4.935546875 1.7470703125 -4.8916015625 1.9140625 -3.4921875 1.986328125 -3.4638671875 1.9287109375 -3.515625 2.001953125 -3.486328125 2.0244140625 -3.52734375 2.068359375 -3.431640625 2.0927734375 -3.4677734375 2.1552734375 -3.3994140625 2.1279296875 -3.5009765625 2.189453125 -3.4345703125 2.2265625 -3.46484375 2.23828125 -3.3671875 2.265625 -3.3994140625 2.2939453125 -3.3427734375 2.2900390625 -3.4267578125 2.3037109375 -3.376953125 2.3212890625 -3.3671875 2.3134765625 -3.3193359375 2.291015625 -3.287109375 2.3330078125 -3.3115234375 2.3046875 -3.2734375 2.322265625 -3.25390625 2.2626953125 -3.2470703125 2.26953125 -3.220703125 2.2080078125 -3.21484375 2.27734375 -3.19140625 2.2041015625 -3.1611328125 1.05859375 -1.73046875 1.0908203125 -1.7919921875 1.0048828125 -1.7666015625 1.0361328125 -1.8134765625 0.9912109375 -1.83203125 1.0595703125 -1.8642578125 1.009765625 -1.8740234375 1.021484375 -1.9189453125 0.98046875 -1.8818359375 0.9912109375 -1.923828125 0.974609375 -1.9326171875 0.994140625 -1.9658203125 0.98046875 -1.96484375 0.97265625 -1.9921875 0.962890625 -1.9482421875 0.9541015625 -1.8984375 0.9443359375 -1.9677734375 0.935546875 -1.90234375 0.8984375 -1.908203125 0.9287109375 -1.85546875 0.8955078125 -1.8447265625 0.8994140625 -1.7998046875 0.865234375 -1.7724609375 0.8740234375 -1.7431640625 -0.92578125 -2.447265625 -0.9365234375 -2.44921875 -0.923828125 -2.4775390625 -0.9423828125 -2.4853515625 -0.93359375 -2.5146484375 -0.9560546875 -2.5322265625 -0.9462890625 -2.5625 -0.978515625 -2.583984375 -0.9697265625 -2.6025390625 -1.00390625 -2.6357421875 -0.958984375 -2.611328125 -0.994140625 -2.6484375 -0.9833984375 -2.66015625 -1.0390625 -2.673828125 -1.033203125 -2.6875 -1.091796875 -2.69921875 -1.0244140625 -2.7109375 -1.0927734375 -2.7236328125 -1.09375 -2.75 -1.1650390625 -2.71875 -1.1748046875 -2.744140625 -1.2529296875 -2.71875 -1.181640625 -2.765625 -1.265625 -2.7373046875 1.4384765625 -4.28515625 1.4404296875 -4.3271484375 1.3427734375 -4.294921875 1.3486328125 -4.3310546875 1.2578125 -4.3505859375 1.3544921875 -4.3623046875 1.2685546875 -4.380859375 1.27734375 -4.4033203125 1.181640625 -4.4189453125 1.1943359375 -4.4404296875 1.1201171875 -4.48828125 1.197265625 -4.46875 1.1376953125 -4.4990234375 1.046875 -4.5302734375 1.009765625 -4.5986328125 0.994140625 -4.6767578125 0.9794921875 -4.591796875 0.962890625 -4.6796875 0.9287109375 -4.6826171875 0.9794921875 -4.771484375 0.9248046875 -4.7861328125 1.0107421875 -4.8818359375 0.216796875 -3.78125 0.2216796875 -3.837890625 0.244140625 -3.8291015625 0.2724609375 -3.8828125 0.302734375 -3.865234375 0.37109375 -3.9296875 0.4423828125 -3.91015625 0.5107421875 -3.9833984375 0.6083984375 -3.9755859375 0.6328125 -4.017578125 0.732421875 -3.9921875 0.7392578125 -4.0146484375 0.8359375 -3.96484375 0.857421875 -3.99609375 0.947265625 -3.9169921875 0.984375 -3.9453125 1.0771484375 -3.8427734375 0.5546875 -1.763671875 0.572265625 -1.8486328125 0.5185546875 -1.7900390625 0.5361328125 -1.8671875 0.4931640625 -1.88671875 0.5576171875 -1.9697265625 0.5146484375 -1.978515625 0.5390625 -2.072265625 0.466796875 -1.9921875 0.490234375 -2.0771484375 0.44140625 -2.083984375 0.5068359375 -2.1435546875 0.45703125 -2.1435546875 0.4580078125 -2.1708984375 0.4130859375 -2.1337890625 0.4111328125 -2.1552734375 0.3701171875 -2.12890625 0.392578125 -2.1708984375 0.3486328125 -2.140625 0.3095703125 -2.162109375 0.3154296875 -2.0986328125 0.2744140625 -2.1123046875 0.2509765625 -2.0537109375 0.2255859375 -2.1298828125 0.1962890625 -2.064453125 -1.0361328125 -2.361328125 -1.1025390625 -2.3759765625 -1.029296875 -2.3916015625 -1.0908203125 -2.4072265625 -1.076171875 -2.443359375 -1.15625 -2.431640625 -1.1376953125 -2.4658203125 -1.189453125 -2.4912109375 -1.12109375 -2.4990234375 -1.169921875 -2.5244140625 -1.1494140625 -2.560546875 -1.2109375 -2.5498046875 -1.1884765625 -2.5859375 -1.2216796875 -2.6064453125 -1.1650390625 -2.623046875 -1.2001953125 -2.650390625 -1.1435546875 -2.6611328125 -1.150390625 -2.6796875 -1.0908203125 -2.669921875 -1.0927734375 -2.68359375 -0.634765625 -3.4033203125 -0.552734375 -3.416015625 -0.5927734375 -3.349609375 -0.513671875 -3.341796875 -0.5673828125 -3.2373046875 -0.4775390625 -3.2099609375 -0.5244140625 -3.0986328125 -0.4375 -3.0869140625 -0.4775390625 -3.01171875 -0.4052734375 -3.0341796875 -0.4140625 -3.0048828125 -0.345703125 -3.046875 -0.32421875 -3.0224609375 -0.259765625 -3.078125 -0.216796875 -3.0458984375 -0.1669921875 -3.1279296875 -0.1630859375 -3.0078125 -0.099609375 -3.0986328125 -0.5048828125 -2.5546875 -0.498046875 -2.546875 -0.51953125 -2.5341796875 -0.509765625 -2.5283203125 -0.5185546875 -2.505859375 -0.50390625 -2.51953125 -0.5107421875 -2.4990234375 -0.498046875 -2.484375 -0.517578125 -2.4794921875 -0.505859375 -2.4736328125 -0.4970703125 -2.44921875 -0.478515625 -2.4609375 -0.484375 -2.50390625 -0.4541015625 -2.462890625 -0.466796875 -2.5078125 -0.4482421875 -2.51171875 -0.4765625 -2.54296875 -0.458984375 -2.546875 -0.578125 -4.380859375 -0.47265625 -4.373046875 -0.58203125 -4.2880859375 -0.4755859375 -4.2802734375 -0.478515625 -4.1923828125 -0.37890625 -4.271484375 -0.3828125 -4.1845703125 -0.31640625 -4.1826171875 -0.3876953125 -4.1123046875 -0.33203125 -4.1240234375 -0.314453125 -4.1015625 -0.2763671875 -4.1708984375 -0.2548828125 -4.2587890625 -0.251953125 -4.158203125 -0.2255859375 -4.251953125 -0.19921875 -4.244140625 -0.216796875 -4.3544921875 -0.189453125 -4.3544921875 1.71484375 -2.6025390625 1.751953125 -2.7138671875 1.8115234375 -2.5439453125 1.845703125 -2.6640625 1.943359375 -2.61328125 1.873046875 -2.7646484375 1.9736328125 -2.720703125 1.98828125 -2.765625 2.0771484375 -2.6845703125 2.09765625 -2.73046875 2.1875 -2.6943359375 2.1123046875 -2.7490234375 2.2080078125 -2.7119140625 2.2353515625 -2.7373046875 2.2607421875 -2.662109375 2.294921875 -2.68359375 2.3291015625 -2.6103515625 2.33203125 -2.708984375 2.375 -2.64453125 0.67578125 -1.9384765625 0.6484375 -1.806640625 0.62890625 -1.9521484375 0.6044921875 -1.8291015625 0.5859375 -1.7353515625 0.5419921875 -1.7255859375 0.5048828125 -1.7548828125 0.462890625 -1.7822265625 0.4873046875 -1.734375 0.4443359375 -1.7626953125 0.41015625 -1.7333984375 0.390625 -1.79296875 0.3544921875 -1.767578125 0.30078125 -1.8095703125 0.3095703125 -1.73828125 0.248046875 -1.7802734375 -0.4716796875 -1.66015625 -0.453125 -1.6416015625 -0.4833984375 -1.64453125 -0.46875 -1.6298828125 -0.478515625 -1.6220703125 -0.4580078125 -1.6201171875 -0.4697265625 -1.6162109375 -0.4716796875 -1.6103515625 -0.4853515625 -1.61328125 -0.498046875 -1.62109375 -0.4931640625 -1.60546875 -0.5078125 -1.61328125 -0.5234375 -1.6025390625 -0.517578125 -1.625 -0.5361328125 -1.6171875 1.3759765625 -4.7216796875 1.3837890625 -4.8212890625 1.458984375 -4.810546875 1.4619140625 -4.89453125 1.5283203125 -4.8681640625 1.5322265625 -4.9052734375 1.6044921875 -4.8681640625 1.6181640625 -4.8857421875 1.705078125 -4.8466796875 1.724609375 -4.8681640625 1.8046875 -4.818359375 1.83984375 -4.8466796875 0.91015625 -1.98828125 0.9248046875 -2.0556640625 0.9560546875 -2.0244140625 0.9677734375 -2.0458984375 0.986328125 -2.0078125 1.0126953125 -2.01171875 1.0234375 -1.9658203125 1.076171875 -1.9716796875 1.0732421875 -1.91796875 1.13671875 -1.91796875 1.1240234375 -1.853515625 0.171875 -2.8173828125 0.1982421875 -2.8564453125 0.177734375 -2.8916015625 0.1787109375 -2.9091796875 0.13671875 -2.880859375 0.130859375 -2.896484375 0.09375 -2.8544921875 0.0751953125 -2.87890625 0.0498046875 -2.8291015625 0.025390625 -2.84765625 0.009765625 -2.7900390625 -0.0078125 -2.7978515625 -0.0126953125 -2.7353515625 1.689453125 -4.83203125 1.7685546875 -4.7890625 1.67578125 -4.8115234375 1.7451171875 -4.7724609375 1.703125 -4.7412109375 1.794921875 -4.724609375 1.748046875 -4.7138671875 1.736328125 -4.6708984375 1.638671875 -4.697265625 1.662109375 -4.775390625 1.603515625 -4.77734375 1.5986328125 -4.837890625 -0.044921875 -1.98046875 -0.0419921875 -1.99609375 -0.02734375 -1.9697265625 -0.029296875 -1.986328125 -0.0185546875 -1.9921875 -0.03125 -2.0087890625 -0.048828125 -2.01953125 -0.0126953125 -2.025390625 -0.03515625 -2.0390625 -0.013671875 -2.0673828125 -0.0595703125 -2.0458984375 -0.046875 -2.076171875 -0.087890625 -2.076171875 -0.03125 -2.1103515625 -0.0751953125 -2.1162109375 0.25390625 -2.8798828125 0.2607421875 -2.8955078125 0.2216796875 -2.9013671875 0.22265625 -2.9150390625 0.2236328125 -2.9306640625 0.1767578125 -2.92578125 0.1708984375 -2.9541015625 0.119140625 -2.923828125 0.1064453125 -2.951171875 0.056640625 -2.90234375 0.044921875 -2.91796875 0.009765625 -2.859375 0 -2.8681640625 -0.0283203125 -2.802734375 1.1865234375 -4.5224609375 1.283203125 -4.5009765625 1.2822265625 -4.4375 1.3623046875 -4.421875 1.3583984375 -4.3857421875 1.44140625 -4.3828125 1.44140625 -4.359375 1.5322265625 -4.365234375 1.5361328125 -4.3349609375 1.625 -4.3525390625 1.541015625 -4.2998046875 1.6435546875 -4.3154296875 -0.439453125 -1.6279296875 -0.412109375 -1.6396484375 -0.431640625 -1.6142578125 -0.3994140625 -1.623046875 -0.3955078125 -1.607421875 -0.357421875 -1.6357421875 -0.349609375 -1.6162109375 -0.2978515625 -1.6337890625 -0.34375 -1.59375 -0.287109375 -1.6103515625 -0.26953125 -1.5791015625 -0.228515625 -1.6396484375 -0.2021484375 -1.6103515625 -0.1435546875 -1.6455078125 -0.1708984375 -1.576171875 -0.0947265625 -1.615234375 0.3974609375 -2.0859375 0.375 -2.0234375 0.3623046875 -2.0859375 0.33984375 -2.03515625 0.3173828125 -2.0419921875 0.3251953125 -1.9794921875 0.3037109375 -1.98828125 0.302734375 -1.9345703125 0.2783203125 -1.990234375 0.2783203125 -1.931640625 0.23828125 -1.9228515625 0.2998046875 -1.876953125 0.26171875 -1.8623046875 0.2138671875 -1.8447265625 1.5068359375 -2.341796875 1.494140625 -2.236328125 1.4228515625 -2.3779296875 1.427734375 -2.2587890625 1.38671875 -2.2666015625 1.4619140625 -2.154296875 1.4326171875 -2.1474609375 1.5048828125 -2.0458984375 1.4033203125 -2.1376953125 1.4794921875 -2.029296875 1.44921875 -2.0029296875 1.578125 -1.9482421875 1.556640625 -1.9140625 1.6796875 -1.8603515625 1.5322265625 -1.8740234375 1.6630859375 -1.7919921875 -0.783203125 -3.201171875 -0.796875 -3.134765625 -0.8251953125 -3.2265625 -0.8232421875 -3.1767578125 -0.841796875 -3.1728515625 -0.810546875 -3.1064453125 -0.7646484375 -3.0478515625 -0.8349609375 -3.09375 -0.7841796875 -3.029296875 -0.8203125 -2.994140625 -0.7265625 -2.9814453125 -0.75390625 -2.9375 -0.6748046875 -2.9013671875 -0.7880859375 -2.8828125 -0.7080078125 -2.826171875 -0.6611328125 -4.6220703125 -0.751953125 -4.634765625 -0.66015625 -4.666015625 -0.7587890625 -4.6767578125 -0.7666015625 -4.703125 -0.8349609375 -4.6513671875 -0.8505859375 -4.669921875 -0.916015625 -4.6015625 -0.8671875 -4.69140625 -0.9365234375 -4.6181640625 -0.9697265625 -4.6416015625 -0.990234375 -4.517578125 -1.029296875 -4.5322265625 -1.0595703125 -4.41015625 -1.0751953125 -4.5478515625 -1.1318359375 -4.412109375 -1.2294921875 -2.517578125 -1.2421875 -2.4931640625 -1.259765625 -2.5419921875 -1.27734375 -2.51953125 -1.28125 -2.5556640625 -1.296875 -2.5625 -1.26953125 -2.5927734375 -1.2861328125 -2.6025390625 -1.255859375 -2.6376953125 -1.302734375 -2.6103515625 -1.271484375 -2.6484375 -1.29296875 -2.6630859375 -1.21875 -2.677734375 -1.2353515625 -2.697265625 -0.9130859375 -2.4775390625 -0.919921875 -2.5185546875 -0.90234375 -2.5185546875 -0.91796875 -2.5703125 -0.890625 -2.5791015625 -0.921875 -2.6357421875 -0.8984375 -2.6533203125 -0.9501953125 -2.703125 -0.9365234375 -2.72265625 -1.0087890625 -2.7587890625 -0.923828125 -2.740234375 -0.99609375 -2.791015625 -0.375 -2.359375 -0.3623046875 -2.3720703125 -0.365234375 -2.33203125 -0.353515625 -2.3525390625 -0.34765625 -2.345703125 -0.3486328125 -2.37890625 -0.341796875 -2.376953125 -0.3427734375 -2.4140625 -0.33203125 -2.375 -0.33203125 -2.4150390625 -0.314453125 -2.4140625 -0.3408203125 -2.4580078125 -0.3271484375 -2.4619140625 -0.349609375 -2.5068359375 -0.3095703125 -2.46484375 -0.333984375 -2.515625 -0.8134765625 -4.6298828125 -0.8369140625 -4.5771484375 -0.8876953125 -4.58984375 -0.9296875 -4.5009765625 -0.96484375 -4.5078125 -0.990234375 -4.404296875 -1.017578125 -4.4072265625 -1.0087890625 -4.3017578125 -1.048828125 -4.2939453125 -0.998046875 -4.18359375 -1.095703125 -4.2841796875 -1.0595703125 -4.15625 1.740234375 -4.4384765625 1.7275390625 -4.4560546875 1.6845703125 -4.4052734375 1.6748046875 -4.4248046875 1.6103515625 -4.4033203125 1.6748046875 -4.451171875 1.6083984375 -4.43359375 1.61328125 -4.48828125 1.5283203125 -4.4228515625 1.5302734375 -4.484375 1.4453125 -4.484375 1.5341796875 -4.55859375 1.44921875 -4.5634765625 1.453125 -4.6357421875 1.3701171875 -4.5693359375 1.373046875 -4.642578125 0.197265625 -2.689453125 0.162109375 -2.6572265625 0.2177734375 -2.6669921875 0.181640625 -2.63671875 0.2041015625 -2.619140625 0.1513671875 -2.6103515625 0.1748046875 -2.5947265625 0.162109375 -2.5810546875 0.203125 -2.5830078125 0.1943359375 -2.5693359375 0.2294921875 -2.5654296875 0.1943359375 -2.552734375 0.234375 -2.548828125 0.244140625 -2.5205078125 0.275390625 -2.55859375 0.2890625 -2.5341796875 0.294921875 -2.783203125 0.2763671875 -2.8349609375 0.3076171875 -2.7958984375 0.2861328125 -2.849609375 0.294921875 -2.865234375 0.2646484375 -2.9111328125 0.271484375 -2.9365234375 0.2236328125 -2.9580078125 0.2236328125 -2.9873046875 0.1640625 -2.9833984375 0.1611328125 -3.001953125 0.09765625 -2.96875 -0.4287109375 -3.3203125 -0.388671875 -3.4052734375 -0.34765625 -3.2900390625 -0.3193359375 -3.3759765625 -0.2646484375 -3.3349609375 -0.3017578125 -3.4130859375 -0.2490234375 -3.365234375 -0.2255859375 -3.380859375 -0.21875 -3.302734375 -0.193359375 -3.3095703125 -0.189453125 -3.2265625 -0.146484375 -3.322265625 -0.142578125 -3.2236328125 -0.0849609375 -3.2197265625 1.498046875 -2.162109375 1.5595703125 -2.111328125 1.5302734375 -2.068359375 1.6162109375 -2.0009765625 1.595703125 -1.970703125 1.7001953125 -1.9267578125 1.6904296875 -1.900390625 1.8095703125 -1.888671875 1.80859375 -1.8466796875 1.935546875 -1.865234375 1.8076171875 -1.798828125 1.951171875 -1.8056640625 1.7119140625 -4.34765625 1.697265625 -4.3779296875 1.7578125 -4.416015625 1.791015625 -4.484375 1.7734375 -4.4951171875 1.7451171875 -4.5 1.8115234375 -4.544921875 1.77734375 -4.5478515625 1.80078125 -4.6064453125 1.7080078125 -4.55078125 1.7236328125 -4.61328125 1.62890625 -4.62109375 0.3251953125 -2.681640625 0.3115234375 -2.666015625 0.298828125 -2.6875 0.271484375 -2.66796875 0.251953125 -2.693359375 0.146484375 -2.681640625 -0.7685546875 -4.2099609375 -0.7578125 -4.138671875 -0.6796875 -4.205078125 -0.6767578125 -4.1298828125 -0.5830078125 -4.1259765625 -0.6689453125 -4.0712890625 -0.5849609375 -4.064453125 -0.58984375 -4.01953125 -0.4892578125 -4.0576171875 -0.51953125 -4.0205078125 -0.4912109375 -4.0009765625 -0.5908203125 -3.9912109375 -0.6728515625 -4.0146484375 -0.58984375 -3.9697265625 -0.68359375 -3.99609375 -0.412109375 -1.7509765625 -0.373046875 -1.779296875 -0.345703125 -1.755859375 -0.3076171875 -1.78515625 -0.2734375 -1.7578125 -0.2412109375 -1.7861328125 -0.2041015625 -1.7568359375 -0.1748046875 -1.783203125 -0.1416015625 -1.7578125 -0.1142578125 -1.7861328125 -0.09375 -1.7734375 2.0419921875 -2.57421875 2.1298828125 -2.5419921875 2.0029296875 -2.4443359375 2.0927734375 -2.4140625 2.064453125 -2.306640625 2.1796875 -2.392578125 2.1591796875 -2.291015625 2.23828125 -2.2841796875 2.1298828125 -2.2001953125 2.20703125 -2.193359375 2.15234375 -2.1123046875 2.251953125 -2.18359375 2.1904296875 -2.09765625 -0.91015625 -4.080078125 -0.962890625 -4.2021484375 -0.982421875 -4.306640625 -0.9501953125 -4.4013671875 -0.859375 -4.4951171875 -0.7587890625 -4.572265625 1.859375 -3.5380859375 1.845703125 -3.515625 1.8994140625 -3.4736328125 1.970703125 -3.4443359375 2.0361328125 -3.3916015625 1.9482421875 -3.4169921875 2.015625 -3.3642578125 1.990234375 -3.33203125 2.0791015625 -3.3037109375 2.056640625 -3.26953125 2.1298828125 -3.2158203125 -0.1484375 -1.8095703125 -0.19140625 -1.8388671875 -0.123046875 -1.83984375 -0.166015625 -1.8671875 -0.1337890625 -1.90234375 -0.2109375 -1.8994140625 -0.1767578125 -1.93359375 -0.212890625 -1.962890625 -0.1396484375 -1.96484375 -0.169921875 -1.9912109375 -0.455078125 -1.6103515625 -0.4580078125 -1.6005859375 -0.4775390625 -1.6015625 -0.48828125 -1.5869140625 -0.505859375 -1.5927734375 -0.5263671875 -1.5712890625 -0.5498046875 -1.5859375 -0.5810546875 -1.564453125 -0.62890625 -3.4326171875 -0.5400390625 -3.4501953125 -0.451171875 -3.45703125 -0.54296875 -3.4794921875 -0.4462890625 -3.4853515625 -0.4404296875 -3.5390625 -0.357421875 -3.470703125 -0.3359375 -3.5205078125 -0.24609375 -3.4775390625 -0.3095703125 -3.5810546875 -0.185546875 -3.5439453125 -0.4267578125 -1.763671875 -0.388671875 -1.7919921875 -0.3515625 -1.8212890625 -0.4013671875 -1.8037109375 -0.365234375 -1.833984375 -0.384765625 -1.853515625 -0.337890625 -1.86328125 -0.3583984375 -1.8828125 -0.337890625 -1.9111328125 -0.380859375 -1.9052734375 -0.3603515625 -1.9326171875 -0.0263671875 -1.94921875 -0.0078125 -1.947265625 -0.0146484375 -1.9228515625 0.0078125 -1.92578125 -0.00390625 -1.8935546875 0.0361328125 -1.892578125 0.0185546875 -1.837890625 0.068359375 -1.8251953125 -0.552734375 -4.6435546875 -0.548828125 -4.66796875 -0.4404296875 -4.654296875 -0.427734375 -4.677734375 -0.330078125 -4.6591796875 -0.3017578125 -4.69140625 -0.23046875 -4.646484375 -0.1904296875 -4.6748046875 -0.1328125 -4.6083984375 0.7578125 -3.3701171875 0.6923828125 -3.302734375 0.61328125 -3.330078125 0.587890625 -3.2880859375 0.5068359375 -3.3271484375 0.4970703125 -3.3037109375 0.4189453125 -3.357421875 0.396484375 -3.3251953125 0.3271484375 -3.3916015625 0.2919921875 -3.3603515625 0.224609375 -3.4375 -0.3828125 -2.3154296875 -0.3779296875 -2.3017578125 -0.400390625 -2.287109375 -0.3994140625 -2.2763671875 -0.427734375 -2.275390625 -0.43359375 -2.25390625 -0.474609375 -2.2783203125 -0.4951171875 -2.2529296875 -0.552734375 -2.291015625 1.4453125 -2.4931640625 1.3994140625 -2.5146484375 1.451171875 -2.61328125 1.4248046875 -2.6318359375 1.48828125 -2.7158203125 1.4609375 -2.7412109375 1.51953125 -2.8154296875 1.494140625 -2.8466796875 1.548828125 -2.919921875 1.8505859375 -3.701171875 1.8671875 -3.7373046875 1.94140625 -3.734375 1.9482421875 -3.759765625 2.02734375 -3.740234375 2.0361328125 -3.7587890625 2.1240234375 -3.7109375 2.1435546875 -3.7333984375 2.240234375 -3.6455078125 2.267578125 -3.666015625 2.3671875 -3.552734375 -1.1279296875 -2.6005859375 -1.0849609375 -2.572265625 -1.103515625 -2.533203125 -1.05078125 -2.5078125 -1.0634765625 -2.4755859375 -1.0107421875 -2.455078125 -1.01953125 -2.42578125 -0.9853515625 -2.4150390625 -0.9921875 -2.38671875 -0.4287109375 -2.5146484375 -0.43359375 -2.4677734375 -0.4404296875 -2.4189453125 -0.4609375 -2.4130859375 -0.4453125 -2.3681640625 -0.4619140625 -2.3623046875 -0.447265625 -2.3310546875 0.3662109375 -2.724609375 0.390625 -2.734375 0.392578125 -2.6875 0.4189453125 -2.6884765625 0.40625 -2.6357421875 0.4228515625 -2.630859375 0.396484375 -2.576171875 0.4091796875 -2.568359375 0.3740234375 -2.5126953125 0.318359375 -2.4814453125 -0.884765625 -2.3984375 -0.857421875 -2.3876953125 -0.90234375 -2.3701171875 -0.876953125 -2.3564453125 -0.904296875 -2.328125 -0.8544921875 -2.341796875 -0.88671875 -2.3095703125 -0.869140625 -2.2900390625 -0.9267578125 -2.28125 -0.91015625 -2.2529296875 -0.96875 -2.232421875 1.80859375 -4.66796875 1.8447265625 -4.6689453125 1.837890625 -4.6044921875 1.859375 -4.6044921875 1.8310546875 -4.5400390625 1.8564453125 -4.5302734375 1.8125 -4.4677734375 1.8359375 -4.447265625 1.7802734375 -4.380859375 1.78515625 -2.8017578125 1.7197265625 -2.81640625 1.794921875 -2.8466796875 1.732421875 -2.85546875 1.7255859375 -2.88671875 1.6865234375 -2.8486328125 1.67578125 -2.8798828125 0.5302734375 -4.0185546875 0.4296875 -3.9951171875 0.5244140625 -4.0419921875 0.41796875 -4.015625 0.4013671875 -4.048828125 0.3232421875 -3.9609375 0.298828125 -3.9892578125 0.22265625 -3.9169921875 0.26953125 -4.021484375 0.166015625 -3.9384765625 0.83984375 -1.712890625 0.853515625 -1.6875 0.890625 -1.720703125 0.921875 -1.68359375 0.9296875 -1.755859375 0.9658203125 -1.7236328125 1.0087890625 -1.685546875 2.197265625 -2.509765625 2.2158203125 -2.60546875 2.248046875 -2.48828125 2.2421875 -2.5615234375 2.26171875 -2.5791015625 2.2353515625 -2.646484375 0.30078125 -3.576171875 0.341796875 -3.583984375 0.3525390625 -3.517578125 0.4267578125 -3.595703125 2.0625 -3.576171875 2.158203125 -3.552734375 2.1728515625 -3.51171875 2.2451171875 -3.513671875 0.9462890625 -1.8662109375 0.951171875 -1.8544921875 0.9306640625 -1.826171875 0.94140625 -1.80859375 0.9091796875 -1.775390625 1.7919921875 -3.7080078125 1.8193359375 -3.73046875 1.8046875 -3.7421875 1.763671875 -3.7177734375 -0.373046875 -4.5380859375 -0.3115234375 -4.533203125 -0.373046875 -4.458984375 -0.3037109375 -4.455078125 -0.30078125 -4.359375 -0.2548828125 -4.4541015625 -0.2490234375 -4.35546875 2.2060546875 -3.337890625 2.2412109375 -3.291015625 2.1787109375 -3.314453125 2.2119140625 -3.2861328125 2.2138671875 -3.263671875 2.2568359375 -3.265625 0.9990234375 -3.6787109375 0.9208984375 -3.75390625 0.78515625 -3.732421875 0.615234375 -3.6591796875 0.35546875 -1.9580078125 0.39453125 -1.9306640625 0.337890625 -1.90625 0.3740234375 -1.8701171875 0.359375 -1.84375 0.423828125 -1.8408203125 0.41015625 -1.810546875 -1.3359375 -2.51171875 -1.30859375 -2.453125 -1.3076171875 -2.515625 -1.283203125 -2.4638671875 -1.267578125 -2.4716796875 -1.2431640625 -2.4140625 -1.2314453125 -2.42578125 -1.1796875 -2.384765625 -1.220703125 -2.439453125 -1.1708984375 -2.40234375 2.25 -2.3828125 2.294921875 -2.3837890625 2.28515625 -2.2802734375 2.3212890625 -2.2763671875 2.28515625 -2.1689453125 -1.3154296875 -2.564453125 -1.3427734375 -2.5673828125 -1.3662109375 -2.5068359375 -1.3369140625 -2.44140625 0.822265625 -3.3310546875 0.7568359375 -3.296875 0.7578125 -3.2705078125 0.849609375 -3.3076171875 -0.234375 -1.8701171875 -0.25390625 -1.8427734375 -0.2705078125 -1.896484375 -0.2861328125 -1.8662109375 -0.3037109375 -1.8798828125 -0.3076171875 -1.8369140625 -0.32421875 -1.8505859375 0.3466796875 -2.7646484375 0.369140625 -2.7802734375 0.390625 -2.7958984375 0.3388671875 -2.8310546875 0.3564453125 -2.8515625 0.3193359375 -2.9130859375 0.369140625 -2.865234375 0.3291015625 -2.9287109375 0.2412109375 -2.8525390625 0.220703125 -2.876953125 0.21875 -2.8203125 0.265625 -2.5732421875 0.2529296875 -2.5849609375 0.2978515625 -2.5908203125 0.2841796875 -2.6015625 0.30859375 -2.626953125 0.2626953125 -2.6220703125 0.291015625 -2.64453125 0.9375 -2.08203125 0.888671875 -2.1220703125 0.958984375 -2.0947265625 0.90625 -2.138671875 0.939453125 -2.1728515625 0.826171875 -2.193359375 0.849609375 -2.234375 0.7587890625 -2.28515625 0.87890625 -2.2861328125 0.76171875 -2.359375 1.2333984375 -4.931640625 1.15234375 -4.8935546875 1.2255859375 -4.953125 1.140625 -4.912109375 1.1220703125 -4.935546875 1.0625 -4.84375 1.0380859375 -4.861328125 -0.3876953125 -3.1845703125 -0.314453125 -3.169921875 -0.36328125 -3.091796875 -0.310546875 -3.099609375 -0.353515625 -3.0595703125 1.8203125 -4.732421875 1.8388671875 -4.740234375 1.7841796875 -4.80078125 -0.681640625 -4.2939453125 -0.82421875 -4.1611328125 1.6884765625 -4.4951171875 1.62109375 -4.5546875 1.5390625 -4.62890625 1.5400390625 -4.7041015625 1.4560546875 -4.7138671875 -0.1591796875 -4.2333984375 -0.193359375 -4.123046875 -0.228515625 -4.1435546875 -0.2783203125 -4.0625 -0.2978515625 -4.0830078125 -0.37109375 -4.0244140625 -0.3916015625 -4.0478515625 -0.2431640625 -1.6611328125 -0.30859375 -1.654296875 -0.3740234375 -1.65625 -0.4296875 -1.658203125 -0.283203125 -3.095703125 -0.236328125 -3.1552734375 -0.2626953125 -3.1611328125 -0.2392578125 -3.236328125 -0.2841796875 -3.259765625 0.1806640625 -1.9091796875 0.1884765625 -1.986328125 0.2373046875 -1.9892578125 0.2919921875 -2.046875 0.33984375 -2.08984375 -0.4765625 -3.982421875 -0.466796875 -3.95703125 -0.3544921875 -4.0009765625 -0.3310546875 -3.966796875 -0.248046875 -4.0341796875 -0.2119140625 -4.001953125 -1.1064453125 -2.634765625 -1.0673828125 -2.6083984375 -1.0244140625 -2.5810546875 -1.0517578125 -2.63671875 -1.013671875 -2.6123046875 -0.2470703125 -1.5380859375 -0.3271484375 -1.525390625 -0.3359375 -1.5615234375 -0.396484375 -1.5546875 -0.3955078125 -1.5869140625 -0.4365234375 -1.583984375 -0.4306640625 -1.6025390625 1.810546875 -1.9169921875 1.71484375 -1.958984375 1.6455078125 -2.056640625 1.58203125 -2.189453125 -0.5439453125 -4.69140625 -0.6650390625 -4.71875 -0.537109375 -4.728515625 -0.669921875 -4.7568359375 -0.6748046875 -4.80078125 -0.79296875 -4.7646484375 -0.82421875 -4.8349609375 -0.9208984375 -4.759765625 -0.6376953125 -3.462890625 -0.7197265625 -3.4423828125 -0.6533203125 -3.515625 -0.7451171875 -3.4921875 -0.7763671875 -3.5537109375 -0.8203125 -3.455078125 -0.873046875 -3.5234375 -0.9306640625 -3.4326171875 1.998046875 -2.7861328125 1.8876953125 -2.8359375 2.0126953125 -2.8193359375 1.8955078125 -2.8740234375 1.90625 -2.9189453125 1.794921875 -2.91796875 1.78515625 -2.984375 -0.849609375 -3.2353515625 -0.8701171875 -3.166015625 -0.8798828125 -3.0693359375 -0.9345703125 -3.0400390625 -0.8671875 -2.9404296875 1.736328125 -3.59375 1.775390625 -3.54296875 1.7080078125 -3.5810546875 1.75 -3.5244140625 1.7197265625 -3.5029296875 1.80859375 -3.4775390625 1.77734375 -3.443359375 1.8505859375 -3.4189453125 0.0146484375 -1.953125 0.0126953125 -1.9794921875 0.052734375 -1.962890625 0.048828125 -1.99609375 0.0927734375 -2.0146484375 0.0361328125 -2.0263671875 0.08203125 -2.0556640625 0.046875 -2.080078125 1.3115234375 -4.970703125 1.306640625 -5.0009765625 1.392578125 -5.0029296875 1.392578125 -5.0380859375 1.4814453125 -5.0302734375 -0.0703125 -3.341796875 -0.1279296875 -3.443359375 -0.181640625 -3.408203125 -0.2822265625 -3.435546875 2.14453125 -3.248046875 2.15625 -3.2763671875 2.09765625 -3.3310546875 2.111328125 -3.3486328125 2.0517578125 -3.41015625 -0.923828125 -2.3818359375 -0.9404296875 -2.3603515625 -0.951171875 -2.3720703125 -0.525390625 -2.482421875 -0.5234375 -2.4501953125 -0.537109375 -2.484375 -0.53515625 -2.4501953125 0.6337890625 -4.041015625 0.6357421875 -4.078125 0.751953125 -4.05078125 0.765625 -4.0927734375 0.892578125 -4.0478515625 -0.9677734375 -2.6806640625 -1.0166015625 -2.7373046875 -1.09375 -2.7734375 -1.0927734375 -2.7939453125 -1.1904296875 -2.796875 1.84765625 -3.8271484375 1.8564453125 -3.80078125 1.9541015625 -3.8037109375 1.8642578125 -3.7763671875 1.951171875 -3.779296875 2.3310546875 -2.388671875 2.318359375 -2.498046875 2.375 -2.3916015625 2.359375 -2.509765625 2.404296875 -2.521484375 -0.505859375 -1.71484375 -0.5302734375 -1.7236328125 -0.4765625 -1.744140625 -0.5 -1.755859375 -0.462890625 -1.7880859375 -0.5263671875 -1.7685546875 -0.4892578125 -1.8037109375 1.080078125 -4.830078125 1.107421875 -4.8134765625 1.029296875 -4.7529296875 1.072265625 -4.7431640625 0.765625 -3.244140625 0.671875 -3.2392578125 0.67578125 -3.197265625 0.578125 -3.220703125 0.681640625 -3.1474609375 0.5732421875 -3.16015625 -1.31640625 -2.6787109375 -1.3564453125 -2.62890625 -1.3349609375 -2.693359375 -1.3798828125 -2.6376953125 -1.3994140625 -2.6474609375 -1.3984375 -2.5732421875 -1.43359375 -2.580078125 0.8125 -1.658203125 0.830078125 -1.611328125 0.775390625 -1.587890625 0.7900390625 -1.529296875 0.7265625 -1.5107421875 -0.3203125 -1.94140625 -0.30078125 -1.923828125 -0.27734375 -1.95703125 -0.2666015625 -1.9443359375 -0.2294921875 -1.98046875 -0.33984375 -2.33984375 -0.32421875 -2.3251953125 -0.3544921875 -2.3125 -0.3427734375 -2.29296875 -0.3681640625 -2.2705078125 -0.328125 -2.2685546875 -0.3583984375 -2.2392578125 0.177734375 -3.7880859375 0.185546875 -3.8515625 0.14453125 -3.8681640625 -0.939453125 -2.3046875 -0.982421875 -2.28515625 -0.951171875 -2.3251953125 -0.9873046875 -2.30859375 1.3564453125 -2.2646484375 1.3173828125 -2.2587890625 1.345703125 -2.400390625 1.3046875 -2.40625 1.330078125 -2.544921875 1.2587890625 -2.4130859375 1.2626953125 -2.580078125 -0.3056640625 -4.2646484375 -0.375 -4.365234375 -0.466796875 -4.4638671875 1.689453125 -2.826171875 1.65625 -2.8037109375 1.64453125 -2.837890625 -1.107421875 -2.3564453125 -1.1865234375 -2.3701171875 -1.2626953125 -2.396484375 0.5556640625 -2.1455078125 0.556640625 -2.1796875 0.599609375 -2.162109375 0.603515625 -2.2001953125 0.158203125 -3.0302734375 0.224609375 -3.01953125 0.2236328125 -3.005859375 0.28125 -2.9814453125 0.27734375 -2.962890625 1.9091796875 -2.486328125 1.8779296875 -2.3828125 1.779296875 -2.4423828125 1.966796875 -2.0546875 2.0029296875 -2.1279296875 2.0380859375 -2.0537109375 2.0859375 -2.119140625 2.126953125 -3.3681640625 2.037109375 -2.2138671875 1.943359375 -2.244140625 1.9716796875 -2.337890625 -0.48046875 -2.4072265625 -0.49609375 -2.4033203125 -0.513671875 -2.4501953125 -0.3916015625 -2.52734375 -0.388671875 -2.53515625 -0.3642578125 -2.4931640625 -0.3583984375 -2.5 0.5458984375 -2.205078125 0.4951171875 -2.197265625 0.5068359375 -2.1748046875 0.7060546875 -1.6767578125 0.6728515625 -1.693359375 0.72265625 -1.7783203125 0.443359375 -2.1904296875 0.4150390625 -2.224609375 0.4716796875 -2.2392578125 0.5263671875 -1.7041015625 0.56640625 -1.669921875 0.5 -1.66796875 0.5458984375 -1.6298828125 0.5947265625 -1.9609375 0.6201171875 -2.0830078125 0.65625 -2.08203125 0.609375 -1.6396484375 0.61328125 -1.6669921875 0.6572265625 -1.65234375 -0.529296875 -2.509765625 -0.5517578125 -2.5166015625 -0.537109375 -2.5439453125 -1.001953125 -2.4853515625 -0.970703125 -2.4697265625 -0.9775390625 -2.44140625 -0.9580078125 -2.4326171875 -0.96484375 -2.408203125 2.0830078125 -2.044921875 1.9970703125 -2.0107421875 1.890625 -4.763671875 1.8623046875 -4.7509765625 1.8916015625 -4.6767578125 1.865234375 -4.671875 -0.9931640625 -2.51953125 -0.9619140625 -2.5009765625 -0.2490234375 -1.927734375 -0.3681640625 -2.4453125 -0.3564453125 -2.4501953125 -0.359375 -2.4111328125 -0.3505859375 -2.4130859375 -0.5 -1.6572265625 -0.5048828125 -1.640625 -0.51953125 -1.6416015625 1.6171875 -2.791015625 1.6689453125 -2.75 -0.5068359375 -1.62890625 -0.4912109375 -1.6318359375 1.69140625 -3.6396484375 1.658203125 -3.6328125 1.6552734375 -3.703125 2.048828125 -3.7841796875 2.0625 -3.8125 2.1689453125 -3.779296875 2.34375 -3.365234375 2.359375 -3.30078125 2.3505859375 -3.2216796875 -0.140625 -4.08984375 -1.041015625 -2.2783203125 -1.041015625 -2.2509765625 -1.1318359375 -2.2646484375 1.5341796875 -4.7919921875 0.0478515625 -1.9306640625 0.095703125 -1.9365234375 0.0888671875 -1.8994140625 -1.392578125 -2.501953125 -1.373046875 -2.5703125 -0.4443359375 -1.5546875 -0.455078125 -1.51953125 -0.4814453125 -1.5576171875 -0.5029296875 -1.525390625 -0.52734375 -1.533203125 -0.8095703125 -2.4677734375 -0.7841796875 -2.4677734375 -0.81640625 -2.41796875 -0.787109375 -2.4072265625 -0.8076171875 -2.3662109375 1.01953125 -4.5146484375 1.08203125 -4.4482421875 0.9892578125 -4.4970703125 1.0458984375 -4.4140625 2.2119140625 -3.2431640625 -0.23828125 -3.29296875 -0.3701171875 -3.4443359375 0.1328125 -2.630859375 -0.984375 -2.5537109375 -0.7861328125 -3.412109375 0.15625 -2.5654296875 1.88671875 -4.6015625 1.9169921875 -4.59765625 1.9404296875 -4.681640625 -0.7119140625 -3.005859375 -0.5771484375 -2.88671875 -0.5810546875 -2.822265625 -0.068359375 -2.0244140625 0.33984375 -3.9443359375 -0.0888671875 -1.8193359375 -0.103515625 -1.9365234375 -0.27734375 -1.8134765625 -0.3173828125 -1.892578125 1.3662109375 -4.4892578125 -0.9345703125 -2.5654296875 0.0029296875 -2.0048828125 0.0830078125 -2.7177734375 0.0927734375 -2.7548828125 -0.4677734375 -1.5849609375 0.0126953125 -2.1044921875 0.0146484375 -2.05078125 -0.1416015625 -2.0673828125 -0.1435546875 -2.0986328125 -0.1005859375 -1.6748046875 -0.0576171875 -1.642578125 0.23046875 -2.6005859375 0.2529296875 -2.4921875 0.96484375 -1.84375 1.0634765625 -2.0244140625 1.037109375 -2.0751953125 1.125 -2.0419921875 1.1015625 -2.1015625 1.5283203125 -4.388671875 0.443359375 -1.908203125 0.623046875 -1.7109375 0.8134765625 -2.173828125 1.0078125 -4.7607421875 0.6962890625 -2.3017578125 0.705078125 -2.3623046875 -0.4921875 -2.5341796875 -0.3818359375 -2.548828125 -0.4169921875 -2.5791015625 -0.375 -2.564453125 -0.4150390625 -2.6142578125 -0.4453125 -2.58984375 -0.4453125 -2.6142578125 -0.75 -4.0751953125 1.8486328125 -2.2880859375 2.291015625 -2.5927734375 1.7919921875 -3.7587890625 0.056640625 -2.6357421875 0.0546875 -2.5791015625 0.078125 -2.525390625 -0.2734375 -4.537109375 1.1650390625 -4.3916015625 1.146484375 -4.3603515625 2.0517578125 -1.904296875 2.0712890625 -1.861328125 0.4365234375 -2.6884765625 0.4326171875 -2.748046875 0.451171875 -2.6884765625 0.4580078125 -2.7529296875 2.3671875 -2.267578125 2.4169921875 -2.2568359375 -0.5869140625 -3.943359375 -0.9443359375 -4.046875 -0.8271484375 -2.326171875 -0.8310546875 -2.376953125 -0.77734375 -4.728515625 0.4189453125 -2.8134765625 0.40625 -2.8056640625 -0.4794921875 -4.1162109375 -0.2119140625 -3.1455078125 0.5830078125 -3.26171875 1.09375 -3.4091796875 1.05078125 -3.4296875 1.3701171875 -2.5283203125 -0.6611328125 -4.693359375 -0.37109375 -2.404296875 -0.3701171875 -2.486328125 -0.98828125 -3.3408203125 -0.876953125 -3.39453125 1.716796875 -4.4677734375 -0.3544921875 -2.3857421875 -1.2548828125 -2.48046875 -1.3291015625 -2.619140625 1.2822265625 -4.5771484375 -0.705078125 -3.4150390625 1.876953125 -3.4482421875 1.79296875 -3.5537109375 -0.056640625 -2.005859375 1.8310546875 -3.5 -0.3603515625 -2.3212890625 -0.3486328125 -2.4541015625 -0.4716796875 -2.353515625 -0.375 -2.2919921875 0.3310546875 -2.7529296875 -0.5048828125 -2.4013671875 0.4375 -3.9736328125 1.4423828125 -4.4189453125 0.193359375 -2.5234375 1.1611328125 -4.78515625 -0.2861328125 -2.4140625 -0.2919921875 -2.3564453125 -0.314453125 -2.3662109375 -0.3984375 -2.2265625 -0.3984375 -2.25390625 -0.4208984375 -2.560546875 0.3076171875 -2.888671875 0.3203125 -2.810546875 1.0400390625 -3.55859375 0.373046875 -4.103515625 0.505859375 -4.1201171875 0.515625 -4.078125 -0.6005859375 -1.654296875 -0.58203125 -1.6943359375 -0.55078125 -1.6904296875 -0.2255859375 -4.4580078125 2.310546875 -3.4375 1.0966796875 -4.9775390625 1.2001953125 -5.01171875 1.2138671875 -4.98046875 2.2841796875 -2.4873046875 -0.3359375 -1.8076171875 1.103515625 -4.4716796875 1.8837890625 -2.810546875 -0.5830078125 -4.2001953125 -0.84375 -2.4248046875 -0.923828125 -2.345703125 -0.4677734375 -3.419921875 -0.9619140625 -2.3427734375 -1.20703125 -2.4619140625 -0.7509765625 -3.083984375 1.376953125 -2.3935546875 1.9267578125 -1.90625 -0.5498046875 -3.5341796875 -0.5576171875 -3.6005859375 1.3515625 -2.6767578125 1.3896484375 -2.6533203125 -0.9443359375 -2.42578125 0.228515625 -2.576171875 2.1337890625 -2.7783203125 2.158203125 -2.8134765625 0.13671875 -2.5966796875 -1.244140625 -2.5732421875 1.79296875 -2.8759765625 0.310546875 -2.580078125 0.322265625 -2.6181640625 -1.044921875 -2.6591796875 -0.9443359375 -2.6201171875 1.720703125 -2.9287109375 0.326171875 -2.654296875 -1.2080078125 -2.6640625 -1.2421875 -2.625 -1.15625 -2.6962890625 1.400390625 -1.95703125 1.328125 -2.1015625 1.3671875 -2.12109375 0.466796875 -3.2216796875 0.482421875 -3.2666015625 -0.8115234375 -3.2880859375 -0.4619140625 -1.734375 -0.44140625 -1.7734375 -0.658203125 -2.951171875 -0.0927734375 -2.0458984375 -0.17578125 -1.673828125 -0.4453125 -1.8408203125 -0.421875 -1.8212890625 -0.095703125 -1.876953125 0.3818359375 -2.1181640625 0.3203125 -1.9384765625 0.5810546875 -2.076171875 0.322265625 -1.8857421875 0.3388671875 -1.830078125 0.96484375 -1.79296875 0.6708984375 -3.2666015625 0.41796875 -2.0078125 -1.017578125 -4.68359375 -0.8916015625 -4.72265625 -0.2841796875 -3.9150390625 -0.453125 -3.919921875 0.9912109375 -2.0556640625 0.8759765625 -2.091796875 0.6396484375 -2.1806640625 0.4560546875 -1.701171875 0.41796875 -1.662109375 0.9599609375 -1.640625 0.90625 -1.5947265625 0.876953125 -1.6455078125 1.0498046875 -2.1572265625 0.9990234375 -2.1220703125 0.744140625 -2.2392578125 0.2548828125 -2.1943359375 0.3173828125 -2.2333984375 0.359375 -2.19921875 -0.4091796875 -4.712890625 -0.38671875 -4.75390625 -0.4814453125 -2.5576171875 2.271484375 -3.3134765625 2.1650390625 -3.2958984375 0.3125 -3.6640625 2.138671875 -3.59765625 1.7724609375 -3.6748046875 1.8701171875 -3.7587890625 -0.40234375 -1.87890625 0.0927734375 -2.9814453125 0.02734375 -2.9326171875 0.3359375 -2.94140625 0.2529296875 -3.896484375 1.3037109375 -5.044921875 -0.02734375 -2.7373046875 -0.0263671875 -2.671875 1.951171875 -3.5595703125 -1.27734375 -2.755859375 -0.55078125 -1.5419921875 0.6396484375 -4.13671875 -0.21484375 -3.228515625 0.90234375 -3.400390625 -1.138671875 -2.2392578125 -1.02734375 -2.212890625 -0.4345703125 -3.6181640625 0.1865234375 -3.71875 1.173828125 -4.865234375 1.6162109375 -4.3818359375 1.017578125 -4.6748046875 0.853515625 -1.548828125 0.9970703125 -2.212890625 -0.1083984375 -1.9833984375 0.3798828125 -2.271484375 -1.037109375 -2.5439453125 0.4755859375 -1.8154296875 -0.298828125 -2.298828125 0.576171875 -1.693359375 -0.4375 -2.21484375 -0.2880859375 -1.9111328125 -0.009765625 -1.970703125 -0.58203125 -2.5263671875 -0.560546875 -2.4873046875 -0.49609375 -2.5029296875 -0.505859375 -1.5625 0.96484375 -1.8896484375 -0.2490234375 -4.7412109375 -0.6494140625 -4.0302734375 0.1220703125 -3.7978515625 0.2392578125 -2.6455078125 0.2607421875 -2.8125 1.4404296875 -2.7744140625 -0.9501953125 -2.4580078125 2.2890625 -2.7734375 -0.3232421875 -4.5771484375 0.37109375 -1.6962890625 1.0322265625 -3.2841796875 1.2548828125 -2.24609375 -0.21484375 -1.8134765625 2.1650390625 -2.6494140625 1.912109375 -2.150390625 -1.2900390625 -2.517578125 -0.9755859375 -2.259765625 0.0732421875 -2.68359375 0.4150390625 -2.7421875 1.1484375 -1.9814453125 0.6484375 -2.3642578125 -0.564453125 -1.734375 -0.7822265625 -2.52734375 0.4658203125 -1.6279296875 -0.6806640625 -3.583984375 1.662109375 -3.5615234375 1.95703125 -3.8447265625 -1.365234375 -2.7138671875 -0.525390625 -4.7666015625 -0.4755859375 -2.615234375 1.9248046875 -3.39453125 0.359375 -3.2841796875 -0.212890625 -2.0810546875 0.103515625 -1.9736328125 0.9326171875 -4.5791015625 -0.40625 -1.5126953125 1.892578125 -4.513671875 0.1181640625 -2.47265625 0.0703125 -2.5146484375 0.443359375 -2.6240234375 1.24609375 -4.3056640625 -0.8291015625 -3.9365234375 -1.25 -2.2666015625 0.380859375 -2.8740234375 0.291015625 -3.0087890625 2.19140625 -1.9169921875 2.43359375 -2.3984375 2.02734375 -2.853515625 -0.455078125 -2.8193359375 -0.021484375 -1.669921875 0.0615234375 0.0029296875 0.0341796875 0.109375 0.265625 0.154296875 0.109375 0.185546875 0.2255859375 0.3779296875 0.0009765625 0.224609375 0.0478515625 0.37109375 0.0361328125 0.7001953125 0.021484375 0.8125 0.173828125 0.76953125 0.0009765625 0.9892578125 0.23828125 0.94140625 0.166015625 0.998046875 0.5947265625 0.04296875 0.521484375 0.0546875 0.5712890625 0.2021484375 0.5166015625 0.185546875 0.58203125 0.3583984375 0.4541015625 0.37109375 0.01953125 0.6328125 0.23828125 0.6962890625 0.095703125 0.4951171875 0.2880859375 0.5263671875 0.220703125 0.3818359375 0.591796875 0.3818359375 0.396484375 0.392578125 0.5107421875 0.5517578125 0.29296875 0.5205078125 0.4970703125 0.6962890625 0.703125 0.71484375 0.8984375 0.5927734375 0.59765625 0.55859375 0.634765625 0.3994140625 0.345703125 0.2646484375 0.34375 0.1494140625 0.357421875 0.0029296875 0.3369140625 0.2802734375 0.806640625 0.375</float_array>
                    <technique_common>
                        <accessor count="2079" source="#uvarray1" stride="2">
                            <param name="S" type="float"/>
                            <param name="T" type="float"/>
                        </accessor>
                    </technique_common>
                </source>
                <source id="colors1">
                    <float_array id="colorarray1" count="1012">0.4745098039215686 0.4745098039215686 0.4745098039215686 1 0.5254901960784314 0.5254901960784314 0.5254901960784314 1 0.4823529411764706 0.4823529411764706 0.4823529411764706 1 0.8156862745098039 0.8156862745098039 0.8156862745098039 1 0.8 0.8 0.8 1 0.8313725490196079 0.8313725490196079 0.8313725490196079 1 0.8196078431372549 0.8196078431372549 0.8196078431372549 1 0.8666666666666667 0.8666666666666667 0.8666666666666667 1 0.7372549019607844 0.7372549019607844 0.7372549019607844 1 0.796078431372549 0.796078431372549 0.796078431372549 1 0.6666666666666666 0.6666666666666666 0.6666666666666666 1 0.8352941176470589 0.8352941176470589 0.8352941176470589 1 0.7803921568627451 0.7803921568627451 0.7803921568627451 1 0.8509803921568627 0.8509803921568627 0.8509803921568627 1 0.7490196078431373 0.7490196078431373 0.7490196078431373 1 0.8431372549019608 0.8431372549019608 0.8431372549019608 1 0.807843137254902 0.807843137254902 0.807843137254902 1 0.8470588235294118 0.8470588235294118 0.8470588235294118 1 0.7607843137254902 0.7607843137254902 0.7607843137254902 1 0.7568627450980392 0.7568627450980392 0.7568627450980392 1 0.7215686274509804 0.7215686274509804 0.7215686274509804 1 0.7411764705882353 0.7411764705882353 0.7411764705882353 1 0.6862745098039216 0.6862745098039216 0.6862745098039216 1 0.7058823529411765 0.7058823529411765 0.7058823529411765 1 0.6705882352941176 0.6705882352941176 0.6705882352941176 1 0.7647058823529411 0.7647058823529411 0.7647058823529411 1 0.7176470588235294 0.7176470588235294 0.7176470588235294 1 0.7686274509803922 0.7686274509803922 0.7686274509803922 1 0.6941176470588235 0.6941176470588235 0.6941176470588235 1 0.6980392156862745 0.6980392156862745 0.6980392156862745 1 0.6627450980392157 0.6627450980392157 0.6627450980392157 1 0.6509803921568628 0.6509803921568628 0.6509803921568628 1 0.6588235294117647 0.6588235294117647 0.6588235294117647 1 0.6274509803921569 0.6274509803921569 0.6274509803921569 1 0.5294117647058824 0.5294117647058824 0.5294117647058824 1 0.2627450980392157 0.2627450980392157 0.2627450980392157 1 0.2823529411764706 0.2823529411764706 0.2823529411764706 1 0.5058823529411764 0.5058823529411764 0.5058823529411764 1 0.4980392156862745 0.4980392156862745 0.4980392156862745 1 0.5098039215686274 0.5098039215686274 0.5098039215686274 1 0.8235294117647058 0.8235294117647058 0.8235294117647058 1 0.8901960784313725 0.8901960784313725 0.8901960784313725 1 0.8784313725490196 0.8784313725490196 0.8784313725490196 1 0.9882352941176471 0.9882352941176471 0.9882352941176471 1 0.8549019607843137 0.8549019607843137 0.8549019607843137 1 0.9607843137254902 0.9607843137254902 0.9607843137254902 1 0.9372549019607843 0.9372549019607843 0.9372549019607843 1 0.9921568627450981 0.9921568627450981 0.9921568627450981 1 0.984313725490196 0.984313725490196 0.984313725490196 1 0.996078431372549 0.996078431372549 0.996078431372549 1 1 1 1 1 0.9254901960784314 0.9254901960784314 0.9254901960784314 1 0.9176470588235294 0.9176470588235294 0.9176470588235294 1 0.7843137254901961 0.7843137254901961 0.7843137254901961 1 0.9137254901960784 0.9137254901960784 0.9137254901960784 1 0.7098039215686275 0.7098039215686275 0.7098039215686275 1 0.3764705882352941 0.3764705882352941 0.3764705882352941 1 0.39215686274509803 0.39215686274509803 0.39215686274509803 1 0.40784313725490196 0.40784313725490196 0.40784313725490196 1 0.14901960784313725 0.14901960784313725 0.14901960784313725 1 0.45098039215686275 0.45098039215686275 0.45098039215686275 1 0.050980392156862744 0.050980392156862744 0.050980392156862744 1 0.5176470588235295 0.5176470588235295 0.5176470588235295 1 0.5607843137254902 0.5607843137254902 0.5607843137254902 1 0.6392156862745098 0.6392156862745098 0.6392156862745098 1 0.6196078431372549 0.6196078431372549 0.6196078431372549 1 0.6901960784313725 0.6901960784313725 0.6901960784313725 1 0.7529411764705882 0.7529411764705882 0.7529411764705882 1 0.7254901960784313 0.7254901960784313 0.7254901960784313 1 0.6549019607843137 0.6549019607843137 0.6549019607843137 1 0.6313725490196078 0.6313725490196078 0.6313725490196078 1 0.615686274509804 0.615686274509804 0.615686274509804 1 0.6039215686274509 0.6039215686274509 0.6039215686274509 1 0.5725490196078431 0.5725490196078431 0.5725490196078431 1 0.5686274509803921 0.5686274509803921 0.5686274509803921 1 0.5529411764705883 0.5529411764705883 0.5529411764705883 1 0.5215686274509804 0.5215686274509804 0.5215686274509804 1 0.5333333333333333 0.5333333333333333 0.5333333333333333 1 0.5450980392156862 0.5450980392156862 0.5450980392156862 1 0.43529411764705883 0.43529411764705883 0.43529411764705883 1 0.4235294117647059 0.4235294117647059 0.4235294117647059 1 0.2784313725490196 0.2784313725490196 0.2784313725490196 1 0.3176470588235294 0.3176470588235294 0.3176470588235294 1 0.25098039215686274 0.25098039215686274 0.25098039215686274 1 0.28627450980392155 0.28627450980392155 0.28627450980392155 1 0.3215686274509804 0.3215686274509804 0.3215686274509804 1 0.8392156862745098 0.8392156862745098 0.8392156862745098 1 0.8705882352941177 0.8705882352941177 0.8705882352941177 1 0.9098039215686274 0.9098039215686274 0.9098039215686274 1 0.8627450980392157 0.8627450980392157 0.8627450980392157 1 0.9019607843137255 0.9019607843137255 0.9019607843137255 1 0.9490196078431372 0.9490196078431372 0.9490196078431372 1 0.9529411764705882 0.9529411764705882 0.9529411764705882 1 0.9725490196078431 0.9725490196078431 0.9725490196078431 1 0.9686274509803922 0.9686274509803922 0.9686274509803922 1 0.9450980392156862 0.9450980392156862 0.9450980392156862 1 0.9411764705882353 0.9411764705882353 0.9411764705882353 1 0.9333333333333333 0.9333333333333333 0.9333333333333333 1 0.7450980392156863 0.7450980392156863 0.7450980392156863 1 0.3333333333333333 0.3333333333333333 0.3333333333333333 1 0.2 0.2 0.2 1 0.1568627450980392 0.1568627450980392 0.1568627450980392 1 0.4 0.4 0.4 1 0.1607843137254902 0.1607843137254902 0.1607843137254902 1 0.5568627450980392 0.5568627450980392 0.5568627450980392 1 0.5843137254901961 0.5843137254901961 0.5843137254901961 1 0.6235294117647059 0.6235294117647059 0.6235294117647059 1 0.8862745098039215 0.8862745098039215 0.8862745098039215 1 0.8745098039215686 0.8745098039215686 0.8745098039215686 1 0.8980392156862745 0.8980392156862745 0.8980392156862745 1 0.9568627450980393 0.9568627450980393 0.9568627450980393 1 0.8117647058823529 0.8117647058823529 0.8117647058823529 1 0.792156862745098 0.792156862745098 0.792156862745098 1 0.596078431372549 0.596078431372549 0.596078431372549 1 0.23529411764705882 0.23529411764705882 0.23529411764705882 1 0.20392156862745098 0.20392156862745098 0.20392156862745098 1 0.3254901960784314 0.3254901960784314 0.3254901960784314 1 0.3568627450980392 0.3568627450980392 0.3568627450980392 1 0.3686274509803922 0.3686274509803922 0.3686274509803922 1 0.6784313725490196 0.6784313725490196 0.6784313725490196 1 0.6745098039215687 0.6745098039215687 0.6745098039215687 1 0.6823529411764706 0.6823529411764706 0.6823529411764706 1 0.592156862745098 0.592156862745098 0.592156862745098 1 0.5647058823529412 0.5647058823529412 0.5647058823529412 1 0.6078431372549019 0.6078431372549019 0.6078431372549019 1 0.5764705882352941 0.5764705882352941 0.5764705882352941 1 0.5411764705882353 0.5411764705882353 0.5411764705882353 1 0.49019607843137253 0.49019607843137253 0.49019607843137253 1 0.48627450980392156 0.48627450980392156 0.48627450980392156 1 0.4627450980392157 0.4627450980392157 0.4627450980392157 1 0.4588235294117647 0.4588235294117647 0.4588235294117647 1 0.32941176470588235 0.32941176470588235 0.32941176470588235 1 0.16470588235294117 0.16470588235294117 0.16470588235294117 1 0.16862745098039217 0.16862745098039217 0.16862745098039217 1 0.18823529411764706 0.18823529411764706 0.18823529411764706 1 0.12941176470588237 0.12941176470588237 0.12941176470588237 1 0.13333333333333333 0.13333333333333333 0.13333333333333333 1 0.19607843137254902 0.19607843137254902 0.19607843137254902 1 0.17647058823529413 0.17647058823529413 0.17647058823529413 1 0.21176470588235294 0.21176470588235294 0.21176470588235294 1 0.23137254901960785 0.23137254901960785 0.23137254901960785 1 0.24705882352941178 0.24705882352941178 0.24705882352941178 1 0.25882352941176473 0.25882352941176473 0.25882352941176473 1 0.2549019607843137 0.2549019607843137 0.2549019607843137 1 0.26666666666666666 0.26666666666666666 0.26666666666666666 1 0.3803921568627451 0.3803921568627451 0.3803921568627451 1 0.4196078431372549 0.4196078431372549 0.4196078431372549 1 0.403921568627451 0.403921568627451 0.403921568627451 1 0.2980392156862745 0.2980392156862745 0.2980392156862745 1 0.3843137254901961 0.3843137254901961 0.3843137254901961 1 0.41568627450980394 0.41568627450980394 0.41568627450980394 1 0.43137254901960786 0.43137254901960786 0.43137254901960786 1 0.4549019607843137 0.4549019607843137 0.4549019607843137 1 0.21568627450980393 0.21568627450980393 0.21568627450980393 1 0.19215686274509805 0.19215686274509805 0.19215686274509805 1 0.1803921568627451 0.1803921568627451 0.1803921568627451 1 0.38823529411764707 0.38823529411764707 0.38823529411764707 1 0.37254901960784315 0.37254901960784315 0.37254901960784315 1 0.33725490196078434 0.33725490196078434 0.33725490196078434 1 0.6431372549019608 0.6431372549019608 0.6431372549019608 1 0.8274509803921568 0.8274509803921568 0.8274509803921568 1 0.7764705882352941 0.7764705882352941 0.7764705882352941 1 0.9058823529411765 0.9058823529411765 0.9058823529411765 1 0.803921568627451 0.803921568627451 0.803921568627451 1 0.5803921568627451 0.5803921568627451 0.5803921568627451 1 0.22745098039215686 0.22745098039215686 0.22745098039215686 1 0.6470588235294118 0.6470588235294118 0.6470588235294118 1 0.5019607843137255 0.5019607843137255 0.5019607843137255 1 0.4392156862745098 0.4392156862745098 0.4392156862745098 1 0.396078431372549 0.396078431372549 0.396078431372549 1 0.3607843137254902 0.3607843137254902 0.3607843137254902 1 0.34901960784313724 0.34901960784313724 0.34901960784313724 1 0.3137254901960784 0.3137254901960784 0.3137254901960784 1 0.2235294117647059 0.2235294117647059 0.2235294117647059 1 0.1843137254901961 0.1843137254901961 0.1843137254901961 1 0.27058823529411763 0.27058823529411763 0.27058823529411763 1 0.30196078431372547 0.30196078431372547 0.30196078431372547 1 0.6352941176470588 0.6352941176470588 0.6352941176470588 1 0.7725490196078432 0.7725490196078432 0.7725490196078432 1 0.8588235294117647 0.8588235294117647 0.8588235294117647 1 0.5882352941176471 0.5882352941176471 0.5882352941176471 1 0.7294117647058823 0.7294117647058823 0.7294117647058823 1 0.7137254901960784 0.7137254901960784 0.7137254901960784 1 0.611764705882353 0.611764705882353 0.611764705882353 1 0.2901960784313726 0.2901960784313726 0.2901960784313726 1 0.23921568627450981 0.23921568627450981 0.23921568627450981 1 0.4666666666666667 0.4666666666666667 0.4666666666666667 1 0.47843137254901963 0.47843137254901963 0.47843137254901963 1 0.4117647058823529 0.4117647058823529 0.4117647058823529 1 0.06666666666666667 0.06666666666666667 0.06666666666666667 1 0.17254901960784313 0.17254901960784313 0.17254901960784313 1 0.09411764705882353 0.09411764705882353 0.09411764705882353 1 0.1450980392156863 0.1450980392156863 0.1450980392156863 1 0.788235294117647 0.788235294117647 0.788235294117647 1 0.9803921568627451 0.9803921568627451 0.9803921568627451 1 0.9294117647058824 0.9294117647058824 0.9294117647058824 1 0.8941176470588236 0.8941176470588236 0.8941176470588236 1 0.07450980392156863 0.07450980392156863 0.07450980392156863 1 0.5490196078431373 0.5490196078431373 0.5490196078431373 1 0.7019607843137254 0.7019607843137254 0.7019607843137254 1 0.5843137254901961 0.5647058823529412 0.5764705882352941 1 0.47058823529411764 0.47058823529411764 0.47058823529411764 1 0.5372549019607843 0.5372549019607843 0.5372549019607843 1 0.8823529411764706 0.8823529411764706 0.8823529411764706 1 0.7333333333333333 0.7333333333333333 0.7333333333333333 1 0.24313725490196078 0.24313725490196078 0.24313725490196078 1 0.42745098039215684 0.42745098039215684 0.42745098039215684 1 0.058823529411764705 0.058823529411764705 0.058823529411764705 1 0.34509803921568627 0.34509803921568627 0.34509803921568627 1 0.5137254901960784 0.5137254901960784 0.5137254901960784 1 0.49411764705882355 0.49411764705882355 0.49411764705882355 1 0.4470588235294118 0.4470588235294118 0.4470588235294118 1 0.29411764705882354 0.29411764705882354 0.29411764705882354 1 0.36470588235294116 0.36470588235294116 0.36470588235294116 1 0.9215686274509803 0.9215686274509803 0.9215686274509803 1 0.9764705882352941 0.9764705882352941 0.9764705882352941 1 0.9647058823529412 0.9647058823529412 0.9647058823529412 1 0.20784313725490197 0.20784313725490197 0.20784313725490197 1 0.043137254901960784 0.043137254901960784 0.043137254901960784 1 0.10980392156862745 0.10980392156862745 0.10980392156862745 1 0.35294117647058826 0.35294117647058826 0.35294117647058826 1 0.6 0.6 0.6 1 0.1411764705882353 0.1411764705882353 0.1411764705882353 1 0.12549019607843137 0.12549019607843137 0.12549019607843137 1 0.3411764705882353 0.3411764705882353 0.3411764705882353 1 0.30980392156862746 0.30980392156862746 0.30980392156862746 1 0.3058823529411765 0.3058823529411765 0.3058823529411765 1 0.11764705882352941 0.11764705882352941 0.11764705882352941 1 0.12156862745098039 0.12156862745098039 0.12156862745098039 1 0.054901960784313725 0.054901960784313725 0.054901960784313725 1 0.09803921568627451 0.09803921568627451 0.09803921568627451 1 0.27450980392156865 0.27450980392156865 0.27450980392156865 1 0.2196078431372549 0.2196078431372549 0.2196078431372549 1 0.0784313725490196 0.0784313725490196 0.0784313725490196 1 0.13725490196078433 0.13725490196078433 0.13725490196078433 1 0.6823529411764706 0.6627450980392157 0.6745098039215687 1 0.44313725490196076 0.44313725490196076 0.44313725490196076 1 0.06274509803921569 0.06274509803921569 0.06274509803921569 1 0.15294117647058825 0.15294117647058825 0.15294117647058825 1 0.07058823529411765 0.07058823529411765 0.07058823529411765 1 0 0 0 1 0.09019607843137255 0.09019607843137255 0.09019607843137255 1 0.08235294117647059 0.08235294117647059 0.08235294117647059 1 0.10196078431372549 0.10196078431372549 0.10196078431372549 1 0.01568627450980392 0.01568627450980392 0.01568627450980392 1 0.011764705882352941 0.011764705882352941 0.011764705882352941 1 0.00784313725490196 0.00784313725490196 0.00784313725490196 1 0.00392156862745098 0.00392156862745098 0.00392156862745098 1 0.027450980392156862 0.027450980392156862 0.027450980392156862 1 0.0196078431372549 0.0196078431372549 0.0196078431372549 1 0.023529411764705882 0.023529411764705882 0.023529411764705882 1 0.0392156862745098 0.0392156862745098 0.0392156862745098 1 0.35294117647058826 0.3411764705882353 0.34901960784313724 1</float_array>
                    <technique_common>
                        <accessor count="253" source="#colorarray1" stride="4">
                            <param name="R" type="float"/>
                            <param name="G" type="float"/>
                            <param name="B" type="float"/>
                            <param name="A" type="float"/>
                        </accessor>
                    </technique_common>
                </source>
                <vertices id="vertices1">
                    <input semantic="POSITION" source="#points1"/>
                </vertices>
                <polylist count="4064" material="Material1">
                    <input offset="0" semantic="VERTEX" source="#vertices1"/>
                    <input offset="1" semantic="TEXCOORD" source="#uvs1" set="0"/>
                    <input offset="2" semantic="COLOR" source="#colors1" set="0"/>
                    <vcount>3 3 3 3 3 3 3 3 3 3 3 3 3 3 3 3 3 3 3 3 3 3 3 3 3 3 3 3 3 3 3 3 3 3 3 3 3 3 3 3 3 3 3 3 3 3 3 3 3 3 3 3 3 3 3 3 3 3 3 3 3 3 3 3 3 3 3 3 3 3 3 3 3 3 3 3 3 3 3 3 3 3 3 3 3 3 3 3 3 3 3 3 3 3 3 3 3 3 3 3 3 3 3 3 3 3 3 3 3 3 3 3 3 3 3 3 3 3 3 3 3 3 3 3 3 3 3 3 3 3 3 3 3 3 3 3 3 3 3 3 3 3 3 3 3 3 3 3 3 3 3 3 3 3 3 3 3 3 3 3 3 3 3 3 3 3 3 3 3 3 3 3 3 3 3 3 3 3 3 3 3 3 3 3 3 3 3 3 3 3 3 3 3 3 3 3 3 3 3 3 3 3 3 3 3 3 3 3 3 3 3 3 3 3 3 3 3 3 3 3 3 3 3 3 3 3 3 3 3 3 3 3 3 3 3 3 3 3 3 3 3 3 3 3 3 3 3 3 3 3 3 3 3 3 3 3 3 3 3 3 3 3 3 3 3 3 3 3 3 3 3 3 3 3 3 3 3 3 3 3 3 3 3 3 3 3 3 3 3 3 3 3 3 3 3 3 3 3 3 3 3 3 3 3 3 3 3 3 3 3 3 3 3 3 3 3 3 3 3 3 3 3 3 3 3 3 3 3 3 3 3 3 3 3 3 3 3 3 3 3 3 3 3 3 3 3 3 3 3 3 3 3 3 3 3 3 3 3 3 3 3 3 3 3 3 3 3 3 3 3 3 3 3 3 3 3 3 3 3 3 3 3 3 3 3 3 3 3 3 3 3 3 3 3 3 3 3 3 3 3 3 3 3 3 3 3 3 3 3 3 3 3 3 3 3 3 3 3 3 3 3 3 3 3 3 3 3 3 3 3 3 3 3 3 3 3 3 3 3 3 3 3 3 3 3 3 3 3 3 3 3 3 3 3 3 3 3 3 3 3 3 3 3 3 3 3 3 3 3 3 3 3 3 3 3 3 3 3 3 3 3 3 3 3 3 3 3 3 3 3 3 3 3 3 3 3 3 3 3 3 3 3 3 3 3 3 3 3 3 3 3 3 3 3 3 3 3 3 3 3 3 3 3 3 3 3 3 3 3 3 3 3 3 3 3 3 3 3 3 3 3 3 3 3 3 3 3 3 3 3 3 3 3 3 3 3 3 3 3 3 3 3 3 3 3 3 3 3 3 3 3 3 3 3 3 3 3 3 3 3 3 3 3 3 3 3 3 3 3 3 3 3 3 3 3 3 3 3 3 3 3 3 3 3 3 3 3 3 3 3 3 3 3 3 3 3 3 3 3 3 3 3 3 3 3 3 3 3 3 3 3 3 3 3 3 3 3 3 3 3 3 3 3 3 3 3 3 3 3 3 3 3 3 3 3 3 3 3 3 3 3 3 3 3 3 3 3 3 3 3 3 3 3 3 3 3 3 3 3 3 3 3 3 3 3 3 3 3 3 3 3 3 3 3 3 3 3 3 3 3 3 3 3 3 3 3 3 3 3 3 3 3 3 3 3 3 3 3 3 3 3 3 3 3 3 3 3 3 3 3 3 3 3 3 3 3 3 3 3 3 3 3 3 3 3 3 3 3 3 3 3 3 3 3 3 3 3 3 3 3 3 3 3 3 3 3 3 3 3 3 3 3 3 3 3 3 3 3 3 3 3 3 3 3 3 3 3 3 3 3 3 3 3 3 3 3 3 3 3 3 3 3 3 3 3 3 3 3 3 3 3 3 3 3 3 3 3 3 3 3 3 3 3 3 3 3 3 3 3 3 3 3 3 3 3 3 3 3 3 3 3 3 3 3 3 3 3 3 3 3 3 3 3 3 3 3 3 3 3 3 3 3 3 3 3 3 3 3 3 3 3 3 3 3 3 3 3 3 3 3 3 3 3 3 3 3 3 3 3 3 3 3 3 3 3 3 3 3 3 3 3 3 3 3 3 3 3 3 3 3 3 3 3 3 3 3 3 3 3 3 3 3 3 3 3 3 3 3 3 3 3 3 3 3 3 3 3 3 3 3 3 3 3 3 3 3 3 3 3 3 3 3 3 3 3 3 3 3 3 3 3 3 3 3 3 3 3 3 3 3 3 3 3 3 3 3 3 3 3 3 3 3 3 3 3 3 3 3 3 3 3 3 3 3 3 3 3 3 3 3 3 3 3 3 3 3 3 3 3 3 3 3 3 3 3 3 3 3 3 3 3 3 3 3 3 3 3 3 3 3 3 3 3 3 3 3 3 3 3 3 3 3 3 3 3 3 3 3 3 3 3 3 3 3 3 3 3 3 3 3 3 3 3 3 3 3 3 3 3 3 3 3 3 3 3 3 3 3 3 3 3 3 3 3 3 3 3 3 3 3 3 3 3 3 3 3 3 3 3 3 3 3 3 3 3 3 3 3 3 3 3 3 3 3 3 3 3 3 3 3 3 3 3 3 3 3 3 3 3 3 3 3 3 3 3 3 3 3 3 3 3 3 3 3 3 3 3 3 3 3 3 3 3 3 3 3 3 3 3 3 3 3 3 3 3 3 3 3 3 3 3 3 3 3 3 3 3 3 3 3 3 3 3 3 3 3 3 3 3 3 3 3 3 3 3 3 3 3 3 3 3 3 3 3 3 3 3 3 3 3 3 3 3 3 3 3 3 3 3 3 3 3 3 3 3 3 3 3 3 3 3 3 3 3 3 3 3 3 3 3 3 3 3 3 3 3 3 3 3 3 3 3 3 3 3 3 3 3 3 3 3 3 3 3 3 3 3 3 3 3 3 3 3 3 3 3 3 3 3 3 3 3 3 3 3 3 3 3 3 3 3 3 3 3 3 3 3 3 3 3 3 3 3 3 3 3 3 3 3 3 3 3 3 3 3 3 3 3 3 3 3 3 3 3 3 3 3 3 3 3 3 3 3 3 3 3 3 3 3 3 3 3 3 3 3 3 3 3 3 3 3 3 3 3 3 3 3 3 3 3 3 3 3 3 3 3 3 3 3 3 3 3 3 3 3 3 3 3 3 3 3 3 3 3 3 3 3 3 3 3 3 3 3 3 3 3 3 3 3 3 3 3 3 3 3 3 3 3 3 3 3 3 3 3 3 3 3 3 3 3 3 3 3 3 3 3 3 3 3 3 3 3 3 3 3 3 3 3 3 3 3 3 3 3 3 3 3 3 3 3 3 3 3 3 3 3 3 3 3 3 3 3 3 3 3 3 3 3 3 3 3 3 3 3 3 3 3 3 3 3 3 3 3 3 3 3 3 3 3 3 3 3 3 3 3 3 3 3 3 3 3 3 3 3 3 3 3 3 3 3 3 3 3 3 3 3 3 3 3 3 3 3 3 3 3 3 3 3 3 3 3 3 3 3 3 3 3 3 3 3 3 3 3 3 3 3 3 3 3 3 3 3 3 3 3 3 3 3 3 3 3 3 3 3 3 3 3 3 3 3 3 3 3 3 3 3 3 3 3 3 3 3 3 3 3 3 3 3 3 3 3 3 3 3 3 3 3 3 3 3 3 3 3 3 3 3 3 3 3 3 3 3 3 3 3 3 3 3 3 3 3 3 3 3 3 3 3 3 3 3 3 3 3 3 3 3 3 3 3 3 3 3 3 3 3 3 3 3 3 3 3 3 3 3 3 3 3 3 3 3 3 3 3 3 3 3 3 3 3 3 3 3 3 3 3 3 3 3 3 3 3 3 3 3 3 3 3 3 3 3 3 3 3 3 3 3 3 3 3 3 3 3 3 3 3 3 3 3 3 3 3 3 3 3 3 3 3 3 3 3 3 3 3 3 3 3 3 3 3 3 3 3 3 3 3 3 3 3 3 3 3 3 3 3 3 3 3 3 3 3 3 3 3 3 3 3 3 3 3 3 3 3 3 3 3 3 3 3 3 3 3 3 3 3 3 3 3 3 3 3 3 3 3 3 3 3 3 3 3 3 3 3 3 3 3 3 3 3 3 3 3 3 3 3 3 3 3 3 3 3 3 3 3 3 3 3 3 3 3 3 3 3 3 3 3 3 3 3 3 3 3 3 3 3 3 3 3 3 3 3 3 3 3 3 3 3 3 3 3 3 3 3 3 3 3 3 3 3 3 3 3 3 3 3 3 3 3 3 3 3 3 3 3 3 3 3 3 3 3 3 3 3 3 3 3 3 3 3 3 3 3 3 3 3 3 3 3 3 3 3 3 3 3 3 3 3 3 3 3 3 3 3 3 3 3 3 3 3 3 3 3 3 3 3 3 3 3 3 3 3 3 3 3 3 3 3 3 3 3 3 3 3 3 3 3 3 3 3 3 3 3 3 3 3 3 3 3 3 3 3 3 3 3 3 3 3 3 3 3 3 3 3 3 3 3 3 3 3 3 3 3 3 3 3 3 3 3 3 3 3 3 3 3 3 3 3 3 3 3 3 3 3 3 3 3 3 3 3 3 3 3 3 3 3 3 3 3 3 3 3 3 3 3 3 3 3 3 3 3 3 3 3 3 3 3 3 3 3 3 3 3 3 3 3 3 3 3 3 3 3 3 3 3 3 3 3 3 3 3 3 3 3 3 3 3 3 3 3 3 3 3 3 3 3 3 3 3 3 3 3 3 3 3 3 3 3 3 3 3 3 3 3 3 3 3 3 3 3 3 3 3 3 3 3 3 3 3 3 3 3 3 3 3 3 3 3 3 3 3 3 3 3 3 3 3 3 3 3 3 3 3 3 3 3 3 3 3 3 3 3 3 3 3 3 3 3 3 3 3 3 3 3 3 3 3 3 3 3 3 3 3 3 3 3 3 3 3 3 3 3 3 3 3 3 3 3 3 3 3 3 3 3 3 3 3 3 3 3 3 3 3 3 3 3 3 3 3 3 3 3 3 3 3 3 3 3 3 3 3 3 3 3 3 3 3 3 3 3 3 3 3 3 3 3 3 3 3 3 3 3 3 3 3 3 3 3 3 3 3 3 3 3 3 3 3 3 3 3 3 3 3 3 3 3 3 3 3 3 3 3 3 3 3 3 3 3 3 3 3 3 3 3 3 3 3 3 3 3 3 3 3 3 3 3 3 3 3 3 3 3 3 3 3 3 3 3 3 3 3 3 3 3 3 3 3 3 3 3 3 3 3 3 3 3 3 3 3 3 3 3 3 3 3 3 3 3 3 3 3 3 3 3 3 3 3 3 3 3 3 3 3 3 3 3 3 3 3 3 3 3 3 3 3 3 3 3 3 3 3 3 3 3 3 3 3 3 3 3 3 3 3 3 3 3 3 3 3 3 3 3 3 3 3 3 3 3 3 3 3 3 3 3 3 3 3 3 3 3 3 3 3 3 3 3 3 3 3 3 3 3 3 3 3 3 3 3 3 3 3 3 3 3 3 3 3 3 3 3 3 3 3 3 3 3 3 3 3 3 3 3 3 3 3 3 3 3 3 3 3 3 3 3 3 3 3 3 3 3 3 3 3 3 3 3 3 3 3 3 3 3 3 3 3 3 3 3 3 3 3 3 3 3 3 3 3 3 3 3 3 3 3 3 3 3 3 3 3 3 3 3 3 3 3 3 3 3 3 3 3 3 3 3 3 3 3 3 3 3 3 3 3 3 3 3 3 3 3 3 3 3 3 3 3 3 3 3 3 3 3 3 3 3 3 3 3 3 3 3 3 3 3 3 3 3 3 3 3 3 3 3 3 3 3 3 3 3 3 3 3 3 3 3 3 3 3 3 3 3 3 3 3 3 3 3 3 3 3 3 3 3 3 3 3 3 3 3 3 3 3 3 3 3 3 3 3 3 3 3 3 3 3 3 3 3 3 3 3 3 3 3 3 3 3 3 3 3 3 3 3 3 3 3 3 3 3 3 3 3 3 3 3 3 3 3 3 3 3 3 3 3 3 3 3 3 3 3 3 3 3 3 3 3 3 3 3 3 3 3 3 3 3 3 3 3 3 3 3 3 3 3 3 3 3 3 3 3 3 3 3 3 3 3 3 3 3 3 3 3 3 3 3 3 3 3 3 3 3 3 3 3 3 3 3 3 3 3 3 3 3 3 3 3 3 3 3 3 3 3 3 3 3 3 3 3 3 3 3 3 3 3 3 3 3 3 3 3 3 3 3 3 3 3 3 3 3 3 3 3 3 3 3 3 3 3 3 3 3 3 3 3 3 3 3 3 3 3 3 3 3 3 3 3 3 3 3 3 3 3 3 3 3 3 3 3 3 3 3 3 3 3 3 3 3 3 3 3 3 3 3 3 3 3 3 3 3 3 3 3 3 3 3 3 3 3 3 3 3 3 3 3 3 3 3 3 3 3 3 3 3 3 3 3 3 3 3 3 3 3 3 3 3 3 3 3 3 3 3 3 3 3 3 3 3 3 3 3 3 3 3 3 3 3 3 3 3 3 3 3 3 3 3 3 3 3 3 3 3 3 3 3 3 3 3 3 3 3 3 3 3 3 3 3 3 3 3 3 3 3 3 3 3 3 3 3 3 3 3 3 3 3 3 3 3 3 3 3 3 3 3 3 3 3 3 3 3 3 3 3 3 3 3 3 3 3 3 3 3 3 3 3 3 3 3 3 3 3 3 3 3 3 3 3 3 3 3 3 3 3 3 3 3 3 3 3 3 3 3 3 3 3 3 3 3 3 3 3 3 3 3 3 3 3 3 3 3 3 3 3 3 3 3 3 3 3 3 3 3 3 3 3 3 3 3 3 3 3 3 3 3 3 3 3 3 3 3 3 3 3 3 3 3 3 3 3 3 3 3 3 3 3 3 3 3 3 3 3 3 3 3 3 3 3 3 3 3 3 3 3 3 3 3 3 3 3 3 3 3 3 3 3 3 3 3 3 3 3 3 3 3 3 3 3 3 3 3 3 3 3 3 3 3 3 3 3 3 3 3 3 3 3 3 3 3 3 3 3 3 3 3 3 3 3 3 3 3 3 3 3 3 3 3 3 3 3 3 3 3 3 3 3 3 3 3 3 3 3 3 3 3 3 3 3 3 3 3 3 3 3 3 3 3 3 3 3 3 3 3 3 3 3 3 3 3 3 3 3 3 3 3 3 3 3 3 3 3 3 3 3 3 3 3 3 3 3 3 3 3 3 3 3 3 3 3 3 3 3 3 3 3 3 3 3 3 3 3 3 3 3 3 3 3 3 3 3 3 3 3 3 3 3 3 3 3 3 3 3 3 3 3 3 3 3 3 3 3 3 3 3 3 3 3 3 3 3 3 3 3 3 3 3 3 3 3 3 3 3 3 3 3 3 3 3 3 3 3 3 3 3 3 3 3 3 3 3 3 3 3 3 3 3 3 3 3 3 3 3 3 3 3 3 3 3 3 3 3 3 3 3 3 3 3 3 3 3 3 3 3 3 3 3 3 3 3 3 3 3 3 3 3 3 3 3 3 3 3 3 3 3 3 3 3 3 3 3 3 3 3 3 3 3 3 3 3 3 3 3 3 3 3 3 3 3 3 3 3 3 3 3 3 3 3 3 3 3 3 3 3 3 3 3 3 3 3 3 3 3 3 3 3 3 3 3 3 3 3 3 3 3 3 3 3 3 3 3 3 3 3 3 3 3 3 3 3 3 3 3 3 3 3 3 3 3 3 3 3 3 3 3 3 3 3 3 3 3 3 3 3 3 3 3 3 3 3 3 3 3 3 3 3 3 3 3 3 3 3 3 3 3 3 3 3 3 3 3 3 3 3 3 3 3 3 3 3 3 3 3 3 3 3 3 3 3 3 3 3 3 3 3 3 3 3 3 3 3 3 3 3 3 3 3 3 3 3 3 3 3 3 3 3 3 3 3 3 3 3 3 3 3 3 3 3 3 3 3 3 3 3 3 3 3 3 3 3 3 3 3 3 3 3 3 3 3 3 3 3 3 3 3 3 3 3 3 3 3 3 3 3 3 3 3 3 3 3 3 3 3 3 3 3 3 3 3 3 3 3 3 3 3 3 3 3 3 3 3 3 3 3 3 3 3 3 3 3 3 3 3 3 3 3 3 3 3 3 3 3 3 3 3 3 3 3 3 3 3 3 3 3 3 3 3 3 3 3 3 3 3 3 3 3 3 3 3 3 3 3 3 3 3 3 3 3 3 3 3 3 3 3 3 3 3 3 3 3 3 3 3 3 3 3 3 3 3 3 3 3 3 3 3 3 3 3 3 3 3 3 3 3 3 3 3 3 3 3 3 3 3 3 3 3 3 3 3 3 3 3 3 3 3 3 3 3 3 3 3 3 3 3 3 3 3 3 3 3 3 3 3 3 3 3 3 3 3 3 3 3 3 3 3 3 3 3 3 3 3 3 3 3 3 3 3 3 3 3 3 3 3 3 3 3 3 3 3 3 3 3 3 3 3 3 3 3 3 3 3 3 3 3 3 3 3 3 3 3 3 3 3 3 3 3 3 3 3 3 3 3 3 3 3 3 3 3 3 3 3 3 3 3 3 3 3 3 3 3 3 3 3 3 3 3 3 3 3 3 3 3 3 3 3 3 3 3 3 3 3 3 3 3 3 3 3 3 3 3 3 3 3 3 3 3 3 3 3 3 3 3 3 3 3 3 3 3 3 3 3 3 3 3 3 3 3 3 3 3 3 3 3 3 3 3 3 3 3 3 3 3 3 3 3 3 3 3 3 3 3 3 3 3 3 3 3 3 3 3 3 3 3 3 3 3 3 3 3 3 3 3 3 3 3 3 3 3 3 3 3 3 3 3 3 3 3 3 3 3 3 3 3 3 3 3 3 3 3 3 3 3 3 3 3 3 3 3 3 3 3 3 3 3 3 3 3 3 3 3 3 3 3 3 3 3 3 3 3 3 3 3 3 3 3 3 3 3 3 3 3 3 3 3 3 3 3 3 3 3 3 3 3 3 3 3 3 3 3 3 3 3 3 3 3 3 3 3 3 3 3 3 3 3 3 3 3 3 3 3 3 3 3 3 3 3 3 3 3 3 3 3 3 3 3 3 3 3 3 3 3 3 3 3 3 3 3 3 3 3 3 3 3 3 3 3 3 3 3 3 3 3 3 3 3 3 3 3 3 3 3 3 3 3 3 3 3 3 3 3 3</vcount>
                    <p>2 2 2 1 1 1 0 0 0 3 3 3 1 1 1 2 2 2 4 4 4 3 3 3 2 2 2 5 5 5 3 3 3 4 4 4 6 6 6 5 5 5 4 4 4 7 7 7 5 5 5 6 6 6 8 8 8 7 7 7 6 6 6 9 9 9 7 7 7 8 8 8 10 10 10 9 9 9 8 8 8 11 11 11 9 9 9 10 10 10 12 12 12 11 11 11 10 10 10 13 13 13 11 11 11 12 12 12 14 14 14 13 13 13 12 12 12 15 15 5 13 13 13 14 14 14 16 16 3 15 15 5 14 14 14 17 17 15 15 15 5 16 16 3 18 18 15 17 17 15 16 16 3 19 19 16 17 17 15 18 18 15 20 20 17 19 19 16 18 18 15 21 21 4 19 19 16 20 20 17 22 22 9 21 21 4 20 20 17 23 23 18 21 21 4 22 22 9 24 24 19 23 23 18 22 22 9 25 25 20 23 23 18 24 24 19 26 26 21 25 25 20 24 24 19 27 27 22 25 25 20 26 26 21 28 28 23 27 27 22 26 26 21 29 29 24 27 27 22 28 28 23 30 30 25 29 29 24 28 28 23 31 31 26 29 29 24 30 30 25 32 32 27 31 31 26 30 30 25 33 33 24 31 31 26 32 32 27 34 34 28 33 33 24 32 32 27 35 35 24 33 33 24 34 34 28 36 36 20 35 35 24 34 34 28 37 37 29 35 35 24 36 36 20 38 38 29 37 37 29 36 36 20 39 39 10 37 37 29 38 38 29 40 40 30 39 39 10 38 38 29 41 41 31 39 39 10 40 40 30 42 42 32 41 41 31 40 40 30 43 43 33 41 41 31 42 42 32 44 44 34 43 43 33 42 42 32 45 45 35 43 43 33 44 44 34 46 46 36 45 45 35 44 44 34 49 49 3 48 48 38 47 47 37 50 50 39 48 48 38 49 49 3 51 51 6 50 50 39 49 49 3 52 52 40 50 50 39 51 51 6 53 53 41 52 52 40 51 51 6 54 54 42 52 52 40 53 53 41 55 55 43 54 54 42 53 53 41 56 56 44 54 54 42 55 55 43 57 57 45 56 56 44 55 55 43 58 58 46 56 56 44 57 57 45 59 59 47 58 58 46 57 57 45 60 60 48 58 58 46 59 59 47 61 61 18 60 60 48 59 59 47 62 62 49 60 60 48 61 61 18 63 63 18 62 62 49 61 61 18 64 64 18 62 62 49 63 63 18 65 65 18 64 64 18 63 63 18 66 66 18 64 64 18 65 65 18 67 67 18 66 66 18 65 65 18 68 68 18 66 66 18 67 67 18 69 69 18 68 68 18 67 67 18 70 70 18 68 68 18 69 69 18 71 71 18 70 70 18 69 69 18 72 72 18 70 70 18 71 71 18 73 73 18 72 72 18 71 71 18 74 74 18 72 72 18 73 73 18 75 75 18 74 74 18 73 73 18 76 76 50 74 74 18 75 75 18 77 77 50 76 76 50 75 75 18 78 78 50 76 76 50 77 77 50 79 79 50 78 78 50 77 77 50 80 80 51 78 78 50 79 79 50 81 81 52 80 80 51 79 79 50 82 82 53 80 80 51 81 81 52 83 83 54 82 82 53 81 81 52 84 84 53 82 82 53 83 83 54 85 85 9 84 84 53 83 83 54 86 86 28 84 84 53 85 85 9 87 87 55 86 86 28 85 85 9 88 88 56 86 86 28 87 87 55 89 89 26 88 88 56 87 87 55 90 90 57 88 88 56 89 89 26 91 91 58 90 90 57 89 89 26 94 94 60 93 93 59 92 92 59 95 95 61 93 93 59 94 94 60 96 96 2 95 95 61 94 94 60 97 97 62 95 95 61 96 96 2 98 98 34 97 97 62 96 96 2 99 99 63 97 97 62 98 98 34 100 100 64 99 99 63 98 98 34 101 101 65 99 99 63 100 100 64 102 102 66 101 101 65 100 100 64 103 103 67 101 101 65 102 102 66 104 104 20 103 103 67 102 102 66 105 105 14 103 103 67 104 104 20 106 106 26 105 105 14 104 104 20 107 107 14 105 105 14 106 106 26 108 108 68 107 107 14 106 106 26 109 109 68 107 107 14 108 108 68 110 110 28 109 109 68 108 108 68 111 111 28 109 109 68 110 110 28 112 112 32 111 111 28 110 110 28 113 113 66 111 111 28 112 112 32 114 114 69 113 113 66 112 112 32 115 115 70 113 113 66 114 114 69 116 116 71 115 115 70 114 114 69 117 117 72 115 115 70 116 116 71 118 118 73 117 117 72 116 116 71 119 119 74 117 117 72 118 118 73 120 120 75 119 119 74 118 118 73 121 121 76 119 119 74 120 120 75 118 118 73 121 121 76 120 120 75 122 122 77 121 121 76 118 118 73 123 123 78 122 122 77 118 118 73 124 124 79 122 122 77 123 123 78 125 125 80 124 124 79 123 123 78 126 126 81 124 124 79 125 125 80 127 127 79 126 126 81 125 125 80 128 128 36 126 126 81 127 127 79 129 129 82 128 128 36 127 127 79 130 130 83 128 128 36 129 129 82 131 131 84 130 130 83 129 129 82 132 132 59 130 130 83 131 131 84 133 133 85 132 132 59 131 131 84 134 134 59 132 132 59 133 133 85 135 135 59 134 134 59 133 133 85 138 138 38 137 137 86 136 136 38 139 139 11 137 137 86 138 138 38 140 140 44 139 139 11 138 138 38 141 141 87 139 139 11 140 140 44 142 142 7 141 141 87 140 140 44 143 143 88 141 141 87 142 142 7 144 144 89 143 143 88 142 142 7 145 145 90 143 143 88 144 144 89 146 146 88 145 145 90 144 144 89 147 147 91 145 145 90 146 146 88 148 148 92 147 147 91 146 146 88 149 149 49 147 147 91 148 148 92 150 150 93 149 149 49 148 148 92 151 151 50 149 149 49 150 150 93 152 152 50 151 151 50 150 150 93 153 153 50 151 151 50 152 152 50 154 154 50 153 153 50 152 152 50 155 155 43 153 153 50 154 154 50 156 156 48 155 155 43 154 154 50 157 157 93 155 155 43 156 156 48 158 158 94 157 157 93 156 156 48 159 159 45 157 157 93 158 158 94 160 160 50 159 159 45 158 158 94 161 161 95 159 159 45 160 160 50 162 162 54 161 161 95 160 160 50 163 163 50 161 161 95 162 162 54 164 164 95 163 163 50 162 162 54 165 165 96 163 163 50 164 164 95 166 166 97 165 165 96 164 164 95 167 167 52 165 165 96 166 166 97 168 168 44 167 167 52 166 166 97 169 169 11 167 167 52 168 168 44 170 170 98 169 169 11 168 168 44 171 171 6 169 169 11 170 170 98 172 172 68 171 171 6 170 170 98 173 173 23 171 171 6 172 172 68 174 174 22 173 173 23 172 172 68 175 175 69 173 173 23 174 174 22 176 176 99 175 175 69 174 174 22 177 177 64 175 175 69 176 176 99 178 178 100 177 177 64 176 176 99 179 179 100 177 177 64 178 178 100 182 182 103 181 181 102 180 180 101 183 183 77 181 181 102 182 182 103 184 184 104 183 183 77 182 182 103 185 185 105 183 183 77 184 184 104 186 186 106 185 185 105 184 184 104 187 187 24 185 185 105 186 186 106 188 188 30 187 187 24 186 186 106 189 189 20 187 187 24 188 188 30 190 190 18 189 189 20 188 188 30 191 191 14 189 189 20 190 190 18 192 192 4 191 191 14 190 190 18 193 193 17 191 191 14 192 192 4 194 194 17 193 193 17 192 192 4 195 195 107 193 193 17 194 194 17 196 196 88 195 195 107 194 194 17 197 197 108 195 195 107 196 196 88 198 198 109 197 197 108 196 196 88 199 199 13 197 197 108 198 198 109 200 200 88 199 199 13 198 198 109 201 201 13 199 199 13 200 200 88 202 202 54 201 201 13 200 200 88 203 203 90 201 201 13 202 202 54 204 204 92 203 203 90 202 202 54 205 205 92 203 203 90 204 204 92 206 206 54 205 205 92 204 204 92 207 207 110 205 205 92 206 206 54 208 208 54 207 207 110 206 206 54 209 209 88 207 207 110 208 208 54 210 210 87 209 209 88 208 208 54 211 211 87 209 209 88 210 210 87 212 212 40 211 211 87 210 210 87 213 213 111 211 211 87 212 212 40 214 214 6 213 213 111 212 212 40 215 215 112 213 213 111 214 214 6 216 216 80 215 215 112 214 214 6 217 217 113 215 215 112 216 216 80 218 218 114 217 217 113 216 216 80 219 219 20 217 217 113 218 218 114 220 220 115 219 219 20 218 218 114 221 221 100 219 219 20 220 220 115 224 224 69 223 223 117 222 222 116 225 225 118 223 223 117 224 224 69 226 226 119 225 225 118 224 224 69 227 227 120 225 225 118 226 226 119 228 228 29 227 227 120 226 226 119 229 229 28 227 227 120 228 228 29 230 230 121 229 229 28 228 228 29 231 231 10 229 229 28 230 230 121 232 232 10 231 231 10 230 230 121 233 233 31 231 231 10 232 232 10 234 234 113 233 233 31 232 232 10 235 235 122 233 233 31 234 234 113 236 236 123 235 235 122 234 234 113 237 237 124 235 235 122 236 236 123 238 238 125 237 237 124 236 236 123 239 239 73 237 237 124 238 238 125 236 236 123 239 239 73 238 238 125 240 240 126 239 239 73 236 236 123 241 241 34 240 240 126 236 236 123 242 242 38 240 240 126 241 241 34 243 243 127 242 242 38 241 241 34 244 244 60 242 242 38 243 243 127 245 245 128 244 244 60 243 243 127 246 246 129 244 244 60 245 245 128 247 247 130 246 246 129 245 245 128 248 248 131 246 246 129 247 247 130 249 249 116 248 248 131 247 247 130 250 250 132 248 248 131 249 249 116 251 251 131 250 250 132 249 249 116 252 252 133 250 250 132 251 251 131 253 253 134 252 252 133 251 251 131 254 254 135 252 252 133 253 253 134 255 255 136 254 254 135 253 253 134 256 256 100 254 254 135 255 255 136 257 257 136 256 256 100 255 255 136 258 258 100 256 256 100 257 257 136 259 259 100 258 258 100 257 257 136 262 262 100 261 261 137 260 260 137 263 263 137 261 261 137 262 262 100 264 264 138 263 263 137 262 262 100 265 265 139 263 263 137 264 264 138 266 266 140 265 265 139 264 264 138 267 267 141 265 265 139 266 266 140 268 268 141 267 267 141 266 266 140 269 269 142 267 267 141 268 268 141 270 270 143 269 269 142 268 268 141 271 271 144 269 269 142 270 270 143 272 272 80 271 271 144 270 270 143 273 273 58 271 271 144 272 272 80 274 274 145 273 273 58 272 272 80 275 275 146 273 273 58 274 274 145 276 276 57 275 275 146 274 274 145 277 277 147 275 275 146 276 276 57 278 278 148 277 277 147 276 276 57 279 279 149 277 277 147 278 278 148 280 280 57 279 279 149 278 278 148 281 281 147 279 279 149 280 280 57 282 282 150 281 281 147 280 280 57 283 283 60 281 281 147 282 282 150 284 284 151 283 283 60 282 282 150 285 285 152 283 283 60 284 284 151 286 286 153 285 285 152 284 284 151 283 283 60 285 285 152 286 286 153 287 287 139 283 283 60 286 286 153 288 288 153 283 283 60 287 287 139 289 289 154 288 288 153 287 287 139 290 290 155 288 288 153 289 289 154 291 291 132 290 290 155 289 289 154 292 292 100 290 290 155 291 291 132 293 293 133 292 292 100 291 291 132 294 294 133 292 292 100 293 293 133 295 295 155 294 294 133 293 293 133 296 296 137 294 294 133 295 295 155 299 299 70 298 298 157 297 297 156 300 300 158 298 298 157 299 299 70 301 301 113 300 300 158 299 299 70 302 302 78 300 300 158 301 301 113 303 303 72 302 302 78 301 301 113 304 304 73 302 302 78 303 303 72 305 305 32 304 304 73 303 303 72 306 306 75 304 304 73 305 305 32 307 307 159 306 306 75 305 305 32 308 308 159 306 306 75 307 307 159 309 309 25 308 308 159 307 307 159 310 310 19 308 308 159 309 309 25 311 311 40 310 310 19 309 309 25 312 312 25 310 310 19 311 311 40 313 313 160 312 312 25 311 311 40 314 314 161 312 312 25 313 313 160 315 315 11 314 314 161 313 313 160 316 316 11 314 314 161 315 315 11 317 317 15 316 316 11 315 315 11 318 318 160 316 316 11 317 317 15 319 319 17 318 318 160 317 317 15 320 320 44 318 318 160 319 319 17 321 321 162 320 320 44 319 319 17 322 322 109 320 320 44 321 321 162 323 323 44 322 322 109 321 321 162 320 320 44 322 322 109 323 323 44 324 324 163 320 320 44 323 323 44 325 325 67 320 320 44 324 324 163 326 326 55 325 325 67 324 324 163 327 327 64 325 325 67 326 326 55 328 328 105 327 327 64 326 326 55 329 329 164 327 327 64 328 328 105 330 330 77 329 329 164 328 328 105 331 331 38 329 329 164 330 330 77 332 332 143 331 331 38 330 330 77 333 333 142 331 331 38 332 332 143 336 336 165 335 335 103 334 334 165 337 337 103 335 335 103 336 336 165 338 338 103 337 337 103 336 336 165 339 339 113 337 337 103 338 338 103 340 340 166 339 339 113 338 338 103 341 341 31 339 339 113 340 340 166 342 342 10 341 341 31 340 340 166 343 343 30 341 341 31 342 342 10 344 344 64 343 343 30 342 342 10 345 345 76 343 343 30 344 344 64 346 346 39 345 345 76 344 344 64 347 347 152 345 345 76 346 346 39 348 348 167 347 347 152 346 346 39 349 349 168 347 347 152 348 348 167 350 350 151 349 349 168 348 348 167 351 351 58 349 349 168 350 350 151 352 352 169 351 351 58 350 350 151 353 353 170 351 351 58 352 352 169 354 354 156 353 353 170 352 352 169 355 355 171 353 353 170 354 354 156 356 356 172 355 355 171 354 354 156 357 357 35 355 355 171 356 356 172 358 358 143 357 357 35 356 356 172 359 359 103 357 357 35 358 358 143 356 356 172 359 359 103 358 358 143 360 360 173 359 359 103 356 356 172 361 361 83 360 360 173 356 356 172 362 362 174 360 360 173 361 361 83 363 363 100 362 362 174 361 361 83 364 364 103 362 362 174 363 363 100 365 365 175 364 364 103 363 363 100 366 366 103 364 364 103 365 365 175 367 367 103 366 366 103 365 365 175 368 368 81 366 366 103 367 367 103 369 369 116 368 368 81 367 367 103 372 372 176 371 371 123 370 370 84 373 373 105 371 371 123 372 372 176 374 374 33 373 373 105 372 372 176 375 375 177 373 373 105 374 374 33 376 376 32 375 375 177 374 374 33 377 377 8 375 375 177 376 376 32 378 378 66 377 377 8 376 376 32 379 379 25 377 377 8 378 378 66 380 380 178 379 379 25 378 378 66 381 381 178 379 379 25 380 380 178 382 382 53 381 381 178 380 380 178 383 383 12 381 381 178 382 382 53 384 384 4 383 383 12 382 382 53 385 385 4 383 383 12 384 384 4 386 386 6 385 385 4 384 384 4 387 387 9 385 385 4 386 386 6 388 388 40 387 387 9 386 386 6 389 389 5 387 387 9 388 388 40 390 390 17 389 389 5 388 388 40 391 391 179 389 389 5 390 390 17 392 392 7 391 391 179 390 390 17 393 393 11 391 391 179 392 392 7 394 394 11 393 393 11 392 392 7 395 395 18 393 393 11 394 394 11 396 396 13 395 395 18 394 394 11 397 397 27 395 395 18 396 396 13 398 398 16 397 397 27 396 396 13 399 399 22 397 397 27 398 398 16 400 400 26 399 399 22 398 398 16 401 401 32 399 399 22 400 400 26 402 402 161 401 401 32 400 400 26 403 403 28 401 401 32 402 402 161 404 404 98 403 403 28 402 402 161 405 405 56 403 403 28 404 404 98 406 406 146 405 405 56 404 404 98 375 375 177 371 371 123 373 373 105 407 407 72 371 371 123 375 375 177 408 408 66 407 407 72 375 375 177 409 409 180 407 407 72 408 408 66 410 410 30 409 409 180 408 408 66 411 411 70 409 409 180 410 410 30 412 412 181 411 411 70 410 410 30 413 413 28 411 411 70 412 412 181 414 414 68 413 413 28 412 412 181 415 415 69 413 413 28 414 414 68 416 416 28 415 415 69 414 414 68 417 417 120 415 415 69 416 416 28 418 418 182 417 417 120 416 416 28 419 419 66 417 417 120 418 418 182 420 420 26 419 419 66 418 418 182 421 421 31 419 419 66 420 420 26 422 422 30 421 421 31 420 420 26 423 423 106 421 421 31 422 422 30 420 420 26 423 423 106 422 422 30 424 424 121 423 423 106 420 420 26 425 425 68 424 424 121 420 420 26 426 426 124 424 424 121 425 425 68 427 427 31 426 426 124 425 425 68 428 428 123 426 426 124 427 427 31 429 429 30 428 428 123 427 427 31 430 430 164 428 428 123 429 429 30 431 431 183 430 430 164 429 429 30 432 432 75 430 430 164 431 431 183 433 433 73 432 432 75 431 431 183 434 434 184 432 432 75 433 433 73 435 435 106 434 434 184 433 433 73 436 436 99 434 434 184 435 435 106 437 437 158 436 436 99 435 435 106 262 262 100 266 266 140 264 264 138 438 438 185 266 266 140 262 262 100 439 439 165 438 438 185 262 262 100 440 440 140 438 438 185 439 439 165 441 441 114 440 440 140 439 439 165 442 442 186 440 440 140 441 441 114 443 443 143 442 442 186 441 441 114 444 444 187 442 442 186 443 443 143 445 445 60 444 444 187 443 443 143 442 442 186 444 444 187 445 445 60 446 446 150 442 442 186 445 445 60 447 447 188 442 442 186 446 446 150 448 448 156 447 447 188 446 446 150 449 449 149 447 447 188 448 448 156 450 450 149 449 449 149 448 448 156 451 451 148 449 449 149 450 450 149 452 452 148 451 451 148 450 450 149 453 453 148 451 451 148 452 452 148 454 454 57 453 453 148 452 452 148 455 455 169 453 453 148 454 454 57 456 456 137 455 455 169 454 454 57 457 457 58 455 455 169 456 456 137 458 458 100 457 457 58 456 456 137 459 459 115 457 457 58 458 458 100 460 460 103 459 459 115 458 458 100 461 461 132 459 459 115 460 460 103 462 462 189 461 461 132 460 460 103 463 463 190 461 461 132 462 462 189 464 464 191 463 463 190 462 462 189 465 465 192 463 463 190 464 464 191 466 466 137 465 465 192 464 464 191 467 467 138 465 465 192 466 466 137 23 23 18 19 19 16 21 21 4 468 468 178 19 19 16 23 23 18 469 469 14 468 468 178 23 23 18 470 470 53 468 468 178 469 469 14 471 471 19 470 470 53 469 469 14 472 472 12 470 470 53 471 471 19 473 473 14 472 472 12 471 471 19 474 474 27 472 472 12 473 473 14 475 475 19 474 474 27 473 473 14 476 476 9 474 474 27 475 475 19 477 477 53 476 476 9 475 475 19 478 478 193 476 476 9 477 477 53 479 479 21 478 478 193 477 477 53 480 480 19 478 478 193 479 479 21 481 481 66 480 480 19 479 479 21 482 482 193 480 480 19 481 481 66 483 483 20 482 482 193 481 481 66 484 484 18 482 482 193 483 483 20 485 485 119 484 484 18 483 483 20 486 486 182 484 484 18 485 485 119 487 487 119 486 486 182 485 485 119 488 488 14 486 486 182 487 487 119 489 489 20 488 488 14 487 487 119 490 490 18 488 488 14 489 489 20 491 491 66 490 490 18 489 489 20 492 492 181 490 490 18 491 491 66 493 493 23 492 492 181 491 491 66 494 494 161 492 492 181 493 493 23 495 495 18 494 494 161 493 493 23 1 1 1 494 494 161 495 495 18 498 498 42 497 497 194 496 496 42 499 499 45 497 497 194 498 498 42 500 500 91 499 499 45 498 498 42 501 501 91 499 499 45 500 500 91 502 502 95 501 501 91 500 500 91 503 503 96 501 501 91 502 502 95 504 504 95 503 503 96 502 502 95 505 505 95 503 503 96 504 504 95 506 506 46 505 505 95 504 504 95 507 507 195 505 505 95 506 506 46 508 508 109 507 507 195 506 506 46 509 509 46 507 507 195 508 508 109 510 510 196 509 509 46 508 508 109 511 511 196 509 509 46 510 510 196 512 512 27 511 511 196 510 510 196 513 513 161 511 511 196 512 512 27 514 514 31 513 513 161 512 512 27 515 515 27 513 513 161 514 514 31 516 516 166 515 515 27 514 514 31 517 517 33 515 515 27 516 516 166 518 518 183 517 517 33 516 516 166 519 519 164 517 517 33 518 518 183 520 520 197 519 519 164 518 518 183 521 521 198 519 519 164 520 520 197 522 522 115 521 521 198 520 520 197 523 523 115 521 521 198 522 522 115 526 526 88 525 525 15 524 524 40 527 527 41 525 525 15 526 526 88 528 528 44 527 527 41 526 526 88 529 529 42 527 527 41 528 528 44 530 530 13 529 529 42 528 528 44 531 531 13 529 529 42 530 530 13 532 532 15 531 531 13 530 530 13 533 533 17 531 531 13 532 532 15 534 534 15 533 533 17 532 532 15 535 535 179 533 533 17 534 534 15 536 536 15 535 535 179 534 534 15 537 537 7 535 535 179 536 536 15 538 538 3 537 537 7 536 536 15 539 539 6 537 537 7 538 538 3 540 540 8 539 539 6 538 538 3 537 537 7 539 539 6 540 540 8 541 541 3 537 537 7 540 540 8 542 542 41 537 537 7 541 541 3 543 543 26 542 542 41 541 541 3 544 544 19 542 542 41 543 543 26 545 545 199 544 544 19 543 543 26 546 546 193 544 544 19 545 545 199 547 547 55 546 546 193 545 545 199 548 548 200 546 546 193 547 547 55 549 549 80 548 548 200 547 547 55 550 550 156 548 548 200 549 549 80 553 553 75 552 552 165 551 551 35 554 554 39 552 552 165 553 553 75 555 555 75 554 554 39 553 553 75 556 556 186 554 554 39 555 555 75 557 557 167 556 556 186 555 555 75 558 558 201 556 556 186 557 557 167 559 559 78 558 558 201 557 557 167 560 560 62 558 558 201 559 559 78 561 561 75 560 560 62 559 559 78 562 562 167 560 560 62 561 561 75 563 563 126 562 562 167 561 561 75 564 564 202 562 562 167 563 563 126 561 561 75 564 564 202 563 563 126 565 565 126 564 564 202 561 561 75 566 566 63 565 565 126 561 561 75 567 567 34 565 565 126 566 566 63 568 568 202 567 567 34 566 566 63 569 569 126 567 567 34 568 568 202 570 570 123 569 569 126 568 568 202 571 571 74 569 569 126 570 570 123 572 572 72 571 571 74 570 570 123 239 239 73 571 571 74 572 572 72 573 573 124 239 239 73 572 572 72 237 237 124 239 239 73 573 573 124 574 574 33 237 237 124 573 573 124 197 197 108 193 193 17 195 195 107 575 575 17 193 193 17 197 197 108 576 576 86 575 575 17 197 197 108 577 577 6 575 575 17 576 576 86 578 578 6 577 577 6 576 576 86 579 579 111 577 577 6 578 578 6 580 580 3 579 579 111 578 578 6 581 581 12 579 579 111 580 580 3 582 582 98 581 581 12 580 580 3 583 583 28 581 581 12 582 582 98 584 584 68 583 583 28 582 582 98 585 585 120 583 583 28 584 584 68 586 586 70 585 585 120 584 584 68 587 587 120 585 585 120 586 586 70 588 588 72 587 587 120 586 586 70 589 589 77 587 587 120 588 588 72 590 590 1 589 589 77 588 588 72 591 591 62 589 589 77 590 590 1 592 592 76 591 591 62 590 590 1 593 593 128 591 591 62 592 592 76 594 594 202 593 593 128 592 592 76 595 595 167 593 593 128 594 594 202 596 596 62 595 595 167 594 594 202 597 597 146 595 595 167 596 596 62 598 598 201 597 597 146 596 596 62 601 601 99 600 600 120 599 599 117 602 602 120 600 600 120 601 601 99 603 603 24 602 602 120 601 601 99 604 604 21 602 602 120 603 603 24 605 605 8 604 604 21 603 603 24 606 606 41 604 604 21 605 605 8 607 607 14 606 606 41 605 605 8 608 608 203 606 606 41 607 607 14 609 609 42 608 608 203 607 607 14 610 610 49 608 608 203 609 609 42 611 611 43 610 610 49 609 609 42 497 497 194 610 610 49 611 611 43 609 609 42 497 497 194 611 611 43 496 496 42 497 497 194 609 609 42 612 612 19 496 496 42 609 609 42 498 498 42 496 496 42 612 612 19 613 613 21 498 498 42 612 612 19 614 614 204 498 498 42 613 613 21 615 615 20 614 614 204 613 613 21 616 616 55 614 614 204 615 615 20 617 617 156 616 616 55 615 615 20 618 618 121 616 616 55 617 617 156 619 619 147 618 618 121 617 617 156 620 620 170 618 618 121 619 619 147 622 622 205 443 443 143 621 621 114 623 623 143 443 443 143 622 622 205 624 624 114 623 623 143 622 622 205 445 445 60 623 623 143 624 624 114 625 625 151 445 445 60 624 624 114 448 448 156 445 445 60 625 625 151 626 626 206 448 448 156 625 625 151 627 627 57 448 448 156 626 626 206 628 628 150 627 627 57 626 626 206 450 450 149 627 627 57 628 628 150 629 629 102 450 450 149 628 628 150 454 454 57 450 450 149 629 629 102 630 630 174 454 454 57 629 629 102 631 631 154 454 454 57 630 630 174 632 632 103 631 631 154 630 630 174 456 456 137 631 631 154 632 632 103 633 633 101 456 456 137 632 632 103 460 460 103 456 456 137 633 633 101 634 634 207 460 460 103 633 633 101 635 635 207 460 460 103 634 634 207 636 636 208 635 635 207 634 634 207 462 462 189 635 635 207 636 636 208 637 637 137 462 462 189 636 636 208 466 466 137 462 462 189 637 637 137 640 640 73 639 639 77 638 638 123 641 641 77 639 639 77 640 640 73 642 642 34 641 641 77 640 640 73 643 643 209 641 641 77 642 642 34 644 644 37 643 643 209 642 642 34 645 645 38 643 643 209 644 644 37 646 646 37 645 645 38 644 644 37 647 647 210 645 645 38 646 646 37 648 648 127 647 647 210 646 646 37 649 649 186 647 647 210 648 648 127 650 650 211 649 649 186 648 648 127 651 651 116 649 649 186 650 650 211 652 652 211 651 651 116 650 650 211 653 653 131 651 651 116 652 652 211 654 654 56 653 653 131 652 652 211 655 655 165 653 653 131 654 654 56 656 656 212 655 655 165 654 654 56 657 657 148 655 655 165 656 656 212 658 658 157 657 657 148 656 656 212 659 659 170 657 657 148 658 658 157 660 660 147 659 659 170 658 658 157 661 661 100 659 659 170 660 660 147 662 662 100 661 661 100 660 660 147 207 207 110 203 203 90 205 205 92 663 663 109 203 203 90 207 207 110 664 664 203 663 663 109 207 207 110 665 665 86 663 663 109 664 664 203 666 666 86 665 665 86 664 664 203 667 667 160 665 665 86 666 666 86 668 668 5 667 667 160 666 666 86 669 669 6 667 667 160 668 668 5 670 670 16 669 669 6 668 668 5 671 671 111 669 669 6 670 670 16 672 672 163 671 671 111 670 670 16 673 673 4 671 671 111 672 672 163 674 674 16 673 673 4 672 672 163 675 675 9 673 673 4 674 674 16 676 676 9 675 675 9 674 674 16 677 677 112 675 675 9 676 676 9 678 678 55 677 677 112 676 676 9 679 679 182 677 677 112 678 678 55 680 680 113 679 679 182 678 678 55 681 681 29 679 679 182 680 680 113 682 682 164 681 681 29 680 680 113 588 588 72 681 681 29 682 682 164 590 590 1 588 588 72 682 682 164 684 684 184 353 353 170 683 683 81 685 685 170 353 353 170 684 684 184 686 686 157 685 685 170 684 684 184 351 351 58 685 685 170 686 686 157 687 687 188 351 351 58 686 686 157 347 347 152 351 351 58 687 687 188 688 688 146 347 347 152 687 687 188 689 689 186 347 347 152 688 688 146 690 690 201 689 689 186 688 688 146 345 345 76 689 689 186 690 690 201 691 691 198 345 345 76 690 690 201 341 341 31 345 345 76 691 691 198 692 692 124 341 341 31 691 691 198 693 693 65 341 341 31 692 692 124 694 694 33 693 693 65 692 692 124 339 339 113 693 693 65 694 694 33 695 695 72 339 339 113 694 694 33 335 335 103 339 339 113 695 695 72 696 696 124 335 335 103 695 695 72 697 697 103 335 335 103 696 696 124 698 698 103 697 697 103 696 696 124 699 699 165 697 697 103 698 698 103 700 700 165 699 699 165 698 698 103 129 129 82 133 133 85 131 131 84 701 701 213 133 133 85 129 129 82 702 702 186 701 701 213 129 129 82 703 703 169 701 701 213 702 702 186 704 704 128 703 703 169 702 702 186 705 705 210 703 703 169 704 704 128 706 706 198 705 705 210 704 704 128 707 707 75 705 705 210 706 706 198 708 708 113 707 707 75 706 706 198 709 709 122 707 707 75 708 708 113 710 710 124 709 709 122 708 708 113 711 711 177 709 709 122 710 710 124 708 708 113 711 711 177 710 710 124 712 712 106 711 711 177 708 708 113 713 713 122 712 712 106 708 708 113 714 714 106 712 712 106 713 713 122 715 715 180 714 714 106 713 713 122 716 716 122 714 714 106 715 715 180 717 717 123 716 716 122 715 715 180 718 718 63 716 716 122 717 717 123 127 127 79 718 718 63 717 717 123 123 123 78 718 718 63 127 127 79 125 125 80 123 123 78 127 127 79 67 67 18 71 71 18 69 69 18 719 719 18 71 71 18 67 67 18 720 720 18 719 719 18 67 67 18 721 721 18 719 719 18 720 720 18 722 722 18 721 721 18 720 720 18 723 723 18 721 721 18 722 722 18 724 724 18 723 723 18 722 722 18 725 725 50 723 723 18 724 724 18 726 726 50 725 725 50 724 724 18 727 727 50 725 725 50 726 726 50 728 728 50 727 727 50 726 726 50 729 729 50 727 727 50 728 728 50 726 726 50 729 729 50 728 728 50 730 730 50 729 729 50 726 726 50 731 731 50 730 730 50 726 726 50 732 732 47 730 730 50 731 731 50 733 733 47 732 732 47 731 731 50 734 734 107 732 732 47 733 733 47 735 735 49 734 734 107 733 733 47 736 736 107 734 734 107 735 735 49 53 53 41 736 736 107 735 735 49 49 49 3 736 736 107 53 53 41 51 51 6 49 49 3 53 53 41 165 165 96 161 161 95 163 163 50 737 737 50 161 161 95 165 165 96 738 738 195 737 737 50 165 165 96 739 739 46 737 737 50 738 738 195 740 740 214 739 739 46 738 738 195 741 741 51 739 739 46 740 740 214 742 742 41 741 741 51 740 740 214 743 743 196 741 741 51 742 742 41 744 744 4 743 743 196 742 742 41 745 745 162 743 743 196 744 744 4 746 746 4 745 745 162 744 744 4 747 747 40 745 745 162 746 746 4 748 748 23 747 747 40 746 746 4 749 749 204 747 747 40 748 748 23 750 750 181 749 749 204 748 748 23 751 751 4 749 749 204 750 750 181 752 752 112 751 751 4 750 750 181 753 753 11 751 751 4 752 752 112 754 754 129 753 753 11 752 752 112 755 755 39 753 753 11 754 754 129 241 241 34 245 245 128 243 243 127 756 756 209 245 245 128 241 241 34 757 757 198 756 756 209 241 241 34 758 758 209 756 756 209 757 757 198 759 759 126 758 758 209 757 757 198 639 639 77 758 758 209 759 759 126 760 760 74 639 639 77 759 759 126 638 638 123 639 639 77 760 760 74 761 761 64 638 638 123 760 760 74 640 640 73 638 638 123 761 761 64 762 762 166 640 640 73 761 761 64 763 763 166 640 640 73 762 762 166 764 764 64 763 763 166 762 762 166 765 765 64 763 763 166 764 764 64 766 766 71 765 765 64 764 764 64 767 767 177 765 765 64 766 766 71 768 768 72 767 767 177 766 766 71 769 769 122 767 767 177 768 768 72 770 770 82 769 769 122 768 768 72 771 771 172 769 769 122 770 770 82 392 392 7 396 396 13 394 394 11 772 772 41 396 396 13 392 392 7 773 773 90 772 772 41 392 392 7 774 774 214 772 772 41 773 773 90 775 775 214 774 774 214 773 773 90 776 776 92 774 774 214 775 775 214 777 777 51 776 776 92 775 775 214 778 778 91 776 776 92 777 777 51 779 779 215 778 778 91 777 777 51 776 776 92 778 778 91 779 779 215 780 780 48 776 776 92 779 779 215 781 781 216 776 776 92 780 780 48 782 782 45 781 781 216 780 780 48 783 783 51 781 781 216 782 782 45 784 784 179 783 783 51 782 782 45 785 785 109 783 783 51 784 784 179 786 786 160 785 785 109 784 784 179 402 402 161 785 785 109 786 786 160 404 404 98 402 402 161 786 786 160 509 509 46 505 505 95 507 507 195 787 787 96 505 505 95 509 509 46 788 788 46 787 787 96 509 509 46 789 789 97 787 787 96 788 788 46 511 511 196 789 789 97 788 788 46 790 790 109 789 789 97 511 511 196 515 515 27 790 790 109 511 511 196 791 791 107 790 790 109 515 515 27 792 792 14 791 791 107 515 515 27 793 793 68 791 791 107 792 792 14 517 517 33 793 793 68 792 792 14 794 794 183 793 793 68 517 517 33 521 521 198 794 794 183 517 517 33 795 795 180 794 794 183 521 521 198 796 796 63 795 795 180 521 521 198 797 797 74 795 795 180 796 796 63 523 523 115 797 797 74 796 796 63 798 798 114 797 797 74 523 523 115 242 242 38 569 569 126 240 240 126 799 799 62 569 569 126 242 242 38 800 800 128 799 799 62 242 242 38 567 567 34 799 799 62 800 800 128 801 801 39 567 567 34 800 800 128 564 564 202 567 567 34 801 801 39 802 802 211 564 564 202 801 801 39 803 803 187 564 564 202 802 802 211 804 804 150 803 803 187 802 802 211 562 562 167 803 803 187 804 804 150 805 805 211 562 562 167 804 804 150 558 558 201 562 562 167 805 805 211 806 806 150 558 558 201 805 805 211 807 807 168 558 558 201 806 806 150 808 808 100 807 807 168 806 806 150 556 556 186 807 807 168 808 808 100 809 809 217 556 556 186 808 808 100 552 552 165 556 556 186 809 809 217 25 25 20 811 811 20 810 810 68 812 812 66 811 811 20 25 25 20 27 27 22 812 812 66 25 25 20 813 813 72 812 812 66 27 27 22 814 814 65 813 813 72 27 27 22 815 815 164 813 813 72 814 814 65 29 29 24 815 815 164 814 814 65 816 816 33 815 815 164 29 29 24 33 33 24 816 816 33 29 29 24 817 817 72 816 816 33 33 33 24 818 818 177 817 817 72 33 33 24 819 819 183 817 817 72 818 818 177 35 35 24 819 819 183 818 818 177 820 820 69 819 819 183 35 35 24 39 39 10 820 820 69 35 35 24 821 821 167 820 820 69 39 39 10 822 822 69 821 821 167 39 39 10 795 795 180 793 793 68 794 794 183 823 823 23 793 793 68 795 795 180 824 824 181 823 823 23 795 795 180 825 825 7 823 823 23 824 824 181 826 826 108 825 825 7 824 824 181 827 827 51 825 825 7 826 826 108 828 828 90 827 827 51 826 826 108 829 829 97 827 827 51 828 828 90 830 830 46 829 829 97 828 828 90 827 827 51 829 829 97 830 830 46 831 831 96 827 827 51 830 830 46 832 832 52 827 827 51 831 831 96 833 833 52 832 832 52 831 831 96 825 825 7 832 832 52 833 833 52 834 834 87 825 825 7 833 833 52 793 793 68 825 825 7 834 834 87 791 791 107 793 793 68 834 834 87 421 421 31 417 417 120 419 419 66 835 835 159 417 417 120 421 421 31 836 836 125 835 835 159 421 421 31 837 837 113 835 835 159 836 836 125 838 838 63 837 837 113 836 836 125 839 839 62 837 837 113 838 838 63 836 836 125 839 839 62 838 838 63 840 840 62 839 839 62 836 836 125 841 841 202 840 840 62 836 836 125 842 842 2 840 840 62 841 841 202 843 843 38 842 842 2 841 841 202 844 844 2 842 842 2 843 843 38 845 845 62 844 844 2 843 843 38 846 846 210 844 844 2 845 845 62 847 847 62 846 846 210 845 845 62 848 848 139 846 846 210 847 847 62 849 849 218 848 848 139 847 847 62 852 852 119 851 851 183 850 850 66 853 853 180 851 851 183 852 852 119 813 813 72 853 853 180 852 852 119 854 854 209 853 853 180 813 813 72 855 855 126 854 854 209 813 813 72 856 856 209 854 854 209 855 855 126 815 815 164 856 856 209 855 855 126 857 857 104 856 856 209 815 815 164 817 817 72 857 857 104 815 815 164 858 858 126 857 857 104 817 817 72 859 859 122 858 858 126 817 817 72 860 860 180 858 858 126 859 859 122 819 819 183 860 860 180 859 859 122 861 861 33 860 860 180 819 819 183 821 821 167 861 861 33 819 819 183 862 862 212 861 861 33 821 821 167 863 863 82 862 862 212 821 821 167 501 501 91 497 497 194 499 499 45 864 864 110 497 497 194 501 501 91 865 865 92 864 864 110 501 501 91 610 610 49 864 864 110 865 865 92 866 866 49 610 610 49 865 865 92 606 606 41 610 610 49 866 866 49 867 867 47 606 606 41 866 866 49 868 868 41 606 606 41 867 867 47 869 869 109 868 868 41 867 867 47 604 604 21 868 868 41 869 869 109 870 870 98 604 604 21 869 869 109 600 600 120 604 604 21 870 870 98 871 871 67 600 600 120 870 870 98 872 872 24 600 600 120 871 871 67 873 873 10 872 872 24 871 871 67 874 874 116 872 872 24 873 873 10 875 875 82 874 874 116 873 873 10 773 773 90 777 777 51 775 775 214 876 876 162 777 777 51 773 773 90 877 877 108 876 876 162 773 773 90 878 878 52 876 876 162 877 877 108 879 879 203 878 878 52 877 877 108 880 880 107 878 878 52 879 879 203 881 881 179 880 880 107 879 879 203 882 882 44 880 880 107 881 881 179 883 883 3 882 882 44 881 881 179 884 884 111 882 882 44 883 883 3 885 885 178 884 884 111 883 883 3 886 886 19 884 884 111 885 885 178 887 887 204 886 886 19 885 885 178 888 888 182 886 886 19 887 887 204 889 889 120 888 888 182 887 887 204 890 890 219 888 888 182 889 889 120 891 891 56 890 890 219 889 889 120 648 648 127 652 652 211 650 650 211 892 892 128 652 652 211 648 648 127 893 893 209 892 892 128 648 648 127 894 894 187 892 892 128 893 893 209 895 895 37 894 894 187 893 893 209 896 896 187 894 894 187 895 895 37 897 897 1 896 896 187 895 895 37 898 898 39 896 896 187 897 897 1 899 899 75 898 898 39 897 897 1 900 900 130 898 898 39 899 899 75 901 901 209 900 900 130 899 899 75 902 902 167 900 900 130 901 901 209 903 903 123 902 902 167 901 901 209 904 904 198 902 902 167 903 903 123 769 769 122 904 904 198 903 903 123 905 905 81 904 904 198 769 769 122 771 771 172 905 905 81 769 769 122 158 158 94 162 162 54 160 160 50 906 906 93 162 162 54 158 158 94 907 907 48 906 906 93 158 158 94 908 908 93 906 906 93 907 907 48 909 909 48 908 908 93 907 907 48 910 910 195 908 908 93 909 909 48 911 911 47 910 910 195 909 909 48 912 912 214 910 910 195 911 911 47 913 913 214 912 912 214 911 911 47 914 914 11 912 912 214 913 913 214 915 915 5 914 914 11 913 913 214 916 916 112 914 914 11 915 915 5 917 917 11 916 916 112 915 915 5 918 918 4 916 916 112 917 917 11 919 919 6 918 918 4 917 917 11 920 920 140 918 918 4 919 919 6 921 921 220 920 920 140 919 919 6 350 350 151 354 354 156 352 352 169 922 922 80 354 354 156 350 350 151 923 923 0 922 922 80 350 350 151 924 924 151 922 922 80 923 923 0 925 925 152 924 924 151 923 923 0 926 926 213 924 924 151 925 925 152 923 923 0 926 926 213 925 925 152 927 927 187 926 926 213 923 923 0 928 928 75 927 927 187 923 923 0 929 929 152 927 927 187 928 928 75 930 930 34 929 929 152 928 928 75 931 931 103 929 929 152 930 930 34 932 932 221 931 931 103 930 930 34 933 933 103 931 931 103 932 932 221 934 934 103 933 933 103 932 932 221 935 935 165 933 933 103 934 934 103 936 936 165 935 935 165 934 934 103 68 68 18 64 64 18 66 66 18 937 937 18 64 64 18 68 68 18 938 938 18 937 937 18 68 68 18 939 939 50 937 937 18 938 938 18 940 940 50 939 939 50 938 938 18 941 941 45 939 939 50 940 940 50 942 942 50 941 941 45 940 940 50 943 943 95 941 941 45 942 942 50 944 944 95 943 943 95 942 942 50 945 945 111 943 943 95 944 944 95 946 946 163 945 945 111 944 944 95 947 947 55 945 945 111 946 946 163 948 948 9 947 947 55 946 946 163 949 949 28 947 947 55 948 948 9 950 950 28 949 949 28 948 948 9 951 951 138 949 949 28 950 950 28 952 952 134 951 951 138 950 950 28 670 670 16 674 674 16 672 672 163 953 953 163 674 674 16 670 670 16 954 954 6 953 953 163 670 670 16 955 955 16 953 953 163 954 954 6 956 956 3 955 955 16 954 954 6 957 957 112 955 955 16 956 956 3 958 958 98 957 957 112 956 956 3 959 959 18 957 957 112 958 958 98 960 960 22 959 959 18 958 958 98 961 961 69 959 959 18 960 960 22 962 962 32 961 961 69 960 960 22 963 963 71 961 961 69 962 962 32 964 964 124 963 963 71 962 962 32 965 965 74 963 963 71 964 964 124 966 966 74 965 965 74 964 964 124 594 594 202 965 965 74 966 966 74 596 596 62 594 594 202 966 966 74 577 577 6 193 193 17 575 575 17 967 967 4 193 193 17 577 577 6 968 968 25 967 967 4 577 577 6 191 191 14 967 967 4 968 968 25 969 969 55 191 191 14 968 968 25 187 187 24 191 191 14 969 969 55 970 970 32 187 187 24 969 969 55 971 971 70 187 187 24 970 970 32 972 972 122 971 971 70 970 970 32 185 185 105 971 971 70 972 972 122 973 973 198 185 185 105 972 972 122 181 181 102 185 185 105 973 973 198 974 974 37 181 181 102 973 973 198 975 975 0 181 181 102 974 974 37 976 976 130 975 975 0 974 974 37 977 977 222 975 975 0 976 976 130 978 978 223 977 977 222 976 976 130 113 113 66 109 109 68 111 111 28 979 979 29 109 109 68 113 113 66 980 980 120 979 979 29 113 113 66 981 981 121 979 979 29 980 980 120 982 982 31 981 981 121 980 980 120 983 983 124 981 981 121 982 982 31 984 984 71 983 983 124 982 982 31 985 985 63 983 983 124 984 984 71 986 986 34 985 985 63 984 984 71 987 987 187 985 985 63 986 986 34 988 988 211 987 987 187 986 986 34 989 989 56 987 987 187 988 988 211 990 990 206 989 989 56 988 988 211 991 991 213 989 989 56 990 990 206 992 992 224 991 991 213 990 990 206 993 993 59 991 991 213 992 992 224 994 994 59 993 993 59 992 992 224 938 938 18 942 942 50 940 940 50 995 995 18 942 942 50 938 938 18 996 996 18 995 995 18 938 938 18 942 942 50 995 995 18 996 996 18 997 997 50 942 942 50 996 996 18 944 944 95 942 942 50 997 997 50 998 998 50 944 944 95 997 997 50 999 999 51 944 944 95 998 998 50 1000 1000 97 999 999 51 998 998 50 948 948 9 999 999 51 1000 1000 97 1001 1001 53 948 948 9 1000 1000 97 950 950 28 948 948 9 1001 1001 53 1002 1002 193 950 950 28 1001 1001 53 1003 1003 28 950 950 28 1002 1002 193 1004 1004 55 1003 1003 28 1002 1002 193 1005 1005 56 1003 1003 28 1004 1004 55 1006 1006 58 1005 1005 56 1004 1004 55 1009 1009 67 1008 1008 87 1007 1007 98 1010 1010 42 1008 1008 87 1009 1009 67 1011 1011 196 1010 1010 42 1009 1009 67 1012 1012 50 1010 1010 42 1011 1011 196 1013 1013 50 1012 1012 50 1011 1011 196 1014 1014 92 1012 1012 50 1013 1013 50 1015 1015 49 1014 1014 92 1013 1013 50 1016 1016 110 1014 1014 92 1015 1015 49 1017 1017 110 1016 1016 110 1015 1015 49 1018 1018 91 1016 1016 110 1017 1017 110 1019 1019 95 1018 1018 91 1017 1017 110 1020 1020 96 1018 1018 91 1019 1019 95 1021 1021 91 1020 1020 96 1019 1019 95 1022 1022 91 1020 1020 96 1021 1021 91 503 503 96 1022 1022 91 1021 1021 91 787 787 96 1022 1022 91 503 503 96 505 505 95 787 787 96 503 503 96 1025 1025 4 1024 1024 16 1023 1023 9 1026 1026 3 1024 1024 16 1025 1025 4 1027 1027 3 1026 1026 3 1025 1025 4 1028 1028 86 1026 1026 3 1027 1027 3 1029 1029 13 1028 1028 86 1027 1027 3 1030 1030 96 1028 1028 86 1029 1029 13 1031 1031 7 1030 1030 96 1029 1029 13 1032 1032 95 1030 1030 96 1031 1031 7 1033 1033 195 1032 1032 95 1031 1031 7 1034 1034 97 1032 1032 95 1033 1033 195 1035 1035 88 1034 1034 97 1033 1033 195 1036 1036 108 1034 1034 97 1035 1035 88 1037 1037 44 1036 1036 108 1035 1035 88 1038 1038 160 1036 1036 108 1037 1037 44 490 490 18 1038 1038 160 1037 1037 44 494 494 161 1038 1038 160 490 490 18 492 492 181 494 494 161 490 490 18 475 475 19 479 479 21 477 477 53 1039 1039 20 479 479 21 475 475 19 1040 1040 55 1039 1039 20 475 475 19 1041 1041 30 1039 1039 20 1040 1040 55 1042 1042 177 1041 1041 30 1040 1040 55 1043 1043 198 1041 1041 30 1042 1042 177 851 851 183 1043 1043 198 1042 1042 177 1044 1044 209 1043 1043 198 851 851 183 854 854 209 1044 1044 209 851 851 183 1045 1045 187 1044 1044 209 854 854 209 1046 1046 210 1045 1045 187 854 854 209 1047 1047 201 1045 1045 187 1046 1046 210 856 856 209 1047 1047 201 1046 1046 210 1048 1048 187 1047 1047 201 856 856 209 858 858 126 1048 1048 187 856 856 209 1049 1049 134 1048 1048 187 858 858 126 1050 1050 209 1049 1049 134 858 858 126 686 686 157 688 688 146 687 687 188 1051 1051 149 688 688 146 686 686 157 1052 1052 116 1051 1051 149 686 686 157 1053 1053 149 1051 1051 149 1052 1052 116 1054 1054 224 1053 1053 149 1052 1052 116 1055 1055 171 1053 1053 149 1054 1054 224 1056 1056 140 1055 1055 171 1054 1054 224 1057 1057 84 1055 1055 171 1056 1056 140 1058 1058 185 1057 1057 84 1056 1056 140 1059 1059 149 1057 1057 84 1058 1058 185 1060 1060 224 1059 1059 149 1058 1058 185 1061 1061 211 1059 1059 149 1060 1060 224 1062 1062 103 1061 1061 211 1060 1060 224 1063 1063 103 1061 1061 211 1062 1062 103 1064 1064 165 1063 1063 103 1062 1062 103 698 698 103 1063 1063 103 1064 1064 165 700 700 165 698 698 103 1064 1064 165 907 907 48 911 911 47 909 909 48 1065 1065 49 911 911 47 907 907 48 1066 1066 49 1065 1065 49 907 907 48 911 911 47 1065 1065 49 1066 1066 49 1067 1067 50 911 911 47 1066 1066 49 913 913 214 911 911 47 1067 1067 50 1068 1068 50 913 913 214 1067 1067 50 1069 1069 214 913 913 214 1068 1068 50 1070 1070 52 1069 1069 214 1068 1068 50 917 917 11 1069 1069 214 1070 1070 52 1071 1071 13 917 917 11 1070 1070 52 919 919 6 917 917 11 1071 1071 13 1072 1072 179 919 919 6 1071 1071 13 1073 1073 15 919 919 6 1072 1072 179 1074 1074 179 1073 1073 15 1072 1072 179 1075 1075 225 1073 1073 15 1074 1074 179 1076 1076 1 1075 1075 225 1074 1074 179 873 873 10 1077 1077 226 875 875 82 1078 1078 30 1077 1077 226 873 873 10 1009 1009 67 1078 1078 30 873 873 10 1079 1079 30 1078 1078 30 1009 1009 67 1007 1007 98 1079 1079 30 1009 1009 67 1080 1080 181 1079 1079 30 1007 1007 98 1008 1008 87 1080 1080 181 1007 1007 98 1081 1081 108 1080 1080 181 1008 1008 87 1082 1082 48 1081 1081 108 1008 1008 87 1083 1083 203 1081 1081 108 1082 1082 48 1084 1084 110 1083 1083 203 1082 1082 48 1085 1085 96 1083 1083 203 1084 1084 110 1086 1086 96 1085 1085 96 1084 1084 110 1087 1087 97 1085 1085 96 1086 1086 96 1088 1088 46 1087 1087 97 1086 1086 96 830 830 46 1087 1087 97 1088 1088 46 831 831 96 830 830 46 1088 1088 46 482 482 193 478 478 193 480 480 19 1089 1089 112 478 478 193 482 482 193 1090 1090 16 1089 1089 112 482 482 193 478 478 193 1089 1089 112 1090 1090 16 1091 1091 163 478 478 193 1090 1090 16 476 476 9 478 478 193 1091 1091 163 1092 1092 163 476 476 9 1091 1091 163 1093 1093 9 476 476 9 1092 1092 163 1025 1025 4 1093 1093 9 1092 1092 163 472 472 12 1093 1093 9 1025 1025 4 1023 1023 9 472 472 12 1025 1025 4 470 470 53 472 472 12 1023 1023 9 1024 1024 16 470 470 53 1023 1023 9 1094 1094 163 470 470 53 1024 1024 16 17 17 15 1094 1094 163 1024 1024 16 19 19 16 1094 1094 163 17 17 15 1097 1097 18 1096 1096 50 1095 1095 18 1098 1098 50 1096 1096 50 1097 1097 18 1099 1099 50 1098 1098 50 1097 1097 18 1100 1100 50 1098 1098 50 1099 1099 50 1101 1101 50 1100 1100 50 1099 1099 50 1102 1102 49 1100 1100 50 1101 1101 50 1103 1103 50 1102 1102 49 1101 1101 50 1104 1104 47 1102 1102 49 1103 1103 50 1105 1105 93 1104 1104 47 1103 1103 50 1102 1102 49 1104 1104 47 1105 1105 93 1106 1106 110 1102 1102 49 1105 1105 93 1107 1107 45 1102 1102 49 1106 1106 110 1108 1108 214 1107 1107 45 1106 1106 110 1109 1109 88 1107 1107 45 1108 1108 214 85 85 9 1109 1109 88 1108 1108 214 83 83 54 1109 1109 88 85 85 9 1111 1111 178 389 389 5 1110 1110 16 1112 1112 9 389 389 5 1111 1111 178 1113 1113 53 1112 1112 9 1111 1111 178 387 387 9 1112 1112 9 1113 1113 53 1114 1114 53 387 387 9 1113 1113 53 383 383 12 387 387 9 1114 1114 53 1115 1115 178 383 383 12 1114 1114 53 1116 1116 161 383 383 12 1115 1115 178 1117 1117 25 1116 1116 161 1115 1115 178 381 381 178 1116 1116 161 1117 1117 25 1118 1118 18 381 381 178 1117 1117 25 377 377 8 381 381 178 1118 1118 18 1119 1119 98 377 377 8 1118 1118 18 1120 1120 55 377 377 8 1119 1119 98 408 408 66 1120 1120 55 1119 1119 98 375 375 177 1120 1120 55 408 408 66 745 745 162 741 741 51 743 743 196 1121 1121 46 741 741 51 745 745 162 1122 1122 110 1121 1121 46 745 745 162 1123 1123 110 1121 1121 46 1122 1122 110 1124 1124 215 1123 1123 110 1122 1122 110 1125 1125 43 1123 1123 110 1124 1124 215 1126 1126 215 1125 1125 43 1124 1124 215 1127 1127 43 1125 1125 43 1126 1126 215 1128 1128 48 1127 1127 43 1126 1126 215 1129 1129 50 1127 1127 43 1128 1128 48 1130 1130 50 1129 1129 50 1128 1128 48 1131 1131 49 1129 1129 50 1130 1130 50 1132 1132 46 1131 1131 49 1130 1130 50 1133 1133 51 1131 1131 49 1132 1132 46 141 141 87 1133 1133 51 1132 1132 46 143 143 88 1133 1133 51 141 141 87 1004 1004 55 82 82 53 1134 1134 29 1135 1135 193 82 82 53 1004 1004 55 1002 1002 193 1135 1135 193 1004 1004 55 80 80 51 1135 1135 193 1002 1002 193 1136 1136 195 80 80 51 1002 1002 193 76 76 50 80 80 51 1136 1136 195 1000 1000 97 76 76 50 1136 1136 195 1137 1137 50 76 76 50 1000 1000 97 998 998 50 1137 1137 50 1000 1000 97 74 74 18 1137 1137 50 998 998 50 1138 1138 18 74 74 18 998 998 50 70 70 18 74 74 18 1138 1138 18 996 996 18 70 70 18 1138 1138 18 1139 1139 18 70 70 18 996 996 18 938 938 18 1139 1139 18 996 996 18 68 68 18 1139 1139 18 938 938 18 317 317 15 321 321 162 319 319 17 1140 1140 162 321 321 162 317 317 15 526 526 88 1140 1140 162 317 317 15 1141 1141 15 1140 1140 162 526 526 88 524 524 40 1141 1141 15 526 526 88 1142 1142 182 1141 1141 15 524 524 40 525 525 15 1142 1142 182 524 524 40 1143 1143 182 1142 1142 182 525 525 15 1144 1144 23 1143 1143 182 525 525 15 1145 1145 121 1143 1143 182 1144 1144 23 1146 1146 166 1145 1145 121 1144 1144 23 1147 1147 131 1145 1145 121 1146 1146 166 1148 1148 200 1147 1147 131 1146 1146 166 1149 1149 82 1147 1147 131 1148 1148 200 1150 1150 116 1149 1149 82 1148 1148 200 1117 1117 25 1119 1119 98 1118 1118 18 1151 1151 178 1119 1119 98 1117 1117 25 1152 1152 27 1151 1151 178 1117 1117 25 1153 1153 19 1151 1151 178 1152 1152 27 1154 1154 27 1153 1153 19 1152 1152 27 1155 1155 25 1153 1153 19 1154 1154 27 1156 1156 178 1155 1155 25 1154 1154 27 1157 1157 25 1155 1155 25 1156 1156 178 1158 1158 27 1157 1157 25 1156 1156 178 1159 1159 67 1157 1157 25 1158 1158 27 1160 1160 14 1159 1159 67 1158 1158 27 425 425 68 1159 1159 67 1160 1160 14 429 429 30 425 425 68 1160 1160 14 427 427 31 425 425 68 429 429 30 878 878 52 777 777 51 876 876 162 1161 1161 91 777 777 51 878 878 52 1162 1162 110 1161 1161 91 878 878 52 779 779 215 1161 1161 91 1162 1162 110 1163 1163 194 779 779 215 1162 1162 110 782 782 45 779 779 215 1163 1163 194 1164 1164 52 782 782 45 1163 1163 194 1165 1165 41 782 782 45 1164 1164 52 1166 1166 13 1165 1165 41 1164 1164 52 784 784 179 1165 1165 41 1166 1166 13 1167 1167 4 784 784 179 1166 1166 13 404 404 98 784 784 179 1167 1167 4 1168 1168 201 404 404 98 1167 1167 4 406 406 146 404 404 98 1168 1168 201 357 357 35 353 353 170 355 355 171 683 683 81 353 353 170 357 357 35 1169 1169 227 683 683 81 357 357 35 684 684 184 683 683 81 1169 1169 227 1170 1170 228 684 684 184 1169 1169 227 1171 1171 192 684 684 184 1170 1170 228 1172 1172 229 1171 1171 192 1170 1170 228 1173 1173 207 1171 1171 192 1172 1172 229 1174 1174 103 1173 1173 207 1172 1172 229 1175 1175 230 1173 1173 207 1174 1174 103 1176 1176 103 1175 1175 230 1174 1174 103 1177 1177 103 1175 1175 230 1176 1176 103 1178 1178 138 1177 1177 103 1176 1176 103 1179 1179 138 1177 1177 103 1178 1178 138 393 393 11 389 389 5 391 391 179 1110 1110 16 389 389 5 393 393 11 1180 1180 181 1110 1110 16 393 393 11 1111 1111 178 1110 1110 16 1180 1180 181 1181 1181 66 1111 1111 178 1180 1180 181 1182 1182 199 1111 1111 178 1181 1181 66 1183 1183 183 1182 1182 199 1181 1181 66 1184 1184 33 1182 1182 199 1183 1183 183 1185 1185 180 1184 1184 33 1183 1183 183 1186 1186 159 1184 1184 33 1185 1185 180 1187 1187 183 1186 1186 159 1185 1185 180 1188 1188 65 1186 1186 159 1187 1187 183 1189 1189 225 1188 1188 65 1187 1187 183 1190 1190 131 1188 1188 65 1189 1189 225 837 837 113 417 417 120 835 835 159 1191 1191 33 417 417 120 837 837 113 1192 1192 123 1191 1191 33 837 837 113 415 415 69 1191 1191 33 1192 1192 123 1193 1193 113 415 415 69 1192 1192 123 411 411 70 415 415 69 1193 1193 113 1194 1194 198 411 411 70 1193 1193 113 1195 1195 123 411 411 70 1194 1194 198 1196 1196 75 1195 1195 123 1194 1194 198 409 409 180 1195 1195 123 1196 1196 75 1197 1197 104 409 409 180 1196 1196 75 371 371 123 409 409 180 1197 1197 104 1198 1198 36 371 371 123 1197 1197 104 370 370 84 371 371 123 1198 1198 36 939 939 50 64 64 18 937 937 18 1199 1199 50 64 64 18 939 939 50 1200 1200 92 1199 1199 50 939 939 50 62 62 49 1199 1199 50 1200 1200 92 1201 1201 95 62 62 49 1200 1200 92 58 58 46 62 62 49 1201 1201 95 1202 1202 6 58 58 46 1201 1201 95 1203 1203 6 58 58 46 1202 1202 6 1204 1204 14 1203 1203 6 1202 1202 6 56 56 44 1203 1203 6 1204 1204 14 1205 1205 9 56 56 44 1204 1204 14 52 52 40 56 56 44 1205 1205 9 1206 1206 127 52 52 40 1205 1205 9 1207 1207 209 52 52 40 1206 1206 127 1209 1209 152 277 277 147 1208 1208 150 1210 1210 79 277 277 147 1209 1209 152 1211 1211 81 1210 1210 79 1209 1209 152 275 275 146 1210 1210 79 1211 1211 81 1212 1212 231 275 275 146 1211 1211 81 271 271 144 275 275 146 1212 1212 231 1213 1213 84 271 271 144 1212 1212 231 1214 1214 231 271 271 144 1213 1213 84 1215 1215 143 1214 1214 231 1213 1213 84 269 269 142 1214 1214 231 1215 1215 143 1216 1216 232 269 269 142 1215 1215 143 265 265 139 269 269 142 1216 1216 232 1217 1217 137 265 265 139 1216 1216 232 1218 1218 137 265 265 139 1217 1217 137 981 981 121 109 109 68 979 979 29 1219 1219 204 109 109 68 981 981 121 1220 1220 181 1219 1219 204 981 981 121 107 107 14 1219 1219 204 1220 1220 181 1221 1221 12 107 107 14 1220 1220 181 103 103 67 107 107 14 1221 1221 12 1222 1222 19 103 103 67 1221 1221 12 1223 1223 55 103 103 67 1222 1222 19 1224 1224 32 1223 1223 55 1222 1222 19 101 101 65 1223 1223 55 1224 1224 32 1225 1225 125 101 101 65 1224 1224 32 97 97 62 101 101 65 1225 1225 125 1226 1226 114 97 97 62 1225 1225 125 1227 1227 233 97 97 62 1226 1226 114 908 908 93 162 162 54 906 906 93 1228 1228 88 162 162 54 908 908 93 1229 1229 196 1228 1228 88 908 908 93 164 164 95 1228 1228 88 1229 1229 196 1230 1230 108 164 164 95 1229 1229 196 168 168 44 164 164 95 1230 1230 108 1231 1231 13 168 168 44 1230 1230 108 1232 1232 14 168 168 44 1231 1231 13 1233 1233 55 1232 1232 14 1231 1231 13 170 170 98 1232 1232 14 1233 1233 55 1234 1234 199 170 170 98 1233 1233 55 174 174 22 170 170 98 1234 1234 199 1235 1235 118 174 174 22 1234 1234 199 1236 1236 170 174 174 22 1235 1235 118 1238 1238 19 314 314 161 1237 1237 40 1239 1239 55 314 314 161 1238 1238 19 1240 1240 71 1239 1239 55 1238 1238 19 312 312 25 1239 1239 55 1240 1240 71 1241 1241 177 312 312 25 1240 1240 71 308 308 159 312 312 25 1241 1241 177 1242 1242 76 308 308 159 1241 1241 177 1243 1243 202 308 308 159 1242 1242 76 1244 1244 126 1243 1243 202 1242 1242 76 306 306 75 1243 1243 202 1244 1244 126 1245 1245 126 306 306 75 1244 1244 126 302 302 78 306 306 75 1245 1245 126 1246 1246 226 302 302 78 1245 1245 126 1247 1247 85 302 302 78 1246 1246 226 1249 1249 163 673 673 4 1248 1248 9 1250 1250 16 673 673 4 1249 1249 163 1251 1251 3 1250 1250 16 1249 1249 163 671 671 111 1250 1250 16 1251 1251 3 1252 1252 5 671 671 111 1251 1251 3 667 667 160 671 671 111 1252 1252 5 1253 1253 160 667 667 160 1252 1252 5 1254 1254 11 667 667 160 1253 1253 160 1255 1255 5 1254 1254 11 1253 1253 160 665 665 86 1254 1254 11 1255 1255 5 1256 1256 13 665 665 86 1255 1255 5 203 203 90 665 665 86 1256 1256 13 201 201 13 203 203 90 1256 1256 13 116 116 71 716 716 122 1257 1257 122 1258 1258 33 716 716 122 116 116 71 112 112 32 1258 1258 33 116 116 71 714 714 106 1258 1258 33 112 112 32 1259 1259 30 714 714 106 112 112 32 1260 1260 30 714 714 106 1259 1259 30 110 110 28 1260 1260 30 1259 1259 30 1261 1261 28 1260 1260 30 110 110 28 106 106 26 1261 1261 28 110 110 28 1262 1262 22 1261 1261 28 106 106 26 1263 1263 23 1262 1262 22 106 106 26 104 104 20 1262 1262 22 1263 1263 23 106 106 26 104 104 20 1263 1263 23 1265 1265 113 485 485 119 1264 1264 70 1266 1266 177 485 485 119 1265 1265 113 1267 1267 71 1266 1266 177 1265 1265 113 487 487 119 1266 1266 177 1267 1267 71 1268 1268 32 487 487 119 1267 1267 71 491 491 66 487 487 119 1268 1268 32 1269 1269 156 491 491 66 1268 1268 32 1270 1270 121 491 491 66 1269 1269 156 1271 1271 224 1270 1270 121 1269 1269 156 493 493 23 1270 1270 121 1271 1271 224 1272 1272 157 493 493 23 1271 1271 224 1273 1273 188 493 493 23 1272 1272 157 190 190 18 194 194 17 192 192 4 1274 1274 111 194 194 17 190 190 18 1275 1275 14 1274 1274 111 190 190 18 1276 1276 5 1274 1274 111 1275 1275 14 1277 1277 53 1276 1276 5 1275 1275 14 1278 1278 4 1276 1276 5 1277 1277 53 1279 1279 26 1278 1278 4 1277 1277 53 1280 1280 98 1278 1278 4 1279 1279 26 1281 1281 145 1280 1280 98 1279 1279 26 1282 1282 12 1280 1280 98 1281 1281 145 1283 1283 151 1282 1282 12 1281 1281 145 1284 1284 201 1282 1282 12 1283 1283 151 1286 1286 11 1085 1085 96 1285 1285 214 1287 1287 87 1085 1085 96 1286 1286 11 1288 1288 20 1287 1287 87 1286 1286 11 1083 1083 203 1287 1287 87 1288 1288 20 1289 1289 68 1083 1083 203 1288 1288 20 1080 1080 181 1083 1083 203 1289 1289 68 1290 1290 32 1080 1080 181 1289 1289 68 1291 1291 166 1080 1080 181 1290 1290 32 1292 1292 148 1291 1291 166 1290 1290 32 1079 1079 30 1291 1291 166 1292 1292 148 1293 1293 212 1079 1079 30 1292 1292 148 1077 1077 226 1079 1079 30 1293 1293 212 738 738 195 742 742 41 740 740 214 1294 1294 109 742 742 41 738 738 195 1295 1295 203 1294 1294 109 738 738 195 1296 1296 9 1294 1294 109 1295 1295 203 1297 1297 12 1296 1296 9 1295 1295 203 1298 1298 29 1296 1296 9 1297 1297 12 1299 1299 112 1298 1298 29 1297 1297 12 1300 1300 199 1298 1298 29 1299 1299 112 173 173 23 1300 1300 199 1299 1299 112 177 177 64 1300 1300 199 173 173 23 175 175 69 177 177 64 173 173 23 628 628 150 630 630 174 629 629 102 1301 1301 154 630 630 174 628 628 150 1302 1302 217 1301 1301 154 628 628 150 1303 1303 133 1301 1301 154 1302 1302 217 1304 1304 174 1303 1303 133 1302 1302 217 1305 1305 234 1303 1303 133 1304 1304 174 1306 1306 153 1305 1305 234 1304 1304 174 1307 1307 133 1305 1305 234 1306 1306 153 1308 1308 100 1307 1307 133 1306 1306 153 1309 1309 137 1307 1307 133 1308 1308 100 1310 1310 137 1309 1309 137 1308 1308 100 237 237 124 233 233 31 235 235 122 1311 1311 177 233 233 31 237 237 124 574 574 33 1311 1311 177 237 237 124 1312 1312 106 1311 1311 177 574 574 33 1313 1313 65 1312 1312 106 574 574 33 1314 1314 123 1312 1312 106 1313 1313 65 1315 1315 71 1314 1314 123 1313 1313 65 1316 1316 73 1314 1314 123 1315 1315 71 553 553 75 1316 1316 73 1315 1315 71 1317 1317 231 1316 1316 73 553 553 75 551 551 35 1317 1317 231 553 553 75 1122 1122 110 1126 1126 215 1124 1124 215 1318 1318 93 1126 1126 215 1122 1122 110 1319 1319 46 1318 1318 93 1122 1122 110 1320 1320 45 1318 1318 93 1319 1319 46 1321 1321 95 1320 1320 45 1319 1319 46 1322 1322 90 1320 1320 45 1321 1321 95 1319 1319 46 1322 1322 90 1321 1321 95 1323 1323 87 1322 1322 90 1319 1319 46 747 747 40 1323 1323 87 1319 1319 46 751 751 4 1323 1323 87 747 747 40 749 749 204 751 751 4 747 747 40 440 440 140 266 266 140 438 438 185 1324 1324 140 266 266 140 440 440 140 1325 1325 211 1324 1324 140 440 440 140 268 268 141 1324 1324 140 1325 1325 211 1326 1326 60 268 268 141 1325 1325 211 272 272 80 268 268 141 1326 1326 60 1325 1325 211 272 272 80 1326 1326 60 1327 1327 57 272 272 80 1325 1325 211 447 447 188 1327 1327 57 1325 1325 211 451 451 148 1327 1327 57 447 447 188 449 449 149 451 451 148 447 447 188 311 311 40 315 315 11 313 313 160 1328 1328 11 315 315 11 311 311 40 1329 1329 11 1328 1328 11 311 311 40 532 532 15 1328 1328 11 1329 1329 11 1330 1330 86 532 532 15 1329 1329 11 534 534 15 532 532 15 1330 1330 86 1329 1329 11 534 534 15 1330 1330 86 1331 1331 4 534 534 15 1329 1329 11 309 309 25 1331 1331 4 1329 1329 11 305 305 32 1331 1331 4 309 309 25 307 307 159 305 305 32 309 309 25 566 566 63 570 570 123 568 568 202 1332 1332 73 570 570 123 566 566 63 1333 1333 105 1332 1332 73 566 566 63 570 570 123 1332 1332 73 1333 1333 105 1334 1334 72 570 570 123 1333 1333 105 572 572 72 570 570 123 1334 1334 72 1335 1335 183 572 572 72 1334 1334 72 1336 1336 70 572 572 72 1335 1335 183 1315 1315 71 1336 1336 70 1335 1335 183 574 574 33 1336 1336 70 1315 1315 71 1313 1313 65 574 574 33 1315 1315 71 318 318 160 314 314 161 316 316 11 1237 1237 40 314 314 161 318 318 160 1337 1337 4 1237 1237 40 318 318 160 1238 1238 19 1237 1237 40 1337 1337 4 1338 1338 19 1238 1238 19 1337 1337 4 1339 1339 159 1238 1238 19 1338 1338 19 1337 1337 4 1339 1339 159 1338 1338 19 1340 1340 29 1339 1339 159 1337 1337 4 325 325 67 1340 1340 29 1337 1337 4 329 329 164 1340 1340 29 325 325 67 327 327 64 329 329 164 325 325 67 61 61 18 65 65 18 63 63 18 1341 1341 18 65 65 18 61 61 18 1342 1342 50 1341 1341 18 61 61 18 1343 1343 18 1341 1341 18 1342 1342 50 1344 1344 50 1343 1343 18 1342 1342 50 1345 1345 50 1343 1343 18 1344 1344 50 1346 1346 50 1345 1345 50 1344 1344 50 1347 1347 50 1345 1345 50 1346 1346 50 735 735 49 1347 1347 50 1346 1346 50 731 731 50 1347 1347 50 735 735 49 733 733 47 731 731 50 735 735 49 535 535 179 531 531 13 533 533 17 1348 1348 87 531 531 13 535 535 179 1349 1349 88 1348 1348 87 535 535 179 1350 1350 203 1348 1348 87 1349 1349 88 1351 1351 88 1350 1350 203 1349 1349 88 1352 1352 235 1350 1350 203 1351 1351 88 1349 1349 88 1352 1352 235 1351 1351 88 1353 1353 46 1352 1352 235 1349 1349 88 542 542 41 1353 1353 46 1349 1349 88 546 546 193 1353 1353 46 542 542 41 544 544 19 546 546 193 542 542 41 284 284 151 459 459 115 1354 1354 139 1355 1355 146 459 459 115 284 284 151 280 280 57 1355 1355 146 284 284 151 457 457 58 1355 1355 146 280 280 57 1356 1356 148 457 457 58 280 280 57 453 453 148 457 457 58 1356 1356 148 278 278 148 453 453 148 1356 1356 148 1357 1357 148 453 453 148 278 278 148 274 274 145 1357 1357 148 278 278 148 451 451 148 1357 1357 148 274 274 145 1327 1327 57 451 451 148 274 274 145 893 893 209 897 897 1 895 895 37 1358 1358 76 897 897 1 893 893 209 1359 1359 34 1358 1358 76 893 893 209 1360 1360 104 1358 1358 76 1359 1359 34 1361 1361 74 1360 1360 104 1359 1359 34 1362 1362 33 1360 1360 104 1361 1361 74 1363 1363 75 1362 1362 33 1361 1361 74 1364 1364 177 1362 1362 33 1363 1363 75 763 763 166 1364 1364 177 1363 1363 75 767 767 177 1364 1364 177 763 763 166 765 765 64 767 767 177 763 763 166 1367 1367 193 1366 1366 16 1365 1365 178 1368 1368 40 1366 1366 16 1367 1367 193 1369 1369 86 1368 1368 40 1367 1367 193 1370 1370 17 1368 1368 40 1369 1369 86 1371 1371 87 1370 1370 17 1369 1369 86 1372 1372 54 1370 1370 17 1371 1371 87 1373 1373 89 1372 1372 54 1371 1371 87 1374 1374 42 1372 1372 54 1373 1373 89 668 668 5 1374 1374 42 1373 1373 89 664 664 203 1374 1374 42 668 668 5 666 666 86 664 664 203 668 668 5 1320 1320 45 1126 1126 215 1318 1318 93 1375 1375 215 1126 1126 215 1320 1320 45 1376 1376 51 1375 1375 215 1320 1320 45 1128 1128 48 1375 1375 215 1376 1376 51 1377 1377 97 1128 1128 48 1376 1376 51 1132 1132 46 1128 1128 48 1377 1377 97 1378 1378 44 1132 1132 46 1377 1377 97 1379 1379 89 1132 1132 46 1378 1378 44 137 137 86 1379 1379 89 1378 1378 44 141 141 87 1379 1379 89 137 137 86 139 139 11 141 141 87 137 137 86 958 958 98 962 962 32 960 960 22 1380 1380 204 962 962 32 958 958 98 1367 1367 193 1380 1380 204 958 958 98 1381 1381 20 1380 1380 204 1367 1367 193 1365 1365 178 1381 1381 20 1367 1367 193 1382 1382 181 1381 1381 20 1365 1365 178 1366 1366 16 1382 1382 181 1365 1365 178 1383 1383 161 1382 1382 181 1366 1366 16 215 215 112 1383 1383 161 1366 1366 16 219 219 20 1383 1383 161 215 215 112 217 217 113 219 219 20 215 215 112 281 281 147 277 277 147 279 279 149 1208 1208 150 277 277 147 281 281 147 1384 1384 130 1208 1208 150 281 281 147 1209 1209 152 1208 1208 150 1384 1384 130 1385 1385 201 1209 1209 152 1384 1384 130 1386 1386 83 1209 1209 152 1385 1385 201 1384 1384 130 1386 1386 83 1385 1385 201 1387 1387 165 1386 1386 83 1384 1384 130 288 288 153 1387 1387 165 1384 1384 130 292 292 100 1387 1387 165 288 288 153 290 290 155 292 292 100 288 288 153 1152 1152 27 1156 1156 178 1154 1154 27 1388 1388 161 1156 1156 178 1152 1152 27 1389 1389 178 1388 1388 161 1152 1152 27 1390 1390 53 1388 1388 161 1389 1389 178 1391 1391 12 1390 1390 53 1389 1389 178 1392 1392 8 1390 1390 53 1391 1391 12 1393 1393 178 1392 1392 8 1391 1391 12 1394 1394 26 1392 1392 8 1393 1393 178 1182 1182 199 1394 1394 26 1393 1393 178 1186 1186 159 1394 1394 26 1182 1182 199 1184 1184 33 1186 1186 159 1182 1182 199 481 481 66 485 485 119 483 483 20 1264 1264 70 485 485 119 481 481 66 1395 1395 221 1264 1264 70 481 481 66 1265 1265 113 1264 1264 70 1395 1395 221 1396 1396 63 1265 1265 113 1395 1395 221 1397 1397 202 1265 1265 113 1396 1396 63 1398 1398 78 1397 1397 202 1396 1396 63 1399 1399 62 1397 1397 202 1398 1398 78 1400 1400 187 1399 1399 62 1398 1398 78 1401 1401 205 1399 1399 62 1400 1400 187 1402 1402 128 1401 1401 205 1400 1400 187 1040 1040 55 851 851 183 1042 1042 177 850 850 66 851 851 183 1040 1040 55 1403 1403 26 850 850 66 1040 1040 55 852 852 119 850 850 66 1403 1403 26 1404 1404 182 852 852 119 1403 1403 26 811 811 20 852 852 119 1404 1404 182 1403 1403 26 811 811 20 1404 1404 182 1405 1405 68 811 811 20 1403 1403 26 473 473 14 1405 1405 68 1403 1403 26 469 469 14 1405 1405 68 473 473 14 471 471 19 469 469 14 473 473 14 1033 1033 195 1037 1037 44 1035 1035 88 1406 1406 109 1037 1037 44 1033 1033 195 1407 1407 44 1406 1406 109 1033 1033 195 1408 1408 15 1406 1406 109 1407 1407 44 1409 1409 15 1408 1408 15 1407 1407 44 1410 1410 160 1408 1408 15 1409 1409 15 1411 1411 111 1410 1410 160 1409 1409 15 1412 1412 111 1410 1410 160 1411 1411 111 1092 1092 163 1412 1412 111 1411 1411 111 1090 1090 16 1412 1412 111 1092 1092 163 1091 1091 163 1090 1090 16 1092 1092 163 800 800 128 802 802 211 801 801 39 1413 1413 150 802 802 211 800 800 128 1414 1414 157 1413 1413 150 800 800 128 1415 1415 85 1413 1413 150 1414 1414 157 1416 1416 144 1415 1415 85 1414 1414 157 1417 1417 205 1415 1415 85 1416 1416 144 1418 1418 173 1417 1417 205 1416 1416 144 1419 1419 100 1417 1417 205 1418 1418 173 1420 1420 190 1419 1419 100 1418 1418 173 1421 1421 100 1419 1419 100 1420 1420 190 1422 1422 100 1421 1421 100 1420 1420 190 508 508 109 512 512 27 510 510 196 1423 1423 18 512 512 27 508 508 109 1424 1424 25 1423 1423 18 508 508 109 1425 1425 166 1423 1423 18 1424 1424 25 1426 1426 166 1425 1425 166 1424 1424 25 1427 1427 106 1425 1425 166 1426 1426 166 1428 1428 24 1427 1427 106 1426 1426 166 1429 1429 32 1427 1427 106 1428 1428 24 618 618 121 1429 1429 32 1428 1428 24 620 620 170 1429 1429 32 618 618 121 1053 1053 149 688 688 146 1051 1051 149 1430 1430 206 688 688 146 1053 1053 149 1431 1431 168 1430 1430 206 1053 1053 149 690 690 201 1430 1430 206 1431 1431 168 1432 1432 39 690 690 201 1431 1431 168 692 692 124 690 690 201 1432 1432 39 1433 1433 183 692 692 124 1432 1432 39 1434 1434 177 692 692 124 1433 1433 183 694 694 33 1434 1434 177 1433 1433 183 692 692 124 1434 1434 177 694 694 33 830 830 46 1085 1085 96 1087 1087 97 1285 1285 214 1085 1085 96 830 830 46 828 828 90 1285 1285 214 830 830 46 1286 1286 11 1285 1285 214 828 828 90 1435 1435 161 1286 1286 11 828 828 90 1436 1436 31 1286 1286 11 1435 1435 161 824 824 181 1436 1436 31 1435 1435 161 1437 1437 124 1436 1436 31 824 824 181 795 795 180 1437 1437 124 824 824 181 797 797 74 1437 1437 124 795 795 180 721 721 18 71 71 18 719 719 18 1438 1438 18 71 71 18 721 721 18 1097 1097 18 1438 1438 18 721 721 18 73 73 18 1438 1438 18 1097 1097 18 1095 1095 18 73 73 18 1097 1097 18 77 77 50 73 73 18 1095 1095 18 1096 1096 50 77 77 50 1095 1095 18 1439 1439 50 77 77 50 1096 1096 50 79 79 50 1439 1439 50 1096 1096 50 77 77 50 1439 1439 50 79 79 50 1014 1014 92 1086 1086 96 1440 1440 45 1441 1441 46 1086 1086 96 1014 1014 92 1018 1018 91 1441 1441 46 1014 1014 92 1088 1088 46 1441 1441 46 1018 1018 91 1442 1442 96 1088 1088 46 1018 1018 91 1443 1443 96 1088 1088 46 1442 1442 96 1020 1020 96 1443 1443 96 1442 1442 96 1444 1444 96 1443 1443 96 1020 1020 96 787 787 96 1444 1444 96 1020 1020 96 789 789 97 1444 1444 96 787 787 96 1446 1446 40 734 734 107 1445 1445 111 1447 1447 41 734 734 107 1446 1446 40 1448 1448 42 1447 1447 41 1446 1446 40 732 732 47 1447 1447 41 1448 1448 42 1449 1449 194 732 732 47 1448 1448 42 729 729 50 732 732 47 1449 1449 194 1450 1450 45 729 729 50 1449 1449 194 1451 1451 50 729 729 50 1450 1450 45 1105 1105 93 1451 1451 50 1450 1450 45 1103 1103 50 1451 1451 50 1105 1105 93 883 883 3 384 384 4 1452 1452 112 1453 1453 40 384 384 4 883 883 3 881 881 179 1453 1453 40 883 883 3 386 386 6 1453 1453 40 881 881 179 1454 1454 17 386 386 6 881 881 179 390 390 17 386 386 6 1454 1454 17 877 877 108 390 390 17 1454 1454 17 1455 1455 87 390 390 17 877 877 108 773 773 90 1455 1455 87 877 877 108 392 392 7 1455 1455 87 773 773 90 694 694 33 696 696 124 695 695 72 1456 1456 70 696 696 124 694 694 33 1433 1433 183 1456 1456 70 694 694 33 1457 1457 164 1456 1456 70 1433 1433 183 1458 1458 38 1457 1457 164 1433 1433 183 1459 1459 80 1457 1457 164 1458 1458 38 1431 1431 168 1459 1459 80 1458 1458 38 1460 1460 169 1459 1459 80 1431 1431 168 1053 1053 149 1460 1460 169 1431 1431 168 1055 1055 171 1460 1460 169 1053 1053 149 1462 1462 115 902 902 167 1461 1461 185 1463 1463 236 902 902 167 1462 1462 115 660 660 147 1463 1463 236 1462 1462 115 900 900 130 1463 1463 236 660 660 147 1464 1464 146 900 900 130 660 660 147 896 896 187 900 900 130 1464 1464 146 658 658 157 896 896 187 1464 1464 146 1465 1465 146 896 896 187 658 658 157 654 654 56 1465 1465 146 658 658 157 894 894 187 1465 1465 146 654 654 56 1105 1105 93 1108 1108 214 1106 1106 110 1466 1466 195 1108 1108 214 1105 1105 93 1450 1450 45 1466 1466 195 1105 1105 93 1467 1467 40 1466 1466 195 1450 1450 45 1468 1468 13 1467 1467 40 1450 1450 45 1469 1469 161 1467 1467 40 1468 1468 13 1448 1448 42 1469 1469 161 1468 1468 13 1470 1470 3 1469 1469 161 1448 1448 42 1446 1446 40 1470 1470 3 1448 1448 42 1471 1471 127 1470 1470 3 1446 1446 40 677 677 112 673 673 4 675 675 9 1248 1248 9 673 673 4 677 677 112 1472 1472 53 1248 1248 9 677 677 112 1249 1249 163 1248 1248 9 1472 1472 53 1473 1473 112 1249 1249 163 1472 1472 53 1474 1474 111 1249 1249 163 1473 1473 112 1475 1475 12 1474 1474 111 1473 1473 112 1476 1476 21 1474 1474 111 1475 1475 12 584 584 68 1476 1476 21 1475 1475 12 582 582 98 1476 1476 21 584 584 68 1478 1478 210 886 886 19 1477 1477 101 1479 1479 112 886 886 19 1478 1478 210 1480 1480 40 1479 1479 112 1478 1478 210 884 884 111 1479 1479 112 1480 1480 40 1481 1481 5 884 884 111 1480 1480 40 880 880 107 884 884 111 1481 1481 5 1482 1482 13 880 880 107 1481 1481 5 1483 1483 54 880 880 107 1482 1482 13 1162 1162 110 1483 1483 54 1482 1482 13 878 878 52 1483 1483 54 1162 1162 110 1070 1070 52 150 150 93 1484 1484 52 1485 1485 47 150 150 93 1070 1070 52 1068 1068 50 1485 1485 47 1070 1070 52 152 152 50 1485 1485 47 1068 1068 50 1486 1486 49 152 152 50 1068 1068 50 156 156 48 152 152 50 1486 1486 49 1066 1066 49 156 156 48 1486 1486 49 1487 1487 194 156 156 48 1066 1066 49 907 907 48 1487 1487 194 1066 1066 49 158 158 94 1487 1487 194 907 907 48 1200 1200 92 1202 1202 6 1201 1201 95 1488 1488 40 1202 1202 6 1200 1200 92 1489 1489 3 1488 1488 40 1200 1200 92 1490 1490 98 1488 1488 40 1489 1489 3 1491 1491 14 1490 1490 98 1489 1489 3 1492 1492 80 1490 1490 98 1491 1491 14 1493 1493 14 1492 1492 80 1491 1491 14 1494 1494 79 1492 1492 80 1493 1493 14 1495 1495 147 1494 1494 79 1493 1493 14 1169 1169 227 1172 1172 229 1170 1170 228 1496 1496 237 1172 1172 229 1169 1169 227 1497 1497 189 1496 1496 237 1169 1169 227 1498 1498 103 1496 1496 237 1497 1497 189 1499 1499 103 1498 1498 103 1497 1497 189 1500 1500 138 1498 1498 103 1499 1499 103 1501 1501 103 1500 1500 138 1499 1499 103 1502 1502 138 1500 1500 138 1501 1501 103 1503 1503 138 1502 1502 138 1501 1501 103 744 744 4 748 748 23 746 746 4 1504 1504 23 748 748 23 744 744 4 1505 1505 22 1504 1504 23 744 744 4 1506 1506 10 1504 1504 23 1505 1505 22 1507 1507 28 1506 1506 10 1505 1505 22 1508 1508 99 1506 1506 10 1507 1507 28 1509 1509 120 1508 1508 99 1507 1507 28 1510 1510 155 1508 1508 99 1509 1509 120 179 179 100 1510 1510 155 1509 1509 120 926 926 213 365 365 175 1511 1511 172 1512 1512 158 365 365 175 926 926 213 929 929 152 1512 1512 158 926 926 213 367 367 103 1512 1512 158 929 929 152 1513 1513 103 367 367 103 929 929 152 1514 1514 116 367 367 103 1513 1513 103 931 931 103 1514 1514 116 1513 1513 103 1515 1515 116 1514 1514 116 931 931 103 935 935 165 1515 1515 116 931 931 103 323 323 44 326 326 55 324 324 163 1516 1516 27 326 326 55 323 323 44 1517 1517 27 1516 1516 27 323 323 44 1518 1518 204 1516 1516 27 1517 1517 27 1519 1519 20 1518 1518 204 1517 1517 27 1520 1520 147 1518 1518 204 1519 1519 20 1521 1521 28 1520 1520 147 1519 1519 20 1522 1522 170 1520 1520 147 1521 1521 28 1523 1523 99 1522 1522 170 1521 1521 28 1192 1192 123 1194 1194 198 1193 1193 113 1524 1524 76 1194 1194 198 1192 1192 123 1525 1525 38 1524 1524 76 1192 1192 123 1526 1526 62 1524 1524 76 1525 1525 38 1527 1527 128 1526 1526 62 1525 1525 38 1528 1528 137 1526 1526 62 1527 1527 128 1529 1529 187 1528 1528 137 1527 1527 128 1530 1530 134 1528 1528 137 1529 1529 187 1531 1531 174 1530 1530 134 1529 1529 187 1425 1425 166 512 512 27 1423 1423 18 1532 1532 31 512 512 27 1425 1425 166 1533 1533 124 1532 1532 31 1425 1425 166 514 514 31 1532 1532 31 1533 1533 124 1534 1534 71 514 514 31 1533 1533 124 518 518 183 514 514 31 1534 1534 71 1535 1535 165 518 518 183 1534 1534 71 1536 1536 165 518 518 183 1535 1535 165 1062 1062 103 1537 1537 138 1064 1064 165 1538 1538 138 1537 1537 138 1062 1062 103 1539 1539 103 1538 1538 138 1062 1062 103 1177 1177 103 1538 1538 138 1539 1539 103 1058 1058 185 1177 1177 103 1539 1539 103 1540 1540 238 1177 1177 103 1058 1058 185 1056 1056 140 1540 1540 238 1058 1058 185 1175 1175 230 1540 1540 238 1056 1056 140 1150 1150 116 548 548 200 550 550 156 1541 1541 200 548 548 200 1150 1150 116 1148 1148 200 1541 1541 200 1150 1150 116 1542 1542 200 1541 1541 200 1148 1148 200 1543 1543 200 1542 1542 200 1148 1148 200 1544 1544 9 1542 1542 200 1543 1543 200 1144 1144 23 1544 1544 9 1543 1543 200 1545 1545 163 1544 1544 9 1144 1144 23 1276 1276 5 194 194 17 1274 1274 111 1546 1546 7 194 194 17 1276 1276 5 1547 1547 107 1546 1546 7 1276 1276 5 196 196 88 1546 1546 7 1547 1547 107 1548 1548 97 196 196 88 1547 1547 107 200 200 88 196 196 88 1548 1548 97 204 204 92 200 200 88 1548 1548 97 202 202 54 200 200 88 204 204 92 709 709 122 705 705 210 707 707 75 1549 1549 76 705 705 210 709 709 122 1550 1550 123 1549 1549 76 709 709 122 1551 1551 211 1549 1549 76 1550 1550 123 1552 1552 127 1551 1551 211 1550 1550 123 94 94 60 1551 1551 211 1552 1552 127 98 98 34 94 94 60 1552 1552 127 96 96 2 94 94 60 98 98 34 1303 1303 133 630 630 174 1301 1301 154 1553 1553 238 630 630 174 1303 1303 133 1554 1554 223 1553 1553 238 1303 1303 133 632 632 103 1553 1553 238 1554 1554 223 1555 1555 239 632 632 103 1554 1554 223 634 634 207 632 632 103 1555 1555 239 1556 1556 137 634 634 207 1555 1555 239 1557 1557 137 634 634 207 1556 1556 137 591 591 62 974 974 37 1558 1558 75 1559 1559 127 974 974 37 591 591 62 593 593 128 1559 1559 127 591 591 62 976 976 130 1559 1559 127 593 593 128 1560 1560 152 976 976 130 593 593 128 1561 1561 219 976 976 130 1560 1560 152 597 597 146 1561 1561 219 1560 1560 152 1562 1562 227 1561 1561 219 597 597 146 1563 1563 141 331 331 38 333 333 142 1564 1564 201 331 331 38 1563 1563 141 1565 1565 2 1564 1564 201 1563 1563 141 1566 1566 210 1564 1564 201 1565 1565 2 1567 1567 38 1566 1566 210 1565 1565 2 1240 1240 71 1566 1566 210 1567 1567 38 1242 1242 76 1240 1240 71 1567 1567 38 1241 1241 177 1240 1240 71 1242 1242 76 1376 1376 51 1378 1378 44 1377 1377 97 1568 1568 179 1378 1378 44 1376 1376 51 1569 1569 89 1568 1568 179 1376 1376 51 1570 1570 89 1568 1568 179 1569 1569 89 1571 1571 44 1570 1570 89 1569 1569 89 1572 1572 34 1570 1570 89 1571 1571 44 753 753 11 1572 1572 34 1571 1571 44 755 755 39 1572 1572 34 753 753 11 399 399 22 395 395 18 397 397 27 1573 1573 32 395 395 18 399 399 22 1574 1574 106 1573 1573 32 399 399 22 1575 1575 32 1573 1573 32 1574 1574 106 1576 1576 70 1575 1575 32 1574 1574 106 1577 1577 71 1575 1575 32 1576 1576 70 1578 1578 117 1577 1577 71 1576 1576 70 1579 1579 158 1577 1577 71 1578 1578 117 1424 1424 25 1428 1428 24 1426 1426 166 1580 1580 53 1428 1428 24 1424 1424 25 1581 1581 90 1580 1580 53 1424 1424 25 1582 1582 160 1580 1580 53 1581 1581 90 1583 1583 97 1582 1582 160 1581 1581 90 500 500 91 1582 1582 160 1583 1583 97 504 504 95 500 500 91 1583 1583 97 502 502 95 500 500 91 504 504 95 292 292 100 1386 1386 83 1387 1387 165 1584 1584 114 1386 1386 83 292 292 100 294 294 133 1584 1584 114 292 292 100 1585 1585 144 1584 1584 114 294 294 133 1586 1586 153 1585 1585 144 294 294 133 1587 1587 114 1585 1585 144 1586 1586 153 1588 1588 137 1587 1587 114 1586 1586 153 1589 1589 137 1587 1587 114 1588 1588 137 964 964 124 596 596 62 966 966 74 1590 1590 104 596 596 62 964 964 124 1591 1591 124 1590 1590 104 964 964 124 1592 1592 38 1590 1590 104 1591 1591 124 1593 1593 75 1592 1592 38 1591 1591 124 1594 1594 154 1592 1592 38 1593 1593 75 1595 1595 140 1594 1594 154 1593 1593 75 1596 1596 205 1594 1594 154 1595 1595 140 1312 1312 106 233 233 31 1311 1311 177 1597 1597 64 233 233 31 1312 1312 106 1598 1598 183 1597 1597 64 1312 1312 106 231 231 10 1597 1597 64 1598 1598 183 1599 1599 31 231 231 10 1598 1598 183 227 227 120 231 231 10 1599 1599 31 1600 1600 117 227 227 120 1599 1599 31 1601 1601 213 227 227 120 1600 1600 117 437 437 158 1188 1188 65 1190 1190 131 1602 1602 177 1188 1188 65 437 437 158 435 435 106 1602 1602 177 437 437 158 1603 1603 10 1602 1602 177 435 435 106 1604 1604 166 1603 1603 10 435 435 106 1605 1605 20 1603 1603 10 1604 1604 166 431 431 183 1605 1605 20 1604 1604 166 1606 1606 29 1605 1605 20 431 431 183 987 987 187 983 983 124 985 985 63 1607 1607 126 983 983 124 987 987 187 1608 1608 128 1607 1607 126 987 987 187 1609 1609 124 1607 1607 126 1608 1608 128 1610 1610 74 1609 1609 124 1608 1608 128 1611 1611 10 1609 1609 124 1610 1610 74 1612 1612 144 1611 1611 10 1610 1610 74 1613 1613 117 1611 1611 10 1612 1612 144 439 439 165 443 443 143 441 441 114 621 621 114 443 443 143 439 439 165 1614 1614 153 621 621 114 439 439 165 622 622 205 621 621 114 1614 1614 153 1615 1615 153 622 622 205 1614 1614 153 1308 1308 100 622 622 205 1615 1615 153 1616 1616 137 1308 1308 100 1615 1615 153 1310 1310 137 1308 1308 100 1616 1616 137 1282 1282 12 1278 1278 4 1280 1280 98 1617 1617 4 1278 1278 4 1282 1282 12 1618 1618 6 1617 1617 4 1282 1282 12 1619 1619 13 1617 1617 4 1618 1618 6 1620 1620 7 1619 1619 13 1618 1618 6 206 206 54 1619 1619 13 1620 1620 7 210 210 87 206 206 54 1620 1620 7 208 208 54 206 206 54 210 210 87 914 914 11 910 910 195 912 912 214 1621 1621 5 910 910 195 914 914 11 1622 1622 112 1621 1621 5 914 914 11 1623 1623 16 1621 1621 5 1622 1622 112 1624 1624 67 1623 1623 16 1622 1622 112 1625 1625 26 1623 1623 16 1624 1624 67 1626 1626 102 1625 1625 26 1624 1624 67 1627 1627 147 1625 1625 26 1626 1626 102 724 724 18 1345 1345 50 1628 1628 50 1629 1629 18 1345 1345 50 724 724 18 720 720 18 1629 1629 18 724 724 18 1343 1343 18 1629 1629 18 720 720 18 1630 1630 18 1343 1343 18 720 720 18 65 65 18 1343 1343 18 1630 1630 18 67 67 18 65 65 18 1630 1630 18 1295 1295 203 1299 1299 112 1297 1297 12 1631 1631 89 1299 1299 112 1295 1295 203 1632 1632 107 1631 1631 89 1295 1295 203 1299 1299 112 1631 1631 89 1632 1632 107 1633 1633 9 1299 1299 112 1632 1632 107 173 173 23 1299 1299 112 1633 1633 9 171 171 6 173 173 23 1633 1633 9 209 209 88 1372 1372 54 1634 1634 96 1635 1635 109 1372 1372 54 209 209 88 213 213 111 1635 1635 109 209 209 88 1370 1370 17 1635 1635 109 213 213 111 1636 1636 86 1370 1370 17 213 213 111 1366 1366 16 1370 1370 17 1636 1636 86 215 215 112 1366 1366 16 1636 1636 86 649 649 186 645 645 38 647 647 210 1637 1637 201 645 645 38 649 649 186 1638 1638 208 1637 1637 201 649 649 186 1639 1639 186 1637 1637 201 1638 1638 208 1640 1640 208 1639 1639 186 1638 1638 208 251 251 131 1639 1639 186 1640 1640 208 253 253 134 251 251 131 1640 1640 208 1642 1642 240 1049 1049 134 1641 1641 240 1643 1643 174 1049 1049 134 1642 1642 240 1644 1644 2 1643 1643 174 1642 1642 240 1047 1047 201 1643 1643 174 1644 1644 2 1645 1645 129 1047 1047 201 1644 1644 2 1045 1045 187 1047 1047 201 1645 1645 129 1400 1400 187 1045 1045 187 1645 1645 129 1123 1123 110 741 741 51 1121 1121 46 1646 1646 46 741 741 51 1123 1123 110 1647 1647 110 1646 1646 46 1123 1123 110 739 739 46 1646 1646 46 1647 1647 110 1648 1648 95 739 739 46 1647 1647 110 161 161 95 739 739 46 1648 1648 95 159 159 45 161 161 95 1648 1648 95 153 153 50 149 149 49 151 151 50 1649 1649 50 149 149 49 153 153 50 1650 1650 50 1649 1649 50 153 153 50 1651 1651 50 1649 1649 50 1650 1650 50 1652 1652 50 1651 1651 50 1650 1650 50 1131 1131 49 1651 1651 50 1652 1652 50 1129 1129 50 1131 1131 49 1652 1652 50 1350 1350 203 531 531 13 1348 1348 87 1653 1653 7 531 531 13 1350 1350 203 1544 1544 9 1653 1653 7 1350 1350 203 529 529 42 1653 1653 7 1544 1544 9 1545 1545 163 529 529 42 1544 1544 9 525 525 15 529 529 42 1545 1545 163 1144 1144 23 525 525 15 1545 1545 163 1650 1650 50 1129 1129 50 1652 1652 50 1654 1654 50 1129 1129 50 1650 1650 50 1655 1655 49 1654 1654 50 1650 1650 50 1125 1125 43 1654 1654 50 1655 1655 49 1656 1656 215 1125 1125 43 1655 1655 49 1123 1123 110 1125 1125 43 1656 1656 215 1647 1647 110 1123 1123 110 1656 1656 215 1262 1262 22 1260 1260 30 1261 1261 28 1657 1657 32 1260 1260 30 1262 1262 22 1658 1658 30 1657 1657 32 1262 1262 22 711 711 177 1657 1657 32 1658 1658 30 1659 1659 33 711 711 177 1658 1658 30 709 709 122 711 711 177 1659 1659 33 1550 1550 123 709 709 122 1659 1659 33 124 124 79 121 121 76 122 122 77 1660 1660 152 121 121 76 124 124 79 1661 1661 220 1660 1660 152 124 124 79 1662 1662 128 1660 1660 152 1661 1661 220 1663 1663 147 1662 1662 128 1661 1661 220 990 990 206 1662 1662 128 1663 1663 147 992 992 224 990 990 206 1663 1663 147 253 253 134 257 257 136 255 255 136 1664 1664 155 257 257 136 253 253 134 1638 1638 208 1664 1664 155 253 253 134 1665 1665 190 1664 1664 155 1638 1638 208 1666 1666 131 1665 1665 190 1638 1638 208 651 651 116 1665 1665 190 1666 1666 131 649 649 186 651 651 116 1666 1666 131 230 230 121 234 234 113 232 232 10 1667 1667 72 234 234 113 230 230 121 1668 1668 113 1667 1667 72 230 230 121 234 234 113 1667 1667 72 1668 1668 113 1669 1669 123 234 234 113 1668 1668 113 236 236 123 234 234 113 1669 1669 123 241 241 34 236 236 123 1669 1669 123 655 655 165 651 651 116 653 653 131 1670 1670 155 651 651 116 655 655 165 1671 1671 59 1670 1670 155 655 655 165 1665 1665 190 1670 1670 155 1671 1671 59 1672 1672 219 1665 1665 190 1671 1671 59 257 257 136 1665 1665 190 1672 1672 219 259 259 100 257 257 136 1672 1672 219 761 761 64 764 764 64 762 762 166 1673 1673 71 764 764 64 761 761 64 1674 1674 71 1673 1673 71 761 761 64 1675 1675 105 1673 1673 71 1674 1674 71 1676 1676 113 1675 1675 105 1674 1674 71 222 222 116 1675 1675 105 1676 1676 113 224 224 69 222 222 116 1676 1676 113 643 643 209 639 639 77 641 641 77 1677 1677 62 639 639 77 643 643 209 1678 1678 210 1677 1677 62 643 643 209 758 758 209 1677 1677 62 1678 1678 210 1679 1679 128 758 758 209 1678 1678 210 245 245 128 758 758 209 1679 1679 128 247 247 130 245 245 128 1679 1679 128 1674 1674 71 224 224 69 1676 1676 113 1680 1680 24 224 224 69 1674 1674 71 1681 1681 10 1680 1680 24 1674 1674 71 228 228 29 1680 1680 24 1681 1681 10 1682 1682 66 228 228 29 1681 1681 10 230 230 121 228 228 29 1682 1682 66 1668 1668 113 230 230 121 1682 1682 66 1551 1551 211 705 705 210 1549 1549 76 1683 1683 188 705 705 210 1551 1551 211 1684 1684 145 1683 1683 188 1551 1551 211 703 703 169 1683 1683 188 1684 1684 145 1685 1685 170 703 703 169 1684 1684 145 133 133 85 703 703 169 1685 1685 170 135 135 59 133 133 85 1685 1685 170 1687 1687 3 1253 1253 160 1686 1686 40 1688 1688 160 1253 1253 160 1687 1687 3 1689 1689 40 1688 1688 160 1687 1687 3 1255 1255 5 1688 1688 160 1689 1689 40 1690 1690 160 1255 1255 5 1689 1689 40 201 201 13 1255 1255 5 1690 1690 160 199 199 13 201 201 13 1690 1690 160 143 143 88 1131 1131 49 1133 1133 51 1691 1691 93 1131 1131 49 143 143 88 147 147 91 1691 1691 93 143 143 88 1651 1651 50 1691 1691 93 147 147 91 1692 1692 43 1651 1651 50 147 147 91 149 149 49 1651 1651 50 1692 1692 43 147 147 91 149 149 49 1692 1692 43 1693 1693 103 797 797 74 798 798 114 1694 1694 37 797 797 74 1693 1693 103 1695 1695 10 1694 1694 37 1693 1693 103 1436 1436 31 1694 1694 37 1695 1695 10 1696 1696 199 1436 1436 31 1695 1695 10 1286 1286 11 1436 1436 31 1696 1696 199 1288 1288 20 1286 1286 11 1696 1696 199 1251 1251 3 1253 1253 160 1252 1252 5 1686 1686 40 1253 1253 160 1251 1251 3 1697 1697 3 1686 1686 40 1251 1251 3 1687 1687 3 1686 1686 40 1697 1697 3 1698 1698 40 1687 1687 3 1697 1697 3 578 578 6 1687 1687 3 1698 1698 40 580 580 3 578 578 6 1698 1698 40 1390 1390 53 1156 1156 178 1388 1388 161 1699 1699 178 1156 1156 178 1390 1390 53 1605 1605 20 1699 1699 178 1390 1390 53 1158 1158 27 1699 1699 178 1605 1605 20 1606 1606 29 1158 1158 27 1605 1605 20 429 429 30 1158 1158 27 1606 1606 29 431 431 183 429 429 30 1606 1606 29 119 119 74 115 115 70 117 117 72 1700 1700 113 115 115 70 119 119 74 1701 1701 104 1700 1700 113 119 119 74 1702 1702 106 1700 1700 113 1701 1701 104 1703 1703 180 1702 1702 106 1701 1701 104 984 984 71 1702 1702 106 1703 1703 180 986 986 34 984 984 71 1703 1703 180 774 774 214 396 396 13 772 772 41 1704 1704 41 396 396 13 774 774 214 1705 1705 51 1704 1704 41 774 774 214 398 398 16 1704 1704 41 1705 1705 51 1706 1706 44 398 398 16 1705 1705 51 402 402 161 398 398 16 1706 1706 44 785 785 109 402 402 161 1706 1706 44 171 171 6 167 167 52 169 169 11 1707 1707 107 167 167 52 171 171 6 1632 1632 107 1707 1707 107 171 171 6 167 167 52 1707 1707 107 1632 1632 107 1708 1708 46 167 167 52 1632 1632 107 165 165 96 167 167 52 1708 1708 46 738 738 195 165 165 96 1708 1708 46 785 785 109 781 781 216 783 783 51 1709 1709 46 781 781 216 785 785 109 1705 1705 51 1709 1709 46 785 785 109 781 781 216 1709 1709 46 1705 1705 51 1710 1710 110 781 781 216 1705 1705 51 776 776 92 781 781 216 1710 1710 110 774 774 214 776 776 92 1710 1710 110 1518 1518 204 326 326 55 1516 1516 27 1711 1711 32 326 326 55 1518 1518 204 1712 1712 82 1711 1711 32 1518 1518 204 328 328 105 1711 1711 32 1712 1712 82 1713 1713 81 328 328 105 1712 1712 82 332 332 143 328 328 105 1713 1713 81 1565 1565 2 1242 1242 76 1567 1567 38 1714 1714 37 1242 1242 76 1565 1565 2 1715 1715 175 1714 1714 37 1565 1565 2 1244 1244 126 1714 1714 37 1715 1715 175 1716 1716 131 1244 1244 126 1715 1715 175 1246 1246 226 1244 1244 126 1716 1716 131 299 299 70 543 543 26 1717 1717 32 1718 1718 30 543 543 26 299 299 70 297 297 156 1718 1718 30 299 299 70 545 545 199 1718 1718 30 297 297 156 1719 1719 146 545 545 199 297 297 156 549 549 80 545 545 199 1719 1719 146 49 49 3 734 734 107 736 736 107 1445 1445 111 734 734 107 49 49 3 47 47 37 1445 1445 111 49 49 3 1446 1446 40 1445 1445 111 47 47 37 1720 1720 76 1446 1446 40 47 47 37 1471 1471 127 1446 1446 40 1720 1720 76 1618 1618 6 210 210 87 1620 1620 7 1721 1721 40 210 210 87 1618 1618 6 1722 1722 3 1721 1721 40 1618 1618 6 212 212 40 1721 1721 40 1722 1722 3 1723 1723 112 212 212 40 1722 1722 3 216 216 80 212 212 40 1723 1723 112 1443 1443 96 831 831 96 1088 1088 46 833 833 52 831 831 96 1443 1443 96 1724 1724 195 833 833 52 1443 1443 96 791 791 107 833 833 52 1724 1724 195 789 789 97 791 791 107 1724 1724 195 790 790 109 791 791 107 789 789 97 1526 1526 62 1194 1194 198 1524 1524 76 1725 1725 77 1194 1194 198 1526 1526 62 1726 1726 83 1725 1725 77 1526 1526 62 1196 1196 75 1725 1725 77 1726 1726 83 1727 1727 81 1196 1196 75 1726 1726 83 1198 1198 36 1196 1196 75 1727 1727 81 1728 1728 10 219 219 20 221 221 100 1382 1382 181 219 219 20 1728 1728 10 1595 1595 140 1382 1382 181 1728 1728 10 1729 1729 120 1382 1382 181 1595 1595 140 1591 1591 124 1729 1729 120 1595 1595 140 1381 1381 20 1729 1729 120 1591 1591 124 1480 1480 40 1482 1482 13 1481 1481 5 1730 1730 15 1482 1482 13 1480 1480 40 1731 1731 198 1730 1730 15 1480 1480 40 1732 1732 179 1730 1730 15 1731 1731 198 1733 1733 73 1732 1732 179 1731 1731 198 1734 1734 123 1732 1732 179 1733 1733 73 184 184 104 188 188 30 186 186 106 1735 1735 124 188 188 30 184 184 104 1736 1736 115 1735 1735 124 184 184 104 1737 1737 177 1735 1735 124 1736 1736 115 1738 1738 185 1737 1737 177 1736 1736 115 1739 1739 36 1737 1737 177 1738 1738 185 612 612 19 615 615 20 613 613 21 1740 1740 26 615 615 20 612 612 19 1741 1741 55 1740 1740 26 612 612 19 1742 1742 145 1740 1740 26 1741 1741 55 1743 1743 57 1742 1742 145 1741 1741 55 1542 1542 200 548 548 200 1541 1541 200 1744 1744 200 548 548 200 1542 1542 200 1352 1352 235 1744 1744 200 1542 1542 200 546 546 193 1744 1744 200 1352 1352 235 1353 1353 46 546 546 193 1352 1352 235 1059 1059 149 1055 1055 171 1057 1057 84 1745 1745 145 1055 1055 171 1059 1059 149 1459 1459 80 1745 1745 145 1059 1059 149 1055 1055 171 1745 1745 145 1459 1459 80 1460 1460 169 1055 1055 171 1459 1459 80 1175 1175 230 1171 1171 192 1173 1173 207 1746 1746 174 1171 1171 192 1175 1175 230 1056 1056 140 1746 1746 174 1175 1175 230 1052 1052 116 1746 1746 174 1056 1056 140 1054 1054 224 1052 1052 116 1056 1056 140 1028 1028 86 1024 1024 16 1026 1026 3 1747 1747 11 1024 1024 16 1028 1028 86 13 13 13 1747 1747 11 1028 1028 86 17 17 15 1747 1747 11 13 13 13 15 15 5 17 17 15 13 13 13 1697 1697 3 580 580 3 1698 1698 40 1748 1748 89 580 580 3 1697 1697 3 1474 1474 111 1748 1748 89 1697 1697 3 582 582 98 1748 1748 89 1474 1474 111 1476 1476 21 582 582 98 1474 1474 111 362 362 174 359 359 103 360 360 173 1749 1749 227 359 359 103 362 362 174 1501 1501 103 1749 1749 227 362 362 174 1497 1497 189 1749 1749 227 1501 1501 103 1499 1499 103 1497 1497 189 1501 1501 103 1034 1034 97 1030 1030 96 1032 1032 95 1750 1750 88 1030 1030 96 1034 1034 97 7 7 7 1750 1750 88 1034 1034 97 11 11 11 1750 1750 88 7 7 7 9 9 9 11 11 11 7 7 7 1288 1288 20 1290 1290 32 1289 1289 68 1751 1751 10 1290 1290 32 1288 1288 20 1695 1695 10 1751 1751 10 1288 1288 20 1752 1752 99 1751 1751 10 1695 1695 10 1753 1753 157 1752 1752 99 1695 1695 10 344 344 64 348 348 167 346 346 39 1754 1754 72 348 348 167 344 344 64 932 932 221 1754 1754 72 344 344 64 928 928 75 1754 1754 72 932 932 221 930 930 34 928 928 75 932 932 221 338 338 103 342 342 10 340 340 166 1755 1755 103 342 342 10 338 338 103 1756 1756 165 1755 1755 103 338 338 103 934 934 103 1755 1755 103 1756 1756 165 936 936 165 934 934 103 1756 1756 165 426 426 124 423 423 106 424 424 121 1757 1757 74 423 423 106 426 426 124 845 845 62 1757 1757 74 426 426 124 841 841 202 1757 1757 74 845 845 62 843 843 38 841 841 202 845 845 62 624 624 114 626 626 206 625 625 151 1758 1758 173 626 626 206 624 624 114 1306 1306 153 1758 1758 173 624 624 114 1302 1302 217 1758 1758 173 1306 1306 153 1304 1304 174 1302 1302 217 1306 1306 153 1153 1153 19 1119 1119 98 1151 1151 178 1759 1759 21 1119 1119 98 1153 1153 19 412 412 181 1759 1759 21 1153 1153 19 408 408 66 1759 1759 21 412 412 181 410 410 30 408 408 66 412 412 181 1159 1159 67 1155 1155 25 1157 1157 25 1760 1760 21 1155 1155 25 1159 1159 67 418 418 182 1760 1760 21 1159 1159 67 414 414 68 1760 1760 21 418 418 182 416 416 28 414 414 68 418 418 182 1389 1389 178 1393 1393 178 1391 1391 12 1761 1761 53 1393 1393 178 1389 1389 178 1115 1115 178 1761 1761 53 1389 1389 178 1113 1113 53 1761 1761 53 1115 1115 178 1114 1114 53 1113 1113 53 1115 1115 178 1603 1603 10 1188 1188 65 1602 1602 177 1762 1762 32 1188 1188 65 1603 1603 10 1392 1392 8 1762 1762 32 1603 1603 10 1186 1186 159 1762 1762 32 1392 1392 8 1394 1394 26 1186 1186 159 1392 1392 8 1017 1017 110 1021 1021 91 1019 1019 95 1763 1763 92 1021 1021 91 1017 1017 110 867 867 47 1763 1763 92 1017 1017 110 865 865 92 1763 1763 92 867 867 47 866 866 49 865 865 92 867 867 47 972 972 122 974 974 37 973 973 198 1558 1558 75 974 974 37 972 972 122 587 587 120 1558 1558 75 972 972 122 591 591 62 1558 1558 75 587 587 120 589 589 77 591 591 62 587 587 120 380 380 178 384 384 4 382 382 53 1452 1452 112 384 384 4 380 380 178 887 887 204 1452 1452 112 380 380 178 883 883 3 1452 1452 112 887 887 204 885 885 178 883 883 3 887 887 204 968 968 25 970 970 32 969 969 55 1764 1764 40 970 970 32 968 968 25 581 581 12 1764 1764 40 968 968 25 585 585 120 1764 1764 40 581 581 12 583 583 28 585 585 120 581 581 12 1525 1525 38 1529 1529 187 1527 1527 128 1765 1765 128 1529 1529 187 1525 1525 38 839 839 62 1765 1765 128 1525 1525 38 842 842 2 1765 1765 128 839 839 62 840 840 62 842 842 2 839 839 62 16 16 3 20 20 17 18 18 15 1766 1766 4 20 20 17 16 16 3 36 36 20 1766 1766 4 16 16 3 32 32 27 1766 1766 4 36 36 20 34 34 28 32 32 27 36 36 20 32 32 27 20 20 17 1766 1766 4 1767 1767 3 20 20 17 32 32 27 30 30 25 1767 1767 3 32 32 27 22 22 9 1767 1767 3 30 30 25 24 24 19 22 22 9 30 30 25 1732 1732 179 1482 1482 13 1730 1730 15 1768 1768 107 1482 1482 13 1732 1732 179 1164 1164 52 1768 1768 107 1732 1732 179 1162 1162 110 1768 1768 107 1164 1164 52 1163 1163 194 1162 1162 110 1164 1164 52 1531 1531 174 844 844 2 1769 1769 137 1770 1770 187 844 844 2 1531 1531 174 1529 1529 187 1770 1770 187 1531 1531 174 842 842 2 1770 1770 187 1529 1529 187 1765 1765 128 842 842 2 1529 1529 187 432 432 75 428 428 123 430 430 164 1771 1771 77 428 428 123 432 432 75 1772 1772 185 1771 1771 77 432 432 75 847 847 62 1771 1771 77 1772 1772 185 849 849 218 847 847 62 1772 1772 185 374 374 33 378 378 66 376 376 32 1773 1773 69 378 378 66 374 374 33 1774 1774 170 1773 1773 69 374 374 33 889 889 120 1773 1773 69 1774 1774 170 891 891 56 889 889 120 1774 1774 170 1027 1027 3 1031 1031 7 1029 1029 13 1775 1775 160 1031 1031 7 1027 1027 3 1411 1411 111 1775 1775 160 1027 1027 3 1407 1407 44 1775 1775 160 1411 1411 111 1409 1409 15 1407 1407 44 1411 1411 111 494 494 161 1036 1036 108 1038 1038 160 1776 1776 11 1036 1036 108 494 494 161 1 1 1 1776 1776 11 494 494 161 5 5 5 1776 1776 11 1 1 1 3 3 3 5 5 5 1 1 1 1333 1333 105 1335 1335 183 1334 1334 72 1777 1777 180 1335 1335 183 1333 1333 105 559 559 78 1777 1777 180 1333 1333 105 555 555 75 1777 1777 180 559 559 78 557 557 167 555 555 75 559 559 78 804 804 150 806 806 150 805 805 211 1778 1778 57 806 806 150 804 804 150 1779 1779 220 1778 1778 57 804 804 150 1780 1780 100 1778 1778 57 1779 1779 220 1781 1781 100 1780 1780 100 1779 1779 220 1011 1011 196 1015 1015 49 1013 1013 50 1782 1782 90 1015 1015 49 1011 1011 196 871 871 67 1782 1782 90 1011 1011 196 869 869 109 1782 1782 90 871 871 67 870 870 98 869 869 109 871 871 67 642 642 34 646 646 37 644 644 37 1783 1783 1 646 646 37 642 642 34 1363 1363 75 1783 1783 1 642 642 34 1359 1359 34 1783 1783 1 1363 1363 75 1361 1361 74 1359 1359 34 1363 1363 75 1681 1681 10 1668 1668 113 1682 1682 66 1784 1784 164 1668 1668 113 1681 1681 10 760 760 74 1784 1784 164 1681 1681 10 757 757 198 1784 1784 164 760 760 74 759 759 126 757 757 198 760 760 74 248 248 131 244 244 60 246 246 129 1785 1785 208 244 244 60 248 248 131 1418 1418 173 1785 1785 208 248 248 131 1414 1414 157 1785 1785 208 1418 1418 173 1416 1416 144 1414 1414 157 1418 1418 173 1582 1582 160 1428 1428 24 1580 1580 53 1786 1786 23 1428 1428 24 1582 1582 160 614 614 204 1786 1786 23 1582 1582 160 618 618 121 1786 1786 23 614 614 204 616 616 55 618 618 121 614 614 204 254 254 135 250 250 132 252 252 133 1787 1787 222 250 250 132 254 254 135 1788 1788 100 1787 1787 222 254 254 135 1420 1420 190 1787 1787 222 1788 1788 100 1422 1422 100 1420 1420 190 1788 1788 100 713 713 122 717 717 123 715 715 180 1789 1789 75 717 717 123 713 713 122 706 706 198 1789 1789 75 713 713 122 702 702 186 1789 1789 75 706 706 198 704 704 128 702 702 186 706 706 198 1661 1661 220 992 992 224 1663 1663 147 1790 1790 184 992 992 224 1661 1661 220 1791 1791 143 1790 1790 184 1661 1661 220 1792 1792 59 1790 1790 184 1791 1791 143 1793 1793 59 1792 1792 59 1791 1791 143 130 130 83 126 126 81 128 128 36 1794 1794 205 126 126 81 130 130 83 1795 1795 59 1794 1794 205 130 130 83 1791 1791 143 1794 1794 205 1795 1795 59 1793 1793 59 1791 1791 143 1795 1795 59 1100 1100 50 1096 1096 50 1098 1098 50 1796 1796 48 1096 1096 50 1100 1100 50 1107 1107 45 1796 1796 48 1100 1100 50 83 83 54 1796 1796 48 1107 1107 45 1109 1109 88 83 83 54 1107 1107 45 1655 1655 49 1647 1647 110 1656 1656 215 1797 1797 215 1647 1647 110 1655 1655 49 155 155 43 1797 1797 215 1655 1655 49 159 159 45 1797 1797 215 155 155 43 157 157 93 159 159 45 155 155 43 146 146 88 150 150 93 148 148 92 1484 1484 52 150 150 93 146 146 88 1072 1072 179 1484 1484 52 146 146 88 1070 1070 52 1484 1484 52 1072 1072 179 1071 1071 13 1070 1070 52 1072 1072 179 751 751 4 1322 1322 90 1323 1323 87 1798 1798 13 1322 1322 90 751 751 4 753 753 11 1798 1798 13 751 751 4 1569 1569 89 1798 1798 13 753 753 11 1571 1571 44 1569 1569 89 753 753 11 1566 1566 210 331 331 38 1564 1564 201 1799 1799 1 331 331 38 1566 1566 210 1339 1339 159 1799 1799 1 1566 1566 210 329 329 164 1799 1799 1 1339 1339 159 1340 1340 29 329 329 164 1339 1339 159 38 38 29 42 42 32 40 40 30 1800 1800 182 42 42 32 38 38 29 14 14 14 1800 1800 182 38 38 29 10 10 10 1800 1800 182 14 14 14 12 12 12 10 10 10 14 14 14 10 10 10 42 42 32 1800 1800 182 1801 1801 8 42 42 32 10 10 10 8 8 8 1801 1801 8 10 10 10 44 44 34 1801 1801 8 8 8 8 1802 1802 20 44 44 34 8 8 8 1342 1342 50 1346 1346 50 1344 1344 50 1803 1803 50 1346 1346 50 1342 1342 50 59 59 47 1803 1803 50 1342 1342 50 55 55 43 1803 1803 50 59 59 47 57 57 45 55 55 43 59 59 47 603 603 24 607 607 14 605 605 8 1804 1804 119 607 607 14 603 603 24 1805 1805 241 1804 1804 119 603 603 24 1741 1741 55 1804 1804 119 1805 1805 241 1743 1743 57 1741 1741 55 1805 1805 241 140 140 44 144 144 89 142 142 7 1806 1806 89 144 144 89 140 140 44 1807 1807 34 1806 1806 89 140 140 44 1074 1074 179 1806 1806 89 1807 1807 34 1076 1076 1 1074 1074 179 1807 1807 34 1267 1267 71 1269 1269 156 1268 1268 32 1808 1808 65 1269 1269 156 1267 1267 71 1809 1809 122 1808 1808 65 1267 1267 71 1810 1810 184 1808 1808 65 1809 1809 122 1811 1811 142 1810 1810 184 1809 1809 122 1570 1570 89 1378 1378 44 1568 1568 179 1812 1812 17 1378 1378 44 1570 1570 89 1813 1813 62 1812 1812 17 1570 1570 89 137 137 86 1812 1812 17 1813 1813 62 136 136 38 137 137 86 1813 1813 62 1467 1467 40 1108 1108 214 1466 1466 195 1814 1814 16 1108 1108 214 1467 1467 40 89 89 26 1814 1814 16 1467 1467 40 85 85 9 1814 1814 16 89 89 26 87 87 55 85 85 9 89 89 26 86 86 28 82 82 53 84 84 53 1134 1134 29 82 82 53 86 86 28 1815 1815 56 1134 1134 29 86 86 28 1004 1004 55 1134 1134 29 1815 1815 56 1006 1006 58 1004 1004 55 1815 1815 56 1279 1279 26 1816 1816 131 1281 1281 145 1739 1739 36 1816 1816 131 1279 1279 26 1817 1817 120 1739 1739 36 1279 1279 26 1737 1737 177 1739 1739 36 1817 1817 120 1275 1275 14 1737 1737 177 1817 1817 120 945 945 111 941 941 45 943 943 95 1818 1818 6 941 941 45 945 945 111 1493 1493 14 1818 1818 6 945 945 111 1489 1489 3 1818 1818 6 1493 1493 14 1491 1491 14 1489 1489 3 1493 1493 14 1809 1809 122 1819 1819 139 1811 1811 142 1820 1820 104 1819 1819 139 1809 1809 122 1397 1397 202 1820 1820 104 1809 1809 122 1401 1401 205 1820 1820 104 1397 1397 202 1399 1399 62 1401 1401 205 1397 1397 202 727 727 50 723 723 18 725 725 50 1821 1821 50 723 723 18 727 727 50 1103 1103 50 1821 1821 50 727 727 50 1099 1099 50 1821 1821 50 1103 1103 50 1101 1101 50 1099 1099 50 1103 1103 50 540 540 8 543 543 26 541 541 3 1717 1717 32 543 543 26 540 540 8 303 303 72 1717 1717 32 540 540 8 299 299 70 1717 1717 32 303 303 72 301 301 113 299 299 70 303 303 72 1457 1457 164 696 696 124 1456 1456 70 1822 1822 104 696 696 124 1457 1457 164 1061 1061 211 1822 1822 104 1457 1457 164 698 698 103 1822 1822 104 1061 1061 211 1063 1063 103 698 698 103 1061 1061 211 1211 1211 81 1213 1213 84 1212 1212 231 1823 1823 231 1213 1213 84 1211 1211 81 1585 1585 144 1823 1823 231 1211 1211 81 1587 1587 114 1823 1823 231 1585 1585 144 123 123 78 716 716 122 718 718 63 1257 1257 122 716 716 122 123 123 78 118 118 73 1257 1257 122 123 123 78 116 116 71 1257 1257 122 118 118 73 1824 1824 138 465 465 192 467 467 138 1825 1825 101 465 465 192 1824 1824 138 291 291 132 1825 1825 101 1824 1824 138 289 289 154 1825 1825 101 291 291 132 1229 1229 196 1231 1231 13 1230 1230 108 1826 1826 12 1231 1231 13 1229 1229 196 1623 1623 16 1826 1826 12 1229 1229 196 1625 1625 26 1826 1826 12 1623 1623 16 1489 1489 3 941 941 45 1818 1818 6 1827 1827 91 941 941 45 1489 1489 3 1200 1200 92 1827 1827 91 1489 1489 3 939 939 50 1827 1827 91 1200 1200 92 1702 1702 106 115 115 70 1700 1700 113 1828 1828 10 115 115 70 1702 1702 106 980 980 120 1828 1828 10 1702 1702 106 113 113 66 1828 1828 10 980 980 120 1662 1662 128 121 121 76 1660 1660 152 1829 1829 34 121 121 76 1662 1662 128 1701 1701 104 1829 1829 34 1662 1662 128 119 119 74 1829 1829 34 1701 1701 104 469 469 14 811 811 20 1405 1405 68 810 810 68 811 811 20 469 469 14 23 23 18 810 810 68 469 469 14 25 25 20 810 810 68 23 23 18 664 664 203 1372 1372 54 1374 1374 42 1634 1634 96 1372 1372 54 664 664 203 207 207 110 1634 1634 96 664 664 203 209 209 88 1634 1634 96 207 207 110 1503 1503 138 364 364 103 1830 1830 138 1831 1831 103 364 364 103 1503 1503 138 1501 1501 103 1831 1831 103 1503 1503 138 362 362 174 1831 1831 103 1501 1501 103 1012 1012 50 1008 1008 87 1010 1010 42 1832 1832 48 1008 1008 87 1012 1012 50 1082 1082 48 1832 1832 48 1012 1012 50 1008 1008 87 1832 1832 48 1082 1082 48 1082 1082 48 1086 1086 96 1084 1084 110 1440 1440 45 1086 1086 96 1082 1082 48 1012 1012 50 1440 1440 45 1082 1082 48 1014 1014 92 1440 1440 45 1012 1012 50 980 980 120 984 984 71 982 982 31 1833 1833 159 984 984 71 980 980 120 1702 1702 106 1833 1833 159 980 980 120 984 984 71 1833 1833 159 1702 1702 106 1369 1369 86 1373 1373 89 1371 1371 87 1834 1834 15 1373 1373 89 1369 1369 86 956 956 3 1834 1834 15 1369 1369 86 954 954 6 1834 1834 15 956 956 3 1381 1381 20 962 962 32 1380 1380 204 1835 1835 31 962 962 32 1381 1381 20 1591 1591 124 1835 1835 31 1381 1381 20 964 964 124 1835 1835 31 1591 1591 124 865 865 92 1021 1021 91 1763 1763 92 1836 1836 91 1021 1021 91 865 865 92 501 501 91 1836 1836 91 865 865 92 503 503 96 1836 1836 91 501 501 91 1497 1497 189 359 359 103 1749 1749 227 1837 1837 227 359 359 103 1497 1497 189 1169 1169 227 1837 1837 227 1497 1497 189 357 357 35 1837 1837 227 1169 1169 227 1145 1145 121 1142 1142 182 1143 1143 182 1838 1838 31 1142 1142 182 1145 1145 121 1523 1523 99 1838 1838 31 1145 1145 121 1521 1521 28 1838 1838 31 1523 1523 99 731 731 50 1345 1345 50 1347 1347 50 1628 1628 50 1345 1345 50 731 731 50 726 726 50 1628 1628 50 731 731 50 724 724 18 1628 1628 50 726 726 50 1141 1141 15 321 321 162 1140 1140 162 1839 1839 7 321 321 162 1141 1141 15 1517 1517 27 1839 1839 7 1141 1141 15 323 323 44 1839 1839 7 1517 1517 27 841 841 202 423 423 106 1757 1757 74 1840 1840 105 423 423 106 841 841 202 836 836 125 1840 1840 105 841 841 202 421 421 31 1840 1840 105 836 836 125 1517 1517 27 1521 1521 28 1519 1519 20 1841 1841 8 1521 1521 28 1517 1517 27 1141 1141 15 1841 1841 8 1517 1517 27 1142 1142 182 1841 1841 8 1141 1141 15 1609 1609 124 983 983 124 1607 1607 126 1842 1842 30 983 983 124 1609 1609 124 1220 1220 181 1842 1842 30 1609 1609 124 981 981 121 1842 1842 30 1220 1220 181 1701 1701 104 986 986 34 1703 1703 180 1843 1843 39 986 986 34 1701 1701 104 1662 1662 128 1843 1843 39 1701 1701 104 990 990 206 1843 1843 39 1662 1662 128 100 100 64 104 104 20 102 102 66 1844 1844 66 104 104 20 100 100 64 1658 1658 30 1844 1844 66 100 100 64 1262 1262 22 1844 1844 66 1658 1658 30 1220 1220 181 1222 1222 19 1221 1221 12 1845 1845 28 1222 1222 19 1220 1220 181 1609 1609 124 1845 1845 28 1220 1220 181 1611 1611 10 1845 1845 28 1609 1609 124 1041 1041 30 479 479 21 1039 1039 20 1846 1846 30 479 479 21 1041 1041 30 1395 1395 221 1846 1846 30 1041 1041 30 481 481 66 1846 1846 30 1395 1395 221 1658 1658 30 1550 1550 123 1659 1659 33 1847 1847 72 1550 1550 123 1658 1658 30 100 100 64 1847 1847 72 1658 1658 30 98 98 34 1847 1847 72 100 100 64 1302 1302 217 626 626 206 1758 1758 173 1848 1848 79 626 626 206 1302 1302 217 628 628 150 1848 1848 79 1302 1302 217 626 626 206 1848 1848 79 628 628 150 869 869 109 1015 1015 49 1782 1782 90 1849 1849 47 1015 1015 49 869 869 109 867 867 47 1849 1849 47 869 869 109 1017 1017 110 1849 1849 47 867 867 47 5 5 5 1036 1036 108 1776 1776 11 1850 1850 42 1036 1036 108 5 5 5 7 7 7 1850 1850 42 5 5 5 1034 1034 97 1850 1850 42 7 7 7 1581 1581 90 504 504 95 1583 1583 97 1851 1851 97 504 504 95 1581 1581 90 506 506 46 1851 1851 97 1581 1581 90 504 504 95 1851 1851 97 506 506 46 1853 1853 59 989 989 56 1852 1852 59 1854 1854 188 989 989 56 1853 1853 59 1608 1608 128 1854 1854 188 1853 1853 59 987 987 187 1854 1854 188 1608 1608 128 1855 1855 102 1611 1611 10 1613 1613 117 1856 1856 20 1611 1611 10 1855 1855 102 1224 1224 32 1856 1856 20 1855 1855 102 1222 1222 19 1856 1856 20 1224 1224 32 1791 1791 143 126 126 81 1794 1794 205 1857 1857 82 126 126 81 1791 1791 143 1661 1661 220 1857 1857 82 1791 1791 143 124 124 79 1857 1857 82 1661 1661 220 1398 1398 78 1043 1043 198 1858 1858 38 1859 1859 164 1043 1043 198 1398 1398 78 1395 1395 221 1859 1859 164 1398 1398 78 1041 1041 30 1859 1859 164 1395 1395 221 286 286 153 289 289 154 287 287 139 1860 1860 174 289 289 154 286 286 153 463 463 190 1860 1860 174 286 286 153 465 465 192 1860 1860 174 463 463 190 1862 1862 137 1305 1305 234 1861 1861 137 1863 1863 219 1305 1305 234 1862 1862 137 1554 1554 223 1863 1863 219 1862 1862 137 1303 1303 133 1863 1863 219 1554 1554 223 1865 1865 208 401 401 32 1864 1864 117 1866 1866 33 401 401 32 1865 1865 208 1574 1574 106 1866 1866 33 1865 1865 208 399 399 22 1866 1866 33 1574 1574 106 55 55 43 1346 1346 50 1803 1803 50 1867 1867 49 1346 1346 50 55 55 43 53 53 41 1867 1867 49 55 55 43 735 735 49 1867 1867 49 53 53 41 305 305 32 538 538 3 1331 1331 4 1868 1868 28 538 538 3 305 305 32 303 303 72 1868 1868 28 305 305 32 540 540 8 1868 1868 28 303 303 72 1870 1870 175 1427 1427 106 1869 1869 208 1871 1871 33 1427 1427 106 1870 1870 175 1533 1533 124 1871 1871 33 1870 1870 175 1425 1425 166 1871 1871 33 1533 1533 124 1569 1569 89 1322 1322 90 1798 1798 13 1872 1872 54 1322 1322 90 1569 1569 89 1376 1376 51 1872 1872 54 1569 1569 89 1320 1320 45 1872 1872 54 1376 1376 51 1113 1113 53 1393 1393 178 1761 1761 53 1873 1873 18 1393 1393 178 1113 1113 53 1111 1111 178 1873 1873 18 1113 1113 53 1182 1182 199 1873 1873 18 1111 1111 178 1741 1741 55 607 607 14 1804 1804 119 1874 1874 19 607 607 14 1741 1741 55 612 612 19 1874 1874 19 1741 1741 55 609 609 42 1874 1874 19 612 612 19 1296 1296 9 742 742 41 1294 1294 109 1875 1875 112 742 742 41 1296 1296 9 1505 1505 22 1875 1875 112 1296 1296 9 744 744 4 1875 1875 112 1505 1505 22 361 361 83 365 365 175 363 363 100 1511 1511 172 365 365 175 361 361 83 924 924 151 1511 1511 172 361 361 83 926 926 213 1511 1511 172 924 924 151 1099 1099 50 723 723 18 1821 1821 50 1876 1876 18 723 723 18 1099 1099 50 1097 1097 18 1876 1876 18 1099 1099 50 721 721 18 1876 1876 18 1097 1097 18 1737 1737 177 188 188 30 1735 1735 124 1877 1877 23 188 188 30 1737 1737 177 1275 1275 14 1877 1877 23 1737 1737 177 190 190 18 1877 1877 23 1275 1275 14 1619 1619 13 1278 1278 4 1617 1617 4 1878 1878 17 1278 1278 4 1619 1619 13 1547 1547 107 1878 1878 17 1619 1619 13 1276 1276 5 1878 1878 17 1547 1547 107 1052 1052 116 1171 1171 192 1746 1746 174 1879 1879 226 1171 1171 192 1052 1052 116 686 686 157 1879 1879 226 1052 1052 116 684 684 184 1879 1879 226 686 686 157 1547 1547 107 204 204 92 1548 1548 97 1880 1880 109 204 204 92 1547 1547 107 1619 1619 13 1880 1880 109 1547 1547 107 206 206 54 1880 1880 109 1619 1619 13 954 954 6 1373 1373 89 1834 1834 15 1881 1881 40 1373 1373 89 954 954 6 670 670 16 1881 1881 40 954 954 6 668 668 5 1881 1881 40 670 670 16 928 928 75 348 348 167 1754 1754 72 1882 1882 187 348 348 167 928 928 75 923 923 0 1882 1882 187 928 928 75 350 350 151 1882 1882 187 923 923 0 1623 1623 16 910 910 195 1621 1621 5 1883 1883 54 910 910 195 1623 1623 16 1229 1229 196 1883 1883 54 1623 1623 16 908 908 93 1883 1883 54 1229 1229 196 1074 1074 179 144 144 89 1806 1806 89 1884 1884 87 144 144 89 1074 1074 179 1072 1072 179 1884 1884 87 1074 1074 179 146 146 88 1884 1884 87 1072 1072 179 1498 1498 103 1172 1172 229 1496 1496 237 1885 1885 103 1172 1172 229 1498 1498 103 1886 1886 138 1885 1885 103 1498 1498 103 1174 1174 103 1885 1885 103 1886 1886 138 1887 1887 156 1625 1625 26 1627 1627 147 1888 1888 182 1625 1625 26 1887 1887 156 1233 1233 55 1888 1888 182 1887 1887 156 1231 1231 13 1888 1888 182 1233 1233 55 1689 1689 40 199 199 13 1690 1690 160 1889 1889 15 199 199 13 1689 1689 40 576 576 86 1889 1889 15 1689 1689 40 197 197 108 1889 1889 15 576 576 86 1407 1407 44 1031 1031 7 1775 1775 160 1890 1890 203 1031 1031 7 1407 1407 44 1033 1033 195 1890 1890 203 1407 1407 44 1031 1031 7 1890 1890 203 1033 1033 195 1506 1506 10 748 748 23 1504 1504 23 1891 1891 28 748 748 23 1506 1506 10 1892 1892 157 1891 1891 28 1506 1506 10 750 750 181 1891 1891 28 1892 1892 157 463 463 190 459 459 115 461 461 132 1354 1354 139 459 459 115 463 463 190 286 286 153 1354 1354 139 463 463 190 284 284 151 1354 1354 139 286 286 153 11 11 11 1030 1030 96 1750 1750 88 1893 1893 90 1030 1030 96 11 11 11 13 13 13 1893 1893 90 11 11 11 1028 1028 86 1893 1893 90 13 13 13 959 959 18 955 955 16 957 957 112 1894 1894 4 955 955 16 959 959 18 676 676 9 1894 1894 4 959 959 18 674 674 16 1894 1894 4 676 676 9 1045 1045 187 1043 1043 198 1044 1044 209 1858 1858 38 1043 1043 198 1045 1045 187 1400 1400 187 1858 1858 38 1045 1045 187 1398 1398 78 1858 1858 38 1400 1400 187 1505 1505 22 1509 1509 120 1507 1507 28 1895 1895 29 1509 1509 120 1505 1505 22 1296 1296 9 1895 1895 29 1505 1505 22 1298 1298 29 1895 1895 29 1296 1296 9 1408 1408 15 1037 1037 44 1406 1406 109 1896 1896 4 1037 1037 44 1408 1408 15 488 488 14 1896 1896 4 1408 1408 15 490 490 18 1896 1896 4 488 488 14 488 488 14 484 484 18 486 486 182 1897 1897 9 484 484 18 488 488 14 1408 1408 15 1897 1897 9 488 488 14 1410 1410 160 1897 1897 9 1408 1408 15 584 584 68 588 588 72 586 586 70 1898 1898 199 588 588 72 584 584 68 1475 1475 12 1898 1898 199 584 584 68 681 681 29 1898 1898 199 1475 1475 12 585 585 120 970 970 32 1764 1764 40 1899 1899 71 970 970 32 585 585 120 587 587 120 1899 1899 71 585 585 120 972 972 122 1899 1899 71 587 587 120 177 177 64 1298 1298 29 1300 1300 199 1900 1900 69 1298 1298 29 177 177 64 179 179 100 1900 1900 69 177 177 64 1509 1509 120 1900 1900 69 179 179 100 1410 1410 160 484 484 18 1897 1897 9 1901 1901 16 484 484 18 1410 1410 160 1090 1090 16 1901 1901 16 1410 1410 160 482 482 193 1901 1901 16 1090 1090 16 965 965 74 961 961 69 963 963 71 1902 1902 72 961 961 69 965 965 74 680 680 113 1902 1902 72 965 965 74 678 678 55 1902 1902 72 680 680 113 678 678 55 961 961 69 1902 1902 72 1903 1903 8 961 961 69 678 678 55 676 676 9 1903 1903 8 678 678 55 959 959 18 1903 1903 8 676 676 9 680 680 113 590 590 1 682 682 164 1904 1904 126 590 590 1 680 680 113 965 965 74 1904 1904 126 680 680 113 594 594 202 1904 1904 126 965 965 74 1906 1906 60 916 916 112 1905 1905 129 1907 1907 163 916 916 112 1906 1906 60 1622 1622 112 1907 1907 163 1906 1906 60 914 914 11 1907 1907 163 1622 1622 112 1908 1908 137 1587 1587 114 1589 1589 137 1909 1909 143 1587 1587 114 1908 1908 137 1215 1215 143 1909 1909 143 1908 1908 137 1213 1213 84 1909 1909 143 1215 1215 143 924 924 151 354 354 156 922 922 80 1910 1910 149 354 354 156 924 924 151 361 361 83 1910 1910 149 924 924 151 356 356 172 1910 1910 149 361 361 83 1575 1575 32 395 395 18 1573 1573 32 1911 1911 98 395 395 18 1575 1575 32 1180 1180 181 1911 1911 98 1575 1575 32 393 393 11 1911 1911 98 1180 1180 181 1180 1180 181 1183 1183 183 1181 1181 66 1912 1912 177 1183 1183 183 1180 1180 181 1575 1575 32 1912 1912 177 1180 1180 181 1577 1577 71 1912 1912 177 1575 1575 32 934 934 103 342 342 10 1755 1755 103 1913 1913 166 342 342 10 934 934 103 932 932 221 1913 1913 166 934 934 103 344 344 64 1913 1913 166 932 932 221 847 847 62 428 428 123 1771 1771 77 1914 1914 78 428 428 123 847 847 62 845 845 62 1914 1914 78 847 847 62 426 426 124 1914 1914 78 845 845 62 889 889 120 378 378 66 1773 1773 69 1915 1915 182 378 378 66 889 889 120 887 887 204 1915 1915 182 889 889 120 380 380 178 1915 1915 182 887 887 204 1916 1916 225 1577 1577 71 1579 1579 158 1917 1917 122 1577 1577 71 1916 1916 225 1185 1185 180 1917 1917 122 1916 1916 225 1183 1183 183 1917 1917 122 1185 1185 180 414 414 68 1155 1155 25 1760 1760 21 1918 1918 14 1155 1155 25 414 414 68 412 412 181 1918 1918 14 414 414 68 1153 1153 19 1918 1918 14 412 412 181 894 894 187 652 652 211 892 892 128 1919 1919 211 652 652 211 894 894 187 654 654 56 1919 1919 211 894 894 187 652 652 211 1919 1919 211 654 654 56 1360 1360 104 897 897 1 1358 1358 76 1920 1920 198 897 897 1 1360 1360 104 899 899 75 1920 1920 198 1360 1360 104 897 897 1 1920 1920 198 899 899 75 1639 1639 186 645 645 38 1637 1637 201 1921 1921 38 645 645 38 1639 1639 186 1678 1678 210 1921 1921 38 1639 1639 186 643 643 209 1921 1921 38 1678 1678 210 899 899 75 903 903 123 901 901 209 1922 1922 221 903 903 123 899 899 75 1360 1360 104 1922 1922 221 899 899 75 1362 1362 33 1922 1922 221 1360 1360 104 1362 1362 33 903 903 123 1922 1922 221 1923 1923 183 903 903 123 1362 1362 33 767 767 177 1923 1923 183 1362 1362 33 769 769 122 1923 1923 183 767 767 177 555 555 75 1335 1335 183 1777 1777 180 1924 1924 122 1335 1335 183 555 555 75 553 553 75 1924 1924 122 555 555 75 1315 1315 71 1924 1924 122 553 553 75 1585 1585 144 1386 1386 83 1584 1584 114 1925 1925 144 1386 1386 83 1585 1585 144 1211 1211 81 1925 1925 144 1585 1585 144 1209 1209 152 1925 1925 144 1211 1211 81 1359 1359 34 646 646 37 1783 1783 1 1926 1926 39 646 646 37 1359 1359 34 893 893 209 1926 1926 39 1359 1359 34 648 648 127 1926 1926 39 893 893 209 1495 1495 147 947 947 55 1927 1927 156 1928 1928 68 947 947 55 1495 1495 147 1493 1493 14 1928 1928 68 1495 1495 147 945 945 111 1928 1928 68 1493 1493 14 91 91 58 1469 1469 161 1929 1929 186 1930 1930 204 1469 1469 161 91 91 58 89 89 26 1930 1930 204 91 91 58 1467 1467 40 1930 1930 204 89 89 26 1415 1415 85 802 802 211 1413 1413 150 1931 1931 56 802 802 211 1415 1415 85 1779 1779 220 1931 1931 56 1415 1415 85 804 804 150 1931 1931 56 1779 1779 220 1414 1414 157 244 244 60 1785 1785 208 1932 1932 130 244 244 60 1414 1414 157 800 800 128 1932 1932 130 1414 1414 157 242 242 38 1932 1932 130 800 800 128 247 247 130 251 251 131 249 249 116 1933 1933 186 251 251 131 247 247 130 1678 1678 210 1933 1933 186 247 247 130 1639 1639 186 1933 1933 186 1678 1678 210 1675 1675 105 764 764 64 1673 1673 71 1934 1934 221 764 764 64 1675 1675 105 1935 1935 35 1934 1934 221 1675 1675 105 766 766 71 1934 1934 221 1935 1935 35 1937 1937 84 1314 1314 123 1936 1936 231 1938 1938 73 1314 1314 123 1937 1937 84 1598 1598 183 1938 1938 73 1937 1937 84 1312 1312 106 1938 1938 73 1598 1598 183 1779 1779 220 1939 1939 100 1781 1781 100 1940 1940 226 1939 1939 100 1779 1779 220 1415 1415 85 1940 1940 226 1779 1779 220 1417 1417 205 1940 1940 226 1415 1415 85 1420 1420 190 250 250 132 1787 1787 222 1941 1941 154 250 250 132 1420 1420 190 1418 1418 173 1941 1941 154 1420 1420 190 248 248 131 1941 1941 154 1418 1418 173 1943 1943 100 657 657 148 1942 1942 100 1944 1944 232 657 657 148 1943 1943 100 1671 1671 59 1944 1944 232 1943 1943 100 655 655 165 1944 1944 232 1671 1671 59 1490 1490 98 1202 1202 6 1488 1488 40 1945 1945 14 1202 1202 6 1490 1490 98 1946 1946 79 1945 1945 14 1490 1490 98 1204 1204 14 1945 1945 14 1946 1946 79 702 702 186 717 717 123 1789 1789 75 1947 1947 168 717 717 123 702 702 186 129 129 82 1947 1947 168 702 702 186 127 127 79 1947 1947 168 129 129 82 1948 1948 41 1349 1349 88 535 535 179 542 542 41 1349 1349 88 1948 1948 41 537 537 7 542 542 41 1948 1948 41 1949 1949 200 1352 1352 235 1542 1542 200 1350 1350 203 1352 1352 235 1949 1949 200 1544 1544 9 1350 1350 203 1949 1949 200 1950 1950 130 440 440 140 442 442 186 1325 1325 211 440 440 140 1950 1950 130 447 447 188 1325 1325 211 1950 1950 130 1951 1951 3 309 309 25 1329 1329 11 311 311 40 309 309 25 1951 1951 3 1329 1329 11 311 311 40 1951 1951 3 1952 1952 160 1337 1337 4 318 318 160 325 325 67 1337 1337 4 1952 1952 160 320 320 44 325 325 67 1952 1952 160 1953 1953 106 1339 1339 159 1566 1566 210 1238 1238 19 1339 1339 159 1953 1953 106 1240 1240 71 1238 1238 19 1953 1953 106 1185 1185 180 1189 1189 225 1187 1187 183 1954 1954 226 1189 1189 225 1185 1185 180 1916 1916 225 1954 1954 226 1185 1185 180 860 860 180 1050 1050 209 858 858 126 1955 1955 134 1050 1050 209 860 860 180 1956 1956 35 1955 1955 134 860 860 180 1644 1644 2 1400 1400 187 1645 1645 129 1402 1402 128 1400 1400 187 1644 1644 2 1957 1957 136 1402 1402 128 1644 1644 2 1958 1958 140 622 622 205 1308 1308 100 624 624 114 622 622 205 1958 1958 140 1306 1306 153 624 624 114 1958 1958 140 1533 1533 124 1535 1535 165 1534 1534 71 1959 1959 242 1535 1535 165 1533 1533 124 1870 1870 175 1959 1959 242 1533 1533 124 528 528 44 532 532 15 530 530 13 1328 1328 11 532 532 15 528 528 44 315 315 11 1328 1328 11 528 528 44 41 41 31 822 822 69 39 39 10 1960 1960 176 822 822 69 41 41 31 1961 1961 84 1960 1960 176 41 41 31 1962 1962 13 528 528 44 526 526 88 315 315 11 528 528 44 1962 1962 13 317 317 15 315 315 11 1962 1962 13 1592 1592 38 596 596 62 1590 1590 104 598 598 201 596 596 62 1592 1592 38 1963 1963 223 598 598 201 1592 1592 38 1166 1166 13 1168 1168 201 1167 1167 4 1964 1964 34 1168 1168 201 1166 1166 13 1734 1734 123 1964 1964 34 1166 1166 13 1554 1554 223 1556 1556 137 1555 1555 239 1965 1965 190 1556 1556 137 1554 1554 223 1862 1862 137 1965 1965 190 1554 1554 223 1966 1966 187 1059 1059 149 1061 1061 211 1459 1459 80 1059 1059 149 1966 1966 187 1457 1457 164 1459 1459 80 1966 1966 187 1967 1967 152 1384 1384 130 281 281 147 288 288 153 1384 1384 130 1967 1967 152 283 283 60 288 288 153 1967 1967 152 1722 1722 3 1968 1968 79 1723 1723 112 1969 1969 187 1968 1968 79 1722 1722 3 1284 1284 201 1969 1969 187 1722 1722 3 1174 1174 103 1178 1178 138 1176 1176 103 1970 1970 138 1178 1178 138 1174 1174 103 1886 1886 138 1970 1970 138 1174 1174 103 1971 1971 174 262 262 100 260 260 137 439 439 165 262 262 100 1971 1971 174 1614 1614 153 439 439 165 1971 1971 174 1972 1972 196 1424 1424 25 508 508 109 1581 1581 90 1424 1424 25 1972 1972 196 506 506 46 1581 1581 90 1972 1972 196 1973 1973 14 1009 1009 67 873 873 10 1011 1011 196 1009 1009 67 1973 1973 14 871 871 67 1011 1011 196 1973 1973 14 1974 1974 89 498 498 42 614 614 204 500 500 91 498 498 42 1974 1974 89 1582 1582 160 500 500 91 1974 1974 89 1598 1598 183 1600 1600 117 1599 1599 31 1975 1975 82 1600 1600 117 1598 1598 183 1937 1937 84 1975 1975 82 1598 1598 183 1417 1417 205 1939 1939 100 1940 1940 226 1976 1976 100 1939 1939 100 1417 1417 205 1421 1421 100 1976 1976 100 1417 1417 205 1977 1977 8 1159 1159 67 425 425 68 418 418 182 1159 1159 67 1977 1977 8 420 420 26 418 418 182 1977 1977 8 1671 1671 59 259 259 100 1672 1672 219 1978 1978 100 259 259 100 1671 1671 59 1943 1943 100 1978 1978 100 1671 1671 59 1979 1979 111 1251 1251 3 1249 1249 163 1697 1697 3 1251 1251 3 1979 1979 111 1474 1474 111 1697 1697 3 1979 1979 111 1980 1980 104 642 642 34 640 640 73 1363 1363 75 642 642 34 1980 1980 104 763 763 166 1363 1363 75 1980 1980 104 1608 1608 128 1612 1612 144 1610 1610 74 1981 1981 155 1612 1612 144 1608 1608 128 1853 1853 59 1981 1981 155 1608 1608 128 1982 1982 71 1681 1681 10 1674 1674 71 760 760 74 1681 1681 10 1982 1982 71 761 761 64 760 760 74 1982 1982 71 1224 1224 32 1226 1226 114 1225 1225 125 1983 1983 224 1226 1226 114 1224 1224 32 1855 1855 102 1983 1983 224 1224 1224 32 1984 1984 204 1390 1390 53 1392 1392 8 1605 1605 20 1390 1390 53 1984 1984 204 1603 1603 10 1605 1605 20 1984 1984 204 1985 1985 77 839 839 62 1525 1525 38 837 837 113 839 839 62 1985 1985 77 1192 1192 123 837 837 113 1985 1985 77 1684 1684 145 135 135 59 1685 1685 170 1986 1986 59 135 135 59 1684 1684 145 92 92 59 1986 1986 59 1684 1684 145 1987 1987 188 94 94 60 92 92 59 1551 1551 211 94 94 60 1987 1987 188 1684 1684 145 1551 1551 211 1987 1987 188 1988 1988 164 706 706 198 713 713 122 708 708 113 706 706 198 1988 1988 164 713 713 122 708 708 113 1988 1988 164 1989 1989 87 1732 1732 179 1734 1734 123 1164 1164 52 1732 1732 179 1989 1989 87 1166 1166 13 1164 1164 52 1989 1989 87 1990 1990 73 1333 1333 105 566 566 63 559 559 78 1333 1333 105 1990 1990 73 561 561 75 559 559 78 1990 1990 73 79 79 50 83 83 54 81 81 52 1796 1796 48 83 83 54 79 79 50 1096 1096 50 1796 1796 48 79 79 50 1204 1204 14 1206 1206 127 1205 1205 9 1991 1991 129 1206 1206 127 1204 1204 14 1946 1946 79 1991 1991 129 1204 1204 14 1992 1992 43 1107 1107 45 1100 1100 50 1102 1102 49 1107 1107 45 1992 1992 43 1100 1100 50 1102 1102 49 1992 1992 43 1614 1614 153 1616 1616 137 1615 1615 153 1993 1993 137 1616 1616 137 1614 1614 153 260 260 137 1993 1993 137 1614 1614 153 1994 1994 16 1025 1025 4 1092 1092 163 1027 1027 3 1025 1025 4 1994 1994 16 1411 1411 111 1027 1027 3 1994 1994 16 1995 1995 21 1403 1403 26 1040 1040 55 473 473 14 1403 1403 26 1995 1995 21 475 475 19 473 473 14 1995 1995 21 1233 1233 55 1235 1235 118 1234 1234 199 1996 1996 156 1235 1235 118 1233 1233 55 1887 1887 156 1996 1996 156 1233 1233 55 1997 1997 40 1687 1687 3 578 578 6 1689 1689 40 1687 1687 3 1997 1997 40 576 576 86 1689 1689 40 1997 1997 40 750 750 181 754 754 129 752 752 112 1998 1998 206 754 754 129 750 750 181 1892 1892 157 1998 1998 206 750 750 181 1999 1999 50 59 59 47 1342 1342 50 61 61 18 59 59 47 1999 1999 50 1342 1342 50 61 61 18 1999 1999 50 766 766 71 770 770 82 768 768 72 2000 2000 116 770 770 82 766 766 71 1935 1935 35 2000 2000 116 766 766 71 291 291 132 295 295 155 293 293 133 2001 2001 190 295 295 155 291 291 132 1824 1824 138 2001 2001 190 291 291 132 1622 1622 112 1626 1626 102 1624 1624 67 2002 2002 130 1626 1626 102 1622 1622 112 1906 1906 60 2002 2002 130 1622 1622 112 2003 2003 178 1152 1152 27 1117 1117 25 1389 1389 178 1152 1152 27 2003 2003 178 1115 1115 178 1389 1389 178 2003 2003 178 2004 2004 214 1122 1122 110 745 745 162 1319 1319 46 1122 1122 110 2004 2004 214 747 747 40 1319 1319 46 2004 2004 214 2005 2005 50 1655 1655 49 1650 1650 50 155 155 43 1655 1655 49 2005 2005 50 153 153 50 155 155 43 2005 2005 50 2006 2006 9 958 958 98 956 956 3 1367 1367 193 958 958 98 2006 2006 9 1369 1369 86 1367 1367 193 2006 2006 9 2007 2007 163 1284 1284 201 1722 1722 3 1282 1282 12 1284 1284 201 2007 2007 163 1618 1618 6 1282 1282 12 2007 2007 163 2008 2008 204 36 36 20 16 16 3 38 38 29 36 36 20 2008 2008 204 14 14 14 38 38 29 2008 2008 204 2009 2009 74 1267 1267 71 1265 1265 113 1809 1809 122 1267 1267 71 2009 2009 74 1397 1397 202 1809 1809 122 2009 2009 74 1780 1780 100 806 806 150 1778 1778 57 2010 2010 100 806 806 150 1780 1780 100 2011 2011 100 254 254 135 256 256 100 1788 1788 100 254 254 135 2011 2011 100 2012 2012 171 1574 1574 106 1865 1865 208 1578 1578 117 1574 1574 106 2012 2012 171 41 41 31 45 45 35 1961 1961 84 43 43 33 45 45 35 41 41 31 950 950 28 1005 1005 56 952 952 134 1003 1003 28 1005 1005 56 950 950 28 2014 181 220 977 977 222 2013 180 59 975 975 0 977 977 222 2014 181 220 184 184 104 2015 2013 134 1736 1736 115 182 182 103 2015 2013 134 184 184 104 579 579 111 968 968 25 577 577 6 581 581 12 968 968 25 579 579 111 2016 2014 176 1675 1675 105 222 222 116 1935 1935 35 1675 1675 105 2016 2014 176 572 572 72 574 574 33 573 573 124 1336 1336 70 574 574 33 572 572 72 848 848 139 844 844 2 846 846 210 1769 1769 137 844 844 2 848 848 139 679 679 182 1472 1472 53 677 677 112 681 681 29 1472 1472 53 679 679 182 470 470 53 19 19 16 468 468 178 1094 1094 163 19 19 16 470 470 53 955 955 16 674 674 16 953 953 163 1894 1894 4 674 674 16 955 955 16 1498 1498 103 2017 2015 223 1886 1886 138 1500 1500 138 2017 2015 223 1498 1498 103 1472 1472 53 1475 1475 12 1473 1473 112 681 681 29 1475 1475 12 1472 1472 53 228 228 29 224 224 69 1680 1680 24 226 226 119 224 224 69 228 228 29 1317 1317 231 1314 1314 123 1316 1316 73 1936 1936 231 1314 1314 123 1317 1317 231 1433 1433 183 1431 1431 168 1458 1458 38 1432 1432 39 1431 1431 168 1433 1433 183 594 594 202 590 590 1 1904 1904 126 592 592 76 590 590 1 594 594 202 1518 1518 204 2018 2016 206 1712 1712 82 1520 1520 147 2018 2016 206 1518 1518 204 2019 2017 142 1565 1565 2 1563 1563 141 1715 1715 175 1565 1565 2 2019 2017 142 1275 1275 14 1279 1279 26 1277 1277 53 1817 1817 120 1279 1279 26 1275 1275 14 661 661 100 657 657 148 659 659 170 1942 1942 100 657 657 148 661 661 100 2021 597 117 1963 1963 223 2020 1562 219 598 598 201 1963 1963 223 2021 597 117 1669 1669 123 757 757 198 241 241 34 1668 1668 113 757 757 198 1669 1669 123 1592 1592 38 2022 2018 59 1963 1963 223 1594 1594 154 2022 2018 59 1592 1592 38 597 597 146 593 593 128 595 595 167 1560 1560 152 593 593 128 597 597 146 2024 1595 134 221 221 100 2023 1596 140 1728 1728 10 221 221 100 2024 1595 134 534 534 15 538 538 3 536 536 15 1331 1331 4 538 538 3 534 534 15 2025 1 187 1273 1273 188 0 0 0 495 495 18 1273 1273 188 2025 1 187 1471 1471 127 1469 1469 161 1470 1470 3 1929 1929 186 1469 1469 161 1471 1471 127 1490 1490 98 2026 2019 151 1946 1946 79 1492 1492 80 2026 2019 151 1490 1490 98 26 26 21 30 30 25 28 28 23 24 24 19 30 30 25 26 26 21 2027 2020 59 130 130 83 132 132 59 1795 1795 59 130 130 83 2027 2020 59 476 476 9 472 472 12 474 474 27 1093 1093 9 472 472 12 476 476 9 812 812 66 852 852 119 811 811 20 813 813 72 852 852 119 812 812 66 1148 1148 200 1144 1144 23 1543 1543 200 1146 1146 166 1144 1144 23 1148 1148 200 2028 2021 116 1145 1145 121 1147 1147 131 1523 1523 99 1145 1145 121 2028 2021 116 711 711 177 1260 1260 30 1657 1657 32 712 712 106 1260 1260 30 711 711 177 1587 1587 114 1213 1213 84 1823 1823 231 1909 1909 143 1213 1213 84 1587 1587 114 2029 2022 137 1215 1215 143 1908 1908 137 1217 1217 137 1215 1215 143 2029 2022 137 1450 1450 45 1448 1448 42 1468 1468 13 1449 1449 194 1448 1448 42 1450 1450 45 1309 1309 137 1305 1305 234 1307 1307 133 1861 1861 137 1305 1305 234 1309 1309 137 1142 1142 182 1521 1521 28 1841 1841 8 1838 1838 31 1521 1521 28 1142 1142 182 992 992 224 1792 1792 59 994 994 59 1790 1790 184 1792 1792 59 992 992 224 1058 1058 185 1062 1062 103 1060 1060 224 1539 1539 103 1062 1062 103 1058 1058 185 435 435 106 431 431 183 1604 1604 166 433 433 73 431 431 183 435 435 106 2030 2023 35 432 432 75 434 434 184 1772 1772 185 432 432 75 2030 2023 35 986 986 34 990 990 206 988 988 211 1843 1843 39 990 990 206 986 986 34 2031 2024 153 1526 1526 62 1528 1528 137 1726 1726 83 1526 1526 62 2031 2024 153 405 405 56 401 401 32 403 403 28 1864 1864 117 401 401 32 405 405 56 860 860 180 862 862 212 1956 1956 35 861 861 33 862 862 212 860 860 180 1550 1550 123 98 98 34 1552 1552 127 1847 1847 72 98 98 34 1550 1550 123 1742 1742 145 615 615 20 1740 1740 26 2032 2025 57 615 615 20 1742 1742 145 993 993 59 989 989 56 991 991 213 1852 1852 59 989 989 56 993 993 59 1480 1480 40 2033 2026 202 1731 1731 198 1478 1478 210 2033 2026 202 1480 1480 40 465 465 192 289 289 154 1860 1860 174 1825 1825 101 289 289 154 465 465 192 1752 1752 99 1290 1290 32 1751 1751 10 2034 2027 225 1290 1290 32 1752 1752 99 1611 1611 10 1222 1222 19 1845 1845 28 1856 1856 20 1222 1222 19 1611 1611 10 890 890 219 886 886 19 888 888 182 1477 1477 101 886 886 19 890 890 219 335 335 103 699 699 165 334 334 165 697 697 103 699 699 165 335 335 103 2035 2028 201 4 4 4 2 2 2 2036 2029 220 4 4 4 2035 2028 201 2038 1269 208 1810 1810 184 2037 2030 82 1808 1808 65 1810 1810 184 2038 1269 208 1577 1577 71 1183 1183 183 1912 1912 177 1917 1917 122 1183 1183 183 1577 1577 71 877 877 108 881 881 179 879 879 203 1454 1454 17 881 881 179 877 877 108 944 944 95 948 948 9 946 946 163 999 999 51 948 948 9 944 944 95 951 951 138 947 947 55 949 949 28 1927 1927 156 947 947 55 951 951 138 2039 2031 158 603 603 24 601 601 99 1805 1805 241 603 603 24 2039 2031 158 86 86 28 2040 2032 56 1815 1815 56 88 88 56 2040 2032 56 86 86 28 1708 1708 46 1295 1295 203 738 738 195 1632 1632 107 1295 1295 203 1708 1708 46 2042 216 156 1968 1968 79 2041 2033 57 1723 1723 112 1968 1968 79 2042 216 156 368 368 81 364 364 103 366 366 103 1830 1830 138 364 364 103 368 368 81 2044 1401 115 1957 1957 136 2043 2034 132 1402 1402 128 1957 1957 136 2044 1401 115 1819 1819 139 1401 1401 205 2045 2034 190 1820 1820 104 1401 1401 205 1819 1819 139 1451 1451 50 727 727 50 729 729 50 1103 1103 50 727 727 50 1451 1451 50 2046 1049 192 1955 1955 134 1641 1641 240 1050 1050 209 1955 1955 134 2046 1049 192 1644 1644 2 2047 2035 103 1957 1957 136 1642 1642 240 2047 2035 103 1644 1644 2 913 913 214 917 917 11 915 915 5 1069 1069 214 917 917 11 913 913 214 2048 2036 39 140 140 44 138 138 38 1807 1807 34 140 140 44 2048 2036 39 1049 1049 134 1047 1047 201 1048 1048 187 1643 1643 174 1047 1047 201 1049 1049 134 2049 2037 1 1570 1570 89 1572 1572 34 1813 1813 62 1570 1570 89 2049 2037 1 789 789 97 1443 1443 96 1444 1444 96 1724 1724 195 1443 1443 96 789 789 97 824 824 181 828 828 90 826 826 108 1435 1435 161 828 828 90 824 824 181 1625 1625 26 1231 1231 13 1826 1826 12 1888 1888 182 1231 1231 13 1625 1625 26 919 919 6 1075 1075 225 921 921 220 1073 1073 15 1075 1075 225 919 919 6 2051 821 79 1960 1960 176 2050 863 226 822 822 69 1960 1960 176 2051 821 79 797 797 74 1436 1436 31 1437 1437 124 1694 1694 37 1436 1436 31 797 797 74 1506 1506 10 2052 2038 243 1892 1892 157 1508 1508 99 2052 2038 243 1506 1506 10 2053 2039 165 338 338 103 336 336 165 1756 1756 165 338 338 103 2053 2039 165 600 600 120 874 874 116 2054 599 170 872 872 24 874 874 116 600 600 120 1298 1298 29 1509 1509 120 1895 1895 29 1900 1900 69 1509 1509 120 1298 1298 29 2056 44 130 2036 2029 220 2055 46 231 1802 1802 20 2036 2029 220 2056 44 130 920 920 140 916 916 112 918 918 4 1905 1905 129 916 916 112 920 920 140 905 905 81 902 902 167 904 904 198 1461 1461 185 902 902 167 905 905 81 159 159 45 1647 1647 110 1797 1797 215 1648 1648 95 1647 1647 110 159 159 45 1125 1125 43 1129 1129 50 1654 1654 50 1127 1127 43 1129 1129 50 1125 1125 43 1066 1066 49 1068 1068 50 1067 1067 50 1486 1486 49 1068 1068 50 1066 1066 49 1802 1802 20 4 4 4 2036 2029 220 8 8 8 4 4 4 1802 1802 20 239 239 73 569 569 126 571 571 74 240 240 126 569 569 126 239 239 73 996 996 18 998 998 50 997 997 50 1138 1138 18 998 998 50 996 996 18 2057 2040 131 374 374 33 372 372 176 1774 1774 170 374 374 33 2057 2040 131 620 620 170 1427 1427 106 1429 1429 32 1869 1869 208 1427 1427 106 620 620 170 1588 1588 137 294 294 133 296 296 137 1586 1586 153 294 294 133 1588 1588 137 1000 1000 97 1002 1002 193 1001 1001 53 1136 1136 195 1002 1002 193 1000 1000 97 274 274 145 278 278 148 276 276 57 277 277 147 1210 1210 79 275 275 146 274 274 145 272 272 80 1327 1327 57 450 450 149 448 448 156 627 627 57 280 280 57 284 284 151 282 282 150 283 283 60 1967 1967 152 281 281 147 260 260 137 1614 1614 153 1971 1971 174 447 447 188 1950 1950 130 442 442 186 1306 1306 153 1958 1958 140 1308 1308 100 1177 1177 103 1540 1540 238 1175 1175 230 1177 1177 103 1179 1179 138 1538 1538 138 696 696 124 1822 1822 104 698 698 103 339 339 113 335 335 103 337 337 103 345 345 76 341 341 31 343 343 30 375 375 177 377 377 8 1120 1120 55 348 348 167 1882 1882 187 350 350 151 1119 1119 98 1759 1759 21 408 408 66 929 929 152 926 926 213 927 927 187 351 351 58 347 347 152 349 349 168 1156 1156 178 1699 1699 178 1158 1158 27 688 688 146 1430 1430 206 690 690 201 387 387 9 389 389 5 1112 1112 9 357 357 35 359 359 103 1837 1837 227 1705 1705 51 774 774 214 1710 1710 110 782 782 45 1165 1165 41 784 784 179 404 404 98 786 786 160 784 784 179 396 396 13 1704 1704 41 398 398 16 1171 1171 192 1879 1879 226 684 684 184 345 345 76 347 347 152 689 689 186 423 423 106 1840 1840 105 421 421 31 390 390 17 1455 1455 87 392 392 7 1393 1393 178 1873 1873 18 1182 1182 199 1188 1188 65 1762 1762 32 1186 1186 159 271 271 144 1214 1214 231 269 269 142 381 381 178 383 383 12 1116 1116 161 521 521 198 523 523 115 796 796 63 825 825 7 793 793 68 823 823 23 429 429 30 1160 1160 14 1158 1158 27 339 339 113 341 341 31 693 693 65 1061 1061 211 1457 1457 164 1966 1966 187 825 825 7 827 827 51 832 832 52 354 354 156 1910 1910 149 356 356 172 1196 1196 75 1194 1194 198 1725 1725 77 411 411 70 413 413 28 415 415 69 417 417 120 1191 1191 33 415 415 69 518 518 183 1536 1536 165 520 520 197 521 521 198 517 517 33 519 519 164 399 399 22 401 401 32 1866 1866 33 515 515 27 517 517 33 792 792 14 1705 1705 51 785 785 109 1706 1706 44 402 402 161 400 400 26 398 398 16 777 777 51 1161 1161 91 779 779 215 1083 1083 203 1085 1085 96 1287 1287 87 351 351 58 353 353 170 685 685 170 1079 1079 30 1077 1077 226 1078 1078 30 342 342 10 1913 1913 166 344 344 64 878 878 52 880 880 107 1483 1483 54 1482 1482 13 1768 1768 107 1162 1162 110 884 884 111 886 886 19 1479 1479 112 884 884 111 880 880 107 882 882 44 782 782 45 780 780 48 779 779 215 1086 1086 96 1441 1441 46 1088 1088 46 393 393 11 395 395 18 1911 1911 98 411 411 70 1195 1195 123 409 409 180 381 381 178 377 377 8 379 379 25 1018 1018 91 1020 1020 96 1442 1442 96 1574 1574 106 1578 1578 117 1576 1576 70 1196 1196 75 1198 1198 36 1197 1197 104 371 371 123 407 407 72 409 409 180 610 610 49 497 497 194 864 864 110 842 842 2 844 844 2 1770 1770 187 935 935 165 931 931 103 933 933 103 604 604 21 600 600 120 602 602 120 428 428 123 1914 1914 78 426 426 124 1514 1514 116 369 369 116 367 367 103 604 604 21 606 606 41 868 868 41 378 378 66 1915 1915 182 380 380 178 787 787 96 1020 1020 96 1022 1022 91 1021 1021 91 1836 1836 91 503 503 96 509 509 46 511 511 196 788 788 46 390 390 17 388 388 40 386 386 6 515 515 27 511 511 196 513 513 161 1153 1153 19 1155 1155 25 1918 1918 14 384 384 4 1453 1453 40 386 386 6 387 387 9 383 383 12 385 385 4 512 512 27 1532 1532 31 514 514 31 1115 1115 178 2003 2003 178 1117 1117 25 518 518 183 516 516 166 514 514 31 425 425 68 420 420 26 1977 1977 8 1411 1411 111 1994 1994 16 1092 1092 163 791 791 107 834 834 87 833 833 52 1040 1040 55 475 475 19 1995 1995 21 1083 1083 203 1080 1080 181 1081 1081 108 578 578 6 576 576 86 1997 1997 40 610 610 49 606 606 41 608 608 203 1288 1288 20 1696 1696 199 1695 1695 10 1249 1249 163 1474 1474 111 1979 1979 111 1693 1693 103 1753 1753 157 1695 1695 10 1290 1290 32 2034 2027 225 1292 1292 148 1079 1079 30 1080 1080 181 1291 1291 166 1428 1428 24 1786 1786 23 618 618 121 643 643 209 645 645 38 1921 1921 38 1425 1425 166 1427 1427 106 1871 1871 33 615 615 20 2032 2025 57 617 617 156 903 903 123 1923 1923 183 769 769 122 607 607 14 1874 1874 19 609 609 42 1276 1276 5 1278 1278 4 1878 1878 17 200 200 88 198 198 109 196 196 88 194 194 17 1546 1546 7 196 196 88 567 567 34 569 569 126 799 799 62 70 70 18 72 72 18 74 74 18 191 191 14 193 193 17 967 967 4 204 204 92 1880 1880 109 206 206 54 556 556 186 552 552 165 554 554 39 562 562 167 564 564 202 803 803 187 197 197 108 199 199 13 1889 1889 15 1255 1255 5 1253 1253 160 1688 1688 160 723 723 18 1876 1876 18 721 721 18 667 667 160 669 669 6 671 671 111 1638 1638 208 253 253 134 1640 1640 208 673 673 4 1250 1250 16 671 671 111 900 900 130 902 902 167 1463 1463 236 1462 1462 115 662 662 100 660 660 147 900 900 130 896 896 187 898 898 39 1255 1255 5 201 201 13 1256 1256 13 227 227 120 229 229 28 231 231 10 233 233 31 1597 1597 64 231 231 10 203 203 90 663 663 109 665 665 86 945 945 111 947 947 55 1928 1928 68 185 185 105 187 187 24 971 971 70 970 970 32 1899 1899 71 972 972 122 646 646 37 1926 1926 39 648 648 127 767 767 177 1362 1362 33 1364 1364 177 588 588 72 1898 1898 199 681 681 29 1467 1467 40 1469 1469 161 1930 1930 204 961 961 69 1903 1903 8 959 959 18 1209 1209 152 1386 1386 83 1925 1925 144 1335 1335 183 1924 1924 122 1315 1315 71 191 191 14 187 187 24 189 189 20 562 562 167 558 558 201 560 560 62 188 188 30 1877 1877 23 190 190 18 1372 1372 54 1635 1635 109 1370 1370 17 802 802 211 1931 1931 56 804 804 150 929 929 152 931 931 103 1513 1513 103 964 964 124 962 962 32 1835 1835 31 244 244 60 1932 1932 130 242 242 38 210 210 87 1721 1721 40 212 212 40 251 251 131 1933 1933 186 1639 1639 186 651 651 116 1670 1670 155 1665 1665 190 1638 1638 208 649 649 186 1666 1666 131 894 894 187 896 896 187 1465 1465 146 658 658 157 656 656 212 654 654 56 213 213 111 209 209 88 211 211 87 213 213 111 215 215 112 1636 1636 86 766 766 71 764 764 64 1934 1934 221 227 227 120 1601 1601 213 225 225 118 1366 1366 16 1368 1368 40 1370 1370 17 974 974 37 1559 1559 127 976 976 130 185 185 105 181 181 102 183 183 77 1312 1312 106 1314 1314 123 1938 1938 73 806 806 150 2010 2010 100 808 808 100 556 556 186 558 558 201 807 807 168 1561 1561 219 978 978 223 976 976 130 1382 1382 181 1729 1729 120 1381 1381 20 1421 1421 100 1417 1417 205 1419 1419 100 362 362 174 364 364 103 1831 1831 103 1382 1382 181 1383 1383 161 219 219 20 250 250 132 1941 1941 154 248 248 131 1591 1591 124 1595 1595 140 1593 1593 75 257 257 136 1664 1664 155 1665 1665 190 658 658 157 1464 1464 146 660 660 147 216 216 80 214 214 6 212 212 40 216 216 80 2058 2033 169 218 218 114 655 655 165 657 657 148 1944 1944 232 639 639 77 1677 1677 62 758 758 209 484 484 18 1901 1901 16 482 482 193 1668 1668 113 1784 1784 164 757 757 198 567 567 34 564 564 202 565 565 126 1678 1678 210 247 247 130 1679 1679 128 245 245 128 756 756 209 758 758 209 481 481 66 479 479 21 1846 1846 30 763 763 166 1980 1980 104 640 640 73 27 27 22 29 29 24 814 814 65 1674 1674 71 761 761 64 1982 1982 71 815 815 164 855 855 126 813 813 72 1392 1392 8 1603 1603 10 1984 1984 204 854 854 209 851 851 183 853 853 180 1525 1525 38 1192 1192 123 1985 1985 77 20 20 17 1767 1767 3 22 22 9 561 561 75 1990 1990 73 566 566 63 33 33 24 29 29 24 31 31 26 1204 1204 14 1202 1202 6 1945 1945 14 1028 1028 86 1030 1030 96 1893 1893 90 1037 1037 44 1896 1896 4 490 490 18 1034 1034 97 1036 1036 108 1850 1850 42 487 487 119 485 485 119 1266 1266 177 487 487 119 491 491 66 489 489 20 127 127 79 717 717 123 1947 1947 168 1043 1043 198 1859 1859 164 1041 1041 30 52 52 40 1207 1207 209 50 50 39 716 716 122 1258 1258 33 714 714 106 1395 1395 221 1398 1398 78 1396 1396 63 815 815 164 816 816 33 817 817 72 112 112 32 116 116 71 114 114 69 76 76 50 78 78 50 80 80 51 939 939 50 941 941 45 1827 1827 91 1260 1260 30 712 712 106 714 714 106 112 112 32 110 110 28 1259 1259 30 109 109 68 1219 1219 204 107 107 14 106 106 26 110 110 28 108 108 68 858 858 126 856 856 209 857 857 104 854 854 209 856 856 209 1046 1046 210 115 115 70 1828 1828 10 113 113 66 39 39 10 35 35 24 37 37 29 819 819 183 859 859 122 817 817 72 121 121 76 1829 1829 34 119 119 74 33 33 24 35 35 24 818 818 177 493 493 23 1273 1273 188 495 495 18 729 729 50 730 730 50 732 732 47 1269 1269 156 2059 2030 116 1271 1271 224 493 493 23 491 491 66 1270 1270 121 981 981 121 983 983 124 1842 1842 30 819 819 183 820 820 69 821 821 167 8 8 8 6 6 6 4 4 4 103 103 67 1223 1223 55 101 101 65 42 42 32 1801 1801 8 44 44 34 104 104 20 1844 1844 66 1262 1262 22 667 667 160 1254 1254 11 665 665 86 103 103 67 105 105 14 107 107 14 705 705 210 1683 1683 188 703 703 169 580 580 3 1748 1748 89 582 582 98 668 668 5 1373 1373 89 1881 1881 40 1018 1018 91 1014 1014 92 1016 1016 110 1015 1015 49 1849 1849 47 1017 1017 110 1090 1090 16 1410 1410 160 1412 1412 111 987 987 187 989 989 56 1854 1854 188 1024 1024 16 1747 1747 11 17 17 15 97 97 62 99 99 63 101 101 65 506 506 46 1972 1972 196 508 508 109 871 871 67 1973 1973 14 873 873 10 445 445 60 443 443 143 623 623 143 614 614 204 1582 1582 160 1974 1974 89 126 126 81 1857 1857 82 124 124 79 314 314 161 1239 1239 55 312 312 25 133 133 85 701 701 213 703 703 169 97 97 62 1227 1227 233 95 95 61 328 328 105 326 326 55 1711 1711 32 92 92 59 1684 1684 145 1987 1987 188 323 323 44 321 321 162 1839 1839 7 308 308 159 310 310 19 312 312 25 1734 1734 123 1166 1166 13 1989 1989 87 58 58 46 60 60 48 62 62 49 735 735 49 1346 1346 50 1867 1867 49 531 531 13 1653 1653 7 529 529 42 1108 1108 214 1814 1814 16 85 85 9 162 162 54 1228 1228 88 164 164 95 545 545 199 543 543 26 1718 1718 30 540 540 8 538 538 3 1868 1868 28 82 82 53 1135 1135 193 80 80 51 525 525 15 527 527 41 529 529 42 76 76 50 1137 1137 50 74 74 18 445 445 60 448 448 156 446 446 150 70 70 18 1139 1139 18 68 68 18 308 308 159 1243 1243 202 306 306 75 741 741 51 1646 1646 46 739 739 46 65 65 18 1341 1341 18 1343 1343 18 1132 1132 46 1379 1379 89 141 141 87 720 720 18 67 67 18 1630 1630 18 1131 1131 49 1691 1691 93 1651 1651 50 147 147 91 143 143 88 145 145 90 58 58 46 1203 1203 6 56 56 44 168 168 44 1232 1232 14 170 170 98 52 52 40 54 54 42 56 56 44 302 302 78 1247 1247 85 300 300 158 545 545 199 549 549 80 547 547 55 168 168 44 166 166 97 164 164 95 548 548 200 1744 1744 200 546 546 193 1244 1244 126 1242 1242 76 1714 1714 37 150 150 93 1485 1485 47 152 152 50 156 156 48 1487 1487 194 158 158 94 734 734 107 1447 1447 41 732 732 47 1132 1132 46 1130 1130 50 1128 1128 48 268 268 141 266 266 140 1324 1324 140 328 328 105 332 332 143 330 330 77 1320 1320 45 1322 1322 90 1872 1872 54 331 331 38 1799 1799 1 329 329 164 1244 1244 126 1246 1246 226 1245 1245 126 744 744 4 742 742 41 1875 1875 112 73 73 18 77 77 50 75 75 18 1632 1632 107 171 171 6 1633 1633 9 302 302 78 304 304 73 306 306 75 908 908 93 910 910 195 1883 1883 54 537 537 7 1948 1948 41 535 535 179 1542 1542 200 1544 1544 9 1949 1949 200 265 265 139 1218 1218 137 263 263 137 320 320 44 1952 1952 160 318 318 160 144 144 89 1884 1884 87 146 146 88 1566 1566 210 1240 1240 71 1953 1953 106 174 174 22 1236 1236 170 176 176 99 73 73 18 71 71 18 1438 1438 18 174 174 22 172 172 68 170 170 98 1345 1345 50 1629 1629 18 1343 1343 18 64 64 18 1199 1199 50 62 62 49 720 720 18 724 724 18 722 722 18 365 365 175 1512 1512 158 367 367 103 137 137 86 1378 1378 44 1812 1812 17 1174 1174 103 1172 1172 229 1885 1885 103 634 634 207 1557 1557 137 636 636 208 462 462 189 460 460 103 635 635 207 750 750 181 748 748 23 1891 1891 28 456 456 137 460 460 103 458 458 100 630 630 174 1553 1553 238 632 632 103 456 456 137 454 454 57 631 631 154 459 459 115 1355 1355 146 457 457 58 271 271 144 273 273 58 275 275 146 268 268 141 272 272 80 270 270 143 914 914 11 916 916 112 1907 1907 163 692 692 124 691 691 198 690 690 201 161 161 95 737 737 50 739 739 46 149 149 49 1649 1649 50 1651 1651 50 634 634 207 633 633 101 632 632 103 1126 1126 215 1375 1375 215 1128 1128 48 156 156 48 154 154 50 152 152 50 462 462 189 466 466 137 464 464 191 1215 1215 143 1217 1217 137 1216 1216 232 747 747 40 2004 2004 214 745 745 162 265 265 139 267 267 141 269 269 142 1650 1650 50 153 153 50 2005 2005 50 1303 1303 133 1305 1305 234 1863 1863 219 956 956 3 1369 1369 86 2006 2006 9 450 450 149 454 454 57 452 452 148 1722 1722 3 1618 1618 6 2007 2007 163 453 453 148 1357 1357 148 451 451 148 14 14 14 2008 2008 204 16 16 3 453 453 148 455 455 169 457 457 58 1397 1397 202 2009 2009 74 1265 1265 113 280 280 57 278 278 148 1356 1356 148 526 526 88 317 317 15 1962 1962 13 2062 2043 244 2061 2042 244 2060 2041 64 2063 2044 245 2061 2042 244 2062 2043 244 2064 2045 246 2063 2044 245 2062 2043 244 2065 2046 246 2063 2044 245 2064 2045 246 2066 2047 247 2065 2046 246 2064 2045 246 2068 2050 245 2064 2049 246 2067 2048 245 2066 2051 247 2064 2049 246 2068 2050 245 2069 2052 246 2066 2051 247 2068 2050 245 2070 2053 246 2066 2051 247 2069 2052 246 2071 2056 105 2070 2055 246 2069 2054 246 2072 2057 248 2070 2055 246 2071 2056 105 2073 2058 52 2072 2057 248 2071 2056 105 2060 2059 64 2072 2057 248 2073 2058 52 2067 2062 245 2074 2061 14 2068 2060 245 2075 2063 19 2074 2061 14 2067 2062 245 2062 2064 244 2075 2063 19 2067 2062 245 2075 2067 19 2073 2066 52 2074 2065 14 2060 2068 64 2073 2066 52 2075 2067 19 2062 2069 244 2060 2068 64 2075 2067 19 2071 2072 105 2074 2071 14 2073 2070 52 2069 2073 246 2074 2071 14 2071 2072 105 2061 2074 244 2072 2057 248 2060 2059 64 2065 2075 246 2072 2057 248 2061 2074 244 2070 2055 246 2065 2075 246 2066 2076 247 2072 2057 248 2065 2075 246 2070 2055 246 2061 2042 244 2063 2044 245 2065 2046 246 2064 2045 246 2062 2043 244 2067 2077 245 2069 2073 246 2068 2078 245 2074 2071 14 2078 2043 246 2077 2042 246 2076 2041 246 2079 2044 247 2077 2042 246 2078 2043 246 2080 2045 249 2079 2044 247 2078 2043 246 2081 2046 246 2079 2044 247 2080 2045 249 2082 2047 246 2081 2046 246 2080 2045 249 2084 2050 4 2080 2049 249 2083 2048 250 2082 2051 246 2080 2049 249 2084 2050 4 2085 2052 160 2082 2051 246 2084 2050 4 2086 2053 63 2082 2051 246 2085 2052 160 2087 2056 20 2086 2055 63 2085 2054 160 2088 2057 249 2086 2055 63 2087 2056 20 2089 2058 63 2088 2057 249 2087 2056 20 2076 2059 246 2088 2057 249 2089 2058 63 2083 2062 250 2090 2061 44 2084 2060 4 2091 2063 245 2090 2061 44 2083 2062 250 2078 2064 246 2091 2063 245 2083 2062 250 2091 2067 245 2089 2066 63 2090 2065 44 2076 2068 246 2089 2066 63 2091 2067 245 2078 2069 246 2076 2068 246 2091 2067 245 2087 2072 20 2090 2071 44 2089 2070 63 2085 2073 160 2090 2071 44 2087 2072 20 2077 2074 246 2088 2057 249 2076 2059 246 2081 2075 246 2088 2057 249 2077 2074 246 2086 2055 63 2081 2075 246 2082 2076 246 2088 2057 249 2081 2075 246 2086 2055 63 2077 2042 246 2079 2044 247 2081 2046 246 2080 2045 249 2078 2043 246 2083 2077 250 2085 2073 160 2084 2078 4 2090 2071 44 2094 2043 247 2093 2042 251 2092 2041 120 2095 2044 245 2093 2042 251 2094 2043 247 2096 2045 246 2095 2044 245 2094 2043 247 2097 2046 31 2095 2044 245 2096 2045 246 2098 2047 245 2097 2046 31 2096 2045 246 2100 2050 246 2096 2049 246 2099 2048 247 2098 2051 245 2096 2049 246 2100 2050 246 2101 2052 28 2098 2051 245 2100 2050 246 2102 2053 112 2098 2051 245 2101 2052 28 2103 2056 15 2102 2055 112 2101 2054 28 2104 2057 194 2102 2055 112 2103 2056 15 2105 2058 33 2104 2057 194 2103 2056 15 2092 2059 120 2104 2057 194 2105 2058 33 2099 2062 247 2106 2061 246 2100 2060 246 2107 2063 246 2106 2061 246 2099 2062 247 2094 2064 247 2107 2063 246 2099 2062 247 2107 2067 246 2105 2066 33 2106 2065 246 2092 2068 120 2105 2066 33 2107 2067 246 2094 2069 247 2092 2068 120 2107 2067 246 2103 2072 15 2106 2071 246 2105 2070 33 2101 2073 28 2106 2071 246 2103 2072 15 2093 2074 251 2104 2057 194 2092 2059 120 2097 2075 31 2104 2057 194 2093 2074 251 2102 2055 112 2097 2075 31 2098 2076 245 2104 2057 194 2097 2075 31 2102 2055 112 2093 2042 251 2095 2044 245 2097 2046 31 2096 2045 246 2094 2043 247 2099 2077 247 2101 2073 28 2100 2078 246 2106 2071 246 2110 2043 249 2109 2042 247 2108 2041 246 2111 2044 240 2109 2042 247 2110 2043 249 2112 2045 24 2111 2044 240 2110 2043 249 2113 2046 246 2111 2044 240 2112 2045 24 2114 2047 250 2113 2046 246 2112 2045 24 2116 2050 93 2112 2049 24 2115 2048 160 2114 2051 250 2112 2049 24 2116 2050 93 2117 2052 119 2114 2051 250 2116 2050 93 2118 2053 129 2114 2051 250 2117 2052 119 2119 2056 244 2118 2055 129 2117 2054 119 2120 2057 246 2118 2055 129 2119 2056 244 2121 2058 244 2120 2057 246 2119 2056 244 2108 2059 246 2120 2057 246 2121 2058 244 2115 2062 160 2122 2061 4 2116 2060 93 2123 2063 218 2122 2061 4 2115 2062 160 2110 2064 249 2123 2063 218 2115 2062 160 2123 2067 218 2121 2066 244 2122 2065 4 2108 2068 246 2121 2066 244 2123 2067 218 2110 2069 249 2108 2068 246 2123 2067 218 2119 2072 244 2122 2071 4 2121 2070 244 2117 2073 119 2122 2071 4 2119 2072 244 2109 2074 247 2120 2057 246 2108 2059 246 2113 2075 246 2120 2057 246 2109 2074 247 2118 2055 129 2113 2075 246 2114 2076 250 2120 2057 246 2113 2075 246 2118 2055 129 2109 2042 247 2111 2044 240 2113 2046 246 2112 2045 24 2110 2043 249 2115 2077 160 2117 2073 119 2116 2078 93 2122 2071 4 2126 2043 245 2125 2042 246 2124 2041 246 2127 2044 247 2125 2042 246 2126 2043 245 2128 2045 37 2127 2044 247 2126 2043 245 2129 2046 246 2127 2044 247 2128 2045 37 2130 2047 246 2129 2046 246 2128 2045 37 2132 2050 203 2128 2049 37 2131 2048 29 2130 2051 246 2128 2049 37 2132 2050 203 2133 2052 14 2130 2051 246 2132 2050 203 2134 2053 248 2130 2051 246 2133 2052 14 2135 2056 248 2134 2055 248 2133 2054 14 2136 2057 245 2134 2055 248 2135 2056 248 2137 2058 122 2136 2057 245 2135 2056 248 2124 2059 246 2136 2057 245 2137 2058 122 2131 2062 29 2138 2061 95 2132 2060 203 2139 2063 249 2138 2061 95 2131 2062 29 2126 2064 245 2139 2063 249 2131 2062 29 2139 2067 249 2137 2066 122 2138 2065 95 2124 2068 246 2137 2066 122 2139 2067 249 2126 2069 245 2124 2068 246 2139 2067 249 2135 2072 248 2138 2071 95 2137 2070 122 2133 2073 14 2138 2071 95 2135 2072 248 2125 2074 246 2136 2057 245 2124 2059 246 2129 2075 246 2136 2057 245 2125 2074 246 2134 2055 248 2129 2075 246 2130 2076 246 2136 2057 245 2129 2075 246 2134 2055 248 2125 2042 246 2127 2044 247 2129 2046 246 2128 2045 37 2126 2043 245 2131 2077 29 2133 2073 14 2132 2078 203 2138 2071 95 2142 2043 246 2141 2042 245 2140 2041 125 2143 2044 246 2141 2042 245 2142 2043 246 2144 2045 246 2143 2044 246 2142 2043 246 2145 2046 245 2143 2044 246 2144 2045 246 2146 2047 246 2145 2046 245 2144 2045 246 2148 2050 245 2144 2049 246 2147 2048 246 2146 2051 246 2144 2049 246 2148 2050 245 2149 2052 199 2146 2051 246 2148 2050 245 2150 2053 166 2146 2051 246 2149 2052 199 2151 2056 162 2150 2055 166 2149 2054 199 2152 2057 98 2150 2055 166 2151 2056 162 2153 2058 121 2152 2057 98 2151 2056 162 2140 2059 125 2152 2057 98 2153 2058 121 2147 2062 246 2154 2061 175 2148 2060 245 2155 2063 246 2154 2061 175 2147 2062 246 2142 2064 246 2155 2063 246 2147 2062 246 2155 2067 246 2153 2066 121 2154 2065 175 2140 2068 125 2153 2066 121 2155 2067 246 2142 2069 246 2140 2068 125 2155 2067 246 2151 2072 162 2154 2071 175 2153 2070 121 2149 2073 199 2154 2071 175 2151 2072 162 2141 2074 245 2152 2057 98 2140 2059 125 2145 2075 245 2152 2057 98 2141 2074 245 2150 2055 166 2145 2075 245 2146 2076 246 2152 2057 98 2145 2075 245 2150 2055 166 2141 2042 245 2143 2044 246 2145 2046 245 2144 2045 246 2142 2043 246 2147 2077 246 2149 2073 199 2148 2078 245 2154 2071 175 2158 2043 252 2157 2042 252 2156 2041 252 2159 2044 252 2157 2042 252 2158 2043 252 2160 2045 252 2159 2044 252 2158 2043 252 2161 2046 252 2159 2044 252 2160 2045 252 2162 2047 252 2161 2046 252 2160 2045 252 2164 2050 248 2160 2049 252 2163 2048 252 2162 2051 252 2160 2049 252 2164 2050 248 2165 2052 44 2162 2051 252 2164 2050 248 2166 2053 98 2162 2051 252 2165 2052 44 2167 2056 215 2166 2055 98 2165 2054 44 2168 2057 252 2166 2055 98 2167 2056 215 2169 2058 252 2168 2057 252 2167 2056 215 2156 2059 252 2168 2057 252 2169 2058 252 2163 2062 252 2170 2061 252 2164 2060 248 2171 2063 252 2170 2061 252 2163 2062 252 2158 2064 252 2171 2063 252 2163 2062 252 2171 2067 252 2169 2066 252 2170 2065 252 2156 2068 252 2169 2066 252 2171 2067 252 2158 2069 252 2156 2068 252 2171 2067 252 2167 2072 215 2170 2071 252 2169 2070 252 2165 2073 44 2170 2071 252 2167 2072 215 2157 2074 252 2168 2057 252 2156 2059 252 2161 2075 252 2168 2057 252 2157 2074 252 2166 2055 98 2161 2075 252 2162 2076 252 2168 2057 252 2161 2075 252 2166 2055 98 2157 2042 252 2159 2044 252 2161 2046 252 2160 2045 252 2158 2043 252 2163 2077 252 2165 2073 44 2164 2078 248 2170 2071 252 2174 2043 246 2173 2042 1 2172 2041 77 2175 2044 249 2173 2042 1 2174 2043 246 2176 2045 244 2175 2044 249 2174 2043 246 2177 2046 199 2175 2044 249 2176 2045 244 2178 2047 32 2177 2046 199 2176 2045 244 2180 2050 244 2176 2049 244 2179 2048 246 2178 2051 32 2176 2049 244 2180 2050 244 2181 2052 31 2178 2051 32 2180 2050 244 2182 2053 13 2178 2051 32 2181 2052 31 2183 2056 199 2182 2055 13 2181 2054 31 2184 2057 91 2182 2055 13 2183 2056 199 2185 2058 249 2184 2057 91 2183 2056 199 2172 2059 77 2184 2057 91 2185 2058 249 2179 2062 246 2186 2061 246 2180 2060 244 2187 2063 247 2186 2061 246 2179 2062 246 2174 2064 246 2187 2063 247 2179 2062 246 2187 2067 247 2185 2066 249 2186 2065 246 2172 2068 77 2185 2066 249 2187 2067 247 2174 2069 246 2172 2068 77 2187 2067 247 2183 2072 199 2186 2071 246 2185 2070 249 2181 2073 31 2186 2071 246 2183 2072 199 2173 2074 1 2184 2057 91 2172 2059 77 2177 2075 199 2184 2057 91 2173 2074 1 2182 2055 13 2177 2075 199 2178 2076 32 2184 2057 91 2177 2075 199 2182 2055 13 2173 2042 1 2175 2044 249 2177 2046 199 2176 2045 244 2174 2043 246 2179 2077 246 2181 2073 31 2180 2078 244 2186 2071 246 2190 2043 246 2189 2042 245 2188 2041 245 2191 2044 246 2189 2042 245 2190 2043 246 2192 2045 249 2191 2044 246 2190 2043 246 2193 2046 244 2191 2044 246 2192 2045 249 2194 2047 177 2193 2046 244 2192 2045 249 2196 2050 31 2192 2049 249 2195 2048 246 2194 2051 177 2192 2049 249 2196 2050 31 2197 2052 93 2194 2051 177 2196 2050 31 2198 2053 11 2194 2051 177 2197 2052 93 2199 2056 107 2198 2055 11 2197 2054 93 2200 2057 14 2198 2055 11 2199 2056 107 2201 2058 198 2200 2057 14 2199 2056 107 2188 2059 245 2200 2057 14 2201 2058 198 2195 2062 246 2202 2061 250 2196 2060 31 2203 2063 246 2202 2061 250 2195 2062 246 2190 2064 246 2203 2063 246 2195 2062 246 2203 2067 246 2201 2066 198 2202 2065 250 2188 2068 245 2201 2066 198 2203 2067 246 2190 2069 246 2188 2068 245 2203 2067 246 2199 2072 107 2202 2071 250 2201 2070 198 2197 2073 93 2202 2071 250 2199 2072 107 2189 2074 245 2200 2057 14 2188 2059 245 2193 2075 244 2200 2057 14 2189 2074 245 2198 2055 11 2193 2075 244 2194 2076 177 2200 2057 14 2193 2075 244 2198 2055 11 2189 2042 245 2191 2044 246 2193 2046 244 2192 2045 249 2190 2043 246 2195 2077 246 2197 2073 93 2196 2078 31 2202 2071 250 2206 2043 247 2205 2042 245 2204 2041 245 2207 2044 246 2205 2042 245 2206 2043 247 2208 2045 250 2207 2044 246 2206 2043 247 2209 2046 244 2207 2044 246 2208 2045 250 2210 2047 249 2209 2046 244 2208 2045 250 2212 2050 22 2208 2049 250 2211 2048 245 2210 2051 249 2208 2049 250 2212 2050 22 2213 2052 45 2210 2051 249 2212 2050 22 2214 2053 25 2210 2051 249 2213 2052 45 2215 2056 5 2214 2055 25 2213 2054 45 2216 2057 10 2214 2055 25 2215 2056 5 2217 2058 60 2216 2057 10 2215 2056 5 2204 2059 245 2216 2057 10 2217 2058 60 2211 2062 245 2218 2061 31 2212 2060 22 2219 2063 246 2218 2061 31 2211 2062 245 2206 2064 247 2219 2063 246 2211 2062 245 2219 2067 246 2217 2066 60 2218 2065 31 2204 2068 245 2217 2066 60 2219 2067 246 2206 2069 247 2204 2068 245 2219 2067 246 2215 2072 5 2218 2071 31 2217 2070 60 2213 2073 45 2218 2071 31 2215 2072 5 2205 2074 245 2216 2057 10 2204 2059 245 2209 2075 244 2216 2057 10 2205 2074 245 2214 2055 25 2209 2075 244 2210 2076 249 2216 2057 10 2209 2075 244 2214 2055 25 2205 2042 245 2207 2044 246 2209 2046 244 2208 2045 250 2206 2043 247 2211 2077 245 2213 2073 45 2212 2078 22 2218 2071 31 2222 2043 246 2221 2042 123 2220 2041 120 2223 2044 250 2221 2042 123 2222 2043 246 2224 2045 245 2223 2044 250 2222 2043 246 2225 2046 24 2223 2044 250 2224 2045 245 2226 2047 73 2225 2046 24 2224 2045 245 2228 2050 245 2224 2049 245 2227 2048 247 2226 2051 73 2224 2049 245 2228 2050 245 2229 2052 31 2226 2051 73 2228 2050 245 2230 2053 53 2226 2051 73 2229 2052 31 2231 2056 161 2230 2055 53 2229 2054 31 2232 2057 49 2230 2055 53 2231 2056 161 2233 2058 113 2232 2057 49 2231 2056 161 2220 2059 120 2232 2057 49 2233 2058 113 2227 2062 247 2234 2061 245 2228 2060 245 2235 2063 246 2234 2061 245 2227 2062 247 2222 2064 246 2235 2063 246 2227 2062 247 2235 2067 246 2233 2066 113 2234 2065 245 2220 2068 120 2233 2066 113 2235 2067 246 2222 2069 246 2220 2068 120 2235 2067 246 2231 2072 161 2234 2071 245 2233 2070 113 2229 2073 31 2234 2071 245 2231 2072 161 2221 2074 123 2232 2057 49 2220 2059 120 2225 2075 24 2232 2057 49 2221 2074 123 2230 2055 53 2225 2075 24 2226 2076 73 2232 2057 49 2225 2075 24 2230 2055 53 2221 2042 123 2223 2044 250 2225 2046 24 2224 2045 245 2222 2043 246 2227 2077 247 2229 2073 31 2228 2078 245 2234 2071 245</p>
                </polylist>
            </mesh>
        </geometry>
        <geometry id="mesh2">
            <mesh>
                <source id="points2">
                    <float_array id="pointarray2" count="9261">-706.8125 289.46875 42.84375 -706.3125 279.625 55.125 -707.59375 277.75 52.9375 -705.65625 267.5 65.53125 -707.15625 265.3125 63 -700.5 254.96875 74.5 -700.65625 253.75 73.15625 -738.53125 249.59375 45.59375 -729.40625 253.625 56.53125 -729.90625 251.28125 57.875 -716.65625 252.40625 64.96875 -717.3125 249.65625 66.5625 -702.09375 249.75 71.9375 -702.625 248.28125 72.75 -731.65625 282.6875 33.09375 -724.90625 276.5625 50.15625 -727.3125 273.5625 49.59375 -714.15625 265.96875 62.84375 -716.9375 262.5 62.1875 -701.40625 252.4375 72.5625 -702.8125 250.71875 72.25 -720.5 274.28125 60.5 -711.15625 270.5625 67 -712.125 268.46875 66.375 -701.78125 264.90625 72.34375 -702.90625 262.46875 71.625 -690.71875 259.9375 74.5625 -690.96875 258.78125 73.84375 -747.375 238.5 87.53125 -733.78125 240.5625 79.875 -733.84375 243.1875 81.65625 -719.1875 244.28125 74.46875 -719.25 247.3125 76.53125 -703.09375 244.96875 72.40625 -702.8125 246.09375 73.78125 -734.15625 276.6875 86.40625 -727.0625 266.96875 77.8125 -725.0625 268.78125 77.34375 -716.40625 256.625 73.90625 -714.09375 258.8125 73.3125 -703.53125 246.59375 72.78125 -702.40625 247.90625 72.46875 -756.0625 267.875 85.25 -740.625 261.71875 75.34375 -739.53125 265.4375 75.53125 -722.03125 256 72.15625 -720.75 260.3125 72.34375 -701.65625 251.0625 73.125 -701.03125 253.21875 73.21875 -636.40625 414.9375 155.8125 -635.4375 405.40625 143.3125 -636.5 408.0625 141.9375 -634.09375 398.25 129.09375 -635.28125 401.34375 127.5 -628.125 392.3125 115.15625 -628.15625 393.9375 114.3125 -664.5 423.75 114.1875 -656.15625 411.6875 116.0625 -656.53125 410.9375 113.4375 -643.65625 403.09375 113.78125 -644.125 402.25 110.71875 -629.15625 396.15625 110.65625 -629.59375 395.78125 109 -660.1875 427.4375 149.75 -653.5 412 140.15625 -655.625 413.40625 137.1875 -642.3125 401.71875 127.625 -644.75 403.34375 124.1875 -628.75 394.875 113.125 -629.96875 395.6875 111.4375 -649.28125 402.3125 135.75 -639.875 396.40625 131.28125 -640.625 397.5625 129.3125 -630.25 392.09375 125.21875 -631.125 393.4375 122.9375 -618.84375 390.53125 120.71875 -618.96875 391.5 119.75 -673.78125 386.3125 92.40625 -660.1875 392.46875 97.34375 -660.53125 390.125 99.4375 -645.78125 396 103.40625 -646.21875 393.28125 105.8125 -629.75 396.9375 105.84375 -629.625 395.3125 106.625 -664 377.375 130.59375 -655.78125 387.65625 123.875 -653.9375 387.59375 125.90625 -644.09375 393.375 115.6875 -641.96875 393.28125 118.125 -630.34375 396.1875 107.25 -629.34375 396.125 108.6875 -684.96875 381.875 120.65625 -668.71875 392.09375 118.34375 -667.9375 390.96875 122 -649.59375 395.53125 115.0625 -648.6875 394.21875 119.3125 -628.90625 394.6875 111.65625 -628.46875 394.03125 113.75 -205.46875 300.375 776.15625 -205.25 284.65625 777.34375 -208.34375 285.1875 777 -207.53125 268.84375 776.90625 -211.125 269.4375 776.53125 -208.625 253.40625 771.90625 -210.25 253.625 771.15625 -246.75 274.8125 791.90625 -233.5625 268.5 789.5 -234.65625 266 789.75 -223.5 260.25 781.375 -224.84375 257.34375 781.6875 -214.34375 252.03125 770.625 -215.15625 250.5 770.9375 -227.65625 305.375 791.71875 -219.1875 288 790.5 -222.75 286.65625 791.40625 -214.21875 270.59375 782.71875 -218.3125 269.03125 783.78125 -211.84375 253.28125 771.15625 -213.875 252.5 771.65625 -212.96875 278.40625 789.96875 -207.34375 270.25 783.21875 -209.59375 269.40625 783.15625 -203.6875 261.71875 775.375 -206.28125 260.75 775.28125 -200.375 255.78125 765.0625 -201.6875 255.5625 764.625 -235.875 237 812.21875 -231.9375 242.875 798.15625 -229.21875 243.28125 799.75 -225.125 248.0625 784.65625 -222 248.53125 786.46875 -217.84375 248.625 770.125 -216.15625 248.3125 770.8125 -204.03125 261.875 812.59375 -211.8125 261.21875 800.03125 -209.84375 262.625 798.6875 -215.6875 256.375 785.96875 -213.375 258.03125 784.4375 -216.71875 249.4375 771.1875 -215.46875 250.4375 770.5 -221.46875 258.875 828.25 -223.40625 260.8125 809.09375 -220.21875 263.0625 809.40625 -219.84375 257.78125 789.96875 -216.15625 260.34375 790.3125 -212.59375 251.96875 771.15625 -210.75 253.25 771.3125 172.09375 148.4375 780 180.71875 160.65625 775.03125 182.96875 158.4375 775.375 191.3125 170.9375 768.9375 193.9375 168.40625 769.3125 200.21875 179.8125 758.625 201.375 178.46875 758.25 221.96875 151.0625 790.4375 214.3125 161.96875 784 216.65625 163.3125 783.40625 209.71875 170.34375 772 212.46875 171.90625 771.34375 205.59375 177.21875 757.75 207.15625 178 757.5625 189.28125 138.78125 799.25 191.75 155.75 790.3125 195.53125 155.1875 791.125 196.46875 168.28125 775.875 200.84375 167.625 776.8125 202.90625 177.84375 758.34375 205.0625 177.53125 758.8125 191.875 166.0625 785.28125 191.03125 172.46875 775.21875 193.34375 171.84375 775.15625 191.90625 177.71875 764.28125 194.59375 177 764.1875 191.40625 179.84375 752.125 192.5625 179.125 751.84375 236.03125 192.96875 793.03125 228.0625 185.25 781.875 225.75 187.03125 783.09375 218.15625 179.78125 770.5625 215.5 181.875 771.9375 210.3125 177.625 756.46875 209.1875 179.03125 756.71875 195.96875 192.0625 798.375 201.4375 183.34375 787.75 198.90625 182.875 786.78125 205.875 179.3125 773.59375 202.90625 178.71875 772.5 209.0625 178.0625 757.59375 207.40625 177.75 757.1875 213.65625 190.9375 814 212.21875 180.90625 797.53125 208.375 181.09375 798.1875 208.96875 177.59375 778.375 204.53125 177.8125 779.15625 204.21875 178.40625 757.9375 202.03125 178.53125 758.34375 -195.71875 250.59375 798.84375 -187.03125 259.96875 789.625 -184.75 258.34375 791.09375 -176.1875 267.28125 780.40625 -173.5625 265.4375 782.15625 -166.5 271.3125 768 -165.25 270.03125 768.375 -147.53125 262.03125 811.21875 -154.78125 268.125 799.84375 -152.46875 269.28125 798.90625 -158.25 269.75 785 -155.53125 271.09375 783.9375 -160.96875 269.0625 768.875 -159.4375 269.8125 768.5 -180.53125 252.1875 821.8125 -177.6875 263.46875 806.34375 -174 263.65625 807.65625 -171.78125 268.5 788.21875 -167.5625 268.71875 789.71875 -163.71875 269.65625 768.875 -161.625 269.78125 769.625 -177.375 270.375 797.15625 -177.28125 271.46875 785.25 -174.9375 271.0625 785.6875 -175.34375 271.25 773.25 -172.625 270.8125 773.71875 -174.5 267.625 761.46875 -173.28125 266.96875 761.625 -135.53125 301.65625 795.53125 -141.8125 289.0625 788.5 -144.3125 291 788.5625 -150.09375 278.21875 780.125 -152.96875 280.46875 780.1875 -156.15625 269.28125 767.96875 -157.34375 270.53125 767.46875 -175.84375 299.71875 797.21875 -168.84375 287.6875 792.25 -171.21875 286.59375 791.40625 -162.625 278.09375 781.96875 -165.4375 276.8125 781.03125 -157.53125 270.03125 768.65625 -159.125 269.4375 768.3125 -160.09375 307.34375 813.0625 -159.21875 290.875 802.96875 -163.09375 291 803.125 -160.0625 279 787.25 -164.5625 279.15625 787.46875 -162.375 270.09375 768.40625 -164.625 270.1875 768.5 -665.9375 384.75 197.875 -665.40625 370.6875 183.1875 -665.84375 374.09375 180.9375 -663.53125 359.25 166.09375 -664.03125 363.1875 163.5 -655.59375 348.28125 150.03125 -655.0625 350.1875 148.75 -693.15625 396.5 139 -686.03125 379.5625 144.25 -686.28125 378.34375 140.90625 -672.15625 365.375 144.40625 -672.5625 364 140.5 -655.28125 352.71875 143.625 -655.6875 352.09375 141.5 -691.8125 405.3125 184.65625 -686 382.875 175.375 -687.875 384.71875 171.0625 -672.78125 365.375 162.4375 -674.9375 367.5 157.46875 -655.4375 351.34375 147.03125 -656.53125 352.40625 144.5625 -682.53125 368.96875 171.5625 -671.59375 358.59375 168.125 -671.96875 359.96875 165.34375 -659.71875 349.96875 162.53125 -660.15625 351.53125 159.3125 -645.15625 344.59375 158.875 -644.9375 345.71875 157.5 -711.375 348.3125 114.09375 -693.34375 353.5625 121.9375 -694.6875 350.96875 124.8125 -675.21875 355.4375 131.65625 -676.75 352.46875 134.96875 -655.125 353.125 137.3125 -655.5 351.15625 138.53125 -706.71875 340.34375 165.46875 -692.78125 350.34375 157.0625 -690.78125 350.09375 159.96875 -675.46875 353.53125 147.875 -673.15625 353.28125 151.34375 -656.25 352.53125 139.125 -655.21875 352.40625 141.125 -730.5625 349.5625 148.78125 -707.15625 358.21875 147.34375 -707 357.15625 152.25 -681.75 357.5 145.9375 -681.5625 356.25 151.625 -655.46875 350.90625 145.15625 -655.375 350.3125 147.96875 -773.03125 13.03125 -262.96875 -762.9375 -1.34375 -273.15625 -761.3125 1.96875 -274.8125 -749.9375 -13.3125 -283.875 -748.0625 -9.4375 -285.78125 -733.625 -25.34375 -289.375 -732.15625 -23.53125 -289.75 -746.90625 25.6875 -322.125 -747.28125 8.3125 -314.1875 -745.09375 7.03125 -316.6875 -739.25 -7 -304.53125 -736.71875 -8.4375 -307.53125 -728.34375 -21.125 -293.21875 -727.09375 -21.75 -295 -779.0625 35.46875 -289.9375 -770 12.34375 -293.03125 -767.96875 14.25 -297.21875 -752.96875 -6.5 -292.84375 -750.59375 -4.3125 -297.6875 -731.0625 -22.375 -291.125 -729.875 -21.28125 -293.53125 -765.96875 -1.84375 -293.71875 -756.90625 -13.21875 -288.46875 -755 -11.90625 -290.53125 -745.46875 -23 -283.90625 -743.28125 -21.46875 -286.3125 -733.4375 -29.71875 -275.875 -732.1875 -28.65625 -276.59375 -744.40625 -21.25 -354.6875 -737.75 -17.4375 -335.875 -740.96875 -19.8125 -335.0625 -732.625 -16.9375 -315.84375 -736.34375 -19.6875 -314.90625 -723.53125 -20.875 -297.34375 -724.8125 -22.78125 -296.90625 -779.875 -28.375 -317.0625 -763.5625 -19.84375 -311.96875 -764.375 -20.1875 -308.5 -744.9375 -18.40625 -305.1875 -745.96875 -18.78125 -301.1875 -725.6875 -21.3125 -297 -726.46875 -21.46875 -294.875 -782.8125 -17.5 -345.40625 -765.40625 -10.96875 -328.71875 -769 -11.9375 -325.3125 -747.40625 -13.96875 -310.9375 -751.5625 -15.09375 -307.03125 -729.71875 -22.84375 -292.4375 -731.8125 -23.40625 -290.5 -150.9375 516.9375 -581.15625 -152.09375 496.90625 -584.5 -148.84375 497.875 -586.8125 -149.46875 476.8125 -588.5625 -145.71875 477.90625 -591.21875 -144.03125 456.59375 -587.15625 -141.78125 456.96875 -587.8125 -125.3125 490.40625 -635.78125 -135.75 480.625 -623.0625 -134.875 477.5625 -624.65625 -138.125 468.0625 -607.9375 -137.15625 464.46875 -609.84375 -137.46875 455.28125 -591.125 -136.9375 453.46875 -592.375 -143.4375 527.5 -614.3125 -150.34375 504.1875 -608.53125 -147.78125 502.9375 -612.65625 -148.1875 480.4375 -599.5625 -145.21875 479 -604.34375 -140.28125 456.6875 -589.25 -138.8125 455.96875 -591.625 -155.75 491.125 -604.09375 -155.15625 479.34375 -594.125 -152.96875 478.46875 -596.15625 -151.78125 467.09375 -584.84375 -149.21875 466.125 -587.1875 -145.875 457.96875 -573.15625 -144.28125 457.78125 -573.9375 -153.25 443 -651.4375 -144.75 448.53125 -633.8125 -148.71875 448.9375 -632.875 -139.40625 452.9375 -614.34375 -144 453.40625 -613.28125 -133.6875 451.25 -594.21875 -135.84375 450.75 -593.46875 -183.96875 471.5 -620.28125 -165.59375 470.09375 -615.25 -166.28125 471.53125 -612.0625 -149.59375 462.71875 -606.09375 -150.46875 464.4375 -602.40625 -135.65625 452.28125 -594.125 -136.28125 453.34375 -592.25 -181.0625 471.28125 -650.6875 -162.46875 471.84375 -633.96875 -165.78125 474.40625 -631.15625 -149.15625 465.40625 -613.25 -152.96875 468.375 -610 -139.5625 455.09375 -590.125 -141.46875 456.5625 -588.5 -57.5625 779.3125 -171.96875 -48.21875 762.8125 -179.28125 -45.21875 764.40625 -176.96875 -36.59375 746.25 -183.46875 -33.15625 748.09375 -180.8125 -28.1875 727 -183.15625 -26.78125 727.4375 -181.3125 8.125 776.8125 -175.84375 -3.40625 763.375 -182.9375 -0.65625 761.21875 -183.53125 -12.5 745.78125 -182.65625 -9.21875 743.28125 -183.375 -21.5625 727.03125 -179.0625 -19.65625 725.875 -179.5 -30.65625 802.4375 -174.84375 -30.1875 779.5 -184.75 -25.1875 779.9375 -184.28125 -28.25 754.125 -185.46875 -22.46875 754.65625 -184.9375 -24.84375 727.6875 -180.5625 -21.96875 727.96875 -180.28125 -31.59375 766.25 -191.25 -35.40625 751.3125 -190 -32.46875 751.25 -188.96875 -37.21875 736.09375 -186.625 -33.8125 736 -185.4375 -41.03125 722.40625 -179.3125 -39.625 722.46875 -178.1875 25.59375 742.96875 -218.53125 12.84375 739.75 -203.03125 10.1875 740.03125 -206.125 -2.4375 735 -189.96875 -5.5 735.3125 -193.5625 -15.90625 724.40625 -177.84375 -17.3125 723.8125 -179.625 -23.65625 757.65625 -227.375 -19.25 752.84375 -209.40625 -22.6875 752.8125 -208.5 -17.1875 741.0625 -193.5625 -21.21875 741.09375 -192.5625 -17.21875 725.46875 -179.3125 -19.4375 725.6875 -178.90625 2.71875 770.25 -236.03125 -3.0625 762.15625 -213.09375 -7.75 763.53125 -214.375 -12.03125 746.5 -195.15625 -17.4375 748.0625 -196.625 -23.28125 726.59375 -180.625 -25.96875 727.375 -181.34375 -44.96875 769.46875 -188.625 -30.1875 755.75 -191.1875 -29.25 757.15625 -187.46875 -15.15625 741.625 -189.9375 -14.0625 743.25 -185.625 -4.65625 723.65625 -187.03125 -4.5625 723.875 -184.6875 11.75 774.59375 -155.5 8.5625 761.65625 -169.21875 11.5625 759.9375 -168.375 4.34375 743.5 -175.90625 7.90625 741.5625 -174.9375 -1.375 723.5625 -179.96875 0.59375 722.71875 -179.40625 -25.71875 795.34375 -173.5625 -15.625 774.9375 -183.90625 -11.84375 775.8125 -180.6875 -8.71875 750.5625 -186.09375 -4.34375 751.5625 -182.375 -3.40625 724.1875 -182.9375 -1.25 724.65625 -181.09375 -10.78125 763.15625 -191.4375 -11.6875 747.96875 -194.09375 -9.78125 748 -191.625 -12.03125 732.25 -193.9375 -9.84375 732.28125 -191.09375 -16.40625 717.09375 -191.46875 -15.84375 717.0625 -189.78125 55.40625 751.6875 -184.53125 37.25 744.21875 -179.1875 36.65625 744.8125 -183.1875 18.625 735.4375 -177.4375 17.9375 736.125 -182.0625 3.09375 721.375 -176.09375 3 720.96875 -178.40625 16.625 762.65625 -217.71875 11.625 754.90625 -200.96875 8.3125 754.34375 -202.125 7.21875 740.53125 -188 3.3125 739.9375 -189.40625 2.59375 722.53125 -177.90625 0.53125 722.4375 -178.78125 40.5625 779.34375 -208.8125 25.125 766.40625 -194 21.6875 767.46875 -197.5 11.21875 746.6875 -185.84375 7.25 747.9375 -189.90625 -1.875 723.28125 -182.25 -3.84375 723.875 -184.25 -176.875 -713.15625 210.5625 -179.28125 -714.34375 191.5 -182.9375 -713.9375 192.65625 -184.71875 -713.5625 172.75 -188.96875 -713.09375 174.09375 -188.65625 -707.1875 154.375 -190.59375 -706.28125 154.90625 -231.15625 -732 186.40625 -216.28125 -728.96875 176.59375 -218.03125 -729.21875 173.71875 -205.5 -718.875 165.03125 -207.625 -719.21875 161.71875 -195.78125 -705.625 153.6875 -197.0625 -705.96875 152 -202.875 -732.28125 220.125 -195.59375 -730.5 197.6875 -200.125 -731.59375 196.65625 -192.53125 -720.6875 175.9375 -197.75 -721.96875 174.71875 -192.5625 -706.28125 154.75 -195.15625 -706.90625 154.15625 -189.6875 -729.65625 185.03125 -184.28125 -721.28125 174.34375 -187.125 -721.1875 173.71875 -181.25 -711.5625 163.53125 -184.5625 -711.4375 162.78125 -178.28125 -698.84375 155.9375 -179.875 -698.34375 155.90625 -224.46875 -756.21875 138.5 -218.65625 -739.125 145.15625 -215.3125 -741.0625 145.15625 -209.5625 -722.6875 150.5 -205.6875 -724.90625 150.5 -200.59375 -704.96875 150.15625 -198.65625 -705.78125 149.5 -181.71875 -757.03125 163.15625 -191.1875 -741.65625 163.90625 -188.59375 -740.03125 165.28125 -196.6875 -724.40625 158.90625 -193.625 -722.5625 160.5625 -199.15625 -706.25 150.9375 -197.4375 -705.4375 151.9375 -203.3125 -776.125 162.25 -205.3125 -752.75 165.21875 -201.09375 -753.15625 167.375 -201.5 -729.34375 161.25 -196.59375 -729.78125 163.75 -193.6875 -706.25 153.3125 -191.25 -706.46875 154.5625 -218.9375 -693.65625 177.09375 -208.40625 -698.9375 167.71875 -210.78125 -698.71875 165.8125 -199.25 -703 156.1875 -201.96875 -702.75 154 -188.84375 -702.6875 144.625 -189.96875 -702.03125 143.46875 -231.5 -717.84375 136.625 -218.15625 -716.46875 141.15625 -217.25 -717.4375 138.875 -204.75 -710.53125 140.9375 -203.71875 -711.71875 138.28125 -191.5 -702.28125 139.53125 -191.09375 -703.03125 138.09375 -239.34375 -708.09375 168.71875 -221.875 -711.0625 163.375 -223.4375 -712.53125 160.3125 -205.71875 -708.3125 154.0625 -207.53125 -710 150.53125 -190.78125 -702.25 142.15625 -191.6875 -703.09375 140.40625 -211.1875 -712.75 161.53125 -201 -708.375 158.6875 -201.90625 -708.6875 156.59375 -191.65625 -703.25 154 -192.71875 -703.625 151.59375 -183.96875 -695.1875 150.125 -184.625 -694.96875 149 -201.875 -745.90625 125.3125 -201.125 -731.1875 128.34375 -199.8125 -732.3125 130.8125 -198.09375 -716.9375 133 -196.59375 -718.25 135.875 -191.46875 -703 134.90625 -190.25 -703.59375 136 -197.5 -737.25 162.6875 -200.375 -726.5 154 -199.8125 -724.75 155.90625 -197.59375 -715.21875 144.96875 -196.96875 -713.21875 147.21875 -191.4375 -703.65625 136.40625 -191.1875 -702.6875 137.75 -209.375 -753.625 152.625 -209.125 -735.71875 147.9375 -208.5625 -735.15625 151.59375 -201.875 -718.8125 143.96875 -201.25 -718.15625 148.15625 -190.40625 -702.65625 140.84375 -190.09375 -702.34375 142.9375 -217.46875 -720.75 -148.75 -223.375 -710.59375 -135.3125 -222.375 -713.53125 -133.53125 -227.21875 -702.09375 -119.78125 -226.0625 -705.5 -117.71875 -226.15625 -691.40625 -104.84375 -225 -692.71875 -103.78125 -235.4375 -744.75 -99.375 -236.8125 -728.40625 -102.8125 -237.625 -727.8125 -99.875 -232 -711.75 -101.59375 -233 -711.09375 -98.15625 -224.28125 -695.0625 -99.4375 -224.9375 -694.90625 -97.5625 -229.3125 -748.125 -139.53125 -234.4375 -729 -130.15625 -235.25 -731.46875 -126.59375 -231.90625 -710.84375 -117.375 -232.875 -713.71875 -113.28125 -224.875 -693.875 -102.34375 -225.34375 -695.3125 -100.3125 -237.65625 -717.09375 -126.0625 -233.65625 -704.8125 -122 -233.46875 -706.1875 -119.65625 -228.25 -693.59375 -116.09375 -228.03125 -695.1875 -113.375 -219.34375 -683.6875 -111.8125 -218.75 -684.53125 -110.65625 -270.28125 -716.71875 -76.65625 -253.96875 -712.8125 -82.6875 -256 -711.21875 -85.1875 -238.90625 -706.1875 -90.21875 -241.21875 -704.3125 -93.09375 -224.1875 -695.71875 -93.90625 -225.28125 -694.28125 -94.90625 -268.40625 -705.40625 -120.96875 -253.78125 -707.875 -113.21875 -252.21875 -706.6875 -115.65625 -239.375 -703.78125 -104.34375 -237.59375 -702.40625 -107.21875 -225.25 -695.625 -95.53125 -224.4375 -694.96875 -97.21875 -283.5 -723.40625 -108.125 -261.875 -720.5 -105.875 -262.0625 -719.3125 -110.125 -242.625 -709.53125 -103.1875 -242.84375 -708.15625 -108.09375 -225.125 -693.6875 -100.6875 -225.21875 -693 -103.125 -59.625 -724.09375 -198.65625 -69.65625 -709.34375 -198.9375 -71.40625 -711.28125 -196.5 -80.625 -695.21875 -196.0625 -82.625 -697.4375 -193.21875 -87.59375 -679.28125 -190 -88.15625 -680.03125 -188.1875 -114.90625 -725.65625 -181.875 -107.625 -712.21875 -188.75 -110.09375 -710.46875 -188.03125 -100.1875 -696.53125 -188.1875 -103.125 -694.5 -187.375 -91.78125 -680.375 -184.75 -93.5 -679.4375 -184.34375 -82.46875 -745.28125 -196.96875 -86.03125 -724 -200.875 -89.96875 -724.8125 -199.09375 -88.03125 -702.21875 -196.5625 -92.625 -703.125 -194.5 -89.53125 -680.5 -187.03125 -91.8125 -680.96875 -186.03125 -86.9375 -711.5 -204.28125 -83.5625 -698.625 -201.84375 -85.65625 -698.90625 -200.125 -81.125 -685.9375 -197.03125 -83.5625 -686.28125 -195.0625 -75.875 -675.09375 -189.9375 -76.71875 -675.375 -188.625 -142.46875 -690.96875 -205.34375 -127.28125 -689.8125 -196.0625 -126.03125 -689.375 -199.40625 -110.78125 -686.78125 -189.25 -109.34375 -686.28125 -193.09375 -96.09375 -678.71875 -181.65625 -95.46875 -677.8125 -183.40625 -104.5 -698.9375 -229.625 -102.71875 -697.90625 -213 -99.59375 -697.8125 -213.28125 -99.6875 -690.4375 -197.5625 -96.0625 -690.34375 -197.9375 -95.4375 -679.28125 -183.375 -93.5 -679.375 -183.75 -128.75 -710.125 -230.9375 -117.0625 -706.4375 -212.75 -113.59375 -707.09375 -215.40625 -104.375 -695.21875 -198.25 -100.34375 -695.96875 -201.28125 -90.875 -679.625 -186.4375 -88.875 -680 -187.96875 -156.6875 -685.3125 -163.90625 -139.59375 -687.09375 -168.6875 -140.875 -685.15625 -171.4375 -122.75 -685.96875 -175.25 -124.1875 -683.75 -178.40625 -105.34375 -680.84375 -178.25 -105.84375 -679.21875 -179.40625 -141.03125 -681 -219.34375 -130.59375 -685.5 -207.03125 -128.15625 -685.25 -208.9375 -117.875 -682.59375 -195.53125 -115.0625 -682.34375 -197.8125 -105 -676.6875 -183.625 -103.59375 -676.59375 -185 -169.90625 -689.59375 -191.84375 -148.65625 -693.21875 -187.84375 -148.15625 -692.375 -192.15625 -127.1875 -688.40625 -184.125 -126.625 -687.40625 -189.09375 -105.84375 -678.4375 -181.0625 -105.5625 -677.9375 -183.5625 -136.53125 -696.125 -184.1875 -125.25 -692.40625 -177.71875 -124.84375 -691.21875 -180.125 -113.78125 -686.59375 -172.71875 -113.3125 -685.21875 -175.5 -104.90625 -678.03125 -166.125 -104.90625 -676.9375 -167.28125 -100.125 -708.25 -229.28125 -103.4375 -695.84375 -216.90625 -103.46875 -698.8125 -214.875 -105.40625 -685.46875 -202.1875 -105.4375 -688.90625 -199.84375 -102.03125 -674.5 -187.78125 -101.375 -676.03125 -186.5625 -119.78125 -724.0625 -191.09375 -119 -707.40625 -192.8125 -119.84375 -707 -189.84375 -112.4375 -691.34375 -191.15625 -113.46875 -690.9375 -187.6875 -102.8125 -676.09375 -187 -103.5 -676.03125 -185.125 -123.09375 -731.125 -216.6875 -122.71875 -710.6875 -208.75 -124.46875 -712.53125 -205.125 -115.59375 -693.25 -196.78125 -117.59375 -695.40625 -192.625 -104.59375 -678.09375 -182.1875 -105.59375 -679.15625 -180.09375 185.84375 -37.15625 811.71875 171.65625 -24 802.03125 174.65625 -21.125 803.34375 160.5 -8.21875 791.59375 163.96875 -4.875 793.125 152.46875 5.375 775.84375 154.46875 6.875 775.84375 182.3125 30.59375 829.0625 169.28125 21.46875 816.4375 167.8125 24.8125 815.4375 161.5625 16.6875 797.40625 159.84375 20.625 796.3125 156.5625 12.5625 775.90625 155.6875 14.75 775.5625 193.84375 -15.71875 841.84375 174.125 -10.3125 824.875 174.875 -5.25 826.46875 162.21875 -1.84375 802.09375 163.09375 3.96875 803.9375 155.34375 8.875 776.28125 155.78125 11.78125 777.1875 161.96875 -8.96875 814.96875 156.5 -8.90625 799.5 157.5 -5.78125 799.78125 152.96875 -6.5625 783.34375 154.125 -2.9375 783.65625 153.90625 -6.25 766.40625 155.03125 -4.6875 766.34375 126.4375 53.09375 820.75 139.75 42.3125 807.59375 136.8125 39.21875 808.4375 149.9375 29.09375 793.3125 146.5625 25.53125 794.3125 156.71875 19.15625 774.5 154.6875 17.6875 774.3125 123.40625 -2.125 824.78125 138.71875 5.34375 813.71875 139.5 1.90625 812.375 148.84375 12.0625 796.46875 149.75 8 794.9375 155.71875 17.40625 775.75 156.15625 15.09375 775.15625 121.125 20.90625 847.46875 139.59375 19.21875 828.4375 138.875 13.9375 828.96875 149.84375 15.78125 803.625 149 9.6875 804.25 154.8125 10.78125 775.71875 154.40625 7.75 776.03125 709.9375 411.5625 45.3125 708.46875 395.34375 57.46875 707.5625 398.34375 60.125 704.53125 381.03125 71.875 703.5 384.5 74.90625 695.09375 366.34375 83.53125 693.875 367.90625 84.8125 717.53125 417.59375 110.5 715.6875 400.84375 101.5 715.3125 399.125 104.625 705.65625 384.78125 95.65625 705.25 382.84375 99.3125 692.15625 369.53125 90 692.125 368.625 92.0625 726.53125 433.65625 67.78125 723.25 409.28125 72.34375 723.5 410.6875 77.15625 711 387.90625 78.71875 711.28125 389.53125 84.3125 693.5 368.8125 86.6875 693.65625 369.59375 89.4375 721.875 394.59375 73.34375 712.8125 382.09375 72.21875 712.15625 383.03125 75.09375 701.9375 370.78125 73.0625 701.1875 371.84375 76.40625 688.375 362.53125 71.65625 687.5625 363.34375 73.03125 738.0625 369.65625 133.96875 722.09375 373.0625 121.84375 724.65625 371.25 119.21875 707.1875 373.5 107.53125 710.15625 371.40625 104.5 690.28125 368.84375 96 691.34375 367.1875 94.75 748.96875 369.78125 82.9375 731.53125 375.75 87.96875 730.46875 375.6875 84.59375 712.125 374.40625 91.96875 710.9375 374.34375 87.96875 691.9375 368.75 94.5625 691.53125 368.8125 92.34375 765.0625 379.90625 106.8125 740.84375 384.1875 102.3125 742.21875 383.9375 97.46875 716.71875 378.96875 96.09375 718.3125 378.6875 90.5 693.125 368.0625 88.40625 693.9375 367.9375 85.65625 695.4375 402.625 102.15625 692.78125 383.96875 94.59375 692.21875 383.21875 98.5625 687.875 364.40625 90 687.21875 363.5625 94.59375 677.40625 347.15625 84.15625 676.34375 346.90625 86.25 704.78125 349.40625 139.84375 701.3125 348.65625 121.0625 700.84375 345.125 121.25 689.78125 345.8125 105.21875 689.28125 341.6875 105.4375 674.90625 343.28125 90.40625 674.8125 341.0625 90.71875 714.34375 394.0625 131.0625 709 377.84375 112.8125 709.46875 374.375 116.4375 695.0625 361.8125 98.8125 695.59375 357.8125 103 676.09375 345.75 88 676.375 343.78125 90.09375 706.375 369.53125 100.84375 696.21875 364.40625 90.375 695.6875 362.40625 92.6875 684.40625 358.25 82.03125 683.8125 355.90625 84.71875 670.125 355.625 75.40625 669.4375 354.90625 76.875 721.4375 304.21875 109 705.625 316.84375 107.09375 707.96875 318.125 104 690.53125 329.8125 101.46875 693.25 331.28125 97.875 673.0625 337.84375 93.0625 673.96875 338.03125 90.90625 731.34375 347.875 82.1875 714.625 347.09375 91.34375 713.46875 350 89.65625 695.25 343.53125 93.90625 693.96875 346.96875 91.90625 674.6875 339 92.09375 674.21875 340.9375 91.03125 748.71875 332.03125 101.625 724.90625 338.78125 105.0625 726.15625 342.78125 102.28125 700.28125 342.15625 99.53125 701.75 346.78125 96.28125 675.6875 343.90625 88.28125 676.4375 346.1875 86.6875 697.03125 404.28125 -3.46875 685.875 389.96875 5.65625 687.03125 392.1875 8.90625 673.96875 378.125 17.6875 675.3125 380.6875 21.4375 657.5 369.9375 27.84375 657.5 371.5625 29.53125 707.0625 389.21875 59.875 695.15625 379.625 48.40625 693.84375 377.84375 51.1875 677.28125 374.8125 41.34375 675.78125 372.71875 44.625 657.1875 372.625 35.125 656.625 371.5 37 723.875 405.90625 19.8125 706.1875 388.25 20.40625 707.28125 388.03125 25.3125 683.3125 377.875 24.65625 684.59375 377.625 30.3125 657.78125 372.03125 31.5625 658.40625 371.90625 34.40625 695.96875 377.625 18.96875 681.09375 373.84375 17 681.15625 374.28125 20.09375 665.5625 371.59375 17.4375 665.625 372.09375 21 649.78125 373.8125 16.59375 649.65625 374.625 18.1875 693.4375 334.84375 71.15625 683 349.875 62.3125 683.875 347.5625 59.0625 671.53125 362.53125 50.65625 672.53125 359.84375 46.90625 655.3125 371.875 41.125 655.125 370.21875 39.46875 701.8125 340.125 19.90625 691.90625 354.03125 28.46875 691 355.40625 25.3125 675.90625 363.84375 34.96875 674.90625 365.4375 31.25 656.5625 371.125 39.46875 656.25 371.9375 37.375 720.84375 332.625 42.5625 704.5 351.53125 42.53125 705.40625 351.625 37.5625 682.34375 363.59375 39.125 683.375 363.6875 33.40625 657.0625 371.3125 33.1875 657.5625 371.34375 30.34375 8.0625 447.25 -652.9375 18.4375 429.8125 -654.3125 21.5 432.53125 -654.5 31.875 414.125 -654.15625 35.40625 417.25 -654.375 44.46875 398.53125 -647.90625 46.21875 399.96875 -647.25 67.625 445.65625 -681.0625 58.125 430.09375 -675.375 61.03125 428.0625 -675.875 54.28125 415.125 -662.9375 57.6875 412.78125 -663.59375 51.8125 401.03125 -647.375 53.6875 399.90625 -647.9375 26.03125 466.125 -677.1875 29.03125 441.53125 -673.875 33.65625 442.34375 -675.75 36.90625 419.96875 -662.875 42.25 420.90625 -665.03125 48.15625 400.65625 -647.5625 50.8125 401.125 -648.625 29 426.84375 -671.9375 29.625 414.875 -662.15625 32.65625 415.46875 -662.5 32.84375 403.875 -651.40625 36.34375 404.59375 -651.78125 35.0625 396.28125 -637.53125 36.6875 396.96875 -637.25 78.5625 394.71875 -704.6875 72.5625 400 -685.96875 69.09375 398.40625 -687.46875 63.90625 402.53125 -667.40625 59.875 400.6875 -669.09375 58 399.75 -647.4375 56.3125 398.21875 -647.96875 26.96875 400.25 -698.96875 37.90625 406.1875 -684.4375 35.03125 406.53125 -682.34375 47.75 405.03125 -667.25 44.34375 405.46875 -664.84375 56.09375 399.78125 -648.5625 54.15625 400.09375 -647.46875 45.3125 407.09375 -722.40625 49.21875 412.625 -698.34375 44.1875 412.875 -698.09375 50.59375 408.9375 -673.1875 44.8125 409.25 -672.90625 49.875 399.75 -647.71875 46.96875 399.90625 -647.5625 64.6875 402.9375 -667.71875 84.03125 399.75 -662.34375 83.59375 403.65625 -661.21875 103.0625 399.28125 -654.28125 102.5625 403.8125 -653 119.34375 396.28125 -641.375 118.90625 398.1875 -640.0625 106.96875 453.25 -662.78125 112.0625 434.875 -661.1875 115.28125 435.8125 -660.03125 117.09375 418.625 -651.03125 120.875 419.78125 -649.71875 121 402.84375 -637.53125 123.03125 403.65625 -637 68.25 435.53125 -681.5625 87.65625 421.09375 -675.125 90.0625 425.5 -674.5625 104.375 409.4375 -659.875 107.15625 414.5 -659.21875 119.5 400.09375 -639.4375 120.875 402.625 -639.09375 98.28125 411.21875 -672.1875 104.28125 400.875 -662.40625 105.5 403.5 -661.25 110.5 392.625 -650.5625 111.90625 395.65625 -649.25 112.4375 384.78125 -636.78125 112.65625 386.25 -635.8125 160.71875 436.90625 -673.59375 146.6875 429.71875 -660.75 146.65625 426.8125 -663.59375 133.4375 418.96875 -649.09375 133.40625 415.59375 -652.40625 125.21875 406.40625 -634.4375 125.71875 404.4375 -635.5625 127.75 402.1875 -694.375 123.46875 408.71875 -676.9375 120.9375 406.21875 -676.5625 123.09375 409.15625 -657.09375 120.15625 406.21875 -656.71875 124.625 405.46875 -636.34375 122.96875 403.90625 -636.375 140.5 427.21875 -706.3125 129.40625 425.375 -684 126.53125 421.9375 -686.28125 123.71875 415.625 -661.1875 120.40625 411.625 -663.8125 121.125 400.78125 -638.65625 119.46875 398.78125 -639.96875 527.90625 371.46875 -595.53125 510.40625 361.25 -593.84375 513.09375 358.15625 -593.75 494.78125 348.1875 -590.3125 497.875 344.625 -590.1875 479.75 336.9375 -580.90625 481.21875 335.3125 -580.09375 524.0625 308.21875 -613.5625 509 318.6875 -608.25 506.9375 315.78125 -608.125 495.0625 324.65625 -595.46875 492.6875 321.21875 -595.375 482.28125 329.75 -579.4375 481.125 327.8125 -579.59375 544.75 349.65625 -618 520.5 347.5 -612.34375 521.1875 342.65625 -613.5 499.90625 341.75 -598.5625 500.6875 336.125 -599.90625 481.875 333.3125 -580.15625 482.28125 330.53125 -580.8125 506.03125 348.03125 -609.25 494.875 349.09375 -598.59375 495.46875 346.0625 -598.5 484.78125 347.8125 -586.625 485.46875 344.28125 -586.53125 478.3125 347.90625 -572.03125 479.03125 346.34375 -571.5625 471.40625 294.28125 -631.0625 478.15625 303.125 -614.03125 476.46875 306.34375 -615.90625 482.15625 314.625 -597.3125 480.21875 318.3125 -599.5 481 323.625 -578.375 479.40625 325.25 -579.0625 477.34375 346.0625 -634.09375 484.4375 337.53125 -618.53125 484.9375 340.6875 -616.9375 484.6875 330.5625 -599.9375 485.28125 334.28125 -598.15625 480.9375 325.34375 -579.8125 481.3125 327.4375 -579.0625 482.3125 324.15625 -654.75 489.75 324.0625 -630.90625 490.03125 329.03125 -631.46875 488.09375 326.71875 -605.625 488.40625 332.5 -606.3125 480.96875 331.625 -579.96875 481.125 334.5 -580.3125 541.71875 271 -611.5625 523.71875 277.125 -604.34375 522.53125 274.8125 -607.5 504.09375 280.09375 -598.59375 502.71875 277.40625 -602.21875 485.59375 278.5 -588.8125 484.875 276.65625 -590.0625 488.65625 272.5625 -650.5625 488.90625 279.34375 -632.6875 485.375 279.71875 -632.71875 485.0625 278.46875 -613.28125 480.90625 278.9375 -613.375 480.65625 274.1875 -593.03125 478.46875 274.53125 -593.3125 534.9375 274.15625 -646.34375 519.75 282.84375 -628.53125 516.15625 282.25 -632 502.375 282.21875 -609.90625 498.21875 281.5 -613.9375 483.5625 275.84375 -591.5 481.5 275.46875 -593.5 512.21875 288.6875 -617.1875 505.96875 286.8125 -603.1875 503.6875 285.6875 -604.96875 498.09375 282.71875 -590.1875 495.46875 281.4375 -592.28125 493 274.84375 -577.28125 491.96875 273.71875 -578.21875 451.46875 312.84375 -634.1875 460.34375 297.625 -624.03125 462.40625 300.8125 -622.53125 470.0625 284.84375 -611 472.4375 288.5625 -609.28125 474.71875 272.65625 -594.5625 475.3125 274.46875 -593.15625 498.59375 324.0625 -614.71875 493.1875 305.75 -614.0625 495.90625 304.96875 -611.90625 485.125 289.25 -606.46875 488.375 288.375 -603.96875 476.28125 274.21875 -594.53125 478.1875 273.90625 -593.3125 485.28125 332.46875 -640.875 486.125 309.34375 -631.375 490.5625 310.84375 -629.5 484.40625 290.9375 -613.90625 489.53125 292.65625 -611.71875 481.625 275.8125 -591.625 484.1875 276.65625 -590.53125 539.15625 493.46875 377.78125 533.4375 475.25 384.78125 530.9375 477.6875 386.9375 524.25 458.46875 392.59375 521.375 461.28125 395.0625 511.875 441.6875 395.125 509.96875 442.96875 395.75 510.6875 487.59375 436.9375 515.8125 472.75 426.0625 514.0625 470.5 428.21875 512.28125 457.8125 413.5 510.25 455.21875 416.09375 505.625 443.5625 399.40625 504.625 442.3125 400.96875 538.8125 511.40625 408.53125 536.5 486.5625 407.0625 534 487.03125 411.40625 525.3125 464.09375 402.75 522.4375 464.65625 407.78125 508.59375 443.5 397.25 507.1875 443.78125 399.75 536.53125 471.875 405.0625 530.90625 459.625 397.46875 528.75 460 399.65625 522.625 448.125 390.71875 520.09375 448.53125 393.25 512.84375 439.96875 381.09375 511.375 440.5 381.90625 521.28125 436.625 460.59375 513.78125 441.84375 442.4375 517.53125 440.625 441.375 508.65625 444.5625 422.59375 513 443.15625 421.375 500.96875 441.75 403.28125 502.71875 440.375 402.5625 557.25 446.3125 424.03125 539.1875 450.90625 419.71875 540.0625 451.4375 416.3125 520.875 448.4375 412.4375 521.96875 449.09375 408.46875 503.15625 441.96875 402.9375 503.9375 442.40625 400.875 557.125 452.25 453.96875 538.5625 456.75 437.84375 542.28125 457.4375 434.53125 522.0625 452.28125 419 526.375 453.03125 415.15625 507.4375 442.4375 398.40625 509.59375 442.84375 396.5 180.625 0.34375 812.65625 174.4375 -17.03125 801.40625 170.75 -16.09375 803.53125 164.40625 -33.0625 790.25 160.15625 -32 792.6875 153.78125 -44.625 774.375 151.53125 -43.65625 774.90625 127.125 -39.21875 834.5 139 -44 818.75 136.65625 -46.78125 817.71875 143.46875 -45.53125 798.21875 140.71875 -48.84375 797.09375 145.65625 -44.75 775.875 144.125 -46.59375 775.53125 163.65625 -7.78125 845.5 165.5 -24.96875 825.3125 161.0625 -27.09375 827.4375 159.9375 -36.25 801.34375 154.8125 -38.71875 803.8125 149.46875 -43.96875 775.6875 146.90625 -45.21875 776.90625 168.4375 -34.65625 813.25 168.3125 -37.21875 797.03125 165.1875 -37.96875 797.78125 165.125 -39.1875 780.75 161.5 -40.0625 781.625 161.4375 -36.21875 764.46875 159.59375 -36.03125 764.75 133.15625 -97.0625 816.71875 133.71875 -78.46875 805.71875 137.9375 -79.53125 805.71875 137.65625 -61.125 792.8125 142.53125 -62.375 792.78125 139.6875 -47.78125 775.0625 141.875 -48.71875 774.34375 182.78125 -72.34375 815.40625 167.0625 -61.5625 808.4375 169.40625 -58.9375 806.96875 153.40625 -53.90625 794.25 156.1875 -50.875 792.625 141.875 -47.875 775.9375 143.53125 -46.28125 775.28125 168.03125 -89.03125 839 157.28125 -69.8125 824.125 162.25 -67.8125 824.03125 150.96875 -55.9375 801.75 156.71875 -53.65625 801.65625 148 -45.3125 775.15625 150.84375 -44.1875 775.125 -299.03125 -459.59375 -516.28125 -283.8125 -466.9375 -504.9375 -282.34375 -467.65625 -508.6875 -266.15625 -473.5625 -496.46875 -264.46875 -474.375 -500.8125 -247.09375 -474.1875 -487.6875 -245.96875 -473.875 -489.71875 -257.875 -505 -540.53125 -257.75 -499.15625 -522.3125 -254.6875 -500.875 -521.71875 -250.6875 -488.71875 -507.03125 -247.09375 -490.78125 -506.375 -241.6875 -475.625 -493.09375 -239.84375 -476.90625 -492.875 -299.84375 -484.9375 -541.21875 -286.40625 -486.75 -520.25 -283.46875 -489.8125 -522.96875 -267.28125 -482.375 -504 -263.90625 -485.9375 -507.15625 -244.6875 -474.6875 -491.1875 -243 -476.46875 -492.78125 -279.90625 -487.25 -506.9375 -271.1875 -480.21875 -496.28125 -268.96875 -481.40625 -498.125 -260.3125 -472.90625 -487.59375 -257.75 -474.28125 -489.75 -250.5 -461.875 -481.53125 -249.3125 -462 -482.84375 -236.8125 -538.6875 -499.375 -237.34375 -518.4375 -501.375 -240.1875 -518.96875 -498.5 -239.125 -497.90625 -499.78125 -242.40625 -498.53125 -496.4375 -235.9375 -477.84375 -494.5625 -236.9375 -478.03125 -492.46875 -280.6875 -516.125 -482.28125 -268.625 -505.0625 -492.15625 -270.46875 -502.125 -491.21875 -253.75 -492.25 -495.15625 -255.9375 -488.875 -494.0625 -237.96875 -478.28125 -493.78125 -239.34375 -476.59375 -493.21875 -276.15625 -542.71875 -496.53125 -266.5 -520.59375 -502.96875 -270.78125 -518.75 -501.0625 -254.96875 -498.09375 -500 -259.90625 -495.96875 -497.78125 -242.9375 -475.5 -491.09375 -245.40625 -474.4375 -490 -253.46875 -508.34375 -533.1875 -239.6875 -497.34375 -523.0625 -239 -496.0625 -526.875 -226.0625 -483.6875 -515.65625 -225.28125 -482.1875 -520.0625 -217.4375 -466.5625 -507.09375 -217.53125 -465.3125 -509.0625 -199.90625 -485.09375 -563.71875 -202.84375 -483.75 -544.90625 -200.0625 -481.5625 -544.5625 -207.875 -474.15625 -528.28125 -204.59375 -471.625 -527.96875 -214.84375 -461.78125 -512.65625 -212.96875 -460.53125 -512.65625 -233.6875 -517 -561.5 -224.375 -506.125 -541 -220.875 -504.375 -544.15625 -219.3125 -487.53125 -524.34375 -215.25 -485.5 -528 -216.53125 -464.34375 -510.65625 -214.53125 -463.3125 -512.46875 -219.8125 -500.90625 -527.90625 -221.71875 -490.75 -516.40625 -220.0625 -489.03125 -518.40625 -223.375 -478.4375 -506.8125 -221.46875 -476.4375 -509.125 -229.21875 -465.625 -499.25 -228.8125 -464.5 -500.59375 -155.75 -479.5625 -527.8125 -174.875 -472.6875 -526.9375 -175.03125 -475.6875 -524.15625 -194.25 -467.0625 -522.4375 -194.40625 -470.5 -519.21875 -210.9375 -457.125 -514.46875 -210.8125 -458.25 -512.375 -190.15625 -513.1875 -507.59375 -197.34375 -497.5 -515.84375 -200.5625 -498.1875 -514.5 -204.125 -478.875 -517.03125 -207.90625 -479.78125 -515.46875 -211.15625 -459.21875 -513.75 -213.125 -459.9375 -512.9375 -165.875 -517.84375 -525.46875 -183.65625 -500.5625 -528.75 -186.65625 -504 -526.5625 -199.84375 -481.90625 -522.625 -203.3125 -485.84375 -520.125 -215.125 -463 -510.65625 -216.875 -464.96875 -509.4375 -212.09375 -699.8125 139.3125 -196.375 -698.625 139.6875 -196.75 -700.84375 137.46875 -180.59375 -698.34375 137.25 -181 -700.90625 134.6875 -165.71875 -694.28125 132.0625 -165.90625 -695.0625 130.4375 -182.625 -738.5625 124.03125 -177.40625 -726.25 130.34375 -174.8125 -726.9375 129.71875 -170.65625 -712.4375 130.125 -167.625 -713.34375 129.40625 -164.125 -697.6875 127.375 -162.5625 -698.375 127.03125 -214.125 -727.21875 137.34375 -197.5 -718 141.0625 -195.84375 -721.15625 139.46875 -181.3125 -707.34375 137.53125 -179.40625 -710.96875 135.65625 -165.46875 -696.25 129.40625 -164.53125 -698.0625 128.46875 -188.375 -711.8125 144.21875 -181.34375 -702.3125 142.28125 -180.375 -703.90625 140.75 -173.90625 -693.59375 138.21875 -172.78125 -695.4375 136.46875 -169.28125 -683.90625 132.125 -169.03125 -684.59375 130.96875 -143.625 -738.8125 145 -151.125 -727.5625 136.96875 -151.53125 -726.5 139.90625 -158.09375 -714.40625 131.09375 -158.5625 -713.1875 134.53125 -160.59375 -699.6875 124.625 -160.3125 -698.8125 126.1875 -170.1875 -717.34375 166.625 -170.375 -715.3125 151.96875 -172 -713.125 152.25 -166.78125 -708.875 138.5 -168.71875 -706.34375 138.875 -161.34375 -699.59375 126.15625 -162.5 -698.3125 126.5 -164.53125 -740.28125 167.4375 -168.3125 -729.90625 151.5625 -170.71875 -727.90625 153.90625 -167.5 -714.75 138.96875 -170.25 -712.4375 141.6875 -164.125 -696.6875 128.875 -165.5 -695.53125 130.25 -259.96875 -690.6875 184.46875 -251 -694.4375 172.09375 -253.90625 -694.59375 170.78125 -244.15625 -697.15625 157.875 -247.5 -697.375 156.375 -236.78125 -695.15625 143.53125 -238.3125 -694.6875 142.65625 -279.09375 -717.9375 145.78125 -264.8125 -714.25 147 -264.3125 -715.125 144.4375 -252.375 -705.90625 143.59375 -251.84375 -706.96875 140.59375 -240.84375 -695.21875 139.09375 -240.6875 -695.9375 137.5 -280.21875 -709 180.65625 -263.625 -709.21875 170.6875 -265.78125 -710.96875 167.9375 -250.34375 -703.71875 157.21875 -252.78125 -705.78125 154.0625 -239.4375 -695.03125 141.53125 -240.65625 -696.0625 139.96875 -253.15625 -709.1875 166 -244.40625 -703 160.6875 -245.8125 -703.46875 158.78125 -237.09375 -696.1875 153.75 -238.71875 -696.75 151.5625 -231.6875 -686.59375 148.125 -232.6875 -686.46875 147.15625 -247.84375 -742.03125 125.6875 -248.6875 -726.6875 129.125 -246.5625 -727.65625 131.25 -246.75 -711.46875 133.59375 -244.28125 -712.5625 136.09375 -241.875 -695.96875 134.34375 -240.28125 -696.34375 135.125 -235.1875 -732.21875 162.8125 -242.0625 -721.625 155.09375 -241.28125 -719.71875 156.9375 -243.4375 -709.5625 145.65625 -242.53125 -707.375 147.875 -241.375 -696.625 135.84375 -240.90625 -695.59375 137.15625 -247.03125 -751.125 155 -250.90625 -732.625 150.875 -249.5 -731.9375 154.4375 -247.40625 -713.96875 145.59375 -245.78125 -713.1875 149.71875 -239.34375 -695.40625 140.09375 -238.53125 -695 142.15625 185.53125 -730.15625 245.21875 174.96875 -718.90625 258.03125 177.71875 -720.46875 260.53125 167.46875 -707.34375 273.03125 170.65625 -709.15625 275.90625 163.4375 -691.40625 285.625 165.375 -691.65625 286.875 184.90625 -743.90625 308.71875 174.125 -730.65625 300.75 173.1875 -729.4375 303.90625 169.46875 -712.21875 296.21875 168.34375 -710.875 299.9375 167.71875 -691.875 292 167.09375 -691.375 294.0625 190.09375 -758.4375 265.5 174.9375 -739.84375 271.3125 175.78125 -741.3125 276 168 -717.03125 279.15625 168.96875 -718.71875 284.5625 166.28125 -692.125 288.6875 166.75 -692.96875 291.375 165.375 -728.96875 273.0625 162.59375 -713.96875 272.9375 163.71875 -714.3125 275.78125 161.90625 -698.59375 274.8125 163.1875 -699 278.09375 165.25 -683.21875 274.4375 166.375 -683.28125 275.78125 136.75 -727.5625 333.1875 150 -717.71875 321.8125 146.96875 -718.125 319.1875 160.375 -706.4375 308.375 156.875 -706.9375 305.34375 168.53125 -690.46875 298.03125 166.59375 -690.03125 296.8125 129.25 -732.09375 282.46875 145.375 -724.0625 287.9375 146.0625 -723.03125 284.65625 157.625 -709.5625 292.8125 158.40625 -708.4375 288.9375 167.34375 -691.5 296.53125 167.65625 -691.09375 294.34375 125.625 -752.03125 304.75 145.125 -737.34375 301.21875 144 -737.84375 296.40625 157.8125 -716.21875 296.4375 156.5 -716.78125 290.875 166 -691.5 290.46875 165.375 -691.78125 287.6875 612.125 -468.59375 -58.625 611.375 -455.5 -74.15625 609.5 -458.71875 -75.8125 607.5 -444.15625 -91 605.3125 -447.875 -92.90625 598.84375 -430.6875 -104.5625 597.15625 -432.15625 -105.25 606.40625 -490.1875 -120.625 609.3125 -471.875 -115.96875 608.65625 -470.84375 -119.3125 603.53125 -453.125 -113 602.8125 -452 -116.96875 594.28125 -434.46875 -109.59375 594 -434.03125 -111.78125 620.09375 -498.09375 -76.875 620.4375 -475.21875 -86.90625 619.5625 -477.625 -91.21875 611.25 -453.59375 -96.71875 610.21875 -456.40625 -101.71875 596.3125 -433.34375 -106.75 595.8125 -434.75 -109.25 621.5625 -461.125 -91.375 615.25 -447.03125 -92.1875 613.90625 -448.40625 -94.625 606.59375 -434.09375 -94.34375 605.0625 -435.65625 -97.1875 595.21875 -422.96875 -93.21875 594.03125 -423.875 -94.21875 630.5 -454.125 -157.9375 616.71875 -451.25 -143.28125 620 -449.53125 -141.5625 604.875 -445.3125 -127.4375 608.65625 -443.3125 -125.4375 591.4375 -434.71875 -115.25 593.03125 -433.09375 -114.625 650.4375 -445.5 -110.46875 631.59375 -448.5 -111.4375 631.1875 -447.46875 -108.0625 612.34375 -443.875 -112.96875 611.9375 -442.6875 -109 593.34375 -434.6875 -114.09375 593.34375 -434.125 -111.90625 659.78125 -463.84375 -133 636.4375 -461.65625 -124.3125 638.71875 -460.6875 -119.9375 615.1875 -450.125 -116.40625 617.8125 -448.96875 -111.34375 595.75 -432.9375 -108.5625 597.0625 -432.375 -106.03125 735.90625 3.15625 -344.4375 723.875 -2.40625 -359.84375 723.21875 -5.5 -357.21875 709.625 -9.9375 -372.78125 708.875 -13.5 -369.78125 691.65625 -13.34375 -383.09375 690.71875 -14.625 -381.375 719.28125 -60 -352.875 714.96875 -46.125 -365.28125 712.8125 -48.3125 -367.0625 702.75 -33.03125 -373.75 700.28125 -35.65625 -375.84375 687.875 -19.375 -380 686.6875 -20.96875 -381.09375 749.4375 -28.6875 -336.3125 735.78125 -24.375 -356.78125 734.65625 -29.25 -356.4375 715 -20.125 -370.84375 713.6875 -25.78125 -370.4375 690.03125 -16.5 -380.71875 689.375 -19.3125 -380.53125 728.75 -20.3125 -369.15625 716.875 -12.90625 -375.71875 715.53125 -15.625 -375.0625 703.15625 -7.125 -380.75 701.625 -10.28125 -380 689.15625 0.5 -381.46875 688.25 -0.75 -380.625 709.53125 -72.21875 -407.90625 702.0625 -57.78125 -395.6875 704.5625 -55.53125 -398.03125 695.25 -40.75 -386.1875 698.125 -38.15625 -388.90625 683.6875 -24.09375 -380.65625 684.46875 -22.75 -382.40625 738.5625 -28.9375 -404.8125 724.15625 -30.5 -392.375 724.5625 -27.09375 -391.40625 705.78125 -28.28125 -385.21875 706.28125 -24.28125 -384.09375 685.625 -23.21875 -381.28125 686.15625 -21.09375 -380.6875 746.6875 -58.28125 -407.125 729.625 -48.71875 -391.53125 732.5625 -44.65625 -391.625 709.75 -34.71875 -384 713.125 -30 -384.09375 688.78125 -17.75 -381.46875 690.46875 -15.40625 -381.53125 731.8125 -21.90625 -407.71875 713.9375 -31.34375 -409.96875 715.96875 -34.125 -407.75 696.71875 -42.71875 -408.96875 699.0625 -45.90625 -406.40625 677.96875 -50.28125 -403.34375 678.78125 -51.5 -401.5 727.65625 -87.5 -403.1875 713.125 -76.28125 -408.40625 710.84375 -79 -408.15625 696.125 -66.53125 -405.25 693.53125 -69.78125 -405 678.8125 -56.40625 -398.625 677.59375 -58.28125 -398.5625 753.3125 -49.84375 -412.53125 728.71875 -50.5 -416.90625 729.21875 -55.4375 -415.96875 703.84375 -51.5625 -411.6875 704.375 -57.25 -410.59375 679.1875 -53.34375 -400.59375 679.46875 -56.1875 -400.0625 714.375 -49.34375 -420.375 700.15625 -44.84375 -416.28125 700.28125 -47.625 -414.9375 686.125 -42.0625 -409.78125 686.25 -45.28125 -408.25 674.53125 -36.90625 -400.09375 674.78125 -38.1875 -398.875 684.78125 -108.28125 -434.84375 685.34375 -93.75 -420.625 684.9375 -91.46875 -424 683.875 -76.9375 -408.71875 683.375 -74.3125 -412.625 676.5 -61.78125 -396.1875 675.5 -60.5625 -397.9375 697.6875 -60.875 -452.5 697.03125 -63.09375 -433.5 697.25 -59.5625 -433.03125 689.125 -62.9375 -415.3125 689.4375 -58.78125 -414.78125 677.1875 -60.6875 -398 677.5 -58.46875 -397.90625 707.625 -88.5625 -460.59375 705.0625 -79.9375 -437.28125 706.15625 -75.46875 -439.34375 694 -68.4375 -417.4375 695.25 -63.28125 -419.84375 678.0625 -54.875 -400.25 678.6875 -52.3125 -401.4375 507.25 515.46875 407.46875 512.1875 500.96875 394.0625 512.3125 498.84375 397.5625 515.6875 483.8125 383.0625 515.84375 481.375 387.09375 513.09375 466.625 371.28125 512.4375 465.28125 373.09375 541.53125 462.4375 426.34375 537.125 466.3125 408.15625 538.21875 463.09375 407.125 526.59375 464.0625 391.5 527.9375 460.28125 390.375 513.03125 460.28125 375.78125 513.90625 458.25 375.3125 530.375 507.0625 433.1875 530.9375 496.9375 410.34375 533.125 493.03125 412.6875 524 481.875 391 526.5625 477.40625 393.71875 512.84375 463.65625 374.375 514.125 461.4375 375.71875 531.09375 492.625 396.1875 523.21875 487.28125 383.96875 523.8125 484.625 385.46875 514.53125 479.6875 373.34375 515.1875 476.59375 375.0625 502.1875 473.46875 365.3125 502 472.0625 366.40625 573.15625 441.3125 383.625 553.375 445.78125 384.90625 554.65625 448.84375 382.53125 533.78125 452.0625 382.8125 535.3125 455.625 380.09375 513.90625 454.03125 376.375 514.46875 455.28125 374.46875 561.21875 491.03125 373.15625 547.28125 480.21875 380.46875 544.84375 482.75 379.71875 531.5625 468.09375 380.46875 528.78125 471.09375 379.625 514.8125 456.03125 375.9375 513.46875 457.8125 375.5625 585.28125 478.875 387.46875 561.25 473.25 391.375 560.4375 478.0625 390.09375 537.15625 467.3125 385.65625 536.21875 472.875 384.1875 513.3125 461.8125 374 512.84375 464.59375 373.28125 501.96875 468.90625 427.6875 506.25 449.0625 428.90625 504.375 449.65625 432.5 507.53125 428.75 432.46875 505.375 429.4375 436.625 503.78125 408.09375 432.53125 502.09375 408.21875 434.15625 507 439.09375 486.25 511.125 430.65625 469.59375 511.34375 427.46875 471.21875 507.28125 418.59375 454.34375 507.59375 414.90625 456.28125 499.9375 406.0625 438.96875 500.21875 404.1875 440.21875 509.84375 478.1875 461.125 515.21875 455.78125 451.40625 515 454.21875 456.1875 511.1875 432.09375 443.03125 510.90625 430.28125 448.5625 501.46875 407.78125 436.125 501.3125 406.875 438.875 519.0625 443.40625 444.21875 514.90625 431.78125 434.9375 513.96875 430.65625 437.6875 508.65625 419.40625 427.5625 507.59375 418.125 430.71875 498.8125 409.875 419.375 497.78125 409.5 420.78125 542.9375 394.65625 484.375 526.78125 399.5 473.03125 529.8125 400.34375 470.40625 512.65625 403.625 458.5 516.15625 404.5625 455.46875 498.40625 401.625 443.21875 500 401.34375 441.5 553.125 426.59375 444.375 534.6875 423.375 448.3125 533.71875 424.90625 445.25 516.96875 414.5 447.09375 515.875 416.375 443.53125 500 402.84375 442.3125 499.59375 404 440.40625 564.6875 425.65625 472.625 540.5 424.53125 466.40625 541.875 427.4375 462.53125 519.65625 417.03125 453.8125 521.25 420.40625 449.34375 501.375 406.125 437.09375 502.15625 407.8125 434.875 470.90625 488.875 444.375 474.0625 485.5625 424.5625 477.59375 484.1875 426.125 479.65625 479.4375 405.65625 483.71875 477.84375 407.4375 481.8125 468.34375 387.9375 483.40625 466.875 388.84375 532.125 485.03125 420.28125 516.40625 485.03125 409.4375 518.3125 484.125 406.5625 502.4375 476.375 398.34375 504.71875 475.375 395 488.4375 464.28125 388.09375 489.84375 463.90625 386.375 503.21875 501.03125 453.03125 495.75 497.34375 429.46875 500.6875 496.75 428.53125 489.8125 484.5 408.3125 495.5 483.8125 407.25 485.40625 466.1875 388.84375 488.25 465.84375 388.3125 489.8125 496.0625 415.96875 481.78125 487.5 405.90625 484.625 486.34375 405.46875 475.6875 476.8125 396.125 479 475.46875 395.625 468.5625 463.8125 390.25 470 462.78125 390.40625 534.53125 501.90625 365.6875 522.8125 488.21875 375.15625 520.125 491.21875 374.5625 508.03125 476 382.875 504.90625 479.46875 382.15625 493.125 461.375 384.9375 491.4375 462.6875 383.9375 491.46875 521.46875 387.78125 495.78125 503.3125 392 492.59375 502.84375 393.53125 495.59375 483.53125 390.28125 491.84375 483.0625 392.09375 492.0625 463.28125 385.40625 490.0625 463.25 386.4375 519.59375 533.03125 385.1875 513.65625 509.90625 392.5625 509.53125 512.09375 394.40625 502 487.28125 392.25 497.21875 489.8125 394.375 486.5625 465.53125 387.4375 484.1875 466.8125 388.5 158.15625 188.03125 785.1875 170.875 190.09375 776.15625 171.6875 187.4375 777.6875 184.09375 189.25 767.1875 185.03125 186.1875 768.9375 194.46875 186.46875 754.96875 194.65625 184.6875 755.375 203.09375 167.8125 798.4375 201.25 177 787 203.8125 176.5 786.09375 199.75 180.3125 772.09375 202.75 179.71875 771.09375 197.46875 181.34375 755.90625 199.125 181 755.5625 170.75 180.1875 808.40625 180.15625 187.28125 793.0625 183.15625 185.21875 794.4375 188.1875 187.59375 775.0625 191.6875 185.1875 776.65625 195.625 183.5 755.875 197.34375 182.3125 756.65625 184.75 192.5 783.9375 185.6875 193.25 772.03125 187.3125 191.53125 772.46875 187.3125 191.84375 760.0625 189.1875 189.84375 760.59375 185.96875 188.375 748.25 186.53125 187.125 748.46875 237.03125 191.84375 783.21875 224.46875 185.65625 776 223.6875 188.71875 776 211.46875 182.03125 767.40625 210.53125 185.59375 767.4375 201.4375 178.5625 755.09375 201.25 180.28125 754.5625 203.84375 214.875 784.15625 202.15625 201.03125 779.25 199.625 201.59375 778.375 201.4375 189.5625 769.03125 198.4375 190.28125 768.03125 200.78125 180 755.78125 199.15625 180.5 755.375 220.6875 211.40625 800.34375 211.53125 197.75 790.15625 208.53125 200.21875 790.25 203.90625 188.75 774.375 200.4375 191.625 774.5 196.96875 183 755.4375 195.25 184.4375 755.5 -577.96875 272.21875 483.3125 -572.53125 262.59375 494.53125 -575.65625 262.09375 494.78125 -569.5 251.28125 505.40625 -573.09375 250.6875 505.71875 -565.65625 237.15625 512.5 -567.28125 236.4375 512.25 -607.6875 258.28125 522.375 -593.3125 254.96875 521.375 -593.5 253.21875 523.53125 -581.5 245.59375 518.5 -581.78125 243.59375 521.03125 -570.625 234.1875 514.0625 -570.90625 233.21875 515.5 -599.8125 282.34375 496.78125 -586.15625 271.53125 505.21875 -589 270.59375 507.71875 -576.09375 255.28125 510.0625 -579.375 254.1875 512.9375 -568.6875 235.875 512.90625 -570.3125 235.34375 514.34375 -577.125 265.9375 509.5625 -569.46875 256.78125 508.78125 -571.3125 255.71875 509.90625 -563.5625 246.1875 508.03125 -565.6875 244.9375 509.3125 -559 235.46875 503.90625 -560.15625 234.75 504.125 -583.96875 249.71875 558.8125 -582.875 244.34375 544.03125 -580.375 246.28125 544.125 -578.84375 239.4375 529.34375 -575.9375 241.6875 529.46875 -572.84375 230.84375 516.9375 -571.125 231.46875 517.15625 -562.15625 272.875 533.90625 -569.875 261.90625 527.6875 -568.53125 262.28125 525.28125 -572.59375 247.8125 522.1875 -571.0625 248.28125 519.375 -572.03125 232.375 516.8125 -571.1875 232.8125 515.34375 -576.84375 278.6875 551.5 -580.21875 265.84375 537.40625 -577.96875 268.1875 535.25 -576.78125 250.8125 525.15625 -574.15625 253.5 522.6875 -568.96875 234.875 513.96875 -567.65625 236.21875 512.75 -615.9375 157.3125 524.21875 -612.84375 168.125 513.1875 -611.6875 169.5625 515.75 -607.46875 179.90625 503.8125 -606.125 181.59375 506.78125 -598.4375 188.78125 493.625 -597.28125 189.34375 494.90625 -610.09375 206.40625 536.78125 -610.46875 201.46875 522.84375 -609.65625 203.9375 521.90625 -604.09375 197.375 509.53125 -603.15625 200.28125 508.4375 -595.0625 192.71875 496.6875 -594.6875 194.34375 496.25 -624.28125 174.1875 544.375 -621.21875 180 526.15625 -620.5625 183.46875 527.8125 -611.0625 185.28125 510.125 -610.3125 189.3125 512 -596.6875 190.5625 495.78125 -596.28125 192.53125 496.75 -620.15625 182.34375 514.96875 -613.65625 181.46875 504.96875 -612.625 183.40625 506 -605.40625 181.625 496.03125 -604.25 183.84375 497.1875 -595.5 179.25 489.03125 -594.65625 180.03125 489.78125 -621.90625 233.34375 503.6875 -611.96875 221.15625 504.25 -614.40625 219.84375 502.65625 -603.28125 207.875 502.34375 -606.0625 206.375 500.5 -592.59375 196.9375 496.8125 -593.65625 196.40625 495.40625 -639.125 197.21875 498.15625 -625.0625 197.21875 502.6875 -624.84375 194.53125 502.1875 -609.71875 197.03125 501.40625 -609.53125 193.84375 500.84375 -594.09375 196.15625 496.625 -594.1875 194.4375 496.375 -646.96875 216.5 509.3125 -629.46875 208.46875 511.15625 -631.34375 205.125 510.4375 -612.40625 200.3125 505.5625 -614.59375 196.46875 504.71875 -596.09375 191.875 495.4375 -597.1875 189.96875 495.03125 -249.90625 747.40625 -73.875 -231.1875 746.5625 -63.09375 -233.96875 747 -59.78125 -214.4375 744.21875 -49.03125 -217.6875 744.71875 -45.21875 -198.5625 735.5 -36.03125 -200.125 734.90625 -34.1875 -244.21875 775.34375 -9.90625 -228.53125 767.8125 -20.375 -226.28125 768.03125 -17.3125 -214.21875 753.03125 -24.96875 -211.625 753.375 -21.40625 -201.15625 735.03125 -28.21875 -199.90625 735.4375 -26.21875 -266.78125 774.75 -53.90625 -241.125 768.34375 -51.15625 -241.75 770.28125 -46.1875 -219.53125 754 -43.375 -220.25 756.25 -37.625 -200.78125 735.28125 -32.09375 -201.15625 736.40625 -29.21875 -225.84375 764.5625 -51.4375 -214.34375 752.84375 -51.1875 -214.90625 753.1875 -47.96875 -203.9375 740.09375 -48.21875 -204.59375 740.53125 -44.5 -197.5 724.53125 -46.34375 -198.21875 724.28125 -44.59375 -187.5 794.125 1.53125 -195.34375 775.125 -5.1875 -193.53125 776.59375 -8.875 -200.28125 756.03125 -14.84375 -198.1875 757.71875 -19.09375 -199.71875 734.78125 -21.625 -198.0625 735.1875 -23.4375 -194.625 790.09375 -53.3125 -202.46875 775.15625 -42 -203.09375 773.0625 -45.09375 -203.125 756.59375 -31.96875 -203.90625 754.1875 -35.625 -199.65625 736.03125 -23.65625 -200.125 734.9375 -25.75 -198.9375 815.15625 -33.15625 -207.53125 790.25 -29.53125 -207.875 790.1875 -34.875 -206.53125 763.25 -28.71875 -206.96875 763.125 -34.90625 -199.8125 735.28125 -30.28125 -200 735.25 -33.34375 -635.03125 200.34375 539 -621.09375 204.90625 523.09375 -618.65625 205.78125 526.59375 -604.09375 208.625 509.71875 -601.25 209.625 513.75 -586.40625 205.8125 496.375 -584.78125 205.53125 498.28125 -581.59375 244.375 549.75 -586.375 236.625 531.59375 -583.15625 237.9375 530.125 -583.875 223.28125 515.46875 -580.125 224.90625 513.78125 -579.40625 207.0625 500.59375 -577.40625 208.125 499.84375 -627.0625 229.3125 562.03125 -617.875 227.4375 537.15625 -613.875 230.46875 539 -602.4375 218.71875 516.71875 -597.8125 222.25 518.8125 -583.03125 206.34375 499.40625 -580.75 208.09375 500.46875 -614.21875 225.875 521.9375 -608.5 216.3125 509.84375 -605.6875 217.40625 511.125 -600.1875 206.34375 499.34375 -596.90625 207.625 500.8125 -592.8125 192.8125 492.21875 -591.25 192.9375 493.28125 -565.4375 273.125 498.65625 -567.9375 252.125 503.25 -571.46875 252.84375 500.8125 -572.5625 230.6875 504.375 -576.65625 231.5 501.5625 -572.875 208.6875 500.625 -574.375 208.84375 498.625 -617.28125 254.09375 493.25 -603.90625 241.65625 502.125 -606.34375 238.78125 501.90625 -589.375 226.40625 503.46875 -592.28125 223.0625 503.21875 -575.09375 209.375 500.21875 -576.84375 207.75 500.125 -606.1875 282.65625 503.90625 -597.375 258.625 511 -602.4375 257.125 510.1875 -588.84375 233.125 508.03125 -594.6875 231.375 507.0625 -581.15625 206.9375 498.84375 -584.09375 206.0625 498.375 -669.46875 398.9375 132.6875 -653.75 404.0625 130.90625 -653.65625 402.96875 134.0625 -637.125 407.125 131.28125 -637.03125 405.875 134.9375 -620.09375 405.71875 129.40625 -619.875 404.5625 130.9375 -639.96875 412.78125 175.625 -635.21875 414.625 160.84375 -632.5 415.25 161.75 -626.6875 410.5 147.6875 -623.5625 411.28125 148.78125 -617.4375 403.625 134.78125 -615.84375 404.125 135.53125 -674.28125 408.84375 159.625 -657.71875 413.65625 148.65625 -655.9375 414.1875 152.34375 -639.0625 411.1875 139.71875 -637.03125 411.8125 143.96875 -619.25 404.34375 132.53125 -618.25 404.65625 134.625 -648.8125 416.78125 141.03125 -640 413.15625 132.75 -638.71875 412.84375 134.9375 -630.15625 408.15625 126.15625 -628.71875 407.78125 128.65625 -622.40625 399.90625 119.65625 -621.875 399.28125 120.84375 -607.65625 444.875 164.875 -611.21875 430.0625 158.21875 -612.4375 432.09375 155.84375 -614.6875 416.53125 148.6875 -616.09375 418.875 145.96875 -613.28125 403.25 137.875 -613.40625 404.34375 136.28125 -638.4375 445.5 135.28125 -633.71875 431.40625 140.1875 -635.15625 430.125 138.03125 -625.03125 417.6875 140.28125 -626.78125 416.21875 137.75 -614.53125 404.34375 137.09375 -615.625 403.6875 135.75 -635.90625 458.46875 156.4375 -633.34375 438.3125 154.15625 -636.21875 438.6875 151.25 -626.625 420.53125 145.65625 -629.96875 420.96875 142.25 -617.8125 404.5 133.125 -619.46875 404.75 131.4375 -210.5 766.375 -84.6875 -215.4375 750.5 -84.90625 -215.3125 751.125 -88.1875 -219.09375 734.28125 -87.9375 -218.9375 735 -91.71875 -217.8125 717.28125 -90.25 -217.125 717.4375 -92.03125 -237.25 746.40625 -127.03125 -234.90625 738.53125 -113.71875 -235.875 736.09375 -114.96875 -227.4375 727.5 -104.46875 -228.625 724.65625 -105.9375 -217.4375 715.9375 -96.4375 -218.21875 714.5 -97.3125 -227.625 776.59375 -105.90625 -229.65625 757.90625 -97.8125 -231.28125 756.96875 -101.46875 -225.3125 737.875 -94.1875 -227.21875 736.78125 -98.40625 -217.40625 717.1875 -93.71875 -218.34375 716.625 -95.8125 -230.71875 747.5 -91.71875 -225.15625 737.21875 -86.9375 -225.53125 736.46875 -89.34375 -218.8125 726.34375 -84.34375 -219.25 725.46875 -87.09375 -209.3125 717.59375 -82.34375 -209.09375 717.34375 -83.75 -265.96875 711.625 -114.5625 -249.75 714.125 -111.90625 -250.96875 714.71875 -108.84375 -233.90625 715.84375 -106.21875 -235.3125 716.5625 -102.6875 -218.125 712.53125 -100.28125 -218.71875 712.25 -98.46875 -256.875 735.28125 -80.21875 -245 732.15625 -89.90625 -243.09375 733.15625 -87.9375 -232.21875 724.09375 -95.84375 -230 725.3125 -93.53125 -218.90625 713.53125 -99 -217.84375 714.34375 -97.6875 -275.53125 737 -96.71875 -255.6875 734.59375 -101 -255.09375 736.78125 -97.53125 -236.4375 726.75 -99.65625 -235.78125 729.25 -95.65625 -217.78125 715.90625 -94.53125 -217.46875 717.15625 -92.5625 -771.9375 1.875 -205.0625 -759.78125 -10.5625 -215.5625 -760.53125 -7.6875 -218.40625 -746.5 -20.0625 -228.25 -747.375 -16.75 -231.53125 -728.9375 -26.46875 -237.8125 -728.71875 -24.53125 -239.125 -774.0625 0.375 -270.9375 -763.71875 -11.6875 -260.34375 -762.0625 -12.90625 -263.25 -746.875 -18.375 -252.3125 -745 -19.78125 -255.75 -727.75 -22.375 -244.28125 -726.9375 -23.125 -246.28125 -795.65625 9.03125 -230.625 -778.09375 -8.625 -232.71875 -778.5625 -7.78125 -237.65625 -754.9375 -18.59375 -236.1875 -755.5 -17.65625 -241.90625 -728.78125 -23.65625 -241.03125 -729.03125 -23.1875 -243.875 -768.1875 -19.625 -232.28125 -753.6875 -24.15625 -229.34375 -753.375 -23.09375 -232.25 -738.25 -26.75 -228.34375 -737.875 -25.53125 -231.6875 -722.65625 -25.1875 -225.15625 -722.34375 -24.09375 -226.53125 -759.375 -50.90625 -291.46875 -750.03125 -38.3125 -278.5 -751.3125 -41.21875 -275.9375 -740.0625 -28.65625 -263.1875 -741.53125 -32 -260.21875 -725.125 -21.9375 -250.0625 -725.15625 -23.90625 -248.75 -774.03125 -55.96875 -241.625 -763.0625 -40.875 -245.84375 -762.5625 -40.1875 -242.375 -746.34375 -30.4375 -248.21875 -745.8125 -29.6875 -244.15625 -726.59375 -22.96875 -248.71875 -726.53125 -22.625 -246.5 -790.125 -58.125 -267.46875 -773.84375 -40.09375 -261.53125 -775.34375 -40.96875 -256.8125 -752.21875 -29.65625 -253.0625 -753.96875 -30.6875 -247.625 -727.84375 -24.0625 -242.65625 -728.71875 -24.59375 -239.9375 -172.28125 417.28125 -615.53125 -152.5625 421.5625 -618.1875 -153.8125 424.9375 -616.25 -132.96875 428.09375 -617.78125 -134.40625 432 -615.53125 -112.875 430.96875 -612.46875 -113.34375 432.46875 -610.71875 -151.15625 479.71875 -616.21875 -140.0625 464.6875 -620.25 -137.15625 466.75 -620.1875 -126.1875 451.15625 -616 -122.84375 453.625 -615.96875 -112.09375 437.46875 -608.25 -110.40625 438.96875 -608.34375 -185.78125 449.375 -622.96875 -161.875 443.25 -626.9375 -161.0625 448.1875 -626.40625 -137.5625 438.21875 -621.34375 -136.59375 443.9375 -620.75 -113.25 434.4375 -610 -112.78125 437.28125 -609.6875 -148.34375 438.09375 -630.03125 -135.78125 430.4375 -625.3125 -135.15625 433.25 -624.1875 -122.9375 424.625 -618.375 -122.21875 427.90625 -617.09375 -113.03125 417.46875 -608.09375 -112.96875 418.875 -606.96875 -104.4375 485.9375 -648.65625 -108.71875 473.28125 -633.3125 -108.9375 470.6875 -636.5 -111.65625 457.6875 -620.0625 -111.875 454.71875 -623.71875 -108.4375 442.21875 -606.21875 -107.8125 440.65625 -607.84375 -129.3125 442.21875 -662.65625 -128.03125 445.71875 -643.90625 -129.1875 442.4375 -643.15625 -120.40625 445.03125 -625.59375 -121.78125 441.1875 -624.75 -109.40625 441.21875 -607.9375 -110.3125 439.15625 -607.6875 -131.71875 470.78125 -673.125 -131.4375 463.71875 -649.15625 -133.65625 459.53125 -650.875 -123.6875 451.4375 -628.25 -126.25 446.59375 -630.25 -111.75 435.65625 -609.71875 -113.03125 433.25 -610.71875 -442.90625 -282.6875 -627.65625 -423.875 -289.78125 -626.90625 -423.21875 -286.0625 -628.5 -403.53125 -293.25 -625.90625 -402.78125 -288.9375 -627.71875 -383.78125 -295.0625 -619 -383.3125 -292.75 -619.15625 -396.375 -258.3125 -667.4375 -393.75 -273.34375 -655.96875 -390.25 -273.3125 -656.59375 -387 -282.28125 -639.59375 -382.90625 -282.21875 -640.40625 -379.6875 -288.71875 -620.84375 -377.53125 -288.59375 -621.5 -441.4375 -266.625 -659.40625 -423.46875 -281.6875 -650.75 -420.46875 -279 -653.75 -403.46875 -289 -636.75 -400 -285.875 -640.25 -382.25 -291.1875 -620.0625 -380.53125 -289.65625 -621.8125 -414.125 -291.75 -645.15625 -405.875 -296.75 -633.09375 -403.90625 -294.65625 -634.28125 -396.21875 -299.1875 -620.9375 -393.96875 -296.75 -622.3125 -389.4375 -298.6875 -606.5 -388.59375 -297.125 -606.8125 -356.09375 -297.15625 -679.25 -363.6875 -290.4375 -661.625 -365.40625 -294.15625 -661.8125 -371.65625 -287.34375 -642.8125 -373.625 -291.625 -643.03125 -374.0625 -286 -622 -374.40625 -288.3125 -621.6875 -399.34375 -321.65625 -663.34375 -394.40625 -305.875 -653.71875 -396.78125 -306.59375 -651.1875 -385.75 -295 -639.5625 -388.59375 -295.875 -636.625 -375.59375 -287.5 -622.625 -377.28125 -288.03125 -621.21875 -389.96875 -313.84375 -691.3125 -390 -299.25 -671.03125 -394.03125 -301.9375 -669.71875 -386.125 -292.46875 -646.78125 -390.78125 -295.59375 -645.28125 -380.375 -290.90625 -620.375 -382.6875 -292.46875 -619.625 -377.71875 -255.28125 -672.15625 -370.09375 -271.15625 -662 -366.65625 -269.40625 -663.34375 -359.25 -285.0625 -651.25 -355.25 -283.0625 -652.8125 -349.375 -295.21875 -635.75 -347.46875 -293.875 -635.84375 -318.21875 -279.34375 -687.0625 -330.1875 -287.5 -674.59375 -327.625 -289.71875 -673.5 -336.65625 -291.78125 -656.34375 -333.625 -294.40625 -655.15625 -341.75 -293.6875 -635.9375 -340.0625 -295.09375 -635.5 -356.3125 -256.3125 -700.5625 -357.21875 -274.40625 -683.34375 -352.46875 -275.3125 -684.8125 -353.0625 -286.0625 -661.09375 -347.59375 -287.09375 -662.78125 -345.40625 -293.6875 -636.28125 -342.6875 -294.21875 -637.09375 -359.5625 -285.03125 -673.28125 -361.0625 -288.9375 -658.40625 -357.96875 -288.96875 -658.6875 -359.9375 -291.75 -643 -356.34375 -291.78125 -643.3125 -359.34375 -289.9375 -627.15625 -357.625 -289.40625 -627.125 -314.4375 -335.25 -675.5 -320.15625 -319.375 -664.125 -323.78125 -321.15625 -664.78125 -328.9375 -305.53125 -651.5625 -333.125 -307.5625 -652.34375 -335.8125 -295.375 -634.5 -337.71875 -296.75 -634.21875 -364.75 -322.03125 -680.03125 -353.53125 -309.875 -670.4375 -356.375 -308.0625 -669.28125 -344.53125 -301.71875 -654.75 -347.875 -299.625 -653.4375 -337.6875 -295.8125 -635.65625 -339.59375 -294.71875 -635.15625 -344.84375 -332.25 -700.78125 -340.90625 -314.0625 -684.09375 -345.84375 -313.1875 -684.625 -340.90625 -302.375 -661.46875 -346.59375 -301.375 -662.09375 -343.84375 -294.6875 -635.65625 -346.6875 -294.1875 -635.96875 9.375 159.03125 -800.75 20.5 144.1875 -792.40625 23.34375 147.09375 -792.84375 34.03125 132.03125 -782.625 37.3125 135.375 -783.15625 44.96875 122.0625 -767.71875 46.34375 123.90625 -767.25 74.59375 156.84375 -809.75 64.625 143.09375 -800.96875 67.625 141.53125 -799.875 58 133.34375 -785.0625 61.53125 131.5 -783.84375 51.6875 125.71875 -766.375 53.6875 124.8125 -765.9375 32.78125 170.3125 -825.0625 35.875 149.4375 -811.625 40.78125 150.28125 -812.40625 41.15625 135 -791.34375 46.84375 135.9375 -792.25 48.28125 124.71875 -767.3125 51.09375 125.21875 -767.75 35.96875 136.71875 -804.0625 34.25 129.4375 -790.53125 37.21875 130.34375 -790.3125 34.625 123.8125 -775.875 38.0625 124.875 -775.59375 33 122.28125 -760.0625 34.4375 123.28125 -759.6875 94.53125 103.25 -807.59375 83 113.96875 -794.71875 80.21875 111.4375 -796.25 69.09375 121.6875 -781.53125 65.84375 118.75 -783.34375 57.6875 125.53125 -764.3125 56.28125 123.65625 -764.59375 43.375 102.09375 -817.84375 49.1875 114.625 -804.625 45.8125 115.25 -803.65625 53.5 121.46875 -786.5 49.53125 122.1875 -785.4375 56.1875 124.84375 -765.8125 53.96875 125.1875 -765.46875 67.46875 102.75 -836.5625 63.78125 117.25 -816.5625 58.90625 116.78125 -817.71875 57.8125 123.34375 -792.5625 52.1875 122.78125 -793.90625 50 124.125 -766.65625 47.1875 123.84375 -767.3125 179.84375 114.6875 -786.4375 162.375 120.625 -777.9375 161.03125 117.625 -780.40625 143.4375 123.0625 -770.03125 141.90625 119.59375 -772.84375 126.625 121.9375 -757.5 125.96875 119.8125 -758.28125 122.34375 103.90625 -816.78125 124.1875 114.15625 -800.75 120.625 114.25 -800.3125 122.96875 116.90625 -781.15625 118.8125 117 -780.75 121.6875 116.5 -760.0625 119.4375 116.5625 -760.09375 168.375 110.15625 -819.8125 154.6875 120.96875 -801.90625 150.78125 119.375 -804.65625 140.03125 122.6875 -781.15625 135.5 120.84375 -784.3125 124.5625 118.625 -759.3125 122.3125 117.71875 -760.875 148.09375 128.375 -790.90625 143.9375 128.84375 -776.03125 141.5625 127.1875 -777.21875 138.28125 126.8125 -761.5 135.5625 124.90625 -762.875 135.78125 121.3125 -746.71875 134.78125 119.9375 -747.25 83.375 143.46875 -803 95.09375 131.40625 -791.5625 96.96875 135 -791 107.78125 122.375 -777.96875 109.9375 126.53125 -777.3125 115.8125 114.1875 -760.375 116.375 116.25 -759.4375 131.09375 162.25 -793.15625 127.84375 144.0625 -788.28125 130.90625 143.9375 -786.4375 122.71875 128.84375 -776.59375 126.3125 128.75 -774.5 117.1875 115.84375 -760.875 119.25 115.9375 -759.90625 113.6875 164.0625 -818.1875 118.3125 143.5 -804.75 122.75 145.6875 -803.84375 120.875 128.90625 -784.03125 126 131.46875 -783 122.65625 118.40625 -759.125 125.21875 119.6875 -758.59375 -219.96875 749.125 -147.84375 -232.375 731.5 -146.40625 -231 731.15625 -150.53125 -242.53125 712.0625 -147.90625 -240.9375 711.6875 -152.65625 -247.3125 690.3125 -146.4375 -245.9375 689.6875 -148.4375 -247.78125 720.25 -205.28125 -252.09375 714.21875 -186.375 -253.9375 711.15625 -187.6875 -250.46875 701.34375 -169.78125 -252.625 697.8125 -171.375 -245.625 686.53125 -153.59375 -246.875 684.75 -154.65625 -230.03125 760.40625 -182.53125 -242.5 741.09375 -169.25 -243.78125 739.28125 -174.125 -246.6875 716.5 -158.6875 -248.15625 714.4375 -164.34375 -245.84375 688.90625 -150.53125 -246.59375 687.875 -153.34375 -249.90625 730.8125 -159.84375 -248.875 718 -149.59375 -248.9375 716.4375 -152.53125 -246.5 703.53125 -141.625 -246.5625 701.75 -144.96875 -239.34375 690.375 -133.65625 -238.75 689.53125 -135.25 -300.15625 691.84375 -193.125 -280.5 690.21875 -184.3125 -282.59375 692.375 -181.15625 -262.5 688.8125 -171.75 -264.9375 691.28125 -168.125 -246.71875 681.375 -157.8125 -248.0625 681.84375 -155.75 -289.59375 728.59375 -152.90625 -273.84375 717.625 -159.59375 -271.71875 718.8125 -156.71875 -260.125 701.59375 -160.25 -257.65625 703.0625 -156.875 -247.59375 683.28125 -156.75 -246.375 684.3125 -154.9375 -306.375 731.59375 -180.5 -282.34375 720.59375 -177.75 -281.78125 724.15625 -173.78125 -262.96875 705 -167.09375 -262.28125 709.09375 -162.53125 -246.625 687.21875 -151.40625 -246.28125 689.25 -149.125 -292.15625 695 -274.28125 -280.96875 685.90625 -258.1875 -284.96875 685.875 -256.5 -273.15625 674.84375 -240.875 -277.78125 674.8125 -238.9375 -265.96875 658.53125 -227.4375 -268.28125 657.78125 -226.8125 -316.03125 697.1875 -208.46875 -297.75 689.96875 -213.625 -297.21875 688.59375 -210.15625 -283.90625 674.59375 -217.625 -283.34375 673.03125 -213.5 -272.03125 656.125 -222.375 -271.875 655.5 -220.0625 -314.8125 717.21875 -253.6875 -294.03125 704.0625 -243.5625 -296.8125 704.28125 -238.96875 -279.71875 683.03125 -234.3125 -282.9375 683.3125 -229.03125 -269.84375 657.5625 -225.25 -271.4375 657.6875 -222.625 -280.75 696.9375 -239.0625 -271.5 683.34375 -239 -273.5 682.71875 -236.46875 -264.59375 668.21875 -237.625 -266.9375 667.46875 -234.6875 -260.8125 651.8125 -239.90625 -262.3125 651.1875 -238.90625 -270.65625 696.1875 -168 -275.46875 683.21875 -184.59375 -272.03125 685.34375 -186.21875 -276.34375 670.375 -202.40625 -272.40625 672.84375 -204.3125 -273.9375 653.28125 -216.5625 -271.59375 653.875 -217.15625 -250.90625 712.9375 -217.0625 -264.125 697.5 -217.34375 -263.3125 696.8125 -220.96875 -270.625 677.4375 -217.25 -269.71875 676.6875 -221.53125 -272.84375 655.0625 -217.625 -272.3125 654.9375 -219.96875 -262.78125 729.90625 -192.0625 -273.59375 708.21875 -203.03125 -271.34375 710.0625 -207.53125 -274.78125 683.21875 -213.25 -272.1875 685.3125 -218.46875 -269.84375 656.71875 -223.375 -268.5625 657.75 -225.96875 -201.09375 721.09375 -218.84375 -215.46875 709.125 -208.03125 -217.375 709.3125 -211.9375 -231.03125 695.4375 -200.71875 -233.21875 695.65625 -205.21875 -242.21875 677.0625 -194.75 -242.875 676.46875 -197.09375 -267.9375 718.1875 -239.5 -261.0625 709.8125 -222.34375 -264.34375 708 -221.84375 -254.65625 693.65625 -210.40625 -258.5625 691.59375 -209.84375 -247.3125 674.71875 -200.8125 -249.53125 673.8125 -200.59375 -225.1875 743 -238.09375 -232.6875 726.75 -218.4375 -237.40625 726.71875 -221 -238.78125 703.46875 -206.09375 -244.25 703.4375 -209.03125 -244.5 676.25 -198.59375 -247.1875 676.25 -200.0625 -235.625 717.84375 -205.8125 -233.71875 703.46875 -198.0625 -236.28125 702.75 -200.03125 -233.09375 687.65625 -192.78125 -236.03125 686.8125 -195.03125 -228.8125 671.3125 -190.875 -229.8125 670.75 -192.375 -305.5625 708 -192.8125 -287.90625 697.5625 -199.6875 -286.34375 699.5 -196.125 -268.90625 687 -202.71875 -267.09375 689.25 -198.59375 -252.875 671.46875 -202.75 -252.21875 671.84375 -200.375 -257.59375 728.125 -173.53125 -256.34375 714.25 -188.28125 -252.625 713.90625 -187.75 -254.625 695.0625 -196.90625 -250.25 694.71875 -196.25 -251.9375 673.21875 -201.5 -249.5625 673.3125 -201.09375 -284.875 743.25 -182.40625 -272.25 724.1875 -195.9375 -267.84375 726.28125 -193.71875 -259.4375 700.71875 -200.21875 -254.375 703.15625 -197.65625 -246.25 675.1875 -198.59375 -243.71875 676.40625 -197.3125 131.8125 647.78125 -453.21875 136.15625 628.875 -459.34375 139.4375 629.65625 -457 142.625 609.46875 -462.3125 146.375 610.375 -459.59375 145.125 588.6875 -460.71875 146.53125 588.8125 -458.84375 194.09375 626.3125 -454.28125 179.3125 616.375 -461.21875 181.34375 613.46875 -461.59375 165.53125 602.15625 -460.5 167.96875 598.8125 -460.9375 151.34375 587.03125 -456.375 152.84375 585.375 -456.6875 164.3125 662 -456.0625 158.375 639.34375 -464.84375 163.28125 638.375 -464.21875 152.9375 614.5 -464.3125 158.625 613.375 -463.5625 148.4375 588.53125 -458.03125 151.25 587.96875 -457.65625 153.375 626.71875 -470.78125 145.40625 613.59375 -469 148.15625 612.75 -467.84375 139.1875 599.75 -464.96875 142.375 598.75 -463.65625 131.40625 588.1875 -457.1875 132.71875 587.875 -456.03125 202.125 586.5 -494.59375 188.59375 587.96875 -479.5 186.21875 588.8125 -482.71875 172.25 588.53125 -466.84375 169.5 589.5 -470.5625 155.96875 582.96875 -454.8125 154.5 582.6875 -456.625 159.40625 614.1875 -506.125 161.78125 609.34375 -487.78125 158.46875 610.34375 -487.03125 159.96875 598.34375 -471.34375 156.09375 599.625 -470.5 155.0625 584.28125 -456.375 153 585.125 -456.0625 188.5625 618.15625 -514.28125 180.0625 613.40625 -491.25 176 615.96875 -492.75 166.53125 602 -472.96875 161.8125 604.96875 -474.71875 149.625 587 -458 147.3125 588.46875 -458.875 531.9375 -300.34375 -509 519.28125 -284.4375 -508.125 517.3125 -286.8125 -510.78125 503.71875 -270.84375 -508.1875 501.4375 -273.59375 -511.25 486.40625 -260.125 -503.09375 484.9375 -261.71875 -503.96875 490.75 -287.28125 -558.75 493.125 -275.84375 -543.625 490.3125 -273.875 -544.625 487.875 -268.1875 -526.125 484.59375 -265.875 -527.34375 480.3125 -262.75 -507.15625 478.625 -261.53125 -508.03125 530.5625 -306.34375 -544.0625 520.78125 -286.0625 -533.1875 517.6875 -286.0625 -537.15625 504.25 -272.125 -519.75 500.6875 -272.125 -524.34375 483.5 -262.25 -505.40625 481.71875 -262.25 -507.71875 516.5625 -273.9375 -525.84375 509.1875 -267.78125 -513.71875 506.78125 -268.21875 -515.6875 499.34375 -263.03125 -502.4375 496.59375 -263.53125 -504.6875 489.875 -262.6875 -489.5625 488.5 -263.4375 -490.40625 478.96875 -231.4375 -562.4375 477.75 -244.5625 -546.96875 481.03125 -242.40625 -545.84375 478.3125 -255.15625 -529.21875 482.125 -252.65625 -527.9375 474.5625 -261.71875 -509.625 475.90625 -260.0625 -508.625 523.28125 -237.875 -535.65625 509.09375 -250.03125 -531.75 510.8125 -251.21875 -528.875 493.03125 -257.09375 -522.4375 495.125 -258.5 -519.09375 476.71875 -261.1875 -509.625 478.0625 -261.90625 -507.9375 518.46875 -233.59375 -565.46875 506.34375 -249.625 -550.59375 510.75 -249.84375 -548.125 493.875 -257.90625 -530 498.96875 -258.1875 -527.15625 481.875 -261.40625 -505.96875 484.375 -261.53125 -504.5625 573.1875 -256 -465.1875 553.65625 -255.09375 -470.71875 554.28125 -259.125 -470.9375 533.59375 -257.75 -474.96875 534.34375 -262.40625 -475.1875 512.8125 -260 -473.09375 512.90625 -262.28125 -472.46875 546.25 -303.875 -501.5625 537.28125 -287.65625 -497.0625 534.1875 -288.9375 -498.28125 524.40625 -276.71875 -486.65625 520.8125 -278.28125 -488.15625 510.875 -267.53125 -473.25 509.0625 -268.46875 -474.25 584.25 -280.40625 -488.59375 561.75 -269.625 -489.59375 560.375 -273.84375 -491.96875 537.53125 -264.84375 -483.34375 535.96875 -269.75 -486.0625 512.53125 -264.28125 -472.96875 511.75 -266.71875 -474.3125 549.28125 -261.625 -489.96875 537.0625 -256 -482.34375 536.03125 -258.84375 -483.03125 524.0625 -253.0625 -473.96875 522.875 -256.375 -474.78125 513.75 -251.3125 -461.9375 513.40625 -253.0625 -461.78125 503.46875 -284.3125 -534.125 507.09375 -282.875 -514.15625 507.9375 -279.0625 -515.34375 509.875 -277.71875 -494.34375 510.84375 -273.28125 -495.71875 506.53125 -272.03125 -474.40625 506.28125 -269.75 -474.90625 534.09375 -244.375 -520.1875 530.1875 -257.3125 -506.65625 531.53125 -255.1875 -504.15625 520.4375 -265.5625 -491.46875 522.09375 -263.0625 -488.5625 507.8125 -270.40625 -475.21875 508.875 -268.96875 -473.8125 534.9375 -262.5625 -544.6875 532.40625 -269.78125 -520.875 535.21875 -265.71875 -519.875 523.40625 -269.875 -497.0625 526.65625 -265.1875 -495.90625 510.90625 -265.21875 -473.5 512.53125 -262.875 -472.90625 627.8125 -460.375 -89.71875 617.21875 -454.78125 -106.15625 615.3125 -458.28125 -105.1875 603.59375 -451.125 -121.25 601.40625 -455.15625 -120.15625 587.25 -443.84375 -132.21875 585.6875 -445.34375 -131.25 595.25 -505.0625 -125.59375 597.09375 -486.71875 -130.5625 594.6875 -487.125 -133.1875 590.625 -468.0625 -132.46875 587.84375 -468.59375 -135.53125 581.4375 -449.03125 -132.15625 580.03125 -449.53125 -133.875 630.1875 -495.25 -96.46875 621.6875 -478.5625 -113.03125 619.15625 -482.5 -114.9375 605.4375 -462.3125 -123.96875 602.5 -466.84375 -126.15625 584.40625 -447 -131.5 582.96875 -449.25 -132.59375 618.125 -467.6875 -122.40625 610.03125 -454.78125 -125.125 607.90625 -456.9375 -125.75 599.5 -443.3125 -127.1875 597.03125 -445.78125 -127.9375 588.59375 -431.9375 -124.625 587.25 -433.09375 -124.4375 591.0625 -489.28125 -180.40625 586.25 -479.6875 -163.125 589.625 -477.65625 -164.1875 583.21875 -466.96875 -147.125 587.125 -464.59375 -148.375 576.21875 -451.375 -134.90625 577.625 -449.75 -135.875 630.46875 -463.3125 -158.0625 614.46875 -465.125 -147.78125 615.65625 -462.78125 -145.375 596.59375 -460.25 -140.59375 598.0625 -457.5 -137.8125 578.40625 -451.03125 -135.0625 579.4375 -449.625 -133.59375 630.0625 -489.875 -173.0625 614.25 -482.71875 -155.0625 618.21875 -480.1875 -153.3125 598.3125 -467.5 -142.3125 602.90625 -464.5625 -140.28125 582.96875 -447.34375 -132.75 585.25 -445.875 -131.71875 185.84375 -692.8125 369.53125 187.15625 -692.6875 349.25 183.4375 -694.3125 349.75 184.625 -692.375 328.71875 180.34375 -694.25 329.3125 180.5625 -686.1875 309.09375 178.25 -686.375 309.3125 149.84375 -734.4375 333.25 163.3125 -722.9375 326.03125 162.25 -723.6875 322.71875 169.625 -706.75 316.5 168.40625 -707.71875 312.625 173.34375 -688.21875 307.03125 172.65625 -688.96875 305.03125 170.59375 -724.6875 373.75 179.6875 -716.5625 351.9375 176.3125 -719.71875 349.9375 180.75 -703.28125 330.25 176.8125 -706.90625 327.9375 176.46875 -687.34375 308.78125 174.5 -689.15625 307.625 186.5625 -711.25 339.9375 188.8125 -699.46875 330.1875 186.25 -700.75 328.96875 188.15625 -687.625 319.875 185.1875 -689.09375 318.46875 185.46875 -673.46875 313.03125 183.75 -673.8125 312.71875 175.71875 -747.375 283.90625 171.15625 -729.53125 292.5625 175.1875 -729.625 293.15625 170.125 -710.46875 300.46875 174.8125 -710.59375 301.125 169.15625 -689.59375 302.46875 171.46875 -689.28125 302.125 211.28125 -729.71875 317.78125 194.59375 -720.4375 317.28125 195.9375 -717.78125 319.25 181.4375 -706.65625 311.625 183.03125 -703.625 314.03125 171.0625 -690.15625 303.53125 172.03125 -688.6875 304.9375 201.625 -758.09375 311.96875 187.28125 -737.9375 315.53125 191 -736.4375 318.5625 179.28125 -713.90625 312.96875 183.59375 -712.1875 316.5 175.65625 -687.71875 307.0625 177.78125 -686.84375 308.8125 244.34375 -719.0625 311.6875 224.625 -716.8125 316.1875 226.34375 -715.4375 319.625 205.8125 -711.75 323.125 207.8125 -710.125 327.09375 187.78125 -701.59375 326.59375 188.71875 -700.125 328.1875 224.09375 -717.46875 374.40625 212.25 -717.75 359.40625 209.46875 -717.0625 361.5 199.875 -709.4375 346.34375 196.65625 -708.65625 348.875 188.15625 -697.65625 333.3125 186.5 -697.375 334.84375 255.65625 -731.3125 343.125 231.5 -728.71875 337.28125 230.875 -728.25 342.25 209.40625 -716.84375 332.96875 208.65625 -716.3125 338.71875 188.8125 -699.46875 330.1875 188.4375 -699.1875 333.0625 217.59375 -728 332.25 206.625 -719.8125 325.03125 206.3125 -718.71875 327.9375 195.9375 -709.53125 319.8125 195.59375 -708.28125 323.15625 189 -696.71875 313.34375 189.1875 -695.6875 314.78125 170.65625 -737.125 379.9375 178.6875 -722.78125 367.9375 178.03125 -725.78125 365.21875 184.8125 -709.96875 352.96875 184.0625 -713.40625 349.8125 185.15625 -695 338.21875 184.125 -696.34375 336.59375 190.875 -754.8125 335.1875 194.46875 -736.5625 339.59375 195.75 -735.96875 336.3125 191.78125 -716.90625 339.90625 193.28125 -716.25 336.0625 185.65625 -696.84375 337.125 186.5625 -696.71875 335.0625 190.6875 -767 363.15625 196.5 -743.40625 357.25 198.1875 -745.4375 352.9375 194.3125 -720.625 346.09375 196.25 -722.96875 341.125 187.4375 -698.90625 331.4375 188.40625 -700.0625 328.96875 459.28125 -344.71875 629.75 444.5 -351.46875 617.53125 442.28125 -349.5625 620.375 427.5 -355.34375 606.4375 424.9375 -353.125 609.71875 412.1875 -354.28125 592.125 411 -352.59375 593.25 398.125 -353.71875 652.625 403.78125 -358.8125 635.09375 400.4375 -359.46875 634.125 405.1875 -356.5 615.4375 401.21875 -357.28125 614.375 405.9375 -350.75 595.125 403.75 -351.25 594.78125 443.8125 -351.46875 661.09375 434.8125 -359.625 639.25 430.375 -359.625 641.65625 423.03125 -358.625 616.6875 417.90625 -358.59375 619.46875 409.28125 -352.03125 594.3125 406.71875 -352 595.6875 431.15625 -365 625.9375 428.6875 -362.3125 610.90625 425.9375 -361.53125 612.0625 424.21875 -357.65625 596.59375 421 -356.75 597.9375 422 -349.0625 583.3125 420.65625 -348.09375 584 370.6875 -395 624.0625 380.4375 -378.34375 617.75 383.125 -381.21875 616.65625 392 -363.75 608.75 395.09375 -367.09375 607.5 399.65625 -349.8125 595.0625 400.78125 -351.40625 593.78125 422.125 -400.90625 617.46875 415.375 -383.0625 616.59375 418.5 -381.875 615.34375 408.09375 -366.59375 608.21875 411.78125 -365.25 606.78125 401.34375 -351.21875 595.375 403.4375 -350.65625 594.71875 403.25 -412.59375 638.40625 404.375 -388.71875 631.0625 409.25 -389.71875 630.34375 405.59375 -368.96875 615.0625 411.25 -370.125 614.21875 407.375 -352.125 593.90625 410.1875 -352.6875 593.5 452.8125 -339.84375 624.0625 449.25 -345.59375 604.875 448.3125 -349.03125 606.875 443.1875 -353.90625 586.96875 442.09375 -357.875 589.28125 431.84375 -359.1875 570.09375 430.59375 -360.84375 571.21875 454.875 -403.46875 607.03125 452.84375 -389.1875 594.53125 452.0625 -391.5 591.90625 442.375 -377.5625 582.34375 441.53125 -380.3125 579.3125 428.53125 -366.15625 571.15625 428.25 -367.78125 569.59375 468.65625 -369.53125 635.6875 463.46875 -365.21875 611.625 463.375 -370.25 611.28125 449.40625 -363.09375 590.5 449.3125 -368.90625 590.09375 430.125 -362.875 571.46875 430.0625 -365.75 571.28125 461.125 -361.03125 597.625 451.4375 -355.125 587.09375 450.5625 -358.09375 587.0625 439.84375 -351.34375 577.1875 438.875 -354.78125 577.125 425.96875 -346.3125 571.125 425.09375 -347.84375 571.5 470.21875 -410.3125 552.34375 455.65625 -399.09375 561.0625 458.3125 -396.1875 560.03125 442.15625 -384.90625 567.625 445.25 -381.53125 566.4375 426.0625 -371.4375 568.65625 427.15625 -369.75 567.40625 485.65625 -363.21875 568.71875 468.25 -368.90625 574.15625 467.46875 -365.625 575.34375 448.53125 -370.9375 573.28125 447.6875 -367.125 574.6875 427.875 -370.15625 568.90625 427.65625 -368.0625 569.75 500.125 -390.09375 568.75 476.75 -385.8125 576.40625 478.53125 -381.28125 577.6875 452.96875 -376.6875 575.78125 455.0625 -371.4375 577.25 429.5625 -364.25 570.25 430.59375 -361.625 570.96875 -651 404.90625 180.75 -633.5625 417.65625 181.28125 -633.8125 416.5 185.46875 -614.75 428.375 185.0625 -615.03125 427 189.875 -593.125 433.625 186.53125 -592.75 432.375 188.65625 -631.28125 436.03125 240.3125 -622.65625 439.65625 222.28125 -619.875 441.59375 223.9375 -607.46875 437.5625 207.84375 -604.25 439.875 209.8125 -590.375 432.375 194.21875 -588.8125 433.71875 195.4375 -667.375 416.25 212.9375 -646.5625 428.59375 201.96875 -645.53125 430.15625 206.96875 -620.8125 432.90625 194.875 -619.625 434.6875 200.6875 -592.3125 432.40625 190.84375 -591.71875 433.3125 193.71875 -635.1875 435.78125 193.78125 -621 434.65625 185.5625 -619.90625 434.875 188.6875 -605.5 432.28125 179.875 -604.1875 432.53125 183.46875 -591.1875 425.09375 174.25 -590.59375 424.59375 175.96875 -602.40625 488.5 229.84375 -599.15625 468.5 222.3125 -600.84375 470.40625 218.78125 -595.59375 450 211 -597.5625 452.1875 206.9375 -585.9375 433.8125 199.0625 -586.125 435.03125 196.90625 -632.6875 475.1875 185.3125 -622.53125 460.0625 194.28125 -623.25 457.75 191.34375 -606.53125 446.78125 197.90625 -607.46875 444.125 194.46875 -587.6875 434.5625 197.6875 -588.40625 433.25 195.8125 -640 493.125 211.34375 -628.28125 469.28125 211.34375 -631.1875 468.4375 206.96875 -610.9375 449.84375 204.0625 -614.3125 448.84375 198.96875 -590.78125 433.25 191.90625 -592.46875 432.75 189.375 -661.28125 426.78125 119.6875 -659.1875 409.3125 109.53125 -658.53125 412 106.53125 -654.75 393.625 96.84375 -654 396.71875 93.375 -644.78125 378.15625 86.71875 -643.65625 379.59375 85.25 -670.75 424.46875 54.53125 -667.75 409.03125 65.40625 -667.34375 407 62.5 -656.65625 394.375 72.8125 -656.25 392.03125 69.40625 -642.1875 380.65625 79.84375 -642.125 379.53125 77.875 -679.65625 445.0625 95.28125 -675.0625 420.53125 93.5625 -675.53125 421.3125 88.625 -661.78125 399.21875 89.40625 -662.28125 400.125 83.6875 -643.40625 380.28125 83.25 -643.65625 380.75 80.40625 -672.875 405.90625 94.28125 -663.09375 394.15625 96.625 -662.5625 394.75 93.625 -651.625 383.4375 96.78125 -651 384.125 93.3125 -637.53125 376.15625 98.78125 -636.8125 376.84375 97.28125 -689.03125 372.96875 37.59375 -673 378.6875 48.71875 -675.40625 377.09375 51.625 -657.84375 381.65625 62.4375 -660.59375 379.8125 65.78125 -640.40625 379.375 73.90625 -641.34375 377.8125 75.375 -698.71875 378.6875 88.5625 -681.8125 384.9375 82.3125 -680.625 385.34375 85.65625 -662.4375 384.1875 77.90625 -661.15625 384.6875 81.84375 -642.03125 379.375 75.40625 -641.5625 379.71875 77.59375 -715.9375 384.96875 64.15625 -691.90625 391.0625 67.375 -693.15625 391.3125 72.25 -667.375 387.96875 73.40625 -668.8125 388.28125 79.03125 -643.03125 379.375 81.59375 -643.75 379.53125 84.40625 -693.5 344.25 92.96875 -684.625 344.8125 105.9375 -686.125 342.0625 106.40625 -675.78125 342.40625 119.0625 -677.53125 339.25 119.59375 -663.65625 338.4375 129.125 -664.03125 336.65625 129.09375 -707.0625 318.59375 134.9375 -695.65625 328.03125 134.34375 -694.78125 327.21875 136.84375 -680.75 331.59375 133.4375 -679.8125 330.625 136.34375 -664.59375 332.96875 131.46875 -664.25 332.4375 133.09375 -716.78125 334.78125 104.25 -701.59375 340.78125 114.625 -702.96875 338.34375 117.34375 -683.6875 340.1875 122.84375 -685.28125 337.375 125.96875 -664.53125 335.34375 129.90625 -665.34375 333.9375 131.46875 -692.5625 345.46875 119.90625 -680.65625 346.15625 121.0625 -681.125 344.21875 122.46875 -668.6875 344.625 122.65625 -669.21875 342.40625 124.25 -656.875 341.40625 121 -657.0625 340.09375 121.40625 -692.34375 338.375 171.71875 -684.96875 333.8125 158.59375 -685 336.9375 158.15625 -676.21875 331.875 145.3125 -676.25 335.5 144.84375 -663.78125 329.75 135.0625 -663.28125 331.46875 135.125 -693.125 365.3125 141.59375 -688.125 351.78125 138.28125 -687.1875 352.6875 135.84375 -677.8125 340.5625 136.25 -676.78125 341.65625 133.40625 -664.46875 331.25 134.59375 -664.0625 331.9375 133.0625 -709.46875 359.6875 157.71875 -699.0625 347.3125 147.09375 -699.1875 350.15625 144.40625 -683.15625 339.4375 138.5625 -683.28125 342.71875 135.46875 -664.09375 334.6875 131.1875 -664.15625 336.3125 129.65625</float_array>
                    <technique_common>
                        <accessor count="3087" source="#pointarray2" stride="3">
                            <param name="X" type="float"/>
                            <param name="Y" type="float"/>
                            <param name="Z" type="float"/>
                        </accessor>
                    </technique_common>
                </source>
                <source id="uvs2">
                    <float_array id="uvarray2" count="14">0.5 1 0 0.6669921875 1 0.6669921875 0 0.333984375 1 0.333984375 0 0 1 0</float_array>
                    <technique_common>
                        <accessor count="7" source="#uvarray2" stride="2">
                            <param name="S" type="float"/>
                            <param name="T" type="float"/>
                        </accessor>
                    </technique_common>
                </source>
                <source id="colors2">
                    <float_array id="colorarray2" count="904">0.8901960784313725 0.8901960784313725 0.8901960784313725 1 0.8274509803921568 0.8274509803921568 0.8274509803921568 1 0.6235294117647059 0.6235294117647059 0.6235294117647059 1 0.615686274509804 0.615686274509804 0.615686274509804 1 0.027450980392156862 0.027450980392156862 0.027450980392156862 1 0.5058823529411764 0.5058823529411764 0.5058823529411764 1 0.8509803921568627 0.8509803921568627 0.8509803921568627 1 0.7490196078431373 0.7490196078431373 0.7490196078431373 1 0.7372549019607844 0.7372549019607844 0.7372549019607844 1 0.5450980392156862 0.5450980392156862 0.5450980392156862 1 0.5529411764705883 0.5529411764705883 0.5529411764705883 1 0 0 0 1 0.8784313725490196 0.8784313725490196 0.8784313725490196 1 0.796078431372549 0.796078431372549 0.796078431372549 1 0.8 0.8 0.8 1 0.6039215686274509 0.6039215686274509 0.6039215686274509 1 0.6196078431372549 0.6196078431372549 0.6196078431372549 1 0.23529411764705882 0.23529411764705882 0.23529411764705882 1 0.32941176470588235 0.32941176470588235 0.32941176470588235 1 0.6784313725490196 0.6784313725490196 0.6784313725490196 1 0.611764705882353 0.611764705882353 0.611764705882353 1 0.596078431372549 0.596078431372549 0.596078431372549 1 0.4666666666666667 0.4666666666666667 0.4666666666666667 1 0.47058823529411764 0.47058823529411764 0.47058823529411764 1 0.011764705882352941 0.011764705882352941 0.011764705882352941 1 0.03137254901960784 0.03137254901960784 0.03137254901960784 1 0.6941176470588235 0.6941176470588235 0.6941176470588235 1 0.7019607843137254 0.7019607843137254 0.7019607843137254 1 0.5843137254901961 0.5843137254901961 0.5843137254901961 1 0.023529411764705882 0.023529411764705882 0.023529411764705882 1 0.7254901960784313 0.7254901960784313 0.7254901960784313 1 0.6313725490196078 0.6313725490196078 0.6313725490196078 1 0.2627450980392157 0.2627450980392157 0.2627450980392157 1 0.4117647058823529 0.4117647058823529 0.4117647058823529 1 0.7450980392156863 0.7450980392156863 0.7450980392156863 1 0.6470588235294118 0.6470588235294118 0.6470588235294118 1 0.6588235294117647 0.6588235294117647 0.6588235294117647 1 0.4980392156862745 0.4980392156862745 0.4980392156862745 1 0.8235294117647058 0.8235294117647058 0.8235294117647058 1 0.7529411764705882 0.7529411764705882 0.7529411764705882 1 0.6980392156862745 0.6980392156862745 0.6980392156862745 1 0.6823529411764706 0.6823529411764706 0.6823529411764706 1 0.5019607843137255 0.5019607843137255 0.5019607843137255 1 0.49019607843137253 0.49019607843137253 0.49019607843137253 1 0.26666666666666666 0.26666666666666666 0.26666666666666666 1 0.27058823529411763 0.27058823529411763 0.27058823529411763 1 0.5294117647058824 0.5294117647058824 0.5294117647058824 1 0.22745098039215686 0.22745098039215686 0.22745098039215686 1 0.3058823529411765 0.3058823529411765 0.3058823529411765 1 0.5882352941176471 0.5882352941176471 0.5882352941176471 1 0.49411764705882355 0.49411764705882355 0.49411764705882355 1 0.34901960784313724 0.34901960784313724 0.34901960784313724 1 0.3686274509803922 0.3686274509803922 0.3686274509803922 1 0.00784313725490196 0.00784313725490196 0.00784313725490196 1 0.0196078431372549 0.0196078431372549 0.0196078431372549 1 0.8313725490196079 0.8313725490196079 0.8313725490196079 1 0.788235294117647 0.788235294117647 0.788235294117647 1 0.7764705882352941 0.7764705882352941 0.7764705882352941 1 0.6627450980392157 0.6627450980392157 0.6627450980392157 1 0.6431372549019608 0.6431372549019608 0.6431372549019608 1 0.5254901960784314 0.5254901960784314 0.5254901960784314 1 0.7058823529411765 0.7058823529411765 0.7058823529411765 1 0.7215686274509804 0.7215686274509804 0.7215686274509804 1 0.4823529411764706 0.4823529411764706 0.4823529411764706 1 0.4588235294117647 0.4588235294117647 0.4588235294117647 1 0.8431372549019608 0.8431372549019608 0.8431372549019608 1 0.7607843137254902 0.7607843137254902 0.7607843137254902 1 0.9294117647058824 0.9294117647058824 0.9294117647058824 1 0.8862745098039215 0.8862745098039215 0.8862745098039215 1 0.8823529411764706 0.8823529411764706 0.8823529411764706 1 0.6705882352941176 0.6705882352941176 0.6705882352941176 1 0.5686274509803921 0.5686274509803921 0.5686274509803921 1 0.9215686274509803 0.9215686274509803 0.9215686274509803 1 0.8156862745098039 0.8156862745098039 0.8156862745098039 1 0.6352941176470588 0.6352941176470588 0.6352941176470588 1 0.6392156862745098 0.6392156862745098 0.6392156862745098 1 0.9333333333333333 0.9333333333333333 0.9333333333333333 1 0.8588235294117647 0.8588235294117647 0.8588235294117647 1 0.8549019607843137 0.8549019607843137 0.8549019607843137 1 0.6509803921568628 0.6509803921568628 0.6509803921568628 1 0.4392156862745098 0.4392156862745098 0.4392156862745098 1 0.7411764705882353 0.7411764705882353 0.7411764705882353 1 0.5372549019607843 0.5372549019607843 0.5372549019607843 1 0.8627450980392157 0.8627450980392157 0.8627450980392157 1 0.8196078431372549 0.8196078431372549 0.8196078431372549 1 0.7137254901960784 0.7137254901960784 0.7137254901960784 1 0.6745098039215687 0.6745098039215687 0.6745098039215687 1 0.8470588235294118 0.8470588235294118 0.8470588235294118 1 0.30196078431372547 0.30196078431372547 0.30196078431372547 1 0.7843137254901961 0.7843137254901961 0.7843137254901961 1 0.792156862745098 0.792156862745098 0.792156862745098 1 0.6078431372549019 0.6078431372549019 0.6078431372549019 1 0.1843137254901961 0.1843137254901961 0.1843137254901961 1 0.9686274509803922 0.9686274509803922 0.9686274509803922 1 0.9372549019607843 0.9372549019607843 0.9372549019607843 1 0.9254901960784314 0.9254901960784314 0.9254901960784314 1 0.9725490196078431 0.9725490196078431 0.9725490196078431 1 0.8745098039215686 0.8745098039215686 0.8745098039215686 1 0.9921568627450981 0.9921568627450981 0.9921568627450981 1 0.9411764705882353 0.9411764705882353 0.9411764705882353 1 0.4470588235294118 0.4470588235294118 0.4470588235294118 1 0.7686274509803922 0.7686274509803922 0.7686274509803922 1 0.6274509803921569 0.6274509803921569 0.6274509803921569 1 0.25882352941176473 0.25882352941176473 0.25882352941176473 1 0.41568627450980394 0.41568627450980394 0.41568627450980394 1 0.36470588235294116 0.36470588235294116 0.36470588235294116 1 0.2549019607843137 0.2549019607843137 0.2549019607843137 1 0.9058823529411765 0.9058823529411765 0.9058823529411765 1 0.8705882352941177 0.8705882352941177 0.8705882352941177 1 0.9176470588235294 0.9176470588235294 0.9176470588235294 1 0.6901960784313725 0.6901960784313725 0.6901960784313725 1 0.20784313725490197 0.20784313725490197 0.20784313725490197 1 0.3254901960784314 0.3254901960784314 0.3254901960784314 1 0.6862745098039216 0.6862745098039216 0.6862745098039216 1 0.5137254901960784 0.5137254901960784 0.5137254901960784 1 0.803921568627451 0.803921568627451 0.803921568627451 1 0.6666666666666666 0.6666666666666666 0.6666666666666666 1 0.01568627450980392 0.01568627450980392 0.01568627450980392 1 0.8352941176470589 0.8352941176470589 0.8352941176470589 1 0.7294117647058823 0.7294117647058823 0.7294117647058823 1 0.4627450980392157 0.4627450980392157 0.4627450980392157 1 0.7725490196078432 0.7725490196078432 0.7725490196078432 1 0.5764705882352941 0.5764705882352941 0.5764705882352941 1 0.7647058823529411 0.7647058823529411 0.7647058823529411 1 0.6 0.6 0.6 1 0.00392156862745098 0.00392156862745098 0.00392156862745098 1 0.7333333333333333 0.7333333333333333 0.7333333333333333 1 0.3215686274509804 0.3215686274509804 0.3215686274509804 1 0.3333333333333333 0.3333333333333333 0.3333333333333333 1 0.2196078431372549 0.2196078431372549 0.2196078431372549 1 0.396078431372549 0.396078431372549 0.396078431372549 1 0.5647058823529412 0.5647058823529412 0.5647058823529412 1 0.03529411764705882 0.03529411764705882 0.03529411764705882 1 0.42745098039215684 0.42745098039215684 0.42745098039215684 1 0.7803921568627451 0.7803921568627451 0.7803921568627451 1 0.5803921568627451 0.5803921568627451 0.5803921568627451 1 0.38823529411764707 0.38823529411764707 0.38823529411764707 1 0.6549019607843137 0.6549019607843137 0.6549019607843137 1 0.2901960784313726 0.2901960784313726 0.2901960784313726 1 0.44313725490196076 0.44313725490196076 0.44313725490196076 1 0.45098039215686275 0.45098039215686275 0.45098039215686275 1 0.4235294117647059 0.4235294117647059 0.4235294117647059 1 0.7098039215686275 0.7098039215686275 0.7098039215686275 1 0.5490196078431373 0.5490196078431373 0.5490196078431373 1 0.9019607843137255 0.9019607843137255 0.9019607843137255 1 0.8980392156862745 0.8980392156862745 0.8980392156862745 1 0.5215686274509804 0.5215686274509804 0.5215686274509804 1 0.8392156862745098 0.8392156862745098 0.8392156862745098 1 0.27450980392156865 0.27450980392156865 0.27450980392156865 1 0.3607843137254902 0.3607843137254902 0.3607843137254902 1 0.7568627450980392 0.7568627450980392 0.7568627450980392 1 0.5568627450980392 0.5568627450980392 0.5568627450980392 1 0.5098039215686274 0.5098039215686274 0.5098039215686274 1 0.5333333333333333 0.5333333333333333 0.5333333333333333 1 0.3568627450980392 0.3568627450980392 0.3568627450980392 1 0.28627450980392155 0.28627450980392155 0.28627450980392155 1 0.8117647058823529 0.8117647058823529 0.8117647058823529 1 0.5176470588235295 0.5176470588235295 0.5176470588235295 1 0.47843137254901963 0.47843137254901963 0.47843137254901963 1 0.5411764705882353 0.5411764705882353 0.5411764705882353 1 0.21568627450980393 0.21568627450980393 0.21568627450980393 1 0.3137254901960784 0.3137254901960784 0.3137254901960784 1 0.807843137254902 0.807843137254902 0.807843137254902 1 0.7176470588235294 0.7176470588235294 0.7176470588235294 1 0.21176470588235294 0.21176470588235294 0.21176470588235294 1 0.2980392156862745 0.2980392156862745 0.2980392156862745 1 0.3411764705882353 0.3411764705882353 0.3411764705882353 1 0.4745098039215686 0.4745098039215686 0.4745098039215686 1 0.592156862745098 0.592156862745098 0.592156862745098 1 0.43529411764705883 0.43529411764705883 0.43529411764705883 1 0.4549019607843137 0.4549019607843137 0.4549019607843137 1 0.24705882352941178 0.24705882352941178 0.24705882352941178 1 0.12156862745098039 0.12156862745098039 0.12156862745098039 1 0.13333333333333333 0.13333333333333333 0.13333333333333333 1 0.0392156862745098 0.0392156862745098 0.0392156862745098 1 0.23921568627450981 0.23921568627450981 0.23921568627450981 1 0.39215686274509803 0.39215686274509803 0.39215686274509803 1 0.5725490196078431 0.5725490196078431 0.5725490196078431 1 0.9607843137254902 0.9607843137254902 0.9607843137254902 1 0.9647058823529412 0.9647058823529412 0.9647058823529412 1 0.9803921568627451 0.9803921568627451 0.9803921568627451 1 0.4196078431372549 0.4196078431372549 0.4196078431372549 1 0.37254901960784315 0.37254901960784315 0.37254901960784315 1 0.48627450980392156 0.48627450980392156 0.48627450980392156 1 0.08627450980392157 0.08627450980392157 0.08627450980392157 1 0.5607843137254902 0.5607843137254902 0.5607843137254902 1 0.23137254901960785 0.23137254901960785 0.23137254901960785 1 0.35294117647058826 0.35294117647058826 0.35294117647058826 1 0.2823529411764706 0.2823529411764706 0.2823529411764706 1 0.9098039215686274 0.9098039215686274 0.9098039215686274 1 0.3843137254901961 0.3843137254901961 0.3843137254901961 1 0.43529411764705883 0.4196078431372549 0.42745098039215684 1 0.403921568627451 0.403921568627451 0.403921568627451 1 0.8666666666666667 0.8666666666666667 0.8666666666666667 1 0.19607843137254902 0.19607843137254902 0.19607843137254902 1 0.17254901960784313 0.17254901960784313 0.17254901960784313 1 0.047058823529411764 0.047058823529411764 0.047058823529411764 1 0.24313725490196078 0.24313725490196078 0.24313725490196078 1 0.2235294117647059 0.2235294117647059 0.2235294117647059 1 0.3764705882352941 0.3764705882352941 0.3764705882352941 1 0.40784313725490196 0.40784313725490196 0.40784313725490196 1 0.25098039215686274 0.25098039215686274 0.25098039215686274 1 0.9568627450980393 0.9568627450980393 0.9568627450980393 1 0.984313725490196 0.984313725490196 0.984313725490196 1 0.4 0.4 0.4 1 0.9490196078431372 0.9490196078431372 0.9490196078431372 1 0.9764705882352941 0.9764705882352941 0.9764705882352941 1 0.8941176470588236 0.8941176470588236 0.8941176470588236 1 0.19215686274509805 0.19215686274509805 0.19215686274509805 1 0.34509803921568627 0.34509803921568627 0.34509803921568627 1 0.35294117647058826 0.3411764705882353 0.34901960784313724 1 0.2784313725490196 0.2784313725490196 0.2784313725490196 1 0.16862745098039217 0.16862745098039217 0.16862745098039217 1 0.043137254901960784 0.043137254901960784 0.043137254901960784 1 0.10980392156862745 0.10980392156862745 0.10980392156862745 1 0.14901960784313725 0.14901960784313725 0.14901960784313725 1 0.3176470588235294 0.3176470588235294 0.3176470588235294 1 0.29411764705882354 0.29411764705882354 0.29411764705882354 1 0.43137254901960786 0.43137254901960786 0.43137254901960786 1 0.9137254901960784 0.9137254901960784 0.9137254901960784 1 0.9450980392156862 0.9450980392156862 0.9450980392156862 1 0.20392156862745098 0.20392156862745098 0.20392156862745098 1 0.2 0.2 0.2 1 0.33725490196078434 0.33725490196078434 0.33725490196078434 1 0.3803921568627451 0.3803921568627451 0.3803921568627451 1 0.1568627450980392 0.1568627450980392 0.1568627450980392 1</float_array>
                    <technique_common>
                        <accessor count="226" source="#colorarray2" stride="4">
                            <param name="R" type="float"/>
                            <param name="G" type="float"/>
                            <param name="B" type="float"/>
                            <param name="A" type="float"/>
                        </accessor>
                    </technique_common>
                </source>
                <vertices id="vertices2">
                    <input semantic="POSITION" source="#points2"/>
                </vertices>
                <polylist count="2205" material="Material1">
                    <input offset="0" semantic="VERTEX" source="#vertices2"/>
                    <input offset="1" semantic="TEXCOORD" source="#uvs2" set="0"/>
                    <input offset="2" semantic="COLOR" source="#colors2" set="0"/>
                    <vcount>3 3 3 3 3 3 3 3 3 3 3 3 3 3 3 3 3 3 3 3 3 3 3 3 3 3 3 3 3 3 3 3 3 3 3 3 3 3 3 3 3 3 3 3 3 3 3 3 3 3 3 3 3 3 3 3 3 3 3 3 3 3 3 3 3 3 3 3 3 3 3 3 3 3 3 3 3 3 3 3 3 3 3 3 3 3 3 3 3 3 3 3 3 3 3 3 3 3 3 3 3 3 3 3 3 3 3 3 3 3 3 3 3 3 3 3 3 3 3 3 3 3 3 3 3 3 3 3 3 3 3 3 3 3 3 3 3 3 3 3 3 3 3 3 3 3 3 3 3 3 3 3 3 3 3 3 3 3 3 3 3 3 3 3 3 3 3 3 3 3 3 3 3 3 3 3 3 3 3 3 3 3 3 3 3 3 3 3 3 3 3 3 3 3 3 3 3 3 3 3 3 3 3 3 3 3 3 3 3 3 3 3 3 3 3 3 3 3 3 3 3 3 3 3 3 3 3 3 3 3 3 3 3 3 3 3 3 3 3 3 3 3 3 3 3 3 3 3 3 3 3 3 3 3 3 3 3 3 3 3 3 3 3 3 3 3 3 3 3 3 3 3 3 3 3 3 3 3 3 3 3 3 3 3 3 3 3 3 3 3 3 3 3 3 3 3 3 3 3 3 3 3 3 3 3 3 3 3 3 3 3 3 3 3 3 3 3 3 3 3 3 3 3 3 3 3 3 3 3 3 3 3 3 3 3 3 3 3 3 3 3 3 3 3 3 3 3 3 3 3 3 3 3 3 3 3 3 3 3 3 3 3 3 3 3 3 3 3 3 3 3 3 3 3 3 3 3 3 3 3 3 3 3 3 3 3 3 3 3 3 3 3 3 3 3 3 3 3 3 3 3 3 3 3 3 3 3 3 3 3 3 3 3 3 3 3 3 3 3 3 3 3 3 3 3 3 3 3 3 3 3 3 3 3 3 3 3 3 3 3 3 3 3 3 3 3 3 3 3 3 3 3 3 3 3 3 3 3 3 3 3 3 3 3 3 3 3 3 3 3 3 3 3 3 3 3 3 3 3 3 3 3 3 3 3 3 3 3 3 3 3 3 3 3 3 3 3 3 3 3 3 3 3 3 3 3 3 3 3 3 3 3 3 3 3 3 3 3 3 3 3 3 3 3 3 3 3 3 3 3 3 3 3 3 3 3 3 3 3 3 3 3 3 3 3 3 3 3 3 3 3 3 3 3 3 3 3 3 3 3 3 3 3 3 3 3 3 3 3 3 3 3 3 3 3 3 3 3 3 3 3 3 3 3 3 3 3 3 3 3 3 3 3 3 3 3 3 3 3 3 3 3 3 3 3 3 3 3 3 3 3 3 3 3 3 3 3 3 3 3 3 3 3 3 3 3 3 3 3 3 3 3 3 3 3 3 3 3 3 3 3 3 3 3 3 3 3 3 3 3 3 3 3 3 3 3 3 3 3 3 3 3 3 3 3 3 3 3 3 3 3 3 3 3 3 3 3 3 3 3 3 3 3 3 3 3 3 3 3 3 3 3 3 3 3 3 3 3 3 3 3 3 3 3 3 3 3 3 3 3 3 3 3 3 3 3 3 3 3 3 3 3 3 3 3 3 3 3 3 3 3 3 3 3 3 3 3 3 3 3 3 3 3 3 3 3 3 3 3 3 3 3 3 3 3 3 3 3 3 3 3 3 3 3 3 3 3 3 3 3 3 3 3 3 3 3 3 3 3 3 3 3 3 3 3 3 3 3 3 3 3 3 3 3 3 3 3 3 3 3 3 3 3 3 3 3 3 3 3 3 3 3 3 3 3 3 3 3 3 3 3 3 3 3 3 3 3 3 3 3 3 3 3 3 3 3 3 3 3 3 3 3 3 3 3 3 3 3 3 3 3 3 3 3 3 3 3 3 3 3 3 3 3 3 3 3 3 3 3 3 3 3 3 3 3 3 3 3 3 3 3 3 3 3 3 3 3 3 3 3 3 3 3 3 3 3 3 3 3 3 3 3 3 3 3 3 3 3 3 3 3 3 3 3 3 3 3 3 3 3 3 3 3 3 3 3 3 3 3 3 3 3 3 3 3 3 3 3 3 3 3 3 3 3 3 3 3 3 3 3 3 3 3 3 3 3 3 3 3 3 3 3 3 3 3 3 3 3 3 3 3 3 3 3 3 3 3 3 3 3 3 3 3 3 3 3 3 3 3 3 3 3 3 3 3 3 3 3 3 3 3 3 3 3 3 3 3 3 3 3 3 3 3 3 3 3 3 3 3 3 3 3 3 3 3 3 3 3 3 3 3 3 3 3 3 3 3 3 3 3 3 3 3 3 3 3 3 3 3 3 3 3 3 3 3 3 3 3 3 3 3 3 3 3 3 3 3 3 3 3 3 3 3 3 3 3 3 3 3 3 3 3 3 3 3 3 3 3 3 3 3 3 3 3 3 3 3 3 3 3 3 3 3 3 3 3 3 3 3 3 3 3 3 3 3 3 3 3 3 3 3 3 3 3 3 3 3 3 3 3 3 3 3 3 3 3 3 3 3 3 3 3 3 3 3 3 3 3 3 3 3 3 3 3 3 3 3 3 3 3 3 3 3 3 3 3 3 3 3 3 3 3 3 3 3 3 3 3 3 3 3 3 3 3 3 3 3 3 3 3 3 3 3 3 3 3 3 3 3 3 3 3 3 3 3 3 3 3 3 3 3 3 3 3 3 3 3 3 3 3 3 3 3 3 3 3 3 3 3 3 3 3 3 3 3 3 3 3 3 3 3 3 3 3 3 3 3 3 3 3 3 3 3 3 3 3 3 3 3 3 3 3 3 3 3 3 3 3 3 3 3 3 3 3 3 3 3 3 3 3 3 3 3 3 3 3 3 3 3 3 3 3 3 3 3 3 3 3 3 3 3 3 3 3 3 3 3 3 3 3 3 3 3 3 3 3 3 3 3 3 3 3 3 3 3 3 3 3 3 3 3 3 3 3 3 3 3 3 3 3 3 3 3 3 3 3 3 3 3 3 3 3 3 3 3 3 3 3 3 3 3 3 3 3 3 3 3 3 3 3 3 3 3 3 3 3 3 3 3 3 3 3 3 3 3 3 3 3 3 3 3 3 3 3 3 3 3 3 3 3 3 3 3 3 3 3 3 3 3 3 3 3 3 3 3 3 3 3 3 3 3 3 3 3 3 3 3 3 3 3 3 3 3 3 3 3 3 3 3 3 3 3 3 3 3 3 3 3 3 3 3 3 3 3 3 3 3 3 3 3 3 3 3 3 3 3 3 3 3 3 3 3 3 3 3 3 3 3 3 3 3 3 3 3 3 3 3 3 3 3 3 3 3 3 3 3 3 3 3 3 3 3 3 3 3 3 3 3 3 3 3 3 3 3 3 3 3 3 3 3 3 3 3 3 3 3 3 3 3 3 3 3 3 3 3 3 3 3 3 3 3 3 3 3 3 3 3 3 3 3 3 3 3 3 3 3 3 3 3 3 3 3 3 3 3 3 3 3 3 3 3 3 3 3 3 3 3 3 3 3 3 3 3 3 3 3 3 3 3 3 3 3 3 3 3 3 3 3 3 3 3 3 3 3 3 3 3 3 3 3 3 3 3 3 3 3 3 3 3 3 3 3 3 3 3 3 3 3 3 3 3 3 3 3 3 3 3 3 3 3 3 3 3 3 3 3 3 3 3 3 3 3 3 3 3 3 3 3 3 3 3 3 3 3 3 3 3 3 3 3 3 3 3 3 3 3 3 3 3 3 3 3 3 3 3 3 3 3 3 3 3 3 3 3 3 3 3 3 3 3 3 3 3 3 3 3 3 3 3 3 3 3 3 3 3 3 3 3 3 3 3 3 3 3 3 3 3 3 3 3 3 3 3 3 3 3 3 3 3 3 3 3 3 3 3 3 3 3 3 3 3 3 3 3 3 3 3 3 3 3 3 3 3 3 3 3 3 3 3 3 3 3 3 3 3 3 3 3 3 3 3 3 3 3 3 3 3 3 3 3 3 3 3 3 3 3 3 3 3 3 3 3 3 3 3 3 3 3 3 3 3 3 3 3 3 3 3 3 3 3 3 3 3 3 3 3 3 3 3 3 3 3 3 3 3 3 3 3 3 3 3 3 3 3 3 3 3 3 3 3 3 3 3 3 3 3 3 3 3 3 3 3 3 3 3 3 3 3 3 3 3 3 3 3 3 3 3 3 3 3 3 3 3 3 3 3 3 3 3 3 3 3 3 3 3 3 3 3 3 3 3 3 3 3 3 3 3 3 3 3 3 3 3 3 3 3 3 3 3 3 3 3 3 3 3 3 3 3 3 3 3 3 3 3 3 3 3 3 3 3 3 3 3 3 3 3 3 3 3 3 3 3 3 3 3 3 3 3 3 3 3 3 3 3 3 3 3 3 3 3 3 3 3 3 3 3 3 3 3 3 3 3 3 3 3 3 3 3 3 3 3 3 3 3 3 3 3 3 3 3 3 3 3 3 3 3 3 3 3 3 3 3 3 3 3 3 3 3 3 3 3 3 3 3 3 3 3 3 3 3 3 3 3 3 3 3 3 3 3 3 3 3 3 3 3 3 3 3 3 3 3 3 3 3 3 3 3 3 3 3 3 3 3 3 3 3 3 3 3 3 3 3 3 3 3 3 3 3 3 3 3 3 3 3 3 3 3 3 3 3 3 3 3 3 3 3 3 3 3 3 3 3 3 3 3 3 3 3 3 3 3 3 3 3 3 3 3 3 3 3 3 3 3 3 3 3 3 3 3 3 3 3 3 3 3 3 3 3 3 3 3 3 3 3 3 3 3 3 3 3 3 3 3 3 3 3 3 3 3 3 3 3 3 3 3 3 3 3 3 3 3 3 3 3 3 3 3 3 3 3 3 3 3 3 3 3 3 3 3 3 3 3 3 3 3 3 3 3 3 3 3 3 3 3 3</vcount>
                    <p>2 2 1 1 1 1 0 0 0 3 3 2 1 1 1 2 2 1 4 4 3 3 3 2 2 2 1 5 5 4 3 3 2 4 4 3 6 6 5 5 5 4 4 4 3 9 2 8 8 1 7 7 0 6 10 3 9 8 1 7 9 2 8 11 4 10 10 3 9 9 2 8 12 5 11 10 3 9 11 4 10 13 6 11 12 5 11 11 4 10 16 2 14 15 1 13 14 0 12 17 3 15 15 1 13 16 2 14 18 4 16 17 3 15 16 2 14 19 5 17 17 3 15 18 4 16 20 6 18 19 5 17 18 4 16 23 2 21 22 1 20 21 0 19 24 3 22 22 1 20 23 2 21 25 4 23 24 3 22 23 2 21 26 5 24 24 3 22 25 4 23 27 6 25 26 5 24 25 4 23 30 2 27 29 1 26 28 0 8 31 3 28 29 1 26 30 2 27 32 4 28 31 3 28 30 2 27 33 5 24 31 3 28 32 4 28 34 6 29 33 5 24 32 4 28 37 2 31 36 1 20 35 0 30 38 3 32 36 1 20 37 2 31 39 4 33 38 3 32 37 2 31 40 5 11 38 3 32 39 4 33 41 6 11 40 5 11 39 4 33 44 2 36 43 1 35 42 0 34 45 3 37 43 1 35 44 2 36 46 4 37 45 3 37 44 2 36 47 5 11 45 3 37 46 4 37 48 6 11 47 5 11 46 4 37 51 2 39 50 1 7 49 0 38 52 3 10 50 1 7 51 2 39 53 4 10 52 3 10 51 2 39 54 5 24 52 3 10 53 4 10 55 6 29 54 5 24 53 4 10 58 2 41 57 1 40 56 0 14 59 3 42 57 1 40 58 2 41 60 4 43 59 3 42 58 2 41 61 5 44 59 3 42 60 4 43 62 6 45 61 5 44 60 4 43 65 2 30 64 1 30 63 0 38 66 3 46 64 1 30 65 2 30 67 4 9 66 3 46 65 2 30 68 5 47 66 3 46 67 4 9 69 6 48 68 5 47 67 4 9 72 2 50 71 1 5 70 0 49 73 3 51 71 1 5 72 2 50 74 4 52 73 3 51 72 2 50 75 5 53 73 3 51 74 4 52 76 6 54 75 5 53 74 4 52 79 2 57 78 1 56 77 0 55 80 3 58 78 1 56 79 2 57 81 4 59 80 3 58 79 2 57 82 5 60 80 3 58 81 4 59 83 6 4 82 5 60 81 4 59 86 2 62 85 1 61 84 0 1 87 3 32 85 1 61 86 2 62 88 4 63 87 3 32 86 2 62 89 5 42 87 3 32 88 4 63 90 6 64 89 5 42 88 4 63 93 2 66 92 1 66 91 0 65 94 3 28 92 1 66 93 2 66 95 4 49 94 3 28 93 2 66 96 5 11 94 3 28 95 4 49 97 6 11 96 5 11 95 4 49 100 2 69 99 1 68 98 0 67 101 3 70 99 1 68 100 2 69 102 4 19 101 3 70 100 2 69 103 5 71 101 3 70 102 4 19 104 6 25 103 5 71 102 4 19 107 2 73 106 1 73 105 0 72 108 3 74 106 1 73 107 2 73 109 4 75 108 3 74 107 2 73 110 5 11 108 3 74 109 4 75 111 6 11 110 5 11 109 4 75 114 2 78 113 1 77 112 0 76 115 3 79 113 1 77 114 2 78 116 4 41 115 3 79 114 2 78 117 5 47 115 3 79 116 4 41 118 6 80 117 5 47 116 4 41 121 2 19 120 1 40 119 0 81 122 3 82 120 1 40 121 2 19 123 4 82 122 3 82 121 2 19 124 5 24 122 3 82 123 4 82 125 6 4 124 5 24 123 4 82 128 2 84 127 1 1 126 0 83 129 3 85 127 1 1 128 2 84 130 4 86 129 3 85 128 2 84 131 5 24 129 3 85 130 4 86 132 6 4 131 5 24 130 4 86 135 2 81 134 1 81 133 0 87 136 3 88 134 1 81 135 2 81 137 4 50 136 3 88 135 2 81 138 5 11 136 3 88 137 4 50 139 6 11 138 5 11 137 4 50 142 2 90 141 1 89 140 0 83 143 3 2 141 1 89 142 2 90 144 4 91 143 3 2 142 2 90 145 5 11 143 3 2 144 4 91 146 6 92 145 5 11 144 4 91 149 2 95 148 1 94 147 0 93 150 3 27 148 1 94 149 2 95 151 4 40 150 3 27 149 2 95 152 5 49 150 3 27 151 4 40 153 6 20 152 5 49 151 4 40 156 2 0 155 1 97 154 0 96 157 3 41 155 1 97 156 2 0 158 4 27 157 3 41 156 2 0 159 5 52 157 3 41 158 4 27 160 6 11 159 5 52 158 4 27 163 2 99 162 1 94 161 0 98 164 3 34 162 1 94 163 2 99 165 4 34 164 3 34 163 2 99 166 5 32 164 3 34 165 4 34 167 6 100 166 5 32 165 4 34 170 2 101 169 1 13 168 0 55 171 3 79 169 1 13 170 2 101 172 4 79 171 3 79 170 2 101 173 5 54 171 3 79 172 4 79 174 6 25 173 5 54 172 4 79 177 2 85 176 1 85 175 0 66 178 3 49 176 1 85 177 2 85 179 4 49 178 3 49 177 2 85 180 5 54 178 3 49 179 4 49 181 6 54 180 5 54 179 4 49 184 2 75 183 1 102 182 0 8 185 3 103 183 1 102 184 2 75 186 4 104 185 3 103 184 2 75 187 5 105 185 3 103 186 4 104 188 6 11 187 5 105 186 4 104 191 2 58 190 1 58 189 0 34 192 3 42 190 1 58 191 2 58 193 4 42 192 3 42 191 2 58 194 5 11 192 3 42 193 4 42 195 6 106 194 5 11 193 4 42 198 2 108 197 1 68 196 0 107 199 3 79 197 1 68 198 2 108 200 4 86 199 3 79 198 2 108 201 5 24 199 3 79 200 4 86 202 6 25 201 5 24 200 4 86 205 2 55 204 1 55 203 0 109 206 3 74 204 1 55 205 2 55 207 4 59 206 3 74 205 2 55 208 5 11 206 3 74 207 4 59 209 6 11 208 5 11 207 4 59 212 2 83 211 1 83 210 0 76 213 3 86 211 1 83 212 2 83 214 4 110 213 3 86 212 2 83 215 5 111 213 3 86 214 4 110 216 6 112 215 5 111 214 4 110 219 2 113 218 1 61 217 0 34 220 3 114 218 1 61 219 2 113 221 4 60 220 3 114 219 2 113 222 5 24 220 3 114 221 4 60 223 6 29 222 5 24 221 4 60 226 2 89 225 1 115 224 0 78 227 3 116 225 1 115 226 2 89 228 4 35 227 3 116 226 2 89 229 5 117 227 3 116 228 4 35 230 6 29 229 5 117 228 4 35 233 2 119 232 1 85 231 0 118 234 3 44 232 1 85 233 2 119 235 4 120 234 3 44 233 2 119 236 5 11 234 3 44 235 4 120 237 6 11 236 5 11 235 4 120 240 2 121 239 1 101 238 0 77 241 3 122 239 1 101 240 2 121 242 4 28 241 3 122 240 2 121 243 5 11 241 3 122 242 4 28 244 6 11 243 5 11 242 4 28 247 2 123 246 1 101 245 0 55 248 3 21 246 1 101 247 2 123 249 4 124 248 3 21 247 2 123 250 5 125 248 3 21 249 4 124 251 6 54 250 5 125 249 4 124 254 2 8 253 1 126 252 0 65 255 3 60 253 1 126 254 2 8 256 4 82 255 3 60 254 2 8 257 5 127 255 3 60 256 4 82 258 6 128 257 5 127 256 4 82 261 2 66 260 1 39 259 0 38 262 3 10 260 1 39 261 2 66 263 4 28 262 3 10 261 2 66 264 5 129 262 3 10 263 4 28 265 6 130 264 5 129 263 4 28 268 2 9 267 1 131 266 0 75 269 3 132 267 1 131 268 2 9 270 4 133 269 3 132 268 2 9 271 5 53 269 3 132 270 4 133 272 6 117 271 5 53 270 4 133 275 2 119 274 1 126 273 0 134 276 3 135 274 1 126 275 2 119 277 4 122 276 3 135 275 2 119 278 5 133 276 3 135 277 4 122 279 6 136 278 5 133 277 4 122 282 2 137 281 1 137 280 0 39 283 3 138 281 1 137 282 2 137 284 4 139 283 3 138 282 2 137 285 5 140 283 3 138 284 4 139 286 6 141 285 5 140 284 4 139 289 2 142 288 1 62 287 0 13 290 3 10 288 1 62 289 2 142 291 4 143 290 3 10 289 2 142 292 5 88 290 3 10 291 4 143 293 6 11 292 5 88 291 4 143 296 2 12 295 1 144 294 0 67 297 3 41 295 1 144 296 2 12 298 4 26 297 3 41 296 2 12 299 5 41 297 3 41 298 4 26 300 6 132 299 5 41 298 4 26 303 2 13 302 1 13 301 0 145 304 3 20 302 1 13 303 2 13 305 4 102 304 3 20 303 2 13 306 5 11 304 3 20 305 4 102 307 6 146 306 5 11 305 4 102 310 2 147 309 1 55 308 0 145 311 3 137 309 1 55 310 2 147 312 4 137 311 3 137 310 2 147 313 5 106 311 3 137 312 4 137 314 6 114 313 5 106 312 4 137 317 2 41 316 1 26 315 0 119 318 3 16 316 1 26 317 2 41 319 4 91 318 3 16 317 2 41 320 5 53 318 3 16 319 4 91 321 6 29 320 5 53 319 4 91 324 2 101 323 1 121 322 0 38 325 3 3 323 1 121 324 2 101 326 4 91 325 3 3 324 2 101 327 5 117 325 3 3 326 4 91 328 6 29 327 5 117 326 4 91 331 2 40 330 1 110 329 0 14 332 3 148 330 1 110 331 2 40 333 4 100 332 3 148 331 2 40 334 5 149 332 3 148 333 4 100 335 6 11 334 5 149 333 4 100 338 2 150 337 1 39 336 0 87 339 3 151 337 1 39 338 2 150 340 4 10 339 3 151 338 2 150 341 5 11 339 3 151 340 4 10 342 6 11 341 5 11 340 4 10 345 2 90 344 1 56 343 0 77 346 3 71 344 1 56 345 2 90 347 4 122 346 3 71 345 2 90 348 5 53 346 3 71 347 4 122 349 6 29 348 5 53 347 4 122 352 2 7 351 1 34 350 0 87 353 3 152 351 1 34 352 2 7 354 4 152 353 3 152 352 2 7 355 5 11 353 3 152 354 4 152 356 6 11 355 5 11 354 4 152 359 2 90 358 1 56 357 0 97 360 3 10 358 1 56 359 2 90 361 4 49 360 3 10 359 2 90 362 5 11 360 3 10 361 4 49 363 6 11 362 5 11 361 4 49 366 2 153 365 1 82 364 0 59 367 3 149 365 1 82 366 2 153 368 4 154 367 3 149 366 2 153 369 5 53 367 3 149 368 4 154 370 6 54 369 5 53 368 4 154 373 2 73 372 1 84 371 0 97 374 3 102 372 1 84 373 2 73 375 4 2 374 3 102 373 2 73 376 5 54 374 3 102 375 4 2 377 6 29 376 5 54 375 4 2 380 2 81 379 1 119 378 0 78 381 3 155 379 1 119 380 2 81 382 4 64 381 3 155 380 2 81 383 5 11 381 3 155 382 4 64 384 6 11 383 5 11 382 4 64 387 2 73 386 1 156 385 0 144 388 3 21 386 1 156 387 2 73 389 4 21 388 3 21 387 2 73 390 5 11 388 3 21 389 4 21 391 6 11 390 5 11 389 4 21 394 2 7 393 1 150 392 0 38 395 3 157 393 1 150 394 2 7 396 4 157 395 3 157 394 2 7 397 5 24 395 3 157 396 4 157 398 6 29 397 5 24 396 4 157 401 2 58 400 1 86 399 0 57 402 3 158 400 1 86 401 2 58 403 4 22 402 3 158 401 2 58 404 5 11 402 3 158 403 4 22 405 6 11 404 5 11 403 4 22 408 2 119 407 1 8 406 0 1 409 3 46 407 1 8 408 2 119 410 4 159 409 3 46 408 2 119 411 5 160 409 3 46 410 4 159 412 6 11 411 5 160 410 4 159 415 2 63 414 1 43 413 0 135 416 3 161 414 1 43 415 2 63 417 4 112 416 3 161 415 2 63 418 5 53 416 3 161 417 4 112 419 6 29 418 5 53 417 4 112 422 2 57 421 1 56 420 0 83 423 3 3 421 1 56 422 2 57 424 4 124 423 3 3 422 2 57 425 5 125 423 3 3 424 4 124 426 6 54 425 5 125 424 4 124 429 2 150 428 1 34 427 0 12 430 3 106 428 1 34 429 2 150 431 4 140 430 3 106 429 2 150 432 5 11 430 3 106 431 4 140 433 6 11 432 5 11 431 4 140 436 2 162 435 1 13 434 0 12 437 3 135 435 1 13 436 2 162 438 4 49 437 3 135 436 2 162 439 5 11 437 3 135 438 4 49 440 6 11 439 5 11 438 4 49 443 2 101 442 1 101 441 0 87 444 3 9 442 1 101 443 2 101 445 4 151 444 3 9 443 2 101 446 5 125 444 3 9 445 4 151 447 6 54 446 5 125 445 4 151 450 2 163 449 1 30 448 0 55 451 3 42 449 1 30 450 2 163 452 4 37 451 3 42 450 2 163 453 5 11 451 3 42 452 4 37 454 6 11 453 5 11 452 4 37 457 2 121 456 1 123 455 0 78 458 3 82 456 1 123 457 2 121 459 4 151 458 3 82 457 2 121 460 5 164 458 3 82 459 4 151 461 6 165 460 5 164 459 4 151 464 2 114 463 1 157 462 0 31 465 3 128 463 1 157 464 2 114 466 4 166 465 3 128 464 2 114 467 5 53 465 3 128 466 4 166 468 6 54 467 5 53 466 4 166 471 2 156 470 1 162 469 0 97 472 3 59 470 1 162 471 2 156 473 4 3 472 3 59 471 2 156 474 5 117 472 3 59 473 4 3 475 6 4 474 5 117 473 4 3 478 2 150 477 1 8 476 0 83 479 3 138 477 1 8 478 2 150 480 4 22 479 3 138 478 2 150 481 5 11 479 3 138 480 4 22 482 6 11 481 5 11 480 4 22 485 2 84 484 1 73 483 0 107 486 3 15 484 1 73 485 2 84 487 4 15 486 3 15 485 2 84 488 5 11 486 3 15 487 4 15 489 6 11 488 5 11 487 4 15 492 2 125 491 1 125 490 0 11 493 3 53 491 1 125 492 2 125 494 4 24 493 3 53 492 2 125 495 5 167 493 3 53 494 4 24 496 6 29 495 5 167 494 4 24 499 2 123 498 1 39 497 0 12 500 3 153 498 1 39 499 2 123 501 4 143 500 3 153 499 2 123 502 5 11 500 3 153 501 4 143 503 6 11 502 5 11 501 4 143 506 2 162 505 1 56 504 0 83 507 3 168 505 1 56 506 2 162 508 4 15 507 3 168 506 2 162 509 5 129 507 3 168 508 4 15 510 6 11 509 5 129 508 4 15 513 2 135 512 1 49 511 0 19 514 3 169 512 1 49 513 2 135 515 4 170 514 3 169 513 2 135 516 5 24 514 3 169 515 4 170 517 6 29 516 5 24 515 4 170 520 2 26 519 1 110 518 0 7 521 3 5 519 1 110 520 2 26 522 4 152 521 3 5 520 2 26 523 5 53 521 3 5 522 4 152 524 6 54 523 5 53 522 4 152 527 2 15 526 1 124 525 0 119 528 3 171 526 1 124 527 2 15 529 4 166 528 3 171 527 2 15 530 5 11 528 3 171 529 4 166 531 6 11 530 5 11 529 4 166 534 2 58 533 1 70 532 0 123 535 3 64 533 1 70 534 2 58 536 4 140 535 3 64 534 2 58 537 5 172 535 3 64 536 4 140 538 6 173 537 5 172 536 4 140 541 2 125 540 1 125 539 0 11 542 3 125 540 1 125 541 2 125 543 4 53 542 3 125 541 2 125 544 5 170 542 3 125 543 4 53 545 6 25 544 5 170 543 4 53 548 2 85 547 1 163 546 0 147 549 3 50 547 1 163 548 2 85 550 4 146 549 3 50 548 2 85 551 5 11 549 3 50 550 4 146 552 6 11 551 5 11 550 4 146 555 2 101 554 1 66 553 0 84 556 3 122 554 1 66 555 2 101 557 4 124 556 3 122 555 2 101 558 5 160 556 3 122 557 4 124 559 6 105 558 5 160 557 4 124 562 2 28 561 1 28 560 0 70 563 3 174 561 1 28 562 2 28 564 4 23 563 3 174 562 2 28 565 5 53 563 3 174 564 4 23 566 6 54 565 5 53 564 4 23 569 2 168 568 1 21 567 0 19 570 3 139 568 1 21 569 2 168 571 4 169 570 3 139 569 2 168 572 5 117 570 3 139 571 4 169 573 6 54 572 5 117 571 4 169 576 2 157 575 1 157 574 0 59 577 3 175 575 1 157 576 2 157 578 4 161 577 3 175 576 2 157 579 5 11 577 3 175 578 4 161 580 6 11 579 5 11 578 4 161 583 2 28 582 1 135 581 0 27 584 3 176 582 1 135 583 2 28 585 4 130 584 3 176 583 2 28 586 5 11 584 3 176 585 4 130 587 6 11 586 5 11 585 4 130 590 2 116 589 1 36 588 0 8 591 3 100 589 1 36 590 2 116 592 4 23 591 3 100 590 2 116 593 5 11 591 3 100 592 4 23 594 6 117 593 5 11 592 4 23 597 2 66 596 1 66 595 0 39 598 3 66 596 1 66 597 2 66 599 4 66 598 3 66 597 2 66 600 5 66 598 3 66 599 4 66 601 6 66 600 5 66 599 4 66 604 2 86 603 1 116 602 0 134 605 3 66 603 1 116 604 2 86 606 4 66 605 3 66 604 2 86 607 5 66 605 3 66 606 4 66 608 6 66 607 5 66 606 4 66 611 2 66 610 1 66 609 0 66 612 3 66 610 1 66 611 2 66 613 4 66 612 3 66 611 2 66 614 5 66 612 3 66 613 4 66 615 6 66 614 5 66 613 4 66 618 2 30 617 1 126 616 0 73 619 3 122 617 1 126 618 2 30 620 4 159 619 3 122 618 2 30 621 5 117 619 3 122 620 4 159 622 6 4 621 5 117 620 4 159 625 2 81 624 1 30 623 0 11 626 3 45 624 1 30 625 2 81 627 4 120 626 3 45 625 2 81 628 5 11 626 3 45 627 4 120 629 6 11 628 5 11 627 4 120 632 2 84 631 1 73 630 0 109 633 3 49 631 1 73 632 2 84 634 4 49 633 3 49 632 2 84 635 5 11 633 3 49 634 4 49 636 6 11 635 5 11 634 4 49 639 2 39 638 1 101 637 0 84 640 3 151 638 1 101 639 2 39 641 4 177 640 3 151 639 2 39 642 5 53 640 3 151 641 4 177 643 6 29 642 5 53 641 4 177 646 2 58 645 1 116 644 0 57 647 3 5 645 1 116 646 2 58 648 4 37 647 3 5 646 2 58 649 5 11 647 3 5 648 4 37 650 6 11 649 5 11 648 4 37 653 2 30 652 1 30 651 0 156 654 3 151 652 1 30 653 2 30 655 4 9 654 3 151 653 2 30 656 5 160 654 3 151 655 4 9 657 6 155 656 5 160 655 4 9 660 2 114 659 1 60 658 0 135 661 3 130 659 1 60 660 2 114 662 4 130 661 3 130 660 2 114 663 5 53 661 3 130 662 4 130 664 6 29 663 5 53 662 4 130 667 2 74 666 1 161 665 0 102 668 3 16 666 1 161 667 2 74 669 4 124 668 3 16 667 2 74 670 5 53 668 3 16 669 4 124 671 6 29 670 5 53 669 4 124 674 2 62 673 1 27 672 0 1 675 3 171 673 1 27 674 2 62 676 4 133 675 3 171 674 2 62 677 5 11 675 3 171 676 4 133 678 6 11 677 5 11 676 4 133 681 2 134 680 1 121 679 0 55 682 3 177 680 1 121 681 2 134 683 4 28 682 3 177 681 2 134 684 5 11 682 3 177 683 4 28 685 6 11 684 5 11 683 4 28 688 2 95 687 1 99 686 0 178 689 3 142 687 1 99 688 2 95 690 4 126 689 3 142 688 2 95 691 5 62 689 3 142 690 4 126 692 6 150 691 5 62 690 4 126 695 2 12 694 1 68 693 0 179 696 3 70 694 1 68 695 2 12 697 4 113 696 3 70 695 2 12 698 5 106 696 3 70 697 4 113 699 6 43 698 5 106 697 4 113 702 2 67 701 1 67 700 0 180 703 3 150 701 1 67 702 2 67 704 4 34 703 3 150 702 2 67 705 5 44 703 3 150 704 4 34 706 6 132 705 5 44 704 4 34 709 2 101 708 1 89 707 0 73 710 3 19 708 1 89 709 2 101 711 4 40 710 3 19 709 2 101 712 5 177 710 3 19 711 4 40 713 6 177 712 5 177 711 4 40 716 2 41 715 1 70 714 0 62 717 3 71 715 1 70 716 2 41 718 4 131 717 3 71 716 2 41 719 5 133 717 3 71 718 4 131 720 6 181 719 5 133 718 4 131 723 2 20 722 1 91 721 0 30 724 3 45 722 1 91 723 2 20 725 4 176 724 3 45 723 2 20 726 5 182 724 3 45 725 4 176 727 6 112 726 5 182 725 4 176 730 2 75 729 1 31 728 0 30 731 3 183 729 1 31 730 2 75 732 4 43 731 3 183 730 2 75 733 5 184 731 3 183 732 4 43 734 6 106 733 5 184 732 4 43 737 2 57 736 1 89 735 0 118 738 3 185 736 1 89 737 2 57 739 4 71 738 3 185 737 2 57 740 5 24 738 3 185 739 4 71 741 6 29 740 5 24 739 4 71 744 2 142 743 1 142 742 0 162 745 3 42 743 1 142 744 2 142 746 4 152 745 3 42 744 2 142 747 5 11 745 3 42 746 4 152 748 6 11 747 5 11 746 4 152 751 2 7 750 1 7 749 0 118 752 3 9 750 1 7 751 2 7 753 4 185 752 3 9 751 2 7 754 5 186 752 3 9 753 4 185 755 6 48 754 5 186 753 4 185 758 2 146 757 1 46 756 0 20 759 3 187 757 1 46 758 2 146 760 4 52 759 3 187 758 2 146 761 5 53 759 3 187 760 4 52 762 6 29 761 5 53 760 4 52 765 2 162 764 1 162 763 0 108 766 3 102 764 1 162 765 2 162 767 4 3 766 3 102 765 2 162 768 5 24 766 3 102 767 4 3 769 6 25 768 5 24 767 4 3 772 2 81 771 1 62 770 0 78 773 3 188 771 1 62 772 2 81 774 4 170 773 3 188 772 2 81 775 5 11 773 3 188 774 4 170 776 6 11 775 5 11 774 4 170 779 2 84 778 1 73 777 0 107 780 3 28 778 1 73 779 2 84 781 4 168 780 3 28 779 2 84 782 5 11 780 3 28 781 4 168 783 6 11 782 5 11 781 4 168 786 2 6 785 1 147 784 0 189 787 3 16 785 1 147 786 2 6 788 4 2 787 3 16 786 2 6 789 5 146 787 3 16 788 4 2 790 6 143 789 5 146 788 4 2 793 2 121 792 1 134 791 0 69 794 3 177 792 1 134 793 2 121 795 4 122 794 3 177 793 2 121 796 5 11 794 3 177 795 4 122 797 6 11 796 5 11 795 4 122 800 2 1 799 1 1 798 0 144 801 3 16 799 1 1 800 2 1 802 4 2 801 3 16 800 2 1 803 5 47 801 3 16 802 4 2 804 6 190 803 5 47 802 4 2 807 2 91 806 1 102 805 0 27 808 3 22 806 1 102 807 2 91 809 4 22 808 3 22 807 2 91 810 5 53 808 3 22 809 4 22 811 6 4 810 5 53 809 4 22 814 2 90 813 1 156 812 0 78 815 3 70 813 1 156 814 2 90 816 4 59 815 3 70 814 2 90 817 5 24 815 3 70 816 4 59 818 6 25 817 5 24 816 4 59 821 2 34 820 1 30 819 0 118 822 3 45 820 1 30 821 2 34 823 4 23 822 3 45 821 2 34 824 5 11 822 3 45 823 4 23 825 6 11 824 5 11 823 4 23 828 2 57 827 1 121 826 0 77 829 3 191 827 1 121 828 2 57 830 4 191 829 3 191 828 2 57 831 5 191 829 3 191 830 4 191 832 6 191 831 5 191 830 4 191 835 2 123 834 1 101 833 0 89 836 3 82 834 1 101 835 2 123 837 4 46 836 3 82 835 2 123 838 5 117 836 3 82 837 4 46 839 6 25 838 5 117 837 4 46 842 2 39 841 1 101 840 0 87 843 3 185 841 1 101 842 2 39 844 4 185 843 3 185 842 2 39 845 5 11 843 3 185 844 4 185 846 6 11 845 5 11 844 4 185 849 2 118 848 1 38 847 0 144 850 3 16 848 1 38 849 2 118 851 4 3 850 3 16 849 2 118 852 5 129 850 3 16 851 4 3 853 6 11 852 5 129 851 4 3 856 2 135 855 1 168 854 0 116 857 3 104 855 1 168 856 2 135 858 4 192 857 3 104 856 2 135 859 5 24 857 3 104 858 4 192 860 6 132 859 5 24 858 4 192 863 2 40 862 1 41 861 0 57 864 3 82 862 1 41 863 2 40 865 4 10 864 3 82 863 2 40 866 5 11 864 3 82 865 4 10 867 6 117 866 5 11 865 4 10 870 2 110 869 1 116 868 0 162 871 3 111 869 1 116 870 2 110 872 4 190 871 3 111 870 2 110 873 5 11 871 3 111 872 4 190 874 6 11 873 5 11 872 4 190 877 2 27 876 1 26 875 0 90 878 3 42 876 1 26 877 2 27 879 4 5 878 3 42 877 2 27 880 5 11 878 3 42 879 4 5 881 6 11 880 5 11 879 4 5 884 2 123 883 1 150 882 0 73 885 3 159 883 1 150 884 2 123 886 4 9 885 3 159 884 2 123 887 5 24 885 3 159 886 4 9 888 6 4 887 5 24 886 4 9 891 2 110 890 1 61 889 0 121 892 3 82 890 1 61 891 2 110 893 4 143 892 3 82 891 2 110 894 5 11 892 3 82 893 4 143 895 6 11 894 5 11 893 4 143 898 2 126 897 1 8 896 0 73 899 3 131 897 1 8 898 2 126 900 4 177 899 3 131 898 2 126 901 5 47 899 3 131 900 4 177 902 6 11 901 5 47 900 4 177 905 2 153 904 1 46 903 0 168 906 3 141 904 1 46 905 2 153 907 4 133 906 3 141 905 2 153 908 5 24 906 3 141 907 4 133 909 6 25 908 5 24 907 4 133 912 2 7 911 1 8 910 0 73 913 3 91 911 1 8 912 2 7 914 4 124 913 3 91 912 2 7 915 5 125 913 3 91 914 4 124 916 6 54 915 5 125 914 4 124 919 2 150 918 1 8 917 0 12 920 3 47 918 1 8 919 2 150 921 4 64 920 3 47 919 2 150 922 5 11 920 3 47 921 4 64 923 6 11 922 5 11 921 4 64 926 2 115 925 1 115 924 0 145 927 3 185 925 1 115 926 2 115 928 4 71 927 3 185 926 2 115 929 5 11 927 3 185 928 4 71 930 6 11 929 5 11 928 4 71 933 2 134 932 1 57 931 0 87 934 3 153 932 1 57 933 2 134 935 4 159 934 3 153 933 2 134 936 5 53 934 3 153 935 4 159 937 6 54 936 5 53 935 4 159 940 2 34 939 1 81 938 0 6 941 3 146 939 1 81 940 2 34 942 4 114 941 3 146 940 2 34 943 5 11 941 3 146 942 4 114 944 6 11 943 5 11 942 4 114 947 2 134 946 1 57 945 0 193 948 3 71 946 1 57 947 2 134 949 4 135 948 3 71 947 2 134 950 5 194 948 3 71 949 4 135 951 6 45 950 5 194 949 4 135 954 2 159 953 1 82 952 0 74 955 3 88 953 1 82 954 2 159 956 4 112 955 3 88 954 2 159 957 5 53 955 3 88 956 4 112 958 6 54 957 5 53 956 4 112 961 2 57 960 1 13 959 0 77 962 3 122 960 1 13 961 2 57 963 4 131 962 3 122 961 2 57 964 5 53 962 3 122 963 4 131 965 6 29 964 5 53 963 4 131 968 2 119 967 1 142 966 0 118 969 3 106 967 1 142 968 2 119 970 4 133 969 3 106 968 2 119 971 5 11 969 3 106 970 4 133 972 6 11 971 5 11 970 4 133 975 2 56 974 1 89 973 0 97 976 3 122 974 1 89 975 2 56 977 4 131 976 3 122 975 2 56 978 5 11 976 3 122 977 4 131 979 6 11 978 5 11 977 4 131 982 2 61 981 1 61 980 0 156 983 3 23 981 1 61 982 2 61 984 4 152 983 3 23 982 2 61 985 5 53 983 3 23 984 4 152 986 6 54 985 5 53 984 4 152 989 2 90 988 1 134 987 0 145 990 3 82 988 1 134 989 2 90 991 4 71 990 3 82 989 2 90 992 5 11 990 3 82 991 4 71 993 6 11 992 5 11 991 4 71 996 2 147 995 1 55 994 0 107 997 3 135 995 1 55 996 2 147 998 4 15 997 3 135 996 2 147 999 5 195 997 3 135 998 4 15 1000 6 11 999 5 195 998 4 15 1003 2 185 1002 1 10 1001 0 27 1004 3 29 1002 1 10 1003 2 185 1005 4 154 1004 3 29 1003 2 185 1006 5 53 1004 3 29 1005 4 154 1007 6 54 1006 5 53 1005 4 154 1010 2 7 1009 1 66 1008 0 84 1011 3 82 1009 1 66 1010 2 7 1012 4 153 1011 3 82 1010 2 7 1013 5 125 1011 3 82 1012 4 153 1014 6 29 1013 5 125 1012 4 153 1017 2 41 1016 1 41 1015 0 89 1018 3 175 1016 1 41 1017 2 41 1019 4 176 1018 3 175 1017 2 41 1020 5 11 1018 3 175 1019 4 176 1021 6 11 1020 5 11 1019 4 176 1024 2 119 1023 1 126 1022 0 84 1025 3 146 1023 1 126 1024 2 119 1026 4 114 1025 3 146 1024 2 119 1027 5 11 1025 3 146 1026 4 114 1028 6 11 1027 5 11 1026 4 114 1031 2 1 1030 1 147 1029 0 12 1032 3 20 1030 1 147 1031 2 1 1033 4 20 1032 3 20 1031 2 1 1034 5 71 1032 3 20 1033 4 20 1035 6 21 1034 5 71 1033 4 20 1038 2 57 1037 1 89 1036 0 87 1039 3 31 1037 1 89 1038 2 57 1040 4 74 1039 3 31 1038 2 57 1041 5 11 1039 3 31 1040 4 74 1042 6 11 1041 5 11 1040 4 74 1045 2 118 1044 1 118 1043 0 145 1046 3 35 1044 1 118 1045 2 118 1047 4 86 1046 3 35 1045 2 118 1048 5 106 1046 3 35 1047 4 86 1049 6 104 1048 5 106 1047 4 86 1052 2 59 1051 1 137 1050 0 110 1053 3 82 1051 1 137 1052 2 59 1054 4 143 1053 3 82 1052 2 59 1055 5 29 1053 3 82 1054 4 143 1056 6 196 1055 5 29 1054 4 143 1059 2 7 1058 1 7 1057 0 84 1060 3 75 1058 1 7 1059 2 7 1061 4 74 1060 3 75 1059 2 7 1062 5 53 1060 3 75 1061 4 74 1063 6 29 1062 5 53 1061 4 74 1066 2 163 1065 1 142 1064 0 65 1067 3 197 1065 1 142 1066 2 163 1068 4 170 1067 3 197 1066 2 163 1069 5 11 1067 3 197 1068 4 170 1070 6 11 1069 5 11 1068 4 170 1073 2 123 1072 1 123 1071 0 78 1074 3 9 1072 1 123 1073 2 123 1075 4 151 1074 3 9 1073 2 123 1076 5 11 1074 3 9 1075 4 151 1077 6 48 1076 5 11 1075 4 151 1080 2 81 1079 1 81 1078 0 73 1081 3 159 1079 1 81 1080 2 81 1082 4 151 1081 3 159 1080 2 81 1083 5 125 1081 3 159 1082 4 151 1084 6 54 1083 5 125 1082 4 151 1087 2 113 1086 1 110 1085 0 90 1088 3 43 1086 1 110 1087 2 113 1089 4 5 1088 3 43 1087 2 113 1090 5 155 1088 3 43 1089 4 5 1091 6 11 1090 5 155 1089 4 5 1094 2 119 1093 1 119 1092 0 118 1095 3 60 1093 1 119 1094 2 119 1096 4 60 1095 3 60 1094 2 119 1097 5 194 1095 3 60 1096 4 60 1098 6 18 1097 5 194 1096 4 60 1101 2 42 1100 1 157 1099 0 135 1102 3 174 1100 1 157 1101 2 42 1103 4 190 1102 3 174 1101 2 42 1104 5 125 1102 3 174 1103 4 190 1105 6 54 1104 5 125 1103 4 190 1108 2 6 1107 1 77 1106 0 144 1109 3 119 1107 1 77 1108 2 6 1110 4 26 1109 3 119 1108 2 6 1111 5 29 1109 3 119 1110 4 26 1112 6 174 1111 5 29 1110 4 26 1115 2 121 1114 1 66 1113 0 12 1116 3 44 1114 1 66 1115 2 121 1117 4 157 1116 3 44 1115 2 121 1118 5 11 1116 3 44 1117 4 157 1119 6 11 1118 5 11 1117 4 157 1122 2 87 1121 1 6 1120 0 67 1123 3 74 1121 1 6 1122 2 87 1124 4 59 1123 3 74 1122 2 87 1125 5 11 1123 3 74 1124 4 59 1126 6 11 1125 5 11 1124 4 59 1129 2 97 1128 1 0 1127 0 76 1130 3 102 1128 1 0 1129 2 97 1131 4 79 1130 3 102 1129 2 97 1132 5 43 1130 3 102 1131 4 79 1133 6 157 1132 5 43 1131 4 79 1136 2 84 1135 1 1 1134 0 95 1137 3 16 1135 1 1 1136 2 84 1138 4 102 1137 3 16 1136 2 84 1139 5 11 1137 3 16 1138 4 102 1140 6 11 1139 5 11 1138 4 102 1143 2 193 1142 1 193 1141 0 99 1144 3 86 1142 1 193 1143 2 193 1145 4 19 1144 3 86 1143 2 193 1146 5 198 1144 3 86 1145 4 19 1147 6 130 1146 5 198 1145 4 19 1150 2 70 1149 1 110 1148 0 81 1151 3 63 1149 1 110 1150 2 70 1152 4 42 1151 3 63 1150 2 70 1153 5 53 1151 3 63 1152 4 42 1154 6 29 1153 5 53 1152 4 42 1157 2 7 1156 1 39 1155 0 162 1158 3 168 1156 1 39 1157 2 7 1159 4 168 1158 3 168 1157 2 7 1160 5 53 1158 3 168 1159 4 168 1161 6 29 1160 5 53 1159 4 168 1164 2 70 1163 1 19 1162 0 89 1165 3 44 1163 1 19 1164 2 70 1166 4 169 1165 3 44 1164 2 70 1167 5 11 1165 3 44 1166 4 169 1168 6 11 1167 5 11 1166 4 169 1171 2 119 1170 1 62 1169 0 73 1172 3 153 1170 1 62 1171 2 119 1173 4 82 1172 3 153 1171 2 119 1174 5 11 1172 3 153 1173 4 82 1175 6 160 1174 5 11 1173 4 82 1178 2 108 1177 1 69 1176 0 72 1179 3 58 1177 1 69 1178 2 108 1180 4 70 1179 3 58 1178 2 108 1181 5 20 1179 3 58 1180 4 70 1182 6 58 1181 5 20 1180 4 70 1185 2 156 1184 1 156 1183 0 107 1186 3 2 1184 1 156 1185 2 156 1187 4 75 1186 3 2 1185 2 156 1188 5 11 1186 3 2 1187 4 75 1189 6 11 1188 5 11 1187 4 75 1192 2 78 1191 1 65 1190 0 189 1193 3 58 1191 1 65 1192 2 78 1194 4 70 1193 3 58 1192 2 78 1195 5 106 1193 3 58 1194 4 70 1196 6 170 1195 5 106 1194 4 70 1199 2 58 1198 1 19 1197 0 126 1200 3 185 1198 1 19 1199 2 58 1201 4 131 1200 3 185 1199 2 58 1202 5 24 1200 3 185 1201 4 131 1203 6 25 1202 5 24 1201 4 131 1206 2 87 1205 1 87 1204 0 144 1207 3 81 1205 1 87 1206 2 87 1208 4 85 1207 3 81 1206 2 87 1209 5 117 1207 3 81 1208 4 85 1210 6 25 1209 5 117 1208 4 85 1213 2 89 1212 1 66 1211 0 12 1214 3 165 1212 1 66 1213 2 89 1215 4 152 1214 3 165 1213 2 89 1216 5 11 1214 3 165 1215 4 152 1217 6 11 1216 5 11 1215 4 152 1220 2 55 1219 1 38 1218 0 145 1221 3 36 1219 1 38 1220 2 55 1222 4 59 1221 3 36 1220 2 55 1223 5 11 1221 3 36 1222 4 59 1224 6 199 1223 5 11 1222 4 59 1227 2 193 1226 1 97 1225 0 67 1228 3 35 1226 1 97 1227 2 193 1229 4 137 1228 3 35 1227 2 193 1230 5 71 1228 3 35 1229 4 137 1231 6 174 1230 5 71 1229 4 137 1234 2 115 1233 1 156 1232 0 189 1235 3 16 1233 1 156 1234 2 115 1236 4 102 1235 3 16 1234 2 115 1237 5 199 1235 3 16 1236 4 102 1238 6 169 1237 5 199 1236 4 102 1241 2 78 1240 1 77 1239 0 67 1242 3 58 1240 1 77 1241 2 78 1243 4 70 1242 3 58 1241 2 78 1244 5 186 1242 3 58 1243 4 70 1245 6 33 1244 5 186 1243 4 70 1248 2 137 1247 1 116 1246 0 85 1249 3 82 1247 1 116 1248 2 137 1250 4 143 1249 3 82 1248 2 137 1251 5 125 1249 3 82 1250 4 143 1252 6 29 1251 5 125 1250 4 143 1255 2 13 1254 1 115 1253 0 77 1256 3 110 1254 1 115 1255 2 13 1257 4 58 1256 3 110 1255 2 13 1258 5 169 1256 3 110 1257 4 58 1259 6 141 1258 5 169 1257 4 58 1262 2 39 1261 1 126 1260 0 77 1263 3 148 1261 1 126 1262 2 39 1264 4 167 1263 3 148 1262 2 39 1265 5 200 1263 3 148 1264 4 167 1266 6 161 1265 5 200 1264 4 167 1269 2 134 1268 1 134 1267 0 193 1270 3 124 1268 1 134 1269 2 134 1271 4 15 1270 3 124 1269 2 134 1272 5 201 1270 3 124 1271 4 15 1273 6 175 1272 5 201 1271 4 15 1276 2 26 1275 1 27 1274 0 39 1277 3 114 1275 1 27 1276 2 26 1278 4 146 1277 3 114 1276 2 26 1279 5 54 1277 3 114 1278 4 146 1280 6 4 1279 5 54 1278 4 146 1283 2 3 1282 1 2 1281 0 27 1284 3 120 1282 1 2 1283 2 3 1285 4 23 1284 3 120 1283 2 3 1286 5 11 1284 3 120 1285 4 23 1287 6 11 1286 5 11 1285 4 23 1290 2 36 1289 1 36 1288 0 7 1291 3 50 1289 1 36 1290 2 36 1292 4 5 1291 3 50 1290 2 36 1293 5 129 1291 3 50 1292 4 5 1294 6 201 1293 5 129 1292 4 5 1297 2 140 1296 1 170 1295 0 152 1298 3 128 1296 1 170 1297 2 140 1299 4 166 1298 3 128 1297 2 140 1300 5 24 1298 3 128 1299 4 166 1301 6 4 1300 5 24 1299 4 166 1304 2 7 1303 1 8 1302 0 11 1305 3 59 1303 1 8 1304 2 7 1306 4 31 1305 3 59 1304 2 7 1307 5 24 1305 3 59 1306 4 31 1308 6 25 1307 5 24 1306 4 31 1311 2 30 1310 1 40 1309 0 147 1312 3 175 1310 1 40 1311 2 30 1313 4 33 1312 3 175 1311 2 30 1314 5 11 1312 3 175 1313 4 33 1315 6 11 1314 5 11 1313 4 33 1318 2 89 1317 1 134 1316 0 108 1319 3 10 1317 1 134 1318 2 89 1320 4 185 1319 3 10 1318 2 89 1321 5 11 1319 3 10 1320 4 185 1322 6 11 1321 5 11 1320 4 185 1325 2 107 1324 1 189 1323 0 202 1326 3 58 1324 1 189 1325 2 107 1327 4 19 1326 3 58 1325 2 107 1328 5 58 1326 3 58 1327 4 19 1329 6 40 1328 5 58 1327 4 19 1332 2 69 1331 1 12 1330 0 202 1333 3 113 1331 1 12 1332 2 69 1334 4 61 1333 3 113 1332 2 69 1335 5 11 1333 3 113 1334 4 61 1336 6 11 1335 5 11 1334 4 61 1339 2 76 1338 1 95 1337 0 203 1340 3 119 1338 1 95 1339 2 76 1341 4 126 1340 3 119 1339 2 76 1342 5 32 1340 3 119 1341 4 126 1343 6 152 1342 5 32 1341 4 126 1346 2 8 1345 1 101 1344 0 13 1347 3 59 1345 1 101 1346 2 8 1348 4 137 1347 3 59 1346 2 8 1349 5 117 1347 3 59 1348 4 137 1350 6 132 1349 5 117 1348 4 137 1353 2 85 1352 1 85 1351 0 150 1354 3 3 1352 1 85 1353 2 85 1355 4 21 1354 3 3 1353 2 85 1356 5 53 1354 3 3 1355 4 21 1357 6 54 1356 5 53 1355 4 21 1360 2 59 1359 1 74 1358 0 39 1361 3 201 1359 1 74 1360 2 59 1362 4 33 1361 3 201 1360 2 59 1363 5 11 1361 3 201 1362 4 33 1364 6 11 1363 5 11 1362 4 33 1367 2 58 1366 1 137 1365 0 34 1368 3 37 1366 1 137 1367 2 58 1369 4 152 1368 3 37 1367 2 58 1370 5 11 1368 3 37 1369 4 152 1371 6 188 1370 5 11 1369 4 152 1374 2 83 1373 1 0 1372 0 67 1375 3 31 1373 1 0 1374 2 83 1376 4 137 1375 3 31 1374 2 83 1377 5 185 1375 3 31 1376 4 137 1378 6 132 1377 5 185 1376 4 137 1381 2 156 1380 1 115 1379 0 144 1382 3 91 1380 1 115 1381 2 156 1383 4 3 1382 3 91 1381 2 156 1384 5 11 1382 3 91 1383 4 3 1385 6 11 1384 5 11 1383 4 3 1388 2 83 1387 1 83 1386 0 94 1389 3 58 1387 1 83 1388 2 83 1390 4 36 1389 3 58 1388 2 83 1391 5 186 1389 3 58 1390 4 36 1392 6 204 1391 5 186 1390 4 36 1395 2 86 1394 1 19 1393 0 163 1396 3 114 1394 1 19 1395 2 86 1397 4 60 1396 3 114 1395 2 86 1398 5 24 1396 3 114 1397 4 60 1399 6 29 1398 5 24 1397 4 60 1402 2 13 1401 1 14 1400 0 6 1403 3 110 1401 1 14 1402 2 13 1404 4 116 1403 3 110 1402 2 13 1405 5 53 1403 3 110 1404 4 116 1406 6 29 1405 5 53 1404 4 116 1409 2 8 1408 1 142 1407 0 147 1410 3 44 1408 1 142 1409 2 8 1411 4 158 1410 3 44 1409 2 8 1412 5 11 1410 3 44 1411 4 158 1413 6 11 1412 5 11 1411 4 158 1416 2 66 1415 1 150 1414 0 147 1417 3 49 1415 1 150 1416 2 66 1418 4 168 1417 3 49 1416 2 66 1419 5 11 1417 3 49 1418 4 168 1420 6 11 1419 5 11 1418 4 168 1423 2 134 1422 1 90 1421 0 78 1424 3 10 1422 1 90 1423 2 134 1425 4 82 1424 3 10 1423 2 134 1426 5 117 1424 3 10 1425 4 82 1427 6 4 1426 5 117 1425 4 82 1430 2 84 1429 1 73 1428 0 107 1431 3 15 1429 1 73 1430 2 84 1432 4 3 1431 3 15 1430 2 84 1433 5 11 1431 3 15 1432 4 3 1434 6 11 1433 5 11 1432 4 3 1437 2 193 1436 1 83 1435 0 205 1438 3 137 1436 1 83 1437 2 193 1439 4 79 1438 3 137 1437 2 193 1440 5 197 1438 3 137 1439 4 79 1441 6 182 1440 5 197 1439 4 79 1444 2 91 1443 1 16 1442 0 142 1445 3 22 1443 1 16 1444 2 91 1446 4 22 1445 3 22 1444 2 91 1447 5 24 1445 3 22 1446 4 22 1448 6 25 1447 5 24 1446 4 22 1451 2 70 1450 1 58 1449 0 85 1452 3 5 1450 1 58 1451 2 70 1453 4 153 1452 3 5 1451 2 70 1454 5 125 1452 3 5 1453 4 153 1455 6 24 1454 5 125 1453 4 153 1458 2 21 1457 1 21 1456 0 62 1459 3 47 1457 1 21 1458 2 21 1460 4 52 1459 3 47 1458 2 21 1461 5 11 1459 3 47 1460 4 52 1462 6 11 1461 5 11 1460 4 52 1465 2 16 1464 1 3 1463 0 163 1466 3 140 1464 1 3 1465 2 16 1467 4 64 1466 3 140 1465 2 16 1468 5 11 1466 3 140 1467 4 64 1469 6 11 1468 5 11 1467 4 64 1472 2 6 1471 1 12 1470 0 107 1473 3 75 1471 1 12 1472 2 6 1474 4 31 1473 3 75 1472 2 6 1475 5 49 1473 3 75 1474 4 31 1476 6 124 1475 5 49 1474 4 31 1479 2 118 1478 1 65 1477 0 94 1480 3 75 1478 1 65 1479 2 118 1481 4 79 1480 3 75 1479 2 118 1482 5 11 1480 3 75 1481 4 79 1483 6 11 1482 5 11 1481 4 79 1486 2 145 1485 1 207 1484 0 206 1487 3 27 1485 1 207 1486 2 145 1488 4 40 1487 3 27 1486 2 145 1489 5 175 1487 3 27 1488 4 40 1490 6 100 1489 5 175 1488 4 40 1493 2 27 1492 1 163 1491 0 101 1494 3 135 1492 1 163 1493 2 27 1495 4 177 1494 3 135 1493 2 27 1496 5 24 1494 3 135 1495 4 177 1497 6 132 1496 5 24 1495 4 177 1500 2 116 1499 1 70 1498 0 163 1501 3 9 1499 1 70 1500 2 116 1502 4 143 1501 3 9 1500 2 116 1503 5 125 1501 3 9 1502 4 143 1504 6 54 1503 5 125 1502 4 143 1507 2 21 1506 1 135 1505 0 113 1508 3 197 1506 1 135 1507 2 21 1509 4 182 1508 3 197 1507 2 21 1510 5 11 1508 3 197 1509 4 182 1511 6 11 1510 5 11 1509 4 182 1514 2 20 1513 1 20 1512 0 26 1515 3 64 1513 1 20 1514 2 20 1516 4 22 1515 3 64 1514 2 20 1517 5 11 1515 3 64 1516 4 22 1518 6 208 1517 5 11 1516 4 22 1521 2 13 1520 1 115 1519 0 83 1522 3 151 1520 1 115 1521 2 13 1523 4 10 1522 3 151 1521 2 13 1524 5 42 1522 3 151 1523 4 10 1525 6 114 1524 5 42 1523 4 10 1528 2 147 1527 1 65 1526 0 69 1529 3 79 1527 1 65 1528 2 147 1530 4 79 1529 3 79 1528 2 147 1531 5 11 1529 3 79 1530 4 79 1532 6 11 1531 5 11 1530 4 79 1535 2 68 1534 1 12 1533 0 205 1536 3 19 1534 1 12 1535 2 68 1537 4 86 1536 3 19 1535 2 68 1538 5 171 1536 3 19 1537 4 86 1539 6 136 1538 5 171 1537 4 86 1542 2 59 1541 1 36 1540 0 163 1543 3 114 1541 1 36 1542 2 59 1544 4 146 1543 3 114 1542 2 59 1545 5 117 1543 3 114 1544 4 146 1546 6 132 1545 5 117 1544 4 146 1549 2 36 1548 1 58 1547 0 61 1550 3 71 1548 1 58 1549 2 36 1551 4 10 1550 3 71 1549 2 36 1552 5 53 1550 3 71 1551 4 10 1553 6 24 1552 5 53 1551 4 10 1556 2 102 1555 1 15 1554 0 30 1557 3 164 1555 1 15 1556 2 102 1558 4 130 1557 3 164 1556 2 102 1559 5 11 1557 3 164 1558 4 130 1560 6 11 1559 5 11 1558 4 130 1563 2 2 1562 1 20 1561 0 142 1564 3 64 1562 1 20 1563 2 2 1565 4 22 1564 3 64 1563 2 2 1566 5 11 1564 3 64 1565 4 22 1567 6 11 1566 5 11 1565 4 22 1570 2 27 1569 1 40 1568 0 39 1571 3 42 1569 1 40 1570 2 27 1572 4 153 1571 3 42 1570 2 27 1573 5 125 1571 3 42 1572 4 153 1574 6 24 1573 5 125 1572 4 153 1577 2 19 1576 1 86 1575 0 90 1578 3 43 1576 1 86 1577 2 19 1579 4 5 1578 3 43 1577 2 19 1580 5 11 1578 3 43 1579 4 5 1581 6 11 1580 5 11 1579 4 5 1584 2 110 1583 1 113 1582 0 121 1585 3 37 1583 1 113 1584 2 110 1586 4 157 1585 3 37 1584 2 110 1587 5 208 1585 3 37 1586 4 157 1588 6 209 1587 5 208 1586 4 157 1591 2 5 1590 1 5 1589 0 131 1592 3 199 1590 1 5 1591 2 5 1593 4 204 1592 3 199 1591 2 5 1594 5 125 1592 3 199 1593 4 204 1595 6 117 1594 5 125 1593 4 204 1598 2 163 1597 1 8 1596 0 14 1599 3 122 1597 1 8 1598 2 163 1600 4 10 1599 3 122 1598 2 163 1601 5 125 1599 3 122 1600 4 10 1602 6 4 1601 5 125 1600 4 10 1605 2 40 1604 1 86 1603 0 101 1606 3 175 1604 1 86 1605 2 40 1607 4 169 1606 3 175 1605 2 40 1608 5 11 1606 3 175 1607 4 169 1609 6 11 1608 5 11 1607 4 169 1612 2 121 1611 1 121 1610 0 108 1613 3 151 1611 1 121 1612 2 121 1614 4 143 1613 3 151 1612 2 121 1615 5 11 1613 3 151 1614 4 143 1616 6 11 1615 5 11 1614 4 143 1619 2 55 1618 1 147 1617 0 77 1620 3 15 1618 1 147 1619 2 55 1621 4 3 1620 3 15 1619 2 55 1622 5 114 1620 3 15 1621 4 3 1623 6 131 1622 5 114 1621 4 3 1626 2 121 1625 1 134 1624 0 77 1627 3 168 1625 1 134 1626 2 121 1628 4 21 1627 3 168 1626 2 121 1629 5 11 1627 3 168 1628 4 21 1630 6 11 1629 5 11 1628 4 21 1633 2 147 1632 1 147 1631 0 189 1634 3 59 1632 1 147 1633 2 147 1635 4 35 1634 3 59 1633 2 147 1636 5 197 1634 3 59 1635 4 35 1637 6 11 1636 5 197 1635 4 35 1640 2 2 1639 1 75 1638 0 26 1641 3 210 1639 1 75 1640 2 2 1642 4 210 1641 3 210 1640 2 2 1643 5 210 1641 3 210 1642 4 210 1644 6 210 1643 5 210 1642 4 210 1647 2 13 1646 1 162 1645 0 77 1648 3 110 1646 1 162 1647 2 13 1649 4 137 1648 3 110 1647 2 13 1650 5 125 1648 3 110 1649 4 137 1651 6 29 1650 5 125 1649 4 137 1654 2 81 1653 1 119 1652 0 83 1655 3 106 1653 1 119 1654 2 81 1656 4 64 1655 3 106 1654 2 81 1657 5 11 1655 3 106 1656 4 64 1658 6 11 1657 5 11 1656 4 64 1661 2 56 1660 1 56 1659 0 83 1662 3 21 1660 1 56 1661 2 56 1663 4 122 1662 3 21 1661 2 56 1664 5 11 1662 3 21 1663 4 122 1665 6 51 1664 5 11 1663 4 122 1668 2 38 1667 1 87 1666 0 68 1669 3 2 1667 1 87 1668 2 38 1670 4 59 1669 3 2 1668 2 38 1671 5 9 1669 3 2 1670 4 59 1672 6 185 1671 5 9 1670 4 59 1675 2 13 1674 1 90 1673 0 207 1676 3 21 1674 1 90 1675 2 13 1677 4 20 1676 3 21 1675 2 13 1678 5 11 1676 3 21 1677 4 20 1679 6 11 1678 5 11 1677 4 20 1682 2 147 1681 1 1 1680 0 107 1683 3 74 1681 1 1 1682 2 147 1684 4 59 1683 3 74 1682 2 147 1685 5 186 1683 3 74 1684 4 59 1686 6 200 1685 5 186 1684 4 59 1689 2 35 1688 1 35 1687 0 142 1690 3 114 1688 1 35 1689 2 35 1691 4 146 1690 3 114 1689 2 35 1692 5 24 1690 3 114 1691 4 146 1693 6 4 1692 5 24 1691 4 146 1696 2 56 1695 1 115 1694 0 77 1697 3 74 1695 1 115 1696 2 56 1698 4 75 1697 3 74 1696 2 56 1699 5 53 1697 3 74 1698 4 75 1700 6 29 1699 5 53 1698 4 75 1703 2 62 1702 1 62 1701 0 55 1704 3 45 1702 1 62 1703 2 62 1705 4 139 1704 3 45 1703 2 62 1706 5 11 1704 3 45 1705 4 139 1707 6 11 1706 5 11 1705 4 139 1710 2 134 1709 1 134 1708 0 193 1711 3 28 1709 1 134 1710 2 134 1712 4 28 1711 3 28 1710 2 134 1713 5 11 1711 3 28 1712 4 28 1714 6 175 1713 5 11 1712 4 28 1717 2 90 1716 1 13 1715 0 83 1718 3 28 1716 1 13 1717 2 90 1719 4 28 1718 3 28 1717 2 90 1720 5 53 1718 3 28 1719 4 28 1721 6 29 1720 5 53 1719 4 28 1724 2 7 1723 1 8 1722 0 6 1725 3 9 1723 1 8 1724 2 7 1726 4 151 1725 3 9 1724 2 7 1727 5 211 1725 3 9 1726 4 151 1728 6 11 1727 5 211 1726 4 151 1731 2 89 1730 1 89 1729 0 193 1732 3 168 1730 1 89 1731 2 89 1733 4 91 1732 3 168 1731 2 89 1734 5 198 1732 3 168 1733 4 91 1735 6 51 1734 5 198 1733 4 91 1738 2 135 1737 1 49 1736 0 36 1739 3 141 1737 1 49 1738 2 135 1740 4 139 1739 3 141 1738 2 135 1741 5 53 1739 3 141 1740 4 139 1742 6 54 1741 5 53 1740 4 139 1745 2 38 1744 1 84 1743 0 12 1746 3 19 1744 1 84 1745 2 38 1747 4 36 1746 3 19 1745 2 38 1748 5 54 1746 3 19 1747 4 36 1749 6 132 1748 5 54 1747 4 36 1752 2 150 1751 1 126 1750 0 77 1753 3 211 1751 1 126 1752 2 150 1754 4 50 1753 3 211 1752 2 150 1755 5 169 1753 3 211 1754 4 50 1756 6 11 1755 5 169 1754 4 50 1759 2 38 1758 1 1 1757 0 189 1760 3 3 1758 1 1 1759 2 38 1761 4 20 1760 3 3 1759 2 38 1762 5 11 1760 3 3 1761 4 20 1763 6 11 1762 5 11 1761 4 20 1766 2 75 1765 1 28 1764 0 113 1767 3 80 1765 1 28 1766 2 75 1768 4 114 1767 3 80 1766 2 75 1769 5 125 1767 3 80 1768 4 114 1770 6 117 1769 5 125 1768 4 114 1773 2 163 1772 1 163 1771 0 84 1774 3 183 1772 1 163 1773 2 163 1775 4 42 1774 3 183 1773 2 163 1776 5 197 1774 3 183 1775 4 42 1777 6 129 1776 5 197 1775 4 42 1780 2 7 1779 1 8 1778 0 84 1781 3 152 1779 1 8 1780 2 7 1782 4 153 1781 3 152 1780 2 7 1783 5 212 1781 3 152 1782 4 153 1784 6 165 1783 5 212 1782 4 153 1787 2 23 1786 1 169 1785 0 59 1788 3 24 1786 1 169 1787 2 23 1789 4 213 1788 3 24 1787 2 23 1790 5 125 1788 3 24 1789 4 213 1791 6 117 1790 5 125 1789 4 213 1794 2 101 1793 1 121 1792 0 84 1795 3 16 1793 1 121 1794 2 101 1796 4 91 1795 3 16 1794 2 101 1797 5 104 1795 3 16 1796 4 91 1798 6 154 1797 5 104 1796 4 91 1801 2 26 1800 1 58 1799 0 134 1802 3 148 1800 1 58 1801 2 26 1803 4 170 1802 3 148 1801 2 26 1804 5 140 1802 3 148 1803 4 170 1805 6 204 1804 5 140 1803 4 170 1808 2 66 1807 1 101 1806 0 6 1809 3 49 1807 1 101 1808 2 66 1810 4 135 1809 3 49 1808 2 66 1811 5 148 1809 3 49 1810 4 135 1812 6 11 1811 5 148 1810 4 135 1815 2 110 1814 1 116 1813 0 85 1816 3 183 1814 1 116 1815 2 110 1817 4 131 1816 3 183 1815 2 110 1818 5 125 1816 3 183 1817 4 131 1819 6 24 1818 5 125 1817 4 131 1822 2 27 1821 1 27 1820 0 13 1823 3 5 1821 1 27 1822 2 27 1824 4 153 1823 3 5 1822 2 27 1825 5 212 1823 3 5 1824 4 153 1826 6 214 1825 5 212 1824 4 153 1829 2 119 1828 1 85 1827 0 101 1830 3 82 1828 1 85 1829 2 119 1831 4 143 1830 3 82 1829 2 119 1832 5 215 1830 3 82 1831 4 143 1833 6 164 1832 5 215 1831 4 143 1836 2 46 1835 1 114 1834 0 102 1837 3 24 1835 1 114 1836 2 46 1838 4 196 1837 3 24 1836 2 46 1839 5 125 1837 3 24 1838 4 196 1840 6 24 1839 5 125 1838 4 196 1843 2 26 1842 1 27 1841 0 150 1844 3 185 1842 1 27 1843 2 26 1845 4 151 1844 3 185 1843 2 26 1846 5 141 1844 3 185 1845 4 151 1847 6 196 1846 5 141 1845 4 151 1850 2 59 1849 1 15 1848 0 61 1851 3 161 1849 1 15 1850 2 59 1852 4 139 1851 3 161 1850 2 59 1853 5 42 1851 3 161 1852 4 139 1854 6 63 1853 5 42 1852 4 139 1857 2 163 1856 1 30 1855 0 56 1858 3 71 1856 1 30 1857 2 163 1859 4 10 1858 3 71 1857 2 163 1860 5 11 1858 3 71 1859 4 10 1861 6 11 1860 5 11 1859 4 10 1864 2 30 1863 1 30 1862 0 14 1865 3 114 1863 1 30 1864 2 30 1866 4 153 1865 3 114 1864 2 30 1867 5 53 1865 3 114 1866 4 153 1868 6 54 1867 5 53 1866 4 153 1871 2 86 1870 1 19 1869 0 89 1872 3 50 1870 1 19 1871 2 86 1873 4 158 1872 3 50 1871 2 86 1874 5 106 1872 3 50 1873 4 158 1875 6 197 1874 5 106 1873 4 158 1878 2 142 1877 1 142 1876 0 162 1879 3 152 1877 1 142 1878 2 142 1880 4 159 1879 3 152 1878 2 142 1881 5 160 1879 3 152 1880 4 159 1882 6 188 1881 5 160 1880 4 159 1885 2 22 1884 1 167 1883 0 131 1886 3 216 1884 1 167 1885 2 22 1887 4 112 1886 3 216 1885 2 22 1888 5 53 1886 3 216 1887 4 112 1889 6 54 1888 5 53 1887 4 112 1892 2 101 1891 1 121 1890 0 1 1893 3 2 1891 1 121 1892 2 101 1894 4 21 1893 3 2 1892 2 101 1895 5 181 1893 3 2 1894 4 21 1896 6 4 1895 5 181 1894 4 21 1899 2 8 1898 1 163 1897 0 147 1900 3 103 1898 1 163 1899 2 8 1901 4 22 1900 3 103 1899 2 8 1902 5 204 1900 3 103 1901 4 22 1903 6 154 1902 5 204 1901 4 22 1906 2 134 1905 1 134 1904 0 193 1907 3 177 1905 1 134 1906 2 134 1908 4 177 1907 3 177 1906 2 134 1909 5 11 1907 3 177 1908 4 177 1910 6 11 1909 5 11 1908 4 177 1913 2 108 1912 1 207 1911 0 72 1914 3 31 1912 1 207 1913 2 108 1915 4 79 1914 3 31 1913 2 108 1916 5 29 1914 3 31 1915 4 79 1917 6 132 1916 5 29 1915 4 79 1920 2 14 1919 1 115 1918 0 107 1921 3 15 1919 1 115 1920 2 14 1922 4 20 1921 3 15 1920 2 14 1923 5 11 1921 3 15 1922 4 20 1924 6 11 1923 5 11 1922 4 20 1927 2 6 1926 1 6 1925 0 189 1928 3 75 1926 1 6 1927 2 6 1929 4 79 1928 3 75 1927 2 6 1930 5 17 1928 3 75 1929 4 79 1931 6 100 1930 5 17 1929 4 79 1934 2 137 1933 1 19 1932 0 30 1935 3 159 1933 1 19 1934 2 137 1936 4 151 1935 3 159 1934 2 137 1937 5 53 1935 3 159 1936 4 151 1938 6 4 1937 5 53 1936 4 151 1941 2 126 1940 1 8 1939 0 115 1942 3 122 1940 1 8 1941 2 126 1943 4 131 1942 3 122 1941 2 126 1944 5 53 1942 3 122 1943 4 131 1945 6 29 1944 5 53 1943 4 131 1948 2 113 1947 1 86 1946 0 90 1949 3 148 1947 1 86 1948 2 113 1950 4 200 1949 3 148 1948 2 113 1951 5 11 1949 3 148 1950 4 200 1952 6 11 1951 5 11 1950 4 200 1955 2 126 1954 1 30 1953 0 84 1956 3 60 1954 1 30 1955 2 126 1957 4 153 1956 3 60 1955 2 126 1958 5 11 1956 3 60 1957 4 153 1959 6 11 1958 5 11 1957 4 153 1962 2 90 1961 1 156 1960 0 6 1963 3 20 1961 1 156 1962 2 90 1964 4 102 1963 3 20 1962 2 90 1965 5 24 1963 3 20 1964 4 102 1966 6 54 1965 5 24 1964 4 102 1969 2 81 1968 1 119 1967 0 55 1970 3 151 1968 1 119 1969 2 81 1971 4 177 1970 3 151 1969 2 81 1972 5 11 1970 3 151 1971 4 177 1973 6 11 1972 5 11 1971 4 177 1976 2 150 1975 1 150 1974 0 118 1977 3 177 1975 1 150 1976 2 150 1978 4 124 1977 3 177 1976 2 150 1979 5 186 1977 3 177 1978 4 124 1980 6 204 1979 5 186 1978 4 124 1983 2 135 1982 1 21 1981 0 59 1984 3 183 1982 1 21 1983 2 135 1985 4 37 1984 3 183 1983 2 135 1986 5 53 1984 3 183 1985 4 37 1987 6 54 1986 5 53 1985 4 37 1990 2 77 1989 1 83 1988 0 107 1991 3 7 1989 1 83 1990 2 77 1992 4 163 1991 3 7 1990 2 77 1993 5 54 1991 3 7 1992 4 163 1994 6 132 1993 5 54 1992 4 163 1997 2 13 1996 1 101 1995 0 69 1998 3 217 1996 1 101 1997 2 13 1999 4 157 1998 3 217 1997 2 13 2000 5 11 1998 3 217 1999 4 157 2001 6 11 2000 5 11 1999 4 157 2004 2 193 2003 1 193 2002 0 99 2005 3 86 2003 1 193 2004 2 193 2006 4 58 2005 3 86 2004 2 193 2007 5 11 2005 3 86 2006 4 58 2008 6 11 2007 5 11 2006 4 58 2011 2 134 2010 1 134 2009 0 38 2012 3 135 2010 1 134 2011 2 134 2013 4 28 2012 3 135 2011 2 134 2014 5 37 2012 3 135 2013 4 28 2015 6 146 2014 5 37 2013 4 28 2018 2 40 2017 1 40 2016 0 56 2019 3 153 2017 1 40 2018 2 40 2020 4 153 2019 3 153 2018 2 40 2021 5 112 2019 3 153 2020 4 153 2022 6 154 2021 5 112 2020 4 153 2025 2 8 2024 1 8 2023 0 84 2026 3 151 2024 1 8 2025 2 8 2027 4 135 2026 3 151 2025 2 8 2028 5 186 2026 3 151 2027 4 135 2029 6 209 2028 5 186 2027 4 135 2032 2 159 2031 1 143 2030 0 124 2033 3 218 2031 1 143 2032 2 159 2034 4 169 2033 3 218 2032 2 159 2035 5 24 2033 3 218 2034 4 169 2036 6 4 2035 5 24 2034 4 169 2039 2 193 2038 1 97 2037 0 219 2040 3 150 2038 1 97 2039 2 193 2041 4 62 2040 3 150 2039 2 193 2042 5 54 2040 3 150 2041 4 62 2043 6 132 2042 5 54 2041 4 62 2046 2 89 2045 1 121 2044 0 207 2047 3 188 2045 1 121 2046 2 89 2048 4 157 2047 3 188 2046 2 89 2049 5 152 2047 3 188 2048 4 157 2050 6 169 2049 5 152 2048 4 157 2053 2 147 2052 1 147 2051 0 109 2054 3 137 2052 1 147 2053 2 147 2055 4 79 2054 3 137 2053 2 147 2056 5 209 2054 3 137 2055 4 79 2057 6 204 2056 5 209 2055 4 79 2060 2 142 2059 1 62 2058 0 134 2061 3 114 2059 1 62 2060 2 142 2062 4 5 2061 3 114 2060 2 142 2063 5 117 2061 3 114 2062 4 5 2064 6 29 2063 5 117 2062 4 5 2067 2 79 2066 1 58 2065 0 126 2068 3 42 2066 1 58 2067 2 79 2069 4 43 2068 3 42 2067 2 79 2070 5 11 2068 3 42 2069 4 43 2071 6 11 2070 5 11 2069 4 43 2074 2 61 2073 1 85 2072 0 162 2075 3 114 2073 1 85 2074 2 61 2076 4 46 2075 3 114 2074 2 61 2077 5 160 2075 3 114 2076 4 46 2078 6 11 2077 5 160 2076 4 46 2081 2 23 2080 1 63 2079 0 159 2082 3 209 2080 1 63 2081 2 23 2083 4 166 2082 3 209 2081 2 23 2084 5 24 2082 3 209 2083 4 166 2085 6 25 2084 5 24 2083 4 166 2088 2 73 2087 1 162 2086 0 65 2089 3 26 2087 1 162 2088 2 73 2090 4 86 2089 3 26 2088 2 73 2091 5 53 2089 3 26 2090 4 86 2092 6 117 2091 5 53 2090 4 86 2095 2 8 2094 1 62 2093 0 87 2096 3 47 2094 1 62 2095 2 8 2097 4 63 2096 3 47 2095 2 8 2098 5 11 2096 3 47 2097 4 63 2099 6 11 2098 5 11 2097 4 63 2102 2 150 2101 1 150 2100 0 156 2103 3 49 2101 1 150 2102 2 150 2104 4 49 2103 3 49 2102 2 150 2105 5 11 2103 3 49 2104 4 49 2106 6 11 2105 5 11 2104 4 49 2109 2 65 2108 1 78 2107 0 109 2110 3 20 2108 1 78 2109 2 65 2111 4 102 2110 3 20 2109 2 65 2112 5 54 2110 3 20 2111 4 102 2113 6 4 2112 5 54 2111 4 102 2116 2 89 2115 1 56 2114 0 0 2117 3 177 2115 1 56 2116 2 89 2118 4 135 2117 3 177 2116 2 89 2119 5 11 2117 3 177 2118 4 135 2120 6 11 2119 5 11 2118 4 135 2123 2 147 2122 1 147 2121 0 189 2124 3 75 2122 1 147 2123 2 147 2125 4 102 2124 3 75 2123 2 147 2126 5 47 2124 3 75 2125 4 102 2127 6 154 2126 5 47 2125 4 102 2130 2 16 2129 1 102 2128 0 61 2131 3 170 2129 1 102 2130 2 16 2132 4 100 2131 3 170 2130 2 16 2133 5 125 2131 3 170 2132 4 100 2134 6 29 2133 5 125 2132 4 100 2137 2 66 2136 1 66 2135 0 118 2138 3 124 2136 1 66 2137 2 66 2139 4 20 2138 3 124 2137 2 66 2140 5 24 2138 3 124 2139 4 20 2141 6 4 2140 5 24 2139 4 20 2144 2 62 2143 1 40 2142 0 1 2145 3 138 2143 1 40 2144 2 62 2146 4 169 2145 3 138 2144 2 62 2147 5 187 2145 3 138 2146 4 169 2148 6 11 2147 5 187 2146 4 169 2151 2 101 2150 1 121 2149 0 83 2152 3 185 2150 1 121 2151 2 101 2153 4 185 2152 3 185 2151 2 101 2154 5 11 2152 3 185 2153 4 185 2155 6 11 2154 5 11 2153 4 185 2158 2 12 2157 1 207 2156 0 220 2159 3 102 2157 1 207 2158 2 12 2160 4 137 2159 3 102 2158 2 12 2161 5 53 2159 3 102 2160 4 137 2162 6 29 2161 5 53 2160 4 137 2165 2 1 2164 1 55 2163 0 67 2166 3 15 2164 1 55 2165 2 1 2167 4 16 2166 3 15 2165 2 1 2168 5 11 2166 3 15 2167 4 16 2169 6 11 2168 5 11 2167 4 16 2172 2 69 2171 1 97 2170 0 220 2173 3 113 2171 1 97 2172 2 69 2174 4 110 2173 3 113 2172 2 69 2175 5 221 2173 3 113 2174 4 110 2176 6 128 2175 5 221 2174 4 110 2179 2 113 2178 1 113 2177 0 7 2180 3 25 2178 1 113 2179 2 113 2181 4 199 2180 3 25 2179 2 113 2182 5 53 2180 3 25 2181 4 199 2183 6 29 2182 5 53 2181 4 199 2186 2 123 2185 1 121 2184 0 55 2187 3 2 2185 1 121 2186 2 123 2188 4 102 2187 3 2 2186 2 123 2189 5 53 2187 3 2 2188 4 102 2190 6 29 2189 5 53 2188 4 102 2193 2 142 2192 1 110 2191 0 162 2194 3 45 2192 1 110 2193 2 142 2195 4 100 2194 3 45 2193 2 142 2196 5 11 2194 3 45 2195 4 100 2197 6 11 2196 5 11 2195 4 100 2200 2 39 2199 1 34 2198 0 38 2201 3 131 2199 1 34 2200 2 39 2202 4 131 2201 3 131 2200 2 39 2203 5 11 2201 3 131 2202 4 131 2204 6 11 2203 5 11 2202 4 131 2207 2 66 2206 1 150 2205 0 87 2208 3 114 2206 1 150 2207 2 66 2209 4 159 2208 3 114 2207 2 66 2210 5 53 2208 3 114 2209 4 159 2211 6 4 2210 5 53 2209 4 159 2214 2 7 2213 1 66 2212 0 193 2215 3 60 2213 1 66 2214 2 7 2216 4 157 2215 3 60 2214 2 7 2217 5 11 2215 3 60 2216 4 157 2218 6 11 2217 5 11 2216 4 157 2221 2 162 2220 1 13 2219 0 191 2222 3 82 2220 1 13 2221 2 162 2223 4 151 2222 3 82 2221 2 162 2224 5 221 2222 3 82 2223 4 151 2225 6 18 2224 5 221 2223 4 151 2228 2 42 2227 1 37 2226 0 16 2229 3 216 2227 1 37 2228 2 42 2230 4 128 2229 3 216 2228 2 42 2231 5 125 2229 3 216 2230 4 128 2232 6 29 2231 5 125 2230 4 128 2235 2 34 2234 1 66 2233 0 162 2236 3 31 2234 1 66 2235 2 34 2237 4 124 2236 3 31 2235 2 34 2238 5 53 2236 3 31 2237 4 124 2239 6 54 2238 5 53 2237 4 124 2242 2 62 2241 1 61 2240 0 1 2243 3 106 2241 1 61 2242 2 62 2244 4 158 2243 3 106 2242 2 62 2245 5 11 2243 3 106 2244 4 158 2246 6 11 2245 5 11 2244 4 158 2249 2 8 2248 1 34 2247 0 73 2250 3 135 2248 1 34 2249 2 8 2251 4 28 2250 3 135 2249 2 8 2252 5 11 2250 3 135 2251 4 28 2253 6 11 2252 5 11 2251 4 28 2256 2 123 2255 1 57 2254 0 78 2257 3 5 2255 1 57 2256 2 123 2258 4 50 2257 3 5 2256 2 123 2259 5 117 2257 3 5 2258 4 50 2260 6 136 2259 5 117 2258 4 50 2263 2 81 2262 1 7 2261 0 78 2264 3 114 2262 1 7 2263 2 81 2265 4 42 2264 3 114 2263 2 81 2266 5 11 2264 3 114 2265 4 42 2267 6 11 2266 5 11 2265 4 42 2270 2 55 2269 1 55 2268 0 72 2271 3 131 2269 1 55 2270 2 55 2272 4 135 2271 3 131 2270 2 55 2273 5 111 2271 3 131 2272 4 135 2274 6 11 2273 5 111 2272 4 135 2277 2 37 2276 1 63 2275 0 58 2278 3 187 2276 1 63 2277 2 37 2279 4 154 2278 3 187 2277 2 37 2280 5 24 2278 3 187 2279 4 154 2281 6 174 2280 5 24 2279 4 154 2284 2 62 2283 1 62 2282 0 56 2285 3 168 2283 1 62 2284 2 62 2286 4 28 2285 3 168 2284 2 62 2287 5 125 2285 3 168 2286 4 28 2288 6 117 2287 5 125 2286 4 28 2291 2 58 2290 1 137 2289 0 134 2292 3 47 2290 1 137 2291 2 58 2293 4 104 2292 3 47 2291 2 58 2294 5 11 2292 3 47 2293 4 104 2295 6 11 2294 5 11 2293 4 104 2298 2 40 2297 1 26 2296 0 101 2299 3 114 2297 1 26 2298 2 40 2300 4 5 2299 3 114 2298 2 40 2301 5 11 2299 3 114 2300 4 5 2302 6 11 2301 5 11 2300 4 5 2305 2 87 2304 1 77 2303 0 219 2306 3 75 2304 1 77 2305 2 87 2307 4 59 2306 3 75 2305 2 87 2308 5 54 2306 3 75 2307 4 59 2309 6 25 2308 5 54 2307 4 59 2312 2 13 2311 1 13 2310 0 69 2313 3 91 2311 1 13 2312 2 13 2314 4 20 2313 3 91 2312 2 13 2315 5 11 2313 3 91 2314 4 20 2316 6 11 2315 5 11 2314 4 20 2319 2 55 2318 1 55 2317 0 219 2320 3 59 2318 1 55 2319 2 55 2321 4 137 2320 3 59 2319 2 55 2322 5 17 2320 3 59 2321 4 137 2323 6 209 2322 5 17 2321 4 137 2326 2 31 2325 1 137 2324 0 142 2327 3 183 2325 1 137 2326 2 31 2328 4 183 2327 3 183 2326 2 31 2329 5 53 2327 3 183 2328 4 183 2330 6 4 2329 5 53 2328 4 183 2333 2 6 2332 1 6 2331 0 0 2334 3 85 2332 1 6 2333 2 6 2335 4 40 2334 3 85 2333 2 6 2336 5 24 2334 3 85 2335 4 40 2337 6 4 2336 5 24 2335 4 40 2340 2 134 2339 1 150 2338 0 69 2341 3 188 2339 1 150 2340 2 134 2342 4 50 2341 3 188 2340 2 134 2343 5 11 2341 3 188 2342 4 50 2344 6 11 2343 5 11 2342 4 50 2347 2 38 2346 1 73 2345 0 145 2348 3 16 2346 1 73 2347 2 38 2349 4 31 2348 3 16 2347 2 38 2350 5 11 2348 3 16 2349 4 31 2351 6 11 2350 5 11 2349 4 31 2354 2 38 2353 1 84 2352 0 97 2355 3 91 2353 1 84 2354 2 38 2356 4 3 2355 3 91 2354 2 38 2357 5 53 2355 3 91 2356 4 3 2358 6 54 2357 5 53 2356 4 3 2361 2 150 2360 1 123 2359 0 78 2362 3 151 2360 1 123 2361 2 150 2363 4 122 2362 3 151 2361 2 150 2364 5 11 2362 3 151 2363 4 122 2365 6 11 2364 5 11 2363 4 122 2368 2 56 2367 1 90 2366 0 83 2369 3 124 2367 1 90 2368 2 56 2370 4 3 2369 3 124 2368 2 56 2371 5 129 2369 3 124 2370 4 3 2372 6 187 2371 5 129 2370 4 3 2375 2 168 2374 1 21 2373 0 19 2376 3 130 2374 1 21 2375 2 168 2377 4 133 2376 3 130 2375 2 168 2378 5 53 2376 3 130 2377 4 133 2379 6 54 2378 5 53 2377 4 133 2382 2 193 2381 1 83 2380 0 107 2383 3 126 2381 1 83 2382 2 193 2384 4 163 2383 3 126 2382 2 193 2385 5 117 2383 3 126 2384 4 163 2386 6 25 2385 5 117 2384 4 163 2389 2 14 2388 1 89 2387 0 145 2390 3 48 2388 1 89 2389 2 14 2391 4 114 2390 3 48 2389 2 14 2392 5 11 2390 3 48 2391 4 114 2393 6 11 2392 5 11 2391 4 114 2396 2 77 2395 1 77 2394 0 95 2397 3 58 2395 1 77 2396 2 77 2398 4 36 2397 3 58 2396 2 77 2399 5 11 2397 3 58 2398 4 36 2400 6 11 2399 5 11 2398 4 36 2403 2 66 2402 1 101 2401 0 118 2404 3 152 2402 1 101 2403 2 66 2405 4 5 2404 3 152 2403 2 66 2406 5 117 2404 3 152 2405 4 5 2407 6 4 2406 5 117 2405 4 5 2410 2 82 2409 1 16 2408 0 34 2411 3 37 2409 1 16 2410 2 82 2412 4 37 2411 3 37 2410 2 82 2413 5 11 2411 3 37 2412 4 37 2414 6 11 2413 5 11 2412 4 37 2417 2 56 2416 1 90 2415 0 97 2418 3 185 2416 1 90 2417 2 56 2419 4 10 2418 3 185 2417 2 56 2420 5 222 2418 3 185 2419 4 10 2421 6 11 2420 5 222 2419 4 10 2424 2 114 2423 1 146 2422 0 20 2425 3 105 2423 1 146 2424 2 114 2426 4 105 2425 3 105 2424 2 114 2427 5 24 2425 3 105 2426 4 105 2428 6 25 2427 5 24 2426 4 105 2431 2 41 2430 1 102 2429 0 39 2432 3 46 2430 1 102 2431 2 41 2433 4 114 2432 3 46 2431 2 41 2434 5 11 2432 3 46 2433 4 114 2435 6 54 2434 5 11 2433 4 114 2438 2 110 2437 1 116 2436 0 38 2439 3 164 2437 1 116 2438 2 110 2440 4 141 2439 3 164 2438 2 110 2441 5 11 2439 3 164 2440 4 141 2442 6 11 2441 5 11 2440 4 141 2445 2 27 2444 1 40 2443 0 147 2446 3 63 2444 1 40 2445 2 27 2447 4 63 2446 3 63 2445 2 27 2448 5 11 2446 3 63 2447 4 63 2449 6 11 2448 5 11 2447 4 63 2452 2 8 2451 1 150 2450 0 162 2453 3 114 2451 1 150 2452 2 8 2454 4 153 2453 3 114 2452 2 8 2455 5 24 2453 3 114 2454 4 153 2456 6 29 2455 5 24 2454 4 153 2459 2 58 2458 1 41 2457 0 150 2460 3 37 2458 1 41 2459 2 58 2461 4 158 2460 3 37 2459 2 58 2462 5 11 2460 3 37 2461 4 158 2463 6 11 2462 5 11 2461 4 158 2466 2 119 2465 1 81 2464 0 1 2467 3 146 2465 1 81 2466 2 119 2468 4 159 2467 3 146 2466 2 119 2469 5 111 2467 3 146 2468 4 159 2470 6 188 2469 5 111 2468 4 159 2473 2 183 2472 1 42 2471 0 185 2474 3 223 2472 1 42 2473 2 183 2475 4 223 2474 3 223 2473 2 183 2476 5 125 2474 3 223 2475 4 223 2477 6 4 2476 5 125 2475 4 223 2480 2 110 2479 1 30 2478 0 85 2481 3 26 2479 1 30 2480 2 110 2482 4 36 2481 3 26 2480 2 110 2483 5 24 2481 3 26 2482 4 36 2484 6 54 2483 5 24 2482 4 36 2487 2 62 2486 1 126 2485 0 193 2488 3 198 2486 1 126 2487 2 62 2489 4 37 2488 3 198 2487 2 62 2490 5 11 2488 3 198 2489 4 37 2491 6 11 2490 5 11 2489 4 37 2494 2 162 2493 1 90 2492 0 97 2495 3 3 2493 1 90 2494 2 162 2496 4 2 2495 3 3 2494 2 162 2497 5 11 2495 3 3 2496 4 2 2498 6 11 2497 5 11 2496 4 2 2501 2 121 2500 1 123 2499 0 147 2502 3 122 2500 1 123 2501 2 121 2503 4 10 2502 3 122 2501 2 121 2504 5 24 2502 3 122 2503 4 10 2505 6 4 2504 5 24 2503 4 10 2508 2 163 2507 1 30 2506 0 118 2509 3 158 2507 1 30 2508 2 163 2510 4 158 2509 3 158 2508 2 163 2511 5 211 2509 3 158 2510 4 158 2512 6 161 2511 5 211 2510 4 158 2515 2 123 2514 1 39 2513 0 87 2516 3 143 2514 1 39 2515 2 123 2517 4 143 2516 3 143 2515 2 123 2518 5 111 2516 3 143 2517 4 143 2519 6 112 2518 5 111 2517 4 143 2522 2 43 2521 1 5 2520 0 2 2523 3 199 2521 1 5 2522 2 43 2524 4 190 2523 3 199 2522 2 43 2525 5 125 2523 3 199 2524 4 190 2526 6 29 2525 5 125 2524 4 190 2529 2 56 2528 1 13 2527 0 77 2530 3 177 2528 1 13 2529 2 56 2531 4 122 2530 3 177 2529 2 56 2532 5 141 2530 3 177 2531 4 122 2533 6 192 2532 5 141 2531 4 122 2536 2 126 2535 1 30 2534 0 147 2537 3 160 2535 1 30 2536 2 126 2538 4 120 2537 3 160 2536 2 126 2539 5 149 2537 3 160 2538 4 120 2540 6 217 2539 5 149 2538 4 120 2543 2 14 2542 1 156 2541 0 0 2544 3 146 2542 1 156 2543 2 14 2545 4 159 2544 3 146 2543 2 14 2546 5 148 2544 3 146 2545 4 159 2547 6 11 2546 5 148 2545 4 159 2550 2 1 2549 1 55 2548 0 68 2551 3 122 2549 1 55 2550 2 1 2552 4 185 2551 3 122 2550 2 1 2553 5 53 2551 3 122 2552 4 185 2554 6 4 2553 5 53 2552 4 185 2557 2 150 2556 1 101 2555 0 78 2558 3 143 2556 1 101 2557 2 150 2559 4 143 2558 3 143 2557 2 150 2560 5 11 2558 3 143 2559 4 143 2561 6 11 2560 5 11 2559 4 143 2564 2 65 2563 1 118 2562 0 72 2565 3 91 2563 1 118 2564 2 65 2566 4 102 2565 3 91 2564 2 65 2567 5 129 2565 3 91 2566 4 102 2568 6 11 2567 5 129 2566 4 102 2571 2 28 2570 1 21 2569 0 110 2572 3 52 2570 1 21 2571 2 28 2573 4 224 2572 3 52 2571 2 28 2574 5 53 2572 3 52 2573 4 224 2575 6 4 2574 5 53 2573 4 224 2578 2 66 2577 1 123 2576 0 1 2579 3 91 2577 1 123 2578 2 66 2580 4 21 2579 3 91 2578 2 66 2581 5 125 2579 3 91 2580 4 21 2582 6 54 2581 5 125 2580 4 21 2585 2 30 2584 1 61 2583 0 118 2586 3 171 2584 1 61 2585 2 30 2587 4 181 2586 3 171 2585 2 30 2588 5 11 2586 3 171 2587 4 181 2589 6 11 2588 5 11 2587 4 181 2592 2 39 2591 1 34 2590 0 38 2593 3 143 2591 1 34 2592 2 39 2594 4 143 2593 3 143 2592 2 39 2595 5 11 2593 3 143 2594 4 143 2596 6 11 2595 5 11 2594 4 143 2599 2 56 2598 1 13 2597 0 147 2600 3 124 2598 1 13 2599 2 56 2601 4 20 2600 3 124 2599 2 56 2602 5 54 2600 3 124 2601 4 20 2603 6 29 2602 5 54 2601 4 20 2606 2 119 2605 1 30 2604 0 84 2607 3 143 2605 1 30 2606 2 119 2608 4 151 2607 3 143 2606 2 119 2609 5 11 2607 3 143 2608 4 151 2610 6 11 2609 5 11 2608 4 151 2613 2 150 2612 1 34 2611 0 118 2614 3 49 2612 1 34 2613 2 150 2615 4 28 2614 3 49 2613 2 150 2616 5 171 2614 3 49 2615 4 28 2617 6 192 2616 5 171 2615 4 28 2620 2 177 2619 1 177 2618 0 102 2621 3 120 2619 1 177 2620 2 177 2622 4 23 2621 3 120 2620 2 177 2623 5 53 2621 3 120 2622 4 23 2624 6 29 2623 5 53 2622 4 23 2627 2 108 2626 1 12 2625 0 95 2628 3 34 2626 1 12 2627 2 108 2629 4 163 2628 3 34 2627 2 108 2630 5 54 2628 3 34 2629 4 163 2631 6 132 2630 5 54 2629 4 163 2634 2 115 2633 1 57 2632 0 145 2635 3 217 2633 1 57 2634 2 115 2636 4 114 2635 3 217 2634 2 115 2637 5 11 2635 3 217 2636 4 114 2638 6 11 2637 5 11 2636 4 114 2641 2 83 2640 1 108 2639 0 94 2642 3 70 2640 1 108 2641 2 83 2643 4 86 2642 3 70 2641 2 83 2644 5 11 2642 3 70 2643 4 86 2645 6 11 2644 5 11 2643 4 86 2648 2 66 2647 1 121 2646 0 73 2649 3 28 2647 1 121 2648 2 66 2650 4 49 2649 3 28 2648 2 66 2651 5 53 2649 3 28 2650 4 49 2652 6 54 2651 5 53 2650 4 49 2655 2 142 2654 1 61 2653 0 115 2656 3 152 2654 1 61 2655 2 142 2657 4 60 2656 3 152 2655 2 142 2658 5 11 2656 3 152 2657 4 60 2659 6 11 2658 5 11 2657 4 60 2662 2 126 2661 1 30 2660 0 156 2663 3 131 2661 1 30 2662 2 126 2664 4 185 2663 3 131 2662 2 126 2665 5 160 2663 3 131 2664 4 185 2666 6 154 2665 5 160 2664 4 185 2669 2 153 2668 1 82 2667 0 15 2670 3 141 2668 1 82 2669 2 153 2671 4 133 2670 3 141 2669 2 153 2672 5 53 2670 3 141 2671 4 133 2673 6 117 2672 5 53 2671 4 133 2676 2 13 2675 1 90 2674 0 6 2677 3 36 2675 1 90 2676 2 13 2678 4 59 2677 3 36 2676 2 13 2679 5 24 2677 3 36 2678 4 59 2680 6 132 2679 5 24 2678 4 59 2683 2 30 2682 1 61 2681 0 1 2684 3 155 2682 1 61 2683 2 30 2685 4 183 2684 3 155 2683 2 30 2686 5 11 2684 3 155 2685 4 183 2687 6 11 2686 5 11 2685 4 183 2690 2 14 2689 1 115 2688 0 207 2691 3 124 2689 1 115 2690 2 14 2692 4 21 2691 3 124 2690 2 14 2693 5 11 2691 3 124 2692 4 21 2694 6 11 2693 5 11 2692 4 21 2697 2 81 2696 1 126 2695 0 65 2698 3 5 2696 1 126 2697 2 81 2699 4 157 2698 3 5 2697 2 81 2700 5 176 2698 3 5 2699 4 157 2701 6 104 2700 5 176 2699 4 157 2704 2 85 2703 1 163 2702 0 147 2705 3 158 2703 1 163 2704 2 85 2706 4 43 2705 3 158 2704 2 85 2707 5 11 2705 3 158 2706 4 43 2708 6 11 2707 5 11 2706 4 43 2711 2 57 2710 1 121 2709 0 68 2712 3 146 2710 1 121 2711 2 57 2713 4 46 2712 3 146 2711 2 57 2714 5 222 2712 3 146 2713 4 46 2715 6 11 2714 5 222 2713 4 46 2718 2 183 2717 1 183 2716 0 91 2719 3 216 2717 1 183 2718 2 183 2720 4 18 2719 3 216 2718 2 183 2721 5 125 2719 3 216 2720 4 18 2722 6 54 2721 5 125 2720 4 18 2725 2 34 2724 1 34 2723 0 73 2726 3 15 2724 1 34 2725 2 34 2727 4 151 2726 3 15 2725 2 34 2728 5 125 2726 3 15 2727 4 151 2729 6 29 2728 5 125 2727 4 151 2732 2 163 2731 1 40 2730 0 84 2733 3 201 2731 1 40 2732 2 163 2734 4 100 2733 3 201 2732 2 163 2735 5 11 2733 3 201 2734 4 100 2736 6 11 2735 5 11 2734 4 100 2739 2 39 2738 1 34 2737 0 147 2740 3 143 2738 1 34 2739 2 39 2741 4 143 2740 3 143 2739 2 39 2742 5 11 2740 3 143 2741 4 143 2743 6 44 2742 5 11 2741 4 143 2746 2 162 2745 1 38 2744 0 145 2747 3 168 2745 1 38 2746 2 162 2748 4 20 2747 3 168 2746 2 162 2749 5 24 2747 3 168 2748 4 20 2750 6 29 2749 5 24 2748 4 20 2753 2 39 2752 1 8 2751 0 108 2754 3 153 2752 1 8 2753 2 39 2755 4 185 2754 3 153 2753 2 39 2756 5 11 2754 3 153 2755 4 185 2757 6 199 2756 5 11 2755 4 185 2760 2 119 2759 1 79 2758 0 38 2761 3 42 2759 1 79 2760 2 119 2762 4 46 2761 3 42 2760 2 119 2763 5 111 2761 3 42 2762 4 46 2764 6 141 2763 5 111 2762 4 46 2767 2 167 2766 1 181 2765 0 46 2768 3 167 2766 1 181 2767 2 167 2769 4 42 2768 3 167 2767 2 167 2770 5 53 2768 3 167 2769 4 42 2771 6 29 2770 5 53 2769 4 42 2774 2 134 2773 1 89 2772 0 87 2775 3 74 2773 1 89 2774 2 134 2776 4 2 2775 3 74 2774 2 134 2777 5 117 2775 3 74 2776 4 2 2778 6 217 2777 5 117 2776 4 2 2781 2 58 2780 1 58 2779 0 13 2782 3 201 2780 1 58 2781 2 58 2783 4 169 2782 3 201 2781 2 58 2784 5 44 2782 3 201 2783 4 169 2785 6 11 2784 5 44 2783 4 169 2788 2 39 2787 1 150 2786 0 77 2789 3 10 2787 1 150 2788 2 39 2790 4 82 2789 3 10 2788 2 39 2791 5 225 2789 3 10 2790 4 82 2792 6 11 2791 5 225 2790 4 82 2795 2 219 2794 1 189 2793 0 179 2796 3 19 2794 1 189 2795 2 219 2797 4 85 2796 3 19 2795 2 219 2798 5 3 2796 3 19 2797 4 85 2799 6 122 2798 5 3 2797 4 85 2802 2 108 2801 1 83 2800 0 179 2803 3 86 2801 1 83 2802 2 108 2804 4 26 2803 3 86 2802 2 108 2805 5 146 2803 3 86 2804 4 26 2806 6 46 2805 5 146 2804 4 26 2809 2 189 2808 1 189 2807 0 206 2810 3 8 2808 1 189 2809 2 189 2811 4 30 2810 3 8 2809 2 189 2812 5 148 2810 3 8 2811 4 30 2813 6 42 2812 5 148 2811 4 30 2816 2 8 2815 1 126 2814 0 90 2817 3 28 2815 1 126 2816 2 8 2818 4 102 2817 3 28 2816 2 8 2819 5 141 2817 3 28 2818 4 102 2820 6 133 2819 5 141 2818 4 102 2823 2 101 2822 1 56 2821 0 147 2824 3 58 2822 1 56 2823 2 101 2825 4 74 2824 3 58 2823 2 101 2826 5 42 2824 3 58 2825 4 74 2827 6 100 2826 5 42 2825 4 74 2830 2 163 2829 1 40 2828 0 84 2831 3 138 2829 1 40 2830 2 163 2832 4 22 2831 3 138 2830 2 163 2833 5 170 2831 3 138 2832 4 22 2834 6 33 2833 5 170 2832 4 22 2837 2 150 2836 1 150 2835 0 118 2838 3 177 2836 1 150 2837 2 150 2839 4 122 2838 3 177 2837 2 150 2840 5 217 2838 3 177 2839 4 122 2841 6 166 2840 5 217 2839 4 122 2844 2 134 2843 1 57 2842 0 6 2845 3 185 2843 1 57 2844 2 134 2846 4 10 2845 3 185 2844 2 134 2847 5 22 2845 3 185 2846 4 10 2848 6 42 2847 5 22 2846 4 10 2851 2 61 2850 1 119 2849 0 162 2852 3 153 2850 1 119 2851 2 61 2853 4 9 2852 3 153 2851 2 61 2854 5 11 2852 3 153 2853 4 9 2855 6 11 2854 5 11 2853 4 9 2858 2 90 2857 1 56 2856 0 97 2859 3 49 2857 1 56 2858 2 90 2860 4 21 2859 3 49 2858 2 90 2861 5 160 2859 3 49 2860 4 21 2862 6 11 2861 5 160 2860 4 21 2865 2 143 2864 1 151 2863 0 31 2866 3 181 2864 1 151 2865 2 143 2867 4 181 2866 3 181 2865 2 143 2868 5 54 2866 3 181 2867 4 181 2869 6 132 2868 5 54 2867 4 181 2872 2 55 2871 1 118 2870 0 68 2873 3 142 2871 1 118 2872 2 55 2874 4 113 2873 3 142 2872 2 55 2875 5 53 2873 3 142 2874 4 113 2876 6 54 2875 5 53 2874 4 113 2879 2 57 2878 1 39 2877 0 0 2880 3 171 2878 1 39 2879 2 57 2881 4 167 2880 3 171 2879 2 57 2882 5 11 2880 3 171 2881 4 167 2883 6 11 2882 5 11 2881 4 167 2886 2 73 2885 1 73 2884 0 68 2887 3 91 2885 1 73 2886 2 73 2888 4 3 2887 3 91 2886 2 73 2889 5 11 2887 3 91 2888 4 3 2890 6 218 2889 5 11 2888 4 3 2893 2 90 2892 1 89 2891 0 151 2894 3 168 2892 1 89 2893 2 90 2895 4 21 2894 3 168 2893 2 90 2896 5 24 2894 3 168 2895 4 21 2897 6 54 2896 5 24 2895 4 21 2900 2 85 2899 1 163 2898 0 162 2901 3 153 2899 1 163 2900 2 85 2902 4 153 2901 3 153 2900 2 85 2903 5 17 2901 3 153 2902 4 153 2904 6 11 2903 5 17 2902 4 153 2907 2 150 2906 1 7 2905 0 38 2908 3 71 2906 1 7 2907 2 150 2909 4 122 2908 3 71 2907 2 150 2910 5 47 2908 3 71 2909 4 122 2911 6 48 2910 5 47 2909 4 122 2914 2 9 2913 1 143 2912 0 2 2915 3 33 2913 1 143 2914 2 9 2916 4 218 2915 3 33 2914 2 9 2917 5 53 2915 3 33 2916 4 218 2918 6 54 2917 5 53 2916 4 218 2921 2 68 2920 1 145 2919 0 94 2922 3 123 2920 1 145 2921 2 68 2923 4 8 2922 3 123 2921 2 68 2924 5 29 2922 3 123 2923 4 8 2925 6 213 2924 5 29 2923 4 8 2928 2 73 2927 1 115 2926 0 72 2929 3 88 2927 1 115 2928 2 73 2930 4 9 2929 3 88 2928 2 73 2931 5 11 2929 3 88 2930 4 9 2932 6 11 2931 5 11 2930 4 9 2935 2 0 2934 1 68 2933 0 178 2936 3 86 2934 1 68 2935 2 0 2937 4 19 2936 3 86 2935 2 0 2938 5 11 2936 3 86 2937 4 19 2939 6 11 2938 5 11 2937 4 19 2942 2 1 2941 1 147 2940 0 207 2943 3 21 2941 1 147 2942 2 1 2944 4 168 2943 3 21 2942 2 1 2945 5 53 2943 3 21 2944 4 168 2946 6 25 2945 5 53 2944 4 168 2949 2 121 2948 1 101 2947 0 68 2950 3 143 2948 1 101 2949 2 121 2951 4 185 2950 3 143 2949 2 121 2952 5 11 2950 3 143 2951 4 185 2953 6 11 2952 5 11 2951 4 185 2956 2 118 2955 1 1 2954 0 107 2957 3 3 2955 1 1 2956 2 118 2958 4 16 2957 3 3 2956 2 118 2959 5 11 2957 3 3 2958 4 16 2960 6 128 2959 5 11 2958 4 16 2963 2 124 2962 1 21 2961 0 26 2964 3 104 2962 1 21 2963 2 124 2965 4 141 2964 3 104 2963 2 124 2966 5 53 2964 3 104 2965 4 141 2967 6 25 2966 5 53 2965 4 141 2970 2 142 2969 1 27 2968 0 150 2971 3 177 2969 1 27 2970 2 142 2972 4 131 2971 3 177 2970 2 142 2973 5 24 2971 3 177 2972 4 131 2974 6 4 2973 5 24 2972 4 131 2977 2 35 2976 1 102 2975 0 34 2978 3 44 2976 1 102 2977 2 35 2979 4 192 2978 3 44 2977 2 35 2980 5 11 2978 3 44 2979 4 192 2981 6 11 2980 5 11 2979 4 192 2984 2 86 2983 1 70 2982 0 101 2985 3 37 2983 1 70 2984 2 86 2986 4 42 2985 3 37 2984 2 86 2987 5 11 2985 3 37 2986 4 42 2988 6 11 2987 5 11 2986 4 42 2991 2 123 2990 1 134 2989 0 38 2992 3 82 2990 1 134 2991 2 123 2993 4 151 2992 3 82 2991 2 123 2994 5 50 2992 3 82 2993 4 151 2995 6 60 2994 5 50 2993 4 151 2998 2 40 2997 1 61 2996 0 56 2999 3 9 2997 1 61 2998 2 40 3000 4 143 2999 3 9 2998 2 40 3001 5 11 2999 3 9 3000 4 143 3002 6 11 3001 5 11 3000 4 143 3005 2 81 3004 1 81 3003 0 55 3006 3 151 3004 1 81 3005 2 81 3007 4 10 3006 3 151 3005 2 81 3008 5 186 3006 3 151 3007 4 10 3009 6 11 3008 5 186 3007 4 10 3012 2 153 3011 1 159 3010 0 21 3013 3 133 3011 1 159 3012 2 153 3014 4 169 3013 3 133 3012 2 153 3015 5 29 3013 3 133 3014 4 169 3016 6 25 3015 5 29 3014 4 169 3019 2 123 3018 1 126 3017 0 84 3020 3 28 3018 1 126 3019 2 123 3021 4 122 3020 3 28 3019 2 123 3022 5 125 3020 3 28 3021 4 122 3023 6 54 3022 5 125 3021 4 122 3026 2 85 3025 1 61 3024 0 1 3027 3 197 3025 1 61 3026 2 85 3028 4 181 3027 3 197 3026 2 85 3029 5 11 3027 3 197 3028 4 181 3030 6 11 3029 5 11 3028 4 181 3033 2 150 3032 1 150 3031 0 65 3034 3 46 3032 1 150 3033 2 150 3035 4 153 3034 3 46 3033 2 150 3036 5 11 3034 3 46 3035 4 153 3037 6 48 3036 5 11 3035 4 153 3040 2 62 3039 1 62 3038 0 13 3041 3 60 3039 1 62 3040 2 62 3042 4 71 3041 3 60 3040 2 62 3043 5 53 3041 3 60 3042 4 71 3044 6 117 3043 5 53 3042 4 71 3047 2 113 3046 1 27 3045 0 115 3048 3 50 3046 1 27 3047 2 113 3049 4 37 3048 3 50 3047 2 113 3050 5 48 3048 3 50 3049 4 37 3051 6 165 3050 5 48 3049 4 37 3054 2 119 3053 1 119 3052 0 1 3055 3 146 3053 1 119 3054 2 119 3056 4 46 3055 3 146 3054 2 119 3057 5 222 3055 3 146 3056 4 46 3058 6 223 3057 5 222 3056 4 46 3061 2 50 3060 1 183 3059 0 168 3062 3 216 3060 1 183 3061 2 50 3063 4 154 3062 3 216 3061 2 50 3064 5 125 3062 3 216 3063 4 154 3065 6 117 3064 5 125 3063 4 154 3068 2 126 3067 1 34 3066 0 13 3069 3 124 3067 1 34 3068 2 126 3070 4 71 3069 3 124 3068 2 126 3071 5 23 3069 3 124 3070 4 71 3072 6 133 3071 5 23 3070 4 71 3075 2 61 3074 1 113 3073 0 115 3076 3 165 3074 1 113 3075 2 61 3077 4 80 3076 3 165 3075 2 61 3078 5 37 3076 3 165 3077 4 80 3079 6 169 3078 5 37 3077 4 80 3082 2 8 3081 1 126 3080 0 55 3083 3 71 3081 1 126 3082 2 8 3084 4 10 3083 3 71 3082 2 8 3085 5 11 3083 3 71 3084 4 10 3086 6 11 3085 5 11 3084 4 10</p>
                </polylist>
            </mesh>
        </geometry>
    </library_geometries>
    <library_visual_scenes>
        <visual_scene id="VisualSceneNode">
            <node id="node0" name="m0" type="NODE">
                <instance_geometry url="#mesh0">
                    <bind_material>
                        <technique_common>
                            <instance_material symbol="Material1" target="#mat1">
                                <bind_vertex_input semantic="UVSET0" input_semantic="TEXCOORD" input_set="0"></bind_vertex_input>
                            </instance_material>
                        </technique_common>
                    </bind_material>
                </instance_geometry>
            </node>
            <node id="node1" name="m1" type="NODE">
                <instance_geometry url="#mesh1">
                    <bind_material>
                        <technique_common>
                            <instance_material symbol="Material1" target="#mat2">
                                <bind_vertex_input semantic="UVSET0" input_semantic="TEXCOORD" input_set="0"></bind_vertex_input>
                            </instance_material>
                        </technique_common>
                    </bind_material>
                </instance_geometry>
            </node>
            <node id="node2" name="m2" type="NODE">
                <instance_geometry url="#mesh2">
                    <bind_material>
                        <technique_common>
                            <instance_material symbol="Material1" target="#mat0">
                                <bind_vertex_input semantic="UVSET0" input_semantic="TEXCOORD" input_set="0"></bind_vertex_input>
                            </instance_material>
                        </technique_common>
                    </bind_material>
                </instance_geometry>
            </node>
        </visual_scene>
    </library_visual_scenes>
    <scene>
        <instance_visual_scene url="#VisualSceneNode"></instance_visual_scene>
    </scene>
</COLLADA>
