<?xml version="1.0"?>
<COLLADA xmlns="http://www.collada.org/2005/11/COLLADASchema" version="1.4.1">
    <asset>
        <contributor>
            <authoring_tool>J3D Ripoff Exporter</authoring_tool>
        </contributor>
        <created>2025-09-26T01:31:26.495Z</created>
        <modified>2025-09-26T01:31:26.495Z</modified>
		<unit meter="0.01" name="centimeter" ></unit>
        <up_axis>Y_UP</up_axis>
    </asset>
    <library_images>
        <image id="tex0">
            <init_from>Tree01_32.png</init_from>
        </image>
        <image id="tex1">
            <init_from>Tile01_32.png</init_from>
        </image>
        <image id="tex2">
            <init_from>StripeOrange01_32.png</init_from>
        </image>
        <image id="tex3">
            <init_from>PowerStar.0.png</init_from>
        </image>
        <image id="tex4">
            <init_from>GroundStarHiLight2.png</init_from>
        </image>
        <image id="tex5">
            <init_from>ProjectionTex_Air01.png</init_from>
        </image>
        <image id="tex6">
            <init_from>HightLight00.png</init_from>
        </image>
        <image id="tex7">
            <init_from>IndWater01_64.png</init_from>
        </image>
        <image id="tex8">
            <init_from>EnvSun01_32.png</init_from>
        </image>
        <image id="tex9">
            <init_from>Dot01_8.png</init_from>
        </image>
        <image id="tex10">
            <init_from>IndDummy.png</init_from>
        </image>
        <image id="tex11">
            <init_from>IndBend_drop.png</init_from>
        </image>
        <image id="tex_vc">
            <init_from>vertexColors.png</init_from>
        </image>
    </library_images>
    <library_effects>
        <effect id="effect0">
            <profile_COMMON>
                <newparam sid="surface0">
                    <surface type="2D">
                        <init_from>tex10</init_from>
                    </surface>
                </newparam>
                <newparam sid="sampler0">
                    <sampler2D>
                        <source>surface0</source>
                    </sampler2D>
                </newparam>
                <technique sid="COMMON">
                    <blinn>
                        <diffuse>
                            <texture texture="sampler0" texcoord="UVSET0"></texture>
                        </diffuse>
                    </blinn>
                </technique>
            </profile_COMMON>
        </effect>
        <effect id="effect1">
            <profile_COMMON>
                <newparam sid="surface1">
                    <surface type="2D">
                        <init_from>tex9</init_from>
                    </surface>
                </newparam>
                <newparam sid="sampler1">
                    <sampler2D>
                        <source>surface1</source>
                    </sampler2D>
                </newparam>
                <technique sid="COMMON">
                    <blinn>
                        <diffuse>
                            <texture texture="sampler1" texcoord="UVSET0"></texture>
                        </diffuse>
                    </blinn>
                </technique>
            </profile_COMMON>
        </effect>
        <effect id="effect2">
            <profile_COMMON>
                <newparam sid="surface2">
                    <surface type="2D">
                        <init_from>tex8</init_from>
                    </surface>
                </newparam>
                <newparam sid="sampler2">
                    <sampler2D>
                        <source>surface2</source>
                    </sampler2D>
                </newparam>
                <technique sid="COMMON">
                    <blinn>
                        <diffuse>
                            <texture texture="sampler2" texcoord="UVSET0"></texture>
                        </diffuse>
                    </blinn>
                </technique>
            </profile_COMMON>
        </effect>
        <effect id="effect3">
            <profile_COMMON>
                <newparam sid="surface3">
                    <surface type="2D">
                        <init_from>tex4</init_from>
                    </surface>
                </newparam>
                <newparam sid="sampler3">
                    <sampler2D>
                        <source>surface3</source>
                    </sampler2D>
                </newparam>
                <technique sid="COMMON">
                    <blinn>
                        <diffuse>
                            <texture texture="sampler3" texcoord="UVSET0"></texture>
                        </diffuse>
                    </blinn>
                </technique>
            </profile_COMMON>
        </effect>
        <effect id="effect4">
            <profile_COMMON>
                <newparam sid="surface4">
                    <surface type="2D">
                        <init_from>tex5</init_from>
                    </surface>
                </newparam>
                <newparam sid="sampler4">
                    <sampler2D>
                        <source>surface4</source>
                    </sampler2D>
                </newparam>
                <technique sid="COMMON">
                    <blinn>
                        <diffuse>
                            <texture texture="sampler4" texcoord="UVSET0"></texture>
                        </diffuse>
                    </blinn>
                </technique>
            </profile_COMMON>
        </effect>
        <effect id="effect5">
            <profile_COMMON>
                <newparam sid="surface5">
                    <surface type="2D">
                        <init_from>tex3</init_from>
                    </surface>
                </newparam>
                <newparam sid="sampler5">
                    <sampler2D>
                        <source>surface5</source>
                    </sampler2D>
                </newparam>
                <technique sid="COMMON">
                    <blinn>
                        <diffuse>
                            <texture texture="sampler5" texcoord="UVSET0"></texture>
                        </diffuse>
                    </blinn>
                </technique>
            </profile_COMMON>
        </effect>
        <effect id="effect6">
            <profile_COMMON>
                <newparam sid="surface6">
                    <surface type="2D">
                        <init_from>tex2</init_from>
                    </surface>
                </newparam>
                <newparam sid="sampler6">
                    <sampler2D>
                        <source>surface6</source>
                    </sampler2D>
                </newparam>
                <technique sid="COMMON">
                    <blinn>
                        <diffuse>
                            <texture texture="sampler6" texcoord="UVSET0"></texture>
                        </diffuse>
                    </blinn>
                </technique>
            </profile_COMMON>
        </effect>
        <effect id="effect7">
            <profile_COMMON>
                <newparam sid="surface7">
                    <surface type="2D">
                        <init_from>tex1</init_from>
                    </surface>
                </newparam>
                <newparam sid="sampler7">
                    <sampler2D>
                        <source>surface7</source>
                    </sampler2D>
                </newparam>
                <technique sid="COMMON">
                    <blinn>
                        <diffuse>
                            <texture texture="sampler7" texcoord="UVSET0"></texture>
                        </diffuse>
                    </blinn>
                </technique>
            </profile_COMMON>
        </effect>
        <effect id="effect8">
            <profile_COMMON>
                <newparam sid="surface8">
                    <surface type="2D">
                        <init_from>tex0</init_from>
                    </surface>
                </newparam>
                <newparam sid="sampler8">
                    <sampler2D>
                        <source>surface8</source>
                    </sampler2D>
                </newparam>
                <technique sid="COMMON">
                    <blinn>
                        <diffuse>
                            <texture texture="sampler8" texcoord="UVSET0"></texture>
                        </diffuse>
                    </blinn>
                </technique>
            </profile_COMMON>
        </effect>
        <effect id="effect_vc">
            <profile_COMMON>
                <newparam sid="surface_vc">
                    <surface type="2D">
                        <init_from>tex_vc</init_from>
                    </surface>
                </newparam>
                <newparam sid="sampler_vc">
                    <sampler2D>
                        <source>surface_vc</source>
                    </sampler2D>
                </newparam>
                <technique sid="COMMON">
                    <blinn>
                        <diffuse>
                            <texture texture="sampler_vc" texcoord="UVSET0"></texture>
                        </diffuse>
                    </blinn>
                </technique>
            </profile_COMMON>
        </effect>
    </library_effects>
    <library_materials>
        <material id="mat0" name="BuckFaceMat_v">
            <instance_effect url="#effect0"></instance_effect>
        </material>
        <material id="mat1" name="Dot01_8_v">
            <instance_effect url="#effect1"></instance_effect>
        </material>
        <material id="mat2" name="EnvSun01_32_v">
            <instance_effect url="#effect2"></instance_effect>
        </material>
        <material id="mat3" name="Eye_v">
            <instance_effect url="#effect3"></instance_effect>
        </material>
        <material id="mat4" name="FaceMat_v">
            <instance_effect url="#effect4"></instance_effect>
        </material>
        <material id="mat5" name="FooMat_v">
            <instance_effect url="#effect5"></instance_effect>
        </material>
        <material id="mat6" name="StripeOrange01_32_v">
            <instance_effect url="#effect6"></instance_effect>
        </material>
        <material id="mat7" name="Tile01_32_v">
            <instance_effect url="#effect7"></instance_effect>
        </material>
        <material id="mat8" name="Tree01_32_v">
            <instance_effect url="#effect8"></instance_effect>
        </material>
        <material id="mat_vc" name="vertexColors">
            <instance_effect url="#effect_vc"></instance_effect>
        </material>
    </library_materials>
    <library_geometries>
        <geometry id="mesh0">
            <mesh>
                <source id="points0">
                    <float_array id="pointarray0" count="456">-259.4375 777.5 -124.9375 -184.875 852.4375 0 -288 777.5 0 -166.5625 852.4375 80.1875 -259.4375 777.5 124.9375 -115.25 852.4375 144.5625 -179.5625 777.5 225.125 -41.125 852.4375 180.25 -64.0625 777.5 280.75 41.125 852.4375 180.25 64.0625 777.5 280.75 115.25 852.4375 144.5625 179.5625 777.5 225.125 166.5625 852.4375 80.1875 259.4375 777.5 124.9375 184.875 852.4375 0 288 777.5 0 166.5625 852.4375 -80.1875 259.4375 777.5 -124.9375 115.25 852.4375 -144.5625 179.5625 777.5 -225.125 41.125 852.4375 -180.25 64.0625 777.5 -280.75 -41.125 852.4375 -180.25 -64.0625 777.5 -280.75 -115.25 852.4375 -144.5625 -179.5625 777.5 -225.125 -166.5625 852.4375 -80.1875 -63.6875 891.8125 0 -57.375 891.8125 27.625 -39.6875 891.8125 49.8125 -14.125 891.8125 62.0625 14.125 891.8125 62.0625 39.6875 891.8125 49.8125 57.375 891.8125 27.625 63.6875 891.8125 0 57.375 891.8125 -27.625 39.6875 891.8125 -49.8125 14.125 891.8125 -62.0625 -14.125 891.8125 -62.0625 -39.6875 891.8125 -49.8125 -57.375 891.8125 -27.625 -288 201.5 0 -166.5625 126.5625 -80.1875 -259.4375 201.5 -124.9375 -115.25 126.5625 -144.5625 -179.5625 201.5 -225.125 -41.125 126.5625 -180.25 -64.0625 201.5 -280.75 41.125 126.5625 -180.25 64.0625 201.5 -280.75 115.25 126.5625 -144.5625 179.5625 201.5 -225.125 166.5625 126.5625 -80.1875 259.4375 201.5 -124.9375 184.875 126.5625 0 288 201.5 0 166.5625 126.5625 80.1875 259.4375 201.5 124.9375 115.25 126.5625 144.5625 179.5625 201.5 225.125 41.125 126.5625 180.25 64.0625 201.5 280.75 -41.125 126.5625 180.25 -64.0625 201.5 280.75 -115.25 126.5625 144.5625 -179.5625 201.5 225.125 -166.5625 126.5625 80.1875 -39.6875 87.1875 -49.8125 -14.125 87.1875 -62.0625 14.125 87.1875 -62.0625 39.6875 87.1875 -49.8125 57.375 87.1875 -27.625 63.6875 87.1875 0 57.375 87.1875 27.625 39.6875 87.1875 49.8125 14.125 87.1875 62.0625 -14.125 87.1875 62.0625 -39.6875 87.1875 49.8125 -57.375 87.1875 27.625 -63.6875 87.1875 0 -226.25 674.4375 -283.6875 -326.9375 674.4375 -157.4375 -250.8125 553.1875 -314.5 -362.4375 553.1875 -174.5 -250.8125 425.8125 -314.5 -362.4375 425.8125 -174.5 -226.25 304.5625 -283.6875 -326.9375 304.5625 -157.4375 -362.875 674.4375 0 -402.25 553.1875 0 -402.25 425.8125 0 -362.875 304.5625 0 226.25 674.4375 -283.6875 80.75 674.4375 -353.8125 250.8125 553.1875 -314.5 89.5 553.1875 -392.1875 250.8125 425.8125 -314.5 89.5 425.8125 -392.1875 226.25 304.5625 -283.6875 80.75 304.5625 -353.8125 -80.75 674.4375 -353.8125 -89.5 553.1875 -392.1875 -89.5 425.8125 -392.1875 -80.75 304.5625 -353.8125 226.25 674.4375 283.6875 326.9375 674.4375 157.4375 250.8125 553.1875 314.5 362.4375 553.1875 174.5 250.8125 425.8125 314.5 362.4375 425.8125 174.5 226.25 304.5625 283.6875 326.9375 304.5625 157.4375 362.875 674.4375 0 402.25 553.1875 0 402.25 425.8125 0 362.875 304.5625 0 326.9375 674.4375 -157.4375 362.4375 553.1875 -174.5 362.4375 425.8125 -174.5 326.9375 304.5625 -157.4375 -226.25 674.4375 283.6875 -80.75 674.4375 353.8125 -250.8125 553.1875 314.5 -89.5 553.1875 392.1875 -250.8125 425.8125 314.5 -89.5 425.8125 392.1875 -226.25 304.5625 283.6875 -80.75 304.5625 353.8125 80.75 674.4375 353.8125 89.5 553.1875 392.1875 89.5 425.8125 392.1875 80.75 304.5625 353.8125 -326.9375 674.4375 157.4375 -362.4375 553.1875 174.5 -362.4375 425.8125 174.5 -326.9375 304.5625 157.4375 -259.4375 201.5 124.9375 14.125 87.1875 -62.0625 0 82.1875 0 -57.375 87.1875 -27.625 -184.875 126.5625 0 0 896.8125 0 39.6875 87.1875 -49.8125 57.375 87.1875 -27.625 63.6875 87.1875 0 57.375 87.1875 27.625 39.6875 87.1875 49.8125 14.125 87.1875 62.0625 -14.125 87.1875 62.0625 -39.6875 87.1875 49.8125 -57.375 87.1875 27.625</float_array>
                    <technique_common>
                        <accessor count="152" source="#pointarray0" stride="3">
                            <param name="X" type="float"/>
                            <param name="Y" type="float"/>
                            <param name="Z" type="float"/>
                        </accessor>
                    </technique_common>
                </source>
                <source id="uvs0">
                    <float_array id="uvarray0" count="242">0.18115234375 0.65380859375 0.27294921875 0.5 0.14599609375 0.5 0.29541015625 0.40185546875 0.18115234375 0.3466796875 0.3583984375 0.32275390625 0.279296875 0.2236328125 0.44921875 0.27880859375 0.4208984375 0.15576171875 0.55029296875 0.27880859375 0.57861328125 0.15576171875 0.64111328125 0.32275390625 0.72021484375 0.2236328125 0.7041015625 0.40185546875 0.818359375 0.3466796875 0.7265625 0.5 0.853515625 0.5 0.7041015625 0.5986328125 0.818359375 0.65380859375 0.64111328125 0.677734375 0.72021484375 0.77685546875 0.55029296875 0.7216796875 0.57861328125 0.8447265625 0.44921875 0.7216796875 0.4208984375 0.8447265625 0.3583984375 0.677734375 0.279296875 0.77685546875 0.29541015625 0.5986328125 0.42138671875 0.5 0.42919921875 0.46630859375 0.451171875 0.43896484375 0.482421875 0.423828125 0.51708984375 0.423828125 0.54833984375 0.43896484375 0.5703125 0.46630859375 0.578125 0.5 0.5703125 0.5341796875 0.54833984375 0.5615234375 0.51708984375 0.57666015625 0.482421875 0.57666015625 0.451171875 0.5615234375 0.42919921875 0.5341796875 0.22314453125 0.60107421875 0.34619140625 0.60107421875 0.1513671875 0.474609375 0.306640625 0.474609375 0.11376953125 0.32568359375 0.28564453125 0.32568359375 0.11376953125 0.16943359375 0.28564453125 0.16943359375 0.1513671875 0.0205078125 0.306640625 0.0205078125 0.22314453125 -0.10595703125 0.34619140625 -0.10595703125 0.5 0.60107421875 0.5 0.474609375 0.5 0.32568359375 0.5 0.16943359375 0.5 0.0205078125 0.5 -0.10595703125 0.72021484375 0.3994140625 0.57861328125 0.3994140625 0.77734375 0.52587890625 0.59912109375 0.52587890625 0.8076171875 0.6748046875 0.60986328125 0.6748046875 0.8076171875 0.8310546875 0.60986328125 0.8310546875 0.77734375 0.97998046875 0.59912109375 0.97998046875 0.72021484375 1.10595703125 0.57861328125 1.10595703125 0.4208984375 0.3994140625 0.400390625 0.52587890625 0.3896484375 0.6748046875 0.3896484375 0.8310546875 0.400390625 0.97998046875 0.4208984375 1.10595703125 0.279296875 0.3994140625 0.22216796875 0.52587890625 0.19189453125 0.6748046875 0.19189453125 0.8310546875 0.22216796875 0.97998046875 0.279296875 1.10595703125 0.6533203125 0.60107421875 0.69287109375 0.474609375 0.7138671875 0.32568359375 0.7138671875 0.16943359375 0.69287109375 0.0205078125 0.6533203125 -0.10595703125 0.7763671875 0.60107421875 0.84814453125 0.474609375 0.8857421875 0.32568359375 0.8857421875 0.16943359375 0.84814453125 0.0205078125 0.7763671875 -0.10595703125 0.279296875 0.60107421875 0.4208984375 0.60107421875 0.22216796875 0.474609375 0.400390625 0.474609375 0.19189453125 0.32568359375 0.3896484375 0.32568359375 0.19189453125 0.16943359375 0.3896484375 0.16943359375 0.22216796875 0.0205078125 0.400390625 0.0205078125 0.279296875 -0.10595703125 0.4208984375 -0.10595703125 0.57861328125 0.60107421875 0.59912109375 0.474609375 0.60986328125 0.32568359375 0.60986328125 0.16943359375 0.59912109375 0.0205078125 0.57861328125 -0.10595703125 0.72021484375 0.60107421875 0.77734375 0.474609375 0.8076171875 0.32568359375 0.8076171875 0.16943359375 0.77734375 0.0205078125 0.72021484375 -0.10595703125 0.5 0.5</float_array>
                    <technique_common>
                        <accessor count="121" source="#uvarray0" stride="2">
                            <param name="S" type="float"/>
                            <param name="T" type="float"/>
                        </accessor>
                    </technique_common>
                </source>
                <vertices id="vertices0">
                    <input semantic="POSITION" source="#points0"/>
                </vertices>
                <polylist count="280" material="Material1">
                    <input offset="0" semantic="VERTEX" source="#vertices0"/>
                    <input offset="1" semantic="TEXCOORD" source="#uvs0" set="0"/>
                    <vcount>3 3 3 3 3 3 3 3 3 3 3 3 3 3 3 3 3 3 3 3 3 3 3 3 3 3 3 3 3 3 3 3 3 3 3 3 3 3 3 3 3 3 3 3 3 3 3 3 3 3 3 3 3 3 3 3 3 3 3 3 3 3 3 3 3 3 3 3 3 3 3 3 3 3 3 3 3 3 3 3 3 3 3 3 3 3 3 3 3 3 3 3 3 3 3 3 3 3 3 3 3 3 3 3 3 3 3 3 3 3 3 3 3 3 3 3 3 3 3 3 3 3 3 3 3 3 3 3 3 3 3 3 3 3 3 3 3 3 3 3 3 3 3 3 3 3 3 3 3 3 3 3 3 3 3 3 3 3 3 3 3 3 3 3 3 3 3 3 3 3 3 3 3 3 3 3 3 3 3 3 3 3 3 3 3 3 3 3 3 3 3 3 3 3 3 3 3 3 3 3 3 3 3 3 3 3 3 3 3 3 3 3 3 3 3 3 3 3 3 3 3 3 3 3 3 3 3 3 3 3 3 3 3 3 3 3 3 3 3 3 3 3 3 3 3 3 3 3 3 3 3 3 3 3 3 3 3 3 3 3 3 3 3 3 3 3 3 3 3 3 3 3 3 3 3 3 3 3 3 3</vcount>
                    <p>2 2 1 1 0 0 3 3 1 1 2 2 4 4 3 3 2 2 5 5 3 3 4 4 6 6 5 5 4 4 7 7 5 5 6 6 8 8 7 7 6 6 9 9 7 7 8 8 10 10 9 9 8 8 11 11 9 9 10 10 12 12 11 11 10 10 13 13 11 11 12 12 14 14 13 13 12 12 15 15 13 13 14 14 16 16 15 15 14 14 17 17 15 15 16 16 18 18 17 17 16 16 19 19 17 17 18 18 20 20 19 19 18 18 21 21 19 19 20 20 22 22 21 21 20 20 23 23 21 21 22 22 24 24 23 23 22 22 25 25 23 23 24 24 26 26 25 25 24 24 27 27 25 25 26 26 0 0 27 27 26 26 1 1 27 27 0 0 1 1 28 28 27 27 29 29 28 28 1 1 3 3 29 29 1 1 30 30 29 29 3 3 5 5 30 30 3 3 31 31 30 30 5 5 7 7 31 31 5 5 32 32 31 31 7 7 9 9 32 32 7 7 33 33 32 32 9 9 11 11 33 33 9 9 34 34 33 33 11 11 13 13 34 34 11 11 35 35 34 34 13 13 15 15 35 35 13 13 36 36 35 35 15 15 17 17 36 36 15 15 37 37 36 36 17 17 19 19 37 37 17 17 38 38 37 37 19 19 21 21 38 38 19 19 39 39 38 38 21 21 23 23 39 39 21 21 40 40 39 39 23 23 25 25 40 40 23 23 41 41 40 40 25 25 27 27 41 41 25 25 28 28 41 41 27 27 44 4 43 3 42 2 45 5 43 3 44 4 46 6 45 5 44 4 47 7 45 5 46 6 48 8 47 7 46 6 49 9 47 7 48 8 50 10 49 9 48 8 51 11 49 9 50 10 52 12 51 11 50 10 53 13 51 11 52 12 54 14 53 13 52 12 55 15 53 13 54 14 56 16 55 15 54 14 57 17 55 15 56 16 58 18 57 17 56 16 59 19 57 17 58 18 60 20 59 19 58 18 61 21 59 19 60 20 62 22 61 21 60 20 63 23 61 21 62 22 64 24 63 23 62 22 65 25 63 23 64 24 66 26 65 25 64 24 67 27 65 25 66 26 45 5 68 30 43 3 69 31 68 30 45 5 47 7 69 31 45 5 70 32 69 31 47 7 49 9 70 32 47 7 71 33 70 32 49 9 51 11 71 33 49 9 72 34 71 33 51 11 53 13 72 34 51 11 73 35 72 34 53 13 55 15 73 35 53 13 74 36 73 35 55 15 57 17 74 36 55 15 75 37 74 36 57 17 59 19 75 37 57 17 76 38 75 37 59 19 61 21 76 38 59 19 77 39 76 38 61 21 63 23 77 39 61 21 78 40 77 39 63 23 65 25 78 40 63 23 79 41 78 40 65 25 67 27 79 41 65 25 80 28 79 41 67 27 81 44 0 43 26 42 82 45 0 43 81 44 83 46 82 45 81 44 84 47 82 45 83 46 85 48 84 47 83 46 86 49 84 47 85 48 87 50 86 49 85 48 88 51 86 49 87 50 46 52 88 51 87 50 44 53 88 51 46 52 82 45 2 54 0 43 89 55 2 54 82 45 84 47 89 55 82 45 90 56 89 55 84 47 86 49 90 56 84 47 91 57 90 56 86 49 88 51 91 57 86 49 92 58 91 57 88 51 44 53 92 58 88 51 42 59 92 58 44 53 93 62 22 61 20 60 94 63 22 61 93 62 95 64 94 63 93 62 96 65 94 63 95 64 97 66 96 65 95 64 98 67 96 65 97 66 99 68 98 67 97 66 100 69 98 67 99 68 52 70 100 69 99 68 50 71 100 69 52 70 94 63 24 72 22 61 101 73 24 72 94 63 96 65 101 73 94 63 102 74 101 73 96 65 98 67 102 74 96 65 103 75 102 74 98 67 100 69 103 75 98 67 104 76 103 75 100 69 50 71 104 76 100 69 48 77 104 76 50 71 101 73 26 78 24 72 81 79 26 78 101 73 102 74 81 79 101 73 83 80 81 79 102 74 103 75 83 80 102 74 85 81 83 80 103 75 104 76 85 81 103 75 87 82 85 81 104 76 48 77 87 82 104 76 46 83 87 82 48 77 105 44 14 43 12 42 106 45 14 43 105 44 107 46 106 45 105 44 108 47 106 45 107 46 109 48 108 47 107 46 110 49 108 47 109 48 111 50 110 49 109 48 112 51 110 49 111 50 60 52 112 51 111 50 58 53 112 51 60 52 106 45 16 54 14 43 113 55 16 54 106 45 108 47 113 55 106 45 114 56 113 55 108 47 110 49 114 56 108 47 115 57 114 56 110 49 112 51 115 57 110 49 116 58 115 57 112 51 58 53 116 58 112 51 56 59 116 58 58 53 113 55 18 84 16 54 117 85 18 84 113 55 114 56 117 85 113 55 118 86 117 85 114 56 115 57 118 86 114 56 119 87 118 86 115 57 116 58 119 87 115 57 120 88 119 87 116 58 56 59 120 88 116 58 54 89 120 88 56 59 117 85 20 90 18 84 93 91 20 90 117 85 118 86 93 91 117 85 95 92 93 91 118 86 119 87 95 92 118 86 97 93 95 92 119 87 120 88 97 93 119 87 99 94 97 93 120 88 54 89 99 94 120 88 52 95 99 94 54 89 121 98 8 97 6 96 122 99 8 97 121 98 123 100 122 99 121 98 124 101 122 99 123 100 125 102 124 101 123 100 126 103 124 101 125 102 127 104 126 103 125 102 128 105 126 103 127 104 66 106 128 105 127 104 64 107 128 105 66 106 122 99 10 108 8 97 129 109 10 108 122 99 124 101 129 109 122 99 130 110 129 109 124 101 126 103 130 110 124 101 131 111 130 110 126 103 128 105 131 111 126 103 132 112 131 111 128 105 64 107 132 112 128 105 62 113 132 112 64 107 129 109 12 114 10 108 105 115 12 114 129 109 130 110 105 115 129 109 107 116 105 115 130 110 131 111 107 116 130 110 109 117 107 116 131 111 132 112 109 117 131 111 111 118 109 117 132 112 62 113 111 118 132 112 60 119 111 118 62 113 89 55 4 84 2 54 133 85 4 84 89 55 90 56 133 85 89 55 134 86 133 85 90 56 91 57 134 86 90 56 135 87 134 86 91 57 92 58 135 87 91 57 136 88 135 87 92 58 42 59 136 88 92 58 137 89 136 88 42 59 133 85 6 90 4 84 121 91 6 90 133 85 134 86 121 91 133 85 123 92 121 91 134 86 135 87 123 92 134 86 125 93 123 92 135 87 136 88 125 93 135 87 127 94 125 93 136 88 137 89 127 94 136 88 66 95 127 94 137 89 139 120 69 31 138 32 68 30 69 31 139 120 140 29 68 30 139 120 43 3 68 30 140 29 141 1 43 3 140 29 42 2 43 3 141 1 137 0 42 2 141 1 80 28 140 29 139 120 141 1 140 29 80 28 67 27 141 1 80 28 137 0 141 1 67 27 66 26 137 0 67 27 142 120 41 41 28 28 40 40 41 41 142 120 39 39 40 40 142 120 142 120 38 38 39 39 37 37 38 38 142 120 36 36 37 37 142 120 142 120 35 35 36 36 34 34 35 35 142 120 33 33 34 34 142 120 142 120 32 32 33 33 31 31 32 32 142 120 30 30 31 31 142 120 143 33 139 120 138 32 144 34 139 120 143 33 145 35 139 120 144 34 146 36 139 120 145 35 147 37 139 120 146 36 148 38 139 120 147 37 149 39 139 120 148 38 150 40 139 120 149 39 151 41 139 120 150 40 80 28 139 120 151 41 142 120 29 29 30 30 28 28 29 29 142 120</p>
                </polylist>
            </mesh>
        </geometry>
        <geometry id="mesh0_VC">
            <mesh>
                <source id="points0_VC">
                    <float_array id="pointarray0_VC" count="456">-259.4375 777.5 -124.9375 -184.875 852.4375 0 -288 777.5 0 -166.5625 852.4375 80.1875 -259.4375 777.5 124.9375 -115.25 852.4375 144.5625 -179.5625 777.5 225.125 -41.125 852.4375 180.25 -64.0625 777.5 280.75 41.125 852.4375 180.25 64.0625 777.5 280.75 115.25 852.4375 144.5625 179.5625 777.5 225.125 166.5625 852.4375 80.1875 259.4375 777.5 124.9375 184.875 852.4375 0 288 777.5 0 166.5625 852.4375 -80.1875 259.4375 777.5 -124.9375 115.25 852.4375 -144.5625 179.5625 777.5 -225.125 41.125 852.4375 -180.25 64.0625 777.5 -280.75 -41.125 852.4375 -180.25 -64.0625 777.5 -280.75 -115.25 852.4375 -144.5625 -179.5625 777.5 -225.125 -166.5625 852.4375 -80.1875 -63.6875 891.8125 0 -57.375 891.8125 27.625 -39.6875 891.8125 49.8125 -14.125 891.8125 62.0625 14.125 891.8125 62.0625 39.6875 891.8125 49.8125 57.375 891.8125 27.625 63.6875 891.8125 0 57.375 891.8125 -27.625 39.6875 891.8125 -49.8125 14.125 891.8125 -62.0625 -14.125 891.8125 -62.0625 -39.6875 891.8125 -49.8125 -57.375 891.8125 -27.625 -288 201.5 0 -166.5625 126.5625 -80.1875 -259.4375 201.5 -124.9375 -115.25 126.5625 -144.5625 -179.5625 201.5 -225.125 -41.125 126.5625 -180.25 -64.0625 201.5 -280.75 41.125 126.5625 -180.25 64.0625 201.5 -280.75 115.25 126.5625 -144.5625 179.5625 201.5 -225.125 166.5625 126.5625 -80.1875 259.4375 201.5 -124.9375 184.875 126.5625 0 288 201.5 0 166.5625 126.5625 80.1875 259.4375 201.5 124.9375 115.25 126.5625 144.5625 179.5625 201.5 225.125 41.125 126.5625 180.25 64.0625 201.5 280.75 -41.125 126.5625 180.25 -64.0625 201.5 280.75 -115.25 126.5625 144.5625 -179.5625 201.5 225.125 -166.5625 126.5625 80.1875 -39.6875 87.1875 -49.8125 -14.125 87.1875 -62.0625 14.125 87.1875 -62.0625 39.6875 87.1875 -49.8125 57.375 87.1875 -27.625 63.6875 87.1875 0 57.375 87.1875 27.625 39.6875 87.1875 49.8125 14.125 87.1875 62.0625 -14.125 87.1875 62.0625 -39.6875 87.1875 49.8125 -57.375 87.1875 27.625 -63.6875 87.1875 0 -226.25 674.4375 -283.6875 -326.9375 674.4375 -157.4375 -250.8125 553.1875 -314.5 -362.4375 553.1875 -174.5 -250.8125 425.8125 -314.5 -362.4375 425.8125 -174.5 -226.25 304.5625 -283.6875 -326.9375 304.5625 -157.4375 -362.875 674.4375 0 -402.25 553.1875 0 -402.25 425.8125 0 -362.875 304.5625 0 226.25 674.4375 -283.6875 80.75 674.4375 -353.8125 250.8125 553.1875 -314.5 89.5 553.1875 -392.1875 250.8125 425.8125 -314.5 89.5 425.8125 -392.1875 226.25 304.5625 -283.6875 80.75 304.5625 -353.8125 -80.75 674.4375 -353.8125 -89.5 553.1875 -392.1875 -89.5 425.8125 -392.1875 -80.75 304.5625 -353.8125 226.25 674.4375 283.6875 326.9375 674.4375 157.4375 250.8125 553.1875 314.5 362.4375 553.1875 174.5 250.8125 425.8125 314.5 362.4375 425.8125 174.5 226.25 304.5625 283.6875 326.9375 304.5625 157.4375 362.875 674.4375 0 402.25 553.1875 0 402.25 425.8125 0 362.875 304.5625 0 326.9375 674.4375 -157.4375 362.4375 553.1875 -174.5 362.4375 425.8125 -174.5 326.9375 304.5625 -157.4375 -226.25 674.4375 283.6875 -80.75 674.4375 353.8125 -250.8125 553.1875 314.5 -89.5 553.1875 392.1875 -250.8125 425.8125 314.5 -89.5 425.8125 392.1875 -226.25 304.5625 283.6875 -80.75 304.5625 353.8125 80.75 674.4375 353.8125 89.5 553.1875 392.1875 89.5 425.8125 392.1875 80.75 304.5625 353.8125 -326.9375 674.4375 157.4375 -362.4375 553.1875 174.5 -362.4375 425.8125 174.5 -326.9375 304.5625 157.4375 -259.4375 201.5 124.9375 14.125 87.1875 -62.0625 0 82.1875 0 -57.375 87.1875 -27.625 -184.875 126.5625 0 0 896.8125 0 39.6875 87.1875 -49.8125 57.375 87.1875 -27.625 63.6875 87.1875 0 57.375 87.1875 27.625 39.6875 87.1875 49.8125 14.125 87.1875 62.0625 -14.125 87.1875 62.0625 -39.6875 87.1875 49.8125 -57.375 87.1875 27.625</float_array>
                    <technique_common>
                        <accessor count="152" source="#pointarray0_VC" stride="3">
                            <param name="X" type="float"/>
                            <param name="Y" type="float"/>
                            <param name="Z" type="float"/>
                        </accessor>
                    </technique_common>
                </source>
                <source id="uvs0_VC">
                    <float_array id="uvarray0_VC" count="4">0.77001953125 0.66796875 0.77001953125 0.9986979166666666</float_array>
                    <technique_common>
                        <accessor count="2" source="#uvarray0_VC" stride="2">
                            <param name="S" type="float"/>
                            <param name="T" type="float"/>
                        </accessor>
                    </technique_common>
                </source>
                <vertices id="vertices0_VC">
                    <input semantic="POSITION" source="#points0_VC"/>
                </vertices>
                <polylist count="280" material="Material1">
                    <input offset="0" semantic="VERTEX" source="#vertices0_VC"/>
                    <input offset="1" semantic="TEXCOORD" source="#uvs0_VC" set="0"/>
                    <vcount>3 3 3 3 3 3 3 3 3 3 3 3 3 3 3 3 3 3 3 3 3 3 3 3 3 3 3 3 3 3 3 3 3 3 3 3 3 3 3 3 3 3 3 3 3 3 3 3 3 3 3 3 3 3 3 3 3 3 3 3 3 3 3 3 3 3 3 3 3 3 3 3 3 3 3 3 3 3 3 3 3 3 3 3 3 3 3 3 3 3 3 3 3 3 3 3 3 3 3 3 3 3 3 3 3 3 3 3 3 3 3 3 3 3 3 3 3 3 3 3 3 3 3 3 3 3 3 3 3 3 3 3 3 3 3 3 3 3 3 3 3 3 3 3 3 3 3 3 3 3 3 3 3 3 3 3 3 3 3 3 3 3 3 3 3 3 3 3 3 3 3 3 3 3 3 3 3 3 3 3 3 3 3 3 3 3 3 3 3 3 3 3 3 3 3 3 3 3 3 3 3 3 3 3 3 3 3 3 3 3 3 3 3 3 3 3 3 3 3 3 3 3 3 3 3 3 3 3 3 3 3 3 3 3 3 3 3 3 3 3 3 3 3 3 3 3 3 3 3 3 3 3 3 3 3 3 3 3 3 3 3 3 3 3 3 3 3 3 3 3 3 3 3 3 3 3 3 3 3 3</vcount>
                    <p>2 0 1 0 0 0 3 0 1 0 2 0 4 0 3 0 2 0 5 0 3 0 4 0 6 0 5 0 4 0 7 0 5 0 6 0 8 0 7 0 6 0 9 0 7 0 8 0 10 0 9 0 8 0 11 0 9 0 10 0 12 0 11 0 10 0 13 0 11 0 12 0 14 0 13 0 12 0 15 0 13 0 14 0 16 0 15 0 14 0 17 0 15 0 16 0 18 0 17 0 16 0 19 0 17 0 18 0 20 0 19 0 18 0 21 0 19 0 20 0 22 0 21 0 20 0 23 0 21 0 22 0 24 0 23 0 22 0 25 0 23 0 24 0 26 0 25 0 24 0 27 0 25 0 26 0 0 0 27 0 26 0 1 0 27 0 0 0 1 0 28 0 27 0 29 0 28 0 1 0 3 0 29 0 1 0 30 0 29 0 3 0 5 0 30 0 3 0 31 0 30 0 5 0 7 0 31 0 5 0 32 0 31 0 7 0 9 0 32 0 7 0 33 0 32 0 9 0 11 0 33 0 9 0 34 0 33 0 11 0 13 0 34 0 11 0 35 0 34 0 13 0 15 0 35 0 13 0 36 0 35 0 15 0 17 0 36 0 15 0 37 0 36 0 17 0 19 0 37 0 17 0 38 0 37 0 19 0 21 0 38 0 19 0 39 0 38 0 21 0 23 0 39 0 21 0 40 0 39 0 23 0 25 0 40 0 23 0 41 0 40 0 25 0 27 0 41 0 25 0 28 0 41 0 27 0 44 0 43 0 42 0 45 0 43 0 44 0 46 0 45 0 44 0 47 0 45 0 46 0 48 0 47 0 46 0 49 0 47 0 48 0 50 0 49 0 48 0 51 0 49 0 50 0 52 0 51 0 50 0 53 0 51 0 52 0 54 0 53 0 52 0 55 0 53 0 54 0 56 0 55 0 54 0 57 0 55 0 56 0 58 0 57 0 56 0 59 0 57 0 58 0 60 0 59 0 58 0 61 0 59 0 60 0 62 0 61 0 60 0 63 0 61 0 62 0 64 0 63 0 62 0 65 0 63 0 64 0 66 0 65 0 64 0 67 0 65 0 66 0 45 0 68 0 43 0 69 0 68 0 45 0 47 0 69 0 45 0 70 1 69 0 47 0 49 0 70 1 47 0 71 1 70 1 49 0 51 0 71 1 49 0 72 1 71 1 51 0 53 0 72 1 51 0 73 1 72 1 53 0 55 0 73 1 53 0 74 1 73 1 55 0 57 0 74 1 55 0 75 1 74 1 57 0 59 0 75 1 57 0 76 1 75 1 59 0 61 0 76 1 59 0 77 1 76 1 61 0 63 0 77 1 61 0 78 1 77 1 63 0 65 0 78 1 63 0 79 1 78 1 65 0 67 0 79 1 65 0 80 0 79 1 67 0 81 0 0 0 26 0 82 0 0 0 81 0 83 0 82 0 81 0 84 0 82 0 83 0 85 0 84 0 83 0 86 0 84 0 85 0 87 0 86 0 85 0 88 0 86 0 87 0 46 0 88 0 87 0 44 0 88 0 46 0 82 0 2 0 0 0 89 0 2 0 82 0 84 0 89 0 82 0 90 0 89 0 84 0 86 0 90 0 84 0 91 0 90 0 86 0 88 0 91 0 86 0 92 0 91 0 88 0 44 0 92 0 88 0 42 0 92 0 44 0 93 0 22 0 20 0 94 0 22 0 93 0 95 0 94 0 93 0 96 0 94 0 95 0 97 0 96 0 95 0 98 0 96 0 97 0 99 0 98 0 97 0 100 0 98 0 99 0 52 0 100 0 99 0 50 0 100 0 52 0 94 0 24 0 22 0 101 0 24 0 94 0 96 0 101 0 94 0 102 0 101 0 96 0 98 0 102 0 96 0 103 0 102 0 98 0 100 0 103 0 98 0 104 0 103 0 100 0 50 0 104 0 100 0 48 0 104 0 50 0 101 0 26 0 24 0 81 0 26 0 101 0 102 0 81 0 101 0 83 0 81 0 102 0 103 0 83 0 102 0 85 0 83 0 103 0 104 0 85 0 103 0 87 0 85 0 104 0 48 0 87 0 104 0 46 0 87 0 48 0 105 0 14 0 12 0 106 0 14 0 105 0 107 0 106 0 105 0 108 0 106 0 107 0 109 0 108 0 107 0 110 0 108 0 109 0 111 0 110 0 109 0 112 0 110 0 111 0 60 0 112 0 111 0 58 0 112 0 60 0 106 0 16 0 14 0 113 0 16 0 106 0 108 0 113 0 106 0 114 0 113 0 108 0 110 0 114 0 108 0 115 0 114 0 110 0 112 0 115 0 110 0 116 0 115 0 112 0 58 0 116 0 112 0 56 0 116 0 58 0 113 0 18 0 16 0 117 0 18 0 113 0 114 0 117 0 113 0 118 0 117 0 114 0 115 0 118 0 114 0 119 0 118 0 115 0 116 0 119 0 115 0 120 0 119 0 116 0 56 0 120 0 116 0 54 0 120 0 56 0 117 0 20 0 18 0 93 0 20 0 117 0 118 0 93 0 117 0 95 0 93 0 118 0 119 0 95 0 118 0 97 0 95 0 119 0 120 0 97 0 119 0 99 0 97 0 120 0 54 0 99 0 120 0 52 0 99 0 54 0 121 0 8 0 6 0 122 0 8 0 121 0 123 0 122 0 121 0 124 0 122 0 123 0 125 0 124 0 123 0 126 0 124 0 125 0 127 0 126 0 125 0 128 0 126 0 127 0 66 0 128 0 127 0 64 0 128 0 66 0 122 0 10 0 8 0 129 0 10 0 122 0 124 0 129 0 122 0 130 0 129 0 124 0 126 0 130 0 124 0 131 0 130 0 126 0 128 0 131 0 126 0 132 0 131 0 128 0 64 0 132 0 128 0 62 0 132 0 64 0 129 0 12 0 10 0 105 0 12 0 129 0 130 0 105 0 129 0 107 0 105 0 130 0 131 0 107 0 130 0 109 0 107 0 131 0 132 0 109 0 131 0 111 0 109 0 132 0 62 0 111 0 132 0 60 0 111 0 62 0 89 0 4 0 2 0 133 0 4 0 89 0 90 0 133 0 89 0 134 0 133 0 90 0 91 0 134 0 90 0 135 0 134 0 91 0 92 0 135 0 91 0 136 0 135 0 92 0 42 0 136 0 92 0 137 0 136 0 42 0 133 0 6 0 4 0 121 0 6 0 133 0 134 0 121 0 133 0 123 0 121 0 134 0 135 0 123 0 134 0 125 0 123 0 135 0 136 0 125 0 135 0 127 0 125 0 136 0 137 0 127 0 136 0 66 0 127 0 137 0 139 0 69 0 138 0 68 0 69 0 139 0 140 0 68 0 139 0 43 0 68 0 140 0 141 0 43 0 140 0 42 0 43 0 141 0 137 0 42 0 141 0 80 0 140 0 139 0 141 0 140 0 80 0 67 0 141 0 80 0 137 0 141 0 67 0 66 0 137 0 67 0 142 0 41 0 28 0 40 0 41 0 142 0 39 0 40 0 142 0 142 0 38 0 39 0 37 0 38 0 142 0 36 0 37 0 142 0 142 0 35 0 36 0 34 0 35 0 142 0 33 0 34 0 142 0 142 0 32 0 33 0 31 0 32 0 142 0 30 0 31 0 142 0 143 0 139 0 138 0 144 0 139 0 143 0 145 0 139 0 144 0 146 0 139 0 145 0 147 0 139 0 146 0 148 0 139 0 147 0 149 0 139 0 148 0 150 0 139 0 149 0 151 0 139 0 150 0 80 0 139 0 151 0 142 0 29 0 30 0 28 0 29 0 142 0</p>
                </polylist>
            </mesh>
        </geometry>
        <geometry id="mesh1">
            <mesh>
                <source id="points1">
                    <float_array id="pointarray1" count="456">-288 777.5 0 -166.5625 852.4375 -80.1875 -259.4375 777.5 -124.9375 -115.25 852.4375 -144.5625 -179.5625 777.5 -225.125 -41.125 852.4375 -180.25 -64.0625 777.5 -280.75 41.125 852.4375 -180.25 64.0625 777.5 -280.75 115.25 852.4375 -144.5625 179.5625 777.5 -225.125 166.5625 852.4375 -80.1875 259.4375 777.5 -124.9375 184.875 852.4375 0 288 777.5 0 166.5625 852.4375 80.1875 259.4375 777.5 124.9375 115.25 852.4375 144.5625 179.5625 777.5 225.125 41.125 852.4375 180.25 64.0625 777.5 280.75 -41.125 852.4375 180.25 -64.0625 777.5 280.75 -115.25 852.4375 144.5625 -179.5625 777.5 225.125 -166.5625 852.4375 80.1875 -259.4375 777.5 124.9375 -184.875 852.4375 0 -57.375 891.8125 -27.625 -39.6875 891.8125 -49.8125 -14.125 891.8125 -62.0625 14.125 891.8125 -62.0625 39.6875 891.8125 -49.8125 57.375 891.8125 -27.625 63.6875 891.8125 0 57.375 891.8125 27.625 39.6875 891.8125 49.8125 14.125 891.8125 62.0625 -14.125 891.8125 62.0625 -39.6875 891.8125 49.8125 -57.375 891.8125 27.625 -63.6875 891.8125 0 -226.25 674.4375 -283.6875 -80.75 674.4375 -353.8125 -250.8125 553.1875 -314.5 -89.5 553.1875 -392.1875 -250.8125 425.8125 -314.5 -89.5 425.8125 -392.1875 -226.25 304.5625 -283.6875 -80.75 304.5625 -353.8125 -179.5625 201.5 -225.125 -64.0625 201.5 -280.75 80.75 674.4375 -353.8125 89.5 553.1875 -392.1875 89.5 425.8125 -392.1875 80.75 304.5625 -353.8125 64.0625 201.5 -280.75 226.25 674.4375 -283.6875 250.8125 553.1875 -314.5 250.8125 425.8125 -314.5 226.25 304.5625 -283.6875 179.5625 201.5 -225.125 326.9375 674.4375 -157.4375 362.4375 553.1875 -174.5 362.4375 425.8125 -174.5 326.9375 304.5625 -157.4375 259.4375 201.5 -124.9375 362.875 674.4375 0 402.25 553.1875 0 402.25 425.8125 0 362.875 304.5625 0 288 201.5 0 326.9375 674.4375 157.4375 362.4375 553.1875 174.5 362.4375 425.8125 174.5 326.9375 304.5625 157.4375 259.4375 201.5 124.9375 226.25 674.4375 283.6875 250.8125 553.1875 314.5 250.8125 425.8125 314.5 226.25 304.5625 283.6875 179.5625 201.5 225.125 80.75 674.4375 353.8125 89.5 553.1875 392.1875 89.5 425.8125 392.1875 80.75 304.5625 353.8125 64.0625 201.5 280.75 -80.75 674.4375 353.8125 -89.5 553.1875 392.1875 -89.5 425.8125 392.1875 -80.75 304.5625 353.8125 -64.0625 201.5 280.75 -226.25 674.4375 283.6875 -250.8125 553.1875 314.5 -250.8125 425.8125 314.5 -226.25 304.5625 283.6875 -179.5625 201.5 225.125 -326.9375 674.4375 157.4375 -362.4375 553.1875 174.5 -362.4375 425.8125 174.5 -326.9375 304.5625 157.4375 -259.4375 201.5 124.9375 -362.875 674.4375 0 -402.25 553.1875 0 -402.25 425.8125 0 -362.875 304.5625 0 -288 201.5 0 -326.9375 674.4375 -157.4375 -362.4375 553.1875 -174.5 -362.4375 425.8125 -174.5 -326.9375 304.5625 -157.4375 -259.4375 201.5 -124.9375 14.125 87.1875 -62.0625 0 82.1875 0 -14.125 87.1875 -62.0625 -39.6875 87.1875 -49.8125 -41.125 126.5625 -180.25 -115.25 126.5625 -144.5625 -184.875 126.5625 0 -166.5625 126.5625 -80.1875 -63.6875 87.1875 0 -57.375 87.1875 -27.625 -57.375 87.1875 27.625 41.125 126.5625 -180.25 14.125 87.1875 -62.0625 115.25 126.5625 -144.5625 39.6875 87.1875 -49.8125 166.5625 126.5625 -80.1875 57.375 87.1875 -27.625 184.875 126.5625 0 63.6875 87.1875 0 166.5625 126.5625 80.1875 57.375 87.1875 27.625 115.25 126.5625 144.5625 39.6875 87.1875 49.8125 41.125 126.5625 180.25 14.125 87.1875 62.0625 -41.125 126.5625 180.25 -14.125 87.1875 62.0625 -115.25 126.5625 144.5625 -39.6875 87.1875 49.8125 -166.5625 126.5625 80.1875 -57.375 87.1875 27.625 39.6875 87.1875 -49.8125 57.375 87.1875 -27.625 63.6875 87.1875 0 14.125 87.1875 62.0625 -14.125 87.1875 62.0625 -39.6875 87.1875 49.8125 57.375 87.1875 27.625 39.6875 87.1875 49.8125 0 896.8125 0</float_array>
                    <technique_common>
                        <accessor count="152" source="#pointarray1" stride="3">
                            <param name="X" type="float"/>
                            <param name="Y" type="float"/>
                            <param name="Z" type="float"/>
                        </accessor>
                    </technique_common>
                </source>
                <source id="uvs1">
                    <float_array id="uvarray1" count="242">0.14599609375 0.5 0.29541015625 0.40185546875 0.18115234375 0.3466796875 0.3583984375 0.32275390625 0.279296875 0.2236328125 0.44921875 0.27880859375 0.4208984375 0.15576171875 0.55029296875 0.27880859375 0.57861328125 0.15576171875 0.64111328125 0.32275390625 0.72021484375 0.2236328125 0.7041015625 0.40185546875 0.818359375 0.3466796875 0.7265625 0.5 0.853515625 0.5 0.7041015625 0.5986328125 0.818359375 0.65380859375 0.64111328125 0.677734375 0.72021484375 0.77685546875 0.55029296875 0.7216796875 0.57861328125 0.8447265625 0.44921875 0.7216796875 0.4208984375 0.8447265625 0.3583984375 0.677734375 0.279296875 0.77685546875 0.29541015625 0.5986328125 0.18115234375 0.65380859375 0.27294921875 0.5 0.42919921875 0.46630859375 0.451171875 0.43896484375 0.482421875 0.423828125 0.51708984375 0.423828125 0.54833984375 0.43896484375 0.5703125 0.46630859375 0.578125 0.5 0.5703125 0.5341796875 0.54833984375 0.5615234375 0.51708984375 0.57666015625 0.482421875 0.57666015625 0.451171875 0.5615234375 0.42919921875 0.5341796875 0.42138671875 0.5 0.279296875 0.60107421875 0.4208984375 0.60107421875 0.22216796875 0.474609375 0.400390625 0.474609375 0.19189453125 0.32568359375 0.3896484375 0.32568359375 0.19189453125 0.16943359375 0.3896484375 0.16943359375 0.22216796875 0.0205078125 0.400390625 0.0205078125 0.279296875 -0.10595703125 0.4208984375 -0.10595703125 0.57861328125 0.60107421875 0.59912109375 0.474609375 0.60986328125 0.32568359375 0.60986328125 0.16943359375 0.59912109375 0.0205078125 0.57861328125 -0.10595703125 0.72021484375 0.60107421875 0.77734375 0.474609375 0.8076171875 0.32568359375 0.8076171875 0.16943359375 0.77734375 0.0205078125 0.72021484375 -0.10595703125 0.22314453125 0.60107421875 0.34619140625 0.60107421875 0.1513671875 0.474609375 0.306640625 0.474609375 0.11376953125 0.32568359375 0.28564453125 0.32568359375 0.11376953125 0.16943359375 0.28564453125 0.16943359375 0.1513671875 0.0205078125 0.306640625 0.0205078125 0.22314453125 -0.10595703125 0.34619140625 -0.10595703125 0.5 0.60107421875 0.5 0.474609375 0.5 0.32568359375 0.5 0.16943359375 0.5 0.0205078125 0.5 -0.10595703125 0.6533203125 0.60107421875 0.69287109375 0.474609375 0.7138671875 0.32568359375 0.7138671875 0.16943359375 0.69287109375 0.0205078125 0.6533203125 -0.10595703125 0.7763671875 0.60107421875 0.84814453125 0.474609375 0.8857421875 0.32568359375 0.8857421875 0.16943359375 0.84814453125 0.0205078125 0.7763671875 -0.10595703125 0.72021484375 0.3994140625 0.57861328125 0.3994140625 0.77734375 0.52587890625 0.59912109375 0.52587890625 0.8076171875 0.6748046875 0.60986328125 0.6748046875 0.8076171875 0.8310546875 0.60986328125 0.8310546875 0.77734375 0.97998046875 0.59912109375 0.97998046875 0.72021484375 1.10595703125 0.57861328125 1.10595703125 0.4208984375 0.3994140625 0.400390625 0.52587890625 0.3896484375 0.6748046875 0.3896484375 0.8310546875 0.400390625 0.97998046875 0.4208984375 1.10595703125 0.279296875 0.3994140625 0.22216796875 0.52587890625 0.19189453125 0.6748046875 0.19189453125 0.8310546875 0.22216796875 0.97998046875 0.279296875 1.10595703125 0.5 0.5</float_array>
                    <technique_common>
                        <accessor count="121" source="#uvarray1" stride="2">
                            <param name="S" type="float"/>
                            <param name="T" type="float"/>
                        </accessor>
                    </technique_common>
                </source>
                <vertices id="vertices1">
                    <input semantic="POSITION" source="#points1"/>
                </vertices>
                <polylist count="280" material="Material1">
                    <input offset="0" semantic="VERTEX" source="#vertices1"/>
                    <input offset="1" semantic="TEXCOORD" source="#uvs1" set="0"/>
                    <vcount>3 3 3 3 3 3 3 3 3 3 3 3 3 3 3 3 3 3 3 3 3 3 3 3 3 3 3 3 3 3 3 3 3 3 3 3 3 3 3 3 3 3 3 3 3 3 3 3 3 3 3 3 3 3 3 3 3 3 3 3 3 3 3 3 3 3 3 3 3 3 3 3 3 3 3 3 3 3 3 3 3 3 3 3 3 3 3 3 3 3 3 3 3 3 3 3 3 3 3 3 3 3 3 3 3 3 3 3 3 3 3 3 3 3 3 3 3 3 3 3 3 3 3 3 3 3 3 3 3 3 3 3 3 3 3 3 3 3 3 3 3 3 3 3 3 3 3 3 3 3 3 3 3 3 3 3 3 3 3 3 3 3 3 3 3 3 3 3 3 3 3 3 3 3 3 3 3 3 3 3 3 3 3 3 3 3 3 3 3 3 3 3 3 3 3 3 3 3 3 3 3 3 3 3 3 3 3 3 3 3 3 3 3 3 3 3 3 3 3 3 3 3 3 3 3 3 3 3 3 3 3 3 3 3 3 3 3 3 3 3 3 3 3 3 3 3 3 3 3 3 3 3 3 3 3 3 3 3 3 3 3 3 3 3 3 3 3 3 3 3 3 3 3 3 3 3 3 3 3 3</vcount>
                    <p>2 2 1 1 0 0 3 3 1 1 2 2 4 4 3 3 2 2 5 5 3 3 4 4 6 6 5 5 4 4 7 7 5 5 6 6 8 8 7 7 6 6 9 9 7 7 8 8 10 10 9 9 8 8 11 11 9 9 10 10 12 12 11 11 10 10 13 13 11 11 12 12 14 14 13 13 12 12 15 15 13 13 14 14 16 16 15 15 14 14 17 17 15 15 16 16 18 18 17 17 16 16 19 19 17 17 18 18 20 20 19 19 18 18 21 21 19 19 20 20 22 22 21 21 20 20 23 23 21 21 22 22 24 24 23 23 22 22 25 25 23 23 24 24 26 26 25 25 24 24 27 27 25 25 26 26 0 0 27 27 26 26 1 1 27 27 0 0 1 1 28 28 27 27 29 29 28 28 1 1 3 3 29 29 1 1 30 30 29 29 3 3 5 5 30 30 3 3 31 31 30 30 5 5 7 7 31 31 5 5 32 32 31 31 7 7 9 9 32 32 7 7 33 33 32 32 9 9 11 11 33 33 9 9 34 34 33 33 11 11 13 13 34 34 11 11 35 35 34 34 13 13 15 15 35 35 13 13 36 36 35 35 15 15 17 17 36 36 15 15 37 37 36 36 17 17 19 19 37 37 17 17 38 38 37 37 19 19 21 21 38 38 19 19 39 39 38 38 21 21 23 23 39 39 21 21 40 40 39 39 23 23 25 25 40 40 23 23 41 41 40 40 25 25 27 27 41 41 25 25 28 28 41 41 27 27 42 44 6 43 4 42 43 45 6 43 42 44 44 46 43 45 42 44 45 47 43 45 44 46 46 48 45 47 44 46 47 49 45 47 46 48 48 50 47 49 46 48 49 51 47 49 48 50 50 52 49 51 48 50 51 53 49 51 50 52 43 45 8 54 6 43 52 55 8 54 43 45 45 47 52 55 43 45 53 56 52 55 45 47 47 49 53 56 45 47 54 57 53 56 47 49 49 51 54 57 47 49 55 58 54 57 49 51 51 53 55 58 49 51 56 59 55 58 51 53 52 55 10 60 8 54 57 61 10 60 52 55 53 56 57 61 52 55 58 62 57 61 53 56 54 57 58 62 53 56 59 63 58 62 54 57 55 58 59 63 54 57 60 64 59 63 55 58 56 59 60 64 55 58 61 65 60 64 56 59 57 68 12 67 10 66 62 69 12 67 57 68 58 70 62 69 57 68 63 71 62 69 58 70 59 72 63 71 58 70 64 73 63 71 59 72 60 74 64 73 59 72 65 75 64 73 60 74 61 76 65 75 60 74 66 77 65 75 61 76 62 69 14 78 12 67 67 79 14 78 62 69 63 71 67 79 62 69 68 80 67 79 63 71 64 73 68 80 63 71 69 81 68 80 64 73 65 75 69 81 64 73 70 82 69 81 65 75 66 77 70 82 65 75 71 83 70 82 66 77 67 79 16 84 14 78 72 85 16 84 67 79 68 80 72 85 67 79 73 86 72 85 68 80 69 81 73 86 68 80 74 87 73 86 69 81 70 82 74 87 69 81 75 88 74 87 70 82 71 83 75 88 70 82 76 89 75 88 71 83 72 85 18 90 16 84 77 91 18 90 72 85 73 86 77 91 72 85 78 92 77 91 73 86 74 87 78 92 73 86 79 93 78 92 74 87 75 88 79 93 74 87 80 94 79 93 75 88 76 89 80 94 75 88 81 95 80 94 76 89 77 98 20 97 18 96 82 99 20 97 77 98 78 100 82 99 77 98 83 101 82 99 78 100 79 102 83 101 78 100 84 103 83 101 79 102 80 104 84 103 79 102 85 105 84 103 80 104 81 106 85 105 80 104 86 107 85 105 81 106 82 99 22 108 20 97 87 109 22 108 82 99 83 101 87 109 82 99 88 110 87 109 83 101 84 103 88 110 83 101 89 111 88 110 84 103 85 105 89 111 84 103 90 112 89 111 85 105 86 107 90 112 85 105 91 113 90 112 86 107 87 109 24 114 22 108 92 115 24 114 87 109 88 110 92 115 87 109 93 116 92 115 88 110 89 111 93 116 88 110 94 117 93 116 89 111 90 112 94 117 89 111 95 118 94 117 90 112 91 113 95 118 90 112 96 119 95 118 91 113 92 68 26 67 24 66 97 69 26 67 92 68 93 70 97 69 92 68 98 71 97 69 93 70 94 72 98 71 93 70 99 73 98 71 94 72 95 74 99 73 94 72 100 75 99 73 95 74 96 76 100 75 95 74 101 77 100 75 96 76 97 69 0 78 26 67 102 79 0 78 97 69 98 71 102 79 97 69 103 80 102 79 98 71 99 73 103 80 98 71 104 81 103 80 99 73 100 75 104 81 99 73 105 82 104 81 100 75 101 77 105 82 100 75 106 83 105 82 101 77 102 79 2 84 0 78 107 85 2 84 102 79 103 80 107 85 102 79 108 86 107 85 103 80 104 81 108 86 103 80 109 87 108 86 104 81 105 82 109 87 104 81 110 88 109 87 105 82 106 83 110 88 105 82 111 89 110 88 106 83 107 85 4 90 2 84 42 91 4 90 107 85 108 86 42 91 107 85 44 92 42 91 108 86 109 87 44 92 108 86 46 93 44 92 109 87 110 88 46 93 109 87 48 94 46 93 110 88 111 89 48 94 110 88 50 95 48 94 111 89 114 38 113 120 112 37 115 39 113 120 114 38 116 21 115 39 114 38 117 23 115 39 116 21 51 22 117 23 116 21 50 24 117 23 51 22 118 27 111 26 106 0 119 25 111 26 118 27 120 41 119 25 118 27 121 40 119 25 120 41 113 120 120 41 122 28 121 40 120 41 113 120 115 39 121 40 113 120 117 23 121 40 115 39 116 21 56 20 51 22 123 19 56 20 116 21 114 38 123 19 116 21 124 37 123 19 114 38 123 19 61 18 56 20 125 17 61 18 123 19 124 37 125 17 123 19 126 36 125 17 124 37 125 17 66 16 61 18 127 15 66 16 125 17 126 36 127 15 125 17 128 35 127 15 126 36 127 15 71 14 66 16 129 13 71 14 127 15 128 35 129 13 127 15 130 34 129 13 128 35 129 13 76 12 71 14 131 11 76 12 129 13 130 34 131 11 129 13 132 33 131 11 130 34 131 11 81 10 76 12 133 9 81 10 131 11 132 33 133 9 131 11 134 32 133 9 132 33 133 9 86 8 81 10 135 7 86 8 133 9 134 32 135 7 133 9 136 31 135 7 134 32 135 7 91 6 86 8 137 5 91 6 135 7 136 31 137 5 135 7 138 30 137 5 136 31 137 5 96 4 91 6 139 3 96 4 137 5 138 30 139 3 137 5 140 29 139 3 138 30 139 3 101 2 96 4 141 1 101 2 139 3 140 29 141 1 139 3 142 28 141 1 140 29 141 1 106 0 101 2 118 27 106 0 141 1 142 28 118 27 141 1 120 41 118 27 142 28 113 120 143 36 112 37 144 35 143 36 113 120 145 34 144 35 113 120 119 25 50 24 111 26 117 23 50 24 119 25 121 40 117 23 119 25 113 120 147 30 146 31 148 29 147 30 113 120 122 28 148 29 113 120 113 120 149 33 145 34 150 32 149 33 113 120 146 31 150 32 113 120 151 120 41 41 28 28 40 40 41 41 151 120 39 39 40 40 151 120 29 29 151 120 28 28 30 30 151 120 29 29 31 31 151 120 30 30 32 32 151 120 31 31 33 33 151 120 32 32 34 34 151 120 33 33 35 35 151 120 34 34 36 36 151 120 35 35 37 37 151 120 36 36 38 38 151 120 37 37 38 38 39 39 151 120</p>
                </polylist>
            </mesh>
        </geometry>
        <geometry id="mesh1_VC">
            <mesh>
                <source id="points1_VC">
                    <float_array id="pointarray1_VC" count="456">-288 777.5 0 -166.5625 852.4375 -80.1875 -259.4375 777.5 -124.9375 -115.25 852.4375 -144.5625 -179.5625 777.5 -225.125 -41.125 852.4375 -180.25 -64.0625 777.5 -280.75 41.125 852.4375 -180.25 64.0625 777.5 -280.75 115.25 852.4375 -144.5625 179.5625 777.5 -225.125 166.5625 852.4375 -80.1875 259.4375 777.5 -124.9375 184.875 852.4375 0 288 777.5 0 166.5625 852.4375 80.1875 259.4375 777.5 124.9375 115.25 852.4375 144.5625 179.5625 777.5 225.125 41.125 852.4375 180.25 64.0625 777.5 280.75 -41.125 852.4375 180.25 -64.0625 777.5 280.75 -115.25 852.4375 144.5625 -179.5625 777.5 225.125 -166.5625 852.4375 80.1875 -259.4375 777.5 124.9375 -184.875 852.4375 0 -57.375 891.8125 -27.625 -39.6875 891.8125 -49.8125 -14.125 891.8125 -62.0625 14.125 891.8125 -62.0625 39.6875 891.8125 -49.8125 57.375 891.8125 -27.625 63.6875 891.8125 0 57.375 891.8125 27.625 39.6875 891.8125 49.8125 14.125 891.8125 62.0625 -14.125 891.8125 62.0625 -39.6875 891.8125 49.8125 -57.375 891.8125 27.625 -63.6875 891.8125 0 -226.25 674.4375 -283.6875 -80.75 674.4375 -353.8125 -250.8125 553.1875 -314.5 -89.5 553.1875 -392.1875 -250.8125 425.8125 -314.5 -89.5 425.8125 -392.1875 -226.25 304.5625 -283.6875 -80.75 304.5625 -353.8125 -179.5625 201.5 -225.125 -64.0625 201.5 -280.75 80.75 674.4375 -353.8125 89.5 553.1875 -392.1875 89.5 425.8125 -392.1875 80.75 304.5625 -353.8125 64.0625 201.5 -280.75 226.25 674.4375 -283.6875 250.8125 553.1875 -314.5 250.8125 425.8125 -314.5 226.25 304.5625 -283.6875 179.5625 201.5 -225.125 326.9375 674.4375 -157.4375 362.4375 553.1875 -174.5 362.4375 425.8125 -174.5 326.9375 304.5625 -157.4375 259.4375 201.5 -124.9375 362.875 674.4375 0 402.25 553.1875 0 402.25 425.8125 0 362.875 304.5625 0 288 201.5 0 326.9375 674.4375 157.4375 362.4375 553.1875 174.5 362.4375 425.8125 174.5 326.9375 304.5625 157.4375 259.4375 201.5 124.9375 226.25 674.4375 283.6875 250.8125 553.1875 314.5 250.8125 425.8125 314.5 226.25 304.5625 283.6875 179.5625 201.5 225.125 80.75 674.4375 353.8125 89.5 553.1875 392.1875 89.5 425.8125 392.1875 80.75 304.5625 353.8125 64.0625 201.5 280.75 -80.75 674.4375 353.8125 -89.5 553.1875 392.1875 -89.5 425.8125 392.1875 -80.75 304.5625 353.8125 -64.0625 201.5 280.75 -226.25 674.4375 283.6875 -250.8125 553.1875 314.5 -250.8125 425.8125 314.5 -226.25 304.5625 283.6875 -179.5625 201.5 225.125 -326.9375 674.4375 157.4375 -362.4375 553.1875 174.5 -362.4375 425.8125 174.5 -326.9375 304.5625 157.4375 -259.4375 201.5 124.9375 -362.875 674.4375 0 -402.25 553.1875 0 -402.25 425.8125 0 -362.875 304.5625 0 -288 201.5 0 -326.9375 674.4375 -157.4375 -362.4375 553.1875 -174.5 -362.4375 425.8125 -174.5 -326.9375 304.5625 -157.4375 -259.4375 201.5 -124.9375 14.125 87.1875 -62.0625 0 82.1875 0 -14.125 87.1875 -62.0625 -39.6875 87.1875 -49.8125 -41.125 126.5625 -180.25 -115.25 126.5625 -144.5625 -184.875 126.5625 0 -166.5625 126.5625 -80.1875 -63.6875 87.1875 0 -57.375 87.1875 -27.625 -57.375 87.1875 27.625 41.125 126.5625 -180.25 14.125 87.1875 -62.0625 115.25 126.5625 -144.5625 39.6875 87.1875 -49.8125 166.5625 126.5625 -80.1875 57.375 87.1875 -27.625 184.875 126.5625 0 63.6875 87.1875 0 166.5625 126.5625 80.1875 57.375 87.1875 27.625 115.25 126.5625 144.5625 39.6875 87.1875 49.8125 41.125 126.5625 180.25 14.125 87.1875 62.0625 -41.125 126.5625 180.25 -14.125 87.1875 62.0625 -115.25 126.5625 144.5625 -39.6875 87.1875 49.8125 -166.5625 126.5625 80.1875 -57.375 87.1875 27.625 39.6875 87.1875 -49.8125 57.375 87.1875 -27.625 63.6875 87.1875 0 14.125 87.1875 62.0625 -14.125 87.1875 62.0625 -39.6875 87.1875 49.8125 57.375 87.1875 27.625 39.6875 87.1875 49.8125 0 896.8125 0</float_array>
                    <technique_common>
                        <accessor count="152" source="#pointarray1_VC" stride="3">
                            <param name="X" type="float"/>
                            <param name="Y" type="float"/>
                            <param name="Z" type="float"/>
                        </accessor>
                    </technique_common>
                </source>
                <source id="uvs1_VC">
                    <float_array id="uvarray1_VC" count="4">0.77001953125 0.66796875 0.77001953125 0.9986979166666666</float_array>
                    <technique_common>
                        <accessor count="2" source="#uvarray1_VC" stride="2">
                            <param name="S" type="float"/>
                            <param name="T" type="float"/>
                        </accessor>
                    </technique_common>
                </source>
                <vertices id="vertices1_VC">
                    <input semantic="POSITION" source="#points1_VC"/>
                </vertices>
                <polylist count="280" material="Material1">
                    <input offset="0" semantic="VERTEX" source="#vertices1_VC"/>
                    <input offset="1" semantic="TEXCOORD" source="#uvs1_VC" set="0"/>
                    <vcount>3 3 3 3 3 3 3 3 3 3 3 3 3 3 3 3 3 3 3 3 3 3 3 3 3 3 3 3 3 3 3 3 3 3 3 3 3 3 3 3 3 3 3 3 3 3 3 3 3 3 3 3 3 3 3 3 3 3 3 3 3 3 3 3 3 3 3 3 3 3 3 3 3 3 3 3 3 3 3 3 3 3 3 3 3 3 3 3 3 3 3 3 3 3 3 3 3 3 3 3 3 3 3 3 3 3 3 3 3 3 3 3 3 3 3 3 3 3 3 3 3 3 3 3 3 3 3 3 3 3 3 3 3 3 3 3 3 3 3 3 3 3 3 3 3 3 3 3 3 3 3 3 3 3 3 3 3 3 3 3 3 3 3 3 3 3 3 3 3 3 3 3 3 3 3 3 3 3 3 3 3 3 3 3 3 3 3 3 3 3 3 3 3 3 3 3 3 3 3 3 3 3 3 3 3 3 3 3 3 3 3 3 3 3 3 3 3 3 3 3 3 3 3 3 3 3 3 3 3 3 3 3 3 3 3 3 3 3 3 3 3 3 3 3 3 3 3 3 3 3 3 3 3 3 3 3 3 3 3 3 3 3 3 3 3 3 3 3 3 3 3 3 3 3 3 3 3 3 3 3</vcount>
                    <p>2 0 1 0 0 0 3 0 1 0 2 0 4 0 3 0 2 0 5 0 3 0 4 0 6 0 5 0 4 0 7 0 5 0 6 0 8 0 7 0 6 0 9 0 7 0 8 0 10 0 9 0 8 0 11 0 9 0 10 0 12 0 11 0 10 0 13 0 11 0 12 0 14 0 13 0 12 0 15 0 13 0 14 0 16 0 15 0 14 0 17 0 15 0 16 0 18 0 17 0 16 0 19 0 17 0 18 0 20 0 19 0 18 0 21 0 19 0 20 0 22 0 21 0 20 0 23 0 21 0 22 0 24 0 23 0 22 0 25 0 23 0 24 0 26 0 25 0 24 0 27 0 25 0 26 0 0 0 27 0 26 0 1 0 27 0 0 0 1 0 28 0 27 0 29 0 28 0 1 0 3 0 29 0 1 0 30 0 29 0 3 0 5 0 30 0 3 0 31 0 30 0 5 0 7 0 31 0 5 0 32 0 31 0 7 0 9 0 32 0 7 0 33 0 32 0 9 0 11 0 33 0 9 0 34 0 33 0 11 0 13 0 34 0 11 0 35 0 34 0 13 0 15 0 35 0 13 0 36 0 35 0 15 0 17 0 36 0 15 0 37 0 36 0 17 0 19 0 37 0 17 0 38 0 37 0 19 0 21 0 38 0 19 0 39 0 38 0 21 0 23 0 39 0 21 0 40 0 39 0 23 0 25 0 40 0 23 0 41 0 40 0 25 0 27 0 41 0 25 0 28 0 41 0 27 0 42 0 6 0 4 0 43 0 6 0 42 0 44 0 43 0 42 0 45 0 43 0 44 0 46 0 45 0 44 0 47 0 45 0 46 0 48 0 47 0 46 0 49 0 47 0 48 0 50 0 49 0 48 0 51 0 49 0 50 0 43 0 8 0 6 0 52 0 8 0 43 0 45 0 52 0 43 0 53 0 52 0 45 0 47 0 53 0 45 0 54 0 53 0 47 0 49 0 54 0 47 0 55 0 54 0 49 0 51 0 55 0 49 0 56 0 55 0 51 0 52 0 10 0 8 0 57 0 10 0 52 0 53 0 57 0 52 0 58 0 57 0 53 0 54 0 58 0 53 0 59 0 58 0 54 0 55 0 59 0 54 0 60 0 59 0 55 0 56 0 60 0 55 0 61 0 60 0 56 0 57 0 12 0 10 0 62 0 12 0 57 0 58 0 62 0 57 0 63 0 62 0 58 0 59 0 63 0 58 0 64 0 63 0 59 0 60 0 64 0 59 0 65 0 64 0 60 0 61 0 65 0 60 0 66 0 65 0 61 0 62 0 14 0 12 0 67 0 14 0 62 0 63 0 67 0 62 0 68 0 67 0 63 0 64 0 68 0 63 0 69 0 68 0 64 0 65 0 69 0 64 0 70 0 69 0 65 0 66 0 70 0 65 0 71 0 70 0 66 0 67 0 16 0 14 0 72 0 16 0 67 0 68 0 72 0 67 0 73 0 72 0 68 0 69 0 73 0 68 0 74 0 73 0 69 0 70 0 74 0 69 0 75 0 74 0 70 0 71 0 75 0 70 0 76 0 75 0 71 0 72 0 18 0 16 0 77 0 18 0 72 0 73 0 77 0 72 0 78 0 77 0 73 0 74 0 78 0 73 0 79 0 78 0 74 0 75 0 79 0 74 0 80 0 79 0 75 0 76 0 80 0 75 0 81 0 80 0 76 0 77 0 20 0 18 0 82 0 20 0 77 0 78 0 82 0 77 0 83 0 82 0 78 0 79 0 83 0 78 0 84 0 83 0 79 0 80 0 84 0 79 0 85 0 84 0 80 0 81 0 85 0 80 0 86 0 85 0 81 0 82 0 22 0 20 0 87 0 22 0 82 0 83 0 87 0 82 0 88 0 87 0 83 0 84 0 88 0 83 0 89 0 88 0 84 0 85 0 89 0 84 0 90 0 89 0 85 0 86 0 90 0 85 0 91 0 90 0 86 0 87 0 24 0 22 0 92 0 24 0 87 0 88 0 92 0 87 0 93 0 92 0 88 0 89 0 93 0 88 0 94 0 93 0 89 0 90 0 94 0 89 0 95 0 94 0 90 0 91 0 95 0 90 0 96 0 95 0 91 0 92 0 26 0 24 0 97 0 26 0 92 0 93 0 97 0 92 0 98 0 97 0 93 0 94 0 98 0 93 0 99 0 98 0 94 0 95 0 99 0 94 0 100 0 99 0 95 0 96 0 100 0 95 0 101 0 100 0 96 0 97 0 0 0 26 0 102 0 0 0 97 0 98 0 102 0 97 0 103 0 102 0 98 0 99 0 103 0 98 0 104 0 103 0 99 0 100 0 104 0 99 0 105 0 104 0 100 0 101 0 105 0 100 0 106 0 105 0 101 0 102 0 2 0 0 0 107 0 2 0 102 0 103 0 107 0 102 0 108 0 107 0 103 0 104 0 108 0 103 0 109 0 108 0 104 0 105 0 109 0 104 0 110 0 109 0 105 0 106 0 110 0 105 0 111 0 110 0 106 0 107 0 4 0 2 0 42 0 4 0 107 0 108 0 42 0 107 0 44 0 42 0 108 0 109 0 44 0 108 0 46 0 44 0 109 0 110 0 46 0 109 0 48 0 46 0 110 0 111 0 48 0 110 0 50 0 48 0 111 0 114 0 113 0 112 0 115 0 113 0 114 0 116 0 115 0 114 0 117 0 115 0 116 0 51 0 117 0 116 0 50 0 117 0 51 0 118 0 111 0 106 0 119 0 111 0 118 0 120 0 119 0 118 0 121 0 119 0 120 0 113 0 120 0 122 0 121 0 120 0 113 0 115 0 121 0 113 0 117 0 121 0 115 0 116 0 56 0 51 0 123 0 56 0 116 0 114 0 123 0 116 0 124 1 123 0 114 0 123 0 61 0 56 0 125 0 61 0 123 0 124 1 125 0 123 0 126 1 125 0 124 1 125 0 66 0 61 0 127 0 66 0 125 0 126 1 127 0 125 0 128 1 127 0 126 1 127 0 71 0 66 0 129 0 71 0 127 0 128 1 129 0 127 0 130 1 129 0 128 1 129 0 76 0 71 0 131 0 76 0 129 0 130 1 131 0 129 0 132 1 131 0 130 1 131 0 81 0 76 0 133 0 81 0 131 0 132 1 133 0 131 0 134 1 133 0 132 1 133 0 86 0 81 0 135 0 86 0 133 0 134 1 135 0 133 0 136 1 135 0 134 1 135 0 91 0 86 0 137 0 91 0 135 0 136 1 137 0 135 0 138 1 137 0 136 1 137 0 96 0 91 0 139 0 96 0 137 0 138 1 139 0 137 0 140 1 139 0 138 1 139 0 101 0 96 0 141 0 101 0 139 0 140 1 141 0 139 0 142 1 141 0 140 1 141 0 106 0 101 0 118 0 106 0 141 0 142 1 118 0 141 0 120 0 118 0 142 1 113 0 143 0 112 0 144 0 143 0 113 0 145 0 144 0 113 0 119 0 50 0 111 0 117 0 50 0 119 0 121 0 117 0 119 0 113 0 147 0 146 0 148 0 147 0 113 0 122 0 148 0 113 0 113 0 149 0 145 0 150 0 149 0 113 0 146 0 150 0 113 0 151 0 41 0 28 0 40 0 41 0 151 0 39 0 40 0 151 0 29 0 151 0 28 0 30 0 151 0 29 0 31 0 151 0 30 0 32 0 151 0 31 0 33 0 151 0 32 0 34 0 151 0 33 0 35 0 151 0 34 0 36 0 151 0 35 0 37 0 151 0 36 0 38 0 151 0 37 0 38 0 39 0 151 0</p>
                </polylist>
            </mesh>
        </geometry>
        <geometry id="mesh2">
            <mesh>
                <source id="points2">
                    <float_array id="pointarray2" count="726">13.0625 537.0625 66.5 -6.4375 587.1875 55.5 22.375 570.75 60.5625 27.75 593.9375 51.5625 54.875 571.25 55.5 66.8125 593.6875 43.1875 80.875 577.6875 48.0625 102.75 599.5 33.9375 121.375 588.4375 33.8125 129.0625 606.1875 24.0625 140.375 592.625 24.0625 142.1875 605.5625 17.4375 145.5625 608.75 10.0625 130.625 613.875 12.5625 101.375 609.8125 17.375 130.625 613.875 -12.5625 101.375 609.8125 -17.375 129.0625 606.1875 -24.0625 102.75 599.5 -33.9375 121.375 588.4375 -33.8125 80.875 577.6875 -48.0625 103.0625 551.0625 -48.0625 68.625 545.1875 -59 91.8125 526.9375 -55.5 50 492.5 -66.5 85.75 494.125 -60.5625 95.3125 463.75 -55.5 108.3125 497 -51.5625 120.8125 458.8125 -43.1875 118.8125 496.8125 -25.3125 130.1875 461.75 -22.5 118.8125 496.8125 25.3125 130.1875 461.75 22.5 120.8125 458.8125 43.1875 137.375 425.5625 33.9375 109.375 440.4375 48.0625 132.125 404.1875 33.8125 90.0625 411 48.0625 114.625 390.875 33.9375 77.75 393.125 43.1875 114.375 380.25 17.375 78.75 383.25 22.5 78.75 383.25 -22.5 42.3125 379.5625 -25.3125 38.3125 390.0625 -51.5625 7 365.875 -43.1875 3.3125 391.6875 -55.5 -14.0625 370.8125 -48.0625 -23.375 405 -59 -48.125 379.6875 -48.0625 -53.3125 406.4375 -55.5 -68.9375 385.625 -43.1875 -85.3125 422.375 -51.5625 -77.875 381.5 -22.5 -92.9375 415.1875 -25.3125 -77.875 381.5 22.5 -92.9375 415.1875 25.3125 -68.9375 385.625 43.1875 -85.3125 422.375 51.5625 -53.3125 406.4375 55.5 -66.625 435.375 60.5625 -39.0625 458.125 66.5 -93.1875 455.625 55.5 -88.25 484.6875 59 -117.75 465.9375 48.0625 -119.125 500.5625 48.0625 -156.375 481.375 33.8125 -150 502.0625 33.9375 -173.9375 489.3125 24.0625 -180.3125 494 12.5625 -187.9375 480.1875 10.0625 -180.3125 494 -12.5625 -187.9375 480.1875 -10.0625 -173.9375 489.3125 -24.0625 -183.3125 480.0625 -17.4375 -173.3125 471.6875 -24.0625 -179.1875 466.4375 -12.5625 -179.1875 466.4375 12.5625 -183.3125 480.0625 17.4375 -173.3125 471.6875 24.0625 66.75 603.4375 22.5 66.75 603.4375 -22.5 30.5625 603.375 25.3125 30.5625 603.375 -25.3125 -1 621.625 22.5 -1 621.625 -22.5 -28.125 644.5625 17.375 -28.125 644.5625 -17.375 -51.8125 662.75 -12.5625 -54.25 655.125 -24.0625 -67.9375 665.8125 -10.0625 -66.125 661.125 -17.4375 -77.8125 652.6875 -12.5625 -70.875 648.6875 -24.0625 -83.1875 623.3125 -17.375 -72.8125 621.3125 -33.9375 -78.5625 585 -43.1875 -58.6875 593.1875 -48.0625 -60.75 566.3125 -55.5 -31.375 571 -59 -41.5625 516 -66.5 13.0625 537.0625 -66.5 0.125 489.125 -70.25 17.75 443.4375 -66.5 74 442.625 -59 63.125 414.75 -55.5 90.0625 411 -48.0625 77.75 393.125 -43.1875 114.625 390.875 -33.9375 114.375 380.25 -17.375 141.9375 386.8125 -24.0625 144.375 379.125 -12.5625 158.875 386.5625 -10.0625 158.875 386.5625 10.0625 159.8125 402.625 12.5625 151.8125 401.8125 24.0625 147 429.9375 17.375 85.75 494.125 60.5625 95.3125 463.75 55.5 50 492.5 66.5 74 442.625 59 17.75 443.4375 66.5 63.125 414.75 55.5 30.625 410 60.5625 38.3125 390.0625 51.5625 3.3125 391.6875 55.5 7 365.875 43.1875 -14.0625 370.8125 48.0625 -18.75 339.5 33.9375 -40.6875 337.5625 33.8125 -36.3125 318.125 24.0625 -53.6875 322.625 24.0625 -47.375 310.6875 17.4375 -48.625 306.5 10.0625 -32.9375 310.75 12.5625 -11.4375 331.6875 17.375 -32.9375 310.75 -12.5625 -11.4375 331.6875 -17.375 -36.3125 318.125 -24.0625 -18.75 339.5 -33.9375 -40.6875 337.5625 -33.8125 -51.8125 662.75 12.5625 -67.9375 665.8125 10.0625 -77.8125 652.6875 12.5625 -83.1875 623.3125 17.375 -87.875 588.0625 -22.5 -99.0625 553.375 -25.3125 -90.6875 548.25 -51.5625 -119.4375 521.875 -43.1875 -95.5625 513.25 -55.5 -119.125 500.5625 -48.0625 -88.25 484.6875 -59 -117.75 465.9375 -48.0625 -93.1875 455.625 -55.5 -116.3125 444.6875 -43.1875 -148.375 461.375 -33.9375 -156.375 481.375 -33.8125 -150 502.0625 -33.9375 -155.875 510.625 -17.375 -125.9375 529.125 -22.5 -155.875 510.625 17.375 -125.9375 529.125 22.5 -119.4375 521.875 43.1875 -90.6875 548.25 51.5625 -95.5625 513.25 55.5 -71.125 534.6875 60.5625 -41.5625 516 66.5 -60.75 566.3125 55.5 -31.375 571 59 -58.6875 593.1875 48.0625 -26.0625 605.8125 48.0625 -56.25 635.5 33.8125 -5.8125 613.0625 43.1875 -34.4375 636.125 33.9375 -54.25 655.125 24.0625 -70.875 648.6875 24.0625 -66.125 661.125 17.4375 116.3125 534.375 -43.1875 128.875 568.25 -33.9375 140.375 592.625 -24.0625 142.1875 605.5625 -17.4375 145.5625 608.75 -10.0625 -56.25 635.5 -33.8125 -34.4375 636.125 -33.9375 -26.0625 605.8125 -48.0625 -5.8125 613.0625 -43.1875 -6.4375 587.1875 -55.5 27.75 593.9375 -51.5625 22.375 570.75 -60.5625 54.875 571.25 -55.5 -99.0625 553.375 25.3125 -87.875 588.0625 22.5 -72.8125 621.3125 33.9375 42.3125 379.5625 25.3125 12.875 357.8125 22.5 109.375 440.4375 -48.0625 137.375 425.5625 -33.9375 147 429.9375 -17.375 151.8125 401.8125 -24.0625 159.8125 402.625 -12.5625 155.125 388.8125 -17.4375 68.625 545.1875 59 91.8125 526.9375 55.5 108.3125 497 51.5625 -58.9375 349.875 33.9375 -60.125 317.8125 12.5625 -69 346.625 17.375 -60.125 317.8125 -12.5625 -69 346.625 -17.375 -53.6875 322.625 -24.0625 -58.9375 349.875 -33.9375 103.0625 551.0625 48.0625 128.875 568.25 33.9375 116.3125 534.375 43.1875 138.8125 565 17.375 125.9375 532.375 22.5 125.9375 532.375 -22.5 30.625 410 -60.5625 148.3125 592.6875 12.5625 148.3125 592.6875 -12.5625 138.8125 565 -17.375 141.9375 386.8125 24.0625 144.375 379.125 12.5625 -116.3125 444.6875 43.1875 -148.375 461.375 33.9375 0.125 489.125 70.25 -48.125 379.6875 48.0625 -47.375 310.6875 -17.4375 -48.625 306.5 -10.0625 -122.125 436.75 22.5 -153.5625 452.25 17.375 -78.5625 585 43.1875 -153.5625 452.25 -17.375 -66.625 435.375 -60.5625 -39.0625 458.125 -66.5 12.875 357.8125 -22.5 155.125 388.8125 17.4375 66.8125 593.6875 -43.1875 -71.125 534.6875 -60.5625 -23.375 405 59 132.125 404.1875 -33.8125 -122.125 436.75 -22.5</float_array>
                    <technique_common>
                        <accessor count="242" source="#pointarray2" stride="3">
                            <param name="X" type="float"/>
                            <param name="Y" type="float"/>
                            <param name="Z" type="float"/>
                        </accessor>
                    </technique_common>
                </source>
                <source id="uvs2">
                    <float_array id="uvarray2" count="242">0.578125 0.56005859375 0.57763671875 0.7109375 0.64697265625 0.6591796875 0.6591796875 0.67724609375 0.7158203125 0.607421875 0.767578125 0.65380859375 0.787109375 0.59814453125 0.86279296875 0.63330078125 0.8984375 0.58544921875 0.93505859375 0.6240234375 0.9501953125 0.5771484375 0.96728515625 0.60888671875 0.9892578125 0.61669921875 0.9462890625 0.642578125 0.869140625 0.66162109375 0.81689453125 0.50634765625 0.72509765625 0.525390625 0.765625 0.45458984375 0.6279296875 0.40673828125 0.7392578125 0.3701171875 0.71337890625 0.2861328125 0.7607421875 0.36376953125 0.7724609375 0.24755859375 0.8037109375 0.3486328125 0.798828125 0.24560546875 0.78173828125 0.14404296875 0.72607421875 0.2109375 0.748046875 0.09326171875 0.6494140625 0.15380859375 0.69140625 0.07666015625 0.60107421875 0.11962890625 0.6806640625 0.048828125 0.59423828125 0.09228515625 0.5 0.11962890625 0.5 0.16796875 0.3984375 0.11962890625 0.4140625 0.1904296875 0.35009765625 0.15380859375 0.35986328125 0.25244140625 0.2734375 0.2109375 0.2861328125 0.2861328125 0.22705078125 0.24755859375 0.23876953125 0.36376953125 0.20068359375 0.24560546875 0.19580078125 0.3486328125 0.26025390625 0.3701171875 0.37158203125 0.40673828125 0.23388671875 0.45458984375 0.2744140625 0.525390625 0.1826171875 0.50634765625 0.21240234375 0.59814453125 0.10107421875 0.58544921875 0.13671875 0.63330078125 0.064453125 0.6240234375 0.05322265625 0.642578125 0.01025390625 0.61669921875 0.0322265625 0.60888671875 0.04931640625 0.5771484375 0.029296875 0.5693359375 0.7763671875 0.6796875 0.68603515625 0.7158203125 0.62451171875 0.79541015625 0.57861328125 0.88232421875 0.537109375 0.95361328125 0.5234375 0.9365234375 0.5 0.98876953125 0.5 0.9638671875 0.46240234375 0.95361328125 0.47607421875 0.9365234375 0.4208984375 0.88232421875 0.44482421875 0.86669921875 0.3955078125 0.77783203125 0.453125 0.779296875 0.421875 0.7109375 0.5 0.693359375 0.42138671875 0.56005859375 0.5 0.4482421875 0.5 0.31103515625 0.6396484375 0.25244140625 0.58544921875 0.1904296875 0.755859375 0.0380859375 0.75439453125 0.015625 0.8046875 0.009765625 0.81591796875 0.0615234375 0.794921875 0.0673828125 0.81005859375 0.1455078125 0.5 0.1904296875 0.30810546875 0.07666015625 0.25146484375 0.09326171875 0.24365234375 0.0380859375 0.20458984375 0.0673828125 0.208984375 0.0302734375 0.19482421875 0.009765625 0.2451171875 0.015625 0.31884765625 0.048828125 0.375 0.79541015625 0.3134765625 0.7158203125 0.34033203125 0.67724609375 0.23193359375 0.65380859375 0.28369140625 0.607421875 0.16552734375 0.44921875 0.1015625 0.52490234375 0.13037109375 0.66162109375 0.22314453125 0.6796875 0.3525390625 0.6591796875 0.54638671875 0.779296875 0.5 0.88720703125 0.60400390625 0.77783203125 0.5546875 0.86669921875 0.833984375 0.44921875 0.89794921875 0.52490234375 0.4052734375 0.09228515625 0.79052734375 0.0302734375 0.2177734375 0.14404296875 0.18359375 0.0615234375 0.189453125 0.1455078125 0.919921875 0.50634765625 0.85595703125 0.4345703125 0.97021484375 0.5693359375 0.1435546875 0.4345703125 0.07958984375 0.50634765625</float_array>
                    <technique_common>
                        <accessor count="121" source="#uvarray2" stride="2">
                            <param name="S" type="float"/>
                            <param name="T" type="float"/>
                        </accessor>
                    </technique_common>
                </source>
                <vertices id="vertices2">
                    <input semantic="POSITION" source="#points2"/>
                </vertices>
                <polylist count="480" material="Material1">
                    <input offset="0" semantic="VERTEX" source="#vertices2"/>
                    <input offset="1" semantic="TEXCOORD" source="#uvs2" set="0"/>
                    <vcount>3 3 3 3 3 3 3 3 3 3 3 3 3 3 3 3 3 3 3 3 3 3 3 3 3 3 3 3 3 3 3 3 3 3 3 3 3 3 3 3 3 3 3 3 3 3 3 3 3 3 3 3 3 3 3 3 3 3 3 3 3 3 3 3 3 3 3 3 3 3 3 3 3 3 3 3 3 3 3 3 3 3 3 3 3 3 3 3 3 3 3 3 3 3 3 3 3 3 3 3 3 3 3 3 3 3 3 3 3 3 3 3 3 3 3 3 3 3 3 3 3 3 3 3 3 3 3 3 3 3 3 3 3 3 3 3 3 3 3 3 3 3 3 3 3 3 3 3 3 3 3 3 3 3 3 3 3 3 3 3 3 3 3 3 3 3 3 3 3 3 3 3 3 3 3 3 3 3 3 3 3 3 3 3 3 3 3 3 3 3 3 3 3 3 3 3 3 3 3 3 3 3 3 3 3 3 3 3 3 3 3 3 3 3 3 3 3 3 3 3 3 3 3 3 3 3 3 3 3 3 3 3 3 3 3 3 3 3 3 3 3 3 3 3 3 3 3 3 3 3 3 3 3 3 3 3 3 3 3 3 3 3 3 3 3 3 3 3 3 3 3 3 3 3 3 3 3 3 3 3 3 3 3 3 3 3 3 3 3 3 3 3 3 3 3 3 3 3 3 3 3 3 3 3 3 3 3 3 3 3 3 3 3 3 3 3 3 3 3 3 3 3 3 3 3 3 3 3 3 3 3 3 3 3 3 3 3 3 3 3 3 3 3 3 3 3 3 3 3 3 3 3 3 3 3 3 3 3 3 3 3 3 3 3 3 3 3 3 3 3 3 3 3 3 3 3 3 3 3 3 3 3 3 3 3 3 3 3 3 3 3 3 3 3 3 3 3 3 3 3 3 3 3 3 3 3 3 3 3 3 3 3 3 3 3 3 3 3 3 3 3 3 3 3 3 3 3 3 3 3 3 3 3 3 3 3 3 3 3 3 3 3 3 3 3 3 3 3 3 3 3 3 3 3 3 3 3 3 3 3 3 3 3 3 3 3 3 3 3 3 3 3 3 3 3 3 3 3 3 3</vcount>
                    <p>2 2 1 1 0 0 3 3 1 1 2 2 4 4 3 3 2 2 5 5 3 3 4 4 6 6 5 5 4 4 7 7 5 5 6 6 8 8 7 7 6 6 9 9 7 7 8 8 10 10 9 9 8 8 11 11 9 9 10 10 12 12 11 11 10 10 9 9 11 11 12 12 13 13 9 9 12 12 14 14 9 9 13 13 15 13 14 14 13 13 16 14 14 14 15 13 17 9 16 14 15 13 18 7 16 14 17 9 19 8 18 7 17 9 20 6 18 7 19 8 21 15 20 6 19 8 22 16 20 6 21 15 23 17 22 16 21 15 24 18 22 16 23 17 25 19 24 18 23 17 26 20 24 18 25 19 27 21 26 20 25 19 28 22 26 20 27 21 29 23 28 22 27 21 30 24 28 22 29 23 31 23 30 24 29 23 32 24 30 24 31 23 33 22 32 24 31 23 34 25 32 24 33 22 35 26 34 25 33 22 36 27 34 25 35 26 37 28 36 27 35 26 38 29 36 27 37 28 39 30 38 29 37 28 40 31 38 29 39 30 41 32 40 31 39 30 42 32 40 31 41 32 43 33 42 32 41 32 44 34 42 32 43 33 45 35 44 34 43 33 46 36 44 34 45 35 47 37 46 36 45 35 48 38 46 36 47 37 49 39 48 38 47 37 50 40 48 38 49 39 51 41 50 40 49 39 52 42 50 40 51 41 53 43 52 42 51 41 54 44 52 42 53 43 55 43 54 44 53 43 56 44 54 44 55 43 57 41 56 44 55 43 58 42 56 44 57 41 59 40 58 42 57 41 60 45 58 42 59 40 61 46 60 45 59 40 62 47 60 45 61 46 63 48 62 47 61 46 64 49 62 47 63 48 65 50 64 49 63 48 66 51 64 49 65 50 67 52 66 51 65 50 68 53 66 51 67 52 69 54 68 53 67 52 70 55 68 53 69 54 71 54 70 55 69 54 72 55 70 55 71 54 73 53 72 55 71 54 74 56 72 55 73 53 75 57 74 56 73 53 72 55 74 56 75 57 76 58 72 55 75 57 70 55 72 55 76 58 77 58 70 55 76 58 78 56 70 55 77 58 79 57 78 56 77 58 68 53 78 56 79 57 66 51 68 53 79 57 14 14 7 7 9 9 80 59 7 7 14 14 81 59 80 59 14 14 82 60 80 59 81 59 83 60 82 60 81 59 84 61 82 60 83 60 85 61 84 61 83 60 86 62 84 61 85 61 87 62 86 62 85 61 88 63 86 62 87 62 89 64 88 63 87 62 90 65 88 63 89 64 91 66 90 65 89 64 92 67 90 65 91 66 93 68 92 67 91 66 94 69 92 67 93 68 95 70 94 69 93 68 96 71 94 69 95 70 97 72 96 71 95 70 98 73 96 71 97 72 99 74 98 73 97 72 100 75 98 73 99 74 101 0 100 75 99 74 102 76 100 75 101 0 24 18 102 76 101 0 103 77 102 76 24 18 104 78 103 77 24 18 105 79 103 77 104 78 106 28 105 79 104 78 107 30 105 79 106 28 108 29 107 30 106 28 109 31 107 30 108 29 110 80 109 31 108 29 111 81 109 31 110 80 112 82 111 81 110 80 113 82 111 81 112 82 114 83 113 82 112 82 115 84 113 82 114 83 116 85 115 84 114 83 34 25 115 84 116 85 32 24 34 25 116 85 119 18 118 20 117 19 120 78 118 20 119 18 121 77 120 78 119 18 122 79 120 78 121 77 123 86 122 79 121 77 124 34 122 79 123 86 125 36 124 34 123 86 126 35 124 34 125 36 127 37 126 35 125 36 128 87 126 35 127 37 129 88 128 87 127 37 130 89 128 87 129 88 131 90 130 89 129 88 132 91 130 89 131 90 133 92 132 91 131 90 130 89 132 91 133 92 134 93 130 89 133 92 135 94 130 89 134 93 136 93 135 94 134 93 137 94 135 94 136 93 138 89 137 94 136 93 139 87 137 94 138 89 140 88 139 87 138 89 47 37 139 87 140 88 49 39 47 37 140 88 88 63 141 63 86 62 142 65 141 63 88 63 90 65 142 65 88 63 143 67 142 65 90 65 92 67 143 67 90 65 144 69 143 67 92 67 94 69 144 69 92 67 145 95 144 69 94 69 96 71 145 95 94 69 146 96 145 95 96 71 147 97 146 96 96 71 148 98 146 96 147 97 149 99 148 98 147 97 150 50 148 98 149 99 151 48 150 50 149 99 152 49 150 50 151 48 153 47 152 49 151 48 154 100 152 49 153 47 52 42 154 100 153 47 54 44 154 100 52 42 75 57 155 101 76 58 156 51 155 101 75 57 73 53 156 51 75 57 157 52 156 51 73 53 158 102 157 52 73 53 159 103 157 52 158 102 160 102 159 103 158 102 161 103 159 103 160 102 162 98 161 103 160 102 163 97 161 103 162 98 164 99 163 97 162 98 165 104 163 97 164 99 166 75 165 104 164 99 167 73 165 104 166 75 168 74 167 73 166 75 169 72 167 73 168 74 170 105 169 72 168 74 171 106 169 72 170 105 172 107 1 1 3 3 170 105 1 1 172 107 173 108 170 105 172 107 171 106 170 105 173 108 174 64 171 106 173 108 175 68 171 106 174 64 176 66 175 68 174 64 142 65 175 68 176 66 174 64 142 65 176 66 141 63 142 65 174 64 173 108 141 63 174 64 86 62 141 63 173 108 172 107 86 62 173 108 23 17 27 21 25 19 177 109 27 21 23 17 21 15 177 109 23 17 178 110 177 109 21 15 19 8 178 110 21 15 179 10 178 110 19 8 17 9 179 10 19 8 180 11 179 10 17 9 15 13 180 11 17 9 181 12 180 11 15 13 13 13 181 12 15 13 12 12 181 12 13 13 89 64 93 68 91 66 182 106 93 68 89 64 183 108 182 106 89 64 184 105 182 106 183 108 185 107 184 105 183 108 186 1 184 105 185 107 187 3 186 1 185 107 188 2 186 1 187 3 189 4 188 2 187 3 101 0 188 2 189 4 22 16 101 0 189 4 24 18 101 0 22 16 156 51 152 49 155 101 150 50 152 49 156 51 157 52 150 50 156 51 148 98 150 50 157 52 159 103 148 98 157 52 146 96 148 98 159 103 190 96 146 96 159 103 145 95 146 96 190 96 191 95 145 95 190 96 144 69 145 95 191 95 192 70 144 69 191 95 175 68 144 69 192 70 120 78 35 26 118 20 37 28 35 26 120 78 122 79 37 28 120 78 39 30 37 28 122 79 124 34 39 30 122 79 193 33 39 30 124 34 126 35 193 33 124 34 194 111 193 33 126 35 128 87 194 111 126 35 135 94 194 111 128 87 130 89 135 94 128 87 26 20 104 78 24 18 195 26 104 78 26 20 28 22 195 26 26 20 196 25 195 26 28 22 197 85 196 25 28 22 198 84 196 25 197 85 199 83 198 84 197 85 200 112 198 84 199 83 112 82 200 112 199 83 110 80 200 112 112 82 0 0 4 4 2 2 201 16 4 4 0 0 119 18 201 16 0 0 202 17 201 16 119 18 117 19 202 17 119 18 203 21 202 17 117 19 118 20 203 21 117 19 33 22 203 21 118 20 35 26 33 22 118 20 204 113 131 90 129 88 205 114 131 90 204 113 206 115 205 114 204 113 207 114 205 114 206 115 208 115 207 114 206 115 209 90 207 114 208 115 210 113 209 90 208 115 140 88 209 90 210 113 49 39 140 88 210 113 211 15 8 8 6 6 212 110 8 8 211 15 213 109 212 110 211 15 214 116 212 110 213 109 215 117 214 116 213 109 216 117 214 116 215 117 29 23 216 117 215 117 27 21 216 117 29 23 42 32 109 31 40 31 107 30 109 31 42 32 44 34 107 30 42 32 105 79 107 30 44 34 217 86 105 79 44 34 103 77 105 79 217 86 46 36 103 77 217 86 48 38 103 77 46 36 201 16 6 6 4 4 211 15 6 6 201 16 202 17 211 15 201 16 213 109 211 15 202 17 203 21 213 109 202 17 31 23 213 109 203 21 33 22 31 23 203 21 212 110 10 10 8 8 218 118 10 10 212 110 214 116 218 118 212 110 219 118 218 118 214 116 220 116 219 118 214 116 179 10 219 118 220 116 178 110 179 10 220 116 36 27 115 84 34 25 221 80 115 84 36 27 38 29 221 80 36 27 222 81 221 80 38 29 40 31 222 81 38 29 111 81 222 81 40 31 109 31 111 81 40 31 62 47 58 42 60 45 223 100 58 42 62 47 64 49 223 100 62 47 224 101 223 100 64 49 66 51 224 101 64 49 79 57 224 101 66 51 168 74 1 1 170 105 0 0 1 1 168 74 166 75 0 0 168 74 225 76 0 0 166 75 61 46 225 76 166 75 121 77 225 76 61 46 226 39 129 88 127 37 204 113 129 88 226 39 57 41 204 113 226 39 206 115 204 113 57 41 55 43 206 115 57 41 53 43 206 115 55 43 138 89 209 90 140 88 227 91 209 90 138 89 136 93 227 91 138 89 228 92 227 91 136 93 134 93 228 92 136 93 133 92 228 92 134 93 223 100 56 44 58 42 229 119 56 44 223 100 224 101 229 119 223 100 230 120 229 119 224 101 79 57 230 120 224 101 77 58 230 120 79 57 167 73 163 97 165 104 231 71 163 97 167 73 169 72 231 71 167 73 192 70 231 71 169 72 171 106 192 70 169 72 175 68 192 70 171 106 76 58 230 120 77 58 232 120 230 120 76 58 155 101 232 120 76 58 154 100 232 120 155 101 152 49 154 100 155 101 233 45 52 42 153 47 50 40 52 42 233 45 234 46 50 40 233 45 48 38 50 40 234 46 103 77 48 38 234 46 182 106 95 70 93 68 97 72 95 70 182 106 184 105 97 72 182 106 99 74 97 72 184 105 186 1 99 74 184 105 45 35 139 87 47 37 137 94 139 87 45 35 235 111 137 94 45 35 135 94 137 94 235 111 194 111 135 94 235 111 113 82 222 81 111 81 221 80 222 81 113 82 236 112 221 80 113 82 115 84 221 80 236 112 113 82 115 84 236 112 199 83 114 83 112 82 116 85 114 83 199 83 197 85 116 85 199 83 30 24 116 85 197 85 28 22 30 24 197 85 189 4 20 6 22 16 237 5 20 6 189 4 187 3 237 5 189 4 83 60 237 5 187 3 85 61 83 60 187 3 98 73 147 97 96 71 238 104 147 97 98 73 100 75 238 104 98 73 149 99 238 104 100 75 151 48 149 99 100 75 121 77 125 36 123 86 239 38 125 36 121 77 61 46 239 38 121 77 59 40 239 38 61 46 239 38 127 37 125 36 226 39 127 37 239 38 59 40 226 39 239 38 57 41 226 39 59 40 160 102 69 54 67 52 71 54 69 54 160 102 158 102 71 54 160 102 73 53 71 54 158 102 87 62 183 108 89 64 185 107 183 108 87 62 85 61 185 107 87 62 187 3 185 107 85 61 82 60 3 3 5 5 172 107 3 3 82 60 84 61 172 107 82 60 86 62 172 107 84 61 195 26 106 28 104 78 240 27 106 28 195 26 196 25 240 27 195 26 198 84 240 27 196 25 240 27 108 29 106 28 110 80 108 29 240 27 198 84 110 80 240 27 200 112 110 80 198 84 237 5 18 7 20 6 16 14 18 7 237 5 81 59 16 14 237 5 14 14 16 14 81 59 235 111 193 33 194 111 43 33 193 33 235 111 45 35 43 33 235 111 241 119 54 44 56 44 154 100 54 44 241 119 232 120 154 100 241 119 220 116 177 109 178 110 216 117 177 109 220 116 214 116 216 117 220 116 210 113 51 41 49 39 208 115 51 41 210 113 41 32 193 33 43 33 39 30 193 33 41 32 215 117 31 23 29 23 213 109 31 23 215 117 208 115 53 43 51 41 206 115 53 43 208 115 218 118 12 12 10 10 219 118 12 12 218 118 219 118 181 12 12 12 179 10 181 12 219 118 100 75 234 46 151 48 102 76 234 46 100 75 229 119 241 119 56 44 230 120 241 119 229 119 205 114 133 92 131 90 207 114 133 92 205 114 80 59 5 5 7 7 82 60 5 5 80 59 207 114 228 92 133 92 209 90 228 92 207 114 101 0 186 1 188 2 99 74 186 1 101 0 225 76 119 18 0 0 121 77 119 18 225 76 166 75 63 48 61 46 164 99 63 48 166 75 164 99 65 50 63 48 162 98 65 50 164 99 162 98 67 52 65 50 160 102 67 52 162 98 191 95 231 71 192 70 190 96 231 71 191 95 161 103 190 96 159 103 163 97 190 96 161 103 153 47 234 46 233 45 151 48 234 46 153 47 143 67 175 68 142 65 144 69 175 68 143 67 181 12 179 10 180 11 116 85 30 24 32 24 147 97 238 104 149 99 27 21 177 109 216 117 83 60 81 59 237 5 68 53 70 55 78 56 228 92 209 90 227 91 102 76 103 77 234 46 44 34 46 36 217 86 231 71 190 96 163 97 241 119 230 120 232 120</p>
                </polylist>
            </mesh>
        </geometry>
        <geometry id="mesh2_VC">
            <mesh>
                <source id="points2_VC">
                    <float_array id="pointarray2_VC" count="726">13.0625 537.0625 66.5 -6.4375 587.1875 55.5 22.375 570.75 60.5625 27.75 593.9375 51.5625 54.875 571.25 55.5 66.8125 593.6875 43.1875 80.875 577.6875 48.0625 102.75 599.5 33.9375 121.375 588.4375 33.8125 129.0625 606.1875 24.0625 140.375 592.625 24.0625 142.1875 605.5625 17.4375 145.5625 608.75 10.0625 130.625 613.875 12.5625 101.375 609.8125 17.375 130.625 613.875 -12.5625 101.375 609.8125 -17.375 129.0625 606.1875 -24.0625 102.75 599.5 -33.9375 121.375 588.4375 -33.8125 80.875 577.6875 -48.0625 103.0625 551.0625 -48.0625 68.625 545.1875 -59 91.8125 526.9375 -55.5 50 492.5 -66.5 85.75 494.125 -60.5625 95.3125 463.75 -55.5 108.3125 497 -51.5625 120.8125 458.8125 -43.1875 118.8125 496.8125 -25.3125 130.1875 461.75 -22.5 118.8125 496.8125 25.3125 130.1875 461.75 22.5 120.8125 458.8125 43.1875 137.375 425.5625 33.9375 109.375 440.4375 48.0625 132.125 404.1875 33.8125 90.0625 411 48.0625 114.625 390.875 33.9375 77.75 393.125 43.1875 114.375 380.25 17.375 78.75 383.25 22.5 78.75 383.25 -22.5 42.3125 379.5625 -25.3125 38.3125 390.0625 -51.5625 7 365.875 -43.1875 3.3125 391.6875 -55.5 -14.0625 370.8125 -48.0625 -23.375 405 -59 -48.125 379.6875 -48.0625 -53.3125 406.4375 -55.5 -68.9375 385.625 -43.1875 -85.3125 422.375 -51.5625 -77.875 381.5 -22.5 -92.9375 415.1875 -25.3125 -77.875 381.5 22.5 -92.9375 415.1875 25.3125 -68.9375 385.625 43.1875 -85.3125 422.375 51.5625 -53.3125 406.4375 55.5 -66.625 435.375 60.5625 -39.0625 458.125 66.5 -93.1875 455.625 55.5 -88.25 484.6875 59 -117.75 465.9375 48.0625 -119.125 500.5625 48.0625 -156.375 481.375 33.8125 -150 502.0625 33.9375 -173.9375 489.3125 24.0625 -180.3125 494 12.5625 -187.9375 480.1875 10.0625 -180.3125 494 -12.5625 -187.9375 480.1875 -10.0625 -173.9375 489.3125 -24.0625 -183.3125 480.0625 -17.4375 -173.3125 471.6875 -24.0625 -179.1875 466.4375 -12.5625 -179.1875 466.4375 12.5625 -183.3125 480.0625 17.4375 -173.3125 471.6875 24.0625 66.75 603.4375 22.5 66.75 603.4375 -22.5 30.5625 603.375 25.3125 30.5625 603.375 -25.3125 -1 621.625 22.5 -1 621.625 -22.5 -28.125 644.5625 17.375 -28.125 644.5625 -17.375 -51.8125 662.75 -12.5625 -54.25 655.125 -24.0625 -67.9375 665.8125 -10.0625 -66.125 661.125 -17.4375 -77.8125 652.6875 -12.5625 -70.875 648.6875 -24.0625 -83.1875 623.3125 -17.375 -72.8125 621.3125 -33.9375 -78.5625 585 -43.1875 -58.6875 593.1875 -48.0625 -60.75 566.3125 -55.5 -31.375 571 -59 -41.5625 516 -66.5 13.0625 537.0625 -66.5 0.125 489.125 -70.25 17.75 443.4375 -66.5 74 442.625 -59 63.125 414.75 -55.5 90.0625 411 -48.0625 77.75 393.125 -43.1875 114.625 390.875 -33.9375 114.375 380.25 -17.375 141.9375 386.8125 -24.0625 144.375 379.125 -12.5625 158.875 386.5625 -10.0625 158.875 386.5625 10.0625 159.8125 402.625 12.5625 151.8125 401.8125 24.0625 147 429.9375 17.375 85.75 494.125 60.5625 95.3125 463.75 55.5 50 492.5 66.5 74 442.625 59 17.75 443.4375 66.5 63.125 414.75 55.5 30.625 410 60.5625 38.3125 390.0625 51.5625 3.3125 391.6875 55.5 7 365.875 43.1875 -14.0625 370.8125 48.0625 -18.75 339.5 33.9375 -40.6875 337.5625 33.8125 -36.3125 318.125 24.0625 -53.6875 322.625 24.0625 -47.375 310.6875 17.4375 -48.625 306.5 10.0625 -32.9375 310.75 12.5625 -11.4375 331.6875 17.375 -32.9375 310.75 -12.5625 -11.4375 331.6875 -17.375 -36.3125 318.125 -24.0625 -18.75 339.5 -33.9375 -40.6875 337.5625 -33.8125 -51.8125 662.75 12.5625 -67.9375 665.8125 10.0625 -77.8125 652.6875 12.5625 -83.1875 623.3125 17.375 -87.875 588.0625 -22.5 -99.0625 553.375 -25.3125 -90.6875 548.25 -51.5625 -119.4375 521.875 -43.1875 -95.5625 513.25 -55.5 -119.125 500.5625 -48.0625 -88.25 484.6875 -59 -117.75 465.9375 -48.0625 -93.1875 455.625 -55.5 -116.3125 444.6875 -43.1875 -148.375 461.375 -33.9375 -156.375 481.375 -33.8125 -150 502.0625 -33.9375 -155.875 510.625 -17.375 -125.9375 529.125 -22.5 -155.875 510.625 17.375 -125.9375 529.125 22.5 -119.4375 521.875 43.1875 -90.6875 548.25 51.5625 -95.5625 513.25 55.5 -71.125 534.6875 60.5625 -41.5625 516 66.5 -60.75 566.3125 55.5 -31.375 571 59 -58.6875 593.1875 48.0625 -26.0625 605.8125 48.0625 -56.25 635.5 33.8125 -5.8125 613.0625 43.1875 -34.4375 636.125 33.9375 -54.25 655.125 24.0625 -70.875 648.6875 24.0625 -66.125 661.125 17.4375 116.3125 534.375 -43.1875 128.875 568.25 -33.9375 140.375 592.625 -24.0625 142.1875 605.5625 -17.4375 145.5625 608.75 -10.0625 -56.25 635.5 -33.8125 -34.4375 636.125 -33.9375 -26.0625 605.8125 -48.0625 -5.8125 613.0625 -43.1875 -6.4375 587.1875 -55.5 27.75 593.9375 -51.5625 22.375 570.75 -60.5625 54.875 571.25 -55.5 -99.0625 553.375 25.3125 -87.875 588.0625 22.5 -72.8125 621.3125 33.9375 42.3125 379.5625 25.3125 12.875 357.8125 22.5 109.375 440.4375 -48.0625 137.375 425.5625 -33.9375 147 429.9375 -17.375 151.8125 401.8125 -24.0625 159.8125 402.625 -12.5625 155.125 388.8125 -17.4375 68.625 545.1875 59 91.8125 526.9375 55.5 108.3125 497 51.5625 -58.9375 349.875 33.9375 -60.125 317.8125 12.5625 -69 346.625 17.375 -60.125 317.8125 -12.5625 -69 346.625 -17.375 -53.6875 322.625 -24.0625 -58.9375 349.875 -33.9375 103.0625 551.0625 48.0625 128.875 568.25 33.9375 116.3125 534.375 43.1875 138.8125 565 17.375 125.9375 532.375 22.5 125.9375 532.375 -22.5 30.625 410 -60.5625 148.3125 592.6875 12.5625 148.3125 592.6875 -12.5625 138.8125 565 -17.375 141.9375 386.8125 24.0625 144.375 379.125 12.5625 -116.3125 444.6875 43.1875 -148.375 461.375 33.9375 0.125 489.125 70.25 -48.125 379.6875 48.0625 -47.375 310.6875 -17.4375 -48.625 306.5 -10.0625 -122.125 436.75 22.5 -153.5625 452.25 17.375 -78.5625 585 43.1875 -153.5625 452.25 -17.375 -66.625 435.375 -60.5625 -39.0625 458.125 -66.5 12.875 357.8125 -22.5 155.125 388.8125 17.4375 66.8125 593.6875 -43.1875 -71.125 534.6875 -60.5625 -23.375 405 59 132.125 404.1875 -33.8125 -122.125 436.75 -22.5</float_array>
                    <technique_common>
                        <accessor count="242" source="#pointarray2_VC" stride="3">
                            <param name="X" type="float"/>
                            <param name="Y" type="float"/>
                            <param name="Z" type="float"/>
                        </accessor>
                    </technique_common>
                </source>
                <source id="uvs2_VC">
                    <float_array id="uvarray2_VC" count="2">0.77001953125 0.9986979166666666</float_array>
                    <technique_common>
                        <accessor count="1" source="#uvarray2_VC" stride="2">
                            <param name="S" type="float"/>
                            <param name="T" type="float"/>
                        </accessor>
                    </technique_common>
                </source>
                <vertices id="vertices2_VC">
                    <input semantic="POSITION" source="#points2_VC"/>
                </vertices>
                <polylist count="480" material="Material1">
                    <input offset="0" semantic="VERTEX" source="#vertices2_VC"/>
                    <input offset="1" semantic="TEXCOORD" source="#uvs2_VC" set="0"/>
                    <vcount>3 3 3 3 3 3 3 3 3 3 3 3 3 3 3 3 3 3 3 3 3 3 3 3 3 3 3 3 3 3 3 3 3 3 3 3 3 3 3 3 3 3 3 3 3 3 3 3 3 3 3 3 3 3 3 3 3 3 3 3 3 3 3 3 3 3 3 3 3 3 3 3 3 3 3 3 3 3 3 3 3 3 3 3 3 3 3 3 3 3 3 3 3 3 3 3 3 3 3 3 3 3 3 3 3 3 3 3 3 3 3 3 3 3 3 3 3 3 3 3 3 3 3 3 3 3 3 3 3 3 3 3 3 3 3 3 3 3 3 3 3 3 3 3 3 3 3 3 3 3 3 3 3 3 3 3 3 3 3 3 3 3 3 3 3 3 3 3 3 3 3 3 3 3 3 3 3 3 3 3 3 3 3 3 3 3 3 3 3 3 3 3 3 3 3 3 3 3 3 3 3 3 3 3 3 3 3 3 3 3 3 3 3 3 3 3 3 3 3 3 3 3 3 3 3 3 3 3 3 3 3 3 3 3 3 3 3 3 3 3 3 3 3 3 3 3 3 3 3 3 3 3 3 3 3 3 3 3 3 3 3 3 3 3 3 3 3 3 3 3 3 3 3 3 3 3 3 3 3 3 3 3 3 3 3 3 3 3 3 3 3 3 3 3 3 3 3 3 3 3 3 3 3 3 3 3 3 3 3 3 3 3 3 3 3 3 3 3 3 3 3 3 3 3 3 3 3 3 3 3 3 3 3 3 3 3 3 3 3 3 3 3 3 3 3 3 3 3 3 3 3 3 3 3 3 3 3 3 3 3 3 3 3 3 3 3 3 3 3 3 3 3 3 3 3 3 3 3 3 3 3 3 3 3 3 3 3 3 3 3 3 3 3 3 3 3 3 3 3 3 3 3 3 3 3 3 3 3 3 3 3 3 3 3 3 3 3 3 3 3 3 3 3 3 3 3 3 3 3 3 3 3 3 3 3 3 3 3 3 3 3 3 3 3 3 3 3 3 3 3 3 3 3 3 3 3 3 3 3 3 3 3 3 3 3 3 3 3 3 3 3 3 3 3 3 3 3 3 3 3</vcount>
                    <p>2 0 1 0 0 0 3 0 1 0 2 0 4 0 3 0 2 0 5 0 3 0 4 0 6 0 5 0 4 0 7 0 5 0 6 0 8 0 7 0 6 0 9 0 7 0 8 0 10 0 9 0 8 0 11 0 9 0 10 0 12 0 11 0 10 0 9 0 11 0 12 0 13 0 9 0 12 0 14 0 9 0 13 0 15 0 14 0 13 0 16 0 14 0 15 0 17 0 16 0 15 0 18 0 16 0 17 0 19 0 18 0 17 0 20 0 18 0 19 0 21 0 20 0 19 0 22 0 20 0 21 0 23 0 22 0 21 0 24 0 22 0 23 0 25 0 24 0 23 0 26 0 24 0 25 0 27 0 26 0 25 0 28 0 26 0 27 0 29 0 28 0 27 0 30 0 28 0 29 0 31 0 30 0 29 0 32 0 30 0 31 0 33 0 32 0 31 0 34 0 32 0 33 0 35 0 34 0 33 0 36 0 34 0 35 0 37 0 36 0 35 0 38 0 36 0 37 0 39 0 38 0 37 0 40 0 38 0 39 0 41 0 40 0 39 0 42 0 40 0 41 0 43 0 42 0 41 0 44 0 42 0 43 0 45 0 44 0 43 0 46 0 44 0 45 0 47 0 46 0 45 0 48 0 46 0 47 0 49 0 48 0 47 0 50 0 48 0 49 0 51 0 50 0 49 0 52 0 50 0 51 0 53 0 52 0 51 0 54 0 52 0 53 0 55 0 54 0 53 0 56 0 54 0 55 0 57 0 56 0 55 0 58 0 56 0 57 0 59 0 58 0 57 0 60 0 58 0 59 0 61 0 60 0 59 0 62 0 60 0 61 0 63 0 62 0 61 0 64 0 62 0 63 0 65 0 64 0 63 0 66 0 64 0 65 0 67 0 66 0 65 0 68 0 66 0 67 0 69 0 68 0 67 0 70 0 68 0 69 0 71 0 70 0 69 0 72 0 70 0 71 0 73 0 72 0 71 0 74 0 72 0 73 0 75 0 74 0 73 0 72 0 74 0 75 0 76 0 72 0 75 0 70 0 72 0 76 0 77 0 70 0 76 0 78 0 70 0 77 0 79 0 78 0 77 0 68 0 78 0 79 0 66 0 68 0 79 0 14 0 7 0 9 0 80 0 7 0 14 0 81 0 80 0 14 0 82 0 80 0 81 0 83 0 82 0 81 0 84 0 82 0 83 0 85 0 84 0 83 0 86 0 84 0 85 0 87 0 86 0 85 0 88 0 86 0 87 0 89 0 88 0 87 0 90 0 88 0 89 0 91 0 90 0 89 0 92 0 90 0 91 0 93 0 92 0 91 0 94 0 92 0 93 0 95 0 94 0 93 0 96 0 94 0 95 0 97 0 96 0 95 0 98 0 96 0 97 0 99 0 98 0 97 0 100 0 98 0 99 0 101 0 100 0 99 0 102 0 100 0 101 0 24 0 102 0 101 0 103 0 102 0 24 0 104 0 103 0 24 0 105 0 103 0 104 0 106 0 105 0 104 0 107 0 105 0 106 0 108 0 107 0 106 0 109 0 107 0 108 0 110 0 109 0 108 0 111 0 109 0 110 0 112 0 111 0 110 0 113 0 111 0 112 0 114 0 113 0 112 0 115 0 113 0 114 0 116 0 115 0 114 0 34 0 115 0 116 0 32 0 34 0 116 0 119 0 118 0 117 0 120 0 118 0 119 0 121 0 120 0 119 0 122 0 120 0 121 0 123 0 122 0 121 0 124 0 122 0 123 0 125 0 124 0 123 0 126 0 124 0 125 0 127 0 126 0 125 0 128 0 126 0 127 0 129 0 128 0 127 0 130 0 128 0 129 0 131 0 130 0 129 0 132 0 130 0 131 0 133 0 132 0 131 0 130 0 132 0 133 0 134 0 130 0 133 0 135 0 130 0 134 0 136 0 135 0 134 0 137 0 135 0 136 0 138 0 137 0 136 0 139 0 137 0 138 0 140 0 139 0 138 0 47 0 139 0 140 0 49 0 47 0 140 0 88 0 141 0 86 0 142 0 141 0 88 0 90 0 142 0 88 0 143 0 142 0 90 0 92 0 143 0 90 0 144 0 143 0 92 0 94 0 144 0 92 0 145 0 144 0 94 0 96 0 145 0 94 0 146 0 145 0 96 0 147 0 146 0 96 0 148 0 146 0 147 0 149 0 148 0 147 0 150 0 148 0 149 0 151 0 150 0 149 0 152 0 150 0 151 0 153 0 152 0 151 0 154 0 152 0 153 0 52 0 154 0 153 0 54 0 154 0 52 0 75 0 155 0 76 0 156 0 155 0 75 0 73 0 156 0 75 0 157 0 156 0 73 0 158 0 157 0 73 0 159 0 157 0 158 0 160 0 159 0 158 0 161 0 159 0 160 0 162 0 161 0 160 0 163 0 161 0 162 0 164 0 163 0 162 0 165 0 163 0 164 0 166 0 165 0 164 0 167 0 165 0 166 0 168 0 167 0 166 0 169 0 167 0 168 0 170 0 169 0 168 0 171 0 169 0 170 0 172 0 1 0 3 0 170 0 1 0 172 0 173 0 170 0 172 0 171 0 170 0 173 0 174 0 171 0 173 0 175 0 171 0 174 0 176 0 175 0 174 0 142 0 175 0 176 0 174 0 142 0 176 0 141 0 142 0 174 0 173 0 141 0 174 0 86 0 141 0 173 0 172 0 86 0 173 0 23 0 27 0 25 0 177 0 27 0 23 0 21 0 177 0 23 0 178 0 177 0 21 0 19 0 178 0 21 0 179 0 178 0 19 0 17 0 179 0 19 0 180 0 179 0 17 0 15 0 180 0 17 0 181 0 180 0 15 0 13 0 181 0 15 0 12 0 181 0 13 0 89 0 93 0 91 0 182 0 93 0 89 0 183 0 182 0 89 0 184 0 182 0 183 0 185 0 184 0 183 0 186 0 184 0 185 0 187 0 186 0 185 0 188 0 186 0 187 0 189 0 188 0 187 0 101 0 188 0 189 0 22 0 101 0 189 0 24 0 101 0 22 0 156 0 152 0 155 0 150 0 152 0 156 0 157 0 150 0 156 0 148 0 150 0 157 0 159 0 148 0 157 0 146 0 148 0 159 0 190 0 146 0 159 0 145 0 146 0 190 0 191 0 145 0 190 0 144 0 145 0 191 0 192 0 144 0 191 0 175 0 144 0 192 0 120 0 35 0 118 0 37 0 35 0 120 0 122 0 37 0 120 0 39 0 37 0 122 0 124 0 39 0 122 0 193 0 39 0 124 0 126 0 193 0 124 0 194 0 193 0 126 0 128 0 194 0 126 0 135 0 194 0 128 0 130 0 135 0 128 0 26 0 104 0 24 0 195 0 104 0 26 0 28 0 195 0 26 0 196 0 195 0 28 0 197 0 196 0 28 0 198 0 196 0 197 0 199 0 198 0 197 0 200 0 198 0 199 0 112 0 200 0 199 0 110 0 200 0 112 0 0 0 4 0 2 0 201 0 4 0 0 0 119 0 201 0 0 0 202 0 201 0 119 0 117 0 202 0 119 0 203 0 202 0 117 0 118 0 203 0 117 0 33 0 203 0 118 0 35 0 33 0 118 0 204 0 131 0 129 0 205 0 131 0 204 0 206 0 205 0 204 0 207 0 205 0 206 0 208 0 207 0 206 0 209 0 207 0 208 0 210 0 209 0 208 0 140 0 209 0 210 0 49 0 140 0 210 0 211 0 8 0 6 0 212 0 8 0 211 0 213 0 212 0 211 0 214 0 212 0 213 0 215 0 214 0 213 0 216 0 214 0 215 0 29 0 216 0 215 0 27 0 216 0 29 0 42 0 109 0 40 0 107 0 109 0 42 0 44 0 107 0 42 0 105 0 107 0 44 0 217 0 105 0 44 0 103 0 105 0 217 0 46 0 103 0 217 0 48 0 103 0 46 0 201 0 6 0 4 0 211 0 6 0 201 0 202 0 211 0 201 0 213 0 211 0 202 0 203 0 213 0 202 0 31 0 213 0 203 0 33 0 31 0 203 0 212 0 10 0 8 0 218 0 10 0 212 0 214 0 218 0 212 0 219 0 218 0 214 0 220 0 219 0 214 0 179 0 219 0 220 0 178 0 179 0 220 0 36 0 115 0 34 0 221 0 115 0 36 0 38 0 221 0 36 0 222 0 221 0 38 0 40 0 222 0 38 0 111 0 222 0 40 0 109 0 111 0 40 0 62 0 58 0 60 0 223 0 58 0 62 0 64 0 223 0 62 0 224 0 223 0 64 0 66 0 224 0 64 0 79 0 224 0 66 0 168 0 1 0 170 0 0 0 1 0 168 0 166 0 0 0 168 0 225 0 0 0 166 0 61 0 225 0 166 0 121 0 225 0 61 0 226 0 129 0 127 0 204 0 129 0 226 0 57 0 204 0 226 0 206 0 204 0 57 0 55 0 206 0 57 0 53 0 206 0 55 0 138 0 209 0 140 0 227 0 209 0 138 0 136 0 227 0 138 0 228 0 227 0 136 0 134 0 228 0 136 0 133 0 228 0 134 0 223 0 56 0 58 0 229 0 56 0 223 0 224 0 229 0 223 0 230 0 229 0 224 0 79 0 230 0 224 0 77 0 230 0 79 0 167 0 163 0 165 0 231 0 163 0 167 0 169 0 231 0 167 0 192 0 231 0 169 0 171 0 192 0 169 0 175 0 192 0 171 0 76 0 230 0 77 0 232 0 230 0 76 0 155 0 232 0 76 0 154 0 232 0 155 0 152 0 154 0 155 0 233 0 52 0 153 0 50 0 52 0 233 0 234 0 50 0 233 0 48 0 50 0 234 0 103 0 48 0 234 0 182 0 95 0 93 0 97 0 95 0 182 0 184 0 97 0 182 0 99 0 97 0 184 0 186 0 99 0 184 0 45 0 139 0 47 0 137 0 139 0 45 0 235 0 137 0 45 0 135 0 137 0 235 0 194 0 135 0 235 0 113 0 222 0 111 0 221 0 222 0 113 0 236 0 221 0 113 0 115 0 221 0 236 0 113 0 115 0 236 0 199 0 114 0 112 0 116 0 114 0 199 0 197 0 116 0 199 0 30 0 116 0 197 0 28 0 30 0 197 0 189 0 20 0 22 0 237 0 20 0 189 0 187 0 237 0 189 0 83 0 237 0 187 0 85 0 83 0 187 0 98 0 147 0 96 0 238 0 147 0 98 0 100 0 238 0 98 0 149 0 238 0 100 0 151 0 149 0 100 0 121 0 125 0 123 0 239 0 125 0 121 0 61 0 239 0 121 0 59 0 239 0 61 0 239 0 127 0 125 0 226 0 127 0 239 0 59 0 226 0 239 0 57 0 226 0 59 0 160 0 69 0 67 0 71 0 69 0 160 0 158 0 71 0 160 0 73 0 71 0 158 0 87 0 183 0 89 0 185 0 183 0 87 0 85 0 185 0 87 0 187 0 185 0 85 0 82 0 3 0 5 0 172 0 3 0 82 0 84 0 172 0 82 0 86 0 172 0 84 0 195 0 106 0 104 0 240 0 106 0 195 0 196 0 240 0 195 0 198 0 240 0 196 0 240 0 108 0 106 0 110 0 108 0 240 0 198 0 110 0 240 0 200 0 110 0 198 0 237 0 18 0 20 0 16 0 18 0 237 0 81 0 16 0 237 0 14 0 16 0 81 0 235 0 193 0 194 0 43 0 193 0 235 0 45 0 43 0 235 0 241 0 54 0 56 0 154 0 54 0 241 0 232 0 154 0 241 0 220 0 177 0 178 0 216 0 177 0 220 0 214 0 216 0 220 0 210 0 51 0 49 0 208 0 51 0 210 0 41 0 193 0 43 0 39 0 193 0 41 0 215 0 31 0 29 0 213 0 31 0 215 0 208 0 53 0 51 0 206 0 53 0 208 0 218 0 12 0 10 0 219 0 12 0 218 0 219 0 181 0 12 0 179 0 181 0 219 0 100 0 234 0 151 0 102 0 234 0 100 0 229 0 241 0 56 0 230 0 241 0 229 0 205 0 133 0 131 0 207 0 133 0 205 0 80 0 5 0 7 0 82 0 5 0 80 0 207 0 228 0 133 0 209 0 228 0 207 0 101 0 186 0 188 0 99 0 186 0 101 0 225 0 119 0 0 0 121 0 119 0 225 0 166 0 63 0 61 0 164 0 63 0 166 0 164 0 65 0 63 0 162 0 65 0 164 0 162 0 67 0 65 0 160 0 67 0 162 0 191 0 231 0 192 0 190 0 231 0 191 0 161 0 190 0 159 0 163 0 190 0 161 0 153 0 234 0 233 0 151 0 234 0 153 0 143 0 175 0 142 0 144 0 175 0 143 0 181 0 179 0 180 0 116 0 30 0 32 0 147 0 238 0 149 0 27 0 177 0 216 0 83 0 81 0 237 0 68 0 70 0 78 0 228 0 209 0 227 0 102 0 103 0 234 0 44 0 46 0 217 0 231 0 190 0 163 0 241 0 230 0 232 0</p>
                </polylist>
            </mesh>
        </geometry>
        <geometry id="mesh3">
            <mesh>
                <source id="points3">
                    <float_array id="pointarray3" count="222">-50.4375 532.75 -61.4375 -56 528.6875 -61.25 -54.375 529.5 -66.75 -58.75 522.4375 -61.25 -56 523.8125 -70.75 -58.0625 515.625 -61.5 -54.875 517.25 -72.4375 -49.8125 489.0625 -64.5625 -46.1875 490.875 -76.375 -38.1875 463.8125 -64.0625 -35 465.4375 -75.0625 -34.125 458.3125 -64.5 -31.4375 459.6875 -73.9375 -27.875 455.5 -64.9375 -26.3125 456.3125 -70.375 -21.0625 456.25 -65.25 -22.0625 458.0625 -72.8125 -17.5625 459.6875 -70.75 -16.3125 465.5 -74.625 -12.75 466.5625 -65.4375 -13.5 473.375 -65.25 15.1875 556.125 -61.25 8.375 555.4375 -61.4375 13.5 555.6875 -66.75 9.125 554.125 -69.1875 18.5 552.5625 -70.75 11 549.8125 -74.9375 22.0625 546.9375 -72.4375 13.4375 543.75 -77.3125 33.8125 521.75 -76.375 23.5 517.9375 -81.625 42.125 495.1875 -75.0625 33.4375 492.0625 -79.875 43.3125 488.5 -73.9375 35.8125 485.75 -78.1875 41.75 482.5625 -70.375 37.4375 481 -72.8125 37.9375 479 -65.25 33.0625 479.25 -70.75 31.125 478.3125 -65.5 24.875 481.0625 -65.4375 -50.125 531.25 -69.1875 -48.625 526.8125 -74.9375 -46.375 520.6875 -77.3125 -36.5 494.8125 -81.625 -26.5 468.9375 -79.875 -24 462.6875 -78.1875 -45.6875 532.875 -67.125 -40.875 529.625 -71.4375 -37.4375 523.9375 -73.25 -26.3125 498.5 -77.25 -17.5625 472.1875 -75.8125 21.4375 553.375 -61.25 25.5 547.8125 -61.5 37.875 522.875 -64.5625 45.5 496.125 -64.0625 46.25 489.3125 -64.5 43.5 483.0625 -64.9375 -43.625 533.4375 -61.8125 -37.375 530.6875 -62.25 -33.375 525.125 -62.625 -21.6875 499.875 -65.8125 2.8125 551.375 -61.8125 4.75 552.3125 -67.125 3.375 546.75 -71.4375 0.0625 545.125 -62.25 4.625 540.1875 -73.25 0.8125 538.3125 -62.625 13 513.75 -77.25 8.5 511.5625 -65.8125 24.625 488.4375 -75.8125 20.8125 486.625 -65.25 28.1875 482.6875 -74.625 -15.5625 460.25 -65.5</float_array>
                    <technique_common>
                        <accessor count="74" source="#pointarray3" stride="3">
                            <param name="X" type="float"/>
                            <param name="Y" type="float"/>
                            <param name="Z" type="float"/>
                        </accessor>
                    </technique_common>
                </source>
                <source id="uvs3">
                    <float_array id="uvarray3" count="148">0.140625 1 0.0791015625 0.978515625 0.09521484375 0.98095703125 0.03369140625 0.91943359375 0.06201171875 0.92333984375 0.01708984375 0.8388671875 0.0498046875 0.84326171875 0 0.5 0.037109375 0.5048828125 0.0166015625 0.16162109375 0.04931640625 0.16650390625 0.03271484375 0.0810546875 0.0615234375 0.0849609375 0.07763671875 0.02197265625 0.09423828125 0.0244140625 0.1396484375 0 0.13720703125 0.025390625 0.181640625 0.0244140625 0.21240234375 0.0849609375 0.24658203125 0.0810546875 0.26318359375 0.16162109375 0.91455078125 0.978515625 0.8525390625 1 0.89794921875 0.98095703125 0.85498046875 0.98193359375 0.93115234375 0.92333984375 0.85693359375 0.92529296875 0.943359375 0.84326171875 0.857421875 0.84521484375 0.96044921875 0.5048828125 0.85888671875 0.5068359375 0.94384765625 0.16650390625 0.8583984375 0.16845703125 0.93212890625 0.0849609375 0.85791015625 0.0869140625 0.89892578125 0.0244140625 0.85595703125 0.025390625 0.85400390625 0 0.81201171875 0.0244140625 0.7919921875 0.02197265625 0.7470703125 0.0810546875 0.13818359375 0.98193359375 0.13671875 0.92529296875 0.1357421875 0.84521484375 0.134765625 0.5068359375 0.13525390625 0.16845703125 0.1357421875 0.0869140625 0.1826171875 0.98095703125 0.21337890625 0.92333984375 0.224609375 0.84326171875 0.2353515625 0.5048828125 0.2236328125 0.16650390625 0.95947265625 0.91943359375 0.97607421875 0.8388671875 1 0.5 0.97705078125 0.16162109375 0.96044921875 0.0810546875 0.91552734375 0.02197265625 0.2021484375 0.978515625 0.24755859375 0.91943359375 0.263671875 0.8388671875 0.2802734375 0.5 0.791015625 0.978515625 0.810546875 0.98095703125 0.7802734375 0.92333984375 0.74609375 0.91943359375 0.76904296875 0.84326171875 0.7294921875 0.8388671875 0.75341796875 0.5048828125 0.70654296875 0.5 0.76953125 0.16650390625 0.73046875 0.16162109375 0.78125 0.0849609375 0.201171875 0.02197265625</float_array>
                    <technique_common>
                        <accessor count="74" source="#uvarray3" stride="2">
                            <param name="S" type="float"/>
                            <param name="T" type="float"/>
                        </accessor>
                    </technique_common>
                </source>
                <vertices id="vertices3">
                    <input semantic="POSITION" source="#points3"/>
                </vertices>
                <polylist count="140" material="Material1">
                    <input offset="0" semantic="VERTEX" source="#vertices3"/>
                    <input offset="1" semantic="TEXCOORD" source="#uvs3" set="0"/>
                    <vcount>3 3 3 3 3 3 3 3 3 3 3 3 3 3 3 3 3 3 3 3 3 3 3 3 3 3 3 3 3 3 3 3 3 3 3 3 3 3 3 3 3 3 3 3 3 3 3 3 3 3 3 3 3 3 3 3 3 3 3 3 3 3 3 3 3 3 3 3 3 3 3 3 3 3 3 3 3 3 3 3 3 3 3 3 3 3 3 3 3 3 3 3 3 3 3 3 3 3 3 3 3 3 3 3 3 3 3 3 3 3 3 3 3 3 3 3 3 3 3 3 3 3 3 3 3 3 3 3 3 3 3 3 3 3 3 3 3 3 3 3</vcount>
                    <p>2 2 1 1 0 0 3 3 1 1 2 2 4 4 3 3 2 2 5 5 3 3 4 4 6 6 5 5 4 4 7 7 5 5 6 6 8 8 7 7 6 6 9 9 7 7 8 8 10 10 9 9 8 8 11 11 9 9 10 10 12 12 11 11 10 10 13 13 11 11 12 12 14 14 13 13 12 12 15 15 13 13 14 14 16 16 15 15 14 14 17 17 15 15 16 16 18 18 17 17 16 16 19 19 17 17 18 18 20 20 19 19 18 18 23 23 22 22 21 21 24 24 22 22 23 23 25 25 24 24 23 23 26 26 24 24 25 25 27 27 26 26 25 25 28 28 26 26 27 27 29 29 28 28 27 27 30 30 28 28 29 29 31 31 30 30 29 29 32 32 30 30 31 31 33 33 32 32 31 31 34 34 32 32 33 33 35 35 34 34 33 33 36 36 34 34 35 35 37 37 36 36 35 35 38 38 36 36 37 37 39 39 38 38 37 37 40 40 38 38 39 39 41 41 2 2 0 0 4 4 2 2 41 41 42 42 4 4 41 41 6 6 4 4 42 42 43 43 6 6 42 42 8 8 6 6 43 43 44 44 8 8 43 43 10 10 8 8 44 44 45 45 10 10 44 44 12 12 10 10 45 45 46 46 12 12 45 45 14 14 12 12 46 46 16 16 14 14 46 46 47 47 41 41 0 0 42 42 41 41 47 47 48 48 42 42 47 47 43 43 42 42 48 48 49 49 43 43 48 48 44 44 43 43 49 49 50 50 44 44 49 49 45 45 44 44 50 50 51 51 45 45 50 50 46 46 45 45 51 51 18 18 46 46 51 51 16 16 46 46 18 18 52 52 23 23 21 21 25 25 23 23 52 52 53 53 25 25 52 52 27 27 25 25 53 53 54 54 27 27 53 53 29 29 27 27 54 54 55 55 29 29 54 54 31 31 29 29 55 55 56 56 31 31 55 55 33 33 31 31 56 56 57 57 33 33 56 56 58 58 47 47 0 0 48 48 47 47 58 58 59 59 48 48 58 58 49 49 48 48 59 59 60 60 49 49 59 59 50 50 49 49 60 60 61 61 50 50 60 60 51 51 50 50 61 61 20 20 51 51 61 61 18 18 51 51 20 20 63 63 62 62 22 22 64 64 62 62 63 63 26 26 64 64 63 63 28 28 64 64 26 26 64 64 65 65 62 62 66 66 65 65 64 64 28 28 66 66 64 64 30 30 66 66 28 28 66 66 67 67 65 65 68 68 67 67 66 66 30 30 68 68 66 66 32 32 68 68 30 30 68 68 69 69 67 67 70 70 69 69 68 68 32 32 70 70 68 68 34 34 70 70 32 32 70 70 71 71 69 69 72 72 71 71 70 70 34 34 72 72 70 70 36 36 72 72 34 34 72 72 40 40 71 71 38 38 40 40 72 72 36 36 38 38 72 72 17 17 73 73 15 15 19 19 73 73 17 17 35 35 57 57 37 37 33 33 57 57 35 35 24 24 63 63 22 22 26 26 63 63 24 24 1 1 58 58 0 0 59 59 58 58 1 1 3 3 59 59 1 1 60 60 59 59 3 3 5 5 60 60 3 3 61 61 60 60 5 5 7 7 61 61 5 5 20 20 61 61 7 7 9 9 20 20 7 7 19 19 20 20 9 9 11 11 19 19 9 9 73 73 19 19 11 11 13 13 73 73 11 11 15 15 73 73 13 13 52 52 54 54 53 53 55 55 54 54 52 52 21 21 55 55 52 52 56 56 55 55 21 21 22 22 56 56 21 21 57 57 56 56 22 22 62 62 57 57 22 22 37 37 57 57 62 62 65 65 37 37 62 62 39 39 37 37 65 65 67 67 39 39 65 65 40 40 39 39 67 67 69 69 40 40 67 67 71 71 40 40 69 69</p>
                </polylist>
            </mesh>
        </geometry>
        <geometry id="mesh3_VC">
            <mesh>
                <source id="points3_VC">
                    <float_array id="pointarray3_VC" count="222">-50.4375 532.75 -61.4375 -56 528.6875 -61.25 -54.375 529.5 -66.75 -58.75 522.4375 -61.25 -56 523.8125 -70.75 -58.0625 515.625 -61.5 -54.875 517.25 -72.4375 -49.8125 489.0625 -64.5625 -46.1875 490.875 -76.375 -38.1875 463.8125 -64.0625 -35 465.4375 -75.0625 -34.125 458.3125 -64.5 -31.4375 459.6875 -73.9375 -27.875 455.5 -64.9375 -26.3125 456.3125 -70.375 -21.0625 456.25 -65.25 -22.0625 458.0625 -72.8125 -17.5625 459.6875 -70.75 -16.3125 465.5 -74.625 -12.75 466.5625 -65.4375 -13.5 473.375 -65.25 15.1875 556.125 -61.25 8.375 555.4375 -61.4375 13.5 555.6875 -66.75 9.125 554.125 -69.1875 18.5 552.5625 -70.75 11 549.8125 -74.9375 22.0625 546.9375 -72.4375 13.4375 543.75 -77.3125 33.8125 521.75 -76.375 23.5 517.9375 -81.625 42.125 495.1875 -75.0625 33.4375 492.0625 -79.875 43.3125 488.5 -73.9375 35.8125 485.75 -78.1875 41.75 482.5625 -70.375 37.4375 481 -72.8125 37.9375 479 -65.25 33.0625 479.25 -70.75 31.125 478.3125 -65.5 24.875 481.0625 -65.4375 -50.125 531.25 -69.1875 -48.625 526.8125 -74.9375 -46.375 520.6875 -77.3125 -36.5 494.8125 -81.625 -26.5 468.9375 -79.875 -24 462.6875 -78.1875 -45.6875 532.875 -67.125 -40.875 529.625 -71.4375 -37.4375 523.9375 -73.25 -26.3125 498.5 -77.25 -17.5625 472.1875 -75.8125 21.4375 553.375 -61.25 25.5 547.8125 -61.5 37.875 522.875 -64.5625 45.5 496.125 -64.0625 46.25 489.3125 -64.5 43.5 483.0625 -64.9375 -43.625 533.4375 -61.8125 -37.375 530.6875 -62.25 -33.375 525.125 -62.625 -21.6875 499.875 -65.8125 2.8125 551.375 -61.8125 4.75 552.3125 -67.125 3.375 546.75 -71.4375 0.0625 545.125 -62.25 4.625 540.1875 -73.25 0.8125 538.3125 -62.625 13 513.75 -77.25 8.5 511.5625 -65.8125 24.625 488.4375 -75.8125 20.8125 486.625 -65.25 28.1875 482.6875 -74.625 -15.5625 460.25 -65.5</float_array>
                    <technique_common>
                        <accessor count="74" source="#pointarray3_VC" stride="3">
                            <param name="X" type="float"/>
                            <param name="Y" type="float"/>
                            <param name="Z" type="float"/>
                        </accessor>
                    </technique_common>
                </source>
                <source id="uvs3_VC">
                    <float_array id="uvarray3_VC" count="2">0.77001953125 0.9986979166666666</float_array>
                    <technique_common>
                        <accessor count="1" source="#uvarray3_VC" stride="2">
                            <param name="S" type="float"/>
                            <param name="T" type="float"/>
                        </accessor>
                    </technique_common>
                </source>
                <vertices id="vertices3_VC">
                    <input semantic="POSITION" source="#points3_VC"/>
                </vertices>
                <polylist count="140" material="Material1">
                    <input offset="0" semantic="VERTEX" source="#vertices3_VC"/>
                    <input offset="1" semantic="TEXCOORD" source="#uvs3_VC" set="0"/>
                    <vcount>3 3 3 3 3 3 3 3 3 3 3 3 3 3 3 3 3 3 3 3 3 3 3 3 3 3 3 3 3 3 3 3 3 3 3 3 3 3 3 3 3 3 3 3 3 3 3 3 3 3 3 3 3 3 3 3 3 3 3 3 3 3 3 3 3 3 3 3 3 3 3 3 3 3 3 3 3 3 3 3 3 3 3 3 3 3 3 3 3 3 3 3 3 3 3 3 3 3 3 3 3 3 3 3 3 3 3 3 3 3 3 3 3 3 3 3 3 3 3 3 3 3 3 3 3 3 3 3 3 3 3 3 3 3 3 3 3 3 3 3</vcount>
                    <p>2 0 1 0 0 0 3 0 1 0 2 0 4 0 3 0 2 0 5 0 3 0 4 0 6 0 5 0 4 0 7 0 5 0 6 0 8 0 7 0 6 0 9 0 7 0 8 0 10 0 9 0 8 0 11 0 9 0 10 0 12 0 11 0 10 0 13 0 11 0 12 0 14 0 13 0 12 0 15 0 13 0 14 0 16 0 15 0 14 0 17 0 15 0 16 0 18 0 17 0 16 0 19 0 17 0 18 0 20 0 19 0 18 0 23 0 22 0 21 0 24 0 22 0 23 0 25 0 24 0 23 0 26 0 24 0 25 0 27 0 26 0 25 0 28 0 26 0 27 0 29 0 28 0 27 0 30 0 28 0 29 0 31 0 30 0 29 0 32 0 30 0 31 0 33 0 32 0 31 0 34 0 32 0 33 0 35 0 34 0 33 0 36 0 34 0 35 0 37 0 36 0 35 0 38 0 36 0 37 0 39 0 38 0 37 0 40 0 38 0 39 0 41 0 2 0 0 0 4 0 2 0 41 0 42 0 4 0 41 0 6 0 4 0 42 0 43 0 6 0 42 0 8 0 6 0 43 0 44 0 8 0 43 0 10 0 8 0 44 0 45 0 10 0 44 0 12 0 10 0 45 0 46 0 12 0 45 0 14 0 12 0 46 0 16 0 14 0 46 0 47 0 41 0 0 0 42 0 41 0 47 0 48 0 42 0 47 0 43 0 42 0 48 0 49 0 43 0 48 0 44 0 43 0 49 0 50 0 44 0 49 0 45 0 44 0 50 0 51 0 45 0 50 0 46 0 45 0 51 0 18 0 46 0 51 0 16 0 46 0 18 0 52 0 23 0 21 0 25 0 23 0 52 0 53 0 25 0 52 0 27 0 25 0 53 0 54 0 27 0 53 0 29 0 27 0 54 0 55 0 29 0 54 0 31 0 29 0 55 0 56 0 31 0 55 0 33 0 31 0 56 0 57 0 33 0 56 0 58 0 47 0 0 0 48 0 47 0 58 0 59 0 48 0 58 0 49 0 48 0 59 0 60 0 49 0 59 0 50 0 49 0 60 0 61 0 50 0 60 0 51 0 50 0 61 0 20 0 51 0 61 0 18 0 51 0 20 0 63 0 62 0 22 0 64 0 62 0 63 0 26 0 64 0 63 0 28 0 64 0 26 0 64 0 65 0 62 0 66 0 65 0 64 0 28 0 66 0 64 0 30 0 66 0 28 0 66 0 67 0 65 0 68 0 67 0 66 0 30 0 68 0 66 0 32 0 68 0 30 0 68 0 69 0 67 0 70 0 69 0 68 0 32 0 70 0 68 0 34 0 70 0 32 0 70 0 71 0 69 0 72 0 71 0 70 0 34 0 72 0 70 0 36 0 72 0 34 0 72 0 40 0 71 0 38 0 40 0 72 0 36 0 38 0 72 0 17 0 73 0 15 0 19 0 73 0 17 0 35 0 57 0 37 0 33 0 57 0 35 0 24 0 63 0 22 0 26 0 63 0 24 0 1 0 58 0 0 0 59 0 58 0 1 0 3 0 59 0 1 0 60 0 59 0 3 0 5 0 60 0 3 0 61 0 60 0 5 0 7 0 61 0 5 0 20 0 61 0 7 0 9 0 20 0 7 0 19 0 20 0 9 0 11 0 19 0 9 0 73 0 19 0 11 0 13 0 73 0 11 0 15 0 73 0 13 0 52 0 54 0 53 0 55 0 54 0 52 0 21 0 55 0 52 0 56 0 55 0 21 0 22 0 56 0 21 0 57 0 56 0 22 0 62 0 57 0 22 0 37 0 57 0 62 0 65 0 37 0 62 0 39 0 37 0 65 0 67 0 39 0 65 0 40 0 39 0 67 0 69 0 40 0 67 0 71 0 40 0 69 0</p>
                </polylist>
            </mesh>
        </geometry>
        <geometry id="mesh4">
            <mesh>
                <source id="points4">
                    <float_array id="pointarray4" count="1596">954.1875 1193 217.5 993.625 1204.8125 216.25 931.0625 1173.1875 288.875 968.25 1186.0625 294 844.3125 1117.625 487.4375 875.1875 1133.375 510.4375 689.375 1042.25 689.375 713.25 1058 719.5625 487.4375 966.875 844.3125 502.75 982.625 879.6875 252.3125 891.4375 941.75 257.9375 907.25 979.8125 0 816.0625 974.9375 -4.4375 831.875 1013.1875 -252.3125 740.6875 941.75 -266.5 756.4375 977.5 -487.4375 665.3125 844.3125 -510.4375 681.0625 875.1875 -689.375 589.9375 689.375 -719.5625 605.6875 713.25 -844.3125 514.5625 487.4375 -879.625 530.3125 502.75 -941.75 439.125 252.3125 -979.8125 454.9375 257.9375 -974.9375 363.75 0 -1013.1875 379.5625 -4.4375 -941.75 288.375 -252.3125 -977.5 304.125 -266.5 -844.3125 213 -487.4375 -875.1875 228.75 -510.4375 -689.375 137.625 -689.375 -713.25 153.375 -719.5625 -487.4375 62.25 -844.3125 -502.75 78 -879.625 -252.3125 -13.125 -941.75 -257.9375 2.625 -979.8125 0 -88.5 -974.9375 4.4375 -72.6875 -1013.1875 252.3125 -163.875 -941.75 266.5 -148.125 -977.5 487.4375 -239.25 -844.3125 510.4375 -223.5 -875.1875 689.375 -314.625 -689.375 719.5625 -298.875 -713.25 844.3125 -390 -487.4375 879.6875 -374.25 -502.75 941.75 -465.4375 -252.3125 979.8125 -449.625 -257.9375 974.9375 -540.8125 0 1013.1875 -525 4.4375 941.75 -616.1875 252.3125 977.5 -600.4375 266.5 844.3125 -691.5625 487.4375 875.1875 -675.8125 510.4375 699.6875 -752.9375 694.1875 719.5625 -742.8125 728.75 673.375 -765.75 728.5 690.9375 -756.75 765.4375 1572.5 -691.5625 907.875 1719.1875 -602.5625 462.875 1753.875 -616.1875 469.9375 1780.375 -527.1875 2.125 1815.75 -540.8125 0 1720.3125 -451.8125 -458.6875 1753.875 -465.4375 -469.9375 1542.9375 -376.4375 -888.3125 1572.5 -390 -907.875 1260.4375 -301 -1257.375 1283.9375 -314.625 -1283.9375 892.0625 -225.625 -1540.75 907.875 -239.25 -1572.5 462.875 -150.25 -1719.1875 469.9375 -163.875 -1753.875 2.125 -74.875 -1780.375 0 -88.5 -1815.75 -458.6875 0.4375 -1720.3125 -469.9375 -13.125 -1753.875 -888.3125 75.8125 -1542.9375 -907.875 62.25 -1572.5 -1257.375 151.25 -1260.4375 -1283.9375 137.625 -1283.9375 -1540.75 226.625 -892.0625 -1572.5 213 -907.875 -1719.1875 302 -462.875 -1753.875 288.375 -469.9375 -1780.375 377.375 -2.125 -1815.75 363.75 0 -1720.25 452.75 458.6875 -1753.875 439.125 469.9375 -1542.9375 528.1875 888.3125 -1572.5 514.5625 907.875 -1260.4375 603.5625 1257.375 -1283.9375 589.9375 1283.9375 -892.0625 678.9375 1540.75 -907.875 665.3125 1572.5 -462.875 754.3125 1719.1875 -469.9375 740.6875 1753.875 -2.125 829.6875 1780.375 0 816.0625 1815.75 458.6875 905.0625 1720.3125 469.9375 891.4375 1753.875 888.3125 980.5 1542.9375 907.875 966.875 1572.5 1257.375 1055.875 1260.4375 1283.9375 1042.25 1283.9375 1540.75 1131.25 892.0625 1572.5 1117.625 907.875 1725.75 1177.625 522 1665 1177.625 502.6875 1517 1117.625 875.8125 1238.625 1042.25 1238.625 875.875 966.875 1517 453.375 891.4375 1692 0 816.0625 1751.6875 -453.3125 740.6875 1692 -875.8125 665.3125 1517 -1238.625 589.9375 1238.625 -1517 514.5625 875.875 -1692 439.125 453.375 -1751.6875 363.75 0 -1692 288.375 -453.3125 -1517 213 -875.8125 -1238.625 137.625 -1238.625 -875.875 62.25 -1517 -453.375 -13.125 -1692 0 -88.5 -1751.6875 453.3125 -163.875 -1692 875.8125 -239.25 -1517 1238.625 -314.625 -1238.625 1517 -390 -875.875 1692 -465.4375 -453.375 1751.6875 -540.8125 0 1517 -759.375 875.8125 1720.3125 -697.625 458.625 1692 -684 453.3125 1780.375 -622.1875 -2.1875 1751.6875 -608.625 0 1719.125 -546.8125 -462.875 1692 -533.1875 -453.375 1540.75 -471.4375 -892.0625 1517 -457.8125 -875.875 1257.375 -396.0625 -1260.5 1238.625 -382.4375 -1238.625 888.25 -320.6875 -1542.9375 875.8125 -307.0625 -1517 458.625 -245.3125 -1720.3125 453.3125 -231.6875 -1692 -2.1875 -169.875 -1780.375 0 -156.3125 -1751.6875 -462.875 -94.5 -1719.125 -453.375 -80.875 -1692 -892.0625 -19.125 -1540.75 -875.875 -5.5 -1517 -1260.5 56.1875 -1257.375 -1238.625 69.8125 -1238.625 -1542.9375 131.5625 -888.25 -1517 145.1875 -875.8125 -1720.3125 206.9375 -458.625 -1692 220.5625 -453.3125 -1780.375 282.375 2.1875 -1751.6875 296 0 -1719.125 357.75 462.9375 -1692 371.375 453.375 -1540.75 433.125 892.0625 -1517 446.75 875.875 -1257.375 508.5 1260.5 -1238.625 522.125 1238.625 -888.25 583.875 1542.9375 -875.8125 597.5 1517 -458.625 659.25 1720.3125 -453.3125 672.875 1692 2.1875 734.6875 1780.375 0 748.3125 1751.6875 462.875 810.0625 1719.125 453.375 823.6875 1692 892.0625 885.4375 1540.75 875.875 899.0625 1517 1260.5 960.8125 1257.375 1238.625 974.4375 1238.625 1542.9375 1036.1875 888.25 1725.75 1109.8125 522 1572.5 1049.8125 907.875 1283.9375 974.4375 1283.9375 907.875 899.0625 1572.5 469.9375 823.6875 1753.875 0 748.3125 1815.75 -469.9375 672.875 1753.875 -907.875 597.5 1572.5 -1283.9375 522.125 1283.9375 -1572.5 446.75 907.875 -1753.875 371.375 469.9375 -1815.75 296 0 -1753.875 220.5625 -469.9375 -1572.5 145.1875 -907.875 -1283.9375 69.8125 -1283.9375 -907.875 -5.5 -1572.5 -469.9375 -80.875 -1753.875 0 -156.3125 -1815.75 469.9375 -231.6875 -1753.875 907.875 -307.0625 -1572.5 1283.9375 -382.4375 -1283.9375 1572.5 -457.8125 -907.875 1753.875 -533.1875 -469.9375 1815.75 -608.625 0 1252.6875 -765.75 1310.3125 1219.875 -757.6875 1293.375 1285.3125 -757.1875 1267.8125 1252.6875 -748.5 1250.9375 1540.75 -677.9375 892.0625 1692 -616.1875 453.3125 1028.8125 1193 237.5 1028.8125 1125.1875 237.5 1038.875 1193 240.1875 1038.875 1125.1875 240.1875 1679.5625 1191.0625 414.125 1679.5625 1123.25 414.125 1693.625 1191.0625 417.9375 1693.625 1123.25 417.9375 1003.6875 1105.375 313.75 1013.75 1105.5 316.625 1651 1109.75 498.6875 1665 1109.8125 502.6875 1003.6875 1173.1875 313.75 1013.75 1173.25 316.625 1651 1177.5625 498.6875 1207.375 -765.75 1265.0625 1207.375 -833.5625 1265.0625 1193.0625 -765.75 1250.625 1193.0625 -833.5625 1250.625 740.1875 -765.75 795.375 740.1875 -833.5625 795.375 728 -765.75 783.125 728 -833.5625 783.125 1238.875 -825 1224 1224.5 -824.875 1209.6875 768.6875 -820.8125 758.1875 756.4375 -820.75 746.0625 1238.875 -757.1875 1224 1224.5 -757.0625 1209.6875 768.6875 -753.0625 758.1875 756.4375 -752.9375 746.0625 1755.5 1123.25 434.5 1724.4375 1115.1875 414.625 1694.9375 1100.75 502.125 1517 1049.8125 875.8125 1253.375 -834.9375 1249.5625 1542.9375 -773 888.25 1753.875 -684 469.9375 994.9375 1116.25 214.1875 970.4375 1094.625 290.5 879.6875 1034.0625 502.6875 844.3125 1049.8125 487.4375 689.375 974.4375 689.375 1252.6875 -833.5625 1310.3125 1285.3125 -825 1267.8125 1220.4375 -843 1292.3125 1755.5 1191.0625 434.5 1723.75 1200.5 415.625 1694 1187.8125 503.625 911.25 -691.5625 526.0625 692.0625 -845.3125 763.25 721.25 -833.1875 725.625 673.375 -833.5625 728.5 699.6875 -820.75 694.1875 911.25 -759.375 526.0625 879.6875 -775.125 502.6875 844.3125 -759.375 487.4375 1016.375 -684 272.3125 979.8125 -699.75 257.875 941.75 -684 252.3125 1052.25 -608.625 0 1013.1875 -624.375 -4.4375 974.9375 -608.625 0 1016.375 -533.1875 -272.3125 977.5 -549 -266.5 941.75 -533.1875 -252.3125 911.25 -457.8125 -526.125 875.1875 -473.625 -510.4375 844.3125 -457.8125 -487.4375 744 -382.4375 -744 713.25 -398.1875 -719.5625 689.375 -382.4375 -689.375 526.0625 -307.0625 -911.25 502.6875 -322.8125 -879.6875 487.4375 -307.0625 -844.3125 272.3125 -231.6875 -1016.375 257.875 -247.4375 -979.8125 252.3125 -231.6875 -941.75 0 -156.3125 -1052.25 -4.4375 -172.0625 -1013.1875 0 -156.3125 -974.9375 -272.3125 -80.875 -1016.375 -266.5 -96.6875 -977.5 -252.3125 -80.875 -941.75 -526.125 -5.5 -911.25 -510.4375 -21.25 -875.1875 -487.4375 -5.5 -844.3125 -744.0625 69.8125 -744 -719.5625 54.0625 -713.25 -689.375 69.8125 -689.375 -911.25 145.1875 -526.0625 -879.6875 129.4375 -502.6875 -844.3125 145.1875 -487.4375 -1016.375 220.5625 -272.3125 -979.8125 204.8125 -257.875 -941.75 220.5625 -252.3125 -1052.25 296 0 -1013.1875 280.1875 4.4375 -974.9375 296 0 -1016.375 371.375 272.3125 -977.5 355.5625 266.5 -941.75 371.375 252.3125 -911.25 446.75 526.125 -875.1875 431 510.4375 -844.3125 446.75 487.4375 -744 522.125 744.0625 -713.25 506.375 719.5625 -689.375 522.125 689.375 -526.0625 597.5 911.25 -502.6875 581.75 879.6875 -487.4375 597.5 844.3125 -272.3125 672.875 1016.375 0 748.3125 1052.25 -257.875 657.125 979.8125 4.4375 732.5 1013.1875 -252.3125 672.875 941.75 0 748.3125 974.9375 272.3125 823.6875 1016.375 266.5 807.875 977.5 252.3125 823.6875 941.75 526.125 899.0625 911.25 510.4375 883.3125 875.1875 487.4375 899.0625 844.3125 744 974.4375 744 719.5625 958.6875 713.25 1016.375 -616.1875 272.3125 954.1875 1125.1875 217.5 931.0625 1105.375 288.875 911.25 1049.8125 526.0625 1572.5 -759.375 907.875 911.25 1117.625 526.0625 744 1042.25 744 526.125 966.875 911.25 272.3125 891.4375 1016.375 0 816.0625 1052.25 -272.3125 740.6875 1016.375 -526.0625 665.3125 911.25 -744 589.9375 744.0625 -911.25 514.5625 526.125 -1016.375 439.125 272.3125 -1052.25 363.75 0 -1016.375 288.375 -272.3125 -911.25 213 -526.0625 -744.0625 137.625 -744 -526.125 62.25 -911.25 -272.3125 -13.125 -1016.375 0 -88.5 -1052.25 272.3125 -163.875 -1016.375 526.0625 -239.25 -911.25 744 -314.625 -744 911.25 -390 -526.125 1016.375 -465.4375 -272.3125 1052.25 -540.8125 0 1517 -691.5625 875.8125 0 -84.9375 -772.25 199.8125 -84.9375 -745.9375 0 -84.125 -784.25 202.9375 -84.125 -757.5 0 -60.5 -820.4375 212.3125 -60.5 -792.5 0 0 -835.25 216.125 0 -806.75 0 60.5 -820.4375 212.3125 60.5 -792.5 0 84.875 -775.3125 200.625 84.875 -748.875 0 72.8125 -761.875 197.1875 72.8125 -735.9375 386.125 -84.9375 -668.75 392.125 -84.125 -679.1875 410.1875 -60.5 -710.5 417.625 0 -723.3125 410.1875 60.5 -710.5 387.625 84.875 -671.4375 380.9375 72.8125 -659.8125 546.0625 -84.9375 -546.0625 554.5625 -84.125 -554.5625 580.125 -60.5 -580.125 590.5625 0 -590.5625 580.125 60.5 -580.125 548.1875 84.875 -548.1875 538.6875 72.8125 -538.6875 668.75 -84.9375 -386.125 679.1875 -84.125 -392.125 710.5 -60.5 -410.1875 723.3125 0 -417.625 710.5 60.5 -410.1875 671.4375 84.875 -387.625 659.8125 72.8125 -380.9375 745.9375 -84.9375 -199.8125 757.5 -84.125 -202.9375 792.5 -60.5 -212.3125 806.75 0 -216.125 792.5 60.5 -212.3125 748.875 84.875 -200.625 735.9375 72.8125 -197.1875 772.25 -84.9375 0 784.25 -84.125 0 820.4375 -60.5 0 835.25 0 0 820.4375 60.5 0 775.3125 84.875 0 761.875 72.8125 0 745.9375 -84.9375 199.8125 757.5 -84.125 202.9375 792.5 -60.5 212.3125 806.75 0 216.125 792.5 60.5 212.3125 748.875 84.875 200.625 735.9375 72.8125 197.1875 668.75 -84.9375 386.125 679.1875 -84.125 392.125 710.5 -60.5 410.1875 723.3125 0 417.625 710.5 60.5 410.1875 671.4375 84.875 387.625 659.8125 72.8125 380.9375 546.0625 -84.9375 546.0625 554.5625 -84.125 554.5625 580.125 -60.5 580.125 590.5625 0 590.5625 580.125 60.5 580.125 548.1875 84.875 548.1875 538.6875 72.8125 538.6875 386.125 -84.9375 668.75 392.125 -84.125 679.1875 410.1875 -60.5 710.5 417.625 0 723.3125 410.1875 60.5 710.5 387.625 84.875 671.4375 380.9375 72.8125 659.8125 199.8125 -84.9375 745.9375 202.9375 -84.125 757.5 212.3125 -60.5 792.5 216.125 0 806.75 212.3125 60.5 792.5 200.625 84.875 748.875 197.1875 72.8125 735.9375 0 -84.9375 772.25 0 -84.125 784.25 0 -60.5 820.4375 0 0 835.25 0 60.5 820.4375 0 84.875 775.3125 0 72.8125 761.875 -199.8125 -84.9375 745.9375 -202.9375 -84.125 757.5 -212.3125 -60.5 792.5 -216.125 0 806.75 -212.3125 60.5 792.5 -200.625 84.875 748.875 -197.1875 72.8125 735.9375 -386.125 -84.9375 668.75 -392.125 -84.125 679.1875 -410.1875 -60.5 710.5 -417.625 0 723.3125 -410.1875 60.5 710.5 -387.625 84.875 671.4375 -380.9375 72.8125 659.8125 -546.0625 -84.9375 546.0625 -554.5625 -84.125 554.5625 -580.125 -60.5 580.125 -590.5625 0 590.5625 -580.125 60.5 580.125 -548.1875 84.875 548.1875 -538.6875 72.8125 538.6875 -668.75 -84.9375 386.125 -679.1875 -84.125 392.125 -710.5 -60.5 410.1875 -723.3125 0 417.625 -710.5 60.5 410.1875 -671.4375 84.875 387.625 -659.8125 72.8125 380.9375 -745.9375 -84.9375 199.8125 -757.5 -84.125 202.9375 -792.5 -60.5 212.3125 -806.75 0 216.125 -792.5 60.5 212.3125 -748.875 84.875 200.625 -735.9375 72.8125 197.1875 -772.25 -84.9375 0 -784.25 -84.125 0 -820.4375 -60.5 0 -835.25 0 0 -820.4375 60.5 0 -775.3125 84.875 0 -761.875 72.8125 0 -745.9375 -84.9375 -199.8125 -757.5 -84.125 -202.9375 -792.5 -60.5 -212.3125 -806.75 0 -216.125 -792.5 60.5 -212.3125 -748.875 84.875 -200.625 -735.9375 72.8125 -197.1875 -668.75 -84.9375 -386.125 -679.1875 -84.125 -392.125 -710.5 -60.5 -410.1875 -723.3125 0 -417.625 -710.5 60.5 -410.1875 -671.4375 84.875 -387.625 -659.8125 72.8125 -380.9375 -546.0625 -84.9375 -546.0625 -554.5625 -84.125 -554.5625 -580.125 -60.5 -580.125 -590.5625 0 -590.5625 -580.125 60.5 -580.125 -548.1875 84.875 -548.1875 -538.6875 72.8125 -538.6875 -386.125 -84.9375 -668.75 -392.125 -84.125 -679.1875 -410.1875 -60.5 -710.5 -417.625 0 -723.3125 -410.1875 60.5 -710.5 -387.625 84.875 -671.4375 -380.9375 72.8125 -659.8125 -199.8125 -84.9375 -745.9375 -202.9375 -84.125 -757.5 -212.3125 -60.5 -792.5 -216.125 0 -806.75 -212.3125 60.5 -792.5 -200.625 84.875 -748.875 -197.1875 72.8125 -735.9375</float_array>
                    <technique_common>
                        <accessor count="532" source="#pointarray4" stride="3">
                            <param name="X" type="float"/>
                            <param name="Y" type="float"/>
                            <param name="Z" type="float"/>
                        </accessor>
                    </technique_common>
                </source>
                <source id="uvs4">
                    <float_array id="uvarray4" count="1390">1.4619140625 0.24267578125 1.50244140625 0.24365234375 1.435546875 0.17919921875 1.4736328125 0.173828125 1.3623046875 0.001953125 1.39404296875 -0.021484375 1.2041015625 -0.2041015625 1.228515625 -0.23486328125 0.998046875 -0.3623046875 1.01318359375 -0.3984375 0.7578125 -0.4619140625 0.76318359375 -0.5009765625 0.5 -0.49609375 0.4951171875 -0.53515625 0.2421875 -0.4619140625 0.2275390625 -0.49853515625 0.00146484375 -0.3623046875 -0.021484375 -0.39404296875 -0.2041015625 -0.2041015625 -0.23486328125 -0.228515625 -0.3623046875 0.001953125 -0.3984375 -0.01318359375 -0.4619140625 0.2421875 -0.5009765625 0.23681640625 -0.49609375 0.5 -0.53515625 0.5048828125 -0.4619140625 0.7578125 -0.49853515625 0.7724609375 -0.3623046875 0.99853515625 -0.39404296875 1.021484375 -0.2041015625 1.2041015625 -0.228515625 1.23486328125 0.00146484375 1.3623046875 -0.01318359375 1.3984375 0.24169921875 1.4619140625 0.236328125 1.5009765625 0.49951171875 1.49609375 0.50439453125 1.53515625 0.75732421875 1.4619140625 0.77197265625 1.49853515625 0.998046875 1.3623046875 1.021484375 1.39404296875 1.2041015625 1.2041015625 1.23486328125 1.228515625 1.3623046875 0.99853515625 1.3984375 1.01318359375 1.4619140625 0.75830078125 1.5009765625 0.763671875 1.49609375 0.50048828125 1.53515625 0.49560546875 1.49853515625 0.22802734375 1.23095703125 -0.1689453125 1.25146484375 -0.20458984375 1.22216796875 -0.24169921875 2.1064453125 -0.42724609375 2.25634765625 0.02734375 2.29150390625 0.02001953125 2.31884765625 0.498046875 2.35498046875 0.50048828125 2.25732421875 0.96875 2.29150390625 0.98046875 2.076171875 1.4072265625 2.1064453125 1.42724609375 1.78759765625 1.7841796875 1.8115234375 1.8115234375 1.4111328125 2.07373046875 1.42724609375 2.1064453125 0.97265625 2.25634765625 0.97998046875 2.29150390625 0.501953125 2.31884765625 0.49951171875 2.35498046875 0.03125 2.25732421875 0.01953125 2.29150390625 -0.4072265625 2.076171875 -0.42724609375 2.1064453125 -0.78466796875 1.78759765625 -0.8115234375 1.8115234375 -1.07373046875 1.4111328125 -1.1064453125 1.42724609375 -1.25634765625 0.97314453125 -1.29150390625 0.98046875 -1.31884765625 0.50244140625 -1.35498046875 0.5 -1.25732421875 0.03173828125 -1.29150390625 0.02001953125 -1.076171875 -0.4072265625 -1.1064453125 -0.42724609375 -0.78759765625 -0.78466796875 -0.8115234375 -0.8115234375 -0.4111328125 -1.07373046875 -0.42724609375 -1.1064453125 0.02685546875 -1.25634765625 0.01953125 -1.29150390625 0.49755859375 -1.31884765625 0.5 -1.35498046875 0.96826171875 -1.25732421875 0.97998046875 -1.29150390625 1.4072265625 -1.076171875 1.42724609375 -1.1064453125 1.7841796875 -0.78759765625 1.8115234375 -0.8115234375 2.07373046875 -0.4111328125 2.2587890625 -0.0595703125 2.19677734375 -0.03955078125 2.0498046875 -0.39453125 1.76513671875 -0.76513671875 1.39453125 -1.0498046875 0.962890625 -1.228515625 0.5 -1.28955078125 0.03662109375 -1.228515625 -0.39453125 -1.0498046875 -0.76513671875 -0.76513671875 -1.0498046875 -0.39453125 -1.228515625 0.037109375 -1.28955078125 0.5 -1.228515625 0.96337890625 -1.0498046875 1.39453125 -0.76513671875 1.76513671875 -0.39453125 2.0498046875 0.03662109375 2.228515625 0.49951171875 2.28955078125 0.962890625 2.228515625 1.39453125 2.0498046875 1.76513671875 1.76513671875 2.0498046875 1.39453125 2.228515625 0.96337890625 2.28955078125 0.50048828125 2.28955078125 0.5 2.228515625 0.037109375 0.49951171875 -1.28955078125 -0.78759765625 -0.7841796875 -1.28955078125 0.50048828125 -0.7841796875 1.78759765625 0.5 2.28955078125 2.2587890625 1.0595703125 0.5 2.35498046875 -1.35498046875 0.50048828125 0.49951171875 -1.35498046875 2.35498046875 0.5 1.77783203125 -0.79443359375 1.8447265625 -0.76806640625 1.8115234375 -0.7509765625 0.0966796875 0 0 0 0.0966796875 0.015625 0 0.015625 0.0966796875 0.97900390625 0 0.97900390625 0.0966796875 1 0 1 0.06298828125 1 0.181640625 1 0.06201171875 0.98486328125 0.1806640625 0.98486328125 0.0009765625 0.021484375 0.130859375 0.021484375 0.12939453125 0 0 0.98486328125 0.09716796875 0.98486328125 0.0087890625 0.021484375 0.10595703125 0.021484375 0.0087890625 0 0.10595703125 0 0.17333984375 0 0.0546875 0 0.17236328125 0.015625 0.0537109375 0.015625 0.1298828125 0.97705078125 0.0009765625 0.97900390625 0.12890625 0.99853515625 0.099609375 0 0.099609375 0.0302734375 0 0.0302734375 0.099609375 0.974609375 0 0.974609375 0.099609375 1 0.0771484375 1 0.00341796875 0.97021484375 0.0810546875 0.97021484375 0.1259765625 0.02587890625 0.19775390625 0.025390625 0.201171875 0 0 0.97021484375 0.099609375 0.97021484375 0.005859375 0.02587890625 0.10595703125 0.02587890625 0.005859375 0 0.07763671875 0 0.08154296875 0.0302734375 0.00390625 0.0302734375 0.20068359375 0.974609375 0.12890625 0.974609375 0.20361328125 1 0.13232421875 1 2.259765625 0.9599609375 2.22705078125 1.0390625 1.79736328125 1.72314453125 1.8125 1.74951171875 1.5380859375 0.7783203125 1.50341796875 0.7548828125 1.509765625 0.8466796875 1.47607421875 0.82275390625 1.8447265625 1.76806640625 1.77880859375 1.79296875 2.25927734375 0.03955078125 2.22607421875 -0.04052734375 1.4306640625 -0.037109375 1.2890625 -0.22216796875 1.259765625 -0.259765625 1.259765625 1.259765625 1.2890625 1.22216796875 1.22314453125 1.23974609375 1.2529296875 1.201171875 1.23095703125 1.1689453125 1.4306640625 1.037109375 1.4619140625 0.7578125 1.57470703125 0.5 1.49609375 0.5 1.5380859375 0.22216796875 1.4619140625 0.2421875 1.037109375 -0.4306640625 0.77783203125 -0.5380859375 0.75732421875 -0.4619140625 0.49951171875 -0.57470703125 0.49951171875 -0.49609375 0.2216796875 -0.5380859375 0.24169921875 -0.4619140625 -0.037109375 -0.4306640625 -0.259765625 -0.259765625 -0.4306640625 -0.037109375 -0.5380859375 0.22216796875 -0.4619140625 0.24267578125 -0.57470703125 0.50048828125 -0.49609375 0.50048828125 -0.5380859375 0.7783203125 -0.4619140625 0.75830078125 -0.4306640625 1.037109375 -0.259765625 1.259765625 -0.037109375 1.4306640625 0.2216796875 1.5380859375 0.5 1.57470703125 0.2421875 1.4619140625 0.5 1.49609375 0.77783203125 1.5380859375 0.7578125 1.4619140625 1.037109375 1.4306640625 -0.22216796875 -1.3369140625 -0.22216796875 -1.267578125 -0.037109375 -1.27294921875 -0.037109375 -1.20361328125 0.2216796875 -1.12646484375 1.435546875 0.8212890625 -0.0595703125 0.7080078125 -0.42724609375 0.5751953125 -0.42724609375 0.64453125 -0.8115234375 0.498046875 -0.8115234375 0.5673828125 2.19677734375 1.03955078125 0.01953125 0.7216796875 0.01953125 0.65234375 -0.0595703125 0.638671875 -0.42724609375 -1.20361328125 -0.42724609375 -1.27294921875 -0.76806640625 -1.27197265625 -0.76806640625 -1.34130859375 -0.8115234375 -1.35009765625 1.509765625 0.15380859375 0.75732421875 0.7216796875 0.82080078125 0.701171875 0.75732421875 0.65234375 0.82080078125 0.6318359375 1.22314453125 -1.36181640625 1.22216796875 -1.271484375 1.259765625 -1.35009765625 1.259765625 -1.28076171875 1.5380859375 0.27880859375 1.50244140625 0.26708984375 1.5380859375 0.34814453125 1.50341796875 0.357421875 0.5 -0.57470703125 -0.57470703125 0.5 0.49951171875 1.57470703125 1.57470703125 0.50048828125 1.77880859375 -1.359375 1.77783203125 -1.2724609375 1.8115234375 -1.35009765625 1.8115234375 -1.28076171875 2.29150390625 0.27880859375 2.25927734375 0.26953125 2.29150390625 0.34814453125 2.259765625 0.3564453125 2.228515625 0.34814453125 2.228515625 0.27880859375 1.03955078125 0.7080078125 1.39453125 0.64453125 1.03955078125 0.638671875 1.39453125 0.5751953125 1.76513671875 0.498046875 1.76513671875 0.5673828125 1.8115234375 0.498046875 1.42724609375 0.42138671875 1.8115234375 0.5673828125 1.42724609375 0.49072265625 1.76513671875 0.43310546875 1.39453125 0.509765625 1.76513671875 0.50244140625 1.39453125 0.5791015625 0.97998046875 0.34423828125 0.97998046875 0.41357421875 0.962890625 0.5869140625 0.962890625 0.65625 0.5 0.26708984375 0.5 0.33642578125 0.5 0.6640625 0.5 0.7333984375 0.01953125 0.1904296875 0.01953125 0.25927734375 0.03662109375 0.7412109375 0.03662109375 0.81005859375 -0.42724609375 0.11328125 -0.42724609375 0.1826171875 -0.39453125 0.81787109375 -0.39453125 0.88720703125 -0.8115234375 0.0361328125 -0.8115234375 0.10546875 -0.76513671875 0.96435546875 -0.76513671875 0.89501953125 1.8115234375 0.0361328125 1.42724609375 -0.041015625 1.8115234375 0.10546875 1.42724609375 0.0283203125 -0.76513671875 0.10546875 -0.39453125 0.0283203125 -0.76513671875 0.0361328125 -0.39453125 -0.041015625 0.97998046875 -0.11767578125 0.97998046875 -0.04833984375 0.03662109375 -0.04833984375 0.03662109375 -0.11767578125 0.5 -0.19482421875 0.5 -0.12548828125 0.49951171875 -0.12548828125 0.49951171875 -0.19482421875 0.01953125 -0.27197265625 0.01953125 -0.20263671875 0.962890625 -0.20263671875 0.962890625 -0.27197265625 -0.42724609375 -0.3486328125 -0.42724609375 -0.27978515625 1.39453125 -0.27978515625 1.39453125 -0.3486328125 -0.8115234375 -0.42578125 -0.8115234375 -0.3564453125 1.76513671875 -0.42578125 1.76513671875 -0.3564453125 -0.8115234375 1.42578125 -0.42724609375 1.5029296875 -0.8115234375 1.3564453125 -0.42724609375 1.43359375 -0.76513671875 -0.3564453125 -0.39453125 -0.43359375 -0.76513671875 -0.42578125 -0.39453125 -0.5029296875 0.01953125 1.580078125 0.01953125 1.5107421875 0.03662109375 -0.5107421875 0.03662109375 -0.580078125 0.49951171875 1.65673828125 0.49951171875 1.58740234375 0.49951171875 -0.58740234375 0.49951171875 -0.65673828125 0.97998046875 1.73388671875 0.97998046875 1.66455078125 0.962890625 -0.66455078125 0.962890625 -0.73388671875 1.42724609375 1.81103515625 1.42724609375 1.74169921875 1.39453125 -0.74169921875 1.39453125 -0.81103515625 1.8115234375 1.8876953125 1.8115234375 1.81884765625 1.76513671875 -0.8876953125 1.76513671875 -0.81884765625 1.8115234375 -0.8876953125 1.42724609375 -0.96484375 1.8115234375 -0.81884765625 1.42724609375 -0.8955078125 -0.76513671875 -0.81884765625 -0.39453125 -0.8955078125 -0.76513671875 -0.8876953125 -0.39453125 -0.96484375 0.97998046875 -1.0419921875 0.97998046875 -0.97265625 0.03662109375 -0.97265625 0.03662109375 -1.0419921875 0.5 -1.119140625 0.5 -1.0498046875 0.49951171875 -1.0498046875 0.49951171875 -1.119140625 0.01953125 -1.19580078125 0.01953125 -1.12646484375 0.962890625 -1.12646484375 0.962890625 -1.19580078125 1.39453125 -1.27294921875 1.39453125 -1.20361328125 1.79296875 -1.359375 1.76513671875 -1.35009765625 1.79443359375 -1.2724609375 1.76513671875 -1.28076171875 0.998046875 0.64453125 0.998046875 0.5751953125 1.4619140625 0.34814453125 1.4619140625 0.27880859375 0.1533203125 0.6318359375 -0.037109375 0.5751953125 0.1533203125 0.701171875 -0.037109375 0.64453125 1.2041015625 0.498046875 1.2041015625 0.5673828125 -0.259765625 0.498046875 -0.259765625 0.5673828125 1.2041015625 0.43310546875 0.998046875 0.509765625 1.2041015625 0.50244140625 0.998046875 0.5791015625 1.259765625 0.498046875 1.037109375 0.42138671875 1.259765625 0.5673828125 1.037109375 0.49072265625 0.7578125 0.5869140625 0.7578125 0.65625 0.77783203125 0.34423828125 0.77783203125 0.41357421875 0.2421875 0.7412109375 0.2421875 0.81005859375 0.2216796875 0.1904296875 0.2216796875 0.25927734375 0.00146484375 0.81787109375 0.00146484375 0.88720703125 -0.037109375 0.11328125 -0.037109375 0.1826171875 -0.2041015625 0.96435546875 -0.2041015625 0.89501953125 -0.259765625 0.0361328125 -0.259765625 0.10546875 -0.2041015625 0.10546875 0.00146484375 0.0283203125 -0.2041015625 0.0361328125 0.00146484375 -0.041015625 1.259765625 0.0361328125 1.037109375 -0.041015625 1.259765625 0.10546875 1.037109375 0.0283203125 0.24169921875 -0.04833984375 0.24169921875 -0.11767578125 0.77783203125 -0.11767578125 0.77783203125 -0.04833984375 0.75732421875 -0.20263671875 0.75732421875 -0.27197265625 0.2216796875 -0.27197265625 0.2216796875 -0.20263671875 0.998046875 -0.27978515625 0.998046875 -0.3486328125 -0.037109375 -0.3486328125 -0.037109375 -0.27978515625 1.2041015625 -0.42578125 1.2041015625 -0.3564453125 -0.259765625 -0.42578125 -0.259765625 -0.3564453125 -0.2041015625 -0.3564453125 0.00146484375 -0.43359375 -0.2041015625 -0.42578125 0.00146484375 -0.5029296875 -0.259765625 1.42578125 -0.037109375 1.5029296875 -0.259765625 1.3564453125 -0.037109375 1.43359375 0.24169921875 -0.5107421875 0.24169921875 -0.580078125 0.2216796875 1.580078125 0.2216796875 1.5107421875 0.75732421875 -0.66455078125 0.75732421875 -0.73388671875 0.77783203125 1.73388671875 0.77783203125 1.66455078125 0.998046875 -0.74169921875 0.998046875 -0.81103515625 1.037109375 1.81103515625 1.037109375 1.74169921875 1.2041015625 -0.8876953125 1.2041015625 -0.81884765625 1.259765625 1.8876953125 1.259765625 1.81884765625 -0.2041015625 -0.81884765625 0.00146484375 -0.8955078125 -0.2041015625 -0.8876953125 0.00146484375 -0.96484375 1.259765625 -0.8876953125 1.037109375 -0.96484375 1.259765625 -0.81884765625 1.037109375 -0.8955078125 0.24169921875 -0.97265625 0.24169921875 -1.0419921875 0.77783203125 -1.0419921875 0.77783203125 -0.97265625 0.75732421875 -1.12646484375 0.75732421875 -1.19580078125 0.2216796875 -1.19580078125 0.998046875 -1.20361328125 0.998046875 -1.27294921875 1.1689453125 -1.267578125 1.1689453125 -1.3369140625 1.2041015625 -1.28076171875 1.2041015625 -1.35009765625 1.23974609375 -1.36181640625 1.24169921875 -1.271484375 1.72314453125 -1.34130859375 1.72314453125 -1.27197265625 1.79736328125 -0.72314453125 -0.8115234375 -1.28076171875 13.7314453125 -1.98681640625 13.7314453125 -1.60400390625 13.7412109375 -1.98681640625 13.7412109375 -1.60400390625 13.86669921875 -1.98681640625 13.86669921875 -1.60400390625 14.14404296875 -1.98681640625 14.14404296875 -1.60400390625 14.421875 -1.98681640625 14.421875 -1.60400390625 14.55517578125 -1.98681640625 14.55517578125 -1.60400390625 14.50341796875 -1.98681640625 14.50341796875 -1.60400390625 13.7314453125 -1.22119140625 13.7412109375 -1.22119140625 13.86669921875 -1.22119140625 14.14404296875 -1.22119140625 14.421875 -1.22119140625 14.55517578125 -1.22119140625 14.50341796875 -1.22119140625 13.7314453125 -0.837890625 13.7412109375 -0.837890625 13.86669921875 -0.837890625 14.14404296875 -0.837890625 14.421875 -0.837890625 14.55517578125 -0.837890625 14.50341796875 -0.837890625 13.7314453125 -0.455078125 13.7412109375 -0.455078125 13.86669921875 -0.455078125 14.14404296875 -0.455078125 14.421875 -0.455078125 14.55517578125 -0.455078125 14.50341796875 -0.455078125 13.7314453125 -0.072265625 13.7412109375 -0.072265625 13.86669921875 -0.072265625 14.14404296875 -0.072265625 14.421875 -0.072265625 14.55517578125 -0.072265625 14.50341796875 -0.072265625 13.7314453125 0.310546875 13.7412109375 0.310546875 13.86669921875 0.310546875 14.14404296875 0.310546875 14.421875 0.310546875 14.55517578125 0.310546875 14.50341796875 0.310546875 13.7314453125 0.693359375 13.7412109375 0.693359375 13.86669921875 0.693359375 14.14404296875 0.693359375 14.421875 0.693359375 14.55517578125 0.693359375 14.50341796875 0.693359375 13.7314453125 1.076171875 13.7412109375 1.076171875 13.86669921875 1.076171875 14.14404296875 1.076171875 14.421875 1.076171875 14.55517578125 1.076171875 14.50341796875 1.076171875 13.7314453125 1.458984375 13.7412109375 1.458984375 13.86669921875 1.458984375 14.14404296875 1.458984375 14.421875 1.458984375 14.55517578125 1.458984375 14.50341796875 1.458984375 13.7314453125 1.841796875 13.7412109375 1.841796875 13.86669921875 1.841796875 14.14404296875 1.841796875 14.421875 1.841796875 14.55517578125 1.841796875 14.50341796875 1.841796875 13.7314453125 2.224609375 13.7412109375 2.224609375 13.86669921875 2.224609375 14.14404296875 2.224609375 14.421875 2.224609375 14.55517578125 2.224609375 14.50341796875 2.224609375 13.7314453125 2.607421875 13.7412109375 2.607421875 13.86669921875 2.607421875 14.14404296875 2.607421875 14.421875 2.607421875 14.55517578125 2.607421875 14.50341796875 2.607421875 13.7314453125 2.990234375 13.7412109375 2.990234375 13.86669921875 2.990234375 14.14404296875 2.990234375 14.421875 2.990234375 14.55517578125 2.990234375 14.50341796875 2.990234375 13.7314453125 3.37353515625 13.7412109375 3.37353515625 13.86669921875 3.37353515625 14.14404296875 3.37353515625 14.421875 3.37353515625 14.55517578125 3.37353515625 14.50341796875 3.37353515625 13.7314453125 3.75634765625 13.7412109375 3.75634765625 13.86669921875 3.75634765625 14.14404296875 3.75634765625 14.421875 3.75634765625 14.55517578125 3.75634765625 14.50341796875 3.75634765625 13.7314453125 4.13916015625 13.7412109375 4.13916015625 13.86669921875 4.13916015625 14.14404296875 4.13916015625 14.421875 4.13916015625 14.55517578125 4.13916015625 14.50341796875 4.13916015625 13.7314453125 4.52197265625 13.7412109375 4.52197265625 13.86669921875 4.52197265625 14.14404296875 4.52197265625 14.421875 4.52197265625 14.55517578125 4.52197265625 14.50341796875 4.52197265625 13.7314453125 4.90478515625 13.7412109375 4.90478515625 13.86669921875 4.90478515625 14.14404296875 4.90478515625 14.421875 4.90478515625 14.55517578125 4.90478515625 14.50341796875 4.90478515625 13.7314453125 5.2880859375 13.7412109375 5.2880859375 13.86669921875 5.2880859375 14.14404296875 5.2880859375 14.421875 5.2880859375 14.55517578125 5.2880859375 14.50341796875 5.2880859375 13.7314453125 5.6708984375 13.7412109375 5.6708984375 13.86669921875 5.6708984375 14.14404296875 5.6708984375 14.421875 5.6708984375 14.55517578125 5.6708984375 14.50341796875 5.6708984375 13.7314453125 6.0537109375 13.7412109375 6.0537109375 13.86669921875 6.0537109375 14.14404296875 6.0537109375 14.421875 6.0537109375 14.55517578125 6.0537109375 14.50341796875 6.0537109375 13.7314453125 6.4365234375 13.7412109375 6.4365234375 13.86669921875 6.4365234375 14.14404296875 6.4365234375 14.421875 6.4365234375 14.55517578125 6.4365234375 14.50341796875 6.4365234375 13.7314453125 6.8193359375 13.7412109375 6.8193359375 13.86669921875 6.8193359375 14.14404296875 6.8193359375 14.421875 6.8193359375 14.55517578125 6.8193359375 14.50341796875 6.8193359375 13.7314453125 7.2021484375 13.7412109375 7.2021484375 13.86669921875 7.2021484375 14.14404296875 7.2021484375 14.421875 7.2021484375 14.55517578125 7.2021484375 14.50341796875 7.2021484375</float_array>
                    <technique_common>
                        <accessor count="695" source="#uvarray4" stride="2">
                            <param name="S" type="float"/>
                            <param name="T" type="float"/>
                        </accessor>
                    </technique_common>
                </source>
                <vertices id="vertices4">
                    <input semantic="POSITION" source="#points4"/>
                </vertices>
                <polylist count="1016" material="Material1">
                    <input offset="0" semantic="VERTEX" source="#vertices4"/>
                    <input offset="1" semantic="TEXCOORD" source="#uvs4" set="0"/>
                    <vcount>3 3 3 3 3 3 3 3 3 3 3 3 3 3 3 3 3 3 3 3 3 3 3 3 3 3 3 3 3 3 3 3 3 3 3 3 3 3 3 3 3 3 3 3 3 3 3 3 3 3 3 3 3 3 3 3 3 3 3 3 3 3 3 3 3 3 3 3 3 3 3 3 3 3 3 3 3 3 3 3 3 3 3 3 3 3 3 3 3 3 3 3 3 3 3 3 3 3 3 3 3 3 3 3 3 3 3 3 3 3 3 3 3 3 3 3 3 3 3 3 3 3 3 3 3 3 3 3 3 3 3 3 3 3 3 3 3 3 3 3 3 3 3 3 3 3 3 3 3 3 3 3 3 3 3 3 3 3 3 3 3 3 3 3 3 3 3 3 3 3 3 3 3 3 3 3 3 3 3 3 3 3 3 3 3 3 3 3 3 3 3 3 3 3 3 3 3 3 3 3 3 3 3 3 3 3 3 3 3 3 3 3 3 3 3 3 3 3 3 3 3 3 3 3 3 3 3 3 3 3 3 3 3 3 3 3 3 3 3 3 3 3 3 3 3 3 3 3 3 3 3 3 3 3 3 3 3 3 3 3 3 3 3 3 3 3 3 3 3 3 3 3 3 3 3 3 3 3 3 3 3 3 3 3 3 3 3 3 3 3 3 3 3 3 3 3 3 3 3 3 3 3 3 3 3 3 3 3 3 3 3 3 3 3 3 3 3 3 3 3 3 3 3 3 3 3 3 3 3 3 3 3 3 3 3 3 3 3 3 3 3 3 3 3 3 3 3 3 3 3 3 3 3 3 3 3 3 3 3 3 3 3 3 3 3 3 3 3 3 3 3 3 3 3 3 3 3 3 3 3 3 3 3 3 3 3 3 3 3 3 3 3 3 3 3 3 3 3 3 3 3 3 3 3 3 3 3 3 3 3 3 3 3 3 3 3 3 3 3 3 3 3 3 3 3 3 3 3 3 3 3 3 3 3 3 3 3 3 3 3 3 3 3 3 3 3 3 3 3 3 3 3 3 3 3 3 3 3 3 3 3 3 3 3 3 3 3 3 3 3 3 3 3 3 3 3 3 3 3 3 3 3 3 3 3 3 3 3 3 3 3 3 3 3 3 3 3 3 3 3 3 3 3 3 3 3 3 3 3 3 3 3 3 3 3 3 3 3 3 3 3 3 3 3 3 3 3 3 3 3 3 3 3 3 3 3 3 3 3 3 3 3 3 3 3 3 3 3 3 3 3 3 3 3 3 3 3 3 3 3 3 3 3 3 3 3 3 3 3 3 3 3 3 3 3 3 3 3 3 3 3 3 3 3 3 3 3 3 3 3 3 3 3 3 3 3 3 3 3 3 3 3 3 3 3 3 3 3 3 3 3 3 3 3 3 3 3 3 3 3 3 3 3 3 3 3 3 3 3 3 3 3 3 3 3 3 3 3 3 3 3 3 3 3 3 3 3 3 3 3 3 3 3 3 3 3 3 3 3 3 3 3 3 3 3 3 3 3 3 3 3 3 3 3 3 3 3 3 3 3 3 3 3 3 3 3 3 3 3 3 3 3 3 3 3 3 3 3 3 3 3 3 3 3 3 3 3 3 3 3 3 3 3 3 3 3 3 3 3 3 3 3 3 3 3 3 3 3 3 3 3 3 3 3 3 3 3 3 3 3 3 3 3 3 3 3 3 3 3 3 3 3 3 3 3 3 3 3 3 3 3 3 3 3 3 3 3 3 3 3 3 3 3 3 3 3 3 3 3 3 3 3 3 3 3 3 3 3 3 3 3 3 3 3 3 3 3 3 3 3 3 3 3 3 3 3 3 3 3 3 3 3 3 3 3 3 3 3 3 3 3 3 3 3 3 3 3 3 3 3 3 3 3 3 3 3 3 3 3 3 3 3 3 3 3 3 3 3 3 3 3 3 3 3 3 3 3 3 3 3 3 3 3 3 3 3 3 3 3 3 3 3 3 3 3 3 3 3 3 3 3 3 3 3 3 3 3 3 3 3 3 3 3 3 3 3 3 3 3 3 3 3 3 3 3 3 3 3 3 3 3 3 3 3 3 3 3 3 3 3 3 3 3 3 3 3 3 3 3 3 3 3 3 3 3 3 3 3 3 3 3 3 3 3 3 3 3 3 3 3 3 3 3 3 3 3 3 3 3 3 3 3 3 3 3 3 3 3 3 3 3 3 3 3 3 3 3 3 3 3 3 3 3 3 3 3 3 3 3 3 3 3 3 3 3 3 3 3 3 3 3 3 3 3 3 3 3 3 3 3 3 3 3 3 3 3</vcount>
                    <p>2 2 1 1 0 0 3 3 1 1 2 2 4 4 3 3 2 2 5 5 3 3 4 4 6 6 5 5 4 4 7 7 5 5 6 6 8 8 7 7 6 6 9 9 7 7 8 8 10 10 9 9 8 8 11 11 9 9 10 10 12 12 11 11 10 10 13 13 11 11 12 12 14 14 13 13 12 12 15 15 13 13 14 14 16 16 15 15 14 14 17 17 15 15 16 16 18 18 17 17 16 16 19 19 17 17 18 18 20 20 19 19 18 18 21 21 19 19 20 20 22 22 21 21 20 20 23 23 21 21 22 22 24 24 23 23 22 22 25 25 23 23 24 24 26 26 25 25 24 24 27 27 25 25 26 26 28 28 27 27 26 26 29 29 27 27 28 28 30 30 29 29 28 28 31 31 29 29 30 30 32 32 31 31 30 30 33 33 31 31 32 32 34 34 33 33 32 32 35 35 33 33 34 34 36 36 35 35 34 34 37 37 35 35 36 36 38 38 37 37 36 36 39 39 37 37 38 38 40 40 39 39 38 38 41 41 39 39 40 40 42 42 41 41 40 40 43 43 41 41 42 42 44 44 43 43 42 42 45 45 43 43 44 44 46 46 45 45 44 44 47 47 45 45 46 46 48 48 47 47 46 46 49 49 47 47 48 48 50 0 49 49 48 48 51 50 49 49 50 0 52 4 51 50 50 0 53 5 51 50 52 4 54 51 53 5 52 4 55 52 53 5 54 51 56 6 55 52 54 51 57 53 55 52 56 6 60 56 59 55 58 54 61 57 59 55 60 56 62 58 61 57 60 56 63 59 61 57 62 58 64 60 63 59 62 58 65 61 63 59 64 60 66 62 65 61 64 60 67 63 65 61 66 62 68 64 67 63 66 62 69 65 67 63 68 64 70 66 69 65 68 64 71 67 69 65 70 66 72 68 71 67 70 66 73 69 71 67 72 68 74 70 73 69 72 68 75 71 73 69 74 70 76 72 75 71 74 70 77 73 75 71 76 72 78 74 77 73 76 72 79 75 77 73 78 74 80 76 79 75 78 74 81 77 79 75 80 76 82 78 81 77 80 76 83 79 81 77 82 78 84 80 83 79 82 78 85 81 83 79 84 80 86 82 85 81 84 80 87 83 85 81 86 82 88 84 87 83 86 82 89 85 87 83 88 84 90 86 89 85 88 84 91 87 89 85 90 86 92 88 91 87 90 86 93 89 91 87 92 88 94 90 93 89 92 88 95 91 93 89 94 90 96 92 95 91 94 90 97 93 95 91 96 92 98 94 97 93 96 92 99 95 97 93 98 94 100 96 99 95 98 94 101 97 99 95 100 96 102 98 101 97 100 96 103 99 101 97 102 98 104 100 103 99 102 98 105 101 103 99 104 100 106 54 105 101 104 100 107 102 105 101 106 54 109 104 105 101 108 103 103 99 105 101 109 104 110 105 103 99 109 104 101 97 103 99 110 105 111 106 101 97 110 105 99 95 101 97 111 106 112 107 99 95 111 106 97 93 99 95 112 107 113 108 97 93 112 107 95 91 97 93 113 108 114 109 95 91 113 108 93 89 95 91 114 109 115 110 93 89 114 109 91 87 93 89 115 110 116 111 91 87 115 110 89 85 91 87 116 111 117 112 89 85 116 111 87 83 89 85 117 112 118 113 87 83 117 112 85 81 87 83 118 113 119 114 85 81 118 113 83 79 85 81 119 114 120 115 83 79 119 114 81 77 83 79 120 115 121 116 81 77 120 115 79 75 81 77 121 116 122 117 79 75 121 116 77 73 79 75 122 117 123 118 77 73 122 117 75 71 77 73 123 118 124 119 75 71 123 118 73 69 75 71 124 119 125 120 73 69 124 119 71 67 73 69 125 120 126 121 71 67 125 120 69 65 71 67 126 121 127 122 69 65 126 121 67 63 69 65 127 122 128 123 67 63 127 122 65 61 67 63 128 123 129 124 65 61 128 123 63 59 65 61 129 124 130 125 63 59 129 124 61 57 63 59 130 125 131 126 61 57 130 125 59 55 61 57 131 126 134 125 133 59 132 124 135 57 133 59 134 125 136 127 135 57 134 125 137 55 135 57 136 127 138 128 137 55 136 127 139 101 137 55 138 128 140 104 139 101 138 128 141 99 139 101 140 104 142 105 141 99 140 104 143 97 141 99 142 105 144 106 143 97 142 105 145 95 143 97 144 106 146 107 145 95 144 106 147 93 145 95 146 107 148 129 147 93 146 107 149 91 147 93 148 129 150 109 149 91 148 129 151 89 149 91 150 109 152 110 151 89 150 109 153 130 151 89 152 110 154 111 153 130 152 110 155 85 153 130 154 111 156 112 155 85 154 111 157 83 155 85 156 112 158 113 157 83 156 112 159 81 157 83 158 113 160 131 159 81 158 113 161 79 159 81 160 131 162 115 161 79 160 131 163 77 161 79 162 115 164 116 163 77 162 115 165 132 163 77 164 116 166 117 165 132 164 116 167 73 165 132 166 117 168 118 167 73 166 117 169 71 167 73 168 118 170 119 169 71 168 118 171 69 169 71 170 119 172 133 171 69 170 119 173 67 171 69 172 133 174 121 173 67 172 133 175 65 173 67 174 121 176 122 175 65 174 121 177 63 175 65 176 122 178 123 177 63 176 122 179 61 177 63 178 123 181 62 179 61 180 134 177 63 179 61 181 62 182 64 177 63 181 62 175 65 177 63 182 64 183 66 175 65 182 64 173 67 175 65 183 66 184 68 173 67 183 66 171 69 173 67 184 68 185 135 171 69 184 68 169 71 171 69 185 135 186 72 169 71 185 135 167 73 169 71 186 72 187 74 167 73 186 72 165 132 167 73 187 74 188 76 165 132 187 74 163 77 165 132 188 76 189 78 163 77 188 76 161 79 163 77 189 78 190 80 161 79 189 78 159 81 161 79 190 80 191 136 159 81 190 80 157 83 159 81 191 136 192 84 157 83 191 136 155 85 157 83 192 84 193 86 155 85 192 84 153 130 155 85 193 86 194 88 153 130 193 86 151 89 153 130 194 88 195 90 151 89 194 88 149 91 151 89 195 90 196 92 149 91 195 90 147 93 149 91 196 92 197 137 147 93 196 92 145 95 147 93 197 137 198 96 145 95 197 137 143 97 145 95 198 96 199 98 143 97 198 96 141 99 143 97 199 98 200 100 141 99 199 98 139 101 141 99 200 100 201 54 139 101 200 100 137 55 139 101 201 54 202 56 137 55 201 54 135 57 137 55 202 56 203 138 135 57 202 56 133 59 135 57 203 138 206 140 205 139 204 100 207 141 205 139 206 140 58 54 207 141 206 140 208 101 207 141 58 54 59 55 208 101 58 54 209 128 208 101 59 55 131 126 209 128 59 55 212 144 211 143 210 142 213 145 211 143 212 144 214 146 213 145 212 144 215 147 213 145 214 146 216 148 215 147 214 146 217 149 215 147 216 148 213 152 218 151 211 150 219 153 218 151 213 152 215 154 219 153 213 152 220 155 219 153 215 154 217 143 220 155 215 154 221 156 220 155 217 143 219 157 222 148 218 149 223 158 222 148 219 157 220 159 223 158 219 157 224 160 223 158 220 159 221 161 224 160 220 159 108 162 224 160 221 161 223 165 210 164 222 163 212 166 210 164 223 165 224 167 212 166 223 165 214 168 212 166 224 167 108 169 214 168 224 167 216 149 214 168 108 169 227 171 226 143 225 170 228 172 226 143 227 171 229 173 228 172 227 171 230 174 228 172 229 173 231 175 230 174 229 173 232 149 230 174 231 175 228 177 233 176 226 149 234 178 233 176 228 177 230 179 234 178 228 177 235 180 234 178 230 179 232 156 235 180 230 179 236 181 235 180 232 156 234 182 237 175 233 149 238 183 237 175 234 182 235 184 238 183 234 182 239 185 238 183 235 184 236 186 239 185 235 184 240 162 239 185 236 186 238 188 225 143 237 187 227 189 225 143 238 188 239 190 227 189 238 188 229 191 227 189 239 190 240 192 229 191 239 190 231 193 229 191 240 192 180 134 242 194 241 60 243 195 242 194 180 134 179 61 243 195 180 134 244 124 243 195 179 61 178 123 244 124 179 61 132 124 245 197 233 196 246 61 245 197 132 124 133 59 246 61 132 124 247 60 246 61 133 59 203 138 247 60 133 59 218 200 248 199 211 198 249 201 248 199 218 200 250 45 249 201 218 200 251 44 249 201 250 45 252 42 251 44 250 45 255 203 254 202 253 64 245 197 254 202 255 203 226 123 245 197 255 203 233 196 245 197 226 123 257 204 107 102 256 56 258 205 107 102 257 204 216 128 258 205 257 204 108 103 258 205 216 128 55 52 259 206 53 5 240 207 259 206 55 52 57 53 240 207 55 52 231 208 240 207 57 53 260 211 236 210 232 209 261 212 236 210 260 211 262 42 261 212 260 211 263 213 261 212 262 42 261 212 264 214 236 210 265 45 264 214 261 212 263 213 265 45 261 212 266 44 265 45 263 213 265 45 267 198 264 214 268 47 267 198 265 45 266 44 268 47 265 45 269 215 268 47 266 44 268 47 270 216 267 198 271 49 270 216 268 47 269 215 271 49 268 47 272 217 271 49 269 215 271 49 273 218 270 216 274 50 273 218 271 49 272 217 274 50 271 49 275 219 274 50 272 217 274 50 276 206 273 218 277 5 276 206 274 50 275 219 277 5 274 50 278 4 277 5 275 219 277 5 279 208 276 206 280 7 279 208 277 5 278 4 280 7 277 5 281 6 280 7 278 4 280 7 282 220 279 208 283 9 282 220 280 7 281 6 283 9 280 7 284 8 283 9 281 6 283 9 285 221 282 220 286 11 285 221 283 9 284 8 286 11 283 9 287 222 286 11 284 8 286 11 288 223 285 221 289 13 288 223 286 11 287 222 289 13 286 11 290 224 289 13 287 222 289 13 291 225 288 223 292 15 291 225 289 13 290 224 292 15 289 13 293 226 292 15 290 224 292 15 294 227 291 225 295 17 294 227 292 15 293 226 295 17 292 15 296 16 295 17 293 226 295 17 297 228 294 227 298 19 297 228 295 17 296 16 298 19 295 17 299 18 298 19 296 16 298 19 300 229 297 228 301 21 300 229 298 19 299 18 301 21 298 19 302 20 301 21 299 18 301 21 303 230 300 229 304 23 303 230 301 21 302 20 304 23 301 21 305 231 304 23 302 20 304 23 306 232 303 230 307 25 306 232 304 23 305 231 307 25 304 23 308 233 307 25 305 231 307 25 309 234 306 232 310 27 309 234 307 25 308 233 310 27 307 25 311 235 310 27 308 233 310 27 312 236 309 234 313 29 312 236 310 27 311 235 313 29 310 27 314 28 313 29 311 235 313 29 315 237 312 236 316 31 315 237 313 29 314 28 316 31 313 29 317 30 316 31 314 28 316 31 318 238 315 237 319 33 318 238 316 31 317 30 319 33 316 31 320 32 319 33 317 30 323 35 322 240 321 239 324 37 322 240 323 35 325 241 324 37 323 35 326 242 324 37 325 241 324 37 327 243 322 240 328 39 327 243 324 37 326 242 328 39 324 37 329 244 328 39 326 242 328 39 330 245 327 243 331 41 330 245 328 39 329 244 331 41 328 39 332 40 331 41 329 244 331 41 333 209 330 245 334 43 333 209 331 41 332 40 334 43 331 41 252 42 334 43 332 40 319 33 321 239 318 238 323 35 321 239 319 33 320 32 323 35 319 33 325 241 323 35 320 32 264 248 240 247 236 246 259 249 240 247 264 248 335 250 259 249 264 248 249 201 336 215 248 199 337 251 336 215 249 201 251 44 337 251 249 201 106 254 181 253 107 252 182 255 181 253 106 254 104 256 182 255 106 254 334 43 338 214 333 209 250 45 338 214 334 43 252 42 250 45 334 43 243 195 217 125 242 194 221 257 217 125 243 195 244 124 221 257 243 195 246 61 254 202 245 197 339 62 254 202 246 61 247 60 339 62 246 61 107 252 241 259 256 258 180 260 241 259 107 252 181 253 180 260 107 252 206 263 339 262 58 261 254 264 339 262 206 263 253 265 254 264 206 263 1 1 222 266 210 218 3 3 222 266 1 1 336 269 2 268 0 267 337 270 2 268 336 269 232 273 57 272 260 271 231 274 57 272 232 273 211 277 1 276 210 275 248 278 1 276 211 277 3 3 340 206 222 266 5 5 340 206 3 3 5 5 341 208 340 206 7 7 341 208 5 5 7 7 342 220 341 208 9 9 342 220 7 7 9 9 343 221 342 220 11 11 343 221 9 9 11 11 344 279 343 221 13 13 344 279 11 11 13 13 345 225 344 279 15 15 345 225 13 13 15 15 346 227 345 225 17 17 346 227 15 15 17 17 347 228 346 227 19 19 347 228 17 17 19 19 348 229 347 228 21 21 348 229 19 19 21 21 349 230 348 229 23 23 349 230 21 21 23 23 350 280 349 230 25 25 350 280 23 23 25 25 351 234 350 280 27 27 351 234 25 25 27 27 352 236 351 234 29 29 352 236 27 27 29 29 353 237 352 236 31 31 353 237 29 29 31 31 354 238 353 237 33 33 354 238 31 31 33 33 355 239 354 238 35 35 355 239 33 33 35 35 356 281 355 239 37 37 356 281 35 35 37 37 357 243 356 281 39 39 357 243 37 37 39 39 358 245 357 243 41 41 358 245 39 39 41 41 359 209 358 245 43 43 359 209 41 41 43 43 360 214 359 209 45 45 360 214 43 43 45 45 361 198 360 214 47 47 361 198 45 45 47 47 362 282 361 198 49 49 362 282 47 47 49 49 335 218 362 282 51 50 335 218 49 49 51 50 259 206 335 218 53 5 259 206 51 50 253 285 205 284 255 283 204 286 205 284 253 285 241 289 257 288 256 287 242 290 257 288 241 289 258 205 105 101 107 102 108 103 105 101 258 205 216 292 242 290 217 291 257 288 242 290 216 292 221 295 109 294 108 293 244 296 109 294 221 295 110 298 244 296 178 297 109 294 244 296 110 298 104 301 183 300 182 299 102 302 183 300 104 301 178 305 111 304 110 303 176 306 111 304 178 305 102 302 184 307 183 300 100 308 184 307 102 302 176 306 112 309 111 304 174 310 112 309 176 306 100 308 185 311 184 307 98 312 185 311 100 308 174 310 113 313 112 309 172 314 113 313 174 310 98 312 186 315 185 311 96 316 186 315 98 312 172 314 114 317 113 313 170 318 114 317 172 314 96 316 187 319 186 315 94 320 187 319 96 316 170 318 115 321 114 317 168 322 115 321 170 318 94 320 188 323 187 319 92 324 188 323 94 320 116 326 168 322 166 325 115 321 168 322 116 326 92 329 189 328 188 327 90 330 189 328 92 329 166 333 117 332 116 331 164 334 117 332 166 333 90 330 190 335 189 328 88 336 190 335 90 330 164 334 118 337 117 332 162 338 118 337 164 334 88 336 191 339 190 335 86 340 191 339 88 336 162 338 119 341 118 337 160 342 119 341 162 338 86 340 192 343 191 339 84 344 192 343 86 340 160 342 120 345 119 341 158 346 120 345 160 342 84 344 193 347 192 343 82 348 193 347 84 344 158 346 121 349 120 345 156 350 121 349 158 346 82 348 194 351 193 347 80 352 194 351 82 348 122 354 156 350 154 353 121 349 156 350 122 354 80 357 195 356 194 355 78 358 195 356 80 357 154 361 123 360 122 359 152 362 123 360 154 361 78 358 196 363 195 356 76 364 196 363 78 358 152 362 124 365 123 360 150 366 124 365 152 362 76 364 197 367 196 363 74 368 197 367 76 364 150 366 125 369 124 365 148 370 125 369 150 366 74 368 198 371 197 367 72 372 198 371 74 368 148 370 126 373 125 369 146 374 126 373 148 370 72 372 199 375 198 371 70 376 199 375 72 372 146 374 127 377 126 373 144 378 127 377 146 374 70 376 200 379 199 375 68 380 200 379 70 376 128 382 144 378 142 381 127 377 144 378 128 382 68 385 201 384 200 383 66 386 201 384 68 385 142 389 129 388 128 387 140 390 129 388 142 389 66 386 202 391 201 384 64 392 202 391 66 386 140 390 130 393 129 388 138 394 130 393 140 390 64 392 203 395 202 391 62 396 203 395 64 392 138 394 131 397 130 393 136 398 131 397 138 394 62 396 247 399 203 395 60 400 247 399 62 396 136 398 209 401 131 397 134 402 209 401 136 398 60 400 339 262 247 399 58 261 339 262 60 400 363 404 134 402 132 403 209 401 134 402 363 404 205 407 226 406 255 405 225 408 226 406 205 407 337 270 4 409 2 268 251 410 4 409 337 270 0 412 248 278 336 411 1 276 248 278 0 412 222 415 338 414 218 413 340 416 338 414 222 415 6 418 251 410 252 417 4 409 251 410 6 418 340 416 333 419 338 414 341 420 333 419 340 416 252 423 8 422 6 421 332 424 8 422 252 423 341 427 330 426 333 425 342 428 330 426 341 427 332 424 10 429 8 422 329 430 10 429 332 424 342 428 327 431 330 426 343 432 327 431 342 428 329 430 12 313 10 429 326 314 12 313 329 430 343 432 322 311 327 431 344 312 322 311 343 432 326 314 14 433 12 313 325 434 14 433 326 314 344 312 321 435 322 311 345 436 321 435 344 312 325 434 16 437 14 433 320 438 16 437 325 434 345 436 318 439 321 435 346 440 318 439 345 436 18 442 320 438 317 441 16 437 320 438 18 442 346 440 315 443 318 439 347 444 315 443 346 440 317 447 20 446 18 445 314 448 20 446 317 447 347 451 312 450 315 449 348 452 312 450 347 451 314 448 22 453 20 446 311 454 22 453 314 448 348 452 309 455 312 450 349 456 309 455 348 452 311 454 24 341 22 453 308 342 24 341 311 454 349 456 306 339 309 455 350 340 306 339 349 456 308 342 26 457 24 341 305 458 26 457 308 342 350 340 303 459 306 339 351 460 303 459 350 340 305 458 28 461 26 457 302 462 28 461 305 458 351 460 300 463 303 459 352 464 300 463 351 460 30 466 302 462 299 465 28 461 302 462 30 466 352 464 297 467 300 463 353 468 297 467 352 464 299 471 32 470 30 469 296 472 32 470 299 471 353 475 294 474 297 473 354 476 294 474 353 475 296 472 34 477 32 470 293 478 34 477 296 472 354 476 291 479 294 474 355 480 291 479 354 476 293 478 36 369 34 477 290 370 36 369 293 478 355 480 288 367 291 479 356 368 288 367 355 480 290 370 38 481 36 369 287 482 38 481 290 370 356 368 285 483 288 367 357 484 285 483 356 368 287 482 40 485 38 481 284 486 40 485 287 482 357 484 282 487 285 483 358 488 282 487 357 484 42 490 284 486 281 489 40 485 284 486 42 490 358 488 279 491 282 487 359 492 279 491 358 488 281 495 44 494 42 493 278 496 44 494 281 495 359 499 276 498 279 497 360 500 276 498 359 499 278 496 46 501 44 494 275 502 46 501 278 496 360 500 273 503 276 498 361 504 273 503 360 500 275 502 48 397 46 501 272 398 48 397 275 502 361 504 270 395 273 503 362 396 270 395 361 504 272 398 50 505 48 397 269 506 50 505 272 398 362 396 267 507 270 395 335 250 267 507 362 396 269 506 52 508 50 505 266 509 52 508 269 506 266 509 54 510 52 508 263 511 54 510 266 509 263 511 56 512 54 510 262 513 56 512 263 511 57 515 262 513 260 514 56 512 262 513 57 515 237 517 132 403 233 516 363 404 132 403 237 517 363 104 208 101 209 128 237 518 208 101 363 104 237 518 207 141 208 101 225 105 207 141 237 518 264 248 267 507 335 250 250 45 218 200 338 214 253 265 206 263 204 519 225 105 205 139 207 141 366 522 365 521 364 520 367 523 365 521 366 522 368 524 367 523 366 522 369 525 367 523 368 524 370 526 369 525 368 524 371 527 369 525 370 526 372 528 371 527 370 526 373 529 371 527 372 528 374 530 373 529 372 528 375 531 373 529 374 530 376 532 375 531 374 530 377 533 375 531 376 532 367 523 378 534 365 521 379 535 378 534 367 523 369 525 379 535 367 523 380 536 379 535 369 525 371 527 380 536 369 525 381 537 380 536 371 527 373 529 381 537 371 527 382 538 381 537 373 529 375 531 382 538 373 529 383 539 382 538 375 531 377 533 383 539 375 531 384 540 383 539 377 533 379 535 385 541 378 534 386 542 385 541 379 535 380 536 386 542 379 535 387 543 386 542 380 536 381 537 387 543 380 536 388 544 387 543 381 537 382 538 388 544 381 537 389 545 388 544 382 538 383 539 389 545 382 538 390 546 389 545 383 539 384 540 390 546 383 539 391 547 390 546 384 540 386 542 392 548 385 541 393 549 392 548 386 542 387 543 393 549 386 542 394 550 393 549 387 543 388 544 394 550 387 543 395 551 394 550 388 544 389 545 395 551 388 544 396 552 395 551 389 545 390 546 396 552 389 545 397 553 396 552 390 546 391 547 397 553 390 546 398 554 397 553 391 547 393 549 399 555 392 548 400 556 399 555 393 549 394 550 400 556 393 549 401 557 400 556 394 550 395 551 401 557 394 550 402 558 401 557 395 551 396 552 402 558 395 551 403 559 402 558 396 552 397 553 403 559 396 552 404 560 403 559 397 553 398 554 404 560 397 553 405 561 404 560 398 554 400 556 406 562 399 555 407 563 406 562 400 556 401 557 407 563 400 556 408 564 407 563 401 557 402 558 408 564 401 557 409 565 408 564 402 558 403 559 409 565 402 558 410 566 409 565 403 559 404 560 410 566 403 559 411 567 410 566 404 560 405 561 411 567 404 560 412 568 411 567 405 561 407 563 413 569 406 562 414 570 413 569 407 563 408 564 414 570 407 563 415 571 414 570 408 564 409 565 415 571 408 564 416 572 415 571 409 565 410 566 416 572 409 565 417 573 416 572 410 566 411 567 417 573 410 566 418 574 417 573 411 567 412 568 418 574 411 567 419 575 418 574 412 568 414 570 420 576 413 569 421 577 420 576 414 570 415 571 421 577 414 570 422 578 421 577 415 571 416 572 422 578 415 571 423 579 422 578 416 572 417 573 423 579 416 572 424 580 423 579 417 573 418 574 424 580 417 573 425 581 424 580 418 574 419 575 425 581 418 574 426 582 425 581 419 575 421 577 427 583 420 576 428 584 427 583 421 577 422 578 428 584 421 577 429 585 428 584 422 578 423 579 429 585 422 578 430 586 429 585 423 579 424 580 430 586 423 579 431 587 430 586 424 580 425 581 431 587 424 580 432 588 431 587 425 581 426 582 432 588 425 581 433 589 432 588 426 582 428 584 434 590 427 583 435 591 434 590 428 584 429 585 435 591 428 584 436 592 435 591 429 585 430 586 436 592 429 585 437 593 436 592 430 586 431 587 437 593 430 586 438 594 437 593 431 587 432 588 438 594 431 587 439 595 438 594 432 588 433 589 439 595 432 588 440 596 439 595 433 589 435 591 441 597 434 590 442 598 441 597 435 591 436 592 442 598 435 591 443 599 442 598 436 592 437 593 443 599 436 592 444 600 443 599 437 593 438 594 444 600 437 593 445 601 444 600 438 594 439 595 445 601 438 594 446 602 445 601 439 595 440 596 446 602 439 595 447 603 446 602 440 596 442 598 448 604 441 597 449 605 448 604 442 598 443 599 449 605 442 598 450 606 449 605 443 599 444 600 450 606 443 599 451 607 450 606 444 600 445 601 451 607 444 600 452 608 451 607 445 601 446 602 452 608 445 601 453 609 452 608 446 602 447 603 453 609 446 602 454 610 453 609 447 603 449 605 455 611 448 604 456 612 455 611 449 605 450 606 456 612 449 605 457 613 456 612 450 606 451 607 457 613 450 606 458 614 457 613 451 607 452 608 458 614 451 607 459 615 458 614 452 608 453 609 459 615 452 608 460 616 459 615 453 609 454 610 460 616 453 609 461 617 460 616 454 610 456 612 462 618 455 611 463 619 462 618 456 612 457 613 463 619 456 612 464 620 463 619 457 613 458 614 464 620 457 613 465 621 464 620 458 614 459 615 465 621 458 614 466 622 465 621 459 615 460 616 466 622 459 615 467 623 466 622 460 616 461 617 467 623 460 616 468 624 467 623 461 617 463 619 469 625 462 618 470 626 469 625 463 619 464 620 470 626 463 619 471 627 470 626 464 620 465 621 471 627 464 620 472 628 471 627 465 621 466 622 472 628 465 621 473 629 472 628 466 622 467 623 473 629 466 622 474 630 473 629 467 623 468 624 474 630 467 623 475 631 474 630 468 624 470 626 476 632 469 625 477 633 476 632 470 626 471 627 477 633 470 626 478 634 477 633 471 627 472 628 478 634 471 627 479 635 478 634 472 628 473 629 479 635 472 628 480 636 479 635 473 629 474 630 480 636 473 629 481 637 480 636 474 630 475 631 481 637 474 630 482 638 481 637 475 631 477 633 483 639 476 632 484 640 483 639 477 633 478 634 484 640 477 633 485 641 484 640 478 634 479 635 485 641 478 634 486 642 485 641 479 635 480 636 486 642 479 635 487 643 486 642 480 636 481 637 487 643 480 636 488 644 487 643 481 637 482 638 488 644 481 637 489 645 488 644 482 638 484 640 490 646 483 639 491 647 490 646 484 640 485 641 491 647 484 640 492 648 491 647 485 641 486 642 492 648 485 641 493 649 492 648 486 642 487 643 493 649 486 642 494 650 493 649 487 643 488 644 494 650 487 643 495 651 494 650 488 644 489 645 495 651 488 644 496 652 495 651 489 645 491 647 497 653 490 646 498 654 497 653 491 647 492 648 498 654 491 647 499 655 498 654 492 648 493 649 499 655 492 648 500 656 499 655 493 649 494 650 500 656 493 649 501 657 500 656 494 650 495 651 501 657 494 650 502 658 501 657 495 651 496 652 502 658 495 651 503 659 502 658 496 652 498 654 504 660 497 653 505 661 504 660 498 654 499 655 505 661 498 654 506 662 505 661 499 655 500 656 506 662 499 655 507 663 506 662 500 656 501 657 507 663 500 656 508 664 507 663 501 657 502 658 508 664 501 657 509 665 508 664 502 658 503 659 509 665 502 658 510 666 509 665 503 659 505 661 511 667 504 660 512 668 511 667 505 661 506 662 512 668 505 661 513 669 512 668 506 662 507 663 513 669 506 662 514 670 513 669 507 663 508 664 514 670 507 663 515 671 514 670 508 664 509 665 515 671 508 664 516 672 515 671 509 665 510 666 516 672 509 665 517 673 516 672 510 666 512 668 518 674 511 667 519 675 518 674 512 668 513 669 519 675 512 668 520 676 519 675 513 669 514 670 520 676 513 669 521 677 520 676 514 670 515 671 521 677 514 670 522 678 521 677 515 671 516 672 522 678 515 671 523 679 522 678 516 672 517 673 523 679 516 672 524 680 523 679 517 673 519 675 525 681 518 674 526 682 525 681 519 675 520 676 526 682 519 675 527 683 526 682 520 676 521 677 527 683 520 676 528 684 527 683 521 677 522 678 528 684 521 677 529 685 528 684 522 678 523 679 529 685 522 678 530 686 529 685 523 679 524 680 530 686 523 679 531 687 530 686 524 680 526 682 364 688 525 681 366 689 364 688 526 682 527 683 366 689 526 682 368 690 366 689 527 683 528 684 368 690 527 683 370 691 368 690 528 684 529 685 370 691 528 684 372 692 370 691 529 685 530 686 372 692 529 685 374 693 372 692 530 686 531 687 374 693 530 686 376 694 374 693 531 687</p>
                </polylist>
            </mesh>
        </geometry>
        <geometry id="mesh4_VC">
            <mesh>
                <source id="points4_VC">
                    <float_array id="pointarray4_VC" count="1596">954.1875 1193 217.5 993.625 1204.8125 216.25 931.0625 1173.1875 288.875 968.25 1186.0625 294 844.3125 1117.625 487.4375 875.1875 1133.375 510.4375 689.375 1042.25 689.375 713.25 1058 719.5625 487.4375 966.875 844.3125 502.75 982.625 879.6875 252.3125 891.4375 941.75 257.9375 907.25 979.8125 0 816.0625 974.9375 -4.4375 831.875 1013.1875 -252.3125 740.6875 941.75 -266.5 756.4375 977.5 -487.4375 665.3125 844.3125 -510.4375 681.0625 875.1875 -689.375 589.9375 689.375 -719.5625 605.6875 713.25 -844.3125 514.5625 487.4375 -879.625 530.3125 502.75 -941.75 439.125 252.3125 -979.8125 454.9375 257.9375 -974.9375 363.75 0 -1013.1875 379.5625 -4.4375 -941.75 288.375 -252.3125 -977.5 304.125 -266.5 -844.3125 213 -487.4375 -875.1875 228.75 -510.4375 -689.375 137.625 -689.375 -713.25 153.375 -719.5625 -487.4375 62.25 -844.3125 -502.75 78 -879.625 -252.3125 -13.125 -941.75 -257.9375 2.625 -979.8125 0 -88.5 -974.9375 4.4375 -72.6875 -1013.1875 252.3125 -163.875 -941.75 266.5 -148.125 -977.5 487.4375 -239.25 -844.3125 510.4375 -223.5 -875.1875 689.375 -314.625 -689.375 719.5625 -298.875 -713.25 844.3125 -390 -487.4375 879.6875 -374.25 -502.75 941.75 -465.4375 -252.3125 979.8125 -449.625 -257.9375 974.9375 -540.8125 0 1013.1875 -525 4.4375 941.75 -616.1875 252.3125 977.5 -600.4375 266.5 844.3125 -691.5625 487.4375 875.1875 -675.8125 510.4375 699.6875 -752.9375 694.1875 719.5625 -742.8125 728.75 673.375 -765.75 728.5 690.9375 -756.75 765.4375 1572.5 -691.5625 907.875 1719.1875 -602.5625 462.875 1753.875 -616.1875 469.9375 1780.375 -527.1875 2.125 1815.75 -540.8125 0 1720.3125 -451.8125 -458.6875 1753.875 -465.4375 -469.9375 1542.9375 -376.4375 -888.3125 1572.5 -390 -907.875 1260.4375 -301 -1257.375 1283.9375 -314.625 -1283.9375 892.0625 -225.625 -1540.75 907.875 -239.25 -1572.5 462.875 -150.25 -1719.1875 469.9375 -163.875 -1753.875 2.125 -74.875 -1780.375 0 -88.5 -1815.75 -458.6875 0.4375 -1720.3125 -469.9375 -13.125 -1753.875 -888.3125 75.8125 -1542.9375 -907.875 62.25 -1572.5 -1257.375 151.25 -1260.4375 -1283.9375 137.625 -1283.9375 -1540.75 226.625 -892.0625 -1572.5 213 -907.875 -1719.1875 302 -462.875 -1753.875 288.375 -469.9375 -1780.375 377.375 -2.125 -1815.75 363.75 0 -1720.25 452.75 458.6875 -1753.875 439.125 469.9375 -1542.9375 528.1875 888.3125 -1572.5 514.5625 907.875 -1260.4375 603.5625 1257.375 -1283.9375 589.9375 1283.9375 -892.0625 678.9375 1540.75 -907.875 665.3125 1572.5 -462.875 754.3125 1719.1875 -469.9375 740.6875 1753.875 -2.125 829.6875 1780.375 0 816.0625 1815.75 458.6875 905.0625 1720.3125 469.9375 891.4375 1753.875 888.3125 980.5 1542.9375 907.875 966.875 1572.5 1257.375 1055.875 1260.4375 1283.9375 1042.25 1283.9375 1540.75 1131.25 892.0625 1572.5 1117.625 907.875 1725.75 1177.625 522 1665 1177.625 502.6875 1517 1117.625 875.8125 1238.625 1042.25 1238.625 875.875 966.875 1517 453.375 891.4375 1692 0 816.0625 1751.6875 -453.3125 740.6875 1692 -875.8125 665.3125 1517 -1238.625 589.9375 1238.625 -1517 514.5625 875.875 -1692 439.125 453.375 -1751.6875 363.75 0 -1692 288.375 -453.3125 -1517 213 -875.8125 -1238.625 137.625 -1238.625 -875.875 62.25 -1517 -453.375 -13.125 -1692 0 -88.5 -1751.6875 453.3125 -163.875 -1692 875.8125 -239.25 -1517 1238.625 -314.625 -1238.625 1517 -390 -875.875 1692 -465.4375 -453.375 1751.6875 -540.8125 0 1517 -759.375 875.8125 1720.3125 -697.625 458.625 1692 -684 453.3125 1780.375 -622.1875 -2.1875 1751.6875 -608.625 0 1719.125 -546.8125 -462.875 1692 -533.1875 -453.375 1540.75 -471.4375 -892.0625 1517 -457.8125 -875.875 1257.375 -396.0625 -1260.5 1238.625 -382.4375 -1238.625 888.25 -320.6875 -1542.9375 875.8125 -307.0625 -1517 458.625 -245.3125 -1720.3125 453.3125 -231.6875 -1692 -2.1875 -169.875 -1780.375 0 -156.3125 -1751.6875 -462.875 -94.5 -1719.125 -453.375 -80.875 -1692 -892.0625 -19.125 -1540.75 -875.875 -5.5 -1517 -1260.5 56.1875 -1257.375 -1238.625 69.8125 -1238.625 -1542.9375 131.5625 -888.25 -1517 145.1875 -875.8125 -1720.3125 206.9375 -458.625 -1692 220.5625 -453.3125 -1780.375 282.375 2.1875 -1751.6875 296 0 -1719.125 357.75 462.9375 -1692 371.375 453.375 -1540.75 433.125 892.0625 -1517 446.75 875.875 -1257.375 508.5 1260.5 -1238.625 522.125 1238.625 -888.25 583.875 1542.9375 -875.8125 597.5 1517 -458.625 659.25 1720.3125 -453.3125 672.875 1692 2.1875 734.6875 1780.375 0 748.3125 1751.6875 462.875 810.0625 1719.125 453.375 823.6875 1692 892.0625 885.4375 1540.75 875.875 899.0625 1517 1260.5 960.8125 1257.375 1238.625 974.4375 1238.625 1542.9375 1036.1875 888.25 1725.75 1109.8125 522 1572.5 1049.8125 907.875 1283.9375 974.4375 1283.9375 907.875 899.0625 1572.5 469.9375 823.6875 1753.875 0 748.3125 1815.75 -469.9375 672.875 1753.875 -907.875 597.5 1572.5 -1283.9375 522.125 1283.9375 -1572.5 446.75 907.875 -1753.875 371.375 469.9375 -1815.75 296 0 -1753.875 220.5625 -469.9375 -1572.5 145.1875 -907.875 -1283.9375 69.8125 -1283.9375 -907.875 -5.5 -1572.5 -469.9375 -80.875 -1753.875 0 -156.3125 -1815.75 469.9375 -231.6875 -1753.875 907.875 -307.0625 -1572.5 1283.9375 -382.4375 -1283.9375 1572.5 -457.8125 -907.875 1753.875 -533.1875 -469.9375 1815.75 -608.625 0 1252.6875 -765.75 1310.3125 1219.875 -757.6875 1293.375 1285.3125 -757.1875 1267.8125 1252.6875 -748.5 1250.9375 1540.75 -677.9375 892.0625 1692 -616.1875 453.3125 1028.8125 1193 237.5 1028.8125 1125.1875 237.5 1038.875 1193 240.1875 1038.875 1125.1875 240.1875 1679.5625 1191.0625 414.125 1679.5625 1123.25 414.125 1693.625 1191.0625 417.9375 1693.625 1123.25 417.9375 1003.6875 1105.375 313.75 1013.75 1105.5 316.625 1651 1109.75 498.6875 1665 1109.8125 502.6875 1003.6875 1173.1875 313.75 1013.75 1173.25 316.625 1651 1177.5625 498.6875 1207.375 -765.75 1265.0625 1207.375 -833.5625 1265.0625 1193.0625 -765.75 1250.625 1193.0625 -833.5625 1250.625 740.1875 -765.75 795.375 740.1875 -833.5625 795.375 728 -765.75 783.125 728 -833.5625 783.125 1238.875 -825 1224 1224.5 -824.875 1209.6875 768.6875 -820.8125 758.1875 756.4375 -820.75 746.0625 1238.875 -757.1875 1224 1224.5 -757.0625 1209.6875 768.6875 -753.0625 758.1875 756.4375 -752.9375 746.0625 1755.5 1123.25 434.5 1724.4375 1115.1875 414.625 1694.9375 1100.75 502.125 1517 1049.8125 875.8125 1253.375 -834.9375 1249.5625 1542.9375 -773 888.25 1753.875 -684 469.9375 994.9375 1116.25 214.1875 970.4375 1094.625 290.5 879.6875 1034.0625 502.6875 844.3125 1049.8125 487.4375 689.375 974.4375 689.375 1252.6875 -833.5625 1310.3125 1285.3125 -825 1267.8125 1220.4375 -843 1292.3125 1755.5 1191.0625 434.5 1723.75 1200.5 415.625 1694 1187.8125 503.625 911.25 -691.5625 526.0625 692.0625 -845.3125 763.25 721.25 -833.1875 725.625 673.375 -833.5625 728.5 699.6875 -820.75 694.1875 911.25 -759.375 526.0625 879.6875 -775.125 502.6875 844.3125 -759.375 487.4375 1016.375 -684 272.3125 979.8125 -699.75 257.875 941.75 -684 252.3125 1052.25 -608.625 0 1013.1875 -624.375 -4.4375 974.9375 -608.625 0 1016.375 -533.1875 -272.3125 977.5 -549 -266.5 941.75 -533.1875 -252.3125 911.25 -457.8125 -526.125 875.1875 -473.625 -510.4375 844.3125 -457.8125 -487.4375 744 -382.4375 -744 713.25 -398.1875 -719.5625 689.375 -382.4375 -689.375 526.0625 -307.0625 -911.25 502.6875 -322.8125 -879.6875 487.4375 -307.0625 -844.3125 272.3125 -231.6875 -1016.375 257.875 -247.4375 -979.8125 252.3125 -231.6875 -941.75 0 -156.3125 -1052.25 -4.4375 -172.0625 -1013.1875 0 -156.3125 -974.9375 -272.3125 -80.875 -1016.375 -266.5 -96.6875 -977.5 -252.3125 -80.875 -941.75 -526.125 -5.5 -911.25 -510.4375 -21.25 -875.1875 -487.4375 -5.5 -844.3125 -744.0625 69.8125 -744 -719.5625 54.0625 -713.25 -689.375 69.8125 -689.375 -911.25 145.1875 -526.0625 -879.6875 129.4375 -502.6875 -844.3125 145.1875 -487.4375 -1016.375 220.5625 -272.3125 -979.8125 204.8125 -257.875 -941.75 220.5625 -252.3125 -1052.25 296 0 -1013.1875 280.1875 4.4375 -974.9375 296 0 -1016.375 371.375 272.3125 -977.5 355.5625 266.5 -941.75 371.375 252.3125 -911.25 446.75 526.125 -875.1875 431 510.4375 -844.3125 446.75 487.4375 -744 522.125 744.0625 -713.25 506.375 719.5625 -689.375 522.125 689.375 -526.0625 597.5 911.25 -502.6875 581.75 879.6875 -487.4375 597.5 844.3125 -272.3125 672.875 1016.375 0 748.3125 1052.25 -257.875 657.125 979.8125 4.4375 732.5 1013.1875 -252.3125 672.875 941.75 0 748.3125 974.9375 272.3125 823.6875 1016.375 266.5 807.875 977.5 252.3125 823.6875 941.75 526.125 899.0625 911.25 510.4375 883.3125 875.1875 487.4375 899.0625 844.3125 744 974.4375 744 719.5625 958.6875 713.25 1016.375 -616.1875 272.3125 954.1875 1125.1875 217.5 931.0625 1105.375 288.875 911.25 1049.8125 526.0625 1572.5 -759.375 907.875 911.25 1117.625 526.0625 744 1042.25 744 526.125 966.875 911.25 272.3125 891.4375 1016.375 0 816.0625 1052.25 -272.3125 740.6875 1016.375 -526.0625 665.3125 911.25 -744 589.9375 744.0625 -911.25 514.5625 526.125 -1016.375 439.125 272.3125 -1052.25 363.75 0 -1016.375 288.375 -272.3125 -911.25 213 -526.0625 -744.0625 137.625 -744 -526.125 62.25 -911.25 -272.3125 -13.125 -1016.375 0 -88.5 -1052.25 272.3125 -163.875 -1016.375 526.0625 -239.25 -911.25 744 -314.625 -744 911.25 -390 -526.125 1016.375 -465.4375 -272.3125 1052.25 -540.8125 0 1517 -691.5625 875.8125 0 -84.9375 -772.25 199.8125 -84.9375 -745.9375 0 -84.125 -784.25 202.9375 -84.125 -757.5 0 -60.5 -820.4375 212.3125 -60.5 -792.5 0 0 -835.25 216.125 0 -806.75 0 60.5 -820.4375 212.3125 60.5 -792.5 0 84.875 -775.3125 200.625 84.875 -748.875 0 72.8125 -761.875 197.1875 72.8125 -735.9375 386.125 -84.9375 -668.75 392.125 -84.125 -679.1875 410.1875 -60.5 -710.5 417.625 0 -723.3125 410.1875 60.5 -710.5 387.625 84.875 -671.4375 380.9375 72.8125 -659.8125 546.0625 -84.9375 -546.0625 554.5625 -84.125 -554.5625 580.125 -60.5 -580.125 590.5625 0 -590.5625 580.125 60.5 -580.125 548.1875 84.875 -548.1875 538.6875 72.8125 -538.6875 668.75 -84.9375 -386.125 679.1875 -84.125 -392.125 710.5 -60.5 -410.1875 723.3125 0 -417.625 710.5 60.5 -410.1875 671.4375 84.875 -387.625 659.8125 72.8125 -380.9375 745.9375 -84.9375 -199.8125 757.5 -84.125 -202.9375 792.5 -60.5 -212.3125 806.75 0 -216.125 792.5 60.5 -212.3125 748.875 84.875 -200.625 735.9375 72.8125 -197.1875 772.25 -84.9375 0 784.25 -84.125 0 820.4375 -60.5 0 835.25 0 0 820.4375 60.5 0 775.3125 84.875 0 761.875 72.8125 0 745.9375 -84.9375 199.8125 757.5 -84.125 202.9375 792.5 -60.5 212.3125 806.75 0 216.125 792.5 60.5 212.3125 748.875 84.875 200.625 735.9375 72.8125 197.1875 668.75 -84.9375 386.125 679.1875 -84.125 392.125 710.5 -60.5 410.1875 723.3125 0 417.625 710.5 60.5 410.1875 671.4375 84.875 387.625 659.8125 72.8125 380.9375 546.0625 -84.9375 546.0625 554.5625 -84.125 554.5625 580.125 -60.5 580.125 590.5625 0 590.5625 580.125 60.5 580.125 548.1875 84.875 548.1875 538.6875 72.8125 538.6875 386.125 -84.9375 668.75 392.125 -84.125 679.1875 410.1875 -60.5 710.5 417.625 0 723.3125 410.1875 60.5 710.5 387.625 84.875 671.4375 380.9375 72.8125 659.8125 199.8125 -84.9375 745.9375 202.9375 -84.125 757.5 212.3125 -60.5 792.5 216.125 0 806.75 212.3125 60.5 792.5 200.625 84.875 748.875 197.1875 72.8125 735.9375 0 -84.9375 772.25 0 -84.125 784.25 0 -60.5 820.4375 0 0 835.25 0 60.5 820.4375 0 84.875 775.3125 0 72.8125 761.875 -199.8125 -84.9375 745.9375 -202.9375 -84.125 757.5 -212.3125 -60.5 792.5 -216.125 0 806.75 -212.3125 60.5 792.5 -200.625 84.875 748.875 -197.1875 72.8125 735.9375 -386.125 -84.9375 668.75 -392.125 -84.125 679.1875 -410.1875 -60.5 710.5 -417.625 0 723.3125 -410.1875 60.5 710.5 -387.625 84.875 671.4375 -380.9375 72.8125 659.8125 -546.0625 -84.9375 546.0625 -554.5625 -84.125 554.5625 -580.125 -60.5 580.125 -590.5625 0 590.5625 -580.125 60.5 580.125 -548.1875 84.875 548.1875 -538.6875 72.8125 538.6875 -668.75 -84.9375 386.125 -679.1875 -84.125 392.125 -710.5 -60.5 410.1875 -723.3125 0 417.625 -710.5 60.5 410.1875 -671.4375 84.875 387.625 -659.8125 72.8125 380.9375 -745.9375 -84.9375 199.8125 -757.5 -84.125 202.9375 -792.5 -60.5 212.3125 -806.75 0 216.125 -792.5 60.5 212.3125 -748.875 84.875 200.625 -735.9375 72.8125 197.1875 -772.25 -84.9375 0 -784.25 -84.125 0 -820.4375 -60.5 0 -835.25 0 0 -820.4375 60.5 0 -775.3125 84.875 0 -761.875 72.8125 0 -745.9375 -84.9375 -199.8125 -757.5 -84.125 -202.9375 -792.5 -60.5 -212.3125 -806.75 0 -216.125 -792.5 60.5 -212.3125 -748.875 84.875 -200.625 -735.9375 72.8125 -197.1875 -668.75 -84.9375 -386.125 -679.1875 -84.125 -392.125 -710.5 -60.5 -410.1875 -723.3125 0 -417.625 -710.5 60.5 -410.1875 -671.4375 84.875 -387.625 -659.8125 72.8125 -380.9375 -546.0625 -84.9375 -546.0625 -554.5625 -84.125 -554.5625 -580.125 -60.5 -580.125 -590.5625 0 -590.5625 -580.125 60.5 -580.125 -548.1875 84.875 -548.1875 -538.6875 72.8125 -538.6875 -386.125 -84.9375 -668.75 -392.125 -84.125 -679.1875 -410.1875 -60.5 -710.5 -417.625 0 -723.3125 -410.1875 60.5 -710.5 -387.625 84.875 -671.4375 -380.9375 72.8125 -659.8125 -199.8125 -84.9375 -745.9375 -202.9375 -84.125 -757.5 -212.3125 -60.5 -792.5 -216.125 0 -806.75 -212.3125 60.5 -792.5 -200.625 84.875 -748.875 -197.1875 72.8125 -735.9375</float_array>
                    <technique_common>
                        <accessor count="532" source="#pointarray4_VC" stride="3">
                            <param name="X" type="float"/>
                            <param name="Y" type="float"/>
                            <param name="Z" type="float"/>
                        </accessor>
                    </technique_common>
                </source>
                <source id="uvs4_VC">
                    <float_array id="uvarray4_VC" count="1094">0.08837890625 0.16536458333333337 0.77685546875 0.8346354166666666 0.77392578125 0.9986979166666666 0.77392578125 0.8346354166666666 0.18798828125 0.20703125 0.19091796875 0.18880208333333337 0.18798828125 0.18880208333333337 0.19189453125 0.18880208333333337 0.19189453125 0.20703125 0.19482421875 0.18880208333333337 0.44970703125 0.6653645833333333 0.45263671875 0.5846354166666667 0.44970703125 0.5846354166666667 0.45654296875 0.5846354166666667 0.45361328125 0.6653645833333333 0.45361328125 0.5846354166666667 0.19580078125 0.20703125 0.19580078125 0.18880208333333337 0.19873046875 0.18880208333333337 0.20263671875 0.18880208333333337 0.19970703125 0.20703125 0.19970703125 0.18880208333333337 0.45751953125 0.6653645833333333 0.46044921875 0.5846354166666667 0.45751953125 0.5846354166666667 0.46435546875 0.5846354166666667 0.46142578125 0.6653645833333333 0.46142578125 0.5846354166666667 0.46533203125 0.6653645833333333 0.46533203125 0.5846354166666667 0.46826171875 0.5846354166666667 0.46923828125 0.5846354166666667 0.46923828125 0.6653645833333333 0.47216796875 0.5846354166666667 0.78076171875 0.8346354166666666 0.77783203125 0.9986979166666666 0.77783203125 0.8346354166666666 0.20361328125 0.20703125 0.20361328125 0.18880208333333337 0.20654296875 0.18880208333333337 0.20751953125 0.18880208333333337 0.20751953125 0.20703125 0.21044921875 0.18880208333333337 0.47314453125 0.6653645833333333 0.47314453125 0.5846354166666667 0.47607421875 0.5846354166666667 0.47705078125 0.5846354166666667 0.47705078125 0.6653645833333333 0.47998046875 0.5846354166666667 0.21142578125 0.20703125 0.21435546875 0.18880208333333337 0.21142578125 0.18880208333333337 0.21533203125 0.18880208333333337 0.21533203125 0.20703125 0.21826171875 0.18880208333333337 0.48095703125 0.6653645833333333 0.48095703125 0.5846354166666667 0.48388671875 0.5846354166666667 0.48486328125 0.5846354166666667 0.48486328125 0.6653645833333333 0.48779296875 0.5846354166666667 0.48876953125 0.6653645833333333 0.49169921875 0.5846354166666667 0.48876953125 0.5846354166666667 0.49560546875 0.5846354166666667 0.49267578125 0.6653645833333333 0.49267578125 0.5846354166666667 0.78173828125 0.8346354166666666 0.78173828125 0.9986979166666666 0.78466796875 0.8346354166666666 0.21923828125 0.20703125 0.22216796875 0.18880208333333337 0.21923828125 0.18880208333333337 0.22314453125 0.18880208333333337 0.22314453125 0.20703125 0.22607421875 0.18880208333333337 0.49658203125 0.6653645833333333 0.49951171875 0.5846354166666667 0.49658203125 0.5846354166666667 0.45263671875 0.5013020833333333 0.44970703125 0.58203125 0.44970703125 0.5013020833333333 0.22705078125 0.20703125 0.22705078125 0.18880208333333337 0.22998046875 0.18880208333333337 0.23095703125 0.18880208333333337 0.23095703125 0.20703125 0.23388671875 0.18880208333333337 0.45361328125 0.58203125 0.45361328125 0.5013020833333333 0.45654296875 0.5013020833333333 0.46044921875 0.5013020833333333 0.45751953125 0.58203125 0.45751953125 0.5013020833333333 0.46142578125 0.58203125 0.46142578125 0.5013020833333333 0.46435546875 0.5013020833333333 0.46533203125 0.5013020833333333 0.46533203125 0.58203125 0.46826171875 0.5013020833333333 0.46923828125 0.58203125 0.46923828125 0.5013020833333333 0.47216796875 0.5013020833333333 0.23486328125 0.18880208333333337 0.23486328125 0.20703125 0.23779296875 0.18880208333333337 0.47314453125 0.58203125 0.47607421875 0.5013020833333333 0.47314453125 0.5013020833333333 0.47705078125 0.5013020833333333 0.47705078125 0.58203125 0.47998046875 0.5013020833333333 0.48095703125 0.58203125 0.48388671875 0.5013020833333333 0.48095703125 0.5013020833333333 0.48779296875 0.5013020833333333 0.48486328125 0.58203125 0.48486328125 0.5013020833333333 0.24169921875 0.18880208333333337 0.23876953125 0.20703125 0.23876953125 0.18880208333333337 0.48876953125 0.58203125 0.48876953125 0.5013020833333333 0.49169921875 0.5013020833333333 0.49951171875 0.5013020833333333 0.49267578125 0.58203125 0.49267578125 0.5013020833333333 0.09423828125 0.12630208333333337 0.09423828125 0.16536458333333337 0.10107421875 0.12630208333333337 0.37548828125 0.41796875 0.37548828125 0.49869791666666663 0.37841796875 0.41796875 0.37939453125 0.49869791666666663 0.38232421875 0.41796875 0.37939453125 0.41796875 0.38330078125 0.41796875 0.38330078125 0.49869791666666663 0.38623046875 0.41796875 0.24267578125 0.20703125 0.24267578125 0.18880208333333337 0.24560546875 0.18880208333333337 0.24658203125 0.18880208333333337 0.24658203125 0.20703125 0.24951171875 0.18880208333333337 0.09033203125 0.16536458333333337 0.09326171875 0.12630208333333337 0.09033203125 0.12630208333333337 0.39111328125 0.41796875 0.39111328125 0.49869791666666663 0.39794921875 0.41796875 0.19091796875 0.16796875 0.18798828125 0.18619791666666663 0.18798828125 0.16796875 0.38720703125 0.41796875 0.38720703125 0.49869791666666663 0.39013671875 0.41796875 0.39892578125 0.49869791666666663 0.40185546875 0.41796875 0.39892578125 0.41796875 0.40576171875 0.41796875 0.40283203125 0.49869791666666663 0.40283203125 0.41796875 0.12158203125 0.16536458333333337 0.12451171875 0.12630208333333337 0.19482421875 0.16796875 0.19189453125 0.18619791666666663 0.19189453125 0.16796875 0.40673828125 0.49869791666666663 0.40673828125 0.41796875 0.40966796875 0.41796875 0.41357421875 0.41796875 0.41064453125 0.49869791666666663 0.41064453125 0.41796875 0.19580078125 0.18619791666666663 0.19580078125 0.16796875 0.19873046875 0.16796875 0.19970703125 0.16796875 0.19970703125 0.18619791666666663 0.20263671875 0.16796875 0.41455078125 0.49869791666666663 0.41455078125 0.41796875 0.41748046875 0.41796875 0.42138671875 0.41796875 0.41845703125 0.49869791666666663 0.41845703125 0.41796875 0.42236328125 0.49869791666666663 0.42236328125 0.41796875 0.42529296875 0.41796875 0.42626953125 0.41796875 0.42626953125 0.49869791666666663 0.42919921875 0.41796875 0.10205078125 0.16536458333333337 0.10498046875 0.12630208333333337 0.20361328125 0.18619791666666663 0.20654296875 0.16796875 0.20361328125 0.16796875 0.20751953125 0.16796875 0.20751953125 0.18619791666666663 0.21044921875 0.16796875 0.43017578125 0.49869791666666663 0.43017578125 0.41796875 0.43310546875 0.41796875 0.43701171875 0.41796875 0.43408203125 0.49869791666666663 0.43408203125 0.41796875 0.78564453125 0.9986979166666666 0.78564453125 0.8346354166666666 0.78857421875 0.8346354166666666 0.79248046875 0.8346354166666666 0.78955078125 0.9986979166666666 0.78955078125 0.8346354166666666 0.79638671875 0.8346354166666666 0.79345703125 0.9986979166666666 0.79345703125 0.8346354166666666 0.10205078125 0.12630208333333337 0.10888671875 0.12630208333333337 0.10595703125 0.16536458333333337 0.10595703125 0.12630208333333337 0.44091796875 0.41796875 0.43798828125 0.49869791666666663 0.43798828125 0.41796875 0.21142578125 0.18619791666666663 0.21142578125 0.16796875 0.21435546875 0.16796875 0.21533203125 0.16796875 0.21533203125 0.18619791666666663 0.21826171875 0.16796875 0.44189453125 0.49869791666666663 0.44482421875 0.41796875 0.44189453125 0.41796875 0.44873046875 0.41796875 0.44580078125 0.49869791666666663 0.44580078125 0.41796875 0.79736328125 0.9986979166666666 0.79736328125 0.8346354166666666 0.80029296875 0.8346354166666666 0.80126953125 0.8346354166666666 0.80126953125 0.9986979166666666 0.80419921875 0.8346354166666666 0.21923828125 0.18619791666666663 0.22216796875 0.16796875 0.21923828125 0.16796875 0.09423828125 0.12369791666666663 0.09716796875 0.08463541666666663 0.44970703125 0.41796875 0.44970703125 0.49869791666666663 0.45263671875 0.41796875 0.22314453125 0.18619791666666663 0.22607421875 0.16796875 0.22314453125 0.16796875 0.80517578125 0.9986979166666666 0.80810546875 0.8346354166666666 0.80517578125 0.8346354166666666 0.45654296875 0.41796875 0.45361328125 0.49869791666666663 0.45361328125 0.41796875 0.22998046875 0.16796875 0.22705078125 0.18619791666666663 0.22705078125 0.16796875 0.45751953125 0.49869791666666663 0.45751953125 0.41796875 0.46044921875 0.41796875 0.46435546875 0.41796875 0.46142578125 0.49869791666666663 0.46142578125 0.41796875 0.46533203125 0.49869791666666663 0.46533203125 0.41796875 0.46826171875 0.41796875 0.80908203125 0.8346354166666666 0.80908203125 0.9986979166666666 0.81201171875 0.8346354166666666 0.81298828125 0.8346354166666666 0.81298828125 0.9986979166666666 0.81591796875 0.8346354166666666 0.23095703125 0.18619791666666663 0.23388671875 0.16796875 0.23095703125 0.16796875 0.23486328125 0.16796875 0.23486328125 0.18619791666666663 0.23779296875 0.16796875 0.46923828125 0.49869791666666663 0.47216796875 0.41796875 0.46923828125 0.41796875 0.47314453125 0.49869791666666663 0.47314453125 0.41796875 0.47607421875 0.41796875 0.47705078125 0.41796875 0.47705078125 0.49869791666666663 0.47998046875 0.41796875 0.81689453125 0.9986979166666666 0.81982421875 0.8346354166666666 0.81689453125 0.8346354166666666 0.48388671875 0.41796875 0.48095703125 0.49869791666666663 0.48095703125 0.41796875 0.82373046875 0.8346354166666666 0.82080078125 0.9986979166666666 0.82080078125 0.8346354166666666 0.10986328125 0.16536458333333337 0.10986328125 0.12630208333333337 0.11279296875 0.12630208333333337 0.48779296875 0.41796875 0.48486328125 0.49869791666666663 0.48486328125 0.41796875 0.23876953125 0.18619791666666663 0.23876953125 0.16796875 0.24169921875 0.16796875 0.49169921875 0.41796875 0.48876953125 0.49869791666666663 0.48876953125 0.41796875 0.82470703125 0.9986979166666666 0.82470703125 0.8346354166666666 0.82763671875 0.8346354166666666 0.82861328125 0.8346354166666666 0.82861328125 0.9986979166666666 0.83154296875 0.8346354166666666 0.83251953125 0.8346354166666666 0.83251953125 0.9986979166666666 0.83544921875 0.8346354166666666 0.11376953125 0.16536458333333337 0.11669921875 0.12630208333333337 0.11376953125 0.12630208333333337 0.12060546875 0.12630208333333337 0.11767578125 0.16536458333333337 0.11767578125 0.12630208333333337 0.24560546875 0.16796875 0.24267578125 0.18619791666666663 0.24267578125 0.16796875 0.49267578125 0.49869791666666663 0.49267578125 0.41796875 0.49560546875 0.41796875 0.49658203125 0.41796875 0.49658203125 0.49869791666666663 0.49951171875 0.41796875 0.83642578125 0.9986979166666666 0.83935546875 0.8346354166666666 0.83642578125 0.8346354166666666 0.84033203125 0.8346354166666666 0.84033203125 0.9986979166666666 0.84326171875 0.8346354166666666 0.24658203125 0.18619791666666663 0.24951171875 0.16796875 0.24658203125 0.16796875 0.12841796875 0.14713541666666663 0.12548828125 0.16536458333333337 0.12548828125 0.14713541666666663 0.37548828125 0.41536458333333337 0.37548828125 0.33463541666666663 0.37841796875 0.33463541666666663 0.12939453125 0.14713541666666663 0.12939453125 0.16536458333333337 0.13232421875 0.14713541666666663 0.37939453125 0.41536458333333337 0.37939453125 0.33463541666666663 0.38232421875 0.33463541666666663 0.38623046875 0.33463541666666663 0.38330078125 0.41536458333333337 0.38330078125 0.33463541666666663 0.38720703125 0.41536458333333337 0.38720703125 0.33463541666666663 0.39013671875 0.33463541666666663 0.39404296875 0.33463541666666663 0.39111328125 0.41536458333333337 0.39111328125 0.33463541666666663 0.84423828125 0.8346354166666666 0.84423828125 0.9986979166666666 0.84716796875 0.8346354166666666 0.13330078125 0.16536458333333337 0.13623046875 0.14713541666666663 0.13330078125 0.14713541666666663 0.13720703125 0.14713541666666663 0.13720703125 0.16536458333333337 0.14013671875 0.14713541666666663 0.39794921875 0.33463541666666663 0.39501953125 0.41536458333333337 0.39501953125 0.33463541666666663 0.14111328125 0.14713541666666663 0.14111328125 0.16536458333333337 0.14404296875 0.14713541666666663 0.39892578125 0.41536458333333337 0.39892578125 0.33463541666666663 0.40185546875 0.33463541666666663 0.40283203125 0.33463541666666663 0.40283203125 0.41536458333333337 0.40576171875 0.33463541666666663 0.14501953125 0.16536458333333337 0.14501953125 0.14713541666666663 0.14794921875 0.14713541666666663 0.14892578125 0.14713541666666663 0.14892578125 0.16536458333333337 0.15185546875 0.14713541666666663 0.40673828125 0.41536458333333337 0.40966796875 0.33463541666666663 0.40673828125 0.33463541666666663 0.41064453125 0.33463541666666663 0.41064453125 0.41536458333333337 0.41357421875 0.33463541666666663 0.15283203125 0.16536458333333337 0.15576171875 0.14713541666666663 0.15283203125 0.14713541666666663 0.41455078125 0.33463541666666663 0.41455078125 0.41536458333333337 0.41748046875 0.33463541666666663 0.41845703125 0.41536458333333337 0.42138671875 0.33463541666666663 0.41845703125 0.33463541666666663 0.84814453125 0.8346354166666666 0.84814453125 0.9986979166666666 0.85107421875 0.8346354166666666 0.15673828125 0.16536458333333337 0.15966796875 0.14713541666666663 0.15673828125 0.14713541666666663 0.16357421875 0.14713541666666663 0.16064453125 0.16536458333333337 0.16064453125 0.14713541666666663 0.42236328125 0.41536458333333337 0.42236328125 0.33463541666666663 0.42529296875 0.33463541666666663 0.42626953125 0.33463541666666663 0.42626953125 0.41536458333333337 0.42919921875 0.33463541666666663 0.85498046875 0.8346354166666666 0.85205078125 0.9986979166666666 0.85205078125 0.8346354166666666 0.16455078125 0.16536458333333337 0.16455078125 0.14713541666666663 0.16748046875 0.14713541666666663 0.43017578125 0.41536458333333337 0.43310546875 0.33463541666666663 0.43017578125 0.33463541666666663 0.43408203125 0.33463541666666663 0.43408203125 0.41536458333333337 0.43701171875 0.33463541666666663 0.16845703125 0.16536458333333337 0.17138671875 0.14713541666666663 0.16845703125 0.14713541666666663 0.17236328125 0.14713541666666663 0.17236328125 0.16536458333333337 0.17529296875 0.14713541666666663 0.43798828125 0.33463541666666663 0.43798828125 0.41536458333333337 0.44091796875 0.33463541666666663 0.44189453125 0.41536458333333337 0.44482421875 0.33463541666666663 0.44189453125 0.33463541666666663 0.44873046875 0.33463541666666663 0.44580078125 0.41536458333333337 0.44580078125 0.33463541666666663 0.85888671875 0.8346354166666666 0.85595703125 0.9986979166666666 0.85595703125 0.8346354166666666 0.12158203125 0.12630208333333337 0.09326171875 0.08463541666666663 0.09033203125 0.12369791666666663 0.09033203125 0.08463541666666663 0.44970703125 0.41536458333333337 0.44970703125 0.33463541666666663 0.45263671875 0.33463541666666663 0.45361328125 0.33463541666666663 0.45361328125 0.41536458333333337 0.45654296875 0.33463541666666663 0.17626953125 0.16536458333333337 0.17919921875 0.14713541666666663 0.17626953125 0.14713541666666663 0.18017578125 0.14713541666666663 0.18017578125 0.16536458333333337 0.18310546875 0.14713541666666663 0.45751953125 0.41536458333333337 0.45751953125 0.33463541666666663 0.46044921875 0.33463541666666663 0.46435546875 0.33463541666666663 0.46142578125 0.41536458333333337 0.46142578125 0.33463541666666663 0.46533203125 0.41536458333333337 0.46533203125 0.33463541666666663 0.46826171875 0.33463541666666663 0.47216796875 0.33463541666666663 0.46923828125 0.41536458333333337 0.46923828125 0.33463541666666663 0.09423828125 0.08463541666666663 0.47314453125 0.41536458333333337 0.47607421875 0.33463541666666663 0.47314453125 0.33463541666666663 0.47998046875 0.33463541666666663 0.47705078125 0.41536458333333337 0.47705078125 0.33463541666666663 0.18408203125 0.16536458333333337 0.18408203125 0.14713541666666663 0.18701171875 0.14713541666666663 0.18798828125 0.14713541666666663 0.18798828125 0.16536458333333337 0.19091796875 0.14713541666666663 0.48095703125 0.41536458333333337 0.48388671875 0.33463541666666663 0.48095703125 0.33463541666666663 0.85986328125 0.9986979166666666 0.85986328125 0.8346354166666666 0.86279296875 0.8346354166666666 0.86376953125 0.8346354166666666 0.86376953125 0.9986979166666666 0.86669921875 0.8346354166666666 0.19189453125 0.16536458333333337 0.19482421875 0.14713541666666663 0.19189453125 0.14713541666666663 0.19873046875 0.14713541666666663 0.19580078125 0.16536458333333337 0.19580078125 0.14713541666666663 0.48779296875 0.33463541666666663 0.48486328125 0.41536458333333337 0.48486328125 0.33463541666666663 0.48876953125 0.33463541666666663 0.48876953125 0.41536458333333337 0.49169921875 0.33463541666666663 0.86767578125 0.9986979166666666 0.87060546875 0.8346354166666666 0.86767578125 0.8346354166666666 0.49560546875 0.33463541666666663 0.49267578125 0.41536458333333337 0.49267578125 0.33463541666666663 0.19970703125 0.16536458333333337 0.19970703125 0.14713541666666663 0.20263671875 0.14713541666666663 0.49658203125 0.41536458333333337 0.49951171875 0.33463541666666663 0.49658203125 0.33463541666666663 0.50048828125 0.5846354166666667 0.50048828125 0.6653645833333333 0.50341796875 0.5846354166666667 0.20361328125 0.16536458333333337 0.20361328125 0.14713541666666663 0.20654296875 0.14713541666666663 0.20751953125 0.14713541666666663 0.20751953125 0.16536458333333337 0.21044921875 0.14713541666666663 0.50439453125 0.6653645833333333 0.50439453125 0.5846354166666667 0.50732421875 0.5846354166666667 0.51123046875 0.5846354166666667 0.50830078125 0.6653645833333333 0.50830078125 0.5846354166666667 0.21142578125 0.16536458333333337 0.21142578125 0.14713541666666663 0.21435546875 0.14713541666666663 0.51513671875 0.5846354166666667 0.51220703125 0.6653645833333333 0.51220703125 0.5846354166666667</float_array>
                    <technique_common>
                        <accessor count="547" source="#uvarray4_VC" stride="2">
                            <param name="S" type="float"/>
                            <param name="T" type="float"/>
                        </accessor>
                    </technique_common>
                </source>
                <vertices id="vertices4_VC">
                    <input semantic="POSITION" source="#points4_VC"/>
                </vertices>
                <polylist count="1016" material="Material1">
                    <input offset="0" semantic="VERTEX" source="#vertices4_VC"/>
                    <input offset="1" semantic="TEXCOORD" source="#uvs4_VC" set="0"/>
                    <vcount>3 3 3 3 3 3 3 3 3 3 3 3 3 3 3 3 3 3 3 3 3 3 3 3 3 3 3 3 3 3 3 3 3 3 3 3 3 3 3 3 3 3 3 3 3 3 3 3 3 3 3 3 3 3 3 3 3 3 3 3 3 3 3 3 3 3 3 3 3 3 3 3 3 3 3 3 3 3 3 3 3 3 3 3 3 3 3 3 3 3 3 3 3 3 3 3 3 3 3 3 3 3 3 3 3 3 3 3 3 3 3 3 3 3 3 3 3 3 3 3 3 3 3 3 3 3 3 3 3 3 3 3 3 3 3 3 3 3 3 3 3 3 3 3 3 3 3 3 3 3 3 3 3 3 3 3 3 3 3 3 3 3 3 3 3 3 3 3 3 3 3 3 3 3 3 3 3 3 3 3 3 3 3 3 3 3 3 3 3 3 3 3 3 3 3 3 3 3 3 3 3 3 3 3 3 3 3 3 3 3 3 3 3 3 3 3 3 3 3 3 3 3 3 3 3 3 3 3 3 3 3 3 3 3 3 3 3 3 3 3 3 3 3 3 3 3 3 3 3 3 3 3 3 3 3 3 3 3 3 3 3 3 3 3 3 3 3 3 3 3 3 3 3 3 3 3 3 3 3 3 3 3 3 3 3 3 3 3 3 3 3 3 3 3 3 3 3 3 3 3 3 3 3 3 3 3 3 3 3 3 3 3 3 3 3 3 3 3 3 3 3 3 3 3 3 3 3 3 3 3 3 3 3 3 3 3 3 3 3 3 3 3 3 3 3 3 3 3 3 3 3 3 3 3 3 3 3 3 3 3 3 3 3 3 3 3 3 3 3 3 3 3 3 3 3 3 3 3 3 3 3 3 3 3 3 3 3 3 3 3 3 3 3 3 3 3 3 3 3 3 3 3 3 3 3 3 3 3 3 3 3 3 3 3 3 3 3 3 3 3 3 3 3 3 3 3 3 3 3 3 3 3 3 3 3 3 3 3 3 3 3 3 3 3 3 3 3 3 3 3 3 3 3 3 3 3 3 3 3 3 3 3 3 3 3 3 3 3 3 3 3 3 3 3 3 3 3 3 3 3 3 3 3 3 3 3 3 3 3 3 3 3 3 3 3 3 3 3 3 3 3 3 3 3 3 3 3 3 3 3 3 3 3 3 3 3 3 3 3 3 3 3 3 3 3 3 3 3 3 3 3 3 3 3 3 3 3 3 3 3 3 3 3 3 3 3 3 3 3 3 3 3 3 3 3 3 3 3 3 3 3 3 3 3 3 3 3 3 3 3 3 3 3 3 3 3 3 3 3 3 3 3 3 3 3 3 3 3 3 3 3 3 3 3 3 3 3 3 3 3 3 3 3 3 3 3 3 3 3 3 3 3 3 3 3 3 3 3 3 3 3 3 3 3 3 3 3 3 3 3 3 3 3 3 3 3 3 3 3 3 3 3 3 3 3 3 3 3 3 3 3 3 3 3 3 3 3 3 3 3 3 3 3 3 3 3 3 3 3 3 3 3 3 3 3 3 3 3 3 3 3 3 3 3 3 3 3 3 3 3 3 3 3 3 3 3 3 3 3 3 3 3 3 3 3 3 3 3 3 3 3 3 3 3 3 3 3 3 3 3 3 3 3 3 3 3 3 3 3 3 3 3 3 3 3 3 3 3 3 3 3 3 3 3 3 3 3 3 3 3 3 3 3 3 3 3 3 3 3 3 3 3 3 3 3 3 3 3 3 3 3 3 3 3 3 3 3 3 3 3 3 3 3 3 3 3 3 3 3 3 3 3 3 3 3 3 3 3 3 3 3 3 3 3 3 3 3 3 3 3 3 3 3 3 3 3 3 3 3 3 3 3 3 3 3 3 3 3 3 3 3 3 3 3 3 3 3 3 3 3 3 3 3 3 3 3 3 3 3 3 3 3 3 3 3 3 3 3 3 3 3 3 3 3 3 3 3 3 3 3 3 3 3 3 3 3 3 3 3 3 3 3 3 3 3 3 3 3 3 3 3 3 3 3 3 3 3 3 3 3 3 3 3 3 3 3 3 3 3 3 3 3 3 3 3 3 3 3 3 3 3 3 3 3 3 3 3 3 3 3 3 3 3 3 3 3 3 3 3 3 3 3 3 3 3 3 3 3 3 3 3 3 3 3 3 3 3 3 3 3 3 3 3 3 3 3 3 3 3 3 3 3 3 3 3 3 3 3 3 3 3 3 3 3 3 3 3 3 3 3 3 3 3 3 3 3 3 3 3 3 3 3 3 3 3 3 3 3 3 3 3 3 3 3 3 3</vcount>
                    <p>2 0 1 0 0 0 3 0 1 0 2 0 4 0 3 0 2 0 5 0 3 0 4 0 6 0 5 0 4 0 7 0 5 0 6 0 8 0 7 0 6 0 9 0 7 0 8 0 10 0 9 0 8 0 11 0 9 0 10 0 12 0 11 0 10 0 13 0 11 0 12 0 14 0 13 0 12 0 15 0 13 0 14 0 16 0 15 0 14 0 17 0 15 0 16 0 18 0 17 0 16 0 19 0 17 0 18 0 20 0 19 0 18 0 21 0 19 0 20 0 22 0 21 0 20 0 23 0 21 0 22 0 24 0 23 0 22 0 25 0 23 0 24 0 26 0 25 0 24 0 27 0 25 0 26 0 28 0 27 0 26 0 29 0 27 0 28 0 30 0 29 0 28 0 31 0 29 0 30 0 32 0 31 0 30 0 33 0 31 0 32 0 34 0 33 0 32 0 35 0 33 0 34 0 36 0 35 0 34 0 37 0 35 0 36 0 38 0 37 0 36 0 39 0 37 0 38 0 40 0 39 0 38 0 41 0 39 0 40 0 42 0 41 0 40 0 43 0 41 0 42 0 44 0 43 0 42 0 45 0 43 0 44 0 46 0 45 0 44 0 47 0 45 0 46 0 48 0 47 0 46 0 49 0 47 0 48 0 50 0 49 0 48 0 51 0 49 0 50 0 52 0 51 0 50 0 53 0 51 0 52 0 54 0 53 0 52 0 55 0 53 0 54 0 56 0 55 0 54 0 57 0 55 0 56 0 60 0 59 0 58 0 61 0 59 0 60 0 62 0 61 0 60 0 63 0 61 0 62 0 64 0 63 0 62 0 65 0 63 0 64 0 66 0 65 0 64 0 67 0 65 0 66 0 68 0 67 0 66 0 69 0 67 0 68 0 70 0 69 0 68 0 71 0 69 0 70 0 72 0 71 0 70 0 73 0 71 0 72 0 74 0 73 0 72 0 75 0 73 0 74 0 76 0 75 0 74 0 77 0 75 0 76 0 78 0 77 0 76 0 79 0 77 0 78 0 80 0 79 0 78 0 81 0 79 0 80 0 82 0 81 0 80 0 83 0 81 0 82 0 84 0 83 0 82 0 85 0 83 0 84 0 86 0 85 0 84 0 87 0 85 0 86 0 88 0 87 0 86 0 89 0 87 0 88 0 90 0 89 0 88 0 91 0 89 0 90 0 92 0 91 0 90 0 93 0 91 0 92 0 94 0 93 0 92 0 95 0 93 0 94 0 96 0 95 0 94 0 97 0 95 0 96 0 98 0 97 0 96 0 99 0 97 0 98 0 100 0 99 0 98 0 101 0 99 0 100 0 102 0 101 0 100 0 103 0 101 0 102 0 104 0 103 0 102 0 105 0 103 0 104 0 106 0 105 0 104 0 107 0 105 0 106 0 109 0 105 0 108 0 103 0 105 0 109 0 110 0 103 0 109 0 101 0 103 0 110 0 111 0 101 0 110 0 99 0 101 0 111 0 112 0 99 0 111 0 97 0 99 0 112 0 113 0 97 0 112 0 95 0 97 0 113 0 114 0 95 0 113 0 93 0 95 0 114 0 115 0 93 0 114 0 91 0 93 0 115 0 116 0 91 0 115 0 89 0 91 0 116 0 117 0 89 0 116 0 87 0 89 0 117 0 118 0 87 0 117 0 85 0 87 0 118 0 119 0 85 0 118 0 83 0 85 0 119 0 120 0 83 0 119 0 81 0 83 0 120 0 121 0 81 0 120 0 79 0 81 0 121 0 122 0 79 0 121 0 77 0 79 0 122 0 123 0 77 0 122 0 75 0 77 0 123 0 124 0 75 0 123 0 73 0 75 0 124 0 125 0 73 0 124 0 71 0 73 0 125 0 126 0 71 0 125 0 69 0 71 0 126 0 127 0 69 0 126 0 67 0 69 0 127 0 128 0 67 0 127 0 65 0 67 0 128 0 129 0 65 0 128 0 63 0 65 0 129 0 130 0 63 0 129 0 61 0 63 0 130 0 131 0 61 0 130 0 59 0 61 0 131 0 134 0 133 0 132 0 135 0 133 0 134 0 136 0 135 0 134 0 137 0 135 0 136 0 138 0 137 0 136 0 139 0 137 0 138 0 140 0 139 0 138 0 141 0 139 0 140 0 142 0 141 0 140 0 143 0 141 0 142 0 144 0 143 0 142 0 145 0 143 0 144 0 146 0 145 0 144 0 147 0 145 0 146 0 148 0 147 0 146 0 149 0 147 0 148 0 150 0 149 0 148 0 151 0 149 0 150 0 152 0 151 0 150 0 153 0 151 0 152 0 154 0 153 0 152 0 155 0 153 0 154 0 156 0 155 0 154 0 157 0 155 0 156 0 158 0 157 0 156 0 159 0 157 0 158 0 160 0 159 0 158 0 161 0 159 0 160 0 162 0 161 0 160 0 163 0 161 0 162 0 164 0 163 0 162 0 165 0 163 0 164 0 166 0 165 0 164 0 167 0 165 0 166 0 168 0 167 0 166 0 169 0 167 0 168 0 170 0 169 0 168 0 171 0 169 0 170 0 172 0 171 0 170 0 173 0 171 0 172 0 174 0 173 0 172 0 175 0 173 0 174 0 176 0 175 0 174 0 177 0 175 0 176 0 178 0 177 0 176 0 179 0 177 0 178 0 181 0 179 0 180 0 177 0 179 0 181 0 182 0 177 0 181 0 175 0 177 0 182 0 183 0 175 0 182 0 173 0 175 0 183 0 184 0 173 0 183 0 171 0 173 0 184 0 185 0 171 0 184 0 169 0 171 0 185 0 186 0 169 0 185 0 167 0 169 0 186 0 187 0 167 0 186 0 165 0 167 0 187 0 188 0 165 0 187 0 163 0 165 0 188 0 189 0 163 0 188 0 161 0 163 0 189 0 190 0 161 0 189 0 159 0 161 0 190 0 191 0 159 0 190 0 157 0 159 0 191 0 192 0 157 0 191 0 155 0 157 0 192 0 193 0 155 0 192 0 153 0 155 0 193 0 194 0 153 0 193 0 151 0 153 0 194 0 195 0 151 0 194 0 149 0 151 0 195 0 196 0 149 0 195 0 147 0 149 0 196 0 197 0 147 0 196 0 145 0 147 0 197 0 198 0 145 0 197 0 143 0 145 0 198 0 199 0 143 0 198 0 141 0 143 0 199 0 200 0 141 0 199 0 139 0 141 0 200 0 201 0 139 0 200 0 137 0 139 0 201 0 202 0 137 0 201 0 135 0 137 0 202 0 203 0 135 0 202 0 133 0 135 0 203 0 206 0 205 0 204 0 207 0 205 0 206 0 58 0 207 0 206 0 208 0 207 0 58 0 59 0 208 0 58 0 209 0 208 0 59 0 131 0 209 0 59 0 212 0 211 0 210 0 213 0 211 0 212 0 214 0 213 0 212 0 215 0 213 0 214 0 216 0 215 0 214 0 217 0 215 0 216 0 213 0 218 0 211 0 219 0 218 0 213 0 215 0 219 0 213 0 220 0 219 0 215 0 217 0 220 0 215 0 221 0 220 0 217 0 219 0 222 0 218 0 223 0 222 0 219 0 220 0 223 0 219 0 224 0 223 0 220 0 221 0 224 0 220 0 108 0 224 0 221 0 223 0 210 0 222 0 212 0 210 0 223 0 224 0 212 0 223 0 214 0 212 0 224 0 108 0 214 0 224 0 216 0 214 0 108 0 227 0 226 0 225 0 228 0 226 0 227 0 229 0 228 0 227 0 230 0 228 0 229 0 231 0 230 0 229 0 232 0 230 0 231 0 228 0 233 0 226 0 234 0 233 0 228 0 230 0 234 0 228 0 235 0 234 0 230 0 232 0 235 0 230 0 236 0 235 0 232 0 234 0 237 0 233 0 238 0 237 0 234 0 235 0 238 0 234 0 239 0 238 0 235 0 236 0 239 0 235 0 240 0 239 0 236 0 238 0 225 0 237 0 227 0 225 0 238 0 239 0 227 0 238 0 229 0 227 0 239 0 240 0 229 0 239 0 231 0 229 0 240 0 180 0 242 0 241 0 243 0 242 0 180 0 179 0 243 0 180 0 244 0 243 0 179 0 178 0 244 0 179 0 132 0 245 0 233 0 246 0 245 0 132 0 133 0 246 0 132 0 247 0 246 0 133 0 203 0 247 0 133 0 218 0 248 0 211 0 249 0 248 0 218 0 250 0 249 0 218 0 251 0 249 0 250 0 252 0 251 0 250 0 255 0 254 0 253 0 245 0 254 0 255 0 226 0 245 0 255 0 233 0 245 0 226 0 257 0 107 0 256 0 258 0 107 0 257 0 216 0 258 0 257 0 108 0 258 0 216 0 55 0 259 0 53 0 240 0 259 0 55 0 57 0 240 0 55 0 231 0 240 0 57 0 260 0 236 0 232 0 261 0 236 0 260 0 262 0 261 0 260 0 263 0 261 0 262 0 261 0 264 0 236 0 265 0 264 0 261 0 263 0 265 0 261 0 266 0 265 0 263 0 265 0 267 0 264 0 268 0 267 0 265 0 266 0 268 0 265 0 269 0 268 0 266 0 268 0 270 0 267 0 271 0 270 0 268 0 269 0 271 0 268 0 272 0 271 0 269 0 271 0 273 0 270 0 274 0 273 0 271 0 272 0 274 0 271 0 275 0 274 0 272 0 274 0 276 0 273 0 277 0 276 0 274 0 275 0 277 0 274 0 278 0 277 0 275 0 277 0 279 0 276 0 280 0 279 0 277 0 278 0 280 0 277 0 281 0 280 0 278 0 280 0 282 0 279 0 283 0 282 0 280 0 281 0 283 0 280 0 284 0 283 0 281 0 283 0 285 0 282 0 286 0 285 0 283 0 284 0 286 0 283 0 287 0 286 0 284 0 286 0 288 0 285 0 289 0 288 0 286 0 287 0 289 0 286 0 290 0 289 0 287 0 289 0 291 0 288 0 292 0 291 0 289 0 290 0 292 0 289 0 293 0 292 0 290 0 292 0 294 0 291 0 295 0 294 0 292 0 293 0 295 0 292 0 296 0 295 0 293 0 295 0 297 0 294 0 298 0 297 0 295 0 296 0 298 0 295 0 299 0 298 0 296 0 298 0 300 0 297 0 301 0 300 0 298 0 299 0 301 0 298 0 302 0 301 0 299 0 301 0 303 0 300 0 304 0 303 0 301 0 302 0 304 0 301 0 305 0 304 0 302 0 304 0 306 0 303 0 307 0 306 0 304 0 305 0 307 0 304 0 308 0 307 0 305 0 307 0 309 0 306 0 310 0 309 0 307 0 308 0 310 0 307 0 311 0 310 0 308 0 310 0 312 0 309 0 313 0 312 0 310 0 311 0 313 0 310 0 314 0 313 0 311 0 313 0 315 0 312 0 316 0 315 0 313 0 314 0 316 0 313 0 317 0 316 0 314 0 316 0 318 0 315 0 319 0 318 0 316 0 317 0 319 0 316 0 320 0 319 0 317 0 323 0 322 0 321 0 324 0 322 0 323 0 325 0 324 0 323 0 326 0 324 0 325 0 324 0 327 0 322 0 328 0 327 0 324 0 326 0 328 0 324 0 329 0 328 0 326 0 328 0 330 0 327 0 331 0 330 0 328 0 329 0 331 0 328 0 332 0 331 0 329 0 331 0 333 0 330 0 334 0 333 0 331 0 332 0 334 0 331 0 252 0 334 0 332 0 319 0 321 0 318 0 323 0 321 0 319 0 320 0 323 0 319 0 325 0 323 0 320 0 264 0 240 0 236 0 259 0 240 0 264 0 335 0 259 0 264 0 249 0 336 0 248 0 337 0 336 0 249 0 251 0 337 0 249 0 106 0 181 0 107 0 182 0 181 0 106 0 104 0 182 0 106 0 334 0 338 0 333 0 250 0 338 0 334 0 252 0 250 0 334 0 243 0 217 0 242 0 221 0 217 0 243 0 244 0 221 0 243 0 246 0 254 0 245 0 339 0 254 0 246 0 247 0 339 0 246 0 107 0 241 0 256 0 180 0 241 0 107 0 181 0 180 0 107 0 206 0 339 0 58 0 254 0 339 0 206 0 253 0 254 0 206 0 1 0 222 0 210 0 3 0 222 0 1 0 336 0 2 0 0 0 337 0 2 0 336 0 232 0 57 0 260 0 231 0 57 0 232 0 211 0 1 0 210 0 248 0 1 0 211 0 3 0 340 0 222 0 5 0 340 0 3 0 5 0 341 0 340 0 7 0 341 0 5 0 7 0 342 0 341 0 9 0 342 0 7 0 9 0 343 0 342 0 11 0 343 0 9 0 11 0 344 0 343 0 13 0 344 0 11 0 13 0 345 0 344 0 15 0 345 0 13 0 15 0 346 0 345 0 17 0 346 0 15 0 17 0 347 0 346 0 19 0 347 0 17 0 19 0 348 0 347 0 21 0 348 0 19 0 21 0 349 0 348 0 23 0 349 0 21 0 23 0 350 0 349 0 25 0 350 0 23 0 25 0 351 0 350 0 27 0 351 0 25 0 27 0 352 0 351 0 29 0 352 0 27 0 29 0 353 0 352 0 31 0 353 0 29 0 31 0 354 0 353 0 33 0 354 0 31 0 33 0 355 0 354 0 35 0 355 0 33 0 35 0 356 0 355 0 37 0 356 0 35 0 37 0 357 0 356 0 39 0 357 0 37 0 39 0 358 0 357 0 41 0 358 0 39 0 41 0 359 0 358 0 43 0 359 0 41 0 43 0 360 0 359 0 45 0 360 0 43 0 45 0 361 0 360 0 47 0 361 0 45 0 47 0 362 0 361 0 49 0 362 0 47 0 49 0 335 0 362 0 51 0 335 0 49 0 51 0 259 0 335 0 53 0 259 0 51 0 253 0 205 0 255 0 204 0 205 0 253 0 241 0 257 0 256 0 242 0 257 0 241 0 258 0 105 0 107 0 108 0 105 0 258 0 216 0 242 0 217 0 257 0 242 0 216 0 221 0 109 0 108 0 244 0 109 0 221 0 110 0 244 0 178 0 109 0 244 0 110 0 104 0 183 0 182 0 102 0 183 0 104 0 178 0 111 0 110 0 176 0 111 0 178 0 102 0 184 0 183 0 100 0 184 0 102 0 176 0 112 0 111 0 174 0 112 0 176 0 100 0 185 0 184 0 98 0 185 0 100 0 174 0 113 0 112 0 172 0 113 0 174 0 98 0 186 0 185 0 96 0 186 0 98 0 172 0 114 0 113 0 170 0 114 0 172 0 96 0 187 0 186 0 94 0 187 0 96 0 170 0 115 0 114 0 168 0 115 0 170 0 94 0 188 0 187 0 92 0 188 0 94 0 116 0 168 0 166 0 115 0 168 0 116 0 92 0 189 0 188 0 90 0 189 0 92 0 166 0 117 0 116 0 164 0 117 0 166 0 90 0 190 0 189 0 88 0 190 0 90 0 164 0 118 0 117 0 162 0 118 0 164 0 88 0 191 0 190 0 86 0 191 0 88 0 162 0 119 0 118 0 160 0 119 0 162 0 86 0 192 0 191 0 84 0 192 0 86 0 160 0 120 0 119 0 158 0 120 0 160 0 84 0 193 0 192 0 82 0 193 0 84 0 158 0 121 0 120 0 156 0 121 0 158 0 82 0 194 0 193 0 80 0 194 0 82 0 122 0 156 0 154 0 121 0 156 0 122 0 80 0 195 0 194 0 78 0 195 0 80 0 154 0 123 0 122 0 152 0 123 0 154 0 78 0 196 0 195 0 76 0 196 0 78 0 152 0 124 0 123 0 150 0 124 0 152 0 76 0 197 0 196 0 74 0 197 0 76 0 150 0 125 0 124 0 148 0 125 0 150 0 74 0 198 0 197 0 72 0 198 0 74 0 148 0 126 0 125 0 146 0 126 0 148 0 72 0 199 0 198 0 70 0 199 0 72 0 146 0 127 0 126 0 144 0 127 0 146 0 70 0 200 0 199 0 68 0 200 0 70 0 128 0 144 0 142 0 127 0 144 0 128 0 68 0 201 0 200 0 66 0 201 0 68 0 142 0 129 0 128 0 140 0 129 0 142 0 66 0 202 0 201 0 64 0 202 0 66 0 140 0 130 0 129 0 138 0 130 0 140 0 64 0 203 0 202 0 62 0 203 0 64 0 138 0 131 0 130 0 136 0 131 0 138 0 62 0 247 0 203 0 60 0 247 0 62 0 136 0 209 0 131 0 134 0 209 0 136 0 60 0 339 0 247 0 58 0 339 0 60 0 363 0 134 0 132 0 209 0 134 0 363 0 205 0 226 0 255 0 225 0 226 0 205 0 337 0 4 0 2 0 251 0 4 0 337 0 0 0 248 0 336 0 1 0 248 0 0 0 222 0 338 0 218 0 340 0 338 0 222 0 6 0 251 0 252 0 4 0 251 0 6 0 340 0 333 0 338 0 341 0 333 0 340 0 252 0 8 0 6 0 332 0 8 0 252 0 341 0 330 0 333 0 342 0 330 0 341 0 332 0 10 0 8 0 329 0 10 0 332 0 342 0 327 0 330 0 343 0 327 0 342 0 329 0 12 0 10 0 326 0 12 0 329 0 343 0 322 0 327 0 344 0 322 0 343 0 326 0 14 0 12 0 325 0 14 0 326 0 344 0 321 0 322 0 345 0 321 0 344 0 325 0 16 0 14 0 320 0 16 0 325 0 345 0 318 0 321 0 346 0 318 0 345 0 18 0 320 0 317 0 16 0 320 0 18 0 346 0 315 0 318 0 347 0 315 0 346 0 317 0 20 0 18 0 314 0 20 0 317 0 347 0 312 0 315 0 348 0 312 0 347 0 314 0 22 0 20 0 311 0 22 0 314 0 348 0 309 0 312 0 349 0 309 0 348 0 311 0 24 0 22 0 308 0 24 0 311 0 349 0 306 0 309 0 350 0 306 0 349 0 308 0 26 0 24 0 305 0 26 0 308 0 350 0 303 0 306 0 351 0 303 0 350 0 305 0 28 0 26 0 302 0 28 0 305 0 351 0 300 0 303 0 352 0 300 0 351 0 30 0 302 0 299 0 28 0 302 0 30 0 352 0 297 0 300 0 353 0 297 0 352 0 299 0 32 0 30 0 296 0 32 0 299 0 353 0 294 0 297 0 354 0 294 0 353 0 296 0 34 0 32 0 293 0 34 0 296 0 354 0 291 0 294 0 355 0 291 0 354 0 293 0 36 0 34 0 290 0 36 0 293 0 355 0 288 0 291 0 356 0 288 0 355 0 290 0 38 0 36 0 287 0 38 0 290 0 356 0 285 0 288 0 357 0 285 0 356 0 287 0 40 0 38 0 284 0 40 0 287 0 357 0 282 0 285 0 358 0 282 0 357 0 42 0 284 0 281 0 40 0 284 0 42 0 358 0 279 0 282 0 359 0 279 0 358 0 281 0 44 0 42 0 278 0 44 0 281 0 359 0 276 0 279 0 360 0 276 0 359 0 278 0 46 0 44 0 275 0 46 0 278 0 360 0 273 0 276 0 361 0 273 0 360 0 275 0 48 0 46 0 272 0 48 0 275 0 361 0 270 0 273 0 362 0 270 0 361 0 272 0 50 0 48 0 269 0 50 0 272 0 362 0 267 0 270 0 335 0 267 0 362 0 269 0 52 0 50 0 266 0 52 0 269 0 266 0 54 0 52 0 263 0 54 0 266 0 263 0 56 0 54 0 262 0 56 0 263 0 57 0 262 0 260 0 56 0 262 0 57 0 237 0 132 0 233 0 363 0 132 0 237 0 363 0 208 0 209 0 237 0 208 0 363 0 237 0 207 0 208 0 225 0 207 0 237 0 264 0 267 0 335 0 250 0 218 0 338 0 253 0 206 0 204 0 225 0 205 0 207 0 366 1 365 2 364 2 367 3 365 2 366 1 368 4 367 5 366 6 369 7 367 8 368 9 370 10 369 11 368 12 371 13 369 14 370 15 372 16 371 17 370 18 373 19 371 20 372 21 374 22 373 23 372 24 375 25 373 26 374 27 376 28 375 29 374 30 377 31 375 32 376 33 367 3 378 2 365 2 379 34 378 35 367 36 369 37 379 38 367 39 380 40 379 41 369 42 371 43 380 44 369 45 381 46 380 47 371 48 373 49 381 50 371 51 382 52 381 53 373 54 375 55 382 56 373 57 383 58 382 59 375 60 377 61 383 62 375 63 384 64 383 65 377 66 379 34 385 35 378 35 386 67 385 68 379 69 380 70 386 71 379 72 387 73 386 74 380 75 381 76 387 77 380 78 388 79 387 80 381 81 382 82 388 83 381 84 389 85 388 86 382 87 383 88 389 89 382 90 390 91 389 92 383 93 384 94 390 95 383 96 391 97 390 98 384 99 386 67 392 68 385 68 393 67 392 68 386 67 387 73 393 74 386 74 394 75 393 74 387 73 388 100 394 101 387 102 395 100 394 101 388 100 389 85 395 86 388 86 396 103 395 104 389 105 390 106 396 107 389 108 397 109 396 110 390 111 391 112 397 113 390 114 398 115 397 116 391 117 393 67 399 68 392 68 400 67 399 68 393 67 394 70 400 71 393 71 401 118 400 119 394 120 395 121 401 122 394 123 402 124 401 125 395 126 396 127 402 128 395 129 403 127 402 128 396 127 397 109 403 110 396 110 404 130 403 131 397 132 398 133 404 134 397 135 405 136 404 137 398 138 400 67 406 68 399 68 407 69 406 68 400 67 401 139 407 140 400 141 408 142 407 143 401 144 402 145 408 146 401 147 409 148 408 149 402 150 403 127 409 129 402 128 410 151 409 152 403 153 404 22 410 23 403 24 411 154 410 155 404 156 405 157 411 158 404 159 412 160 411 161 405 162 407 34 413 35 406 35 414 34 413 35 407 34 408 163 414 164 407 164 415 165 414 166 408 167 409 168 415 169 408 170 416 171 415 172 409 173 410 174 416 175 409 176 417 177 416 178 410 179 411 180 417 181 410 182 418 183 417 184 411 185 412 186 418 187 411 188 419 189 418 190 412 191 414 34 420 35 413 35 421 34 420 35 414 34 415 192 421 193 414 193 422 192 421 193 415 192 416 43 422 44 415 44 423 173 422 172 416 171 417 194 423 195 416 196 424 197 423 198 417 199 418 200 424 201 417 202 425 203 424 204 418 205 419 206 425 207 418 208 426 209 425 210 419 211 421 34 427 35 420 35 428 212 427 213 421 214 422 192 428 215 421 193 429 216 428 217 422 218 423 121 429 122 422 123 430 219 429 220 423 221 424 222 430 223 423 224 431 225 430 226 424 227 425 228 431 229 424 230 432 231 431 232 425 233 426 234 432 235 425 236 433 237 432 238 426 239 428 1 434 2 427 2 435 214 434 213 428 212 429 240 435 241 428 242 436 243 435 244 429 243 430 219 436 220 429 220 437 245 436 246 430 247 431 248 437 249 430 250 438 248 437 249 431 248 432 106 438 107 431 107 439 109 438 110 432 111 433 251 439 252 432 253 440 254 439 255 433 256 435 34 441 35 434 35 442 34 441 35 435 34 436 243 442 244 435 244 443 243 442 244 436 243 437 245 443 246 436 246 444 245 443 246 437 245 438 248 444 249 437 249 445 257 444 258 438 259 439 260 445 261 438 262 446 263 445 264 439 265 440 266 446 267 439 268 447 269 446 270 440 271 442 34 448 35 441 35 449 272 448 273 442 274 443 275 449 276 442 277 450 278 449 279 443 280 444 281 450 282 443 283 451 281 450 282 444 281 445 257 451 258 444 258 452 259 451 258 445 257 446 284 452 285 445 286 453 287 452 288 446 289 447 290 453 291 446 292 454 293 453 294 447 295 449 272 455 273 448 273 456 296 455 297 449 298 450 299 456 300 449 301 457 299 456 300 450 299 451 281 457 282 450 282 458 302 457 303 451 304 452 305 458 306 451 307 459 127 458 129 452 127 453 22 459 24 452 24 460 308 459 309 453 310 454 311 460 312 453 313 461 314 460 315 454 316 456 296 462 297 455 297 463 317 462 318 456 319 457 320 463 321 456 322 464 323 463 324 457 325 458 10 464 12 457 11 465 10 464 12 458 10 459 127 465 129 458 129 466 326 465 327 459 328 460 329 466 330 459 331 467 332 466 333 460 334 461 335 467 336 460 337 468 335 467 336 461 335 463 1 469 2 462 2 470 338 469 339 463 340 464 341 470 342 463 343 471 344 470 345 464 346 465 347 471 348 464 349 472 347 471 348 465 347 466 82 472 83 465 83 473 350 472 351 466 352 467 353 473 354 466 355 474 356 473 357 467 358 468 359 474 360 467 361 475 362 474 363 468 364 470 272 476 273 469 273 477 365 476 366 470 367 471 368 477 369 470 370 478 371 477 372 471 373 472 347 478 349 471 348 479 374 478 375 472 376 473 194 479 196 472 195 480 377 479 378 473 379 474 380 480 381 473 382 481 380 480 381 474 380 475 362 481 363 474 363 482 383 481 384 475 385 477 67 483 68 476 68 484 367 483 366 477 365 478 386 484 387 477 388 485 389 484 390 478 391 479 392 485 393 478 394 486 395 485 396 479 397 480 398 486 399 479 400 487 398 486 399 480 398 481 380 487 381 480 381 488 401 487 402 481 403 482 404 488 405 481 406 489 136 488 137 482 138 484 272 490 273 483 273 491 407 490 408 484 409 485 410 491 411 484 412 492 413 491 414 485 415 486 281 492 283 485 282 493 247 492 246 486 245 487 398 493 400 486 399 494 379 493 378 487 377 488 416 494 417 487 418 495 183 494 184 488 183 489 290 495 291 488 291 496 419 495 420 489 421 491 407 497 408 490 408 498 422 497 423 491 424 492 425 498 426 491 427 499 142 498 143 492 144 493 428 499 429 492 430 500 431 499 432 493 433 494 434 500 435 493 436 501 437 500 438 494 439 495 416 501 418 494 417 502 440 501 441 495 442 496 443 502 444 495 445 503 446 502 447 496 448 498 34 504 35 497 35 505 449 504 450 498 451 499 163 505 452 498 164 506 453 505 454 499 455 500 456 506 457 499 458 507 459 506 460 500 461 501 462 507 463 500 464 508 465 507 466 501 467 502 468 508 469 501 470 509 471 508 472 502 473 503 474 509 475 502 476 510 477 509 478 503 479 505 296 511 297 504 297 512 451 511 450 505 449 506 243 512 244 505 480 513 142 512 143 506 144 507 481 513 482 506 483 514 484 513 485 507 486 508 487 514 488 507 489 515 490 514 491 508 492 509 493 515 494 508 495 516 308 515 309 509 310 510 496 516 497 509 498 517 499 516 500 510 501 512 34 518 35 511 35 519 67 518 68 512 69 513 502 519 503 512 504 520 505 519 506 513 507 514 456 520 457 513 458 521 508 520 509 514 510 515 305 521 306 514 307 522 127 521 129 515 127 516 308 522 309 515 309 523 511 522 512 516 513 517 514 523 515 516 516 524 517 523 518 517 519 519 67 525 68 518 68 526 367 525 366 519 365 520 520 526 521 519 522 527 275 526 276 520 275 521 121 527 122 520 122 528 510 527 509 521 508 522 305 528 307 521 306 529 492 528 491 522 490 523 228 529 230 522 229 530 205 529 204 523 203 524 523 530 524 523 525 531 526 530 527 524 528 526 272 364 273 525 273 366 340 364 339 526 338 527 529 366 530 526 531 368 532 366 533 527 534 528 535 368 536 527 537 370 538 368 539 528 540 529 541 370 542 528 543 372 103 370 104 529 105 530 493 372 494 529 495 374 22 372 24 530 22 531 290 374 291 530 291 376 544 374 545 531 546</p>
                </polylist>
            </mesh>
        </geometry>
        <geometry id="mesh5">
            <mesh>
                <source id="points5">
                    <float_array id="pointarray5" count="2046">1372.75 1102.0625 792.5625 1531.125 1177.4375 410.25 1517 1102.0625 875.8125 1692 1177.4375 453.3125 1120.875 1026.6875 1120.8125 1372.75 1102.0625 792.5625 1238.625 1026.6875 1238.625 1517 1102.0625 875.8125 792.5625 951.3125 1372.75 1120.875 1026.6875 1120.8125 875.875 951.3125 1517 1238.625 1026.6875 1238.625 410.25 875.875 1531.125 792.5625 951.3125 1372.75 453.375 875.875 1692 875.875 951.3125 1517 0 800.5 1585.125 410.25 875.875 1531.125 0 800.5 1751.6875 453.375 875.875 1692 -410.25 725.125 1531.125 0 800.5 1585.125 -453.3125 725.125 1692 0 800.5 1751.6875 -792.5625 649.75 1372.75 -410.25 725.125 1531.125 -875.8125 649.75 1517 -453.3125 725.125 1692 -1120.8125 574.375 1120.875 -792.5625 649.75 1372.75 -1238.625 574.375 1238.625 -875.8125 649.75 1517 -1372.75 499 792.5625 -1120.8125 574.375 1120.875 -1517 499 875.875 -1238.625 574.375 1238.625 -1531.125 423.5625 410.25 -1372.75 499 792.5625 -1692 423.5625 453.375 -1517 499 875.875 -1585.125 348.1875 0 -1531.125 423.5625 410.25 -1751.6875 348.1875 0 -1692 423.5625 453.375 -1531.125 272.8125 -410.25 -1585.125 348.1875 0 -1692 272.8125 -453.3125 -1751.6875 348.1875 0 -1372.75 197.4375 -792.5625 -1531.125 272.8125 -410.25 -1517 197.4375 -875.8125 -1692 272.8125 -453.3125 -1120.875 122.0625 -1120.8125 -1372.75 197.4375 -792.5625 -1238.625 122.0625 -1238.625 -1517 197.4375 -875.8125 -792.5625 46.6875 -1372.75 -1120.875 122.0625 -1120.8125 -875.875 46.6875 -1517 -1238.625 122.0625 -1238.625 -410.25 -28.6875 -1531.125 -792.5625 46.6875 -1372.75 -453.375 -28.6875 -1692 -875.875 46.6875 -1517 0 -104.0625 -1585.125 -410.25 -28.6875 -1531.125 0 -104.0625 -1751.6875 -453.375 -28.6875 -1692 410.25 -179.4375 -1531.125 0 -104.0625 -1585.125 453.3125 -179.4375 -1692 0 -104.0625 -1751.6875 792.5625 -254.8125 -1372.75 410.25 -179.4375 -1531.125 875.8125 -254.8125 -1517 453.3125 -179.4375 -1692 1120.8125 -330.1875 -1120.875 792.5625 -254.8125 -1372.75 1238.625 -330.1875 -1238.625 875.8125 -254.8125 -1517 1372.75 -405.5625 -792.5625 1120.8125 -330.1875 -1120.875 1517 -405.5625 -875.875 1238.625 -330.1875 -1238.625 1531.125 -481 -410.25 1372.75 -405.5625 -792.5625 1692 -481 -453.375 1517 -405.5625 -875.875 1585.125 -556.375 0 1531.125 -481 -410.25 1751.6875 -556.375 0 1692 -481 -453.375 1531.125 -631.75 410.25 1585.125 -556.375 0 1692 -631.75 453.3125 1751.6875 -556.375 0 1372.75 -707.125 792.5625 1531.125 -631.75 410.25 1517 -707.125 875.8125 1692 -631.75 453.3125 1238.625 -782.5 1238.625 1120.875 -782.5 1120.8125 1517 -707.125 875.8125 1372.75 -707.125 792.5625 1071.4375 1102.0625 618.5625 1195 1177.4375 320.1875 1228.75 1102.0625 709.375 1370.5 1177.4375 367.1875 874.8125 1026.6875 874.8125 1071.4375 1102.0625 618.5625 1003.25 1026.6875 1003.25 1228.75 1102.0625 709.375 618.5625 951.3125 1071.375 874.8125 1026.6875 874.8125 709.4375 951.3125 1228.75 1003.25 1026.6875 1003.25 320.1875 875.875 1195 618.5625 951.3125 1071.375 367.1875 875.875 1370.5 709.4375 951.3125 1228.75 0 800.5 1237.125 320.1875 875.875 1195 0 800.5 1418.8125 367.1875 875.875 1370.5 -320.1875 725.125 1195 0 800.5 1237.125 -367.1875 725.125 1370.5 0 800.5 1418.8125 -618.5625 649.75 1071.4375 -320.1875 725.125 1195 -709.375 649.75 1228.75 -367.1875 725.125 1370.5 -874.8125 574.375 874.8125 -618.5625 649.75 1071.4375 -1003.25 574.375 1003.25 -709.375 649.75 1228.75 -1071.375 499 618.5625 -874.8125 574.375 874.8125 -1228.75 499 709.4375 -1003.25 574.375 1003.25 -1195 423.5625 320.1875 -1071.375 499 618.5625 -1370.5 423.5625 367.1875 -1228.75 499 709.4375 -1237.125 348.1875 0 -1195 423.5625 320.1875 -1418.8125 348.1875 0 -1370.5 423.5625 367.1875 -1195 272.8125 -320.1875 -1237.125 348.1875 0 -1370.5 272.8125 -367.1875 -1418.8125 348.1875 0 -1071.4375 197.4375 -618.5625 -1195 272.8125 -320.1875 -1228.75 197.4375 -709.375 -1370.5 272.8125 -367.1875 -874.8125 122.0625 -874.8125 -1071.4375 197.4375 -618.5625 -1003.25 122.0625 -1003.25 -1228.75 197.4375 -709.375 -618.5625 46.6875 -1071.375 -874.8125 122.0625 -874.8125 -709.4375 46.6875 -1228.75 -1003.25 122.0625 -1003.25 -320.1875 -28.6875 -1195 -618.5625 46.6875 -1071.375 -367.1875 -28.6875 -1370.5 -709.4375 46.6875 -1228.75 0 -104.0625 -1237.125 -320.1875 -28.6875 -1195 0 -104.0625 -1418.8125 -367.1875 -28.6875 -1370.5 320.1875 -179.4375 -1195 0 -104.0625 -1237.125 367.1875 -179.4375 -1370.5 0 -104.0625 -1418.8125 618.5625 -254.8125 -1071.4375 320.1875 -179.4375 -1195 709.375 -254.8125 -1228.75 367.1875 -179.4375 -1370.5 874.8125 -330.1875 -874.8125 618.5625 -254.8125 -1071.4375 1003.25 -330.1875 -1003.25 709.375 -254.8125 -1228.75 1071.375 -405.5625 -618.5625 874.8125 -330.1875 -874.8125 1228.75 -405.5625 -709.4375 1003.25 -330.1875 -1003.25 1195 -481 -320.1875 1071.375 -405.5625 -618.5625 1370.5 -481 -367.1875 1228.75 -405.5625 -709.4375 1237.125 -556.375 0 1195 -481 -320.1875 1418.8125 -556.375 0 1370.5 -481 -367.1875 1195 -631.75 320.1875 1237.125 -556.375 0 1370.5 -631.75 367.1875 1418.8125 -556.375 0 1071.4375 -707.125 618.5625 1195 -631.75 320.1875 1228.75 -707.125 709.375 1370.5 -631.75 367.1875 1003.25 -782.5 1003.25 874.8125 -782.5 874.8125 1228.75 -707.125 709.375 1071.4375 -707.125 618.5625 1228.75 1102.0625 709.375 1370.5 1177.4375 367.1875 1531.125 1177.4375 410.25 1003.25 1026.6875 1003.25 1372.75 1102.0625 792.5625 709.4375 951.3125 1228.75 1120.875 1026.6875 1120.8125 367.1875 875.875 1370.5 792.5625 951.3125 1372.75 0 800.5 1418.8125 410.25 875.875 1531.125 -367.1875 725.125 1370.5 0 800.5 1585.125 -709.375 649.75 1228.75 -410.25 725.125 1531.125 -1003.25 574.375 1003.25 -792.5625 649.75 1372.75 -1228.75 499 709.4375 -1120.8125 574.375 1120.875 -1370.5 423.5625 367.1875 -1372.75 499 792.5625 -1418.8125 348.1875 0 -1531.125 423.5625 410.25 -1370.5 272.8125 -367.1875 -1585.125 348.1875 0 -1228.75 197.4375 -709.375 -1531.125 272.8125 -410.25 -1003.25 122.0625 -1003.25 -1372.75 197.4375 -792.5625 -709.4375 46.6875 -1228.75 -1120.875 122.0625 -1120.8125 -367.1875 -28.6875 -1370.5 -792.5625 46.6875 -1372.75 0 -104.0625 -1418.8125 -410.25 -28.6875 -1531.125 367.1875 -179.4375 -1370.5 0 -104.0625 -1585.125 709.375 -254.8125 -1228.75 410.25 -179.4375 -1531.125 1003.25 -330.1875 -1003.25 792.5625 -254.8125 -1372.75 1228.75 -405.5625 -709.4375 1120.8125 -330.1875 -1120.875 1370.5 -481 -367.1875 1372.75 -405.5625 -792.5625 1418.8125 -556.375 0 1531.125 -481 -410.25 1370.5 -631.75 367.1875 1585.125 -556.375 0 1228.75 -707.125 709.375 1531.125 -631.75 410.25 1120.875 -782.5 1120.8125 1003.25 -782.5 1003.25 1372.75 -707.125 792.5625 911.25 1102.0625 526.0625 1016.375 1177.4375 272.3125 1195 1177.4375 320.1875 744 1026.6875 744 911.25 1102.0625 526.0625 1071.4375 1102.0625 618.5625 526.125 951.3125 911.25 744 1026.6875 744 874.8125 1026.6875 874.8125 272.3125 875.875 1016.375 526.125 951.3125 911.25 618.5625 951.3125 1071.375 0 800.5 1052.25 272.3125 875.875 1016.375 320.1875 875.875 1195 -272.3125 725.125 1016.375 0 800.5 1052.25 0 800.5 1237.125 -526.0625 649.75 911.25 -272.3125 725.125 1016.375 -320.1875 725.125 1195 -744 574.375 744.0625 -526.0625 649.75 911.25 -618.5625 649.75 1071.4375 -911.25 499 526.125 -744 574.375 744.0625 -874.8125 574.375 874.8125 -1016.375 423.5625 272.3125 -911.25 499 526.125 -1071.375 499 618.5625 -1052.25 348.1875 0 -1016.375 423.5625 272.3125 -1195 423.5625 320.1875 -1016.375 272.8125 -272.3125 -1052.25 348.1875 0 -1237.125 348.1875 0 -911.25 197.4375 -526.0625 -1016.375 272.8125 -272.3125 -1195 272.8125 -320.1875 -744.0625 122.0625 -744 -911.25 197.4375 -526.0625 -1071.4375 197.4375 -618.5625 -526.125 46.6875 -911.25 -744.0625 122.0625 -744 -874.8125 122.0625 -874.8125 -272.3125 -28.6875 -1016.375 -526.125 46.6875 -911.25 -618.5625 46.6875 -1071.375 0 -104.0625 -1052.25 -272.3125 -28.6875 -1016.375 -320.1875 -28.6875 -1195 272.3125 -179.4375 -1016.375 0 -104.0625 -1052.25 0 -104.0625 -1237.125 526.0625 -254.8125 -911.25 272.3125 -179.4375 -1016.375 320.1875 -179.4375 -1195 744 -330.1875 -744 526.0625 -254.8125 -911.25 618.5625 -254.8125 -1071.4375 911.25 -405.5625 -526.125 744 -330.1875 -744 874.8125 -330.1875 -874.8125 1016.375 -481 -272.3125 911.25 -405.5625 -526.125 1071.375 -405.5625 -618.5625 1052.25 -556.375 0 1016.375 -481 -272.3125 1195 -481 -320.1875 1016.375 -631.75 272.3125 1052.25 -556.375 0 1237.125 -556.375 0 911.25 -707.125 526.0625 1016.375 -631.75 272.3125 1195 -631.75 320.1875 874.8125 -782.5 874.8125 744 -782.5 744 1071.4375 -707.125 618.5625 911.25 -707.125 526.0625 1692 1149 453.3125 1531.125 1149 410.25 1517 1073.625 875.8125 1372.75 1073.625 792.5625 1517 1073.625 875.8125 1372.75 1073.625 792.5625 1238.625 998.25 1238.625 1120.875 998.25 1120.8125 1238.625 998.25 1238.625 1120.875 998.25 1120.8125 875.875 922.8125 1517 792.5625 922.8125 1372.75 875.875 922.8125 1517 792.5625 922.8125 1372.75 453.375 847.4375 1692 410.25 847.4375 1531.125 453.375 847.4375 1692 410.25 847.4375 1531.125 0 772.0625 1751.6875 0 772.0625 1585.125 0 772.0625 1751.6875 0 772.0625 1585.125 -453.3125 696.6875 1692 -410.25 696.6875 1531.125 -453.3125 696.6875 1692 -410.25 696.6875 1531.125 -875.8125 621.3125 1517 -792.5625 621.3125 1372.75 -875.8125 621.3125 1517 -792.5625 621.3125 1372.75 -1238.625 545.9375 1238.625 -1120.8125 545.9375 1120.875 -1238.625 545.9375 1238.625 -1120.8125 545.9375 1120.875 -1517 470.5 875.875 -1372.75 470.5 792.5625 -1517 470.5 875.875 -1372.75 470.5 792.5625 -1692 395.125 453.375 -1531.125 395.125 410.25 -1692 395.125 453.375 -1531.125 395.125 410.25 -1751.6875 319.75 0 -1585.125 319.75 0 -1751.6875 319.75 0 -1585.125 319.75 0 -1692 244.375 -453.3125 -1531.125 244.375 -410.25 -1692 244.375 -453.3125 -1531.125 244.375 -410.25 -1517 169 -875.8125 -1372.75 169 -792.5625 -1517 169 -875.8125 -1372.75 169 -792.5625 -1238.625 93.625 -1238.625 -1120.875 93.625 -1120.8125 -1238.625 93.625 -1238.625 -1120.875 93.625 -1120.8125 -875.875 18.1875 -1517 -792.5625 18.1875 -1372.75 -875.875 18.1875 -1517 -792.5625 18.1875 -1372.75 -453.375 -57.125 -1692 -410.25 -57.125 -1531.125 -453.375 -57.125 -1692 -410.25 -57.125 -1531.125 0 -132.5 -1751.6875 0 -132.5 -1585.125 0 -132.5 -1751.6875 0 -132.5 -1585.125 453.3125 -207.875 -1692 410.25 -207.875 -1531.125 453.3125 -207.875 -1692 410.25 -207.875 -1531.125 875.8125 -283.25 -1517 792.5625 -283.25 -1372.75 875.8125 -283.25 -1517 792.5625 -283.25 -1372.75 1238.625 -358.625 -1238.625 1120.8125 -358.625 -1120.875 1238.625 -358.625 -1238.625 1120.8125 -358.625 -1120.875 1517 -434.0625 -875.875 1372.75 -434.0625 -792.5625 1517 -434.0625 -875.875 1372.75 -434.0625 -792.5625 1692 -509.4375 -453.375 1531.125 -509.4375 -410.25 1692 -509.4375 -453.375 1531.125 -509.4375 -410.25 1751.6875 -584.8125 0 1585.125 -584.8125 0 1751.6875 -584.8125 0 1585.125 -584.8125 0 1692 -660.1875 453.3125 1531.125 -660.1875 410.25 1692 -660.1875 453.3125 1531.125 -660.1875 410.25 1517 -735.5625 875.8125 1372.75 -735.5625 792.5625 1372.75 -735.5625 792.5625 1120.875 -810.9375 1120.8125 1517 -735.5625 875.8125 1238.625 -810.9375 1238.625 1370.5 1149 367.1875 1195 1149 320.1875 1228.75 1073.625 709.375 1071.4375 1073.625 618.5625 1228.75 1073.625 709.375 1071.4375 1073.625 618.5625 1003.25 998.25 1003.25 874.8125 998.25 874.8125 1003.25 998.25 1003.25 874.8125 998.25 874.8125 709.4375 922.8125 1228.75 618.5625 922.8125 1071.375 709.4375 922.8125 1228.75 618.5625 922.8125 1071.375 367.1875 847.4375 1370.5 320.1875 847.4375 1195 367.1875 847.4375 1370.5 320.1875 847.4375 1195 0 772.0625 1418.8125 0 772.0625 1237.125 0 772.0625 1418.8125 0 772.0625 1237.125 -367.1875 696.6875 1370.5 -320.1875 696.6875 1195 -367.1875 696.6875 1370.5 -320.1875 696.6875 1195 -709.375 621.3125 1228.75 -618.5625 621.3125 1071.4375 -709.375 621.3125 1228.75 -618.5625 621.3125 1071.4375 -1003.25 545.9375 1003.25 -874.8125 545.9375 874.8125 -1003.25 545.9375 1003.25 -874.8125 545.9375 874.8125 -1228.75 470.5 709.4375 -1071.375 470.5 618.5625 -1228.75 470.5 709.4375 -1071.375 470.5 618.5625 -1370.5 395.125 367.1875 -1195 395.125 320.1875 -1370.5 395.125 367.1875 -1195 395.125 320.1875 -1418.8125 319.75 0 -1237.125 319.75 0 -1418.8125 319.75 0 -1237.125 319.75 0 -1370.5 244.375 -367.1875 -1195 244.375 -320.1875 -1370.5 244.375 -367.1875 -1195 244.375 -320.1875 -1228.75 169 -709.375 -1071.4375 169 -618.5625 -1228.75 169 -709.375 -1071.4375 169 -618.5625 -1003.25 93.625 -1003.25 -874.8125 93.625 -874.8125 -1003.25 93.625 -1003.25 -874.8125 93.625 -874.8125 -709.4375 18.1875 -1228.75 -618.5625 18.1875 -1071.375 -709.4375 18.1875 -1228.75 -618.5625 18.1875 -1071.375 -367.1875 -57.125 -1370.5 -320.1875 -57.125 -1195 -367.1875 -57.125 -1370.5 -320.1875 -57.125 -1195 0 -132.5 -1418.8125 0 -132.5 -1237.125 0 -132.5 -1418.8125 0 -132.5 -1237.125 367.1875 -207.875 -1370.5 320.1875 -207.875 -1195 367.1875 -207.875 -1370.5 320.1875 -207.875 -1195 709.375 -283.25 -1228.75 618.5625 -283.25 -1071.4375 709.375 -283.25 -1228.75 618.5625 -283.25 -1071.4375 1003.25 -358.625 -1003.25 874.8125 -358.625 -874.8125 1003.25 -358.625 -1003.25 874.8125 -358.625 -874.8125 1228.75 -434.0625 -709.4375 1071.375 -434.0625 -618.5625 1228.75 -434.0625 -709.4375 1071.375 -434.0625 -618.5625 1370.5 -509.4375 -367.1875 1195 -509.4375 -320.1875 1370.5 -509.4375 -367.1875 1195 -509.4375 -320.1875 1418.8125 -584.8125 0 1237.125 -584.8125 0 1418.8125 -584.8125 0 1237.125 -584.8125 0 1370.5 -660.1875 367.1875 1195 -660.1875 320.1875 1370.5 -660.1875 367.1875 1195 -660.1875 320.1875 1228.75 -735.5625 709.375 1071.4375 -735.5625 618.5625 1071.4375 -735.5625 618.5625 874.8125 -810.9375 874.8125 1228.75 -735.5625 709.375 1003.25 -810.9375 1003.25 1531.125 1149 410.25 1370.5 1149 367.1875 1228.75 1073.625 709.375 1372.75 1073.625 792.5625 1003.25 998.25 1003.25 1120.875 998.25 1120.8125 709.4375 922.8125 1228.75 792.5625 922.8125 1372.75 367.1875 847.4375 1370.5 410.25 847.4375 1531.125 0 772.0625 1418.8125 0 772.0625 1585.125 -367.1875 696.6875 1370.5 -410.25 696.6875 1531.125 -709.375 621.3125 1228.75 -792.5625 621.3125 1372.75 -1003.25 545.9375 1003.25 -1120.8125 545.9375 1120.875 -1228.75 470.5 709.4375 -1372.75 470.5 792.5625 -1370.5 395.125 367.1875 -1531.125 395.125 410.25 -1418.8125 319.75 0 -1585.125 319.75 0 -1370.5 244.375 -367.1875 -1531.125 244.375 -410.25 -1228.75 169 -709.375 -1372.75 169 -792.5625 -1003.25 93.625 -1003.25 -1120.875 93.625 -1120.8125 -709.4375 18.1875 -1228.75 -792.5625 18.1875 -1372.75 -367.1875 -57.125 -1370.5 -410.25 -57.125 -1531.125 0 -132.5 -1418.8125 0 -132.5 -1585.125 367.1875 -207.875 -1370.5 410.25 -207.875 -1531.125 709.375 -283.25 -1228.75 792.5625 -283.25 -1372.75 1003.25 -358.625 -1003.25 1120.8125 -358.625 -1120.875 1228.75 -434.0625 -709.4375 1372.75 -434.0625 -792.5625 1370.5 -509.4375 -367.1875 1531.125 -509.4375 -410.25 1418.8125 -584.8125 0 1585.125 -584.8125 0 1370.5 -660.1875 367.1875 1531.125 -660.1875 410.25 1228.75 -735.5625 709.375 1003.25 -810.9375 1003.25 1372.75 -735.5625 792.5625 1120.875 -810.9375 1120.8125 1195 1149 320.1875 1016.375 1149 272.3125 911.25 1073.625 526.0625 1071.4375 1073.625 618.5625 911.25 1073.625 526.0625 744 998.25 744 874.8125 998.25 874.8125 744 998.25 744 526.125 922.8125 911.25 618.5625 922.8125 1071.375 526.125 922.8125 911.25 272.3125 847.4375 1016.375 320.1875 847.4375 1195 272.3125 847.4375 1016.375 0 772.0625 1052.25 0 772.0625 1237.125 0 772.0625 1052.25 -272.3125 696.6875 1016.375 -320.1875 696.6875 1195 -272.3125 696.6875 1016.375 -526.0625 621.3125 911.25 -618.5625 621.3125 1071.4375 -526.0625 621.3125 911.25 -744 545.9375 744.0625 -874.8125 545.9375 874.8125 -744 545.9375 744.0625 -911.25 470.5 526.125 -1071.375 470.5 618.5625 -911.25 470.5 526.125 -1016.375 395.125 272.3125 -1195 395.125 320.1875 -1016.375 395.125 272.3125 -1052.25 319.75 0 -1237.125 319.75 0 -1052.25 319.75 0 -1016.375 244.375 -272.3125 -1195 244.375 -320.1875 -1016.375 244.375 -272.3125 -911.25 169 -526.0625 -1071.4375 169 -618.5625 -911.25 169 -526.0625 -744.0625 93.625 -744 -874.8125 93.625 -874.8125 -744.0625 93.625 -744 -526.125 18.1875 -911.25 -618.5625 18.1875 -1071.375 -526.125 18.1875 -911.25 -272.3125 -57.125 -1016.375 -320.1875 -57.125 -1195 -272.3125 -57.125 -1016.375 0 -132.5 -1052.25 0 -132.5 -1237.125 0 -132.5 -1052.25 272.3125 -207.875 -1016.375 320.1875 -207.875 -1195 272.3125 -207.875 -1016.375 526.0625 -283.25 -911.25 618.5625 -283.25 -1071.4375 526.0625 -283.25 -911.25 744 -358.625 -744 874.8125 -358.625 -874.8125 744 -358.625 -744 911.25 -434.0625 -526.125 1071.375 -434.0625 -618.5625 911.25 -434.0625 -526.125 1016.375 -509.4375 -272.3125 1195 -509.4375 -320.1875 1016.375 -509.4375 -272.3125 1052.25 -584.8125 0 1237.125 -584.8125 0 1052.25 -584.8125 0 1016.375 -660.1875 272.3125 1195 -660.1875 320.1875 1016.375 -660.1875 272.3125 911.25 -735.5625 526.0625 911.25 -735.5625 526.0625 744 -810.9375 744 1071.4375 -735.5625 618.5625 874.8125 -810.9375 874.8125</float_array>
                    <technique_common>
                        <accessor count="682" source="#pointarray5" stride="3">
                            <param name="X" type="float"/>
                            <param name="Y" type="float"/>
                            <param name="Z" type="float"/>
                        </accessor>
                    </technique_common>
                </source>
                <source id="uvs5">
                    <float_array id="uvarray5" count="72">1 -2.013671875 0 -2.013671875 1 -1.013671875 0 -1.013671875 2.9931640625 -2.001953125 1.9931640625 -2.001953125 2.9931640625 -1.001953125 1.9931640625 -1.001953125 4.99169921875 -2.025390625 3.99169921875 -2.025390625 4.99169921875 -1.025390625 3.99169921875 -1.025390625 -2.99462890625 0 -3.99462890625 0 -2.99462890625 1 -3.99462890625 1 -0.99755859375 0 -1.99755859375 0 -0.99755859375 1 -1.99755859375 1 -3.00341796875 -1.99609375 -4.00341796875 -1.99609375 -3.00341796875 -0.99609375 -4.00341796875 -0.99609375 -0.99462890625 -2.00830078125 -1.99462890625 -2.00830078125 -0.99462890625 -1.00830078125 -1.99462890625 -1.00830078125 1 -2.00537109375 0 -2.00537109375 1 -1.00537109375 0 -1.00537109375 -1.001953125 -2.013671875 -2.001953125 -2.013671875 -1.001953125 -1.013671875 -2.001953125 -1.013671875</float_array>
                    <technique_common>
                        <accessor count="36" source="#uvarray5" stride="2">
                            <param name="S" type="float"/>
                            <param name="T" type="float"/>
                        </accessor>
                    </technique_common>
                </source>
                <vertices id="vertices5">
                    <input semantic="POSITION" source="#points5"/>
                </vertices>
                <polylist count="416" material="Material1">
                    <input offset="0" semantic="VERTEX" source="#vertices5"/>
                    <input offset="1" semantic="TEXCOORD" source="#uvs5" set="0"/>
                    <vcount>3 3 3 3 3 3 3 3 3 3 3 3 3 3 3 3 3 3 3 3 3 3 3 3 3 3 3 3 3 3 3 3 3 3 3 3 3 3 3 3 3 3 3 3 3 3 3 3 3 3 3 3 3 3 3 3 3 3 3 3 3 3 3 3 3 3 3 3 3 3 3 3 3 3 3 3 3 3 3 3 3 3 3 3 3 3 3 3 3 3 3 3 3 3 3 3 3 3 3 3 3 3 3 3 3 3 3 3 3 3 3 3 3 3 3 3 3 3 3 3 3 3 3 3 3 3 3 3 3 3 3 3 3 3 3 3 3 3 3 3 3 3 3 3 3 3 3 3 3 3 3 3 3 3 3 3 3 3 3 3 3 3 3 3 3 3 3 3 3 3 3 3 3 3 3 3 3 3 3 3 3 3 3 3 3 3 3 3 3 3 3 3 3 3 3 3 3 3 3 3 3 3 3 3 3 3 3 3 3 3 3 3 3 3 3 3 3 3 3 3 3 3 3 3 3 3 3 3 3 3 3 3 3 3 3 3 3 3 3 3 3 3 3 3 3 3 3 3 3 3 3 3 3 3 3 3 3 3 3 3 3 3 3 3 3 3 3 3 3 3 3 3 3 3 3 3 3 3 3 3 3 3 3 3 3 3 3 3 3 3 3 3 3 3 3 3 3 3 3 3 3 3 3 3 3 3 3 3 3 3 3 3 3 3 3 3 3 3 3 3 3 3 3 3 3 3 3 3 3 3 3 3 3 3 3 3 3 3 3 3 3 3 3 3 3 3 3 3 3 3 3 3 3 3 3 3 3 3 3 3 3 3 3 3 3 3 3 3 3 3 3 3 3 3 3 3 3 3 3 3 3 3 3 3 3 3 3 3 3 3 3 3 3 3 3 3 3 3 3 3 3 3 3 3 3 3 3 3 3 3 3 3 3 3 3 3</vcount>
                    <p>2 2 1 1 0 0 3 3 1 1 2 2 6 6 5 5 4 4 7 7 5 5 6 6 10 10 9 9 8 8 11 11 9 9 10 10 14 14 13 13 12 12 15 15 13 13 14 14 18 18 17 17 16 16 19 19 17 17 18 18 22 22 21 21 20 20 23 23 21 21 22 22 26 26 25 25 24 24 27 27 25 25 26 26 30 30 29 29 28 28 31 31 29 29 30 30 34 6 33 5 32 4 35 7 33 5 34 6 38 10 37 9 36 8 39 11 37 9 38 10 42 14 41 13 40 12 43 15 41 13 42 14 46 18 45 17 44 16 47 19 45 17 46 18 50 22 49 21 48 20 51 23 49 21 50 22 54 26 53 25 52 24 55 27 53 25 54 26 58 30 57 29 56 28 59 31 57 29 58 30 62 6 61 5 60 4 63 7 61 5 62 6 66 10 65 9 64 8 67 11 65 9 66 10 70 14 69 13 68 12 71 15 69 13 70 14 74 18 73 17 72 16 75 19 73 17 74 18 78 22 77 21 76 20 79 23 77 21 78 22 82 26 81 25 80 24 83 27 81 25 82 26 86 30 85 29 84 28 87 31 85 29 86 30 90 6 89 5 88 4 91 7 89 5 90 6 94 10 93 9 92 8 95 11 93 9 94 10 98 14 97 13 96 12 99 15 97 13 98 14 102 18 101 17 100 16 103 19 101 17 102 18 106 10 105 9 104 8 107 11 105 9 106 10 110 14 109 13 108 12 111 15 109 13 110 14 114 18 113 17 112 16 115 19 113 17 114 18 118 22 117 21 116 20 119 23 117 21 118 22 122 26 121 25 120 24 123 27 121 25 122 26 126 30 125 29 124 28 127 31 125 29 126 30 130 6 129 5 128 4 131 7 129 5 130 6 134 10 133 9 132 8 135 11 133 9 134 10 138 14 137 13 136 12 139 15 137 13 138 14 142 18 141 17 140 16 143 19 141 17 142 18 146 22 145 21 144 20 147 23 145 21 146 22 150 26 149 25 148 24 151 27 149 25 150 26 154 30 153 29 152 28 155 31 153 29 154 30 158 6 157 5 156 4 159 7 157 5 158 6 162 10 161 9 160 8 163 11 161 9 162 10 166 14 165 13 164 12 167 15 165 13 166 14 170 18 169 17 168 16 171 19 169 17 170 18 174 22 173 21 172 20 175 23 173 21 174 22 178 26 177 25 176 24 179 27 177 25 178 26 182 30 181 29 180 28 183 31 181 29 182 30 186 6 185 5 184 4 187 7 185 5 186 6 190 10 189 9 188 8 191 11 189 9 190 10 194 14 193 13 192 12 195 15 193 13 194 14 198 18 197 17 196 16 199 19 197 17 198 18 202 22 201 21 200 20 203 23 201 21 202 22 206 34 205 33 204 32 207 35 205 33 206 34 5 6 209 5 208 4 210 7 209 5 5 6 9 10 106 9 211 8 212 11 106 9 9 10 13 14 110 13 213 12 214 15 110 13 13 14 17 18 114 17 215 16 216 19 114 17 17 18 21 22 118 21 217 20 218 23 118 21 21 22 25 26 122 25 219 24 220 27 122 25 25 26 29 30 126 29 221 28 222 31 126 29 29 30 33 6 130 5 223 4 224 7 130 5 33 6 37 10 134 9 225 8 226 11 134 9 37 10 41 14 138 13 227 12 228 15 138 13 41 14 45 18 142 17 229 16 230 19 142 17 45 18 49 22 146 21 231 20 232 23 146 21 49 22 53 26 150 25 233 24 234 27 150 25 53 26 57 30 154 29 235 28 236 31 154 29 57 30 61 6 158 5 237 4 238 7 158 5 61 6 65 10 162 9 239 8 240 11 162 9 65 10 69 14 166 13 241 12 242 15 166 13 69 14 73 18 170 17 243 16 244 19 170 17 73 18 77 22 174 21 245 20 246 23 174 21 77 22 81 26 178 25 247 24 248 27 178 25 81 26 85 30 182 29 249 28 250 31 182 29 85 30 89 6 186 5 251 4 252 7 186 5 89 6 93 10 190 9 253 8 254 11 190 9 93 10 97 14 194 13 255 12 256 15 194 13 97 14 103 18 198 17 257 16 258 19 198 17 103 18 261 22 260 21 259 20 202 23 260 21 261 22 109 14 263 13 262 12 264 15 263 13 109 14 113 18 266 17 265 16 267 19 266 17 113 18 117 22 269 21 268 20 270 23 269 21 117 22 121 26 272 25 271 24 273 27 272 25 121 26 125 30 275 29 274 28 276 31 275 29 125 30 129 6 278 5 277 4 279 7 278 5 129 6 133 10 281 9 280 8 282 11 281 9 133 10 137 14 284 13 283 12 285 15 284 13 137 14 141 18 287 17 286 16 288 19 287 17 141 18 145 22 290 21 289 20 291 23 290 21 145 22 149 26 293 25 292 24 294 27 293 25 149 26 153 30 296 29 295 28 297 31 296 29 153 30 157 6 299 5 298 4 300 7 299 5 157 6 161 10 302 9 301 8 303 11 302 9 161 10 165 14 305 13 304 12 306 15 305 13 165 14 169 18 308 17 307 16 309 19 308 17 169 18 173 22 311 21 310 20 312 23 311 21 173 22 177 26 314 25 313 24 315 27 314 25 177 26 181 30 317 29 316 28 318 31 317 29 181 30 185 6 320 5 319 4 321 7 320 5 185 6 189 10 323 9 322 8 324 11 323 9 189 10 193 14 326 13 325 12 327 15 326 13 193 14 197 18 329 17 328 16 330 19 329 17 197 18 201 22 332 21 331 20 333 23 332 21 201 22 207 34 335 33 334 32 336 35 335 33 207 34 339 2 338 1 337 0 340 3 338 1 339 2 343 2 342 1 341 3 344 0 342 1 343 2 347 6 346 5 345 7 348 4 346 5 347 6 351 10 350 9 349 11 352 8 350 9 351 10 355 14 354 13 353 15 356 12 354 13 355 14 359 18 358 17 357 19 360 16 358 17 359 18 363 22 362 21 361 23 364 20 362 21 363 22 367 26 366 25 365 27 368 24 366 25 367 26 371 30 370 29 369 31 372 28 370 29 371 30 375 6 374 5 373 7 376 4 374 5 375 6 379 10 378 9 377 11 380 8 378 9 379 10 383 14 382 13 381 15 384 12 382 13 383 14 387 18 386 17 385 19 388 16 386 17 387 18 391 22 390 21 389 23 392 20 390 21 391 22 395 26 394 25 393 27 396 24 394 25 395 26 399 30 398 29 397 31 400 28 398 29 399 30 403 6 402 5 401 7 404 4 402 5 403 6 407 10 406 9 405 11 408 8 406 9 407 10 411 14 410 13 409 15 412 12 410 13 411 14 415 18 414 17 413 19 416 16 414 17 415 18 419 22 418 21 417 23 420 20 418 21 419 22 423 26 422 25 421 27 424 24 422 25 423 26 427 30 426 29 425 31 428 28 426 29 427 30 431 6 430 5 429 7 432 4 430 5 431 6 435 10 434 9 433 11 436 8 434 9 435 10 439 14 438 13 437 15 440 12 438 13 439 14 443 18 442 17 441 19 444 16 442 17 443 18 447 10 446 9 445 11 448 8 446 9 447 10 451 14 450 13 449 15 452 12 450 13 451 14 455 18 454 17 453 19 456 16 454 17 455 18 459 22 458 21 457 23 460 20 458 21 459 22 463 26 462 25 461 27 464 24 462 25 463 26 467 30 466 29 465 31 468 28 466 29 467 30 471 6 470 5 469 7 472 4 470 5 471 6 475 10 474 9 473 11 476 8 474 9 475 10 479 14 478 13 477 15 480 12 478 13 479 14 483 18 482 17 481 19 484 16 482 17 483 18 487 22 486 21 485 23 488 20 486 21 487 22 491 26 490 25 489 27 492 24 490 25 491 26 495 30 494 29 493 31 496 28 494 29 495 30 499 6 498 5 497 7 500 4 498 5 499 6 503 10 502 9 501 11 504 8 502 9 503 10 507 14 506 13 505 15 508 12 506 13 507 14 511 18 510 17 509 19 512 16 510 17 511 18 515 22 514 21 513 23 516 20 514 21 515 22 519 26 518 25 517 27 520 24 518 25 519 26 523 30 522 29 521 31 524 28 522 29 523 30 527 6 526 5 525 7 528 4 526 5 527 6 531 10 530 9 529 11 532 8 530 9 531 10 535 14 534 13 533 15 536 12 534 13 535 14 539 18 538 17 537 19 540 16 538 17 539 18 543 22 542 21 541 23 544 20 542 21 543 22 547 34 546 33 545 35 548 32 546 33 547 34 346 6 550 5 549 7 551 4 550 5 346 6 350 10 447 9 552 11 553 8 447 9 350 10 354 14 451 13 554 15 555 12 451 13 354 14 358 18 455 17 556 19 557 16 455 17 358 18 362 22 459 21 558 23 559 20 459 21 362 22 366 26 463 25 560 27 561 24 463 25 366 26 370 30 467 29 562 31 563 28 467 29 370 30 374 6 471 5 564 7 565 4 471 5 374 6 378 10 475 9 566 11 567 8 475 9 378 10 382 14 479 13 568 15 569 12 479 13 382 14 386 18 483 17 570 19 571 16 483 17 386 18 390 22 487 21 572 23 573 20 487 21 390 22 394 26 491 25 574 27 575 24 491 25 394 26 398 30 495 29 576 31 577 28 495 29 398 30 402 6 499 5 578 7 579 4 499 5 402 6 406 10 503 9 580 11 581 8 503 9 406 10 410 14 507 13 582 15 583 12 507 13 410 14 414 18 511 17 584 19 585 16 511 17 414 18 418 22 515 21 586 23 587 20 515 21 418 22 422 26 519 25 588 27 589 24 519 25 422 26 426 30 523 29 590 31 591 28 523 29 426 30 430 6 527 5 592 7 593 4 527 5 430 6 434 10 531 9 594 11 595 8 531 9 434 10 438 14 535 13 596 15 597 12 535 13 438 14 441 18 539 17 598 19 599 16 539 17 441 18 601 22 600 21 543 23 602 20 600 21 601 22 450 14 604 13 603 15 605 12 604 13 450 14 454 18 607 17 606 19 608 16 607 17 454 18 458 22 610 21 609 23 611 20 610 21 458 22 462 26 613 25 612 27 614 24 613 25 462 26 466 30 616 29 615 31 617 28 616 29 466 30 470 6 619 5 618 7 620 4 619 5 470 6 474 10 622 9 621 11 623 8 622 9 474 10 478 14 625 13 624 15 626 12 625 13 478 14 482 18 628 17 627 19 629 16 628 17 482 18 486 22 631 21 630 23 632 20 631 21 486 22 490 26 634 25 633 27 635 24 634 25 490 26 494 30 637 29 636 31 638 28 637 29 494 30 498 6 640 5 639 7 641 4 640 5 498 6 502 10 643 9 642 11 644 8 643 9 502 10 506 14 646 13 645 15 647 12 646 13 506 14 510 18 649 17 648 19 650 16 649 17 510 18 514 22 652 21 651 23 653 20 652 21 514 22 518 26 655 25 654 27 656 24 655 25 518 26 522 30 658 29 657 31 659 28 658 29 522 30 526 6 661 5 660 7 662 4 661 5 526 6 530 10 664 9 663 11 665 8 664 9 530 10 534 14 667 13 666 15 668 12 667 13 534 14 538 18 670 17 669 19 671 16 670 17 538 18 542 22 673 21 672 23 674 20 673 21 542 22 545 34 676 33 675 35 677 32 676 33 545 34 680 2 679 1 678 3 681 0 679 1 680 2</p>
                </polylist>
            </mesh>
        </geometry>
        <geometry id="mesh5_VC">
            <mesh>
                <source id="points5_VC">
                    <float_array id="pointarray5_VC" count="2046">1372.75 1102.0625 792.5625 1531.125 1177.4375 410.25 1517 1102.0625 875.8125 1692 1177.4375 453.3125 1120.875 1026.6875 1120.8125 1372.75 1102.0625 792.5625 1238.625 1026.6875 1238.625 1517 1102.0625 875.8125 792.5625 951.3125 1372.75 1120.875 1026.6875 1120.8125 875.875 951.3125 1517 1238.625 1026.6875 1238.625 410.25 875.875 1531.125 792.5625 951.3125 1372.75 453.375 875.875 1692 875.875 951.3125 1517 0 800.5 1585.125 410.25 875.875 1531.125 0 800.5 1751.6875 453.375 875.875 1692 -410.25 725.125 1531.125 0 800.5 1585.125 -453.3125 725.125 1692 0 800.5 1751.6875 -792.5625 649.75 1372.75 -410.25 725.125 1531.125 -875.8125 649.75 1517 -453.3125 725.125 1692 -1120.8125 574.375 1120.875 -792.5625 649.75 1372.75 -1238.625 574.375 1238.625 -875.8125 649.75 1517 -1372.75 499 792.5625 -1120.8125 574.375 1120.875 -1517 499 875.875 -1238.625 574.375 1238.625 -1531.125 423.5625 410.25 -1372.75 499 792.5625 -1692 423.5625 453.375 -1517 499 875.875 -1585.125 348.1875 0 -1531.125 423.5625 410.25 -1751.6875 348.1875 0 -1692 423.5625 453.375 -1531.125 272.8125 -410.25 -1585.125 348.1875 0 -1692 272.8125 -453.3125 -1751.6875 348.1875 0 -1372.75 197.4375 -792.5625 -1531.125 272.8125 -410.25 -1517 197.4375 -875.8125 -1692 272.8125 -453.3125 -1120.875 122.0625 -1120.8125 -1372.75 197.4375 -792.5625 -1238.625 122.0625 -1238.625 -1517 197.4375 -875.8125 -792.5625 46.6875 -1372.75 -1120.875 122.0625 -1120.8125 -875.875 46.6875 -1517 -1238.625 122.0625 -1238.625 -410.25 -28.6875 -1531.125 -792.5625 46.6875 -1372.75 -453.375 -28.6875 -1692 -875.875 46.6875 -1517 0 -104.0625 -1585.125 -410.25 -28.6875 -1531.125 0 -104.0625 -1751.6875 -453.375 -28.6875 -1692 410.25 -179.4375 -1531.125 0 -104.0625 -1585.125 453.3125 -179.4375 -1692 0 -104.0625 -1751.6875 792.5625 -254.8125 -1372.75 410.25 -179.4375 -1531.125 875.8125 -254.8125 -1517 453.3125 -179.4375 -1692 1120.8125 -330.1875 -1120.875 792.5625 -254.8125 -1372.75 1238.625 -330.1875 -1238.625 875.8125 -254.8125 -1517 1372.75 -405.5625 -792.5625 1120.8125 -330.1875 -1120.875 1517 -405.5625 -875.875 1238.625 -330.1875 -1238.625 1531.125 -481 -410.25 1372.75 -405.5625 -792.5625 1692 -481 -453.375 1517 -405.5625 -875.875 1585.125 -556.375 0 1531.125 -481 -410.25 1751.6875 -556.375 0 1692 -481 -453.375 1531.125 -631.75 410.25 1585.125 -556.375 0 1692 -631.75 453.3125 1751.6875 -556.375 0 1372.75 -707.125 792.5625 1531.125 -631.75 410.25 1517 -707.125 875.8125 1692 -631.75 453.3125 1238.625 -782.5 1238.625 1120.875 -782.5 1120.8125 1517 -707.125 875.8125 1372.75 -707.125 792.5625 1071.4375 1102.0625 618.5625 1195 1177.4375 320.1875 1228.75 1102.0625 709.375 1370.5 1177.4375 367.1875 874.8125 1026.6875 874.8125 1071.4375 1102.0625 618.5625 1003.25 1026.6875 1003.25 1228.75 1102.0625 709.375 618.5625 951.3125 1071.375 874.8125 1026.6875 874.8125 709.4375 951.3125 1228.75 1003.25 1026.6875 1003.25 320.1875 875.875 1195 618.5625 951.3125 1071.375 367.1875 875.875 1370.5 709.4375 951.3125 1228.75 0 800.5 1237.125 320.1875 875.875 1195 0 800.5 1418.8125 367.1875 875.875 1370.5 -320.1875 725.125 1195 0 800.5 1237.125 -367.1875 725.125 1370.5 0 800.5 1418.8125 -618.5625 649.75 1071.4375 -320.1875 725.125 1195 -709.375 649.75 1228.75 -367.1875 725.125 1370.5 -874.8125 574.375 874.8125 -618.5625 649.75 1071.4375 -1003.25 574.375 1003.25 -709.375 649.75 1228.75 -1071.375 499 618.5625 -874.8125 574.375 874.8125 -1228.75 499 709.4375 -1003.25 574.375 1003.25 -1195 423.5625 320.1875 -1071.375 499 618.5625 -1370.5 423.5625 367.1875 -1228.75 499 709.4375 -1237.125 348.1875 0 -1195 423.5625 320.1875 -1418.8125 348.1875 0 -1370.5 423.5625 367.1875 -1195 272.8125 -320.1875 -1237.125 348.1875 0 -1370.5 272.8125 -367.1875 -1418.8125 348.1875 0 -1071.4375 197.4375 -618.5625 -1195 272.8125 -320.1875 -1228.75 197.4375 -709.375 -1370.5 272.8125 -367.1875 -874.8125 122.0625 -874.8125 -1071.4375 197.4375 -618.5625 -1003.25 122.0625 -1003.25 -1228.75 197.4375 -709.375 -618.5625 46.6875 -1071.375 -874.8125 122.0625 -874.8125 -709.4375 46.6875 -1228.75 -1003.25 122.0625 -1003.25 -320.1875 -28.6875 -1195 -618.5625 46.6875 -1071.375 -367.1875 -28.6875 -1370.5 -709.4375 46.6875 -1228.75 0 -104.0625 -1237.125 -320.1875 -28.6875 -1195 0 -104.0625 -1418.8125 -367.1875 -28.6875 -1370.5 320.1875 -179.4375 -1195 0 -104.0625 -1237.125 367.1875 -179.4375 -1370.5 0 -104.0625 -1418.8125 618.5625 -254.8125 -1071.4375 320.1875 -179.4375 -1195 709.375 -254.8125 -1228.75 367.1875 -179.4375 -1370.5 874.8125 -330.1875 -874.8125 618.5625 -254.8125 -1071.4375 1003.25 -330.1875 -1003.25 709.375 -254.8125 -1228.75 1071.375 -405.5625 -618.5625 874.8125 -330.1875 -874.8125 1228.75 -405.5625 -709.4375 1003.25 -330.1875 -1003.25 1195 -481 -320.1875 1071.375 -405.5625 -618.5625 1370.5 -481 -367.1875 1228.75 -405.5625 -709.4375 1237.125 -556.375 0 1195 -481 -320.1875 1418.8125 -556.375 0 1370.5 -481 -367.1875 1195 -631.75 320.1875 1237.125 -556.375 0 1370.5 -631.75 367.1875 1418.8125 -556.375 0 1071.4375 -707.125 618.5625 1195 -631.75 320.1875 1228.75 -707.125 709.375 1370.5 -631.75 367.1875 1003.25 -782.5 1003.25 874.8125 -782.5 874.8125 1228.75 -707.125 709.375 1071.4375 -707.125 618.5625 1228.75 1102.0625 709.375 1370.5 1177.4375 367.1875 1531.125 1177.4375 410.25 1003.25 1026.6875 1003.25 1372.75 1102.0625 792.5625 709.4375 951.3125 1228.75 1120.875 1026.6875 1120.8125 367.1875 875.875 1370.5 792.5625 951.3125 1372.75 0 800.5 1418.8125 410.25 875.875 1531.125 -367.1875 725.125 1370.5 0 800.5 1585.125 -709.375 649.75 1228.75 -410.25 725.125 1531.125 -1003.25 574.375 1003.25 -792.5625 649.75 1372.75 -1228.75 499 709.4375 -1120.8125 574.375 1120.875 -1370.5 423.5625 367.1875 -1372.75 499 792.5625 -1418.8125 348.1875 0 -1531.125 423.5625 410.25 -1370.5 272.8125 -367.1875 -1585.125 348.1875 0 -1228.75 197.4375 -709.375 -1531.125 272.8125 -410.25 -1003.25 122.0625 -1003.25 -1372.75 197.4375 -792.5625 -709.4375 46.6875 -1228.75 -1120.875 122.0625 -1120.8125 -367.1875 -28.6875 -1370.5 -792.5625 46.6875 -1372.75 0 -104.0625 -1418.8125 -410.25 -28.6875 -1531.125 367.1875 -179.4375 -1370.5 0 -104.0625 -1585.125 709.375 -254.8125 -1228.75 410.25 -179.4375 -1531.125 1003.25 -330.1875 -1003.25 792.5625 -254.8125 -1372.75 1228.75 -405.5625 -709.4375 1120.8125 -330.1875 -1120.875 1370.5 -481 -367.1875 1372.75 -405.5625 -792.5625 1418.8125 -556.375 0 1531.125 -481 -410.25 1370.5 -631.75 367.1875 1585.125 -556.375 0 1228.75 -707.125 709.375 1531.125 -631.75 410.25 1120.875 -782.5 1120.8125 1003.25 -782.5 1003.25 1372.75 -707.125 792.5625 911.25 1102.0625 526.0625 1016.375 1177.4375 272.3125 1195 1177.4375 320.1875 744 1026.6875 744 911.25 1102.0625 526.0625 1071.4375 1102.0625 618.5625 526.125 951.3125 911.25 744 1026.6875 744 874.8125 1026.6875 874.8125 272.3125 875.875 1016.375 526.125 951.3125 911.25 618.5625 951.3125 1071.375 0 800.5 1052.25 272.3125 875.875 1016.375 320.1875 875.875 1195 -272.3125 725.125 1016.375 0 800.5 1052.25 0 800.5 1237.125 -526.0625 649.75 911.25 -272.3125 725.125 1016.375 -320.1875 725.125 1195 -744 574.375 744.0625 -526.0625 649.75 911.25 -618.5625 649.75 1071.4375 -911.25 499 526.125 -744 574.375 744.0625 -874.8125 574.375 874.8125 -1016.375 423.5625 272.3125 -911.25 499 526.125 -1071.375 499 618.5625 -1052.25 348.1875 0 -1016.375 423.5625 272.3125 -1195 423.5625 320.1875 -1016.375 272.8125 -272.3125 -1052.25 348.1875 0 -1237.125 348.1875 0 -911.25 197.4375 -526.0625 -1016.375 272.8125 -272.3125 -1195 272.8125 -320.1875 -744.0625 122.0625 -744 -911.25 197.4375 -526.0625 -1071.4375 197.4375 -618.5625 -526.125 46.6875 -911.25 -744.0625 122.0625 -744 -874.8125 122.0625 -874.8125 -272.3125 -28.6875 -1016.375 -526.125 46.6875 -911.25 -618.5625 46.6875 -1071.375 0 -104.0625 -1052.25 -272.3125 -28.6875 -1016.375 -320.1875 -28.6875 -1195 272.3125 -179.4375 -1016.375 0 -104.0625 -1052.25 0 -104.0625 -1237.125 526.0625 -254.8125 -911.25 272.3125 -179.4375 -1016.375 320.1875 -179.4375 -1195 744 -330.1875 -744 526.0625 -254.8125 -911.25 618.5625 -254.8125 -1071.4375 911.25 -405.5625 -526.125 744 -330.1875 -744 874.8125 -330.1875 -874.8125 1016.375 -481 -272.3125 911.25 -405.5625 -526.125 1071.375 -405.5625 -618.5625 1052.25 -556.375 0 1016.375 -481 -272.3125 1195 -481 -320.1875 1016.375 -631.75 272.3125 1052.25 -556.375 0 1237.125 -556.375 0 911.25 -707.125 526.0625 1016.375 -631.75 272.3125 1195 -631.75 320.1875 874.8125 -782.5 874.8125 744 -782.5 744 1071.4375 -707.125 618.5625 911.25 -707.125 526.0625 1692 1149 453.3125 1531.125 1149 410.25 1517 1073.625 875.8125 1372.75 1073.625 792.5625 1517 1073.625 875.8125 1372.75 1073.625 792.5625 1238.625 998.25 1238.625 1120.875 998.25 1120.8125 1238.625 998.25 1238.625 1120.875 998.25 1120.8125 875.875 922.8125 1517 792.5625 922.8125 1372.75 875.875 922.8125 1517 792.5625 922.8125 1372.75 453.375 847.4375 1692 410.25 847.4375 1531.125 453.375 847.4375 1692 410.25 847.4375 1531.125 0 772.0625 1751.6875 0 772.0625 1585.125 0 772.0625 1751.6875 0 772.0625 1585.125 -453.3125 696.6875 1692 -410.25 696.6875 1531.125 -453.3125 696.6875 1692 -410.25 696.6875 1531.125 -875.8125 621.3125 1517 -792.5625 621.3125 1372.75 -875.8125 621.3125 1517 -792.5625 621.3125 1372.75 -1238.625 545.9375 1238.625 -1120.8125 545.9375 1120.875 -1238.625 545.9375 1238.625 -1120.8125 545.9375 1120.875 -1517 470.5 875.875 -1372.75 470.5 792.5625 -1517 470.5 875.875 -1372.75 470.5 792.5625 -1692 395.125 453.375 -1531.125 395.125 410.25 -1692 395.125 453.375 -1531.125 395.125 410.25 -1751.6875 319.75 0 -1585.125 319.75 0 -1751.6875 319.75 0 -1585.125 319.75 0 -1692 244.375 -453.3125 -1531.125 244.375 -410.25 -1692 244.375 -453.3125 -1531.125 244.375 -410.25 -1517 169 -875.8125 -1372.75 169 -792.5625 -1517 169 -875.8125 -1372.75 169 -792.5625 -1238.625 93.625 -1238.625 -1120.875 93.625 -1120.8125 -1238.625 93.625 -1238.625 -1120.875 93.625 -1120.8125 -875.875 18.1875 -1517 -792.5625 18.1875 -1372.75 -875.875 18.1875 -1517 -792.5625 18.1875 -1372.75 -453.375 -57.125 -1692 -410.25 -57.125 -1531.125 -453.375 -57.125 -1692 -410.25 -57.125 -1531.125 0 -132.5 -1751.6875 0 -132.5 -1585.125 0 -132.5 -1751.6875 0 -132.5 -1585.125 453.3125 -207.875 -1692 410.25 -207.875 -1531.125 453.3125 -207.875 -1692 410.25 -207.875 -1531.125 875.8125 -283.25 -1517 792.5625 -283.25 -1372.75 875.8125 -283.25 -1517 792.5625 -283.25 -1372.75 1238.625 -358.625 -1238.625 1120.8125 -358.625 -1120.875 1238.625 -358.625 -1238.625 1120.8125 -358.625 -1120.875 1517 -434.0625 -875.875 1372.75 -434.0625 -792.5625 1517 -434.0625 -875.875 1372.75 -434.0625 -792.5625 1692 -509.4375 -453.375 1531.125 -509.4375 -410.25 1692 -509.4375 -453.375 1531.125 -509.4375 -410.25 1751.6875 -584.8125 0 1585.125 -584.8125 0 1751.6875 -584.8125 0 1585.125 -584.8125 0 1692 -660.1875 453.3125 1531.125 -660.1875 410.25 1692 -660.1875 453.3125 1531.125 -660.1875 410.25 1517 -735.5625 875.8125 1372.75 -735.5625 792.5625 1372.75 -735.5625 792.5625 1120.875 -810.9375 1120.8125 1517 -735.5625 875.8125 1238.625 -810.9375 1238.625 1370.5 1149 367.1875 1195 1149 320.1875 1228.75 1073.625 709.375 1071.4375 1073.625 618.5625 1228.75 1073.625 709.375 1071.4375 1073.625 618.5625 1003.25 998.25 1003.25 874.8125 998.25 874.8125 1003.25 998.25 1003.25 874.8125 998.25 874.8125 709.4375 922.8125 1228.75 618.5625 922.8125 1071.375 709.4375 922.8125 1228.75 618.5625 922.8125 1071.375 367.1875 847.4375 1370.5 320.1875 847.4375 1195 367.1875 847.4375 1370.5 320.1875 847.4375 1195 0 772.0625 1418.8125 0 772.0625 1237.125 0 772.0625 1418.8125 0 772.0625 1237.125 -367.1875 696.6875 1370.5 -320.1875 696.6875 1195 -367.1875 696.6875 1370.5 -320.1875 696.6875 1195 -709.375 621.3125 1228.75 -618.5625 621.3125 1071.4375 -709.375 621.3125 1228.75 -618.5625 621.3125 1071.4375 -1003.25 545.9375 1003.25 -874.8125 545.9375 874.8125 -1003.25 545.9375 1003.25 -874.8125 545.9375 874.8125 -1228.75 470.5 709.4375 -1071.375 470.5 618.5625 -1228.75 470.5 709.4375 -1071.375 470.5 618.5625 -1370.5 395.125 367.1875 -1195 395.125 320.1875 -1370.5 395.125 367.1875 -1195 395.125 320.1875 -1418.8125 319.75 0 -1237.125 319.75 0 -1418.8125 319.75 0 -1237.125 319.75 0 -1370.5 244.375 -367.1875 -1195 244.375 -320.1875 -1370.5 244.375 -367.1875 -1195 244.375 -320.1875 -1228.75 169 -709.375 -1071.4375 169 -618.5625 -1228.75 169 -709.375 -1071.4375 169 -618.5625 -1003.25 93.625 -1003.25 -874.8125 93.625 -874.8125 -1003.25 93.625 -1003.25 -874.8125 93.625 -874.8125 -709.4375 18.1875 -1228.75 -618.5625 18.1875 -1071.375 -709.4375 18.1875 -1228.75 -618.5625 18.1875 -1071.375 -367.1875 -57.125 -1370.5 -320.1875 -57.125 -1195 -367.1875 -57.125 -1370.5 -320.1875 -57.125 -1195 0 -132.5 -1418.8125 0 -132.5 -1237.125 0 -132.5 -1418.8125 0 -132.5 -1237.125 367.1875 -207.875 -1370.5 320.1875 -207.875 -1195 367.1875 -207.875 -1370.5 320.1875 -207.875 -1195 709.375 -283.25 -1228.75 618.5625 -283.25 -1071.4375 709.375 -283.25 -1228.75 618.5625 -283.25 -1071.4375 1003.25 -358.625 -1003.25 874.8125 -358.625 -874.8125 1003.25 -358.625 -1003.25 874.8125 -358.625 -874.8125 1228.75 -434.0625 -709.4375 1071.375 -434.0625 -618.5625 1228.75 -434.0625 -709.4375 1071.375 -434.0625 -618.5625 1370.5 -509.4375 -367.1875 1195 -509.4375 -320.1875 1370.5 -509.4375 -367.1875 1195 -509.4375 -320.1875 1418.8125 -584.8125 0 1237.125 -584.8125 0 1418.8125 -584.8125 0 1237.125 -584.8125 0 1370.5 -660.1875 367.1875 1195 -660.1875 320.1875 1370.5 -660.1875 367.1875 1195 -660.1875 320.1875 1228.75 -735.5625 709.375 1071.4375 -735.5625 618.5625 1071.4375 -735.5625 618.5625 874.8125 -810.9375 874.8125 1228.75 -735.5625 709.375 1003.25 -810.9375 1003.25 1531.125 1149 410.25 1370.5 1149 367.1875 1228.75 1073.625 709.375 1372.75 1073.625 792.5625 1003.25 998.25 1003.25 1120.875 998.25 1120.8125 709.4375 922.8125 1228.75 792.5625 922.8125 1372.75 367.1875 847.4375 1370.5 410.25 847.4375 1531.125 0 772.0625 1418.8125 0 772.0625 1585.125 -367.1875 696.6875 1370.5 -410.25 696.6875 1531.125 -709.375 621.3125 1228.75 -792.5625 621.3125 1372.75 -1003.25 545.9375 1003.25 -1120.8125 545.9375 1120.875 -1228.75 470.5 709.4375 -1372.75 470.5 792.5625 -1370.5 395.125 367.1875 -1531.125 395.125 410.25 -1418.8125 319.75 0 -1585.125 319.75 0 -1370.5 244.375 -367.1875 -1531.125 244.375 -410.25 -1228.75 169 -709.375 -1372.75 169 -792.5625 -1003.25 93.625 -1003.25 -1120.875 93.625 -1120.8125 -709.4375 18.1875 -1228.75 -792.5625 18.1875 -1372.75 -367.1875 -57.125 -1370.5 -410.25 -57.125 -1531.125 0 -132.5 -1418.8125 0 -132.5 -1585.125 367.1875 -207.875 -1370.5 410.25 -207.875 -1531.125 709.375 -283.25 -1228.75 792.5625 -283.25 -1372.75 1003.25 -358.625 -1003.25 1120.8125 -358.625 -1120.875 1228.75 -434.0625 -709.4375 1372.75 -434.0625 -792.5625 1370.5 -509.4375 -367.1875 1531.125 -509.4375 -410.25 1418.8125 -584.8125 0 1585.125 -584.8125 0 1370.5 -660.1875 367.1875 1531.125 -660.1875 410.25 1228.75 -735.5625 709.375 1003.25 -810.9375 1003.25 1372.75 -735.5625 792.5625 1120.875 -810.9375 1120.8125 1195 1149 320.1875 1016.375 1149 272.3125 911.25 1073.625 526.0625 1071.4375 1073.625 618.5625 911.25 1073.625 526.0625 744 998.25 744 874.8125 998.25 874.8125 744 998.25 744 526.125 922.8125 911.25 618.5625 922.8125 1071.375 526.125 922.8125 911.25 272.3125 847.4375 1016.375 320.1875 847.4375 1195 272.3125 847.4375 1016.375 0 772.0625 1052.25 0 772.0625 1237.125 0 772.0625 1052.25 -272.3125 696.6875 1016.375 -320.1875 696.6875 1195 -272.3125 696.6875 1016.375 -526.0625 621.3125 911.25 -618.5625 621.3125 1071.4375 -526.0625 621.3125 911.25 -744 545.9375 744.0625 -874.8125 545.9375 874.8125 -744 545.9375 744.0625 -911.25 470.5 526.125 -1071.375 470.5 618.5625 -911.25 470.5 526.125 -1016.375 395.125 272.3125 -1195 395.125 320.1875 -1016.375 395.125 272.3125 -1052.25 319.75 0 -1237.125 319.75 0 -1052.25 319.75 0 -1016.375 244.375 -272.3125 -1195 244.375 -320.1875 -1016.375 244.375 -272.3125 -911.25 169 -526.0625 -1071.4375 169 -618.5625 -911.25 169 -526.0625 -744.0625 93.625 -744 -874.8125 93.625 -874.8125 -744.0625 93.625 -744 -526.125 18.1875 -911.25 -618.5625 18.1875 -1071.375 -526.125 18.1875 -911.25 -272.3125 -57.125 -1016.375 -320.1875 -57.125 -1195 -272.3125 -57.125 -1016.375 0 -132.5 -1052.25 0 -132.5 -1237.125 0 -132.5 -1052.25 272.3125 -207.875 -1016.375 320.1875 -207.875 -1195 272.3125 -207.875 -1016.375 526.0625 -283.25 -911.25 618.5625 -283.25 -1071.4375 526.0625 -283.25 -911.25 744 -358.625 -744 874.8125 -358.625 -874.8125 744 -358.625 -744 911.25 -434.0625 -526.125 1071.375 -434.0625 -618.5625 911.25 -434.0625 -526.125 1016.375 -509.4375 -272.3125 1195 -509.4375 -320.1875 1016.375 -509.4375 -272.3125 1052.25 -584.8125 0 1237.125 -584.8125 0 1052.25 -584.8125 0 1016.375 -660.1875 272.3125 1195 -660.1875 320.1875 1016.375 -660.1875 272.3125 911.25 -735.5625 526.0625 911.25 -735.5625 526.0625 744 -810.9375 744 1071.4375 -735.5625 618.5625 874.8125 -810.9375 874.8125</float_array>
                    <technique_common>
                        <accessor count="682" source="#pointarray5_VC" stride="3">
                            <param name="X" type="float"/>
                            <param name="Y" type="float"/>
                            <param name="Z" type="float"/>
                        </accessor>
                    </technique_common>
                </source>
                <source id="uvs5_VC">
                    <float_array id="uvarray5_VC" count="14">0.08837890625 0.16015625 0.08837890625 0.15494791666666663 0.08837890625 0.14973958333333337 0.08837890625 0.14453125 0.08837890625 0.13932291666666663 0.08837890625 0.13411458333333337 0.08837890625 0.12890625</float_array>
                    <technique_common>
                        <accessor count="7" source="#uvarray5_VC" stride="2">
                            <param name="S" type="float"/>
                            <param name="T" type="float"/>
                        </accessor>
                    </technique_common>
                </source>
                <vertices id="vertices5_VC">
                    <input semantic="POSITION" source="#points5_VC"/>
                </vertices>
                <polylist count="416" material="Material1">
                    <input offset="0" semantic="VERTEX" source="#vertices5_VC"/>
                    <input offset="1" semantic="TEXCOORD" source="#uvs5_VC" set="0"/>
                    <vcount>3 3 3 3 3 3 3 3 3 3 3 3 3 3 3 3 3 3 3 3 3 3 3 3 3 3 3 3 3 3 3 3 3 3 3 3 3 3 3 3 3 3 3 3 3 3 3 3 3 3 3 3 3 3 3 3 3 3 3 3 3 3 3 3 3 3 3 3 3 3 3 3 3 3 3 3 3 3 3 3 3 3 3 3 3 3 3 3 3 3 3 3 3 3 3 3 3 3 3 3 3 3 3 3 3 3 3 3 3 3 3 3 3 3 3 3 3 3 3 3 3 3 3 3 3 3 3 3 3 3 3 3 3 3 3 3 3 3 3 3 3 3 3 3 3 3 3 3 3 3 3 3 3 3 3 3 3 3 3 3 3 3 3 3 3 3 3 3 3 3 3 3 3 3 3 3 3 3 3 3 3 3 3 3 3 3 3 3 3 3 3 3 3 3 3 3 3 3 3 3 3 3 3 3 3 3 3 3 3 3 3 3 3 3 3 3 3 3 3 3 3 3 3 3 3 3 3 3 3 3 3 3 3 3 3 3 3 3 3 3 3 3 3 3 3 3 3 3 3 3 3 3 3 3 3 3 3 3 3 3 3 3 3 3 3 3 3 3 3 3 3 3 3 3 3 3 3 3 3 3 3 3 3 3 3 3 3 3 3 3 3 3 3 3 3 3 3 3 3 3 3 3 3 3 3 3 3 3 3 3 3 3 3 3 3 3 3 3 3 3 3 3 3 3 3 3 3 3 3 3 3 3 3 3 3 3 3 3 3 3 3 3 3 3 3 3 3 3 3 3 3 3 3 3 3 3 3 3 3 3 3 3 3 3 3 3 3 3 3 3 3 3 3 3 3 3 3 3 3 3 3 3 3 3 3 3 3 3 3 3 3 3 3 3 3 3 3 3 3 3 3 3 3 3 3 3 3 3 3 3 3 3 3 3 3 3</vcount>
                    <p>2 0 1 0 0 0 3 0 1 0 2 0 6 1 5 1 4 1 7 1 5 1 6 1 10 2 9 2 8 2 11 2 9 2 10 2 14 3 13 3 12 3 15 3 13 3 14 3 18 4 17 4 16 4 19 4 17 4 18 4 22 5 21 5 20 5 23 5 21 5 22 5 26 6 25 6 24 6 27 6 25 6 26 6 30 0 29 0 28 0 31 0 29 0 30 0 34 1 33 1 32 1 35 1 33 1 34 1 38 2 37 2 36 2 39 2 37 2 38 2 42 3 41 3 40 3 43 3 41 3 42 3 46 4 45 4 44 4 47 4 45 4 46 4 50 5 49 5 48 5 51 5 49 5 50 5 54 6 53 6 52 6 55 6 53 6 54 6 58 0 57 0 56 0 59 0 57 0 58 0 62 1 61 1 60 1 63 1 61 1 62 1 66 2 65 2 64 2 67 2 65 2 66 2 70 3 69 3 68 3 71 3 69 3 70 3 74 4 73 4 72 4 75 4 73 4 74 4 78 5 77 5 76 5 79 5 77 5 78 5 82 6 81 6 80 6 83 6 81 6 82 6 86 0 85 0 84 0 87 0 85 0 86 0 90 1 89 1 88 1 91 1 89 1 90 1 94 2 93 2 92 2 95 2 93 2 94 2 98 3 97 3 96 3 99 3 97 3 98 3 102 4 101 4 100 4 103 4 101 4 102 4 106 2 105 2 104 2 107 2 105 2 106 2 110 3 109 3 108 3 111 3 109 3 110 3 114 4 113 4 112 4 115 4 113 4 114 4 118 5 117 5 116 5 119 5 117 5 118 5 122 6 121 6 120 6 123 6 121 6 122 6 126 0 125 0 124 0 127 0 125 0 126 0 130 1 129 1 128 1 131 1 129 1 130 1 134 2 133 2 132 2 135 2 133 2 134 2 138 3 137 3 136 3 139 3 137 3 138 3 142 4 141 4 140 4 143 4 141 4 142 4 146 5 145 5 144 5 147 5 145 5 146 5 150 6 149 6 148 6 151 6 149 6 150 6 154 0 153 0 152 0 155 0 153 0 154 0 158 1 157 1 156 1 159 1 157 1 158 1 162 2 161 2 160 2 163 2 161 2 162 2 166 3 165 3 164 3 167 3 165 3 166 3 170 4 169 4 168 4 171 4 169 4 170 4 174 5 173 5 172 5 175 5 173 5 174 5 178 6 177 6 176 6 179 6 177 6 178 6 182 0 181 0 180 0 183 0 181 0 182 0 186 1 185 1 184 1 187 1 185 1 186 1 190 2 189 2 188 2 191 2 189 2 190 2 194 3 193 3 192 3 195 3 193 3 194 3 198 4 197 4 196 4 199 4 197 4 198 4 202 5 201 5 200 5 203 5 201 5 202 5 206 6 205 6 204 6 207 6 205 6 206 6 5 1 209 1 208 1 210 1 209 1 5 1 9 2 106 2 211 2 212 2 106 2 9 2 13 3 110 3 213 3 214 3 110 3 13 3 17 4 114 4 215 4 216 4 114 4 17 4 21 5 118 5 217 5 218 5 118 5 21 5 25 6 122 6 219 6 220 6 122 6 25 6 29 0 126 0 221 0 222 0 126 0 29 0 33 1 130 1 223 1 224 1 130 1 33 1 37 2 134 2 225 2 226 2 134 2 37 2 41 3 138 3 227 3 228 3 138 3 41 3 45 4 142 4 229 4 230 4 142 4 45 4 49 5 146 5 231 5 232 5 146 5 49 5 53 6 150 6 233 6 234 6 150 6 53 6 57 0 154 0 235 0 236 0 154 0 57 0 61 1 158 1 237 1 238 1 158 1 61 1 65 2 162 2 239 2 240 2 162 2 65 2 69 3 166 3 241 3 242 3 166 3 69 3 73 4 170 4 243 4 244 4 170 4 73 4 77 5 174 5 245 5 246 5 174 5 77 5 81 6 178 6 247 6 248 6 178 6 81 6 85 0 182 0 249 0 250 0 182 0 85 0 89 1 186 1 251 1 252 1 186 1 89 1 93 2 190 2 253 2 254 2 190 2 93 2 97 3 194 3 255 3 256 3 194 3 97 3 103 4 198 4 257 4 258 4 198 4 103 4 261 5 260 5 259 5 202 5 260 5 261 5 109 3 263 3 262 3 264 3 263 3 109 3 113 4 266 4 265 4 267 4 266 4 113 4 117 5 269 5 268 5 270 5 269 5 117 5 121 6 272 6 271 6 273 6 272 6 121 6 125 0 275 0 274 0 276 0 275 0 125 0 129 1 278 1 277 1 279 1 278 1 129 1 133 2 281 2 280 2 282 2 281 2 133 2 137 3 284 3 283 3 285 3 284 3 137 3 141 4 287 4 286 4 288 4 287 4 141 4 145 5 290 5 289 5 291 5 290 5 145 5 149 6 293 6 292 6 294 6 293 6 149 6 153 0 296 0 295 0 297 0 296 0 153 0 157 1 299 1 298 1 300 1 299 1 157 1 161 2 302 2 301 2 303 2 302 2 161 2 165 3 305 3 304 3 306 3 305 3 165 3 169 4 308 4 307 4 309 4 308 4 169 4 173 5 311 5 310 5 312 5 311 5 173 5 177 6 314 6 313 6 315 6 314 6 177 6 181 0 317 0 316 0 318 0 317 0 181 0 185 1 320 1 319 1 321 1 320 1 185 1 189 2 323 2 322 2 324 2 323 2 189 2 193 3 326 3 325 3 327 3 326 3 193 3 197 4 329 4 328 4 330 4 329 4 197 4 201 5 332 5 331 5 333 5 332 5 201 5 207 6 335 6 334 6 336 6 335 6 207 6 339 0 338 0 337 0 340 0 338 0 339 0 343 0 342 0 341 0 344 0 342 0 343 0 347 1 346 1 345 1 348 1 346 1 347 1 351 2 350 2 349 2 352 2 350 2 351 2 355 3 354 3 353 3 356 3 354 3 355 3 359 4 358 4 357 4 360 4 358 4 359 4 363 5 362 5 361 5 364 5 362 5 363 5 367 6 366 6 365 6 368 6 366 6 367 6 371 0 370 0 369 0 372 0 370 0 371 0 375 1 374 1 373 1 376 1 374 1 375 1 379 2 378 2 377 2 380 2 378 2 379 2 383 3 382 3 381 3 384 3 382 3 383 3 387 4 386 4 385 4 388 4 386 4 387 4 391 5 390 5 389 5 392 5 390 5 391 5 395 6 394 6 393 6 396 6 394 6 395 6 399 0 398 0 397 0 400 0 398 0 399 0 403 1 402 1 401 1 404 1 402 1 403 1 407 2 406 2 405 2 408 2 406 2 407 2 411 3 410 3 409 3 412 3 410 3 411 3 415 4 414 4 413 4 416 4 414 4 415 4 419 5 418 5 417 5 420 5 418 5 419 5 423 6 422 6 421 6 424 6 422 6 423 6 427 0 426 0 425 0 428 0 426 0 427 0 431 1 430 1 429 1 432 1 430 1 431 1 435 2 434 2 433 2 436 2 434 2 435 2 439 3 438 3 437 3 440 3 438 3 439 3 443 4 442 4 441 4 444 4 442 4 443 4 447 2 446 2 445 2 448 2 446 2 447 2 451 3 450 3 449 3 452 3 450 3 451 3 455 4 454 4 453 4 456 4 454 4 455 4 459 5 458 5 457 5 460 5 458 5 459 5 463 6 462 6 461 6 464 6 462 6 463 6 467 0 466 0 465 0 468 0 466 0 467 0 471 1 470 1 469 1 472 1 470 1 471 1 475 2 474 2 473 2 476 2 474 2 475 2 479 3 478 3 477 3 480 3 478 3 479 3 483 4 482 4 481 4 484 4 482 4 483 4 487 5 486 5 485 5 488 5 486 5 487 5 491 6 490 6 489 6 492 6 490 6 491 6 495 0 494 0 493 0 496 0 494 0 495 0 499 1 498 1 497 1 500 1 498 1 499 1 503 2 502 2 501 2 504 2 502 2 503 2 507 3 506 3 505 3 508 3 506 3 507 3 511 4 510 4 509 4 512 4 510 4 511 4 515 5 514 5 513 5 516 5 514 5 515 5 519 6 518 6 517 6 520 6 518 6 519 6 523 0 522 0 521 0 524 0 522 0 523 0 527 1 526 1 525 1 528 1 526 1 527 1 531 2 530 2 529 2 532 2 530 2 531 2 535 3 534 3 533 3 536 3 534 3 535 3 539 4 538 4 537 4 540 4 538 4 539 4 543 5 542 5 541 5 544 5 542 5 543 5 547 6 546 6 545 6 548 6 546 6 547 6 346 1 550 1 549 1 551 1 550 1 346 1 350 2 447 2 552 2 553 2 447 2 350 2 354 3 451 3 554 3 555 3 451 3 354 3 358 4 455 4 556 4 557 4 455 4 358 4 362 5 459 5 558 5 559 5 459 5 362 5 366 6 463 6 560 6 561 6 463 6 366 6 370 0 467 0 562 0 563 0 467 0 370 0 374 1 471 1 564 1 565 1 471 1 374 1 378 2 475 2 566 2 567 2 475 2 378 2 382 3 479 3 568 3 569 3 479 3 382 3 386 4 483 4 570 4 571 4 483 4 386 4 390 5 487 5 572 5 573 5 487 5 390 5 394 6 491 6 574 6 575 6 491 6 394 6 398 0 495 0 576 0 577 0 495 0 398 0 402 1 499 1 578 1 579 1 499 1 402 1 406 2 503 2 580 2 581 2 503 2 406 2 410 3 507 3 582 3 583 3 507 3 410 3 414 4 511 4 584 4 585 4 511 4 414 4 418 5 515 5 586 5 587 5 515 5 418 5 422 6 519 6 588 6 589 6 519 6 422 6 426 0 523 0 590 0 591 0 523 0 426 0 430 1 527 1 592 1 593 1 527 1 430 1 434 2 531 2 594 2 595 2 531 2 434 2 438 3 535 3 596 3 597 3 535 3 438 3 441 4 539 4 598 4 599 4 539 4 441 4 601 5 600 5 543 5 602 5 600 5 601 5 450 3 604 3 603 3 605 3 604 3 450 3 454 4 607 4 606 4 608 4 607 4 454 4 458 5 610 5 609 5 611 5 610 5 458 5 462 6 613 6 612 6 614 6 613 6 462 6 466 0 616 0 615 0 617 0 616 0 466 0 470 1 619 1 618 1 620 1 619 1 470 1 474 2 622 2 621 2 623 2 622 2 474 2 478 3 625 3 624 3 626 3 625 3 478 3 482 4 628 4 627 4 629 4 628 4 482 4 486 5 631 5 630 5 632 5 631 5 486 5 490 6 634 6 633 6 635 6 634 6 490 6 494 0 637 0 636 0 638 0 637 0 494 0 498 1 640 1 639 1 641 1 640 1 498 1 502 2 643 2 642 2 644 2 643 2 502 2 506 3 646 3 645 3 647 3 646 3 506 3 510 4 649 4 648 4 650 4 649 4 510 4 514 5 652 5 651 5 653 5 652 5 514 5 518 6 655 6 654 6 656 6 655 6 518 6 522 0 658 0 657 0 659 0 658 0 522 0 526 1 661 1 660 1 662 1 661 1 526 1 530 2 664 2 663 2 665 2 664 2 530 2 534 3 667 3 666 3 668 3 667 3 534 3 538 4 670 4 669 4 671 4 670 4 538 4 542 5 673 5 672 5 674 5 673 5 542 5 545 6 676 6 675 6 677 6 676 6 545 6 680 0 679 0 678 0 681 0 679 0 680 0</p>
                </polylist>
            </mesh>
        </geometry>
        <geometry id="mesh6">
            <mesh>
                <source id="points6">
                    <float_array id="pointarray6" count="2676">708 156.6875 -15.8125 717.125 156.6875 0 718.125 174.1875 -33.3125 737.375 174.1875 0 718.125 207 -33.3125 737.375 207 0 708 224.4375 -15.8125 717.125 224.4375 0 698.8125 227.625 0 708 224.4375 15.8125 689.6875 224.4375 15.8125 679.5625 207 33.3125 660.3125 207 0 660.3125 174.1875 0 679.5625 174.1875 -33.3125 689.6875 156.6875 -15.8125 717.125 101.9375 0 708 101.9375 -15.8125 689.6875 101.9375 -15.8125 680.5625 156.6875 0 680.5625 101.9375 0 689.6875 156.6875 15.8125 689.6875 101.9375 15.8125 708 156.6875 15.8125 708 101.9375 15.8125 732.25 94.25 0 715.5625 94.25 -28.9375 682.125 94.25 -28.9375 665.4375 94.25 0 682.125 94.25 28.9375 715.5625 94.25 28.9375 718.125 174.1875 33.3125 718.125 207 33.3125 679.5625 207 -33.3125 680.5625 224.4375 0 679.5625 174.1875 33.3125 689.6875 224.4375 -15.8125 715.5625 82.75 -28.9375 682.125 82.75 -28.9375 698.8125 82.75 0 665.4375 82.75 0 682.125 82.75 28.9375 732.25 82.75 0 715.5625 94.25 -28.9375 732.25 94.25 0 715.5625 82.75 28.9375 732.25 94.25 0 715.5625 94.25 28.9375 715.5625 94.25 28.9375 682.125 94.25 28.9375 665.4375 94.25 0 682.125 94.25 -28.9375 715.5625 94.25 -28.9375 605.1875 156.6875 -367.6875 621.0625 156.6875 -358.5625 605.1875 174.1875 -387.9375 638.5625 174.1875 -368.6875 605.1875 207 -387.9375 638.5625 207 -368.6875 605.1875 224.4375 -367.6875 621.0625 224.4375 -358.5625 605.1875 227.625 -349.375 621.0625 224.4375 -340.25 605.1875 224.4375 -331.125 605.1875 207 -310.875 571.875 207 -330.125 571.875 174.1875 -330.125 571.875 174.1875 -368.6875 589.375 156.6875 -358.5625 621.0625 101.9375 -358.5625 605.1875 101.9375 -367.6875 589.375 101.9375 -358.5625 589.375 156.6875 -340.25 589.375 101.9375 -340.25 605.1875 156.6875 -331.125 605.1875 101.9375 -331.125 621.0625 156.6875 -340.25 621.0625 101.9375 -340.25 634.125 94.25 -366.125 605.1875 94.25 -382.8125 576.25 94.25 -366.125 576.25 94.25 -332.6875 605.1875 94.25 -316 634.125 94.25 -332.6875 638.5625 174.1875 -330.125 638.5625 207 -330.125 571.875 207 -368.6875 589.375 224.4375 -340.25 605.1875 174.1875 -310.875 589.375 224.4375 -358.5625 605.1875 82.75 -382.8125 576.25 82.75 -366.125 605.1875 82.75 -349.375 576.25 82.75 -332.6875 605.1875 82.75 -316 634.125 82.75 -366.125 605.1875 94.25 -382.8125 634.125 94.25 -366.125 634.125 82.75 -332.6875 634.125 94.25 -366.125 634.125 94.25 -332.6875 634.125 94.25 -332.6875 605.1875 94.25 -316 576.25 94.25 -332.6875 576.25 94.25 -366.125 605.1875 94.25 -382.8125 340.25 156.6875 -621.0625 358.5625 156.6875 -621.0625 330.125 174.1875 -638.5625 368.6875 174.1875 -638.5625 330.125 207 -638.5625 368.6875 207 -638.5625 340.25 224.4375 -621.0625 358.5625 224.4375 -621.0625 349.375 227.625 -605.1875 367.6875 224.4375 -605.1875 358.5625 224.4375 -589.375 368.6875 207 -571.875 330.125 207 -571.875 330.125 174.1875 -571.875 310.875 174.1875 -605.1875 331.125 156.6875 -605.1875 358.5625 101.9375 -621.0625 340.25 101.9375 -621.0625 331.125 101.9375 -605.1875 340.25 156.6875 -589.375 340.25 101.9375 -589.375 358.5625 156.6875 -589.375 358.5625 101.9375 -589.375 367.6875 156.6875 -605.1875 367.6875 101.9375 -605.1875 366.125 94.25 -634.125 332.6875 94.25 -634.125 316 94.25 -605.1875 332.6875 94.25 -576.25 366.125 94.25 -576.25 382.8125 94.25 -605.1875 387.9375 174.1875 -605.1875 387.9375 207 -605.1875 310.875 207 -605.1875 340.25 224.4375 -589.375 368.6875 174.1875 -571.875 331.125 224.4375 -605.1875 332.6875 82.75 -634.125 316 82.75 -605.1875 349.375 82.75 -605.1875 332.6875 82.75 -576.25 366.125 82.75 -576.25 366.125 82.75 -634.125 332.6875 94.25 -634.125 366.125 94.25 -634.125 382.8125 82.75 -605.1875 366.125 94.25 -634.125 382.8125 94.25 -605.1875 382.8125 94.25 -605.1875 366.125 94.25 -576.25 332.6875 94.25 -576.25 316 94.25 -605.1875 332.6875 94.25 -634.125 -15.8125 156.6875 -708 0 156.6875 -717.125 -33.3125 174.1875 -718.125 0 174.1875 -737.375 -33.3125 207 -718.125 0 207 -737.375 -15.8125 224.4375 -708 0 224.4375 -717.125 0 227.625 -698.8125 15.8125 224.4375 -708 15.8125 224.4375 -689.6875 33.3125 207 -679.5625 0 207 -660.3125 0 174.1875 -660.3125 -33.3125 174.1875 -679.5625 -15.8125 156.6875 -689.6875 0 101.9375 -717.125 -15.8125 101.9375 -708 -15.8125 101.9375 -689.6875 0 156.6875 -680.5625 0 101.9375 -680.5625 15.8125 156.6875 -689.6875 15.8125 101.9375 -689.6875 15.8125 156.6875 -708 15.8125 101.9375 -708 0 94.25 -732.25 -28.9375 94.25 -715.5625 -28.9375 94.25 -682.125 0 94.25 -665.4375 28.9375 94.25 -682.125 28.9375 94.25 -715.5625 33.3125 174.1875 -718.125 33.3125 207 -718.125 -33.3125 207 -679.5625 0 224.4375 -680.5625 33.3125 174.1875 -679.5625 -15.8125 224.4375 -689.6875 -28.9375 82.75 -715.5625 -28.9375 82.75 -682.125 0 82.75 -698.8125 0 82.75 -665.4375 28.9375 82.75 -682.125 0 82.75 -732.25 -28.9375 94.25 -715.5625 0 94.25 -732.25 28.9375 82.75 -715.5625 0 94.25 -732.25 28.9375 94.25 -715.5625 28.9375 94.25 -715.5625 28.9375 94.25 -682.125 0 94.25 -665.4375 -28.9375 94.25 -682.125 -28.9375 94.25 -715.5625 -367.6875 156.6875 -605.1875 -358.5625 156.6875 -621.0625 -387.9375 174.1875 -605.1875 -368.6875 174.1875 -638.5625 -387.9375 207 -605.1875 -368.6875 207 -638.5625 -367.6875 224.4375 -605.1875 -358.5625 224.4375 -621.0625 -349.375 227.625 -605.1875 -340.25 224.4375 -621.0625 -331.125 224.4375 -605.1875 -310.875 207 -605.1875 -330.125 207 -571.875 -330.125 174.1875 -571.875 -368.6875 174.1875 -571.875 -358.5625 156.6875 -589.375 -358.5625 101.9375 -621.0625 -367.6875 101.9375 -605.1875 -358.5625 101.9375 -589.375 -340.25 156.6875 -589.375 -340.25 101.9375 -589.375 -331.125 156.6875 -605.1875 -331.125 101.9375 -605.1875 -340.25 156.6875 -621.0625 -340.25 101.9375 -621.0625 -366.125 94.25 -634.125 -382.8125 94.25 -605.1875 -366.125 94.25 -576.25 -332.6875 94.25 -576.25 -316 94.25 -605.1875 -332.6875 94.25 -634.125 -330.125 174.1875 -638.5625 -330.125 207 -638.5625 -368.6875 207 -571.875 -340.25 224.4375 -589.375 -310.875 174.1875 -605.1875 -358.5625 224.4375 -589.375 -382.8125 82.75 -605.1875 -366.125 82.75 -576.25 -349.375 82.75 -605.1875 -332.6875 82.75 -576.25 -316 82.75 -605.1875 -366.125 82.75 -634.125 -382.8125 94.25 -605.1875 -366.125 94.25 -634.125 -332.6875 82.75 -634.125 -366.125 94.25 -634.125 -332.6875 94.25 -634.125 -332.6875 94.25 -634.125 -316 94.25 -605.1875 -332.6875 94.25 -576.25 -366.125 94.25 -576.25 -382.8125 94.25 -605.1875 -621.0625 156.6875 -340.25 -621.0625 156.6875 -358.5625 -638.5625 174.1875 -330.125 -638.5625 174.1875 -368.6875 -638.5625 207 -330.125 -638.5625 207 -368.6875 -621.0625 224.4375 -340.25 -621.0625 224.4375 -358.5625 -605.1875 227.625 -349.375 -605.1875 224.4375 -367.6875 -589.375 224.4375 -358.5625 -571.875 207 -368.6875 -571.875 207 -330.125 -571.875 174.1875 -330.125 -605.1875 174.1875 -310.875 -605.1875 156.6875 -331.125 -621.0625 101.9375 -358.5625 -621.0625 101.9375 -340.25 -605.1875 101.9375 -331.125 -589.375 156.6875 -340.25 -589.375 101.9375 -340.25 -589.375 156.6875 -358.5625 -589.375 101.9375 -358.5625 -605.1875 156.6875 -367.6875 -605.1875 101.9375 -367.6875 -634.125 94.25 -366.125 -634.125 94.25 -332.6875 -605.1875 94.25 -316 -576.25 94.25 -332.6875 -576.25 94.25 -366.125 -605.1875 94.25 -382.8125 -605.1875 174.1875 -387.9375 -605.1875 207 -387.9375 -605.1875 207 -310.875 -589.375 224.4375 -340.25 -571.875 174.1875 -368.6875 -605.1875 224.4375 -331.125 -634.125 82.75 -332.6875 -605.1875 82.75 -316 -605.1875 82.75 -349.375 -576.25 82.75 -332.6875 -576.25 82.75 -366.125 -634.125 82.75 -366.125 -634.125 94.25 -332.6875 -634.125 94.25 -366.125 -605.1875 82.75 -382.8125 -634.125 94.25 -366.125 -605.1875 94.25 -382.8125 -605.1875 94.25 -382.8125 -576.25 94.25 -366.125 -576.25 94.25 -332.6875 -605.1875 94.25 -316 -634.125 94.25 -332.6875 -708 156.6875 15.8125 -717.125 156.6875 0 -718.125 174.1875 33.3125 -737.375 174.1875 0 -718.125 207 33.3125 -737.375 207 0 -708 224.4375 15.8125 -717.125 224.4375 0 -698.8125 227.625 0 -708 224.4375 -15.8125 -689.6875 224.4375 -15.8125 -679.5625 207 -33.3125 -660.3125 207 0 -660.3125 174.1875 0 -679.5625 174.1875 33.3125 -689.6875 156.6875 15.8125 -717.125 101.9375 0 -708 101.9375 15.8125 -689.6875 101.9375 15.8125 -680.5625 156.6875 0 -680.5625 101.9375 0 -689.6875 156.6875 -15.8125 -689.6875 101.9375 -15.8125 -708 156.6875 -15.8125 -708 101.9375 -15.8125 -732.25 94.25 0 -715.5625 94.25 28.9375 -682.125 94.25 28.9375 -665.4375 94.25 0 -682.125 94.25 -28.9375 -715.5625 94.25 -28.9375 -718.125 174.1875 -33.3125 -718.125 207 -33.3125 -679.5625 207 33.3125 -680.5625 224.4375 0 -679.5625 174.1875 -33.3125 -689.6875 224.4375 15.8125 -715.5625 82.75 28.9375 -682.125 82.75 28.9375 -698.8125 82.75 0 -665.4375 82.75 0 -682.125 82.75 -28.9375 -732.25 82.75 0 -715.5625 94.25 28.9375 -732.25 94.25 0 -715.5625 82.75 -28.9375 -732.25 94.25 0 -715.5625 94.25 -28.9375 -715.5625 94.25 -28.9375 -682.125 94.25 -28.9375 -665.4375 94.25 0 -682.125 94.25 28.9375 -715.5625 94.25 28.9375 -605.1875 156.6875 367.6875 -621.0625 156.6875 358.5625 -605.1875 174.1875 387.9375 -638.5625 174.1875 368.6875 -605.1875 207 387.9375 -638.5625 207 368.6875 -605.1875 224.4375 367.6875 -621.0625 224.4375 358.5625 -605.1875 227.625 349.375 -621.0625 224.4375 340.25 -605.1875 224.4375 331.125 -605.1875 207 310.875 -571.875 207 330.125 -571.875 174.1875 330.125 -571.875 174.1875 368.6875 -589.375 156.6875 358.5625 -621.0625 101.9375 358.5625 -605.1875 101.9375 367.6875 -589.375 101.9375 358.5625 -589.375 156.6875 340.25 -589.375 101.9375 340.25 -605.1875 156.6875 331.125 -605.1875 101.9375 331.125 -621.0625 156.6875 340.25 -621.0625 101.9375 340.25 -634.125 94.25 366.125 -605.1875 94.25 382.8125 -576.25 94.25 366.125 -576.25 94.25 332.6875 -605.1875 94.25 316 -634.125 94.25 332.6875 -638.5625 174.1875 330.125 -638.5625 207 330.125 -571.875 207 368.6875 -589.375 224.4375 340.25 -605.1875 174.1875 310.875 -589.375 224.4375 358.5625 -605.1875 82.75 382.8125 -576.25 82.75 366.125 -605.1875 82.75 349.375 -576.25 82.75 332.6875 -605.1875 82.75 316 -634.125 82.75 366.125 -605.1875 94.25 382.8125 -634.125 94.25 366.125 -634.125 82.75 332.6875 -634.125 94.25 366.125 -634.125 94.25 332.6875 -634.125 94.25 332.6875 -605.1875 94.25 316 -576.25 94.25 332.6875 -576.25 94.25 366.125 -605.1875 94.25 382.8125 -340.25 156.6875 621.0625 -358.5625 156.6875 621.0625 -330.125 174.1875 638.5625 -368.6875 174.1875 638.5625 -330.125 207 638.5625 -368.6875 207 638.5625 -340.25 224.4375 621.0625 -358.5625 224.4375 621.0625 -349.375 227.625 605.1875 -367.6875 224.4375 605.1875 -358.5625 224.4375 589.375 -368.6875 207 571.875 -330.125 207 571.875 -330.125 174.1875 571.875 -310.875 174.1875 605.1875 -331.125 156.6875 605.1875 -358.5625 101.9375 621.0625 -340.25 101.9375 621.0625 -331.125 101.9375 605.1875 -340.25 156.6875 589.375 -340.25 101.9375 589.375 -358.5625 156.6875 589.375 -358.5625 101.9375 589.375 -367.6875 156.6875 605.1875 -367.6875 101.9375 605.1875 -366.125 94.25 634.125 -332.6875 94.25 634.125 -316 94.25 605.1875 -332.6875 94.25 576.25 -366.125 94.25 576.25 -382.8125 94.25 605.1875 -387.9375 174.1875 605.1875 -387.9375 207 605.1875 -310.875 207 605.1875 -340.25 224.4375 589.375 -368.6875 174.1875 571.875 -331.125 224.4375 605.1875 -332.6875 82.75 634.125 -316 82.75 605.1875 -349.375 82.75 605.1875 -332.6875 82.75 576.25 -366.125 82.75 576.25 -366.125 82.75 634.125 -332.6875 94.25 634.125 -366.125 94.25 634.125 -382.8125 82.75 605.1875 -366.125 94.25 634.125 -382.8125 94.25 605.1875 -382.8125 94.25 605.1875 -366.125 94.25 576.25 -332.6875 94.25 576.25 -316 94.25 605.1875 -332.6875 94.25 634.125 15.8125 156.6875 708 0 156.6875 717.125 33.3125 174.1875 718.125 0 174.1875 737.375 33.3125 207 718.125 0 207 737.375 15.8125 224.4375 708 0 224.4375 717.125 0 227.625 698.8125 -15.8125 224.4375 708 -15.8125 224.4375 689.6875 -33.3125 207 679.5625 0 207 660.3125 0 174.1875 660.3125 33.3125 174.1875 679.5625 15.8125 156.6875 689.6875 0 101.9375 717.125 15.8125 101.9375 708 15.8125 101.9375 689.6875 0 156.6875 680.5625 0 101.9375 680.5625 -15.8125 156.6875 689.6875 -15.8125 101.9375 689.6875 -15.8125 156.6875 708 -15.8125 101.9375 708 0 94.25 732.25 28.9375 94.25 715.5625 28.9375 94.25 682.125 0 94.25 665.4375 -28.9375 94.25 682.125 -28.9375 94.25 715.5625 -33.3125 174.1875 718.125 -33.3125 207 718.125 33.3125 207 679.5625 0 224.4375 680.5625 -33.3125 174.1875 679.5625 15.8125 224.4375 689.6875 28.9375 82.75 715.5625 28.9375 82.75 682.125 0 82.75 698.8125 0 82.75 665.4375 -28.9375 82.75 682.125 0 82.75 732.25 28.9375 94.25 715.5625 0 94.25 732.25 -28.9375 82.75 715.5625 0 94.25 732.25 -28.9375 94.25 715.5625 -28.9375 94.25 715.5625 -28.9375 94.25 682.125 0 94.25 665.4375 28.9375 94.25 682.125 28.9375 94.25 715.5625 367.6875 156.6875 605.1875 358.5625 156.6875 621.0625 387.9375 174.1875 605.1875 368.6875 174.1875 638.5625 387.9375 207 605.1875 368.6875 207 638.5625 367.6875 224.4375 605.1875 358.5625 224.4375 621.0625 349.375 227.625 605.1875 340.25 224.4375 621.0625 331.125 224.4375 605.1875 310.875 207 605.1875 330.125 207 571.875 330.125 174.1875 571.875 368.6875 174.1875 571.875 358.5625 156.6875 589.375 358.5625 101.9375 621.0625 367.6875 101.9375 605.1875 358.5625 101.9375 589.375 340.25 156.6875 589.375 340.25 101.9375 589.375 331.125 156.6875 605.1875 331.125 101.9375 605.1875 340.25 156.6875 621.0625 340.25 101.9375 621.0625 366.125 94.25 634.125 382.8125 94.25 605.1875 366.125 94.25 576.25 332.6875 94.25 576.25 316 94.25 605.1875 332.6875 94.25 634.125 330.125 174.1875 638.5625 330.125 207 638.5625 368.6875 207 571.875 340.25 224.4375 589.375 310.875 174.1875 605.1875 358.5625 224.4375 589.375 382.8125 82.75 605.1875 366.125 82.75 576.25 349.375 82.75 605.1875 332.6875 82.75 576.25 316 82.75 605.1875 366.125 82.75 634.125 382.8125 94.25 605.1875 366.125 94.25 634.125 332.6875 82.75 634.125 366.125 94.25 634.125 332.6875 94.25 634.125 332.6875 94.25 634.125 316 94.25 605.1875 332.6875 94.25 576.25 366.125 94.25 576.25 382.8125 94.25 605.1875 621.0625 156.6875 340.25 621.0625 156.6875 358.5625 638.5625 174.1875 330.125 638.5625 174.1875 368.6875 638.5625 207 330.125 638.5625 207 368.6875 621.0625 224.4375 340.25 621.0625 224.4375 358.5625 605.1875 227.625 349.375 605.1875 224.4375 367.6875 589.375 224.4375 358.5625 571.875 207 368.6875 571.875 207 330.125 571.875 174.1875 330.125 605.1875 174.1875 310.875 605.1875 156.6875 331.125 621.0625 101.9375 358.5625 621.0625 101.9375 340.25 605.1875 101.9375 331.125 589.375 156.6875 340.25 589.375 101.9375 340.25 589.375 156.6875 358.5625 589.375 101.9375 358.5625 605.1875 156.6875 367.6875 605.1875 101.9375 367.6875 634.125 94.25 366.125 634.125 94.25 332.6875 605.1875 94.25 316 576.25 94.25 332.6875 576.25 94.25 366.125 605.1875 94.25 382.8125 605.1875 174.1875 387.9375 605.1875 207 387.9375 605.1875 207 310.875 589.375 224.4375 340.25 571.875 174.1875 368.6875 605.1875 224.4375 331.125 634.125 82.75 332.6875 605.1875 82.75 316 605.1875 82.75 349.375 576.25 82.75 332.6875 576.25 82.75 366.125 634.125 82.75 366.125 634.125 94.25 332.6875 634.125 94.25 366.125 605.1875 82.75 382.8125 634.125 94.25 366.125 605.1875 94.25 382.8125 605.1875 94.25 382.8125 576.25 94.25 366.125 576.25 94.25 332.6875 605.1875 94.25 316 634.125 94.25 332.6875 689.0625 176.4375 0 675.6875 176.4375 134.375 701.1875 172.25 0 687.625 172.25 136.75 699.5 176.5 139.125 647.8125 172.25 268.3125 659.0625 176.5 272.9375 593 176.5 396.25 662.75 189.0625 274.5 596.375 189.0625 398.5 593 201.625 396.25 507.25 189.0625 507.25 504.375 201.625 504.375 396.25 201.625 593 495.8125 205.875 495.8125 389.5 205.875 582.9375 382.75 201.6875 572.8125 268.3125 205.875 647.8125 263.6875 201.6875 636.625 134.375 201.6875 675.6875 262.125 189.0625 632.875 133.5625 189.0625 671.75 134.375 176.4375 675.6875 0 189.0625 685 0 176.4375 689.0625 -134.375 176.4375 675.6875 0 172.25 701.1875 -136.75 172.25 687.625 -139.125 176.5 699.5 -268.3125 172.25 647.8125 -272.9375 176.5 659.0625 -396.25 176.5 593 -274.5 189.0625 662.75 -398.5 189.0625 596.375 -396.25 201.625 593 -507.25 189.0625 507.25 -504.375 201.625 504.375 -593 201.625 396.25 -495.8125 205.875 495.8125 -582.9375 205.875 389.5 -572.8125 201.6875 382.75 -647.8125 205.875 268.3125 -636.625 201.6875 263.6875 -675.6875 201.6875 134.375 -632.875 189.0625 262.125 -671.75 189.0625 133.5625 -675.6875 176.4375 134.375 -685 189.0625 0 -689.0625 176.4375 0 -675.6875 176.4375 -134.375 675.6875 176.4375 -134.375 687.625 172.25 -136.75 647.8125 172.25 -268.3125 699.5 176.5 -139.125 659.0625 176.5 -272.9375 662.75 189.0625 -274.5 593 176.5 -396.25 596.375 189.0625 -398.5 507.25 189.0625 -507.25 593 201.625 -396.25 504.375 201.625 -504.375 495.8125 205.875 -495.8125 396.25 201.625 -593 389.5 205.875 -582.9375 268.3125 205.875 -647.8125 382.75 201.6875 -572.8125 263.6875 201.6875 -636.625 262.125 189.0625 -632.875 134.375 201.6875 -675.6875 133.5625 189.0625 -671.75 0 189.0625 -685 134.375 176.4375 -675.6875 0 176.4375 -689.0625 582.9375 172.25 -389.5 495.8125 172.25 -495.8125 504.375 176.5 -504.375 396.25 176.5 -593 398.5 189.0625 -596.375 274.5 189.0625 -662.75 272.9375 201.625 -659.0625 139.125 201.625 -699.5 136.75 205.875 -687.625 0 205.875 -701.1875 0 201.6875 -689.0625 -134.375 201.6875 -675.6875 -133.5625 189.0625 -671.75 -134.375 176.4375 -675.6875 -262.125 189.0625 -632.875 -263.6875 176.4375 -636.625 -382.75 176.4375 -572.8125 389.5 172.25 582.9375 268.3125 172.25 647.8125 396.25 176.5 593 272.9375 176.5 659.0625 274.5 189.0625 662.75 139.125 176.5 699.5 139.875 189.0625 703.5 0 189.0625 717.375 139.125 201.625 699.5 0 201.625 713.375 0 205.875 701.1875 -139.125 201.625 699.5 -136.75 205.875 687.625 -268.3125 205.875 647.8125 -134.375 201.6875 675.6875 -263.6875 201.6875 636.625 -262.125 189.0625 632.875 -382.75 201.6875 572.8125 -380.5 189.0625 569.5 -484.375 189.0625 484.375 -382.75 176.4375 572.8125 -487.25 176.4375 487.25 -701.1875 172.25 0 -687.625 172.25 -136.75 -699.5 176.5 -139.125 -647.8125 172.25 -268.3125 -659.0625 176.5 -272.9375 -593 176.5 -396.25 -662.75 189.0625 -274.5 -596.375 189.0625 -398.5 -593 201.625 -396.25 -507.25 189.0625 -507.25 -504.375 201.625 -504.375 -396.25 201.625 -593 -495.8125 205.875 -495.8125 -389.5 205.875 -582.9375 -382.75 201.6875 -572.8125 -268.3125 205.875 -647.8125 -263.6875 201.6875 -636.625 -582.9375 172.25 389.5 -647.8125 172.25 268.3125 -593 176.5 396.25 -659.0625 176.5 272.9375 -662.75 189.0625 274.5 -699.5 176.5 139.125 -703.5 189.0625 139.875 -717.375 189.0625 0 -699.5 201.625 139.125 -713.375 201.625 0 -701.1875 205.875 0 -699.5 201.625 -139.125 -687.625 205.875 -136.75 -647.8125 205.875 -268.3125 -675.6875 201.6875 -134.375 -636.625 201.6875 -263.6875 -632.875 189.0625 -262.125 -572.8125 201.6875 -382.75 -569.5 189.0625 -380.5 -484.375 189.0625 -484.375 -572.8125 176.4375 -382.75 -487.25 176.4375 -487.25 703.5 189.0625 139.875 699.5 201.625 139.125 659.0625 201.625 272.9375 647.8125 205.875 268.3125 582.9375 205.875 389.5 572.8125 201.6875 382.75 487.25 201.6875 487.25 484.375 189.0625 484.375 380.5 189.0625 569.5 382.75 176.4375 572.8125 263.6875 176.4375 636.625 272.9375 201.625 659.0625 136.75 205.875 687.625 0 201.6875 689.0625 -133.5625 189.0625 671.75 -263.6875 176.4375 636.625 -659.0625 201.625 272.9375 -687.625 205.875 136.75 -689.0625 201.6875 0 -671.75 189.0625 -133.5625 -636.625 176.4375 -263.6875 -389.5 172.25 -582.9375 -268.3125 172.25 -647.8125 -396.25 176.5 -593 -272.9375 176.5 -659.0625 -274.5 189.0625 -662.75 -139.125 176.5 -699.5 -139.875 189.0625 -703.5 0 189.0625 -717.375 -139.125 201.625 -699.5 0 201.625 -713.375 -504.375 176.5 -504.375 -495.8125 172.25 -495.8125 659.0625 201.625 -272.9375 647.8125 205.875 -268.3125 699.5 201.625 -139.125 687.625 205.875 -136.75 701.1875 205.875 0 675.6875 201.6875 -134.375 689.0625 201.6875 0 685 189.0625 0 -504.375 176.5 504.375 -495.8125 172.25 495.8125 -572.8125 176.4375 382.75 -636.625 176.4375 263.6875 504.375 176.5 504.375 495.8125 172.25 495.8125 0 172.25 -701.1875 136.75 172.25 -687.625 139.125 176.5 -699.5 268.3125 172.25 -647.8125 272.9375 176.5 -659.0625 487.25 201.6875 -487.25 484.375 189.0625 -484.375 572.8125 201.6875 -382.75 569.5 189.0625 -380.5 632.875 189.0625 -262.125 572.8125 176.4375 -382.75 636.625 176.4375 -263.6875 636.625 201.6875 263.6875 675.6875 201.6875 134.375 632.875 189.0625 262.125 671.75 189.0625 133.5625 487.25 176.4375 -487.25 382.75 176.4375 -572.8125 717.375 189.0625 0 713.375 201.625 0 569.5 189.0625 380.5 572.8125 176.4375 382.75 487.25 176.4375 487.25 -582.9375 205.875 -389.5 136.75 172.25 687.625 -380.5 189.0625 -569.5 -687.625 172.25 136.75 -389.5 205.875 582.9375 -703.5 189.0625 -139.875 -569.5 189.0625 380.5 -136.75 172.25 -687.625 -139.875 189.0625 703.5 -272.9375 201.625 -659.0625 139.875 189.0625 -703.5 -136.75 205.875 -687.625 -659.0625 201.625 -272.9375 703.5 189.0625 -139.875 582.9375 172.25 389.5 -487.25 201.6875 -487.25 -487.25 201.6875 487.25 -389.5 172.25 582.9375 -713.375 176.5 0 671.75 189.0625 -133.5625 -582.9375 172.25 -389.5 636.625 201.6875 -263.6875 0 176.5 713.375 -272.9375 201.625 659.0625 263.6875 176.4375 -636.625 380.5 189.0625 -569.5 0 176.5 -713.375 582.9375 205.875 -389.5 389.5 172.25 -582.9375 636.625 176.4375 263.6875 398.5 189.0625 596.375 713.375 176.5 0 -596.375 189.0625 398.5 -398.5 189.0625 -596.375 687.625 205.875 136.75</float_array>
                    <technique_common>
                        <accessor count="892" source="#pointarray6" stride="3">
                            <param name="X" type="float"/>
                            <param name="Y" type="float"/>
                            <param name="Z" type="float"/>
                        </accessor>
                    </technique_common>
                </source>
                <source id="uvs6">
                    <float_array id="uvarray6" count="650">0.578125 0.9794921875 0.65625 0.84375 0.5 0.837890625 0.578125 0.70849609375 0.421875 0.70849609375 0.34375 0.84375 0.421875 0.9794921875 0.578125 0.02099609375 0.421875 0.02099609375 0.5 0.150390625 0.34375 0.15625 0.421875 0.2919921875 0.625 0.3125 0.5830078125 0.3125 0.625 0.6884765625 0.5830078125 0.6884765625 0.54150390625 0.3125 0.54150390625 0.6884765625 0.5 0.3125 0.5 0.6884765625 0.4580078125 0.3125 0.4580078125 0.6884765625 0.41650390625 0.3125 0.41650390625 0.6884765625 0.375 0.3125 0.375 0.6884765625 0.65625 0.15625 0.578125 0.2919921875 0.9921875 0.03125 0.96875 0 1 0.125 0.96875 0.125 0.96875 0.25 0.9375 0.125 0.9375 0.25 0.90625 0.25 0.9375 0.375 0.90625 0.375 0.90625 0.5 0.875 0.375 0.875 0.5 0.84375 0.5 0.875 0.625 0.84375 0.625 0.84375 0.75 0.8125 0.625 0.8125 0.75 0.78125 0.75 0.8125 0.875 0.78125 0.875 0.78125 1 0.75 0.875 0.75 1 0.71875 1 0.75 0 0.71875 0 0.75 0.125 0.71875 0.125 0.71875 0.25 0.6875 0.125 0.6875 0.25 0.65625 0.25 0.6875 0.375 0.65625 0.375 0.65625 0.5 0.625 0.375 0.625 0.5 0.59375 0.5 0.625 0.625 0.59375 0.625 0.59375 0.75 0.5625 0.625 0.5625 0.75 0.53125 0.75 0.5625 0.875 0.53125 0.875 0.53125 1 0.5 0.875 0.5 1 0.46875 1 0.0078125 0.03125 0 0.125 0.03125 0 0.03125 0.125 0.0625 0.125 0.03125 0.25 0.0625 0.25 0.0625 0.375 0.09375 0.25 0.09375 0.375 0.125 0.375 0.09375 0.5 0.125 0.5 0.125 0.625 0.15625 0.5 0.15625 0.625 0.1875 0.625 0.15625 0.75 0.1875 0.75 0.1875 0.875 0.21875 0.75 0.21875 0.875 0.25 0.875 0.21875 1 0.25 1 0.09375 0.125 0.125 0.125 0.125 0.25 0.15625 0.25 0.15625 0.375 0.1875 0.375 0.1875 0.5 0.21875 0.5 0.21875 0.625 0.25 0.625 0.25 0.75 0.28125 0.75 0.28125 0.875 0.28125 1 0.3125 0.875 0.3125 1 0.34375 1 0.84375 0.125 0.8125 0.125 0.84375 0.25 0.8125 0.25 0.8125 0.375 0.78125 0.25 0.78125 0.375 0.75 0.375 0.78125 0.5 0.75 0.5 0.75 0.625 0.71875 0.5 0.71875 0.625 0.6875 0.625 0.71875 0.75 0.6875 0.75 0.6875 0.875 0.65625 0.75 0.65625 0.875 0.625 0.875 0.65625 1 0.625 1 0.5 0 0.46875 0 0.5 0.125 0.46875 0.125 0.46875 0.25 0.4375 0.125 0.4375 0.25 0.40625 0.25 0.4375 0.375 0.40625 0.375 0.40625 0.5 0.375 0.375 0.375 0.5 0.34375 0.5 0.375 0.625 0.34375 0.625 0.34375 0.75 0.3125 0.625 0.3125 0.75 0.59375 0.125 0.5625 0.125 0.59375 0.25 0.5625 0.25 0.5625 0.375 0.53125 0.25 0.53125 0.375 0.5 0.375 0.53125 0.5 0.5 0.5 0.5 0.625 0.46875 0.5 0.46875 0.625 0.4375 0.625 0.46875 0.75 0.4375 0.75 0.4375 0.875 0.40625 0.75 0.40625 0.875 0.375 0.875 0.40625 1 0.375 1 0.96875 0.375 0.96875 0.5 0.9375 0.5 0.9375 0.625 0.90625 0.625 0.90625 0.75 0.875 0.75 0.875 0.875 0.84375 0.875 0.84375 1 0.8125 1 0.8125 0.5 0.78125 0.625 0.75 0.75 0.71875 0.875 0.6875 1 0.5625 0.5 0.53125 0.625 0.5 0.75 0.46875 0.875 0.4375 1 0.34375 0.125 0.3125 0.125 0.34375 0.25 0.3125 0.25 0.3125 0.375 0.28125 0.25 0.28125 0.375 0.25 0.375 0.28125 0.5 0.25 0.5 0.375 0.25 0.375 0.125 0.34375 0 0.3125 0 0.28125 0 0.0625 0.5 0.0625 0.625 0.03125 0.5 0.03125 0.625 0 0.625 0.03125 0.75 0 0.75 0 0.875 0.625 0.25 0.625 0.125 0.59375 0 0.5625 0 0.53125 0 0.875 0.25 0.875 0.125 0.84375 0 0.8125 0 0.78125 0 0.25 0 0.21875 0 0.25 0.125 0.21875 0.125 0.21875 0.25 0.1875 0.125 0.1875 0.25 0.125 0.75 0.125 0.875 0.09375 0.75 0.09375 0.875 0.0625 0.875 0.09375 1 0.0625 1 0.9375 0.75 0.96875 0.75 0.9375 0.875 0.96875 0.875 0.96875 1 1 0.875 0.9921875 0.96875 0.09375 0 0.125 0 0.15625 0 1 0.375 1 0.5 1 0.625 0.90625 0.875 0.90625 1 0.875 1 0.40625 0.625 0.78125 0.125 0.34375 0.875 0.53125 0.125 0.65625 0.625 0.46875 0.375 0.59375 1 0.59375 0.875 0.28125 0.125 0.71875 0.375 0.3125 0.5 0.21875 0.375 0.28125 0.625 0.4375 0.5 0.03125 0.375 0 0.375 0.90625 0.125 0.90625 0 0.375 0.75 0.625 0.75 0.65625 0.125 0.65625 0 0.5 0.25 0.03125 1 0.03125 0.875 0.40625 0.125 0.40625 0 0.0625 0.75 0.75 0.25 0.6875 0.5 0.1875 1 0.15625 1 0.15625 0.875 0.25 0.25 0.09375 0.625 0.15625 0.125 0.9375 0 0.84375 0.375 0 0.25 0.59375 0.375 0.34375 0.375 0.96875 0.625 0.6875 0 0.4375 0 0.1875 0 1 0.75 1 0.25 0.0625 0 0.9375 1 0.625 0 0.375 0 0.5625 1 0.875 0 0.125 1 0 0.5 0.0078125 0.96875</float_array>
                    <technique_common>
                        <accessor count="325" source="#uvarray6" stride="2">
                            <param name="S" type="float"/>
                            <param name="T" type="float"/>
                        </accessor>
                    </technique_common>
                </source>
                <vertices id="vertices6">
                    <input semantic="POSITION" source="#points6"/>
                </vertices>
                <polylist count="1520" material="Material1">
                    <input offset="0" semantic="VERTEX" source="#vertices6"/>
                    <input offset="1" semantic="TEXCOORD" source="#uvs6" set="0"/>
                    <vcount>3 3 3 3 3 3 3 3 3 3 3 3 3 3 3 3 3 3 3 3 3 3 3 3 3 3 3 3 3 3 3 3 3 3 3 3 3 3 3 3 3 3 3 3 3 3 3 3 3 3 3 3 3 3 3 3 3 3 3 3 3 3 3 3 3 3 3 3 3 3 3 3 3 3 3 3 3 3 3 3 3 3 3 3 3 3 3 3 3 3 3 3 3 3 3 3 3 3 3 3 3 3 3 3 3 3 3 3 3 3 3 3 3 3 3 3 3 3 3 3 3 3 3 3 3 3 3 3 3 3 3 3 3 3 3 3 3 3 3 3 3 3 3 3 3 3 3 3 3 3 3 3 3 3 3 3 3 3 3 3 3 3 3 3 3 3 3 3 3 3 3 3 3 3 3 3 3 3 3 3 3 3 3 3 3 3 3 3 3 3 3 3 3 3 3 3 3 3 3 3 3 3 3 3 3 3 3 3 3 3 3 3 3 3 3 3 3 3 3 3 3 3 3 3 3 3 3 3 3 3 3 3 3 3 3 3 3 3 3 3 3 3 3 3 3 3 3 3 3 3 3 3 3 3 3 3 3 3 3 3 3 3 3 3 3 3 3 3 3 3 3 3 3 3 3 3 3 3 3 3 3 3 3 3 3 3 3 3 3 3 3 3 3 3 3 3 3 3 3 3 3 3 3 3 3 3 3 3 3 3 3 3 3 3 3 3 3 3 3 3 3 3 3 3 3 3 3 3 3 3 3 3 3 3 3 3 3 3 3 3 3 3 3 3 3 3 3 3 3 3 3 3 3 3 3 3 3 3 3 3 3 3 3 3 3 3 3 3 3 3 3 3 3 3 3 3 3 3 3 3 3 3 3 3 3 3 3 3 3 3 3 3 3 3 3 3 3 3 3 3 3 3 3 3 3 3 3 3 3 3 3 3 3 3 3 3 3 3 3 3 3 3 3 3 3 3 3 3 3 3 3 3 3 3 3 3 3 3 3 3 3 3 3 3 3 3 3 3 3 3 3 3 3 3 3 3 3 3 3 3 3 3 3 3 3 3 3 3 3 3 3 3 3 3 3 3 3 3 3 3 3 3 3 3 3 3 3 3 3 3 3 3 3 3 3 3 3 3 3 3 3 3 3 3 3 3 3 3 3 3 3 3 3 3 3 3 3 3 3 3 3 3 3 3 3 3 3 3 3 3 3 3 3 3 3 3 3 3 3 3 3 3 3 3 3 3 3 3 3 3 3 3 3 3 3 3 3 3 3 3 3 3 3 3 3 3 3 3 3 3 3 3 3 3 3 3 3 3 3 3 3 3 3 3 3 3 3 3 3 3 3 3 3 3 3 3 3 3 3 3 3 3 3 3 3 3 3 3 3 3 3 3 3 3 3 3 3 3 3 3 3 3 3 3 3 3 3 3 3 3 3 3 3 3 3 3 3 3 3 3 3 3 3 3 3 3 3 3 3 3 3 3 3 3 3 3 3 3 3 3 3 3 3 3 3 3 3 3 3 3 3 3 3 3 3 3 3 3 3 3 3 3 3 3 3 3 3 3 3 3 3 3 3 3 3 3 3 3 3 3 3 3 3 3 3 3 3 3 3 3 3 3 3 3 3 3 3 3 3 3 3 3 3 3 3 3 3 3 3 3 3 3 3 3 3 3 3 3 3 3 3 3 3 3 3 3 3 3 3 3 3 3 3 3 3 3 3 3 3 3 3 3 3 3 3 3 3 3 3 3 3 3 3 3 3 3 3 3 3 3 3 3 3 3 3 3 3 3 3 3 3 3 3 3 3 3 3 3 3 3 3 3 3 3 3 3 3 3 3 3 3 3 3 3 3 3 3 3 3 3 3 3 3 3 3 3 3 3 3 3 3 3 3 3 3 3 3 3 3 3 3 3 3 3 3 3 3 3 3 3 3 3 3 3 3 3 3 3 3 3 3 3 3 3 3 3 3 3 3 3 3 3 3 3 3 3 3 3 3 3 3 3 3 3 3 3 3 3 3 3 3 3 3 3 3 3 3 3 3 3 3 3 3 3 3 3 3 3 3 3 3 3 3 3 3 3 3 3 3 3 3 3 3 3 3 3 3 3 3 3 3 3 3 3 3 3 3 3 3 3 3 3 3 3 3 3 3 3 3 3 3 3 3 3 3 3 3 3 3 3 3 3 3 3 3 3 3 3 3 3 3 3 3 3 3 3 3 3 3 3 3 3 3 3 3 3 3 3 3 3 3 3 3 3 3 3 3 3 3 3 3 3 3 3 3 3 3 3 3 3 3 3 3 3 3 3 3 3 3 3 3 3 3 3 3 3 3 3 3 3 3 3 3 3 3 3 3 3 3 3 3 3 3 3 3 3 3 3 3 3 3 3 3 3 3 3 3 3 3 3 3 3 3 3 3 3 3 3 3 3 3 3 3 3 3 3 3 3 3 3 3 3 3 3 3 3 3 3 3 3 3 3 3 3 3 3 3 3 3 3 3 3 3 3 3 3 3 3 3 3 3 3 3 3 3 3 3 3 3 3 3 3 3 3 3 3 3 3 3 3 3 3 3 3 3 3 3 3 3 3 3 3 3 3 3 3 3 3 3 3 3 3 3 3 3 3 3 3 3 3 3 3 3 3 3 3 3 3 3 3 3 3 3 3 3 3 3 3 3 3 3 3 3 3 3 3 3 3 3 3 3 3 3 3 3 3 3 3 3 3 3 3 3 3 3 3 3 3 3 3 3 3 3 3 3 3 3 3 3 3 3 3 3 3 3 3 3 3 3 3 3 3 3 3 3 3 3 3 3 3 3 3 3 3 3 3 3 3 3 3 3 3 3 3 3 3 3 3 3 3 3 3 3 3 3 3 3 3 3 3 3 3 3 3 3 3 3 3 3 3 3 3 3 3 3 3 3 3 3 3 3 3 3 3 3 3 3 3 3 3 3 3 3 3 3 3 3 3 3 3 3 3 3 3 3 3 3 3 3 3 3 3 3 3 3 3 3 3 3 3 3 3 3 3 3 3 3 3 3 3 3 3 3 3 3 3 3 3 3 3 3 3 3 3 3 3 3 3 3 3 3 3 3 3 3 3 3 3 3 3 3 3 3 3 3 3 3 3 3 3 3 3 3 3 3 3 3 3 3 3 3 3 3 3 3 3 3 3 3 3 3 3 3 3 3 3 3 3 3 3 3 3 3 3 3 3 3 3 3 3 3 3 3 3 3 3 3 3 3 3 3 3 3 3 3 3 3 3 3 3 3 3 3 3 3 3 3 3 3 3 3 3 3 3 3 3 3 3 3 3 3 3 3 3 3 3 3 3 3 3 3 3 3 3 3 3 3 3 3 3 3 3 3 3 3 3 3 3 3 3 3 3 3 3 3 3 3 3 3 3 3 3 3 3 3 3 3 3 3 3 3 3 3 3 3 3 3 3 3 3</vcount>
                    <p>2 0 1 1 0 0 3 1 1 1 2 0 4 0 3 1 2 0 5 1 3 1 4 0 6 0 5 1 4 0 7 1 5 1 6 0 8 2 7 1 6 0 9 3 7 1 8 2 10 4 9 3 8 2 11 4 9 3 10 4 12 5 11 4 10 4 13 5 11 4 12 5 14 6 13 5 12 5 15 6 13 5 14 6 0 0 15 6 14 6 17 0 0 0 16 1 15 6 0 0 17 0 18 6 15 6 17 0 19 5 15 6 18 6 20 5 19 5 18 6 21 4 19 5 20 5 22 4 21 4 20 5 23 3 21 4 22 4 24 3 23 3 22 4 1 1 23 3 24 3 16 1 1 1 24 3 0 0 1 1 16 1 26 0 17 0 25 1 18 6 17 0 26 0 27 6 18 6 26 0 20 5 18 6 27 6 28 5 20 5 27 6 22 4 20 5 28 5 29 4 22 4 28 5 24 3 22 4 29 4 30 3 24 3 29 4 16 1 24 3 30 3 25 1 16 1 30 3 17 0 16 1 25 1 3 1 23 3 1 1 31 3 23 3 3 1 5 1 31 3 3 1 32 3 31 3 5 1 7 1 32 3 5 1 9 3 32 3 7 1 14 6 2 0 0 0 33 6 2 0 14 6 12 5 33 6 14 6 34 5 33 6 12 5 10 4 34 5 12 5 8 2 34 5 10 4 31 3 21 4 23 3 35 4 21 4 31 3 32 3 35 4 31 3 11 4 35 4 32 3 9 3 11 4 32 3 33 6 4 0 2 0 36 6 4 0 33 6 34 5 36 6 33 6 8 2 36 6 34 5 39 9 38 8 37 7 40 10 38 8 39 9 41 11 40 10 39 9 35 4 19 5 21 4 13 5 19 5 35 4 11 4 13 5 35 4 43 14 42 13 37 12 44 15 42 13 43 14 46 15 45 16 42 13 47 17 45 16 46 15 48 17 41 18 45 16 49 19 41 18 48 17 49 19 40 20 41 18 50 21 40 20 49 19 50 21 38 22 40 20 51 23 38 22 50 21 51 23 37 24 38 22 52 25 37 24 51 23 42 26 39 9 37 7 45 27 39 9 42 26 6 0 36 6 8 2 4 0 36 6 6 0 45 27 41 11 39 9 15 6 19 5 13 5 55 0 54 1 53 0 56 1 54 1 55 0 57 0 56 1 55 0 58 1 56 1 57 0 59 0 58 1 57 0 60 1 58 1 59 0 61 2 60 1 59 0 62 3 60 1 61 2 63 4 62 3 61 2 64 4 62 3 63 4 65 5 64 4 63 4 66 5 64 4 65 5 67 6 66 5 65 5 68 6 66 5 67 6 53 0 68 6 67 6 70 0 53 0 69 1 68 6 53 0 70 0 71 6 68 6 70 0 72 5 68 6 71 6 73 5 72 5 71 6 74 4 72 5 73 5 75 4 74 4 73 5 76 3 74 4 75 4 77 3 76 3 75 4 54 1 76 3 77 3 69 1 54 1 77 3 53 0 54 1 69 1 79 0 70 0 78 1 71 6 70 0 79 0 80 6 71 6 79 0 73 5 71 6 80 6 81 5 73 5 80 6 75 4 73 5 81 5 82 4 75 4 81 5 77 3 75 4 82 4 83 3 77 3 82 4 69 1 77 3 83 3 78 1 69 1 83 3 70 0 69 1 78 1 56 1 76 3 54 1 84 3 76 3 56 1 58 1 84 3 56 1 85 3 84 3 58 1 60 1 85 3 58 1 62 3 85 3 60 1 67 6 55 0 53 0 86 6 55 0 67 6 65 5 86 6 67 6 87 5 86 6 65 5 63 4 87 5 65 5 61 2 87 5 63 4 84 3 74 4 76 3 88 4 74 4 84 3 85 3 88 4 84 3 64 4 88 4 85 3 62 3 64 4 85 3 86 6 57 0 55 0 89 6 57 0 86 6 87 5 89 6 86 6 61 2 89 6 87 5 92 9 91 8 90 7 93 10 91 8 92 9 94 11 93 10 92 9 88 4 72 5 74 4 66 5 72 5 88 4 64 4 66 5 88 4 96 14 95 13 90 12 97 15 95 13 96 14 99 15 98 16 95 13 100 17 98 16 99 15 101 17 94 18 98 16 102 19 94 18 101 17 102 19 93 20 94 18 103 21 93 20 102 19 103 21 91 22 93 20 104 23 91 22 103 21 104 23 90 24 91 22 105 25 90 24 104 23 95 26 92 9 90 7 98 27 92 9 95 26 59 0 89 6 61 2 57 0 89 6 59 0 98 27 94 11 92 9 68 6 72 5 66 5 108 0 107 1 106 0 109 1 107 1 108 0 110 0 109 1 108 0 111 1 109 1 110 0 112 0 111 1 110 0 113 1 111 1 112 0 114 2 113 1 112 0 115 3 113 1 114 2 116 4 115 3 114 2 117 4 115 3 116 4 118 5 117 4 116 4 119 5 117 4 118 5 120 6 119 5 118 5 121 6 119 5 120 6 106 0 121 6 120 6 123 0 106 0 122 1 121 6 106 0 123 0 124 6 121 6 123 0 125 5 121 6 124 6 126 5 125 5 124 6 127 4 125 5 126 5 128 4 127 4 126 5 129 3 127 4 128 4 130 3 129 3 128 4 107 1 129 3 130 3 122 1 107 1 130 3 106 0 107 1 122 1 132 0 123 0 131 1 124 6 123 0 132 0 133 6 124 6 132 0 126 5 124 6 133 6 134 5 126 5 133 6 128 4 126 5 134 5 135 4 128 4 134 5 130 3 128 4 135 4 136 3 130 3 135 4 122 1 130 3 136 3 131 1 122 1 136 3 123 0 122 1 131 1 109 1 129 3 107 1 137 3 129 3 109 1 111 1 137 3 109 1 138 3 137 3 111 1 113 1 138 3 111 1 115 3 138 3 113 1 120 6 108 0 106 0 139 6 108 0 120 6 118 5 139 6 120 6 140 5 139 6 118 5 116 4 140 5 118 5 114 2 140 5 116 4 137 3 127 4 129 3 141 4 127 4 137 3 138 3 141 4 137 3 117 4 141 4 138 3 115 3 117 4 138 3 139 6 110 0 108 0 142 6 110 0 139 6 140 5 142 6 139 6 114 2 142 6 140 5 145 9 144 8 143 7 146 10 144 8 145 9 147 11 146 10 145 9 141 4 125 5 127 4 119 5 125 5 141 4 117 4 119 5 141 4 149 14 148 13 143 12 150 15 148 13 149 14 152 15 151 16 148 13 153 17 151 16 152 15 154 17 147 18 151 16 155 19 147 18 154 17 155 19 146 20 147 18 156 21 146 20 155 19 156 21 144 22 146 20 157 23 144 22 156 21 157 23 143 24 144 22 158 25 143 24 157 23 148 26 145 9 143 7 151 27 145 9 148 26 112 0 142 6 114 2 110 0 142 6 112 0 151 27 147 11 145 9 121 6 125 5 119 5 161 0 160 1 159 0 162 1 160 1 161 0 163 0 162 1 161 0 164 1 162 1 163 0 165 0 164 1 163 0 166 1 164 1 165 0 167 2 166 1 165 0 168 3 166 1 167 2 169 4 168 3 167 2 170 4 168 3 169 4 171 5 170 4 169 4 172 5 170 4 171 5 173 6 172 5 171 5 174 6 172 5 173 6 159 0 174 6 173 6 176 0 159 0 175 1 174 6 159 0 176 0 177 6 174 6 176 0 178 5 174 6 177 6 179 5 178 5 177 6 180 4 178 5 179 5 181 4 180 4 179 5 182 3 180 4 181 4 183 3 182 3 181 4 160 1 182 3 183 3 175 1 160 1 183 3 159 0 160 1 175 1 185 0 176 0 184 1 177 6 176 0 185 0 186 6 177 6 185 0 179 5 177 6 186 6 187 5 179 5 186 6 181 4 179 5 187 5 188 4 181 4 187 5 183 3 181 4 188 4 189 3 183 3 188 4 175 1 183 3 189 3 184 1 175 1 189 3 176 0 175 1 184 1 162 1 182 3 160 1 190 3 182 3 162 1 164 1 190 3 162 1 191 3 190 3 164 1 166 1 191 3 164 1 168 3 191 3 166 1 173 6 161 0 159 0 192 6 161 0 173 6 171 5 192 6 173 6 193 5 192 6 171 5 169 4 193 5 171 5 167 2 193 5 169 4 190 3 180 4 182 3 194 4 180 4 190 3 191 3 194 4 190 3 170 4 194 4 191 3 168 3 170 4 191 3 192 6 163 0 161 0 195 6 163 0 192 6 193 5 195 6 192 6 167 2 195 6 193 5 198 9 197 8 196 7 199 10 197 8 198 9 200 11 199 10 198 9 194 4 178 5 180 4 172 5 178 5 194 4 170 4 172 5 194 4 202 14 201 13 196 12 203 15 201 13 202 14 205 15 204 16 201 13 206 17 204 16 205 15 207 17 200 18 204 16 208 19 200 18 207 17 208 19 199 20 200 18 209 21 199 20 208 19 209 21 197 22 199 20 210 23 197 22 209 21 210 23 196 24 197 22 211 25 196 24 210 23 201 26 198 9 196 7 204 27 198 9 201 26 165 0 195 6 167 2 163 0 195 6 165 0 204 27 200 11 198 9 174 6 178 5 172 5 214 0 213 1 212 0 215 1 213 1 214 0 216 0 215 1 214 0 217 1 215 1 216 0 218 0 217 1 216 0 219 1 217 1 218 0 220 2 219 1 218 0 221 3 219 1 220 2 222 4 221 3 220 2 223 4 221 3 222 4 224 5 223 4 222 4 225 5 223 4 224 5 226 6 225 5 224 5 227 6 225 5 226 6 212 0 227 6 226 6 229 0 212 0 228 1 227 6 212 0 229 0 230 6 227 6 229 0 231 5 227 6 230 6 232 5 231 5 230 6 233 4 231 5 232 5 234 4 233 4 232 5 235 3 233 4 234 4 236 3 235 3 234 4 213 1 235 3 236 3 228 1 213 1 236 3 212 0 213 1 228 1 238 0 229 0 237 1 230 6 229 0 238 0 239 6 230 6 238 0 232 5 230 6 239 6 240 5 232 5 239 6 234 4 232 5 240 5 241 4 234 4 240 5 236 3 234 4 241 4 242 3 236 3 241 4 228 1 236 3 242 3 237 1 228 1 242 3 229 0 228 1 237 1 215 1 235 3 213 1 243 3 235 3 215 1 217 1 243 3 215 1 244 3 243 3 217 1 219 1 244 3 217 1 221 3 244 3 219 1 226 6 214 0 212 0 245 6 214 0 226 6 224 5 245 6 226 6 246 5 245 6 224 5 222 4 246 5 224 5 220 2 246 5 222 4 243 3 233 4 235 3 247 4 233 4 243 3 244 3 247 4 243 3 223 4 247 4 244 3 221 3 223 4 244 3 245 6 216 0 214 0 248 6 216 0 245 6 246 5 248 6 245 6 220 2 248 6 246 5 251 9 250 8 249 7 252 10 250 8 251 9 253 11 252 10 251 9 247 4 231 5 233 4 225 5 231 5 247 4 223 4 225 5 247 4 255 14 254 13 249 12 256 15 254 13 255 14 258 15 257 16 254 13 259 17 257 16 258 15 260 17 253 18 257 16 261 19 253 18 260 17 261 19 252 20 253 18 262 21 252 20 261 19 262 21 250 22 252 20 263 23 250 22 262 21 263 23 249 24 250 22 264 25 249 24 263 23 254 26 251 9 249 7 257 27 251 9 254 26 218 0 248 6 220 2 216 0 248 6 218 0 257 27 253 11 251 9 227 6 231 5 225 5 267 0 266 1 265 0 268 1 266 1 267 0 269 0 268 1 267 0 270 1 268 1 269 0 271 0 270 1 269 0 272 1 270 1 271 0 273 2 272 1 271 0 274 3 272 1 273 2 275 4 274 3 273 2 276 4 274 3 275 4 277 5 276 4 275 4 278 5 276 4 277 5 279 6 278 5 277 5 280 6 278 5 279 6 265 0 280 6 279 6 282 0 265 0 281 1 280 6 265 0 282 0 283 6 280 6 282 0 284 5 280 6 283 6 285 5 284 5 283 6 286 4 284 5 285 5 287 4 286 4 285 5 288 3 286 4 287 4 289 3 288 3 287 4 266 1 288 3 289 3 281 1 266 1 289 3 265 0 266 1 281 1 291 0 282 0 290 1 283 6 282 0 291 0 292 6 283 6 291 0 285 5 283 6 292 6 293 5 285 5 292 6 287 4 285 5 293 5 294 4 287 4 293 5 289 3 287 4 294 4 295 3 289 3 294 4 281 1 289 3 295 3 290 1 281 1 295 3 282 0 281 1 290 1 268 1 288 3 266 1 296 3 288 3 268 1 270 1 296 3 268 1 297 3 296 3 270 1 272 1 297 3 270 1 274 3 297 3 272 1 279 6 267 0 265 0 298 6 267 0 279 6 277 5 298 6 279 6 299 5 298 6 277 5 275 4 299 5 277 5 273 2 299 5 275 4 296 3 286 4 288 3 300 4 286 4 296 3 297 3 300 4 296 3 276 4 300 4 297 3 274 3 276 4 297 3 298 6 269 0 267 0 301 6 269 0 298 6 299 5 301 6 298 6 273 2 301 6 299 5 304 9 303 8 302 7 305 10 303 8 304 9 306 11 305 10 304 9 300 4 284 5 286 4 278 5 284 5 300 4 276 4 278 5 300 4 308 14 307 13 302 12 309 15 307 13 308 14 311 15 310 16 307 13 312 17 310 16 311 15 313 17 306 18 310 16 314 19 306 18 313 17 314 19 305 20 306 18 315 21 305 20 314 19 315 21 303 22 305 20 316 23 303 22 315 21 316 23 302 24 303 22 317 25 302 24 316 23 307 26 304 9 302 7 310 27 304 9 307 26 271 0 301 6 273 2 269 0 301 6 271 0 310 27 306 11 304 9 280 6 284 5 278 5 320 0 319 1 318 0 321 1 319 1 320 0 322 0 321 1 320 0 323 1 321 1 322 0 324 0 323 1 322 0 325 1 323 1 324 0 326 2 325 1 324 0 327 3 325 1 326 2 328 4 327 3 326 2 329 4 327 3 328 4 330 5 329 4 328 4 331 5 329 4 330 5 332 6 331 5 330 5 333 6 331 5 332 6 318 0 333 6 332 6 335 0 318 0 334 1 333 6 318 0 335 0 336 6 333 6 335 0 337 5 333 6 336 6 338 5 337 5 336 6 339 4 337 5 338 5 340 4 339 4 338 5 341 3 339 4 340 4 342 3 341 3 340 4 319 1 341 3 342 3 334 1 319 1 342 3 318 0 319 1 334 1 344 0 335 0 343 1 336 6 335 0 344 0 345 6 336 6 344 0 338 5 336 6 345 6 346 5 338 5 345 6 340 4 338 5 346 5 347 4 340 4 346 5 342 3 340 4 347 4 348 3 342 3 347 4 334 1 342 3 348 3 343 1 334 1 348 3 335 0 334 1 343 1 321 1 341 3 319 1 349 3 341 3 321 1 323 1 349 3 321 1 350 3 349 3 323 1 325 1 350 3 323 1 327 3 350 3 325 1 332 6 320 0 318 0 351 6 320 0 332 6 330 5 351 6 332 6 352 5 351 6 330 5 328 4 352 5 330 5 326 2 352 5 328 4 349 3 339 4 341 3 353 4 339 4 349 3 350 3 353 4 349 3 329 4 353 4 350 3 327 3 329 4 350 3 351 6 322 0 320 0 354 6 322 0 351 6 352 5 354 6 351 6 326 2 354 6 352 5 357 9 356 8 355 7 358 10 356 8 357 9 359 11 358 10 357 9 353 4 337 5 339 4 331 5 337 5 353 4 329 4 331 5 353 4 361 14 360 13 355 12 362 15 360 13 361 14 364 15 363 16 360 13 365 17 363 16 364 15 366 17 359 18 363 16 367 19 359 18 366 17 367 19 358 20 359 18 368 21 358 20 367 19 368 21 356 22 358 20 369 23 356 22 368 21 369 23 355 24 356 22 370 25 355 24 369 23 360 26 357 9 355 7 363 27 357 9 360 26 324 0 354 6 326 2 322 0 354 6 324 0 363 27 359 11 357 9 333 6 337 5 331 5 373 0 372 1 371 0 374 1 372 1 373 0 375 0 374 1 373 0 376 1 374 1 375 0 377 0 376 1 375 0 378 1 376 1 377 0 379 2 378 1 377 0 380 3 378 1 379 2 381 4 380 3 379 2 382 4 380 3 381 4 383 5 382 4 381 4 384 5 382 4 383 5 385 6 384 5 383 5 386 6 384 5 385 6 371 0 386 6 385 6 388 0 371 0 387 1 386 6 371 0 388 0 389 6 386 6 388 0 390 5 386 6 389 6 391 5 390 5 389 6 392 4 390 5 391 5 393 4 392 4 391 5 394 3 392 4 393 4 395 3 394 3 393 4 372 1 394 3 395 3 387 1 372 1 395 3 371 0 372 1 387 1 397 0 388 0 396 1 389 6 388 0 397 0 398 6 389 6 397 0 391 5 389 6 398 6 399 5 391 5 398 6 393 4 391 5 399 5 400 4 393 4 399 5 395 3 393 4 400 4 401 3 395 3 400 4 387 1 395 3 401 3 396 1 387 1 401 3 388 0 387 1 396 1 374 1 394 3 372 1 402 3 394 3 374 1 376 1 402 3 374 1 403 3 402 3 376 1 378 1 403 3 376 1 380 3 403 3 378 1 385 6 373 0 371 0 404 6 373 0 385 6 383 5 404 6 385 6 405 5 404 6 383 5 381 4 405 5 383 5 379 2 405 5 381 4 402 3 392 4 394 3 406 4 392 4 402 3 403 3 406 4 402 3 382 4 406 4 403 3 380 3 382 4 403 3 404 6 375 0 373 0 407 6 375 0 404 6 405 5 407 6 404 6 379 2 407 6 405 5 410 9 409 8 408 7 411 10 409 8 410 9 412 11 411 10 410 9 406 4 390 5 392 4 384 5 390 5 406 4 382 4 384 5 406 4 414 14 413 13 408 12 415 15 413 13 414 14 417 15 416 16 413 13 418 17 416 16 417 15 419 17 412 18 416 16 420 19 412 18 419 17 420 19 411 20 412 18 421 21 411 20 420 19 421 21 409 22 411 20 422 23 409 22 421 21 422 23 408 24 409 22 423 25 408 24 422 23 413 26 410 9 408 7 416 27 410 9 413 26 377 0 407 6 379 2 375 0 407 6 377 0 416 27 412 11 410 9 386 6 390 5 384 5 426 0 425 1 424 0 427 1 425 1 426 0 428 0 427 1 426 0 429 1 427 1 428 0 430 0 429 1 428 0 431 1 429 1 430 0 432 2 431 1 430 0 433 3 431 1 432 2 434 4 433 3 432 2 435 4 433 3 434 4 436 5 435 4 434 4 437 5 435 4 436 5 438 6 437 5 436 5 439 6 437 5 438 6 424 0 439 6 438 6 441 0 424 0 440 1 439 6 424 0 441 0 442 6 439 6 441 0 443 5 439 6 442 6 444 5 443 5 442 6 445 4 443 5 444 5 446 4 445 4 444 5 447 3 445 4 446 4 448 3 447 3 446 4 425 1 447 3 448 3 440 1 425 1 448 3 424 0 425 1 440 1 450 0 441 0 449 1 442 6 441 0 450 0 451 6 442 6 450 0 444 5 442 6 451 6 452 5 444 5 451 6 446 4 444 5 452 5 453 4 446 4 452 5 448 3 446 4 453 4 454 3 448 3 453 4 440 1 448 3 454 3 449 1 440 1 454 3 441 0 440 1 449 1 427 1 447 3 425 1 455 3 447 3 427 1 429 1 455 3 427 1 456 3 455 3 429 1 431 1 456 3 429 1 433 3 456 3 431 1 438 6 426 0 424 0 457 6 426 0 438 6 436 5 457 6 438 6 458 5 457 6 436 5 434 4 458 5 436 5 432 2 458 5 434 4 455 3 445 4 447 3 459 4 445 4 455 3 456 3 459 4 455 3 435 4 459 4 456 3 433 3 435 4 456 3 457 6 428 0 426 0 460 6 428 0 457 6 458 5 460 6 457 6 432 2 460 6 458 5 463 9 462 8 461 7 464 10 462 8 463 9 465 11 464 10 463 9 459 4 443 5 445 4 437 5 443 5 459 4 435 4 437 5 459 4 467 14 466 13 461 12 468 15 466 13 467 14 470 15 469 16 466 13 471 17 469 16 470 15 472 17 465 18 469 16 473 19 465 18 472 17 473 19 464 20 465 18 474 21 464 20 473 19 474 21 462 22 464 20 475 23 462 22 474 21 475 23 461 24 462 22 476 25 461 24 475 23 466 26 463 9 461 7 469 27 463 9 466 26 430 0 460 6 432 2 428 0 460 6 430 0 469 27 465 11 463 9 439 6 443 5 437 5 479 0 478 1 477 0 480 1 478 1 479 0 481 0 480 1 479 0 482 1 480 1 481 0 483 0 482 1 481 0 484 1 482 1 483 0 485 2 484 1 483 0 486 3 484 1 485 2 487 4 486 3 485 2 488 4 486 3 487 4 489 5 488 4 487 4 490 5 488 4 489 5 491 6 490 5 489 5 492 6 490 5 491 6 477 0 492 6 491 6 494 0 477 0 493 1 492 6 477 0 494 0 495 6 492 6 494 0 496 5 492 6 495 6 497 5 496 5 495 6 498 4 496 5 497 5 499 4 498 4 497 5 500 3 498 4 499 4 501 3 500 3 499 4 478 1 500 3 501 3 493 1 478 1 501 3 477 0 478 1 493 1 503 0 494 0 502 1 495 6 494 0 503 0 504 6 495 6 503 0 497 5 495 6 504 6 505 5 497 5 504 6 499 4 497 5 505 5 506 4 499 4 505 5 501 3 499 4 506 4 507 3 501 3 506 4 493 1 501 3 507 3 502 1 493 1 507 3 494 0 493 1 502 1 480 1 500 3 478 1 508 3 500 3 480 1 482 1 508 3 480 1 509 3 508 3 482 1 484 1 509 3 482 1 486 3 509 3 484 1 491 6 479 0 477 0 510 6 479 0 491 6 489 5 510 6 491 6 511 5 510 6 489 5 487 4 511 5 489 5 485 2 511 5 487 4 508 3 498 4 500 3 512 4 498 4 508 3 509 3 512 4 508 3 488 4 512 4 509 3 486 3 488 4 509 3 510 6 481 0 479 0 513 6 481 0 510 6 511 5 513 6 510 6 485 2 513 6 511 5 516 9 515 8 514 7 517 10 515 8 516 9 518 11 517 10 516 9 512 4 496 5 498 4 490 5 496 5 512 4 488 4 490 5 512 4 520 14 519 13 514 12 521 15 519 13 520 14 523 15 522 16 519 13 524 17 522 16 523 15 525 17 518 18 522 16 526 19 518 18 525 17 526 19 517 20 518 18 527 21 517 20 526 19 527 21 515 22 517 20 528 23 515 22 527 21 528 23 514 24 515 22 529 25 514 24 528 23 519 26 516 9 514 7 522 27 516 9 519 26 483 0 513 6 485 2 481 0 513 6 483 0 522 27 518 11 516 9 492 6 496 5 490 5 532 0 531 1 530 0 533 1 531 1 532 0 534 0 533 1 532 0 535 1 533 1 534 0 536 0 535 1 534 0 537 1 535 1 536 0 538 2 537 1 536 0 539 3 537 1 538 2 540 4 539 3 538 2 541 4 539 3 540 4 542 5 541 4 540 4 543 5 541 4 542 5 544 6 543 5 542 5 545 6 543 5 544 6 530 0 545 6 544 6 547 0 530 0 546 1 545 6 530 0 547 0 548 6 545 6 547 0 549 5 545 6 548 6 550 5 549 5 548 6 551 4 549 5 550 5 552 4 551 4 550 5 553 3 551 4 552 4 554 3 553 3 552 4 531 1 553 3 554 3 546 1 531 1 554 3 530 0 531 1 546 1 556 0 547 0 555 1 548 6 547 0 556 0 557 6 548 6 556 0 550 5 548 6 557 6 558 5 550 5 557 6 552 4 550 5 558 5 559 4 552 4 558 5 554 3 552 4 559 4 560 3 554 3 559 4 546 1 554 3 560 3 555 1 546 1 560 3 547 0 546 1 555 1 533 1 553 3 531 1 561 3 553 3 533 1 535 1 561 3 533 1 562 3 561 3 535 1 537 1 562 3 535 1 539 3 562 3 537 1 544 6 532 0 530 0 563 6 532 0 544 6 542 5 563 6 544 6 564 5 563 6 542 5 540 4 564 5 542 5 538 2 564 5 540 4 561 3 551 4 553 3 565 4 551 4 561 3 562 3 565 4 561 3 541 4 565 4 562 3 539 3 541 4 562 3 563 6 534 0 532 0 566 6 534 0 563 6 564 5 566 6 563 6 538 2 566 6 564 5 569 9 568 8 567 7 570 10 568 8 569 9 571 11 570 10 569 9 565 4 549 5 551 4 543 5 549 5 565 4 541 4 543 5 565 4 573 14 572 13 567 12 574 15 572 13 573 14 576 15 575 16 572 13 577 17 575 16 576 15 578 17 571 18 575 16 579 19 571 18 578 17 579 19 570 20 571 18 580 21 570 20 579 19 580 21 568 22 570 20 581 23 568 22 580 21 581 23 567 24 568 22 582 25 567 24 581 23 572 26 569 9 567 7 575 27 569 9 572 26 536 0 566 6 538 2 534 0 566 6 536 0 575 27 571 11 569 9 545 6 549 5 543 5 585 0 584 1 583 0 586 1 584 1 585 0 587 0 586 1 585 0 588 1 586 1 587 0 589 0 588 1 587 0 590 1 588 1 589 0 591 2 590 1 589 0 592 3 590 1 591 2 593 4 592 3 591 2 594 4 592 3 593 4 595 5 594 4 593 4 596 5 594 4 595 5 597 6 596 5 595 5 598 6 596 5 597 6 583 0 598 6 597 6 600 0 583 0 599 1 598 6 583 0 600 0 601 6 598 6 600 0 602 5 598 6 601 6 603 5 602 5 601 6 604 4 602 5 603 5 605 4 604 4 603 5 606 3 604 4 605 4 607 3 606 3 605 4 584 1 606 3 607 3 599 1 584 1 607 3 583 0 584 1 599 1 609 0 600 0 608 1 601 6 600 0 609 0 610 6 601 6 609 0 603 5 601 6 610 6 611 5 603 5 610 6 605 4 603 5 611 5 612 4 605 4 611 5 607 3 605 4 612 4 613 3 607 3 612 4 599 1 607 3 613 3 608 1 599 1 613 3 600 0 599 1 608 1 586 1 606 3 584 1 614 3 606 3 586 1 588 1 614 3 586 1 615 3 614 3 588 1 590 1 615 3 588 1 592 3 615 3 590 1 597 6 585 0 583 0 616 6 585 0 597 6 595 5 616 6 597 6 617 5 616 6 595 5 593 4 617 5 595 5 591 2 617 5 593 4 614 3 604 4 606 3 618 4 604 4 614 3 615 3 618 4 614 3 594 4 618 4 615 3 592 3 594 4 615 3 616 6 587 0 585 0 619 6 587 0 616 6 617 5 619 6 616 6 591 2 619 6 617 5 622 9 621 8 620 7 623 10 621 8 622 9 624 11 623 10 622 9 618 4 602 5 604 4 596 5 602 5 618 4 594 4 596 5 618 4 626 14 625 13 620 12 627 15 625 13 626 14 629 15 628 16 625 13 630 17 628 16 629 15 631 17 624 18 628 16 632 19 624 18 631 17 632 19 623 20 624 18 633 21 623 20 632 19 633 21 621 22 623 20 634 23 621 22 633 21 634 23 620 24 621 22 635 25 620 24 634 23 625 26 622 9 620 7 628 27 622 9 625 26 589 0 619 6 591 2 587 0 619 6 589 0 628 27 624 11 622 9 598 6 602 5 596 5 638 30 637 29 636 28 639 31 637 29 638 30 640 32 639 31 638 30 641 33 639 31 640 32 642 34 641 33 640 32 643 35 641 33 642 34 644 36 643 35 642 34 645 37 643 35 644 36 646 38 645 37 644 36 647 39 645 37 646 38 648 40 647 39 646 38 649 41 647 39 648 40 650 42 649 41 648 40 651 43 649 41 650 42 652 44 651 43 650 42 653 45 651 43 652 44 654 46 653 45 652 44 655 47 653 45 654 46 656 48 655 47 654 46 657 49 655 47 656 48 658 50 657 49 656 48 659 51 657 49 658 50 660 52 659 51 658 50 661 53 659 51 660 52 662 56 661 55 660 54 663 57 661 55 662 56 664 58 663 57 662 56 665 59 663 57 664 58 666 60 665 59 664 58 667 61 665 59 666 60 668 62 667 61 666 60 669 63 667 61 668 62 670 64 669 63 668 62 671 65 669 63 670 64 672 66 671 65 670 64 673 67 671 65 672 66 674 68 673 67 672 66 675 69 673 67 674 68 676 70 675 69 674 68 677 71 675 69 676 70 678 72 677 71 676 70 679 73 677 71 678 72 680 74 679 73 678 72 681 75 679 73 680 74 682 76 681 75 680 74 683 77 681 75 682 76 684 78 683 77 682 76 685 79 683 77 684 78 686 82 638 81 636 80 687 83 638 81 686 82 688 84 687 83 686 82 689 85 687 83 688 84 690 86 689 85 688 84 691 87 689 85 690 86 692 88 691 87 690 86 693 89 691 87 692 88 694 90 693 89 692 88 695 91 693 89 694 90 696 92 695 91 694 90 697 93 695 91 696 92 698 94 697 93 696 92 699 95 697 93 698 94 700 96 699 95 698 94 701 97 699 95 700 96 702 98 701 97 700 96 703 99 701 97 702 98 704 100 703 99 702 98 705 101 703 99 704 100 706 102 705 101 704 100 707 103 705 101 706 102 708 104 707 103 706 102 710 106 692 88 709 105 711 107 692 88 710 106 712 108 711 107 710 106 694 90 711 107 712 108 713 109 694 90 712 108 698 94 694 90 713 109 714 110 698 94 713 109 715 111 698 94 714 110 716 112 715 111 714 110 700 96 715 111 716 112 717 113 700 96 716 112 704 100 700 96 717 113 718 114 704 100 717 113 719 115 704 100 718 114 720 116 719 115 718 114 706 102 719 115 720 116 721 117 706 102 720 116 722 118 706 102 721 117 723 119 722 118 721 117 724 120 722 118 723 119 725 121 724 120 723 119 728 124 727 123 726 122 729 125 727 123 728 124 730 126 729 125 728 124 731 127 729 125 730 126 732 128 731 127 730 126 733 129 731 127 732 128 734 130 733 129 732 128 735 131 733 129 734 130 736 132 735 131 734 130 737 133 735 131 736 132 738 134 737 133 736 132 739 135 737 133 738 134 740 136 739 135 738 134 741 137 739 135 740 136 742 138 741 137 740 136 743 139 741 137 742 138 744 140 743 139 742 138 745 141 743 139 744 140 746 142 745 141 744 140 747 143 745 141 746 142 748 146 685 145 684 144 749 147 685 145 748 146 750 148 749 147 748 146 751 149 749 147 750 148 752 150 751 149 750 148 753 151 751 149 752 150 754 152 753 151 752 150 755 153 753 151 754 152 756 154 755 153 754 152 757 155 755 153 756 154 758 156 757 155 756 154 759 157 757 155 758 156 760 158 759 157 758 156 761 159 759 157 760 158 762 160 761 159 760 158 763 161 761 159 762 160 764 162 763 161 762 160 720 116 763 161 764 162 723 119 720 116 764 162 721 117 720 116 723 119 767 165 766 164 765 163 768 166 766 164 767 165 769 167 768 166 767 165 770 168 768 166 769 167 771 169 770 168 769 167 772 170 770 168 771 169 773 171 772 170 771 169 774 172 772 170 773 171 775 173 774 172 773 171 776 174 774 172 775 173 777 175 776 174 775 173 778 176 776 174 777 175 779 177 778 176 777 175 780 178 778 176 779 177 781 179 780 178 779 177 782 180 780 178 781 179 783 181 782 180 781 179 784 182 782 180 783 181 785 183 784 182 783 181 786 184 784 182 785 183 788 186 644 36 787 185 789 187 644 36 788 186 790 188 789 187 788 186 646 38 789 187 790 188 791 189 646 38 790 188 650 42 646 38 791 189 792 190 650 42 791 189 793 191 650 42 792 190 794 192 793 191 792 190 652 44 793 191 794 192 795 193 652 44 794 192 656 48 652 44 795 193 796 194 656 48 795 193 797 195 656 48 796 194 653 45 734 130 798 196 799 197 734 130 653 45 655 47 799 197 653 45 736 132 799 197 655 47 800 198 736 132 655 47 740 136 736 132 800 198 659 51 740 136 800 198 801 199 740 136 659 51 661 53 801 199 659 51 742 138 801 199 661 53 802 200 742 138 661 53 746 142 742 138 802 200 677 71 773 171 803 201 804 202 773 171 677 71 679 73 804 202 677 71 775 173 804 202 679 73 805 203 775 173 679 73 779 177 775 173 805 203 683 77 779 177 805 203 806 204 779 177 683 77 685 79 806 204 683 77 781 179 806 204 685 79 807 205 781 179 685 79 785 183 781 179 807 205 810 208 809 207 808 206 811 209 809 207 810 208 812 210 811 209 810 208 813 211 811 209 812 210 814 212 813 211 812 210 815 213 813 211 814 212 816 214 815 213 814 212 817 215 815 213 816 214 718 114 817 215 816 214 716 112 817 215 718 114 717 113 716 112 718 114 757 155 753 151 755 153 818 216 753 151 757 155 810 208 818 216 757 155 819 217 818 216 810 208 808 206 819 217 810 208 725 218 819 217 808 206 809 207 725 218 808 206 724 219 725 218 809 207 722 220 724 219 809 207 695 91 691 87 693 89 820 221 691 87 695 91 821 222 820 221 695 91 822 223 820 221 821 222 823 224 822 223 821 222 824 225 822 223 823 224 825 226 824 225 823 224 826 227 824 225 825 226 827 228 826 227 825 226 671 65 667 61 669 63 828 229 667 61 671 65 767 165 828 229 671 65 829 230 828 229 767 165 765 163 829 230 767 165 830 231 829 230 765 163 766 164 830 231 765 163 831 232 830 231 766 164 682 233 831 232 766 164 647 39 643 35 645 37 832 234 643 35 647 39 728 124 832 234 647 39 833 235 832 234 728 124 726 122 833 235 728 124 796 236 833 235 726 122 727 123 796 236 726 122 797 237 796 236 727 123 658 238 797 237 727 123 834 241 707 240 708 239 835 242 707 240 834 241 836 243 835 242 834 241 837 244 835 242 836 243 838 245 837 244 836 243 712 108 837 244 838 245 714 110 712 108 838 245 713 109 712 108 714 110 701 97 697 93 699 95 839 246 697 93 701 97 840 247 839 246 701 97 841 248 839 246 840 247 842 249 841 248 840 247 843 250 841 248 842 249 844 251 843 250 842 249 845 252 843 250 844 251 790 188 792 190 791 189 846 253 792 190 790 188 847 254 846 253 790 188 848 255 846 253 847 254 849 256 848 255 847 254 637 257 848 255 849 256 827 258 637 257 849 256 636 259 637 257 827 258 688 84 692 88 690 86 709 105 692 88 688 84 844 260 709 105 688 84 710 106 709 105 844 260 850 261 710 106 844 260 851 262 710 106 850 261 640 32 644 36 642 34 787 185 644 36 640 32 852 263 787 185 640 32 788 186 787 185 852 263 853 264 788 186 852 263 824 265 788 186 853 264 848 255 792 190 846 253 854 266 792 190 848 255 855 267 854 266 848 255 794 192 854 266 855 267 856 268 794 192 855 267 796 194 794 192 856 268 782 180 778 176 780 178 857 269 778 176 782 180 760 158 857 269 782 180 756 154 857 269 760 158 758 156 756 154 760 158 731 127 727 123 729 125 858 270 727 123 731 127 662 56 858 270 731 127 658 238 858 270 662 56 660 54 658 238 662 56 730 126 734 130 732 128 798 196 734 130 730 126 649 41 798 196 730 126 653 45 798 196 649 41 651 43 653 45 649 41 725 121 784 182 786 184 859 271 784 182 725 121 723 119 859 271 725 121 762 160 859 271 723 119 764 162 762 160 723 119 770 168 766 164 768 166 860 272 766 164 770 168 748 146 860 272 770 168 682 233 860 272 748 146 684 144 682 233 748 146 743 139 739 135 741 137 861 273 739 135 743 139 674 68 861 273 743 139 670 64 861 273 674 68 672 66 670 64 674 68 769 167 773 171 771 169 803 201 773 171 769 167 673 67 803 201 769 167 677 71 803 201 673 67 675 69 677 71 673 67 776 174 772 170 774 172 862 274 772 170 776 174 754 152 862 274 776 174 750 148 862 274 754 152 752 150 750 148 754 152 830 275 745 141 747 143 863 276 745 141 830 275 680 74 863 276 830 275 676 70 863 276 680 74 678 72 676 70 680 74 813 211 809 207 811 209 864 277 809 207 813 211 834 241 864 277 813 211 722 220 864 277 834 241 708 239 722 220 834 241 737 133 733 129 735 131 865 278 733 129 737 133 668 62 865 278 737 133 664 58 865 278 668 62 666 60 664 58 668 62 812 210 816 214 814 212 866 279 816 214 812 210 759 157 866 279 812 210 763 161 866 279 759 157 761 159 763 161 759 157 716 112 815 213 817 215 867 280 815 213 716 112 714 110 867 280 716 112 836 243 867 280 714 110 838 245 836 243 714 110 763 161 816 214 866 279 868 281 816 214 763 161 720 116 868 281 763 161 718 114 868 281 720 116 756 154 778 176 857 269 869 282 778 176 756 154 754 152 869 282 756 154 776 174 869 282 754 152 822 223 691 87 820 221 870 283 691 87 822 223 852 284 870 283 822 223 689 85 870 283 852 284 833 235 643 35 832 234 871 285 643 35 833 235 855 286 871 285 833 235 641 33 871 285 855 286 762 160 784 182 859 271 872 287 784 182 762 160 760 158 872 287 762 160 782 180 872 287 760 158 676 70 745 141 863 276 873 288 745 141 676 70 674 68 873 288 676 70 743 139 873 288 674 68 829 230 667 61 828 229 874 289 667 61 829 230 746 290 874 289 829 230 665 59 874 289 746 290 750 148 772 170 862 274 875 291 772 170 750 148 748 146 875 291 750 148 770 168 875 291 748 146 686 292 843 250 845 252 876 293 843 250 686 292 827 228 876 293 686 292 825 226 876 293 827 228 819 217 753 151 818 216 877 294 753 151 819 217 785 295 877 294 819 217 751 149 877 294 785 295 821 222 825 226 823 224 878 296 825 226 821 222 841 248 878 296 821 222 843 250 878 296 841 248 664 58 733 129 865 278 879 297 733 129 664 58 662 56 879 297 664 58 731 127 879 297 662 56 670 64 739 135 861 273 880 298 739 135 670 64 668 62 880 298 670 64 737 133 880 298 668 62 851 300 703 99 881 299 882 301 703 99 851 300 840 247 882 301 851 300 701 97 882 301 840 247 836 243 815 213 867 280 883 302 815 213 836 243 834 241 883 302 836 243 813 211 883 302 834 241 841 248 697 93 839 246 884 303 697 93 841 248 821 222 884 303 841 248 695 91 884 303 821 222 885 304 837 244 712 108 851 262 837 244 885 304 710 106 851 262 885 304 641 33 637 29 639 31 886 305 637 29 641 33 855 286 886 305 641 33 887 306 647 39 649 41 728 124 647 39 887 306 730 126 728 124 887 306 689 85 638 81 687 83 888 307 638 81 689 85 852 284 888 307 689 85 889 308 671 65 673 67 767 165 671 65 889 308 769 167 767 165 889 308 890 309 757 155 759 157 810 208 757 155 890 309 812 210 810 208 890 309 891 310 824 265 847 254 788 186 824 265 891 310 790 188 788 186 891 310 665 59 661 55 663 57 802 311 661 55 665 59 746 290 802 311 665 59 751 149 685 145 749 147 807 312 685 145 751 149 785 295 807 312 751 149 837 244 707 240 835 242 881 313 707 240 837 244 851 262 881 313 837 244 847 254 827 258 849 256 826 314 827 258 847 254 824 265 826 314 847 254 888 315 640 32 638 30 852 263 640 32 888 315 688 84 845 316 844 260 686 82 845 316 688 84 655 47 659 51 800 198 657 49 659 51 655 47 886 317 848 255 637 257 855 267 848 255 886 317 829 230 747 318 746 290 830 231 747 318 829 230 819 217 786 319 785 295 725 218 786 319 819 217 831 320 680 74 830 275 682 76 680 74 831 320 679 73 683 77 805 203 681 75 683 77 679 73 833 235 856 321 855 286 796 236 856 321 833 235 707 103 703 99 705 101 881 299 703 99 707 103 850 322 840 247 851 300 844 251 840 247 850 322 843 250 825 226 878 296 876 293 825 226 843 250 822 223 853 323 852 284 824 225 853 323 822 223 778 176 869 282 776 174 698 94 696 92 694 90 718 114 816 214 868 281 704 100 702 98 700 96 698 94 715 111 700 96 815 213 883 302 813 211 722 220 809 207 864 277 695 91 697 93 884 303 736 132 734 130 799 197 751 149 753 151 877 294 794 192 792 190 854 266 656 48 654 46 652 44 656 48 797 195 658 50 742 138 740 136 801 199 742 138 746 142 744 140 772 170 875 291 770 168 794 192 796 194 795 193 745 141 873 288 743 139 644 36 789 187 646 38 641 33 643 35 871 285 781 179 779 177 806 204 781 179 785 183 783 181 658 238 727 123 858 270 682 233 766 164 860 272 784 182 872 287 782 180 722 118 708 104 706 102 704 100 719 115 706 102 775 173 773 171 804 202 665 59 667 61 874 289 701 97 703 99 882 301 775 173 779 177 777 175 840 247 844 251 842 249 733 129 879 297 731 127 689 85 691 87 870 283 686 292 636 324 827 228 736 132 740 136 738 134 712 108 710 106 885 304 650 42 793 191 652 44 649 41 730 126 887 306 650 42 648 40 646 38 673 67 769 167 889 308 739 135 880 298 737 133 759 157 812 210 890 309 692 88 711 107 694 90 847 254 790 188 891 310</p>
                </polylist>
            </mesh>
        </geometry>
        <geometry id="mesh6_VC">
            <mesh>
                <source id="points6_VC">
                    <float_array id="pointarray6_VC" count="2676">708 156.6875 -15.8125 717.125 156.6875 0 718.125 174.1875 -33.3125 737.375 174.1875 0 718.125 207 -33.3125 737.375 207 0 708 224.4375 -15.8125 717.125 224.4375 0 698.8125 227.625 0 708 224.4375 15.8125 689.6875 224.4375 15.8125 679.5625 207 33.3125 660.3125 207 0 660.3125 174.1875 0 679.5625 174.1875 -33.3125 689.6875 156.6875 -15.8125 717.125 101.9375 0 708 101.9375 -15.8125 689.6875 101.9375 -15.8125 680.5625 156.6875 0 680.5625 101.9375 0 689.6875 156.6875 15.8125 689.6875 101.9375 15.8125 708 156.6875 15.8125 708 101.9375 15.8125 732.25 94.25 0 715.5625 94.25 -28.9375 682.125 94.25 -28.9375 665.4375 94.25 0 682.125 94.25 28.9375 715.5625 94.25 28.9375 718.125 174.1875 33.3125 718.125 207 33.3125 679.5625 207 -33.3125 680.5625 224.4375 0 679.5625 174.1875 33.3125 689.6875 224.4375 -15.8125 715.5625 82.75 -28.9375 682.125 82.75 -28.9375 698.8125 82.75 0 665.4375 82.75 0 682.125 82.75 28.9375 732.25 82.75 0 715.5625 94.25 -28.9375 732.25 94.25 0 715.5625 82.75 28.9375 732.25 94.25 0 715.5625 94.25 28.9375 715.5625 94.25 28.9375 682.125 94.25 28.9375 665.4375 94.25 0 682.125 94.25 -28.9375 715.5625 94.25 -28.9375 605.1875 156.6875 -367.6875 621.0625 156.6875 -358.5625 605.1875 174.1875 -387.9375 638.5625 174.1875 -368.6875 605.1875 207 -387.9375 638.5625 207 -368.6875 605.1875 224.4375 -367.6875 621.0625 224.4375 -358.5625 605.1875 227.625 -349.375 621.0625 224.4375 -340.25 605.1875 224.4375 -331.125 605.1875 207 -310.875 571.875 207 -330.125 571.875 174.1875 -330.125 571.875 174.1875 -368.6875 589.375 156.6875 -358.5625 621.0625 101.9375 -358.5625 605.1875 101.9375 -367.6875 589.375 101.9375 -358.5625 589.375 156.6875 -340.25 589.375 101.9375 -340.25 605.1875 156.6875 -331.125 605.1875 101.9375 -331.125 621.0625 156.6875 -340.25 621.0625 101.9375 -340.25 634.125 94.25 -366.125 605.1875 94.25 -382.8125 576.25 94.25 -366.125 576.25 94.25 -332.6875 605.1875 94.25 -316 634.125 94.25 -332.6875 638.5625 174.1875 -330.125 638.5625 207 -330.125 571.875 207 -368.6875 589.375 224.4375 -340.25 605.1875 174.1875 -310.875 589.375 224.4375 -358.5625 605.1875 82.75 -382.8125 576.25 82.75 -366.125 605.1875 82.75 -349.375 576.25 82.75 -332.6875 605.1875 82.75 -316 634.125 82.75 -366.125 605.1875 94.25 -382.8125 634.125 94.25 -366.125 634.125 82.75 -332.6875 634.125 94.25 -366.125 634.125 94.25 -332.6875 634.125 94.25 -332.6875 605.1875 94.25 -316 576.25 94.25 -332.6875 576.25 94.25 -366.125 605.1875 94.25 -382.8125 340.25 156.6875 -621.0625 358.5625 156.6875 -621.0625 330.125 174.1875 -638.5625 368.6875 174.1875 -638.5625 330.125 207 -638.5625 368.6875 207 -638.5625 340.25 224.4375 -621.0625 358.5625 224.4375 -621.0625 349.375 227.625 -605.1875 367.6875 224.4375 -605.1875 358.5625 224.4375 -589.375 368.6875 207 -571.875 330.125 207 -571.875 330.125 174.1875 -571.875 310.875 174.1875 -605.1875 331.125 156.6875 -605.1875 358.5625 101.9375 -621.0625 340.25 101.9375 -621.0625 331.125 101.9375 -605.1875 340.25 156.6875 -589.375 340.25 101.9375 -589.375 358.5625 156.6875 -589.375 358.5625 101.9375 -589.375 367.6875 156.6875 -605.1875 367.6875 101.9375 -605.1875 366.125 94.25 -634.125 332.6875 94.25 -634.125 316 94.25 -605.1875 332.6875 94.25 -576.25 366.125 94.25 -576.25 382.8125 94.25 -605.1875 387.9375 174.1875 -605.1875 387.9375 207 -605.1875 310.875 207 -605.1875 340.25 224.4375 -589.375 368.6875 174.1875 -571.875 331.125 224.4375 -605.1875 332.6875 82.75 -634.125 316 82.75 -605.1875 349.375 82.75 -605.1875 332.6875 82.75 -576.25 366.125 82.75 -576.25 366.125 82.75 -634.125 332.6875 94.25 -634.125 366.125 94.25 -634.125 382.8125 82.75 -605.1875 366.125 94.25 -634.125 382.8125 94.25 -605.1875 382.8125 94.25 -605.1875 366.125 94.25 -576.25 332.6875 94.25 -576.25 316 94.25 -605.1875 332.6875 94.25 -634.125 -15.8125 156.6875 -708 0 156.6875 -717.125 -33.3125 174.1875 -718.125 0 174.1875 -737.375 -33.3125 207 -718.125 0 207 -737.375 -15.8125 224.4375 -708 0 224.4375 -717.125 0 227.625 -698.8125 15.8125 224.4375 -708 15.8125 224.4375 -689.6875 33.3125 207 -679.5625 0 207 -660.3125 0 174.1875 -660.3125 -33.3125 174.1875 -679.5625 -15.8125 156.6875 -689.6875 0 101.9375 -717.125 -15.8125 101.9375 -708 -15.8125 101.9375 -689.6875 0 156.6875 -680.5625 0 101.9375 -680.5625 15.8125 156.6875 -689.6875 15.8125 101.9375 -689.6875 15.8125 156.6875 -708 15.8125 101.9375 -708 0 94.25 -732.25 -28.9375 94.25 -715.5625 -28.9375 94.25 -682.125 0 94.25 -665.4375 28.9375 94.25 -682.125 28.9375 94.25 -715.5625 33.3125 174.1875 -718.125 33.3125 207 -718.125 -33.3125 207 -679.5625 0 224.4375 -680.5625 33.3125 174.1875 -679.5625 -15.8125 224.4375 -689.6875 -28.9375 82.75 -715.5625 -28.9375 82.75 -682.125 0 82.75 -698.8125 0 82.75 -665.4375 28.9375 82.75 -682.125 0 82.75 -732.25 -28.9375 94.25 -715.5625 0 94.25 -732.25 28.9375 82.75 -715.5625 0 94.25 -732.25 28.9375 94.25 -715.5625 28.9375 94.25 -715.5625 28.9375 94.25 -682.125 0 94.25 -665.4375 -28.9375 94.25 -682.125 -28.9375 94.25 -715.5625 -367.6875 156.6875 -605.1875 -358.5625 156.6875 -621.0625 -387.9375 174.1875 -605.1875 -368.6875 174.1875 -638.5625 -387.9375 207 -605.1875 -368.6875 207 -638.5625 -367.6875 224.4375 -605.1875 -358.5625 224.4375 -621.0625 -349.375 227.625 -605.1875 -340.25 224.4375 -621.0625 -331.125 224.4375 -605.1875 -310.875 207 -605.1875 -330.125 207 -571.875 -330.125 174.1875 -571.875 -368.6875 174.1875 -571.875 -358.5625 156.6875 -589.375 -358.5625 101.9375 -621.0625 -367.6875 101.9375 -605.1875 -358.5625 101.9375 -589.375 -340.25 156.6875 -589.375 -340.25 101.9375 -589.375 -331.125 156.6875 -605.1875 -331.125 101.9375 -605.1875 -340.25 156.6875 -621.0625 -340.25 101.9375 -621.0625 -366.125 94.25 -634.125 -382.8125 94.25 -605.1875 -366.125 94.25 -576.25 -332.6875 94.25 -576.25 -316 94.25 -605.1875 -332.6875 94.25 -634.125 -330.125 174.1875 -638.5625 -330.125 207 -638.5625 -368.6875 207 -571.875 -340.25 224.4375 -589.375 -310.875 174.1875 -605.1875 -358.5625 224.4375 -589.375 -382.8125 82.75 -605.1875 -366.125 82.75 -576.25 -349.375 82.75 -605.1875 -332.6875 82.75 -576.25 -316 82.75 -605.1875 -366.125 82.75 -634.125 -382.8125 94.25 -605.1875 -366.125 94.25 -634.125 -332.6875 82.75 -634.125 -366.125 94.25 -634.125 -332.6875 94.25 -634.125 -332.6875 94.25 -634.125 -316 94.25 -605.1875 -332.6875 94.25 -576.25 -366.125 94.25 -576.25 -382.8125 94.25 -605.1875 -621.0625 156.6875 -340.25 -621.0625 156.6875 -358.5625 -638.5625 174.1875 -330.125 -638.5625 174.1875 -368.6875 -638.5625 207 -330.125 -638.5625 207 -368.6875 -621.0625 224.4375 -340.25 -621.0625 224.4375 -358.5625 -605.1875 227.625 -349.375 -605.1875 224.4375 -367.6875 -589.375 224.4375 -358.5625 -571.875 207 -368.6875 -571.875 207 -330.125 -571.875 174.1875 -330.125 -605.1875 174.1875 -310.875 -605.1875 156.6875 -331.125 -621.0625 101.9375 -358.5625 -621.0625 101.9375 -340.25 -605.1875 101.9375 -331.125 -589.375 156.6875 -340.25 -589.375 101.9375 -340.25 -589.375 156.6875 -358.5625 -589.375 101.9375 -358.5625 -605.1875 156.6875 -367.6875 -605.1875 101.9375 -367.6875 -634.125 94.25 -366.125 -634.125 94.25 -332.6875 -605.1875 94.25 -316 -576.25 94.25 -332.6875 -576.25 94.25 -366.125 -605.1875 94.25 -382.8125 -605.1875 174.1875 -387.9375 -605.1875 207 -387.9375 -605.1875 207 -310.875 -589.375 224.4375 -340.25 -571.875 174.1875 -368.6875 -605.1875 224.4375 -331.125 -634.125 82.75 -332.6875 -605.1875 82.75 -316 -605.1875 82.75 -349.375 -576.25 82.75 -332.6875 -576.25 82.75 -366.125 -634.125 82.75 -366.125 -634.125 94.25 -332.6875 -634.125 94.25 -366.125 -605.1875 82.75 -382.8125 -634.125 94.25 -366.125 -605.1875 94.25 -382.8125 -605.1875 94.25 -382.8125 -576.25 94.25 -366.125 -576.25 94.25 -332.6875 -605.1875 94.25 -316 -634.125 94.25 -332.6875 -708 156.6875 15.8125 -717.125 156.6875 0 -718.125 174.1875 33.3125 -737.375 174.1875 0 -718.125 207 33.3125 -737.375 207 0 -708 224.4375 15.8125 -717.125 224.4375 0 -698.8125 227.625 0 -708 224.4375 -15.8125 -689.6875 224.4375 -15.8125 -679.5625 207 -33.3125 -660.3125 207 0 -660.3125 174.1875 0 -679.5625 174.1875 33.3125 -689.6875 156.6875 15.8125 -717.125 101.9375 0 -708 101.9375 15.8125 -689.6875 101.9375 15.8125 -680.5625 156.6875 0 -680.5625 101.9375 0 -689.6875 156.6875 -15.8125 -689.6875 101.9375 -15.8125 -708 156.6875 -15.8125 -708 101.9375 -15.8125 -732.25 94.25 0 -715.5625 94.25 28.9375 -682.125 94.25 28.9375 -665.4375 94.25 0 -682.125 94.25 -28.9375 -715.5625 94.25 -28.9375 -718.125 174.1875 -33.3125 -718.125 207 -33.3125 -679.5625 207 33.3125 -680.5625 224.4375 0 -679.5625 174.1875 -33.3125 -689.6875 224.4375 15.8125 -715.5625 82.75 28.9375 -682.125 82.75 28.9375 -698.8125 82.75 0 -665.4375 82.75 0 -682.125 82.75 -28.9375 -732.25 82.75 0 -715.5625 94.25 28.9375 -732.25 94.25 0 -715.5625 82.75 -28.9375 -732.25 94.25 0 -715.5625 94.25 -28.9375 -715.5625 94.25 -28.9375 -682.125 94.25 -28.9375 -665.4375 94.25 0 -682.125 94.25 28.9375 -715.5625 94.25 28.9375 -605.1875 156.6875 367.6875 -621.0625 156.6875 358.5625 -605.1875 174.1875 387.9375 -638.5625 174.1875 368.6875 -605.1875 207 387.9375 -638.5625 207 368.6875 -605.1875 224.4375 367.6875 -621.0625 224.4375 358.5625 -605.1875 227.625 349.375 -621.0625 224.4375 340.25 -605.1875 224.4375 331.125 -605.1875 207 310.875 -571.875 207 330.125 -571.875 174.1875 330.125 -571.875 174.1875 368.6875 -589.375 156.6875 358.5625 -621.0625 101.9375 358.5625 -605.1875 101.9375 367.6875 -589.375 101.9375 358.5625 -589.375 156.6875 340.25 -589.375 101.9375 340.25 -605.1875 156.6875 331.125 -605.1875 101.9375 331.125 -621.0625 156.6875 340.25 -621.0625 101.9375 340.25 -634.125 94.25 366.125 -605.1875 94.25 382.8125 -576.25 94.25 366.125 -576.25 94.25 332.6875 -605.1875 94.25 316 -634.125 94.25 332.6875 -638.5625 174.1875 330.125 -638.5625 207 330.125 -571.875 207 368.6875 -589.375 224.4375 340.25 -605.1875 174.1875 310.875 -589.375 224.4375 358.5625 -605.1875 82.75 382.8125 -576.25 82.75 366.125 -605.1875 82.75 349.375 -576.25 82.75 332.6875 -605.1875 82.75 316 -634.125 82.75 366.125 -605.1875 94.25 382.8125 -634.125 94.25 366.125 -634.125 82.75 332.6875 -634.125 94.25 366.125 -634.125 94.25 332.6875 -634.125 94.25 332.6875 -605.1875 94.25 316 -576.25 94.25 332.6875 -576.25 94.25 366.125 -605.1875 94.25 382.8125 -340.25 156.6875 621.0625 -358.5625 156.6875 621.0625 -330.125 174.1875 638.5625 -368.6875 174.1875 638.5625 -330.125 207 638.5625 -368.6875 207 638.5625 -340.25 224.4375 621.0625 -358.5625 224.4375 621.0625 -349.375 227.625 605.1875 -367.6875 224.4375 605.1875 -358.5625 224.4375 589.375 -368.6875 207 571.875 -330.125 207 571.875 -330.125 174.1875 571.875 -310.875 174.1875 605.1875 -331.125 156.6875 605.1875 -358.5625 101.9375 621.0625 -340.25 101.9375 621.0625 -331.125 101.9375 605.1875 -340.25 156.6875 589.375 -340.25 101.9375 589.375 -358.5625 156.6875 589.375 -358.5625 101.9375 589.375 -367.6875 156.6875 605.1875 -367.6875 101.9375 605.1875 -366.125 94.25 634.125 -332.6875 94.25 634.125 -316 94.25 605.1875 -332.6875 94.25 576.25 -366.125 94.25 576.25 -382.8125 94.25 605.1875 -387.9375 174.1875 605.1875 -387.9375 207 605.1875 -310.875 207 605.1875 -340.25 224.4375 589.375 -368.6875 174.1875 571.875 -331.125 224.4375 605.1875 -332.6875 82.75 634.125 -316 82.75 605.1875 -349.375 82.75 605.1875 -332.6875 82.75 576.25 -366.125 82.75 576.25 -366.125 82.75 634.125 -332.6875 94.25 634.125 -366.125 94.25 634.125 -382.8125 82.75 605.1875 -366.125 94.25 634.125 -382.8125 94.25 605.1875 -382.8125 94.25 605.1875 -366.125 94.25 576.25 -332.6875 94.25 576.25 -316 94.25 605.1875 -332.6875 94.25 634.125 15.8125 156.6875 708 0 156.6875 717.125 33.3125 174.1875 718.125 0 174.1875 737.375 33.3125 207 718.125 0 207 737.375 15.8125 224.4375 708 0 224.4375 717.125 0 227.625 698.8125 -15.8125 224.4375 708 -15.8125 224.4375 689.6875 -33.3125 207 679.5625 0 207 660.3125 0 174.1875 660.3125 33.3125 174.1875 679.5625 15.8125 156.6875 689.6875 0 101.9375 717.125 15.8125 101.9375 708 15.8125 101.9375 689.6875 0 156.6875 680.5625 0 101.9375 680.5625 -15.8125 156.6875 689.6875 -15.8125 101.9375 689.6875 -15.8125 156.6875 708 -15.8125 101.9375 708 0 94.25 732.25 28.9375 94.25 715.5625 28.9375 94.25 682.125 0 94.25 665.4375 -28.9375 94.25 682.125 -28.9375 94.25 715.5625 -33.3125 174.1875 718.125 -33.3125 207 718.125 33.3125 207 679.5625 0 224.4375 680.5625 -33.3125 174.1875 679.5625 15.8125 224.4375 689.6875 28.9375 82.75 715.5625 28.9375 82.75 682.125 0 82.75 698.8125 0 82.75 665.4375 -28.9375 82.75 682.125 0 82.75 732.25 28.9375 94.25 715.5625 0 94.25 732.25 -28.9375 82.75 715.5625 0 94.25 732.25 -28.9375 94.25 715.5625 -28.9375 94.25 715.5625 -28.9375 94.25 682.125 0 94.25 665.4375 28.9375 94.25 682.125 28.9375 94.25 715.5625 367.6875 156.6875 605.1875 358.5625 156.6875 621.0625 387.9375 174.1875 605.1875 368.6875 174.1875 638.5625 387.9375 207 605.1875 368.6875 207 638.5625 367.6875 224.4375 605.1875 358.5625 224.4375 621.0625 349.375 227.625 605.1875 340.25 224.4375 621.0625 331.125 224.4375 605.1875 310.875 207 605.1875 330.125 207 571.875 330.125 174.1875 571.875 368.6875 174.1875 571.875 358.5625 156.6875 589.375 358.5625 101.9375 621.0625 367.6875 101.9375 605.1875 358.5625 101.9375 589.375 340.25 156.6875 589.375 340.25 101.9375 589.375 331.125 156.6875 605.1875 331.125 101.9375 605.1875 340.25 156.6875 621.0625 340.25 101.9375 621.0625 366.125 94.25 634.125 382.8125 94.25 605.1875 366.125 94.25 576.25 332.6875 94.25 576.25 316 94.25 605.1875 332.6875 94.25 634.125 330.125 174.1875 638.5625 330.125 207 638.5625 368.6875 207 571.875 340.25 224.4375 589.375 310.875 174.1875 605.1875 358.5625 224.4375 589.375 382.8125 82.75 605.1875 366.125 82.75 576.25 349.375 82.75 605.1875 332.6875 82.75 576.25 316 82.75 605.1875 366.125 82.75 634.125 382.8125 94.25 605.1875 366.125 94.25 634.125 332.6875 82.75 634.125 366.125 94.25 634.125 332.6875 94.25 634.125 332.6875 94.25 634.125 316 94.25 605.1875 332.6875 94.25 576.25 366.125 94.25 576.25 382.8125 94.25 605.1875 621.0625 156.6875 340.25 621.0625 156.6875 358.5625 638.5625 174.1875 330.125 638.5625 174.1875 368.6875 638.5625 207 330.125 638.5625 207 368.6875 621.0625 224.4375 340.25 621.0625 224.4375 358.5625 605.1875 227.625 349.375 605.1875 224.4375 367.6875 589.375 224.4375 358.5625 571.875 207 368.6875 571.875 207 330.125 571.875 174.1875 330.125 605.1875 174.1875 310.875 605.1875 156.6875 331.125 621.0625 101.9375 358.5625 621.0625 101.9375 340.25 605.1875 101.9375 331.125 589.375 156.6875 340.25 589.375 101.9375 340.25 589.375 156.6875 358.5625 589.375 101.9375 358.5625 605.1875 156.6875 367.6875 605.1875 101.9375 367.6875 634.125 94.25 366.125 634.125 94.25 332.6875 605.1875 94.25 316 576.25 94.25 332.6875 576.25 94.25 366.125 605.1875 94.25 382.8125 605.1875 174.1875 387.9375 605.1875 207 387.9375 605.1875 207 310.875 589.375 224.4375 340.25 571.875 174.1875 368.6875 605.1875 224.4375 331.125 634.125 82.75 332.6875 605.1875 82.75 316 605.1875 82.75 349.375 576.25 82.75 332.6875 576.25 82.75 366.125 634.125 82.75 366.125 634.125 94.25 332.6875 634.125 94.25 366.125 605.1875 82.75 382.8125 634.125 94.25 366.125 605.1875 94.25 382.8125 605.1875 94.25 382.8125 576.25 94.25 366.125 576.25 94.25 332.6875 605.1875 94.25 316 634.125 94.25 332.6875 689.0625 176.4375 0 675.6875 176.4375 134.375 701.1875 172.25 0 687.625 172.25 136.75 699.5 176.5 139.125 647.8125 172.25 268.3125 659.0625 176.5 272.9375 593 176.5 396.25 662.75 189.0625 274.5 596.375 189.0625 398.5 593 201.625 396.25 507.25 189.0625 507.25 504.375 201.625 504.375 396.25 201.625 593 495.8125 205.875 495.8125 389.5 205.875 582.9375 382.75 201.6875 572.8125 268.3125 205.875 647.8125 263.6875 201.6875 636.625 134.375 201.6875 675.6875 262.125 189.0625 632.875 133.5625 189.0625 671.75 134.375 176.4375 675.6875 0 189.0625 685 0 176.4375 689.0625 -134.375 176.4375 675.6875 0 172.25 701.1875 -136.75 172.25 687.625 -139.125 176.5 699.5 -268.3125 172.25 647.8125 -272.9375 176.5 659.0625 -396.25 176.5 593 -274.5 189.0625 662.75 -398.5 189.0625 596.375 -396.25 201.625 593 -507.25 189.0625 507.25 -504.375 201.625 504.375 -593 201.625 396.25 -495.8125 205.875 495.8125 -582.9375 205.875 389.5 -572.8125 201.6875 382.75 -647.8125 205.875 268.3125 -636.625 201.6875 263.6875 -675.6875 201.6875 134.375 -632.875 189.0625 262.125 -671.75 189.0625 133.5625 -675.6875 176.4375 134.375 -685 189.0625 0 -689.0625 176.4375 0 -675.6875 176.4375 -134.375 675.6875 176.4375 -134.375 687.625 172.25 -136.75 647.8125 172.25 -268.3125 699.5 176.5 -139.125 659.0625 176.5 -272.9375 662.75 189.0625 -274.5 593 176.5 -396.25 596.375 189.0625 -398.5 507.25 189.0625 -507.25 593 201.625 -396.25 504.375 201.625 -504.375 495.8125 205.875 -495.8125 396.25 201.625 -593 389.5 205.875 -582.9375 268.3125 205.875 -647.8125 382.75 201.6875 -572.8125 263.6875 201.6875 -636.625 262.125 189.0625 -632.875 134.375 201.6875 -675.6875 133.5625 189.0625 -671.75 0 189.0625 -685 134.375 176.4375 -675.6875 0 176.4375 -689.0625 582.9375 172.25 -389.5 495.8125 172.25 -495.8125 504.375 176.5 -504.375 396.25 176.5 -593 398.5 189.0625 -596.375 274.5 189.0625 -662.75 272.9375 201.625 -659.0625 139.125 201.625 -699.5 136.75 205.875 -687.625 0 205.875 -701.1875 0 201.6875 -689.0625 -134.375 201.6875 -675.6875 -133.5625 189.0625 -671.75 -134.375 176.4375 -675.6875 -262.125 189.0625 -632.875 -263.6875 176.4375 -636.625 -382.75 176.4375 -572.8125 389.5 172.25 582.9375 268.3125 172.25 647.8125 396.25 176.5 593 272.9375 176.5 659.0625 274.5 189.0625 662.75 139.125 176.5 699.5 139.875 189.0625 703.5 0 189.0625 717.375 139.125 201.625 699.5 0 201.625 713.375 0 205.875 701.1875 -139.125 201.625 699.5 -136.75 205.875 687.625 -268.3125 205.875 647.8125 -134.375 201.6875 675.6875 -263.6875 201.6875 636.625 -262.125 189.0625 632.875 -382.75 201.6875 572.8125 -380.5 189.0625 569.5 -484.375 189.0625 484.375 -382.75 176.4375 572.8125 -487.25 176.4375 487.25 -701.1875 172.25 0 -687.625 172.25 -136.75 -699.5 176.5 -139.125 -647.8125 172.25 -268.3125 -659.0625 176.5 -272.9375 -593 176.5 -396.25 -662.75 189.0625 -274.5 -596.375 189.0625 -398.5 -593 201.625 -396.25 -507.25 189.0625 -507.25 -504.375 201.625 -504.375 -396.25 201.625 -593 -495.8125 205.875 -495.8125 -389.5 205.875 -582.9375 -382.75 201.6875 -572.8125 -268.3125 205.875 -647.8125 -263.6875 201.6875 -636.625 -582.9375 172.25 389.5 -647.8125 172.25 268.3125 -593 176.5 396.25 -659.0625 176.5 272.9375 -662.75 189.0625 274.5 -699.5 176.5 139.125 -703.5 189.0625 139.875 -717.375 189.0625 0 -699.5 201.625 139.125 -713.375 201.625 0 -701.1875 205.875 0 -699.5 201.625 -139.125 -687.625 205.875 -136.75 -647.8125 205.875 -268.3125 -675.6875 201.6875 -134.375 -636.625 201.6875 -263.6875 -632.875 189.0625 -262.125 -572.8125 201.6875 -382.75 -569.5 189.0625 -380.5 -484.375 189.0625 -484.375 -572.8125 176.4375 -382.75 -487.25 176.4375 -487.25 703.5 189.0625 139.875 699.5 201.625 139.125 659.0625 201.625 272.9375 647.8125 205.875 268.3125 582.9375 205.875 389.5 572.8125 201.6875 382.75 487.25 201.6875 487.25 484.375 189.0625 484.375 380.5 189.0625 569.5 382.75 176.4375 572.8125 263.6875 176.4375 636.625 272.9375 201.625 659.0625 136.75 205.875 687.625 0 201.6875 689.0625 -133.5625 189.0625 671.75 -263.6875 176.4375 636.625 -659.0625 201.625 272.9375 -687.625 205.875 136.75 -689.0625 201.6875 0 -671.75 189.0625 -133.5625 -636.625 176.4375 -263.6875 -389.5 172.25 -582.9375 -268.3125 172.25 -647.8125 -396.25 176.5 -593 -272.9375 176.5 -659.0625 -274.5 189.0625 -662.75 -139.125 176.5 -699.5 -139.875 189.0625 -703.5 0 189.0625 -717.375 -139.125 201.625 -699.5 0 201.625 -713.375 -504.375 176.5 -504.375 -495.8125 172.25 -495.8125 659.0625 201.625 -272.9375 647.8125 205.875 -268.3125 699.5 201.625 -139.125 687.625 205.875 -136.75 701.1875 205.875 0 675.6875 201.6875 -134.375 689.0625 201.6875 0 685 189.0625 0 -504.375 176.5 504.375 -495.8125 172.25 495.8125 -572.8125 176.4375 382.75 -636.625 176.4375 263.6875 504.375 176.5 504.375 495.8125 172.25 495.8125 0 172.25 -701.1875 136.75 172.25 -687.625 139.125 176.5 -699.5 268.3125 172.25 -647.8125 272.9375 176.5 -659.0625 487.25 201.6875 -487.25 484.375 189.0625 -484.375 572.8125 201.6875 -382.75 569.5 189.0625 -380.5 632.875 189.0625 -262.125 572.8125 176.4375 -382.75 636.625 176.4375 -263.6875 636.625 201.6875 263.6875 675.6875 201.6875 134.375 632.875 189.0625 262.125 671.75 189.0625 133.5625 487.25 176.4375 -487.25 382.75 176.4375 -572.8125 717.375 189.0625 0 713.375 201.625 0 569.5 189.0625 380.5 572.8125 176.4375 382.75 487.25 176.4375 487.25 -582.9375 205.875 -389.5 136.75 172.25 687.625 -380.5 189.0625 -569.5 -687.625 172.25 136.75 -389.5 205.875 582.9375 -703.5 189.0625 -139.875 -569.5 189.0625 380.5 -136.75 172.25 -687.625 -139.875 189.0625 703.5 -272.9375 201.625 -659.0625 139.875 189.0625 -703.5 -136.75 205.875 -687.625 -659.0625 201.625 -272.9375 703.5 189.0625 -139.875 582.9375 172.25 389.5 -487.25 201.6875 -487.25 -487.25 201.6875 487.25 -389.5 172.25 582.9375 -713.375 176.5 0 671.75 189.0625 -133.5625 -582.9375 172.25 -389.5 636.625 201.6875 -263.6875 0 176.5 713.375 -272.9375 201.625 659.0625 263.6875 176.4375 -636.625 380.5 189.0625 -569.5 0 176.5 -713.375 582.9375 205.875 -389.5 389.5 172.25 -582.9375 636.625 176.4375 263.6875 398.5 189.0625 596.375 713.375 176.5 0 -596.375 189.0625 398.5 -398.5 189.0625 -596.375 687.625 205.875 136.75</float_array>
                    <technique_common>
                        <accessor count="892" source="#pointarray6_VC" stride="3">
                            <param name="X" type="float"/>
                            <param name="Y" type="float"/>
                            <param name="Z" type="float"/>
                        </accessor>
                    </technique_common>
                </source>
                <source id="uvs6_VC">
                    <float_array id="uvarray6_VC" count="2430">0.51611328125 0.6653645833333333 0.51904296875 0.5846354166666667 0.51611328125 0.5846354166666667 0.78173828125 0.83203125 0.81201171875 0.66796875 0.78173828125 0.66796875 0.81298828125 0.66796875 0.81298828125 0.83203125 0.84326171875 0.66796875 0.54638671875 0.5846354166666667 0.53173828125 0.5846354166666667 0.53173828125 0.6653645833333333 0.10888671875 0.08463541666666663 0.10205078125 0.12369791666666663 0.10205078125 0.08463541666666663 0.53076171875 0.5846354166666667 0.52392578125 0.5846354166666667 0.52392578125 0.6653645833333333 0.54736328125 0.5846354166666667 0.55419921875 0.5846354166666667 0.54736328125 0.6653645833333333 0.77392578125 0.83203125 0.77392578125 0.66796875 0.78076171875 0.66796875 0.00048828125 0.66796875 0.57763671875 0.5846354166666667 0.56298828125 0.5846354166666667 0.56298828125 0.6653645833333333 0.11669921875 0.08463541666666663 0.10986328125 0.08463541666666663 0.10986328125 0.12369791666666663 0.77197265625 0.9986979166666666 0.77197265625 0.91796875 0.09814453125 0.12369791666666663 0.09814453125 0.08463541666666663 0.10107421875 0.08463541666666663 0.52001953125 0.5846354166666667 0.52001953125 0.6653645833333333 0.52294921875 0.5846354166666667 0.11767578125 0.12369791666666663 0.12060546875 0.08463541666666663 0.11767578125 0.08463541666666663 0.57861328125 0.6653645833333333 0.59326171875 0.5846354166666667 0.57861328125 0.5846354166666667 0.60888671875 0.5846354166666667 0.59423828125 0.5846354166666667 0.59423828125 0.6653645833333333 0.60986328125 0.5846354166666667 0.62451171875 0.5846354166666667 0.60986328125 0.6653645833333333 0.51513671875 0.5013020833333333 0.50048828125 0.5013020833333333 0.50048828125 0.58203125 0.00048828125 0.04296875 0.00732421875 0.04296875 0.00048828125 0.08203125 0.01513671875 0.04296875 0.00830078125 0.08203125 0.00830078125 0.04296875 0.12451171875 0.08463541666666663 0.12158203125 0.08463541666666663 0.12158203125 0.12369791666666663 0.01611328125 0.04296875 0.01611328125 0.08203125 0.02294921875 0.04296875 0.02685546875 0.04296875 0.02392578125 0.08203125 0.02392578125 0.04296875 0.02783203125 0.08203125 0.02783203125 0.04296875 0.03076171875 0.04296875 0.03173828125 0.04296875 0.03173828125 0.08203125 0.03466796875 0.04296875 0.03564453125 0.08203125 0.03857421875 0.04296875 0.03564453125 0.04296875 0.51611328125 0.58203125 0.53076171875 0.5013020833333333 0.51611328125 0.5013020833333333 0.03076171875 0.66796875 0.00048828125 0.9986979166666666 0.03466796875 0.66796875 0.03173828125 0.9986979166666666 0.03173828125 0.66796875 0.03955078125 0.08203125 0.04248046875 0.04296875 0.03955078125 0.04296875 0.04736328125 0.04296875 0.04736328125 0.08203125 0.05419921875 0.04296875 0.43701171875 0.66796875 0.37548828125 0.66796875 0.87451171875 0.8346354166666666 0.87158203125 0.8346354166666666 0.87158203125 0.9986979166666666 0.55517578125 0.6653645833333333 0.55810546875 0.5846354166666667 0.55517578125 0.5846354166666667 0.55908203125 0.5846354166666667 0.56201171875 0.5846354166666667 0.55908203125 0.6653645833333333 0.21533203125 0.16536458333333337 0.21533203125 0.14713541666666663 0.21826171875 0.14713541666666663 0.12451171875 0.66796875 0.06298828125 0.66796875 0.06298828125 0.9986979166666666 0.85888671875 0.66796875 0.84423828125 0.83203125 0.84423828125 0.66796875 0.87451171875 0.66796875 0.85986328125 0.66796875 0.85986328125 0.83203125 0.53173828125 0.5013020833333333 0.54638671875 0.5013020833333333 0.53173828125 0.58203125 0.55419921875 0.5013020833333333 0.54736328125 0.5013020833333333 0.54736328125 0.58203125 0.21923828125 0.14713541666666663 0.22216796875 0.14713541666666663 0.21923828125 0.16536458333333337 0.56201171875 0.5013020833333333 0.55517578125 0.58203125 0.55517578125 0.5013020833333333 0.56298828125 0.5013020833333333 0.56298828125 0.58203125 0.56982421875 0.5013020833333333 0.77197265625 0.9153645833333334 0.77197265625 0.8346354166666666 0.65283203125 0.6653645833333333 0.65576171875 0.5846354166666667 0.04345703125 0.08203125 0.04638671875 0.04296875 0.04345703125 0.04296875 0.57080078125 0.5013020833333333 0.57373046875 0.5013020833333333 0.57080078125 0.58203125 0.87548828125 0.9986979166666666 0.90576171875 0.8346354166666666 0.87548828125 0.8346354166666666 0.90673828125 0.8346354166666666 0.90673828125 0.9986979166666666 0.93701171875 0.8346354166666666 0.59326171875 0.5013020833333333 0.57861328125 0.58203125 0.57861328125 0.5013020833333333 0.06201171875 0.04296875 0.05517578125 0.08203125 0.05517578125 0.04296875 0.22314453125 0.14713541666666663 0.22314453125 0.16536458333333337 0.22607421875 0.14713541666666663 0.22705078125 0.16536458333333337 0.22998046875 0.14713541666666663 0.22705078125 0.14713541666666663 0.57470703125 0.58203125 0.57470703125 0.5013020833333333 0.57763671875 0.5013020833333333 0.59423828125 0.5013020833333333 0.60107421875 0.5013020833333333 0.59423828125 0.58203125 0.93798828125 0.9986979166666666 0.93798828125 0.8346354166666666 0.94482421875 0.8346354166666666 0.62451171875 0.5013020833333333 0.60986328125 0.58203125 0.60986328125 0.5013020833333333 0.06982421875 0.04296875 0.06298828125 0.08203125 0.06298828125 0.04296875 0.60205078125 0.5013020833333333 0.60205078125 0.58203125 0.60888671875 0.5013020833333333 0.07080078125 0.08203125 0.07763671875 0.04296875 0.07080078125 0.04296875 0.51513671875 0.41796875 0.50048828125 0.41796875 0.50048828125 0.49869791666666663 0.51611328125 0.41796875 0.52294921875 0.41796875 0.51611328125 0.49869791666666663 0.53076171875 0.41796875 0.52392578125 0.41796875 0.52392578125 0.49869791666666663 0.07861328125 0.08203125 0.08544921875 0.04296875 0.07861328125 0.04296875 0.08935546875 0.04296875 0.08642578125 0.08203125 0.08642578125 0.04296875 0.09033203125 0.04296875 0.09033203125 0.08203125 0.09326171875 0.04296875 0.09423828125 0.04296875 0.09423828125 0.08203125 0.09716796875 0.04296875 0.09814453125 0.08203125 0.10107421875 0.04296875 0.09814453125 0.04296875 0.53173828125 0.49869791666666663 0.54638671875 0.41796875 0.53173828125 0.41796875 0.12548828125 0.66796875 0.15576171875 0.66796875 0.12548828125 0.9986979166666666 0.03857421875 0.66796875 0.03564453125 0.9986979166666666 0.03564453125 0.66796875 0.10205078125 0.08203125 0.10498046875 0.04296875 0.10205078125 0.04296875 0.10986328125 0.04296875 0.10986328125 0.08203125 0.11669921875 0.04296875 0.62451171875 0.66796875 0.56298828125 0.66796875 0.95263671875 0.8346354166666666 0.94580078125 0.8346354166666666 0.94580078125 0.9986979166666666 0.54736328125 0.49869791666666663 0.55419921875 0.41796875 0.54736328125 0.41796875 0.55517578125 0.41796875 0.55810546875 0.41796875 0.55517578125 0.49869791666666663 0.23095703125 0.16536458333333337 0.23095703125 0.14713541666666663 0.23388671875 0.14713541666666663 0.24951171875 0.66796875 0.18798828125 0.66796875 0.18798828125 0.9986979166666666 0.96826171875 0.8346354166666666 0.95361328125 0.9986979166666666 0.95361328125 0.8346354166666666 0.99951171875 0.8346354166666666 0.96923828125 0.8346354166666666 0.96923828125 0.9986979166666666 0.56298828125 0.41796875 0.57763671875 0.41796875 0.56298828125 0.49869791666666663 0.56201171875 0.41796875 0.55908203125 0.41796875 0.55908203125 0.49869791666666663 0.23486328125 0.14713541666666663 0.23779296875 0.14713541666666663 0.23486328125 0.16536458333333337 0.58544921875 0.41796875 0.57861328125 0.49869791666666663 0.57861328125 0.41796875 0.77197265625 0.83203125 0.77197265625 0.7513020833333334 0.77197265625 0.7486979166666667 0.77197265625 0.66796875 0.10595703125 0.08203125 0.10888671875 0.04296875 0.10595703125 0.04296875 0.87548828125 0.83203125 0.90576171875 0.66796875 0.87548828125 0.66796875 0.90673828125 0.66796875 0.90673828125 0.83203125 0.93701171875 0.66796875 0.60888671875 0.41796875 0.59423828125 0.41796875 0.59423828125 0.49869791666666663 0.12451171875 0.04296875 0.11767578125 0.08203125 0.11767578125 0.04296875 0.23876953125 0.14713541666666663 0.23876953125 0.16536458333333337 0.24169921875 0.14713541666666663 0.03955078125 0.0013020833333333703 0.04638671875 0.0013020833333333703 0.59326171875 0.41796875 0.58642578125 0.41796875 0.58642578125 0.49869791666666663 0.60986328125 0.41796875 0.61669921875 0.41796875 0.60986328125 0.49869791666666663 0.93798828125 0.83203125 0.93798828125 0.66796875 0.94482421875 0.66796875 0.51513671875 0.33463541666666663 0.50048828125 0.33463541666666663 0.50048828125 0.41536458333333337 0.00341796875 0.0013020833333333703 0.00048828125 0.0013020833333333703 0.00048828125 0.04036458333333337 0.61767578125 0.41796875 0.61767578125 0.49869791666666663 0.62451171875 0.41796875 0.51611328125 0.41536458333333337 0.52294921875 0.33463541666666663 0.51611328125 0.33463541666666663 0.53173828125 0.41536458333333337 0.54638671875 0.33463541666666663 0.53173828125 0.33463541666666663 0.56201171875 0.33463541666666663 0.54736328125 0.33463541666666663 0.54736328125 0.41536458333333337 0.56298828125 0.33463541666666663 0.57763671875 0.33463541666666663 0.56298828125 0.41536458333333337 0.59326171875 0.33463541666666663 0.57861328125 0.41536458333333337 0.57861328125 0.33463541666666663 0.00439453125 0.0013020833333333703 0.00732421875 0.0013020833333333703 0.00439453125 0.04036458333333337 0.01513671875 0.0013020833333333703 0.00830078125 0.04036458333333337 0.00830078125 0.0013020833333333703 0.01611328125 0.0013020833333333703 0.01611328125 0.04036458333333337 0.02294921875 0.0013020833333333703 0.02685546875 0.0013020833333333703 0.02392578125 0.04036458333333337 0.02392578125 0.0013020833333333703 0.02783203125 0.04036458333333337 0.02783203125 0.0013020833333333703 0.03076171875 0.0013020833333333703 0.52392578125 0.33463541666666663 0.52392578125 0.41536458333333337 0.52685546875 0.33463541666666663 0.03173828125 0.04036458333333337 0.03466796875 0.0013020833333333703 0.03173828125 0.0013020833333333703 0.59423828125 0.41536458333333337 0.60888671875 0.33463541666666663 0.59423828125 0.33463541666666663 0.15673828125 0.9986979166666666 0.15673828125 0.66796875 0.18701171875 0.66796875 0.24267578125 0.16536458333333337 0.24267578125 0.14713541666666663 0.24560546875 0.14713541666666663 0.03955078125 0.04036458333333337 0.95263671875 0.66796875 0.94580078125 0.66796875 0.94580078125 0.83203125 0.60986328125 0.41536458333333337 0.61669921875 0.33463541666666663 0.60986328125 0.33463541666666663 0.52783203125 0.33463541666666663 0.53076171875 0.33463541666666663 0.52783203125 0.41536458333333337 0.24658203125 0.16536458333333337 0.24658203125 0.14713541666666663 0.24951171875 0.14713541666666663 0.31201171875 0.66796875 0.25048828125 0.66796875 0.25048828125 0.9986979166666666 0.96826171875 0.66796875 0.95361328125 0.83203125 0.95361328125 0.66796875 0.98388671875 0.66796875 0.96923828125 0.66796875 0.96923828125 0.83203125 0.62548828125 0.5846354166666667 0.64013671875 0.5846354166666667 0.62548828125 0.6653645833333333 0.62451171875 0.33463541666666663 0.61767578125 0.33463541666666663 0.61767578125 0.41536458333333337 0.12548828125 0.12630208333333337 0.12841796875 0.12630208333333337 0.12548828125 0.14453125 0.64111328125 0.5846354166666667 0.64111328125 0.6653645833333333 0.64794921875 0.5846354166666667 0.08251953125 0.16536458333333337 0.08251953125 0.08463541666666663 0.64892578125 0.5846354166666667 0.64892578125 0.6653645833333333 0.65185546875 0.5846354166666667 0.03564453125 0.04036458333333337 0.03857421875 0.0013020833333333703 0.03564453125 0.0013020833333333703 0.00048828125 0.6653645833333333 0.03076171875 0.5013020833333333 0.00048828125 0.5013020833333333 0.03173828125 0.5013020833333333 0.03173828125 0.6653645833333333 0.06201171875 0.5013020833333333 0.67138671875 0.5846354166666667 0.65673828125 0.6653645833333333 0.65673828125 0.5846354166666667 0.05419921875 0.0013020833333333703 0.04736328125 0.04036458333333337 0.04736328125 0.0013020833333333703 0.13232421875 0.12630208333333337 0.12939453125 0.14453125 0.12939453125 0.12630208333333337 0.09423828125 0.0013020833333333703 0.10107421875 0.0013020833333333703 0.67236328125 0.5846354166666667 0.67919921875 0.5846354166666667 0.67236328125 0.6653645833333333 0.70263671875 0.5846354166666667 0.68798828125 0.5846354166666667 0.68798828125 0.6653645833333333 0.05810546875 0.0013020833333333703 0.05517578125 0.0013020833333333703 0.05517578125 0.04036458333333337 0.06298828125 0.04036458333333337 0.06982421875 0.0013020833333333703 0.06298828125 0.0013020833333333703 0.70361328125 0.6653645833333333 0.71826171875 0.5846354166666667 0.70361328125 0.5846354166666667 0.73388671875 0.5846354166666667 0.71923828125 0.6653645833333333 0.71923828125 0.5846354166666667 0.73486328125 0.5846354166666667 0.74951171875 0.5846354166666667 0.73486328125 0.6653645833333333 0.64013671875 0.5013020833333333 0.62548828125 0.5013020833333333 0.62548828125 0.58203125 0.05908203125 0.0013020833333333703 0.06201171875 0.0013020833333333703 0.05908203125 0.04036458333333337 0.07763671875 0.0013020833333333703 0.07080078125 0.04036458333333337 0.07080078125 0.0013020833333333703 0.78173828125 0.49869791666666663 0.78857421875 0.41796875 0.08154296875 0.0013020833333333703 0.07861328125 0.04036458333333337 0.07861328125 0.0013020833333333703 0.08251953125 0.04036458333333337 0.08251953125 0.0013020833333333703 0.08544921875 0.0013020833333333703 0.08642578125 0.0013020833333333703 0.08642578125 0.04036458333333337 0.08935546875 0.0013020833333333703 0.09033203125 0.04036458333333337 0.09326171875 0.0013020833333333703 0.09033203125 0.0013020833333333703 0.64111328125 0.58203125 0.65576171875 0.5013020833333333 0.64111328125 0.5013020833333333 0.31298828125 0.9986979166666666 0.31298828125 0.66796875 0.34326171875 0.66796875 0.09423828125 0.04036458333333337 0.99169921875 0.66796875 0.98486328125 0.66796875 0.98486328125 0.83203125 0.68017578125 0.6653645833333333 0.68701171875 0.5846354166666667 0.68017578125 0.5846354166666667 0.37548828125 0.9986979166666666 0.07763671875 0.5013020833333333 0.06298828125 0.6653645833333333 0.06298828125 0.5013020833333333 0.09326171875 0.5013020833333333 0.07861328125 0.5013020833333333 0.07861328125 0.6653645833333333 0.65673828125 0.5013020833333333 0.67138671875 0.5013020833333333 0.65673828125 0.58203125 0.67919921875 0.5013020833333333 0.67236328125 0.5013020833333333 0.67236328125 0.58203125 0.65283203125 0.5846354166666667 0.10205078125 0.04036458333333337 0.10205078125 0.0013020833333333703 0.10498046875 0.0013020833333333703 0.68017578125 0.5013020833333333 0.68310546875 0.5013020833333333 0.68017578125 0.58203125 0.09423828125 0.6653645833333333 0.12451171875 0.5013020833333333 0.09423828125 0.5013020833333333 0.00048828125 0.33463541666666663 0.00048828125 0.49869791666666663 0.03076171875 0.33463541666666663 0.70263671875 0.5013020833333333 0.68798828125 0.58203125 0.68798828125 0.5013020833333333 0.11669921875 0.0013020833333333703 0.10986328125 0.04036458333333337 0.10986328125 0.0013020833333333703 0.68701171875 0.5013020833333333 0.68408203125 0.5013020833333333 0.68408203125 0.58203125 0.70361328125 0.5013020833333333 0.71044921875 0.5013020833333333 0.70361328125 0.58203125 0.73388671875 0.5013020833333333 0.71923828125 0.58203125 0.71923828125 0.5013020833333333 0.12451171875 0.0013020833333333703 0.11767578125 0.04036458333333337 0.11767578125 0.0013020833333333703 0.71826171875 0.5013020833333333 0.71142578125 0.58203125 0.71142578125 0.5013020833333333 0.12548828125 0.33203125 0.13232421875 0.29296875 0.12548828125 0.29296875 0.73486328125 0.58203125 0.74169921875 0.5013020833333333 0.73486328125 0.5013020833333333 0.64013671875 0.41796875 0.62548828125 0.41796875 0.62548828125 0.49869791666666663 0.74267578125 0.5013020833333333 0.74951171875 0.5013020833333333 0.74267578125 0.58203125 0.64794921875 0.41796875 0.64111328125 0.41796875 0.64111328125 0.49869791666666663 0.13330078125 0.33203125 0.14013671875 0.29296875 0.13330078125 0.29296875 0.10888671875 0.0013020833333333703 0.10595703125 0.04036458333333337 0.10595703125 0.0013020833333333703 0.14111328125 0.29296875 0.14111328125 0.33203125 0.14794921875 0.29296875 0.15576171875 0.29296875 0.14892578125 0.33203125 0.14892578125 0.29296875 0.15673828125 0.33203125 0.15673828125 0.29296875 0.16357421875 0.29296875 0.16455078125 0.29296875 0.16455078125 0.33203125 0.16748046875 0.29296875 0.16845703125 0.33203125 0.17138671875 0.29296875 0.16845703125 0.29296875 0.65673828125 0.41796875 0.67138671875 0.41796875 0.65673828125 0.49869791666666663 0.34423828125 0.66796875 0.37451171875 0.66796875 0.34423828125 0.9986979166666666 0.04248046875 0.66796875 0.03955078125 0.9986979166666666 0.03955078125 0.66796875 0.17236328125 0.33203125 0.17529296875 0.29296875 0.17236328125 0.29296875 0.18017578125 0.29296875 0.18017578125 0.33203125 0.18701171875 0.29296875 0.64892578125 0.41796875 0.65185546875 0.41796875 0.64892578125 0.49869791666666663 0.13330078125 0.14453125 0.13330078125 0.12630208333333337 0.13623046875 0.12630208333333337 0.49951171875 0.66796875 0.43798828125 0.66796875 0.43798828125 0.9986979166666666 0.04638671875 0.33463541666666663 0.03173828125 0.49869791666666663 0.03173828125 0.33463541666666663 0.06201171875 0.33463541666666663 0.04736328125 0.33463541666666663 0.04736328125 0.49869791666666663 0.67236328125 0.41796875 0.68701171875 0.41796875 0.67236328125 0.49869791666666663 0.65576171875 0.41796875 0.65283203125 0.41796875 0.65283203125 0.49869791666666663 0.13720703125 0.12630208333333337 0.14013671875 0.12630208333333337 0.13720703125 0.14453125 0.08447265625 0.16536458333333337 0.08447265625 0.08463541666666663 0.69091796875 0.41796875 0.68798828125 0.49869791666666663 0.68798828125 0.41796875 0.17626953125 0.33203125 0.17919921875 0.29296875 0.17626953125 0.29296875 0.69189453125 0.41796875 0.69482421875 0.41796875 0.69189453125 0.49869791666666663 0.06298828125 0.49869791666666663 0.09326171875 0.33463541666666663 0.06298828125 0.33463541666666663 0.09423828125 0.33463541666666663 0.09423828125 0.49869791666666663 0.12451171875 0.33463541666666663 0.71826171875 0.41796875 0.70361328125 0.41796875 0.70361328125 0.49869791666666663 0.19482421875 0.29296875 0.18798828125 0.33203125 0.18798828125 0.29296875 0.14111328125 0.12630208333333337 0.14111328125 0.14453125 0.14404296875 0.12630208333333337 0.14794921875 0.12630208333333337 0.14501953125 0.14453125 0.14501953125 0.12630208333333337 0.14892578125 0.14453125 0.14892578125 0.12630208333333337 0.15185546875 0.12630208333333337 0.69580078125 0.49869791666666663 0.69580078125 0.41796875 0.70263671875 0.41796875 0.71923828125 0.41796875 0.72216796875 0.41796875 0.71923828125 0.49869791666666663 0.99267578125 0.83203125 0.99267578125 0.66796875 0.99560546875 0.66796875 0.74951171875 0.41796875 0.73486328125 0.41796875 0.73486328125 0.49869791666666663 0.72705078125 0.41796875 0.72705078125 0.49869791666666663 0.73388671875 0.41796875 0.19580078125 0.33203125 0.20263671875 0.29296875 0.19580078125 0.29296875 0.62548828125 0.41536458333333337 0.64013671875 0.33463541666666663 0.62548828125 0.33463541666666663 0.65576171875 0.33463541666666663 0.64111328125 0.33463541666666663 0.64111328125 0.41536458333333337 0.65673828125 0.33463541666666663 0.66357421875 0.33463541666666663 0.65673828125 0.41536458333333337 0.68701171875 0.33463541666666663 0.67236328125 0.33463541666666663 0.67236328125 0.41536458333333337 0.20361328125 0.29296875 0.21044921875 0.29296875 0.20361328125 0.33203125 0.21826171875 0.29296875 0.21142578125 0.33203125 0.21142578125 0.29296875 0.21923828125 0.29296875 0.21923828125 0.33203125 0.22216796875 0.29296875 0.22607421875 0.29296875 0.22314453125 0.33203125 0.22314453125 0.29296875 0.22705078125 0.33203125 0.22705078125 0.29296875 0.22998046875 0.29296875 0.68798828125 0.41536458333333337 0.70263671875 0.33463541666666663 0.68798828125 0.33463541666666663 0.50048828125 0.66796875 0.53076171875 0.66796875 0.50048828125 0.9986979166666666 0.04638671875 0.66796875 0.04345703125 0.9986979166666666 0.04345703125 0.66796875 0.23095703125 0.33203125 0.23388671875 0.29296875 0.23095703125 0.29296875 0.99951171875 0.66796875 0.99658203125 0.66796875 0.99658203125 0.83203125 0.72314453125 0.49869791666666663 0.72607421875 0.41796875 0.72314453125 0.41796875 0.66455078125 0.33463541666666663 0.66748046875 0.33463541666666663 0.66455078125 0.41536458333333337 0.56298828125 0.9986979166666666 0.14013671875 0.5013020833333333 0.12548828125 0.6653645833333333 0.12548828125 0.5013020833333333 0.15576171875 0.5013020833333333 0.14111328125 0.5013020833333333 0.14111328125 0.6653645833333333 0.70361328125 0.33463541666666663 0.71826171875 0.33463541666666663 0.70361328125 0.41536458333333337 0.67138671875 0.33463541666666663 0.66845703125 0.33463541666666663 0.66845703125 0.41536458333333337 0.15283203125 0.12630208333333337 0.15576171875 0.12630208333333337 0.15283203125 0.14453125 0.15673828125 0.12630208333333337 0.15673828125 0.14453125 0.15966796875 0.12630208333333337 0.23486328125 0.33203125 0.24169921875 0.29296875 0.23486328125 0.29296875 0.71923828125 0.33463541666666663 0.72216796875 0.33463541666666663 0.71923828125 0.41536458333333337 0.15673828125 0.5013020833333333 0.15673828125 0.6653645833333333 0.18701171875 0.5013020833333333 0.16357421875 0.12630208333333337 0.16064453125 0.14453125 0.16064453125 0.12630208333333337 0.16455078125 0.14453125 0.16455078125 0.12630208333333337 0.16748046875 0.12630208333333337 0.72705078125 0.41536458333333337 0.72705078125 0.33463541666666663 0.73388671875 0.33463541666666663 0.73486328125 0.33463541666666663 0.74169921875 0.33463541666666663 0.73486328125 0.41536458333333337 0.18798828125 0.6653645833333333 0.18798828125 0.5013020833333333 0.19482421875 0.5013020833333333 0.24951171875 0.29296875 0.24267578125 0.29296875 0.24267578125 0.33203125 0.12548828125 0.29036458333333337 0.12548828125 0.25130208333333337 0.12841796875 0.25130208333333337 0.13330078125 0.29036458333333337 0.14013671875 0.25130208333333337 0.13330078125 0.25130208333333337 0.75048828125 0.6653645833333333 0.76513671875 0.5846354166666667 0.75048828125 0.5846354166666667 0.78076171875 0.5846354166666667 0.76611328125 0.5846354166666667 0.76611328125 0.6653645833333333 0.78173828125 0.5846354166666667 0.79638671875 0.5846354166666667 0.78173828125 0.6653645833333333 0.81201171875 0.5846354166666667 0.79736328125 0.5846354166666667 0.79736328125 0.6653645833333333 0.14111328125 0.25130208333333337 0.14794921875 0.25130208333333337 0.14111328125 0.29036458333333337 0.13232421875 0.25130208333333337 0.12939453125 0.25130208333333337 0.12939453125 0.29036458333333337 0.14892578125 0.29036458333333337 0.14892578125 0.25130208333333337 0.15576171875 0.25130208333333337 0.15966796875 0.25130208333333337 0.15673828125 0.29036458333333337 0.15673828125 0.25130208333333337 0.16064453125 0.29036458333333337 0.16064453125 0.25130208333333337 0.16357421875 0.25130208333333337 0.16455078125 0.25130208333333337 0.16455078125 0.29036458333333337 0.16748046875 0.25130208333333337 0.16845703125 0.29036458333333337 0.17138671875 0.25130208333333337 0.16845703125 0.25130208333333337 0.81298828125 0.6653645833333333 0.82763671875 0.5846354166666667 0.81298828125 0.5846354166666667 0.53173828125 0.9986979166666666 0.53173828125 0.66796875 0.56201171875 0.66796875 0.17236328125 0.25130208333333337 0.17236328125 0.29036458333333337 0.17919921875 0.25130208333333337 0.74267578125 0.41536458333333337 0.74951171875 0.33463541666666663 0.74267578125 0.33463541666666663 0.72314453125 0.33463541666666663 0.72607421875 0.33463541666666663 0.72314453125 0.41536458333333337 0.21826171875 0.5013020833333333 0.20361328125 0.6653645833333333 0.20361328125 0.5013020833333333 0.82861328125 0.5846354166666667 0.84326171875 0.5846354166666667 0.82861328125 0.6653645833333333 0.85107421875 0.5846354166666667 0.84423828125 0.5846354166666667 0.84423828125 0.6653645833333333 0.85205078125 0.5846354166666667 0.85498046875 0.5846354166666667 0.85205078125 0.6653645833333333 0.21923828125 0.6653645833333333 0.24951171875 0.5013020833333333 0.21923828125 0.5013020833333333 0.12548828125 0.33463541666666663 0.12548828125 0.49869791666666663 0.15576171875 0.33463541666666663 0.87451171875 0.5846354166666667 0.85986328125 0.6653645833333333 0.85986328125 0.5846354166666667 0.75048828125 0.5013020833333333 0.75732421875 0.5013020833333333 0.75048828125 0.58203125 0.19580078125 0.6653645833333333 0.19580078125 0.5013020833333333 0.20263671875 0.5013020833333333 0.78076171875 0.5013020833333333 0.76611328125 0.58203125 0.76611328125 0.5013020833333333 0.79638671875 0.5013020833333333 0.78173828125 0.5013020833333333 0.78173828125 0.58203125 0.79736328125 0.5013020833333333 0.81201171875 0.5013020833333333 0.79736328125 0.58203125 0.76513671875 0.5013020833333333 0.75830078125 0.5013020833333333 0.75830078125 0.58203125 0.18017578125 0.25130208333333337 0.18701171875 0.25130208333333337 0.18017578125 0.29036458333333337 0.81298828125 0.5013020833333333 0.82763671875 0.5013020833333333 0.81298828125 0.58203125 0.16357421875 0.33463541666666663 0.15673828125 0.33463541666666663 0.15673828125 0.49869791666666663 0.82861328125 0.58203125 0.83544921875 0.5013020833333333 0.82861328125 0.5013020833333333 0.85595703125 0.5846354166666667 0.85888671875 0.5846354166666667 0.85595703125 0.6653645833333333 0.16845703125 0.14453125 0.16845703125 0.12630208333333337 0.17138671875 0.12630208333333337 0.18701171875 0.33463541666666663 0.17236328125 0.33463541666666663 0.17236328125 0.49869791666666663 0.84423828125 0.5013020833333333 0.85888671875 0.5013020833333333 0.84423828125 0.58203125 0.83935546875 0.5013020833333333 0.83642578125 0.5013020833333333 0.83642578125 0.58203125 0.17236328125 0.12630208333333337 0.17529296875 0.12630208333333337 0.17236328125 0.14453125 0.18798828125 0.29036458333333337 0.19091796875 0.25130208333333337 0.18798828125 0.25130208333333337 0.84033203125 0.5013020833333333 0.84326171875 0.5013020833333333 0.84033203125 0.58203125 0.18798828125 0.33463541666666663 0.18798828125 0.49869791666666663 0.21826171875 0.33463541666666663 0.87451171875 0.5013020833333333 0.85986328125 0.58203125 0.85986328125 0.5013020833333333 0.20263671875 0.25130208333333337 0.19580078125 0.29036458333333337 0.19580078125 0.25130208333333337 0.17626953125 0.12630208333333337 0.17626953125 0.14453125 0.17919921875 0.12630208333333337 0.75732421875 0.41796875 0.75048828125 0.41796875 0.75048828125 0.49869791666666663 0.75830078125 0.41796875 0.76123046875 0.41796875 0.75830078125 0.49869791666666663 0.16455078125 0.49869791666666663 0.16455078125 0.33463541666666663 0.16748046875 0.33463541666666663 0.78076171875 0.41796875 0.76611328125 0.41796875 0.76611328125 0.49869791666666663 0.19482421875 0.25130208333333337 0.19189453125 0.25130208333333337 0.19189453125 0.29036458333333337 0.78173828125 0.41796875 0.78955078125 0.49869791666666663 0.79638671875 0.41796875 0.78955078125 0.41796875 0.79736328125 0.49869791666666663 0.81201171875 0.41796875 0.79736328125 0.41796875 0.82763671875 0.41796875 0.81298828125 0.41796875 0.81298828125 0.49869791666666663 0.82861328125 0.41796875 0.84326171875 0.41796875 0.82861328125 0.49869791666666663 0.85888671875 0.41796875 0.84423828125 0.41796875 0.84423828125 0.49869791666666663 0.20361328125 0.25130208333333337 0.20654296875 0.25130208333333337 0.20361328125 0.29036458333333337 0.21044921875 0.25130208333333337 0.20751953125 0.29036458333333337 0.20751953125 0.25130208333333337 0.21142578125 0.25130208333333337 0.21142578125 0.29036458333333337 0.21826171875 0.25130208333333337 0.21923828125 0.29036458333333337 0.21923828125 0.25130208333333337 0.22607421875 0.25130208333333337 0.76220703125 0.41796875 0.76220703125 0.49869791666666663 0.76513671875 0.41796875 0.22705078125 0.29036458333333337 0.22998046875 0.25130208333333337 0.22705078125 0.25130208333333337 0.85986328125 0.49869791666666663 0.87451171875 0.41796875 0.85986328125 0.41796875 0.62548828125 0.9986979166666666 0.62548828125 0.66796875 0.65576171875 0.66796875 0.23095703125 0.29036458333333337 0.23388671875 0.25130208333333337 0.23095703125 0.25130208333333337 0.75048828125 0.33463541666666663 0.75341796875 0.33463541666666663 0.75048828125 0.41536458333333337 0.18017578125 0.14453125 0.18017578125 0.12630208333333337 0.18310546875 0.12630208333333337 0.23388671875 0.33463541666666663 0.21923828125 0.49869791666666663 0.21923828125 0.33463541666666663 0.76611328125 0.33463541666666663 0.78076171875 0.33463541666666663 0.76611328125 0.41536458333333337 0.08642578125 0.16536458333333337 0.08642578125 0.08463541666666663 0.23486328125 0.29036458333333337 0.23779296875 0.25130208333333337 0.23486328125 0.25130208333333337 0.79638671875 0.33463541666666663 0.78173828125 0.41536458333333337 0.78173828125 0.33463541666666663 0.18408203125 0.14453125 0.18408203125 0.12630208333333337 0.18701171875 0.12630208333333337 0.75830078125 0.33463541666666663 0.76513671875 0.33463541666666663 0.75830078125 0.41536458333333337 0.23486328125 0.49869791666666663 0.23486328125 0.33463541666666663 0.24169921875 0.33463541666666663 0.81201171875 0.33463541666666663 0.79736328125 0.33463541666666663 0.79736328125 0.41536458333333337 0.24951171875 0.25130208333333337 0.24267578125 0.25130208333333337 0.24267578125 0.29036458333333337 0.23876953125 0.29036458333333337 0.23876953125 0.25130208333333337 0.24169921875 0.25130208333333337 0.81298828125 0.33463541666666663 0.81298828125 0.41536458333333337 0.81982421875 0.33463541666666663 0.12548828125 0.24869791666666663 0.13232421875 0.20963541666666663 0.12548828125 0.20963541666666663 0.82861328125 0.41536458333333337 0.84326171875 0.33463541666666663 0.82861328125 0.33463541666666663 0.85888671875 0.33463541666666663 0.84423828125 0.41536458333333337 0.84423828125 0.33463541666666663 0.85986328125 0.33463541666666663 0.87451171875 0.33463541666666663 0.85986328125 0.41536458333333337 0.89013671875 0.5846354166666667 0.87548828125 0.5846354166666667 0.87548828125 0.6653645833333333 0.13330078125 0.20963541666666663 0.14013671875 0.20963541666666663 0.13330078125 0.24869791666666663 0.14404296875 0.20963541666666663 0.14111328125 0.24869791666666663 0.14111328125 0.20963541666666663 0.14794921875 0.20963541666666663 0.14501953125 0.20963541666666663 0.14501953125 0.24869791666666663 0.14892578125 0.20963541666666663 0.14892578125 0.24869791666666663 0.15576171875 0.20963541666666663 0.15966796875 0.20963541666666663 0.15673828125 0.24869791666666663 0.15673828125 0.20963541666666663 0.16064453125 0.24869791666666663 0.16064453125 0.20963541666666663 0.16357421875 0.20963541666666663 0.16455078125 0.20963541666666663 0.16455078125 0.24869791666666663 0.16748046875 0.20963541666666663 0.16845703125 0.24869791666666663 0.17138671875 0.20963541666666663 0.16845703125 0.20963541666666663 0.89111328125 0.6653645833333333 0.90576171875 0.5846354166666667 0.89111328125 0.5846354166666667 0.24951171875 0.33463541666666663 0.24267578125 0.33463541666666663 0.24267578125 0.49869791666666663 0.82080078125 0.41536458333333337 0.82763671875 0.33463541666666663 0.82080078125 0.33463541666666663 0.90673828125 0.5846354166666667 0.92138671875 0.5846354166666667 0.90673828125 0.6653645833333333 0.92919921875 0.5846354166666667 0.92236328125 0.5846354166666667 0.92236328125 0.6653645833333333 0.19091796875 0.12630208333333337 0.18798828125 0.12630208333333337 0.18798828125 0.14453125 0.75732421875 0.33463541666666663 0.75439453125 0.41536458333333337 0.75439453125 0.33463541666666663 0.17236328125 0.24869791666666663 0.17236328125 0.20963541666666663 0.17529296875 0.20963541666666663 0.18701171875 0.20963541666666663 0.18017578125 0.24869791666666663 0.18017578125 0.20963541666666663 0.93017578125 0.6653645833333333 0.93017578125 0.5846354166666667 0.93310546875 0.5846354166666667 0.93408203125 0.6653645833333333 0.93408203125 0.5846354166666667 0.93701171875 0.5846354166666667 0.93798828125 0.5846354166666667 0.94482421875 0.5846354166666667 0.93798828125 0.6653645833333333 0.96826171875 0.5846354166666667 0.95361328125 0.6653645833333333 0.95361328125 0.5846354166666667 0.19482421875 0.20963541666666663 0.18798828125 0.20963541666666663 0.18798828125 0.24869791666666663 0.19580078125 0.24869791666666663 0.20263671875 0.20963541666666663 0.19580078125 0.20963541666666663 0.98388671875 0.5846354166666667 0.96923828125 0.5846354166666667 0.96923828125 0.6653645833333333 0.94580078125 0.5846354166666667 0.95263671875 0.5846354166666667 0.94580078125 0.6653645833333333 0.99169921875 0.5846354166666667 0.98486328125 0.5846354166666667 0.98486328125 0.6653645833333333 0.20361328125 0.20963541666666663 0.21044921875 0.20963541666666663 0.20361328125 0.24869791666666663 0.17919921875 0.20963541666666663 0.17626953125 0.24869791666666663 0.17626953125 0.20963541666666663 0.21826171875 0.20963541666666663 0.21142578125 0.24869791666666663 0.21142578125 0.20963541666666663 0.21923828125 0.24869791666666663 0.21923828125 0.20963541666666663 0.22607421875 0.20963541666666663 0.22705078125 0.20963541666666663 0.22705078125 0.24869791666666663 0.22998046875 0.20963541666666663 0.23095703125 0.24869791666666663 0.23388671875 0.20963541666666663 0.23095703125 0.20963541666666663 0.87548828125 0.5013020833333333 0.89013671875 0.5013020833333333 0.87548828125 0.58203125 0.05029296875 0.66796875 0.04736328125 0.9986979166666666 0.04736328125 0.66796875 0.23486328125 0.24869791666666663 0.23779296875 0.20963541666666663 0.23486328125 0.20963541666666663 0.24267578125 0.20963541666666663 0.24267578125 0.24869791666666663 0.24951171875 0.20963541666666663 0.16845703125 0.33463541666666663 0.16845703125 0.49869791666666663 0.17138671875 0.33463541666666663 0.99267578125 0.6653645833333333 0.99560546875 0.5846354166666667 0.99267578125 0.5846354166666667 0.99658203125 0.5846354166666667 0.99951171875 0.5846354166666667 0.99658203125 0.6653645833333333 0.19189453125 0.12630208333333337 0.19189453125 0.14453125 0.19482421875 0.12630208333333337 0.74951171875 0.66796875 0.68798828125 0.66796875 0.68798828125 0.9986979166666666 0.26513671875 0.5013020833333333 0.25048828125 0.6653645833333333 0.25048828125 0.5013020833333333 0.28076171875 0.5013020833333333 0.26611328125 0.5013020833333333 0.26611328125 0.6653645833333333 0.89111328125 0.5013020833333333 0.90576171875 0.5013020833333333 0.89111328125 0.58203125 0.90966796875 0.5013020833333333 0.90673828125 0.5013020833333333 0.90673828125 0.58203125 0.19580078125 0.12630208333333337 0.19873046875 0.12630208333333337 0.19580078125 0.14453125 0.91064453125 0.5013020833333333 0.91357421875 0.5013020833333333 0.91064453125 0.58203125 0.93701171875 0.5013020833333333 0.92236328125 0.58203125 0.92236328125 0.5013020833333333 0.13232421875 0.16796875 0.12548828125 0.20703125 0.12548828125 0.16796875 0.19970703125 0.12630208333333337 0.19970703125 0.14453125 0.20263671875 0.12630208333333337 0.20654296875 0.12630208333333337 0.20361328125 0.14453125 0.20361328125 0.12630208333333337 0.20751953125 0.14453125 0.20751953125 0.12630208333333337 0.21044921875 0.12630208333333337 0.91455078125 0.58203125 0.91455078125 0.5013020833333333 0.92138671875 0.5013020833333333 0.93798828125 0.5013020833333333 0.94091796875 0.5013020833333333 0.93798828125 0.58203125 0.28173828125 0.6653645833333333 0.28173828125 0.5013020833333333 0.28466796875 0.5013020833333333 0.96826171875 0.5013020833333333 0.95361328125 0.58203125 0.95361328125 0.5013020833333333 0.94580078125 0.5013020833333333 0.94580078125 0.58203125 0.95263671875 0.5013020833333333 0.13330078125 0.20703125 0.14013671875 0.16796875 0.13330078125 0.16796875 0.96923828125 0.58203125 0.98388671875 0.5013020833333333 0.96923828125 0.5013020833333333 0.98486328125 0.5013020833333333 0.99169921875 0.5013020833333333 0.98486328125 0.58203125 0.89013671875 0.41796875 0.87548828125 0.41796875 0.87548828125 0.49869791666666663 0.14111328125 0.16796875 0.14794921875 0.16796875 0.14111328125 0.20703125 0.15576171875 0.16796875 0.14892578125 0.20703125 0.14892578125 0.16796875 0.15673828125 0.16796875 0.15673828125 0.20703125 0.16357421875 0.16796875 0.24169921875 0.20963541666666663 0.23876953125 0.24869791666666663 0.23876953125 0.20963541666666663 0.16455078125 0.20703125 0.16455078125 0.16796875 0.16748046875 0.16796875 0.17138671875 0.16796875 0.16845703125 0.20703125 0.16845703125 0.16796875 0.17236328125 0.20703125 0.17236328125 0.16796875 0.17529296875 0.16796875 0.89111328125 0.41796875 0.90576171875 0.41796875 0.89111328125 0.49869791666666663 0.18017578125 0.16796875 0.18017578125 0.20703125 0.18701171875 0.16796875 0.29638671875 0.5013020833333333 0.28955078125 0.5013020833333333 0.28955078125 0.6653645833333333 0.99267578125 0.58203125 0.99951171875 0.5013020833333333 0.99267578125 0.5013020833333333 0.94189453125 0.5013020833333333 0.94482421875 0.5013020833333333 0.94189453125 0.58203125 0.21142578125 0.14453125 0.21142578125 0.12630208333333337 0.21435546875 0.12630208333333337 0.31201171875 0.5013020833333333 0.29736328125 0.6653645833333333 0.29736328125 0.5013020833333333 0.90966796875 0.41796875 0.90673828125 0.41796875 0.90673828125 0.49869791666666663 0.21533203125 0.12630208333333337 0.21826171875 0.12630208333333337 0.21533203125 0.14453125 0.91064453125 0.41796875 0.91064453125 0.49869791666666663 0.91357421875 0.41796875 0.17626953125 0.20703125 0.17919921875 0.16796875 0.17626953125 0.16796875 0.08837890625 0.12369791666666663</float_array>
                    <technique_common>
                        <accessor count="1215" source="#uvarray6_VC" stride="2">
                            <param name="S" type="float"/>
                            <param name="T" type="float"/>
                        </accessor>
                    </technique_common>
                </source>
                <vertices id="vertices6_VC">
                    <input semantic="POSITION" source="#points6_VC"/>
                </vertices>
                <polylist count="1520" material="Material1">
                    <input offset="0" semantic="VERTEX" source="#vertices6_VC"/>
                    <input offset="1" semantic="TEXCOORD" source="#uvs6_VC" set="0"/>
                    <vcount>3 3 3 3 3 3 3 3 3 3 3 3 3 3 3 3 3 3 3 3 3 3 3 3 3 3 3 3 3 3 3 3 3 3 3 3 3 3 3 3 3 3 3 3 3 3 3 3 3 3 3 3 3 3 3 3 3 3 3 3 3 3 3 3 3 3 3 3 3 3 3 3 3 3 3 3 3 3 3 3 3 3 3 3 3 3 3 3 3 3 3 3 3 3 3 3 3 3 3 3 3 3 3 3 3 3 3 3 3 3 3 3 3 3 3 3 3 3 3 3 3 3 3 3 3 3 3 3 3 3 3 3 3 3 3 3 3 3 3 3 3 3 3 3 3 3 3 3 3 3 3 3 3 3 3 3 3 3 3 3 3 3 3 3 3 3 3 3 3 3 3 3 3 3 3 3 3 3 3 3 3 3 3 3 3 3 3 3 3 3 3 3 3 3 3 3 3 3 3 3 3 3 3 3 3 3 3 3 3 3 3 3 3 3 3 3 3 3 3 3 3 3 3 3 3 3 3 3 3 3 3 3 3 3 3 3 3 3 3 3 3 3 3 3 3 3 3 3 3 3 3 3 3 3 3 3 3 3 3 3 3 3 3 3 3 3 3 3 3 3 3 3 3 3 3 3 3 3 3 3 3 3 3 3 3 3 3 3 3 3 3 3 3 3 3 3 3 3 3 3 3 3 3 3 3 3 3 3 3 3 3 3 3 3 3 3 3 3 3 3 3 3 3 3 3 3 3 3 3 3 3 3 3 3 3 3 3 3 3 3 3 3 3 3 3 3 3 3 3 3 3 3 3 3 3 3 3 3 3 3 3 3 3 3 3 3 3 3 3 3 3 3 3 3 3 3 3 3 3 3 3 3 3 3 3 3 3 3 3 3 3 3 3 3 3 3 3 3 3 3 3 3 3 3 3 3 3 3 3 3 3 3 3 3 3 3 3 3 3 3 3 3 3 3 3 3 3 3 3 3 3 3 3 3 3 3 3 3 3 3 3 3 3 3 3 3 3 3 3 3 3 3 3 3 3 3 3 3 3 3 3 3 3 3 3 3 3 3 3 3 3 3 3 3 3 3 3 3 3 3 3 3 3 3 3 3 3 3 3 3 3 3 3 3 3 3 3 3 3 3 3 3 3 3 3 3 3 3 3 3 3 3 3 3 3 3 3 3 3 3 3 3 3 3 3 3 3 3 3 3 3 3 3 3 3 3 3 3 3 3 3 3 3 3 3 3 3 3 3 3 3 3 3 3 3 3 3 3 3 3 3 3 3 3 3 3 3 3 3 3 3 3 3 3 3 3 3 3 3 3 3 3 3 3 3 3 3 3 3 3 3 3 3 3 3 3 3 3 3 3 3 3 3 3 3 3 3 3 3 3 3 3 3 3 3 3 3 3 3 3 3 3 3 3 3 3 3 3 3 3 3 3 3 3 3 3 3 3 3 3 3 3 3 3 3 3 3 3 3 3 3 3 3 3 3 3 3 3 3 3 3 3 3 3 3 3 3 3 3 3 3 3 3 3 3 3 3 3 3 3 3 3 3 3 3 3 3 3 3 3 3 3 3 3 3 3 3 3 3 3 3 3 3 3 3 3 3 3 3 3 3 3 3 3 3 3 3 3 3 3 3 3 3 3 3 3 3 3 3 3 3 3 3 3 3 3 3 3 3 3 3 3 3 3 3 3 3 3 3 3 3 3 3 3 3 3 3 3 3 3 3 3 3 3 3 3 3 3 3 3 3 3 3 3 3 3 3 3 3 3 3 3 3 3 3 3 3 3 3 3 3 3 3 3 3 3 3 3 3 3 3 3 3 3 3 3 3 3 3 3 3 3 3 3 3 3 3 3 3 3 3 3 3 3 3 3 3 3 3 3 3 3 3 3 3 3 3 3 3 3 3 3 3 3 3 3 3 3 3 3 3 3 3 3 3 3 3 3 3 3 3 3 3 3 3 3 3 3 3 3 3 3 3 3 3 3 3 3 3 3 3 3 3 3 3 3 3 3 3 3 3 3 3 3 3 3 3 3 3 3 3 3 3 3 3 3 3 3 3 3 3 3 3 3 3 3 3 3 3 3 3 3 3 3 3 3 3 3 3 3 3 3 3 3 3 3 3 3 3 3 3 3 3 3 3 3 3 3 3 3 3 3 3 3 3 3 3 3 3 3 3 3 3 3 3 3 3 3 3 3 3 3 3 3 3 3 3 3 3 3 3 3 3 3 3 3 3 3 3 3 3 3 3 3 3 3 3 3 3 3 3 3 3 3 3 3 3 3 3 3 3 3 3 3 3 3 3 3 3 3 3 3 3 3 3 3 3 3 3 3 3 3 3 3 3 3 3 3 3 3 3 3 3 3 3 3 3 3 3 3 3 3 3 3 3 3 3 3 3 3 3 3 3 3 3 3 3 3 3 3 3 3 3 3 3 3 3 3 3 3 3 3 3 3 3 3 3 3 3 3 3 3 3 3 3 3 3 3 3 3 3 3 3 3 3 3 3 3 3 3 3 3 3 3 3 3 3 3 3 3 3 3 3 3 3 3 3 3 3 3 3 3 3 3 3 3 3 3 3 3 3 3 3 3 3 3 3 3 3 3 3 3 3 3 3 3 3 3 3 3 3 3 3 3 3 3 3 3 3 3 3 3 3 3 3 3 3 3 3 3 3 3 3 3 3 3 3 3 3 3 3 3 3 3 3 3 3 3 3 3 3 3 3 3 3 3 3 3 3 3 3 3 3 3 3 3 3 3 3 3 3 3 3 3 3 3 3 3 3 3 3 3 3 3 3 3 3 3 3 3 3 3 3 3 3 3 3 3 3 3 3 3 3 3 3 3 3 3 3 3 3 3 3 3 3 3 3 3 3 3 3 3 3 3 3 3 3 3 3 3 3 3 3 3 3 3 3 3 3 3 3 3 3 3 3 3 3 3 3 3 3 3 3 3 3 3 3 3 3 3 3 3 3 3 3 3 3 3 3 3 3 3 3 3 3 3 3 3 3 3 3 3 3 3 3 3 3 3 3 3 3 3 3 3 3 3 3 3 3 3 3 3 3 3 3 3 3 3 3 3 3 3 3 3 3 3 3 3 3 3 3 3 3 3 3 3 3 3 3 3 3 3 3 3 3 3 3 3 3 3 3 3 3 3 3 3 3 3 3 3 3 3 3 3 3 3 3 3 3 3 3 3 3 3 3 3 3 3 3 3 3 3 3 3 3 3 3 3 3 3 3 3 3 3 3 3 3 3 3 3 3 3 3 3 3 3 3 3 3 3 3 3 3 3 3 3 3 3 3 3 3 3 3 3 3 3 3 3 3 3 3 3 3 3 3 3 3 3 3 3 3 3 3 3 3 3 3 3 3 3 3 3 3 3 3 3 3 3 3 3 3 3 3 3 3 3 3 3 3 3 3 3 3 3 3 3 3 3 3 3</vcount>
                    <p>2 0 1 1 0 0 3 2 1 1 2 0 4 3 3 4 2 5 5 6 3 7 4 8 6 9 5 10 4 11 7 12 5 13 6 14 8 14 7 12 6 14 9 14 7 12 8 14 10 15 9 16 8 16 11 17 9 16 10 15 12 18 11 19 10 20 13 21 11 22 12 23 14 21 13 21 12 23 15 24 13 24 14 24 0 24 15 24 14 24 17 25 0 26 16 27 15 26 0 26 17 25 18 28 15 29 17 30 19 29 15 29 18 28 20 29 19 29 18 28 21 24 19 24 20 24 22 31 21 32 20 32 23 32 21 32 22 31 24 33 23 34 22 35 1 36 23 37 24 38 16 39 1 40 24 41 0 42 1 43 16 44 26 45 17 46 25 47 18 48 17 49 26 50 27 51 18 52 26 53 20 54 18 55 27 56 28 57 20 58 27 59 22 60 20 61 28 62 29 63 22 64 28 65 24 66 22 67 29 68 30 69 24 70 29 71 16 72 24 73 30 74 25 75 16 76 30 77 17 78 16 79 25 80 3 2 23 0 1 1 31 24 23 24 3 81 5 82 31 24 3 81 32 83 31 84 5 85 7 86 32 87 5 88 9 89 32 90 7 91 14 24 2 24 0 24 33 92 2 93 14 93 12 94 33 95 14 96 34 97 33 98 12 99 10 100 34 101 12 102 8 103 34 104 10 105 31 24 21 24 23 24 35 24 21 24 31 24 32 83 35 84 31 84 11 106 35 107 32 108 9 109 11 110 32 111 33 112 4 113 2 114 36 115 4 116 33 117 34 118 36 119 33 120 8 121 36 122 34 123 39 24 38 24 37 24 40 24 38 24 39 24 41 24 40 24 39 24 35 24 19 24 21 24 13 24 19 24 35 24 11 106 13 107 35 107 43 124 42 125 37 125 44 126 42 125 43 124 46 127 45 128 42 128 47 129 45 128 46 127 48 31 41 32 45 32 49 32 41 32 48 31 49 24 40 24 41 24 50 24 40 24 49 24 50 24 38 24 40 24 51 24 38 24 50 24 51 24 37 24 38 24 52 130 37 131 51 131 42 24 39 24 37 24 45 24 39 24 42 24 6 132 36 133 8 132 4 134 36 135 6 136 45 24 41 24 39 24 15 24 19 24 13 24 55 0 54 1 53 0 56 137 54 138 55 139 57 140 56 141 55 142 58 143 56 144 57 145 59 146 58 147 57 148 60 149 58 150 59 151 61 151 60 149 59 151 62 152 60 153 61 154 63 155 62 156 61 157 64 158 62 159 63 160 65 161 64 162 63 163 66 164 64 165 65 166 67 164 66 164 65 166 68 24 66 24 67 24 53 24 68 24 67 24 70 167 53 168 69 169 68 37 53 37 70 38 71 170 68 171 70 172 72 171 68 171 71 170 73 171 72 171 71 170 74 24 72 24 73 24 75 24 74 24 73 24 76 24 74 24 75 24 77 25 76 26 75 26 54 173 76 174 77 175 69 176 54 177 77 178 53 42 54 43 69 44 79 179 70 180 78 181 71 182 70 183 79 184 80 185 71 186 79 187 73 188 71 189 80 190 81 191 73 192 80 193 75 128 73 128 81 129 82 194 75 195 81 196 77 25 75 26 82 25 83 45 77 46 82 46 69 197 77 198 83 199 78 200 69 201 83 202 70 203 69 204 78 205 56 137 76 139 54 138 84 206 76 206 56 207 58 208 84 206 56 207 85 209 84 210 58 211 60 212 85 213 58 214 62 215 85 216 60 217 67 24 55 24 53 24 86 218 55 219 67 219 65 220 86 221 67 222 87 223 86 224 65 225 63 226 87 227 65 228 61 229 87 230 63 231 84 24 74 24 76 24 88 24 74 24 84 24 85 209 88 210 84 210 64 232 88 233 85 234 62 235 64 236 85 237 86 238 57 239 55 240 89 241 57 242 86 243 87 244 89 245 86 246 61 247 89 248 87 249 92 24 91 24 90 24 93 24 91 24 92 24 94 24 93 24 92 24 88 24 72 24 74 24 66 24 72 24 88 24 64 232 66 233 88 233 96 250 95 251 90 251 97 252 95 251 96 250 99 127 98 128 95 128 100 129 98 128 99 127 101 130 94 131 98 131 102 131 94 131 101 130 102 24 93 24 94 24 103 24 93 24 102 24 103 24 91 24 93 24 104 24 91 24 103 24 104 24 90 24 91 24 105 253 90 254 104 254 95 24 92 24 90 24 98 24 92 24 95 24 59 255 89 256 61 255 57 257 89 258 59 259 98 24 94 24 92 24 68 24 72 24 66 24 108 0 107 1 106 0 109 2 107 1 108 0 110 260 109 261 108 262 111 263 109 264 110 265 112 266 111 267 110 268 113 269 111 270 112 271 114 272 113 273 112 274 115 275 113 276 114 275 116 277 115 278 114 278 117 279 115 278 116 277 118 280 117 281 116 282 119 283 117 284 118 285 120 283 119 283 118 285 121 24 119 24 120 24 106 24 121 24 120 24 123 286 106 287 122 288 121 287 106 287 123 286 124 289 121 290 123 291 125 254 121 254 124 253 126 254 125 254 124 253 127 24 125 24 126 24 128 24 127 24 126 24 129 24 127 24 128 24 130 129 129 128 128 128 107 292 129 293 130 294 122 295 107 296 130 297 106 298 107 299 122 300 132 301 123 302 131 303 124 304 123 305 132 306 133 307 124 308 132 309 126 310 124 311 133 312 134 313 126 314 133 315 128 58 126 58 134 57 135 316 128 317 134 318 130 319 128 320 135 321 136 322 130 323 135 324 122 325 130 326 136 327 131 328 122 329 136 330 123 331 122 332 131 333 109 2 129 0 107 1 137 24 129 24 109 81 111 334 137 335 109 336 138 85 137 84 111 83 113 337 138 338 111 339 115 275 138 340 113 276 120 24 108 24 106 24 139 92 108 93 120 93 118 341 139 342 120 343 140 344 139 345 118 346 116 347 140 348 118 349 114 350 140 351 116 352 137 24 127 24 129 24 141 24 127 24 137 24 138 82 141 24 137 24 117 353 141 354 138 355 115 356 117 357 138 358 139 359 110 360 108 361 142 362 110 363 139 364 140 365 142 366 139 367 114 368 142 369 140 370 145 24 144 24 143 24 146 24 144 24 145 24 147 24 146 24 145 24 141 24 125 24 127 24 119 24 125 24 141 24 117 353 119 354 141 354 149 286 148 287 143 287 150 371 148 372 149 373 152 127 151 128 148 128 153 129 151 128 152 127 154 31 147 32 151 32 155 32 147 32 154 31 155 24 146 24 147 24 156 24 146 24 155 24 156 24 144 24 146 24 157 24 144 24 156 24 157 24 143 24 144 24 158 374 143 375 157 375 148 24 145 24 143 24 151 24 145 24 148 24 112 376 142 377 114 378 110 379 142 380 112 381 151 24 147 24 145 24 121 24 125 24 119 24 161 0 160 1 159 0 162 137 160 138 161 139 163 382 162 383 161 384 164 385 162 386 163 387 165 388 164 389 163 390 166 391 164 392 165 393 167 394 166 395 165 396 168 397 166 398 167 397 169 118 168 119 167 119 170 120 168 119 169 118 171 399 170 400 169 401 172 343 170 342 171 341 173 283 172 283 171 285 174 24 172 24 173 24 159 24 174 24 173 24 176 402 159 403 175 404 174 287 159 287 176 286 177 405 174 406 176 407 178 375 174 375 177 374 179 375 178 375 177 374 180 24 178 24 179 24 181 24 180 24 179 24 182 24 180 24 181 24 183 25 182 26 181 26 160 173 182 174 183 175 175 408 160 409 183 410 159 411 160 412 175 413 185 414 176 415 184 416 177 417 176 418 185 419 186 420 177 421 185 422 179 423 177 424 186 425 187 426 179 427 186 428 181 429 179 429 187 430 188 428 181 427 187 426 183 431 181 432 188 433 189 434 183 435 188 436 175 437 183 438 189 439 184 440 175 441 189 442 176 443 175 444 184 445 162 137 182 139 160 138 190 206 182 206 162 207 164 446 190 447 162 448 191 83 190 84 164 83 166 391 191 392 164 392 168 397 191 449 166 398 173 24 161 24 159 24 192 232 161 233 173 233 171 450 192 451 173 452 193 453 192 454 171 455 169 282 193 282 171 280 167 119 193 118 169 118 190 24 180 24 182 24 194 24 180 24 190 24 191 83 194 84 190 84 170 92 194 93 191 456 168 457 170 458 191 459 192 460 163 461 161 462 195 463 163 464 192 465 193 466 195 467 192 468 167 122 195 121 193 123 198 24 197 24 196 24 199 24 197 24 198 24 200 24 199 24 198 24 194 24 178 24 180 24 172 24 178 24 194 24 170 92 172 93 194 93 202 124 201 125 196 125 203 126 201 125 202 124 205 127 204 128 201 128 206 129 204 128 205 127 207 31 200 32 204 32 208 32 200 32 207 31 208 24 199 24 200 24 209 24 199 24 208 24 209 24 197 24 199 24 210 24 197 24 209 24 210 24 196 24 197 24 211 253 196 254 210 254 201 24 198 24 196 24 204 24 198 24 201 24 165 469 195 132 167 133 163 470 195 471 165 472 204 24 200 24 198 24 174 24 178 24 172 24 214 0 213 1 212 0 215 473 213 474 214 475 216 476 215 477 214 478 217 479 215 480 216 481 218 482 217 483 216 484 219 485 217 486 218 487 220 154 219 153 218 152 221 151 219 149 220 151 222 488 221 489 220 489 223 490 221 489 222 488 224 491 223 492 222 493 225 452 223 451 224 450 226 283 225 283 224 285 227 24 225 24 226 24 212 24 227 24 226 24 229 494 212 495 228 496 227 287 212 287 229 286 230 497 227 498 229 499 231 498 227 498 230 497 232 498 231 498 230 497 233 24 231 24 232 24 234 24 233 24 232 24 235 24 233 24 234 24 236 500 235 501 234 501 213 502 235 501 236 500 228 503 213 504 236 505 212 506 213 507 228 508 238 509 229 510 237 511 230 512 229 513 238 514 239 515 230 516 238 517 232 518 230 519 239 520 240 521 232 522 239 523 234 429 232 429 240 430 241 524 234 525 240 526 236 527 234 528 241 529 242 530 236 531 241 532 228 533 236 534 242 535 237 536 228 537 242 538 229 539 228 540 237 541 215 473 235 475 213 474 243 542 235 542 215 543 217 544 243 542 215 543 244 545 243 546 217 547 219 548 244 549 217 550 221 551 244 552 219 553 226 24 214 24 212 24 245 353 214 354 226 354 224 285 245 284 226 283 246 282 245 281 224 280 222 554 246 555 224 556 220 557 246 558 222 559 243 24 233 24 235 24 247 24 233 24 243 24 244 83 247 84 243 84 223 560 247 561 244 562 221 563 223 564 244 565 245 566 216 567 214 568 248 569 216 570 245 571 246 572 248 573 245 574 220 575 248 576 246 577 251 24 250 24 249 24 252 24 250 24 251 24 253 24 252 24 251 24 247 24 231 24 233 24 225 24 231 24 247 24 223 232 225 233 247 233 255 250 254 251 249 251 256 252 254 251 255 250 258 127 257 128 254 128 259 129 257 128 258 127 260 130 253 131 257 131 261 131 253 131 260 130 261 24 252 24 253 24 262 24 252 24 261 24 262 24 250 24 252 24 263 24 250 24 262 24 263 24 249 24 250 24 264 578 249 579 263 579 254 24 251 24 249 24 257 24 251 24 254 24 218 580 248 581 220 582 216 583 248 584 218 585 257 24 253 24 251 24 227 24 231 24 225 24 267 125 266 126 265 125 268 586 266 587 267 588 269 589 268 590 267 591 270 592 268 593 269 594 271 595 270 596 269 597 272 598 270 599 271 600 273 601 272 602 271 603 274 604 272 605 273 606 275 607 274 608 273 609 276 610 274 611 275 612 277 613 276 614 275 615 278 616 276 617 277 618 279 616 278 616 277 618 280 24 278 24 279 24 265 24 280 24 279 24 282 619 265 620 281 621 280 287 265 287 282 286 283 497 280 498 282 499 284 498 280 498 283 497 285 498 284 498 283 497 286 24 284 24 285 24 287 24 286 24 285 24 288 24 286 24 287 24 289 25 288 26 287 26 266 622 288 623 289 624 281 625 266 626 289 627 265 628 266 629 281 630 291 631 282 632 290 633 283 634 282 635 291 636 292 637 283 638 291 639 285 640 283 641 292 642 293 643 285 644 292 645 287 501 285 501 293 500 294 646 287 647 293 648 289 649 287 650 294 651 295 652 289 653 294 654 281 45 289 46 295 45 290 655 281 656 295 656 282 657 281 656 290 655 268 586 288 588 266 587 296 658 288 658 268 659 270 660 296 658 268 659 297 661 296 662 270 663 272 664 297 665 270 666 274 14 297 13 272 12 279 24 267 24 265 24 298 232 267 233 279 233 277 667 298 668 279 669 299 670 298 671 277 672 275 673 299 674 277 675 273 350 299 351 275 352 296 24 286 24 288 24 300 24 286 24 296 24 297 82 300 24 296 24 276 218 300 219 297 676 274 677 276 678 297 679 298 680 269 681 267 682 301 683 269 684 298 685 299 686 301 687 298 688 273 689 301 690 299 691 304 24 303 24 302 24 305 24 303 24 304 24 306 24 305 24 304 24 300 24 284 24 286 24 278 24 284 24 300 24 276 218 278 219 300 219 308 286 307 287 302 287 309 371 307 372 308 373 311 127 310 128 307 128 312 129 310 128 311 127 313 31 306 32 310 32 314 32 306 32 313 31 314 24 305 24 306 24 315 24 305 24 314 24 315 24 303 24 305 24 316 24 303 24 315 24 316 24 302 24 303 24 317 31 302 32 316 32 307 24 304 24 302 24 310 24 304 24 307 24 271 692 301 693 273 694 269 695 301 696 271 697 310 24 306 24 304 24 280 24 284 24 278 24 320 125 319 126 318 125 321 698 319 699 320 700 322 476 321 477 320 478 323 701 321 702 322 703 324 9 323 10 322 11 325 12 323 13 324 14 326 14 325 12 324 14 327 704 325 705 326 706 328 707 327 708 326 709 329 710 327 711 328 712 330 713 329 714 328 715 331 716 329 717 330 718 332 616 331 616 330 618 333 24 331 24 332 24 318 24 333 24 332 24 335 167 318 168 334 169 333 37 318 37 335 38 336 719 333 720 335 721 337 720 333 720 336 719 338 720 337 720 336 719 339 24 337 24 338 24 340 578 339 579 338 579 341 579 339 579 340 578 342 722 341 723 340 724 319 622 341 623 342 624 334 725 319 726 342 727 318 728 319 729 334 730 344 731 335 732 343 733 336 734 335 735 344 736 345 737 336 738 344 739 338 740 336 741 345 742 346 189 338 188 345 190 340 743 338 744 346 745 347 746 340 747 346 748 342 749 340 750 347 751 348 752 342 753 347 754 334 755 342 756 348 757 343 758 334 759 348 760 335 761 334 762 343 763 321 698 341 700 319 699 349 542 341 542 321 543 323 764 349 765 321 766 350 83 349 84 323 85 325 86 350 87 323 88 327 767 350 768 325 769 332 24 320 24 318 24 351 92 320 93 332 93 330 718 351 717 332 716 352 770 351 771 330 772 328 773 352 774 330 775 326 103 352 104 328 105 349 24 339 24 341 24 353 24 339 24 349 24 350 83 353 84 349 84 329 92 353 93 350 456 327 776 329 777 350 778 351 112 322 113 320 114 354 779 322 780 351 781 352 782 354 783 351 784 326 467 354 467 352 466 357 24 356 24 355 24 358 24 356 24 357 24 359 24 358 24 357 24 353 24 337 24 339 24 331 24 337 24 353 24 329 92 331 93 353 93 361 124 360 125 355 125 362 126 360 125 361 124 364 127 363 128 360 128 365 129 363 128 364 127 366 31 359 32 363 32 367 32 359 32 366 31 367 24 358 24 359 24 368 24 358 24 367 24 368 24 356 24 358 24 369 24 356 24 368 24 369 24 355 24 356 24 370 578 355 579 369 579 360 24 357 24 355 24 363 24 357 24 360 24 324 109 354 109 326 109 322 11 354 9 324 9 363 24 359 24 357 24 333 24 337 24 331 24 373 125 372 126 371 125 374 785 372 786 373 787 375 788 374 789 373 790 376 791 374 792 375 793 377 794 376 795 375 796 378 149 376 150 377 151 379 151 378 149 377 151 380 152 378 153 379 154 381 155 380 156 379 157 382 158 380 159 381 160 383 797 382 798 381 799 384 800 382 801 383 802 385 800 384 800 383 802 386 24 384 24 385 24 371 24 386 24 385 24 388 803 371 804 387 805 386 804 371 804 388 803 389 641 386 640 388 642 390 498 386 498 389 497 391 498 390 498 389 497 392 24 390 24 391 24 393 24 392 24 391 24 394 24 392 24 393 24 395 25 394 26 393 26 372 622 394 623 395 624 387 725 372 726 395 727 371 728 372 729 387 730 397 806 388 807 396 808 389 809 388 810 397 811 398 812 389 813 397 814 391 815 389 816 398 817 399 196 391 195 398 194 393 128 391 128 399 129 400 194 393 195 399 196 395 25 393 26 400 25 401 45 395 46 400 46 387 197 395 198 401 199 396 200 387 201 401 202 388 818 387 819 396 820 374 785 394 787 372 786 402 206 394 206 374 207 376 208 402 206 374 207 403 209 402 210 376 211 378 212 403 213 376 214 380 215 403 216 378 217 385 24 373 24 371 24 404 218 373 219 385 219 383 821 404 822 385 823 405 824 404 825 383 826 381 827 405 828 383 829 379 830 405 831 381 832 402 24 392 24 394 24 406 24 392 24 402 24 403 209 406 210 402 210 382 232 406 233 403 234 380 235 382 236 403 237 404 833 375 834 373 835 407 836 375 837 404 838 405 839 407 840 404 841 379 842 407 843 405 844 410 24 409 24 408 24 411 24 409 24 410 24 412 24 411 24 410 24 406 24 390 24 392 24 384 24 390 24 406 24 382 232 384 233 406 233 414 250 413 251 408 251 415 252 413 251 414 250 417 127 416 128 413 128 418 129 416 128 417 127 419 253 412 254 416 254 420 254 412 254 419 253 420 24 411 24 412 24 421 24 411 24 420 24 421 24 409 24 411 24 422 24 409 24 421 24 422 24 408 24 409 24 423 130 408 131 422 131 413 24 410 24 408 24 416 24 410 24 413 24 377 255 407 256 379 255 375 845 407 846 377 847 416 24 412 24 410 24 386 24 390 24 384 24 426 125 425 126 424 125 427 848 425 849 426 850 428 3 427 4 426 5 429 851 427 852 428 853 430 854 429 855 428 856 431 857 429 858 430 859 432 860 431 861 430 862 433 275 431 276 432 275 434 863 433 864 432 864 435 865 433 864 434 863 436 866 435 867 434 868 437 869 435 870 436 871 438 283 437 283 436 285 439 24 437 24 438 24 424 24 439 24 438 24 441 872 424 873 440 874 439 125 424 125 441 124 442 875 439 876 441 877 443 254 439 254 442 253 444 254 443 254 442 253 445 24 443 24 444 24 446 24 445 24 444 24 447 24 445 24 446 24 448 430 447 429 446 429 425 878 447 429 448 430 440 879 425 880 448 881 424 882 425 883 440 884 450 885 441 886 449 887 442 888 441 889 450 890 451 891 442 892 450 893 444 894 442 895 451 896 452 897 444 898 451 899 446 429 444 429 452 430 453 900 446 901 452 902 448 902 446 901 453 900 454 903 448 904 453 905 440 906 448 907 454 908 449 909 440 910 454 911 441 912 440 913 449 914 427 848 447 850 425 849 455 24 447 24 427 81 429 915 455 916 427 917 456 661 455 662 429 663 431 918 456 919 429 920 433 275 456 340 431 276 438 24 426 24 424 24 457 92 426 93 438 93 436 341 457 342 438 343 458 344 457 345 436 346 434 921 458 922 436 923 432 924 458 925 434 926 455 24 445 24 447 24 459 24 445 24 455 24 456 82 459 24 455 24 435 218 459 219 456 676 433 927 435 928 456 929 457 112 428 113 426 114 460 930 428 931 457 932 458 365 460 366 457 367 432 368 460 369 458 370 463 24 462 24 461 24 464 24 462 24 463 24 465 24 464 24 463 24 459 24 443 24 445 24 437 24 443 24 459 24 435 218 437 219 459 219 467 286 466 287 461 287 468 371 466 372 467 373 470 127 469 128 466 128 471 129 469 128 470 127 472 578 465 579 469 579 473 579 465 579 472 578 473 24 464 24 465 24 474 24 464 24 473 24 474 24 462 24 464 24 475 24 462 24 474 24 475 24 461 24 462 24 476 933 461 934 475 934 466 24 463 24 461 24 469 24 463 24 466 24 430 582 460 581 432 580 428 935 460 936 430 937 469 24 465 24 463 24 439 24 443 24 437 24 479 125 478 126 477 125 480 785 478 786 479 787 481 382 480 383 479 384 482 385 480 386 481 387 483 938 482 939 481 940 484 398 482 449 483 397 485 396 484 395 483 394 486 394 484 395 485 396 487 941 486 942 485 943 488 120 486 119 487 118 489 944 488 945 487 946 490 947 488 948 489 949 491 947 490 947 489 949 492 24 490 24 491 24 477 24 492 24 491 24 494 950 477 951 493 952 492 125 477 125 494 124 495 953 492 954 494 955 496 720 492 720 495 719 497 720 496 720 495 719 498 24 496 24 497 24 499 130 498 131 497 131 500 131 498 131 499 130 501 956 500 957 499 958 478 959 500 960 501 961 493 962 478 963 501 964 477 965 478 966 493 967 503 968 494 969 502 970 495 971 494 972 503 973 504 974 495 975 503 976 497 977 495 978 504 979 505 980 497 981 504 982 499 983 497 984 505 985 506 986 499 987 505 988 501 989 499 990 506 991 507 992 501 993 506 994 493 995 501 996 507 997 502 998 493 999 507 1000 494 1001 493 1002 502 1003 480 785 500 787 478 786 508 206 500 206 480 207 482 446 508 447 480 448 509 83 508 84 482 83 484 391 509 392 482 392 486 397 509 449 484 398 491 24 479 24 477 24 510 232 479 233 491 233 489 1004 510 1005 491 1006 511 1007 510 1008 489 1009 487 946 511 946 489 944 485 278 511 277 487 277 508 24 498 24 500 24 512 24 498 24 508 24 509 83 512 84 508 84 488 92 512 93 509 456 486 457 488 458 509 459 510 460 481 461 479 462 513 1010 481 1011 510 1012 511 1013 513 1014 510 1015 485 1016 513 1017 511 1018 516 24 515 24 514 24 517 24 515 24 516 24 518 24 517 24 516 24 512 24 496 24 498 24 490 24 496 24 512 24 488 92 490 93 512 93 520 124 519 125 514 125 521 126 519 125 520 124 523 127 522 128 519 128 524 129 522 128 523 127 525 31 518 32 522 32 526 32 518 32 525 31 526 24 517 24 518 24 527 24 517 24 526 24 527 24 515 24 517 24 528 24 515 24 527 24 528 24 514 24 515 24 529 130 514 131 528 131 519 24 516 24 514 24 522 24 516 24 519 24 483 1019 513 1020 485 1021 481 1022 513 1023 483 1024 522 24 518 24 516 24 492 24 496 24 490 24 532 125 531 126 530 125 533 698 531 699 532 700 534 476 533 477 532 478 535 479 533 480 534 481 536 854 535 855 534 856 537 1025 535 1026 536 1027 538 152 537 153 536 154 539 154 537 153 538 152 540 1028 539 1029 538 1030 541 1031 539 1032 540 1033 542 1034 541 1035 540 1036 543 947 541 948 542 949 544 947 543 947 542 949 545 24 543 24 544 24 530 24 545 24 544 24 547 1037 530 1038 546 1039 545 26 530 26 547 25 548 1040 545 1041 547 1042 549 1041 545 1041 548 1040 550 1041 549 1041 548 1040 551 24 549 24 550 24 552 24 551 24 550 24 553 24 551 24 552 24 554 124 553 125 552 125 531 126 553 125 554 124 546 1043 531 1044 554 1045 530 628 531 629 546 630 556 1046 547 1047 555 1048 548 1049 547 1050 556 1051 557 1052 548 1053 556 1054 550 1055 548 1056 557 1057 558 1058 550 1059 557 1060 552 429 550 429 558 430 559 900 552 901 558 902 554 1061 552 1062 559 1063 560 1064 554 1065 559 1066 546 1067 554 1068 560 1069 555 1070 546 1071 560 1072 547 1073 546 1074 555 1075 533 698 553 700 531 699 561 542 553 542 533 543 535 544 561 542 533 543 562 1076 561 1077 535 1078 537 1079 562 1080 535 1081 539 1082 562 1083 537 1084 544 24 532 24 530 24 563 1085 532 1086 544 1086 542 1087 563 1085 544 1086 564 1088 563 1089 542 1090 540 1091 564 1092 542 1093 538 1094 564 1095 540 1096 561 24 551 24 553 24 565 24 551 24 561 24 562 209 565 210 561 210 541 1097 565 1098 562 1099 539 1100 541 1101 562 1102 563 1103 534 1104 532 1105 566 1106 534 1107 563 1108 564 1109 566 1110 563 1111 538 1112 566 1113 564 1114 569 24 568 24 567 24 570 24 568 24 569 24 571 24 570 24 569 24 565 24 549 24 551 24 543 24 549 24 565 24 541 92 543 93 565 93 573 250 572 251 567 251 574 252 572 251 573 250 576 127 575 128 572 128 577 129 575 128 576 127 578 253 571 254 575 254 579 254 571 254 578 253 579 24 570 24 571 24 580 24 570 24 579 24 580 24 568 24 570 24 581 24 568 24 580 24 581 24 567 24 568 24 582 130 567 131 581 131 572 24 569 24 567 24 575 24 569 24 572 24 536 582 566 581 538 580 534 935 566 936 536 937 575 24 571 24 569 24 545 24 549 24 543 24 585 0 584 1 583 0 586 1115 584 1116 585 1117 587 589 586 590 585 591 588 592 586 593 587 594 589 1118 588 1119 587 1120 590 1121 588 1122 589 1123 591 1124 590 1125 589 1126 592 1127 590 1128 591 1129 593 1130 592 1131 591 1132 594 1133 592 1134 593 1135 595 1136 594 1137 593 1138 596 1139 594 1140 595 1141 597 1139 596 1139 595 1141 598 24 596 24 597 24 583 24 598 24 597 24 600 1142 583 1143 599 1144 598 287 583 287 600 286 601 1056 598 1055 600 1057 602 1041 598 1041 601 1040 603 1041 602 1041 601 1040 604 24 602 24 603 24 605 24 604 24 603 24 606 24 604 24 605 24 607 286 606 287 605 287 584 1145 606 1146 607 1147 599 1148 584 1149 607 1150 583 1151 584 1152 599 1153 609 414 600 415 608 416 601 1154 600 1155 609 1156 610 1157 601 1158 609 1159 603 1160 601 1161 610 1162 611 1163 603 1164 610 1165 605 1164 603 1164 611 1163 612 1166 605 1167 611 1168 607 1169 605 1170 612 1171 613 1172 607 1173 612 1174 599 1175 607 1176 613 1177 608 1178 599 1179 613 1180 600 1181 599 1182 608 1183 586 1115 606 1117 584 1116 614 658 606 658 586 659 588 660 614 658 586 659 615 661 614 662 588 663 590 664 615 665 588 666 592 1184 615 1185 590 1186 597 24 585 24 583 24 616 232 585 233 597 233 595 1187 616 1188 597 1189 617 1190 616 1191 595 1192 593 1193 617 1194 595 1195 591 1196 617 1197 593 1198 614 24 604 24 606 24 618 24 604 24 614 24 615 82 618 24 614 24 594 218 618 219 615 676 592 1199 594 1200 615 1201 616 680 587 681 585 682 619 683 587 684 616 685 617 1202 619 1203 616 1204 591 1205 619 1206 617 1207 622 24 621 24 620 24 623 24 621 24 622 24 624 24 623 24 622 24 618 24 602 24 604 24 596 24 602 24 618 24 594 218 596 219 618 219 626 286 625 287 620 287 627 371 625 372 626 373 629 127 628 128 625 128 630 129 628 128 629 127 631 578 624 579 628 579 632 579 624 579 631 578 632 24 623 24 624 24 633 24 623 24 632 24 633 24 621 24 623 24 634 24 621 24 633 24 634 24 620 24 621 24 635 933 620 934 634 934 625 24 622 24 620 24 628 24 622 24 625 24 589 1208 619 1209 591 1210 587 1211 619 1212 589 1213 628 24 624 24 622 24 598 24 602 24 596 24 638 1214 637 1214 636 1214 639 1214 637 1214 638 1214 640 1214 639 1214 638 1214 641 1214 639 1214 640 1214 642 1214 641 1214 640 1214 643 1214 641 1214 642 1214 644 1214 643 1214 642 1214 645 1214 643 1214 644 1214 646 1214 645 1214 644 1214 647 1214 645 1214 646 1214 648 1214 647 1214 646 1214 649 1214 647 1214 648 1214 650 1214 649 1214 648 1214 651 1214 649 1214 650 1214 652 1214 651 1214 650 1214 653 1214 651 1214 652 1214 654 1214 653 1214 652 1214 655 1214 653 1214 654 1214 656 1214 655 1214 654 1214 657 1214 655 1214 656 1214 658 1214 657 1214 656 1214 659 1214 657 1214 658 1214 660 1214 659 1214 658 1214 661 1214 659 1214 660 1214 662 1214 661 1214 660 1214 663 1214 661 1214 662 1214 664 1214 663 1214 662 1214 665 1214 663 1214 664 1214 666 1214 665 1214 664 1214 667 1214 665 1214 666 1214 668 1214 667 1214 666 1214 669 1214 667 1214 668 1214 670 1214 669 1214 668 1214 671 1214 669 1214 670 1214 672 1214 671 1214 670 1214 673 1214 671 1214 672 1214 674 1214 673 1214 672 1214 675 1214 673 1214 674 1214 676 1214 675 1214 674 1214 677 1214 675 1214 676 1214 678 1214 677 1214 676 1214 679 1214 677 1214 678 1214 680 1214 679 1214 678 1214 681 1214 679 1214 680 1214 682 1214 681 1214 680 1214 683 1214 681 1214 682 1214 684 1214 683 1214 682 1214 685 1214 683 1214 684 1214 686 1214 638 1214 636 1214 687 1214 638 1214 686 1214 688 1214 687 1214 686 1214 689 1214 687 1214 688 1214 690 1214 689 1214 688 1214 691 1214 689 1214 690 1214 692 1214 691 1214 690 1214 693 1214 691 1214 692 1214 694 1214 693 1214 692 1214 695 1214 693 1214 694 1214 696 1214 695 1214 694 1214 697 1214 695 1214 696 1214 698 1214 697 1214 696 1214 699 1214 697 1214 698 1214 700 1214 699 1214 698 1214 701 1214 699 1214 700 1214 702 1214 701 1214 700 1214 703 1214 701 1214 702 1214 704 1214 703 1214 702 1214 705 1214 703 1214 704 1214 706 1214 705 1214 704 1214 707 1214 705 1214 706 1214 708 1214 707 1214 706 1214 710 1214 692 1214 709 1214 711 1214 692 1214 710 1214 712 1214 711 1214 710 1214 694 1214 711 1214 712 1214 713 1214 694 1214 712 1214 698 1214 694 1214 713 1214 714 1214 698 1214 713 1214 715 1214 698 1214 714 1214 716 1214 715 1214 714 1214 700 1214 715 1214 716 1214 717 1214 700 1214 716 1214 704 1214 700 1214 717 1214 718 1214 704 1214 717 1214 719 1214 704 1214 718 1214 720 1214 719 1214 718 1214 706 1214 719 1214 720 1214 721 1214 706 1214 720 1214 722 1214 706 1214 721 1214 723 1214 722 1214 721 1214 724 1214 722 1214 723 1214 725 1214 724 1214 723 1214 728 1214 727 1214 726 1214 729 1214 727 1214 728 1214 730 1214 729 1214 728 1214 731 1214 729 1214 730 1214 732 1214 731 1214 730 1214 733 1214 731 1214 732 1214 734 1214 733 1214 732 1214 735 1214 733 1214 734 1214 736 1214 735 1214 734 1214 737 1214 735 1214 736 1214 738 1214 737 1214 736 1214 739 1214 737 1214 738 1214 740 1214 739 1214 738 1214 741 1214 739 1214 740 1214 742 1214 741 1214 740 1214 743 1214 741 1214 742 1214 744 1214 743 1214 742 1214 745 1214 743 1214 744 1214 746 1214 745 1214 744 1214 747 1214 745 1214 746 1214 748 1214 685 1214 684 1214 749 1214 685 1214 748 1214 750 1214 749 1214 748 1214 751 1214 749 1214 750 1214 752 1214 751 1214 750 1214 753 1214 751 1214 752 1214 754 1214 753 1214 752 1214 755 1214 753 1214 754 1214 756 1214 755 1214 754 1214 757 1214 755 1214 756 1214 758 1214 757 1214 756 1214 759 1214 757 1214 758 1214 760 1214 759 1214 758 1214 761 1214 759 1214 760 1214 762 1214 761 1214 760 1214 763 1214 761 1214 762 1214 764 1214 763 1214 762 1214 720 1214 763 1214 764 1214 723 1214 720 1214 764 1214 721 1214 720 1214 723 1214 767 1214 766 1214 765 1214 768 1214 766 1214 767 1214 769 1214 768 1214 767 1214 770 1214 768 1214 769 1214 771 1214 770 1214 769 1214 772 1214 770 1214 771 1214 773 1214 772 1214 771 1214 774 1214 772 1214 773 1214 775 1214 774 1214 773 1214 776 1214 774 1214 775 1214 777 1214 776 1214 775 1214 778 1214 776 1214 777 1214 779 1214 778 1214 777 1214 780 1214 778 1214 779 1214 781 1214 780 1214 779 1214 782 1214 780 1214 781 1214 783 1214 782 1214 781 1214 784 1214 782 1214 783 1214 785 1214 784 1214 783 1214 786 1214 784 1214 785 1214 788 1214 644 1214 787 1214 789 1214 644 1214 788 1214 790 1214 789 1214 788 1214 646 1214 789 1214 790 1214 791 1214 646 1214 790 1214 650 1214 646 1214 791 1214 792 1214 650 1214 791 1214 793 1214 650 1214 792 1214 794 1214 793 1214 792 1214 652 1214 793 1214 794 1214 795 1214 652 1214 794 1214 656 1214 652 1214 795 1214 796 1214 656 1214 795 1214 797 1214 656 1214 796 1214 653 1214 734 1214 798 1214 799 1214 734 1214 653 1214 655 1214 799 1214 653 1214 736 1214 799 1214 655 1214 800 1214 736 1214 655 1214 740 1214 736 1214 800 1214 659 1214 740 1214 800 1214 801 1214 740 1214 659 1214 661 1214 801 1214 659 1214 742 1214 801 1214 661 1214 802 1214 742 1214 661 1214 746 1214 742 1214 802 1214 677 1214 773 1214 803 1214 804 1214 773 1214 677 1214 679 1214 804 1214 677 1214 775 1214 804 1214 679 1214 805 1214 775 1214 679 1214 779 1214 775 1214 805 1214 683 1214 779 1214 805 1214 806 1214 779 1214 683 1214 685 1214 806 1214 683 1214 781 1214 806 1214 685 1214 807 1214 781 1214 685 1214 785 1214 781 1214 807 1214 810 1214 809 1214 808 1214 811 1214 809 1214 810 1214 812 1214 811 1214 810 1214 813 1214 811 1214 812 1214 814 1214 813 1214 812 1214 815 1214 813 1214 814 1214 816 1214 815 1214 814 1214 817 1214 815 1214 816 1214 718 1214 817 1214 816 1214 716 1214 817 1214 718 1214 717 1214 716 1214 718 1214 757 1214 753 1214 755 1214 818 1214 753 1214 757 1214 810 1214 818 1214 757 1214 819 1214 818 1214 810 1214 808 1214 819 1214 810 1214 725 1214 819 1214 808 1214 809 1214 725 1214 808 1214 724 1214 725 1214 809 1214 722 1214 724 1214 809 1214 695 1214 691 1214 693 1214 820 1214 691 1214 695 1214 821 1214 820 1214 695 1214 822 1214 820 1214 821 1214 823 1214 822 1214 821 1214 824 1214 822 1214 823 1214 825 1214 824 1214 823 1214 826 1214 824 1214 825 1214 827 1214 826 1214 825 1214 671 1214 667 1214 669 1214 828 1214 667 1214 671 1214 767 1214 828 1214 671 1214 829 1214 828 1214 767 1214 765 1214 829 1214 767 1214 830 1214 829 1214 765 1214 766 1214 830 1214 765 1214 831 1214 830 1214 766 1214 682 1214 831 1214 766 1214 647 1214 643 1214 645 1214 832 1214 643 1214 647 1214 728 1214 832 1214 647 1214 833 1214 832 1214 728 1214 726 1214 833 1214 728 1214 796 1214 833 1214 726 1214 727 1214 796 1214 726 1214 797 1214 796 1214 727 1214 658 1214 797 1214 727 1214 834 1214 707 1214 708 1214 835 1214 707 1214 834 1214 836 1214 835 1214 834 1214 837 1214 835 1214 836 1214 838 1214 837 1214 836 1214 712 1214 837 1214 838 1214 714 1214 712 1214 838 1214 713 1214 712 1214 714 1214 701 1214 697 1214 699 1214 839 1214 697 1214 701 1214 840 1214 839 1214 701 1214 841 1214 839 1214 840 1214 842 1214 841 1214 840 1214 843 1214 841 1214 842 1214 844 1214 843 1214 842 1214 845 1214 843 1214 844 1214 790 1214 792 1214 791 1214 846 1214 792 1214 790 1214 847 1214 846 1214 790 1214 848 1214 846 1214 847 1214 849 1214 848 1214 847 1214 637 1214 848 1214 849 1214 827 1214 637 1214 849 1214 636 1214 637 1214 827 1214 688 1214 692 1214 690 1214 709 1214 692 1214 688 1214 844 1214 709 1214 688 1214 710 1214 709 1214 844 1214 850 1214 710 1214 844 1214 851 1214 710 1214 850 1214 640 1214 644 1214 642 1214 787 1214 644 1214 640 1214 852 1214 787 1214 640 1214 788 1214 787 1214 852 1214 853 1214 788 1214 852 1214 824 1214 788 1214 853 1214 848 1214 792 1214 846 1214 854 1214 792 1214 848 1214 855 1214 854 1214 848 1214 794 1214 854 1214 855 1214 856 1214 794 1214 855 1214 796 1214 794 1214 856 1214 782 1214 778 1214 780 1214 857 1214 778 1214 782 1214 760 1214 857 1214 782 1214 756 1214 857 1214 760 1214 758 1214 756 1214 760 1214 731 1214 727 1214 729 1214 858 1214 727 1214 731 1214 662 1214 858 1214 731 1214 658 1214 858 1214 662 1214 660 1214 658 1214 662 1214 730 1214 734 1214 732 1214 798 1214 734 1214 730 1214 649 1214 798 1214 730 1214 653 1214 798 1214 649 1214 651 1214 653 1214 649 1214 725 1214 784 1214 786 1214 859 1214 784 1214 725 1214 723 1214 859 1214 725 1214 762 1214 859 1214 723 1214 764 1214 762 1214 723 1214 770 1214 766 1214 768 1214 860 1214 766 1214 770 1214 748 1214 860 1214 770 1214 682 1214 860 1214 748 1214 684 1214 682 1214 748 1214 743 1214 739 1214 741 1214 861 1214 739 1214 743 1214 674 1214 861 1214 743 1214 670 1214 861 1214 674 1214 672 1214 670 1214 674 1214 769 1214 773 1214 771 1214 803 1214 773 1214 769 1214 673 1214 803 1214 769 1214 677 1214 803 1214 673 1214 675 1214 677 1214 673 1214 776 1214 772 1214 774 1214 862 1214 772 1214 776 1214 754 1214 862 1214 776 1214 750 1214 862 1214 754 1214 752 1214 750 1214 754 1214 830 1214 745 1214 747 1214 863 1214 745 1214 830 1214 680 1214 863 1214 830 1214 676 1214 863 1214 680 1214 678 1214 676 1214 680 1214 813 1214 809 1214 811 1214 864 1214 809 1214 813 1214 834 1214 864 1214 813 1214 722 1214 864 1214 834 1214 708 1214 722 1214 834 1214 737 1214 733 1214 735 1214 865 1214 733 1214 737 1214 668 1214 865 1214 737 1214 664 1214 865 1214 668 1214 666 1214 664 1214 668 1214 812 1214 816 1214 814 1214 866 1214 816 1214 812 1214 759 1214 866 1214 812 1214 763 1214 866 1214 759 1214 761 1214 763 1214 759 1214 716 1214 815 1214 817 1214 867 1214 815 1214 716 1214 714 1214 867 1214 716 1214 836 1214 867 1214 714 1214 838 1214 836 1214 714 1214 763 1214 816 1214 866 1214 868 1214 816 1214 763 1214 720 1214 868 1214 763 1214 718 1214 868 1214 720 1214 756 1214 778 1214 857 1214 869 1214 778 1214 756 1214 754 1214 869 1214 756 1214 776 1214 869 1214 754 1214 822 1214 691 1214 820 1214 870 1214 691 1214 822 1214 852 1214 870 1214 822 1214 689 1214 870 1214 852 1214 833 1214 643 1214 832 1214 871 1214 643 1214 833 1214 855 1214 871 1214 833 1214 641 1214 871 1214 855 1214 762 1214 784 1214 859 1214 872 1214 784 1214 762 1214 760 1214 872 1214 762 1214 782 1214 872 1214 760 1214 676 1214 745 1214 863 1214 873 1214 745 1214 676 1214 674 1214 873 1214 676 1214 743 1214 873 1214 674 1214 829 1214 667 1214 828 1214 874 1214 667 1214 829 1214 746 1214 874 1214 829 1214 665 1214 874 1214 746 1214 750 1214 772 1214 862 1214 875 1214 772 1214 750 1214 748 1214 875 1214 750 1214 770 1214 875 1214 748 1214 686 1214 843 1214 845 1214 876 1214 843 1214 686 1214 827 1214 876 1214 686 1214 825 1214 876 1214 827 1214 819 1214 753 1214 818 1214 877 1214 753 1214 819 1214 785 1214 877 1214 819 1214 751 1214 877 1214 785 1214 821 1214 825 1214 823 1214 878 1214 825 1214 821 1214 841 1214 878 1214 821 1214 843 1214 878 1214 841 1214 664 1214 733 1214 865 1214 879 1214 733 1214 664 1214 662 1214 879 1214 664 1214 731 1214 879 1214 662 1214 670 1214 739 1214 861 1214 880 1214 739 1214 670 1214 668 1214 880 1214 670 1214 737 1214 880 1214 668 1214 851 1214 703 1214 881 1214 882 1214 703 1214 851 1214 840 1214 882 1214 851 1214 701 1214 882 1214 840 1214 836 1214 815 1214 867 1214 883 1214 815 1214 836 1214 834 1214 883 1214 836 1214 813 1214 883 1214 834 1214 841 1214 697 1214 839 1214 884 1214 697 1214 841 1214 821 1214 884 1214 841 1214 695 1214 884 1214 821 1214 885 1214 837 1214 712 1214 851 1214 837 1214 885 1214 710 1214 851 1214 885 1214 641 1214 637 1214 639 1214 886 1214 637 1214 641 1214 855 1214 886 1214 641 1214 887 1214 647 1214 649 1214 728 1214 647 1214 887 1214 730 1214 728 1214 887 1214 689 1214 638 1214 687 1214 888 1214 638 1214 689 1214 852 1214 888 1214 689 1214 889 1214 671 1214 673 1214 767 1214 671 1214 889 1214 769 1214 767 1214 889 1214 890 1214 757 1214 759 1214 810 1214 757 1214 890 1214 812 1214 810 1214 890 1214 891 1214 824 1214 847 1214 788 1214 824 1214 891 1214 790 1214 788 1214 891 1214 665 1214 661 1214 663 1214 802 1214 661 1214 665 1214 746 1214 802 1214 665 1214 751 1214 685 1214 749 1214 807 1214 685 1214 751 1214 785 1214 807 1214 751 1214 837 1214 707 1214 835 1214 881 1214 707 1214 837 1214 851 1214 881 1214 837 1214 847 1214 827 1214 849 1214 826 1214 827 1214 847 1214 824 1214 826 1214 847 1214 888 1214 640 1214 638 1214 852 1214 640 1214 888 1214 688 1214 845 1214 844 1214 686 1214 845 1214 688 1214 655 1214 659 1214 800 1214 657 1214 659 1214 655 1214 886 1214 848 1214 637 1214 855 1214 848 1214 886 1214 829 1214 747 1214 746 1214 830 1214 747 1214 829 1214 819 1214 786 1214 785 1214 725 1214 786 1214 819 1214 831 1214 680 1214 830 1214 682 1214 680 1214 831 1214 679 1214 683 1214 805 1214 681 1214 683 1214 679 1214 833 1214 856 1214 855 1214 796 1214 856 1214 833 1214 707 1214 703 1214 705 1214 881 1214 703 1214 707 1214 850 1214 840 1214 851 1214 844 1214 840 1214 850 1214 843 1214 825 1214 878 1214 876 1214 825 1214 843 1214 822 1214 853 1214 852 1214 824 1214 853 1214 822 1214 778 1214 869 1214 776 1214 698 1214 696 1214 694 1214 718 1214 816 1214 868 1214 704 1214 702 1214 700 1214 698 1214 715 1214 700 1214 815 1214 883 1214 813 1214 722 1214 809 1214 864 1214 695 1214 697 1214 884 1214 736 1214 734 1214 799 1214 751 1214 753 1214 877 1214 794 1214 792 1214 854 1214 656 1214 654 1214 652 1214 656 1214 797 1214 658 1214 742 1214 740 1214 801 1214 742 1214 746 1214 744 1214 772 1214 875 1214 770 1214 794 1214 796 1214 795 1214 745 1214 873 1214 743 1214 644 1214 789 1214 646 1214 641 1214 643 1214 871 1214 781 1214 779 1214 806 1214 781 1214 785 1214 783 1214 658 1214 727 1214 858 1214 682 1214 766 1214 860 1214 784 1214 872 1214 782 1214 722 1214 708 1214 706 1214 704 1214 719 1214 706 1214 775 1214 773 1214 804 1214 665 1214 667 1214 874 1214 701 1214 703 1214 882 1214 775 1214 779 1214 777 1214 840 1214 844 1214 842 1214 733 1214 879 1214 731 1214 689 1214 691 1214 870 1214 686 1214 636 1214 827 1214 736 1214 740 1214 738 1214 712 1214 710 1214 885 1214 650 1214 793 1214 652 1214 649 1214 730 1214 887 1214 650 1214 648 1214 646 1214 673 1214 769 1214 889 1214 739 1214 880 1214 737 1214 759 1214 812 1214 890 1214 692 1214 711 1214 694 1214 847 1214 790 1214 891 1214</p>
                </polylist>
            </mesh>
        </geometry>
        <geometry id="mesh7">
            <mesh>
                <source id="points7">
                    <float_array id="pointarray7" count="945">668.75 -84.9375 -386.125 735.875 -85.4375 -197.1875 745.9375 -84.9375 -199.8125 761.875 -85.4375 0 772.25 -84.9375 0 735.875 -85.4375 197.1875 745.9375 -84.9375 199.8125 659.8125 -85.4375 380.9375 668.75 -84.9375 386.125 538.6875 -85.4375 538.6875 546.0625 -84.9375 546.0625 380.9375 -85.4375 659.8125 386.125 -84.9375 668.75 197.1875 -85.4375 735.875 199.8125 -84.9375 745.9375 0 -85.4375 761.875 0 -84.9375 772.25 -197.1875 -85.4375 735.875 -199.8125 -84.9375 745.9375 -380.9375 -85.4375 659.8125 -386.125 -84.9375 668.75 -538.6875 -85.4375 538.6875 -546.0625 -84.9375 546.0625 -659.8125 -85.4375 380.9375 -668.75 -84.9375 386.125 -735.875 -85.4375 197.1875 -745.9375 -84.9375 199.8125 -761.875 -85.4375 0 -772.25 -84.9375 0 -735.875 -85.4375 -197.1875 -745.9375 -84.9375 -199.8125 -659.8125 -85.4375 -380.9375 -668.75 -84.9375 -386.125 -538.6875 -85.4375 -538.6875 -546.0625 -84.9375 -546.0625 -380.9375 -85.4375 -659.8125 -386.125 -84.9375 -668.75 -197.1875 -85.4375 -735.875 -199.8125 -84.9375 -745.9375 0 -85.4375 -761.875 0 -84.9375 -772.25 197.1875 -85.4375 -735.875 199.8125 -84.9375 -745.9375 380.9375 -85.4375 -659.8125 386.125 -84.9375 -668.75 538.6875 -85.4375 -538.6875 546.0625 -84.9375 -546.0625 659.8125 -85.4375 -380.9375 -659.8125 72.8125 380.9375 -529 85.4375 529 -538.6875 72.8125 538.6875 -374 85.4375 647.875 -380.9375 72.8125 659.8125 -193.625 85.4375 722.625 -197.1875 72.8125 735.9375 0 85.4375 748.0625 0 72.8125 761.875 193.625 85.4375 722.625 197.1875 72.8125 735.9375 374 85.4375 647.875 380.9375 72.8125 659.8125 529 85.4375 529 538.6875 72.8125 538.6875 647.875 85.4375 374 659.8125 72.8125 380.9375 722.625 85.4375 193.625 735.9375 72.8125 197.1875 748.0625 85.4375 0 761.875 72.8125 0 722.625 85.4375 -193.625 735.9375 72.8125 -197.1875 647.875 85.4375 -374 659.8125 72.8125 -380.9375 529 85.4375 -529 538.6875 72.8125 -538.6875 374 85.4375 -647.875 380.9375 72.8125 -659.8125 193.625 85.4375 -722.625 197.1875 72.8125 -735.9375 0 85.4375 -748.0625 0 72.8125 -761.875 -193.625 85.4375 -722.625 -197.1875 72.8125 -735.9375 -374 85.4375 -647.875 -380.9375 72.8125 -659.8125 -529 85.4375 -529 -538.6875 72.8125 -538.6875 -647.875 85.4375 -374 -659.8125 72.8125 -380.9375 -722.625 85.4375 -193.625 -735.9375 72.8125 -197.1875 -748.0625 85.4375 0 -761.875 72.8125 0 -722.625 85.4375 193.625 -735.9375 72.8125 197.1875 -647.875 85.4375 374 705.4375 85.4375 -188.5625 632.4375 85.4375 -364.3125 516.375 85.4375 -515.25 365.125 85.4375 -631.0625 189 85.4375 -703.875 0 85.4375 -728.6875 -189 85.4375 -703.875 -365.125 85.4375 -631.0625 -516.375 85.4375 -515.25 -632.4375 85.4375 -364.3125 -705.4375 85.4375 -188.5625 -730.3125 85.4375 0 -705.4375 85.4375 188.5625 -632.4375 85.4375 364.3125 -516.375 85.4375 515.25 -365.125 85.4375 631.0625 -189 85.4375 703.875 0 85.4375 728.6875 189 85.4375 703.875 365.125 85.4375 631.0625 516.375 85.4375 515.25 632.4375 85.4375 364.3125 705.4375 85.4375 188.5625 730.3125 85.4375 0 -483.8125 85.4375 -33.625 -425.5625 85.4375 4.625 -341.9375 85.4375 24.6875 -284.375 85.5625 239.5 -265.875 85.5625 205.875 -267.9375 85.5625 241.625 -258.125 85.5625 223.875 -249.4375 85.5625 244.0625 -199.5 85.5625 155.6875 -194.4375 85.5625 168.1875 -114.625 85.5625 103.125 -114.5625 85.5625 119.0625 -17.0625 85.5625 91.625 -21.9375 85.5625 104.25 73 85.5625 113.1875 69.3125 85.5625 125.875 147.75 85.5625 171.0625 145.375 85.5625 180.75 203.6875 85.5625 251.125 194.625 85.5625 260.4375 219.9375 85.5625 354.375 209.5 85.5625 352.9375 194.5 85.5625 446.625 187.8125 85.5625 444 140.375 85.5625 525.75 132.8125 85.5625 519.875 58.125 85.5625 578.4375 52.9375 85.5625 569 -39.9375 85.5625 592.0625 -39.625 85.5625 583.8125 -138.125 85.5625 573.3125 -130.9375 85.5625 562.1875 -221.375 85.5625 517 -207 85.5625 507.3125 -277.6875 85.5625 434.1875 -256.1875 85.5625 427.5625 -289.6875 85.5625 336.4375 -271.125 85.5625 335.125 198.1875 76.6875 352.5 177.5 76.6875 439.3125 125.125 76.6875 511.625 49 76.6875 558.375 -39.1875 76.6875 572.5625 -126.1875 76.6875 551.9375 -198.6875 76.6875 499.625 -245.5625 76.6875 423.6875 -259.8125 76.6875 335.5625 -239.125 76.6875 248.75 -186.75 76.6875 176.4375 -110.625 76.6875 129.6875 -22.3125 76.6875 115.5 64.625 76.6875 136.125 137.0625 76.6875 188.4375 184 76.6875 264.375 -58.8125 87.375 -375.875 -71.75 87.375 -258.6875 -88.0625 87.375 -254.375 -50.3125 87.375 -151.125 -65.0625 87.375 -139 10.6875 87.375 -60 4 87.375 -40.4375 102.0625 87.375 0.875 98.1875 87.375 16.25 209.8125 87.375 22.25 206.875 87.375 36.75 317.5625 87.375 0.875 322.875 87.375 13.8125 408.9375 87.375 -60 423.375 87.375 -55.3125 470 87.375 -151.125 484.9375 87.375 -151.25 491.4375 87.375 -258.6875 504.625 87.375 -255.625 470 87.375 -366.1875 485.75 87.375 -368.3125 408.9375 87.375 -457.375 421.0625 87.375 -465.9375 317.5625 87.375 -518.25 323.625 87.375 -532.625 209.8125 87.375 -539.6875 208.6875 87.375 -554.0625 102.0625 87.375 -518.25 105.6875 87.375 -536.8125 10.6875 87.375 -457.375 6.625 87.375 -475.5625 -50.3125 87.375 -366.1875 -67.8125 87.375 -386.0625 -105.1875 87.375 -249.875 -80.5625 87.375 -126.1875 -3 87.375 -19.8125 94.1875 87.375 32.375 203.75 87.375 52 328.5 87.375 27.5 438.5625 87.375 -50.4375 500.75 87.375 -151.375 518.5625 87.375 -252.4375 502.375 87.375 -370.5 433.75 87.375 -474.9375 330.0625 87.375 -547.6875 207.5 87.375 -569.25 109.5 87.375 -556.3125 2.375 87.375 -494.6875 455.8125 75.125 -157 398.0625 75.125 -70.8125 311.6875 75.125 -13.25 209.8125 75.125 6.9375 107.9375 75.125 -13.25 21.5625 75.125 -70.8125 -36.125 75.125 -157 -56.375 75.125 -258.6875 -36.125 75.125 -360.3125 21.5625 75.125 -446.5 107.9375 75.125 -504.125 209.8125 75.125 -524.3125 311.6875 75.125 -504.125 398.0625 75.125 -446.5 455.8125 75.125 -360.3125 476.0625 75.125 -258.6875 -234.375 85.4375 -256.3125 -194.8125 85.4375 -202.375 -186.5 85.4375 -144.3125 -114.6875 85.5625 88.9375 -207.1875 85.4375 -66.9375 -204 85.5625 144.625 -241.8125 85.4375 -17.5 -290.75 85.4375 14.625 -294 85.4375 5.5 -347.3125 85.4375 16.0625 -298 85.4375 -5.625 -353.9375 85.4375 5.375 -353.9375 77.375 -1.6875 -407.0625 77.375 -12.25 -407.0625 77.375 -268.3125 -452.125 77.375 -238.25 -457.1875 85.4375 -243.3125 -488.875 85.4375 -196.0625 -467.3125 85.4375 -250.3125 -496.6875 85.4375 -205.1875 -475.4375 85.4375 -255.9375 -502.9375 85.4375 -212.5625 -520.1875 85.4375 -145 -514.375 85.4375 -96.75 -471.9375 85.4375 -35.1875 -418.5 85.4375 0 -409.8125 85.4375 -5.625 211.75 85.5625 242.75 149.8125 85.5625 162.4375 76.25 85.5625 101.875 -12.75 85.5625 80.375 229.25 85.5625 355.75 -225.625 77.375 -193.3125 -255.6875 77.375 -238.25 -250.625 85.4375 -243.3125 -298 85.4375 -274.9375 -241.625 85.4375 -250.5 -295.0625 85.4375 -286.625 -292.625 85.4375 -296.125 -300.75 77.375 -268.3125 -353.9375 85.4375 -286 -354.375 85.4375 -299.5625 -354.75 85.4375 -310.5625 -353.9375 77.375 -278.875 -409.8125 85.4375 -274.9375 -415.75 85.4375 -288.3125 -420.5625 85.4375 -299.1875 -482.25 77.375 -193.3125 -500 85.4375 -140.25 -511.125 85.4375 -142.875 -300.75 77.375 -12.25 -250.625 85.4375 -37.25 -245.75 85.4375 -26.3125 -492.8125 77.375 -140.25 -488.875 85.4375 -84.5 -503 85.4375 -91.3125 -255.6875 77.375 -42.3125 -219 85.4375 -84.5 -212.4375 85.4375 -74.8125 -225.625 77.375 -87.25 -207.875 85.4375 -140.25 -196.0625 85.4375 -142.5 -215.0625 77.375 -140.25 -219 85.4375 -196.0625 -205.625 85.4375 -199.5625 -457.1875 85.4375 -37.25 -452.125 77.375 -42.3125 -234.1875 85.5625 525.5625 -144.5 85.5625 583.25 -40.1875 85.5625 599.3125 62.75 85.5625 586.875 147.0625 85.5625 531 200.4375 85.5625 448.9375 -306.25 85.5625 337.5625 -296.875 85.5625 440.0625 0 -90.1875 0 -482.25 77.375 -87.25</float_array>
                    <technique_common>
                        <accessor count="315" source="#pointarray7" stride="3">
                            <param name="X" type="float"/>
                            <param name="Y" type="float"/>
                            <param name="Z" type="float"/>
                        </accessor>
                    </technique_common>
                </source>
                <source id="uvs7">
                    <float_array id="uvarray7" count="584">-8.59765625 1.69287109375 -8.0263671875 2.06787109375 -8.04345703125 2.09912109375 -7.39404296875 2.31396484375 -7.40234375 2.34814453125 -6.7197265625 2.3876953125 -6.71923828125 2.4228515625 -6.0498046875 2.2841796875 -6.03955078125 2.31787109375 -5.4287109375 2.0107421875 -5.41064453125 2.041015625 -4.89990234375 1.58642578125 -4.87451171875 1.61083984375 -4.4990234375 1.0390625 -4.46826171875 1.05615234375 -4.25341796875 0.40771484375 -4.21923828125 0.416015625 -4.1796875 -0.2666015625 -4.14453125 -0.267578125 -4.28271484375 -0.93701171875 -4.2490234375 -0.94677734375 -4.55615234375 -1.5576171875 -4.52587890625 -1.576171875 -4.98095703125 -2.08642578125 -4.95654296875 -2.1123046875 -5.52783203125 -2.4873046875 -5.5107421875 -2.5185546875 -6.16015625 -2.7333984375 -6.15185546875 -2.767578125 -6.83447265625 -2.806640625 -6.8349609375 -2.84228515625 -7.50439453125 -2.70361328125 -7.5146484375 -2.7373046875 -8.12548828125 -2.43017578125 -8.1435546875 -2.46044921875 -8.654296875 -2.005859375 -8.6796875 -2.0302734375 -9.05517578125 -1.45849609375 -9.0859375 -1.4755859375 -9.30078125 -0.82666015625 -9.3349609375 -0.8349609375 -9.37451171875 -0.15234375 -9.40966796875 -0.1513671875 -9.27099609375 0.51806640625 -9.30517578125 0.52783203125 -8.998046875 1.13818359375 -9.0283203125 1.15673828125 -8.5732421875 1.6669921875 -4.59619140625 -1.533203125 -4.328125 -0.923828125 -4.2265625 -0.265625 -4.298828125 0.396484375 -4.5400390625 1.0166015625 -4.93408203125 1.5537109375 -5.453125 1.970703125 -6.0625 2.2392578125 -6.720703125 2.34033203125 -7.3828125 2.26806640625 -8.00390625 2.02685546875 -8.541015625 1.63330078125 -8.9580078125 1.11376953125 -9.22607421875 0.5048828125 -9.32763671875 -0.1533203125 -9.25537109375 -0.8154296875 -9.013671875 -1.43603515625 -8.6201171875 -1.97314453125 -8.10107421875 -2.39013671875 -7.4912109375 -2.65869140625 -6.8330078125 -2.759765625 -6.83447265625 -2.80712890625 -6.17138671875 -2.6875 -5.55029296875 -2.4462890625 -5.01318359375 -2.052734375 -7.97314453125 1.97412109375 -8.49609375 1.58984375 -8.90234375 1.08349609375 -9.1630859375 0.4892578125 -9.26171875 -0.1533203125 -9.19091796875 -0.7998046875 -8.95556640625 -1.40576171875 -8.57177734375 -1.93017578125 -8.0654296875 -2.33740234375 -7.4716796875 -2.599609375 -6.83056640625 -2.69873046875 -6.185546875 -2.62841796875 -5.5810546875 -2.3935546875 -5.05810546875 -2.00927734375 -4.65185546875 -1.5029296875 -4.39111328125 -0.90771484375 -4.29248046875 -0.265625 -4.36328125 0.380859375 -4.5986328125 0.98681640625 -4.982421875 1.5107421875 -5.48828125 1.91796875 -6.08251953125 2.18017578125 -6.7236328125 2.27978515625 -7.36865234375 2.20947265625 -6.49658203125 -1.83935546875 -6.4169921875 -1.615234375 -6.41845703125 -1.322265625 -5.75341796875 -0.95751953125 -5.8798828125 -0.92333984375 -5.75927734375 -0.9013671875 -5.82666015625 -0.88330078125 -5.7666015625 -0.837890625 -6.099609375 -0.744140625 -6.0625 -0.71728515625 -6.34228515625 -0.505859375 -6.28955078125 -0.49267578125 -6.45947265625 -0.19189453125 -6.4140625 -0.19775390625 -6.4609375 0.1240234375 -6.416015625 0.1220703125 -6.330078125 0.41845703125 -6.2958984375 0.41845703125 -6.1103515625 0.66845703125 -6.07177734375 0.64599609375 -5.78125 0.80615234375 -5.77783203125 0.7705078125 -5.455078125 0.79638671875 -5.45849609375 0.7724609375 -5.14892578125 0.681640625 -5.16259765625 0.65185546875 -4.90771484375 0.45166015625 -4.93505859375 0.4267578125 -4.78369140625 0.1376953125 -4.81103515625 0.1318359375 -4.76611328125 -0.20263671875 -4.80859375 -0.18798828125 -4.88525390625 -0.52392578125 -4.9287109375 -0.484375 -5.11376953125 -0.77783203125 -5.1533203125 -0.7119140625 -5.42822265625 -0.896484375 -5.447265625 -0.8359375 -5.77001953125 0.732421875 -5.4658203125 0.734375 -5.18359375 0.61962890625 -4.96728515625 0.4052734375 -4.8486328125 0.1240234375 -4.8466796875 -0.1806640625 -4.9609375 -0.462890625 -5.1748046875 -0.6796875 -5.455078125 -0.79833984375 -5.75927734375 -0.80029296875 -6.041015625 -0.68505859375 -6.2578125 -0.470703125 -6.37646484375 -0.18994140625 -6.37841796875 0.11474609375 -6.263671875 0.3974609375 -6.05029296875 0.6142578125 -7.974609375 -0.708984375 -7.57568359375 -0.65673828125 -7.54833984375 -0.70703125 -7.23681640625 -0.49853515625 -7.18505859375 -0.53759765625 -6.984375 -0.22265625 -6.91455078125 -0.22900390625 -6.85693359375 0.12939453125 -6.802734375 0.12890625 -6.873046875 0.50390625 -6.82275390625 0.505859375 -7.03125 0.84326171875 -6.99267578125 0.87158203125 -7.30712890625 1.09619140625 -7.30322265625 1.1474609375 -7.65869140625 1.224609375 -7.6708984375 1.27392578125 -8.0322265625 1.20849609375 -8.03271484375 1.2548828125 -8.37109375 1.05029296875 -8.390625 1.10107421875 -8.62353515625 0.77490234375 -8.66162109375 0.80810546875 -8.7509765625 0.4228515625 -8.8037109375 0.43115234375 -8.73486328125 0.04833984375 -8.78173828125 0.033203125 -8.57666015625 -0.291015625 -8.640625 -0.2939453125 -8.30078125 -0.54443359375 -8.35791015625 -0.572265625 -7.94921875 -0.6728515625 -8.0009765625 -0.7470703125 -7.51953125 -0.76025390625 -7.1298828125 -0.57861328125 -6.84033203125 -0.2353515625 -6.74609375 0.12890625 -6.77001953125 0.5078125 -6.9521484375 0.9013671875 -7.29931640625 1.2021484375 -7.68408203125 1.326171875 -8.03369140625 1.30322265625 -8.41162109375 1.154296875 -8.70166015625 0.8427734375 -8.85888671875 0.4404296875 -8.8310546875 0.01708984375 -8.70849609375 -0.29736328125 -8.41796875 -0.60205078125 -7.66650390625 1.1728515625 -7.333984375 1.05126953125 -7.0732421875 0.8125 -6.923828125 0.4912109375 -6.908203125 0.13720703125 -7.029296875 -0.1953125 -7.26806640625 -0.45654296875 -7.58837890625 -0.60595703125 -7.94140625 -0.62109375 -8.27392578125 -0.49951171875 -8.5341796875 -0.26025390625 -8.68408203125 0.06103515625 -8.69921875 0.4150390625 -8.57861328125 0.74755859375 -8.33984375 1.00830078125 -8.01953125 1.15771484375 -7.4365234375 -1.193359375 -7.2900390625 -1.01904296875 -7.10400390625 -0.9443359375 -6.3896484375 -0.517578125 -6.8310546875 -0.9501953125 -6.1328125 -0.76806640625 -6.63916015625 -1.02490234375 -6.4931640625 -1.16064453125 -6.5205078125 -1.1787109375 -6.4423828125 -1.34716796875 -6.55419921875 -1.201171875 -6.47265625 -1.37744140625 -6.49609375 -1.38330078125 -6.48779296875 -1.56787109375 -7.33642578125 -1.775390625 -7.2001953125 -1.900390625 -7.212890625 -1.9208984375 -7.03076171875 -1.98779296875 -7.2275390625 -1.9599609375 -7.0546875 -2.02099609375 -7.23974609375 -1.99169921875 -7.07373046875 -2.0478515625 -6.83642578125 -2.05029296875 -6.68115234375 -1.99169921875 -6.51171875 -1.80126953125 -6.43798828125 -1.595703125 -6.4638671875 -1.57177734375 -6.14453125 0.6884765625 -6.3603515625 0.41845703125 -6.5009765625 0.1259765625 -6.50048828125 -0.1865234375 -5.7841796875 0.83837890625 -7.23486328125 -1.11328125 -7.359375 -1.24951171875 -7.38037109375 -1.23681640625 -7.4462890625 -1.41943359375 -7.4111328125 -1.212890625 -7.48779296875 -1.4189453125 -7.52099609375 -1.4189453125 -7.42236328125 -1.42333984375 -7.43798828125 -1.61376953125 -7.482421875 -1.6259765625 -7.5185546875 -1.63623046875 -7.4140625 -1.60791015625 -7.35595703125 -1.78955078125 -7.3955078125 -1.8203125 -7.427734375 -1.84521484375 -7.02685546875 -1.96337890625 -6.8369140625 -1.9794921875 -6.83642578125 -2.0185546875 -6.57421875 -1.2158203125 -6.697265625 -1.06982421875 -6.6650390625 -1.044921875 -6.8427734375 -1.95556640625 -6.6611328125 -1.8974609375 -6.67236328125 -1.94970703125 -6.7099609375 -1.0908203125 -6.8798828125 -1.00341796875 -6.85302734375 -0.97412109375 -6.88330078125 -1.02734375 -7.0732421875 -1.01171875 -7.09033203125 -0.97412109375 -7.06787109375 -1.03564453125 -7.2490234375 -1.09375 -7.271484375 -1.05224609375 -6.5302734375 -1.75439453125 -6.55126953125 -1.74169921875 -4.84619140625 -0.5595703125 -4.72802734375 -0.2158203125 -4.75927734375 0.142578125 -4.8837890625 0.4736328125 -5.13720703125 0.7080078125 -5.4521484375 0.818359375 -5.41064453125 -0.95068359375 -5.0791015625 -0.83642578125 -6.77685546875 -0.20947265625 -6.67578125 -1.87744140625</float_array>
                    <technique_common>
                        <accessor count="292" source="#uvarray7" stride="2">
                            <param name="S" type="float"/>
                            <param name="T" type="float"/>
                        </accessor>
                    </technique_common>
                </source>
                <vertices id="vertices7">
                    <input semantic="POSITION" source="#points7"/>
                </vertices>
                <polylist count="536" material="Material1">
                    <input offset="0" semantic="VERTEX" source="#vertices7"/>
                    <input offset="1" semantic="TEXCOORD" source="#uvs7" set="0"/>
                    <vcount>3 3 3 3 3 3 3 3 3 3 3 3 3 3 3 3 3 3 3 3 3 3 3 3 3 3 3 3 3 3 3 3 3 3 3 3 3 3 3 3 3 3 3 3 3 3 3 3 3 3 3 3 3 3 3 3 3 3 3 3 3 3 3 3 3 3 3 3 3 3 3 3 3 3 3 3 3 3 3 3 3 3 3 3 3 3 3 3 3 3 3 3 3 3 3 3 3 3 3 3 3 3 3 3 3 3 3 3 3 3 3 3 3 3 3 3 3 3 3 3 3 3 3 3 3 3 3 3 3 3 3 3 3 3 3 3 3 3 3 3 3 3 3 3 3 3 3 3 3 3 3 3 3 3 3 3 3 3 3 3 3 3 3 3 3 3 3 3 3 3 3 3 3 3 3 3 3 3 3 3 3 3 3 3 3 3 3 3 3 3 3 3 3 3 3 3 3 3 3 3 3 3 3 3 3 3 3 3 3 3 3 3 3 3 3 3 3 3 3 3 3 3 3 3 3 3 3 3 3 3 3 3 3 3 3 3 3 3 3 3 3 3 3 3 3 3 3 3 3 3 3 3 3 3 3 3 3 3 3 3 3 3 3 3 3 3 3 3 3 3 3 3 3 3 3 3 3 3 3 3 3 3 3 3 3 3 3 3 3 3 3 3 3 3 3 3 3 3 3 3 3 3 3 3 3 3 3 3 3 3 3 3 3 3 3 3 3 3 3 3 3 3 3 3 3 3 3 3 3 3 3 3 3 3 3 3 3 3 3 3 3 3 3 3 3 3 3 3 3 3 3 3 3 3 3 3 3 3 3 3 3 3 3 3 3 3 3 3 3 3 3 3 3 3 3 3 3 3 3 3 3 3 3 3 3 3 3 3 3 3 3 3 3 3 3 3 3 3 3 3 3 3 3 3 3 3 3 3 3 3 3 3 3 3 3 3 3 3 3 3 3 3 3 3 3 3 3 3 3 3 3 3 3 3 3 3 3 3 3 3 3 3 3 3 3 3 3 3 3 3 3 3 3 3 3 3 3 3 3 3 3 3 3 3 3 3 3 3 3 3 3 3 3 3 3 3 3 3 3 3 3 3 3 3 3 3 3 3 3 3 3 3 3 3 3 3 3 3 3 3 3 3 3 3 3 3 3 3 3 3 3 3 3 3 3 3 3 3 3 3 3 3 3 3 3 3 3 3 3 3 3 3 3 3 3 3</vcount>
                    <p>2 2 1 1 0 0 3 3 1 1 2 2 4 4 3 3 2 2 5 5 3 3 4 4 6 6 5 5 4 4 7 7 5 5 6 6 8 8 7 7 6 6 9 9 7 7 8 8 10 10 9 9 8 8 11 11 9 9 10 10 12 12 11 11 10 10 13 13 11 11 12 12 14 14 13 13 12 12 15 15 13 13 14 14 16 16 15 15 14 14 17 17 15 15 16 16 18 18 17 17 16 16 19 19 17 17 18 18 20 20 19 19 18 18 21 21 19 19 20 20 22 22 21 21 20 20 23 23 21 21 22 22 24 24 23 23 22 22 25 25 23 23 24 24 26 26 25 25 24 24 27 27 25 25 26 26 28 28 27 27 26 26 29 29 27 27 28 28 30 30 29 29 28 28 31 31 29 29 30 30 32 32 31 31 30 30 33 33 31 31 32 32 34 34 33 33 32 32 35 35 33 33 34 34 36 36 35 35 34 34 37 37 35 35 36 36 38 38 37 37 36 36 39 39 37 37 38 38 40 40 39 39 38 38 41 41 39 39 40 40 42 42 41 41 40 40 43 43 41 41 42 42 44 44 43 43 42 42 45 45 43 43 44 44 46 46 45 45 44 44 47 47 45 45 46 46 0 0 47 47 46 46 1 1 47 47 0 0 50 21 49 48 48 23 51 49 49 48 50 21 52 19 51 49 50 21 53 50 51 49 52 19 54 17 53 50 52 19 55 51 53 50 54 17 56 15 55 51 54 17 57 52 55 51 56 15 58 13 57 52 56 15 59 53 57 52 58 13 60 11 59 53 58 13 61 54 59 53 60 11 62 9 61 54 60 11 63 55 61 54 62 9 64 7 63 55 62 9 65 56 63 55 64 7 66 5 65 56 64 7 67 57 65 56 66 5 68 3 67 57 66 5 69 58 67 57 68 3 70 1 69 58 68 3 71 59 69 58 70 1 72 47 71 59 70 1 73 60 71 59 72 47 74 45 73 60 72 47 75 61 73 60 74 45 76 43 75 61 74 45 77 62 75 61 76 43 78 41 77 62 76 43 79 63 77 62 78 41 80 39 79 63 78 41 81 64 79 63 80 39 82 37 81 64 80 39 83 65 81 64 82 37 84 35 83 65 82 37 85 66 83 65 84 35 86 33 85 66 84 35 87 67 85 66 86 33 88 31 87 67 86 33 89 68 87 67 88 31 90 69 89 68 88 31 91 70 89 68 90 69 92 27 91 70 90 69 93 71 91 70 92 27 94 25 93 71 92 27 95 72 93 71 94 25 48 23 95 72 94 25 49 48 95 72 48 23 69 58 96 73 67 57 97 74 96 73 69 58 71 59 97 74 69 58 98 75 97 74 71 59 73 60 98 75 71 59 99 76 98 75 73 60 75 61 99 76 73 60 100 77 99 76 75 61 77 62 100 77 75 61 101 78 100 77 77 62 79 63 101 78 77 62 102 79 101 78 79 63 81 64 102 79 79 63 103 80 102 79 81 64 83 65 103 80 81 64 104 81 103 80 83 65 85 66 104 81 83 65 105 82 104 81 85 66 87 67 105 82 85 66 106 83 105 82 87 67 89 68 106 83 87 67 107 84 106 83 89 68 91 70 107 84 89 68 108 85 107 84 91 70 93 71 108 85 91 70 109 86 108 85 93 71 95 72 109 86 93 71 110 87 109 86 95 72 49 48 110 87 95 72 111 88 110 87 49 48 51 49 111 88 49 48 112 89 111 88 51 49 53 50 112 89 51 49 113 90 112 89 53 50 55 51 113 90 53 50 114 91 113 90 55 51 57 52 114 91 55 51 115 92 114 91 57 52 59 53 115 92 57 52 116 93 115 92 59 53 61 54 116 93 59 53 117 94 116 93 61 54 63 55 117 94 61 54 118 95 117 94 63 55 65 56 118 95 63 55 119 96 118 95 65 56 67 57 119 96 65 56 96 73 119 96 67 57 107 84 120 97 106 83 121 98 120 97 107 84 108 85 121 98 107 84 122 99 121 98 108 85 123 100 122 99 108 85 124 101 122 99 123 100 125 102 124 101 123 100 126 103 124 101 125 102 127 104 126 103 125 102 128 105 126 103 127 104 129 106 128 105 127 104 130 107 128 105 129 106 131 108 130 107 129 106 132 109 130 107 131 108 133 110 132 109 131 108 134 111 132 109 133 110 135 112 134 111 133 110 136 113 134 111 135 112 137 114 136 113 135 112 138 115 136 113 137 114 139 116 138 115 137 114 140 117 138 115 139 116 141 118 140 117 139 116 142 119 140 117 141 118 143 120 142 119 141 118 144 121 142 119 143 120 145 122 144 121 143 120 146 123 144 121 145 122 147 124 146 123 145 122 148 125 146 123 147 124 149 126 148 125 147 124 150 127 148 125 149 126 151 128 150 127 149 126 152 129 150 127 151 128 153 130 152 129 151 128 154 131 152 129 153 130 155 132 154 131 153 130 156 133 154 131 155 132 157 134 156 133 155 132 125 102 156 133 157 134 127 104 125 102 157 134 159 136 141 118 158 135 143 120 141 118 159 136 160 137 143 120 159 136 145 122 143 120 160 137 161 138 145 122 160 137 147 124 145 122 161 138 162 139 147 124 161 138 149 126 147 124 162 139 163 140 149 126 162 139 151 128 149 126 163 140 164 141 151 128 163 140 153 130 151 128 164 141 165 142 153 130 164 141 155 132 153 130 165 142 166 143 155 132 165 142 157 134 155 132 166 143 167 144 157 134 166 143 127 104 157 134 167 144 168 145 127 104 167 144 129 106 127 104 168 145 169 146 129 106 168 145 131 108 129 106 169 146 170 147 131 108 169 146 133 110 131 108 170 147 171 148 133 110 170 147 135 112 133 110 171 148 172 149 135 112 171 148 137 114 135 112 172 149 173 150 137 114 172 149 139 116 137 114 173 150 158 135 139 116 173 150 141 118 139 116 158 135 176 153 175 152 174 151 177 154 175 152 176 153 178 155 177 154 176 153 179 156 177 154 178 155 180 157 179 156 178 155 181 158 179 156 180 157 182 159 181 158 180 157 183 160 181 158 182 159 184 161 183 160 182 159 185 162 183 160 184 161 186 163 185 162 184 161 187 164 185 162 186 163 188 165 187 164 186 163 189 166 187 164 188 165 190 167 189 166 188 165 191 168 189 166 190 167 192 169 191 168 190 167 193 170 191 168 192 169 194 171 193 170 192 169 195 172 193 170 194 171 196 173 195 172 194 171 197 174 195 172 196 173 198 175 197 174 196 173 199 176 197 174 198 175 200 177 199 176 198 175 201 178 199 176 200 177 202 179 201 178 200 177 203 180 201 178 202 179 204 181 203 180 202 179 205 182 203 180 204 181 174 151 205 182 204 181 175 152 205 182 174 151 207 184 176 153 206 183 178 155 176 153 207 184 208 185 178 155 207 184 180 157 178 155 208 185 209 186 180 157 208 185 182 159 180 157 209 186 210 187 182 159 209 186 184 161 182 159 210 187 211 188 184 161 210 187 186 163 184 161 211 188 212 189 186 163 211 188 188 165 186 163 212 189 213 190 188 165 212 189 190 167 188 165 213 190 214 191 190 167 213 190 192 169 190 167 214 191 215 192 192 169 214 191 194 171 192 169 215 192 216 193 194 171 215 192 196 173 194 171 216 193 217 194 196 173 216 193 198 175 196 173 217 194 218 195 198 175 217 194 200 177 198 175 218 195 219 196 200 177 218 195 202 179 200 177 219 196 220 197 202 179 219 196 204 181 202 179 220 197 221 198 204 181 220 197 174 151 204 181 221 198 206 183 174 151 221 198 176 153 174 151 206 183 223 200 189 166 222 199 187 164 189 166 223 200 224 201 187 164 223 200 185 162 187 164 224 201 225 202 185 162 224 201 183 160 185 162 225 202 226 203 183 160 225 202 181 158 183 160 226 203 227 204 181 158 226 203 179 156 181 158 227 204 228 205 179 156 227 204 177 154 179 156 228 205 229 206 177 154 228 205 175 152 177 154 229 206 230 207 175 152 229 206 205 182 175 152 230 207 231 208 205 182 230 207 203 180 205 182 231 208 232 209 203 180 231 208 201 178 203 180 232 209 233 210 201 178 232 209 199 176 201 178 233 210 234 211 199 176 233 210 197 174 199 176 234 211 235 212 197 174 234 211 195 172 197 174 235 212 236 213 195 172 235 212 193 170 195 172 236 213 237 214 193 170 236 213 191 168 193 170 237 214 222 199 191 168 237 214 189 166 191 168 222 199 101 78 221 198 100 77 206 183 221 198 101 78 238 215 206 183 101 78 207 184 206 183 238 215 239 216 207 184 238 215 208 185 207 184 239 216 240 217 208 185 239 216 241 218 208 185 240 217 242 219 241 218 240 217 243 220 241 218 242 219 244 221 243 220 242 219 124 101 243 220 244 221 245 222 124 101 244 221 122 99 124 101 245 222 246 223 122 99 245 222 247 224 122 99 246 223 248 225 247 224 246 223 249 226 247 224 248 225 250 227 249 226 248 225 251 228 249 226 250 227 254 231 253 230 252 229 255 232 253 230 254 231 256 233 255 232 254 231 257 234 255 232 256 233 258 235 257 234 256 233 259 236 257 234 258 235 105 82 259 236 258 235 260 237 259 236 105 82 106 83 260 237 105 82 261 238 260 237 106 83 120 97 261 238 106 83 262 239 261 238 120 97 263 240 262 239 120 97 264 241 262 239 263 240 249 226 264 241 263 240 251 228 264 241 249 226 266 243 136 113 265 242 134 111 136 113 266 243 267 244 134 111 266 243 132 109 134 111 267 244 268 245 132 109 267 244 130 107 132 109 268 245 241 218 130 107 268 245 128 105 130 107 241 218 243 220 128 105 241 218 126 103 128 105 243 220 124 101 126 103 243 220 118 95 269 246 117 94 265 242 269 246 118 95 212 189 265 242 118 95 266 243 265 242 212 189 211 188 266 243 212 189 267 244 266 243 211 188 210 187 267 244 211 188 268 245 267 244 210 187 209 186 268 245 210 187 241 218 268 245 209 186 208 185 241 218 209 186 272 249 271 248 270 247 273 250 271 248 272 249 274 251 273 250 272 249 275 252 273 250 274 251 238 215 275 252 274 251 276 253 275 252 238 215 101 78 276 253 238 215 102 79 276 253 101 78 273 250 277 254 271 248 278 255 277 254 273 250 275 252 278 255 273 250 279 256 278 255 275 252 276 253 279 256 275 252 280 257 279 256 276 253 102 79 280 257 276 253 103 80 280 257 102 79 278 255 281 258 277 254 282 259 281 258 278 255 279 256 282 259 278 255 283 260 282 259 279 256 280 257 283 260 279 256 284 261 283 260 280 257 103 80 284 261 280 257 104 81 284 261 103 80 282 259 252 229 281 258 254 231 252 229 282 259 283 260 254 231 282 259 256 233 254 231 283 260 284 261 256 233 283 260 258 235 256 233 284 261 104 81 258 235 284 261 105 82 258 235 104 81 255 232 285 262 253 230 286 263 285 262 255 232 257 234 286 263 255 232 287 264 286 263 257 234 259 236 287 264 257 234 260 237 287 264 259 236 248 225 288 265 250 227 289 266 288 265 248 225 246 223 289 266 248 225 290 267 289 266 246 223 245 222 290 267 246 223 244 221 290 267 245 222 286 263 291 268 285 262 292 269 291 268 286 263 287 264 292 269 286 263 293 270 292 269 287 264 260 237 293 270 287 264 261 238 293 270 260 237 289 266 294 271 288 265 295 272 294 271 289 266 290 267 295 272 289 266 296 273 295 272 290 267 244 221 296 273 290 267 242 219 296 273 244 221 295 272 297 274 294 271 298 275 297 274 295 272 296 273 298 275 295 272 299 276 298 275 296 273 242 219 299 276 296 273 240 217 299 276 242 219 298 275 300 277 297 274 301 278 300 277 298 275 299 276 301 278 298 275 302 279 301 278 299 276 240 217 302 279 299 276 239 216 302 279 240 217 301 278 270 247 300 277 272 249 270 247 301 278 302 279 272 249 301 278 274 251 272 249 302 279 239 216 274 251 302 279 238 215 274 251 239 216 214 191 96 73 215 192 119 96 96 73 214 191 213 190 119 96 214 191 118 95 119 96 213 190 212 189 118 95 213 190 262 239 293 270 261 238 303 280 293 270 262 239 264 241 303 280 262 239 304 281 303 280 264 241 251 228 304 281 264 241 305 282 150 127 152 129 306 283 150 127 305 282 111 88 306 283 305 282 112 89 306 283 111 88 306 283 148 125 150 127 307 284 148 125 306 283 112 89 307 284 306 283 113 90 307 284 112 89 307 284 146 123 148 125 308 285 146 123 307 284 113 90 308 285 307 284 114 91 308 285 113 90 308 285 144 121 146 123 309 286 144 121 308 285 114 91 309 286 308 285 115 92 309 286 114 91 309 286 142 119 144 121 310 287 142 119 309 286 115 92 310 287 309 286 116 93 310 287 115 92 310 287 140 117 142 119 269 246 140 117 310 287 116 93 269 246 310 287 117 94 269 246 116 93 123 100 156 133 125 102 311 288 156 133 123 100 108 85 311 288 123 100 109 86 311 288 108 85 311 288 154 131 156 133 312 289 154 131 311 288 109 86 312 289 311 288 110 87 312 289 109 86 312 289 152 129 154 131 305 282 152 129 312 289 110 87 305 282 312 289 111 88 305 282 110 87 313 290 47 47 1 1 45 45 47 47 313 290 43 43 45 45 313 290 313 290 41 41 43 43 39 39 41 41 313 290 37 37 39 39 313 290 313 290 35 35 37 37 33 33 35 35 313 290 31 31 33 33 313 290 265 242 140 117 269 246 138 115 140 117 265 242 136 113 138 115 265 242 247 224 121 98 122 99 263 240 121 98 247 224 249 226 263 240 247 224 313 290 17 17 19 19 15 15 17 17 313 290 13 13 15 15 313 290 313 290 5 5 7 7 3 3 5 5 313 290 1 1 3 3 313 290 303 280 292 269 293 270 314 291 292 269 303 280 304 281 314 291 303 280 313 290 11 11 13 13 9 9 11 11 313 290 7 7 9 9 313 290 313 290 23 23 25 25 21 21 23 23 313 290 19 19 21 21 313 290 313 290 29 29 31 31 27 27 29 29 313 290 25 25 27 27 313 290 220 197 100 77 221 198 219 196 100 77 220 197 219 196 99 76 100 77 218 195 99 76 219 196 217 194 97 74 98 75 216 193 97 74 217 194 216 193 96 73 97 74 215 192 96 73 216 193 218 195 98 75 99 76 217 194 98 75 218 195 263 240 120 97 121 98 292 269 314 291 291 268</p>
                </polylist>
            </mesh>
        </geometry>
        <geometry id="mesh7_VC">
            <mesh>
                <source id="points7_VC">
                    <float_array id="pointarray7_VC" count="945">668.75 -84.9375 -386.125 735.875 -85.4375 -197.1875 745.9375 -84.9375 -199.8125 761.875 -85.4375 0 772.25 -84.9375 0 735.875 -85.4375 197.1875 745.9375 -84.9375 199.8125 659.8125 -85.4375 380.9375 668.75 -84.9375 386.125 538.6875 -85.4375 538.6875 546.0625 -84.9375 546.0625 380.9375 -85.4375 659.8125 386.125 -84.9375 668.75 197.1875 -85.4375 735.875 199.8125 -84.9375 745.9375 0 -85.4375 761.875 0 -84.9375 772.25 -197.1875 -85.4375 735.875 -199.8125 -84.9375 745.9375 -380.9375 -85.4375 659.8125 -386.125 -84.9375 668.75 -538.6875 -85.4375 538.6875 -546.0625 -84.9375 546.0625 -659.8125 -85.4375 380.9375 -668.75 -84.9375 386.125 -735.875 -85.4375 197.1875 -745.9375 -84.9375 199.8125 -761.875 -85.4375 0 -772.25 -84.9375 0 -735.875 -85.4375 -197.1875 -745.9375 -84.9375 -199.8125 -659.8125 -85.4375 -380.9375 -668.75 -84.9375 -386.125 -538.6875 -85.4375 -538.6875 -546.0625 -84.9375 -546.0625 -380.9375 -85.4375 -659.8125 -386.125 -84.9375 -668.75 -197.1875 -85.4375 -735.875 -199.8125 -84.9375 -745.9375 0 -85.4375 -761.875 0 -84.9375 -772.25 197.1875 -85.4375 -735.875 199.8125 -84.9375 -745.9375 380.9375 -85.4375 -659.8125 386.125 -84.9375 -668.75 538.6875 -85.4375 -538.6875 546.0625 -84.9375 -546.0625 659.8125 -85.4375 -380.9375 -659.8125 72.8125 380.9375 -529 85.4375 529 -538.6875 72.8125 538.6875 -374 85.4375 647.875 -380.9375 72.8125 659.8125 -193.625 85.4375 722.625 -197.1875 72.8125 735.9375 0 85.4375 748.0625 0 72.8125 761.875 193.625 85.4375 722.625 197.1875 72.8125 735.9375 374 85.4375 647.875 380.9375 72.8125 659.8125 529 85.4375 529 538.6875 72.8125 538.6875 647.875 85.4375 374 659.8125 72.8125 380.9375 722.625 85.4375 193.625 735.9375 72.8125 197.1875 748.0625 85.4375 0 761.875 72.8125 0 722.625 85.4375 -193.625 735.9375 72.8125 -197.1875 647.875 85.4375 -374 659.8125 72.8125 -380.9375 529 85.4375 -529 538.6875 72.8125 -538.6875 374 85.4375 -647.875 380.9375 72.8125 -659.8125 193.625 85.4375 -722.625 197.1875 72.8125 -735.9375 0 85.4375 -748.0625 0 72.8125 -761.875 -193.625 85.4375 -722.625 -197.1875 72.8125 -735.9375 -374 85.4375 -647.875 -380.9375 72.8125 -659.8125 -529 85.4375 -529 -538.6875 72.8125 -538.6875 -647.875 85.4375 -374 -659.8125 72.8125 -380.9375 -722.625 85.4375 -193.625 -735.9375 72.8125 -197.1875 -748.0625 85.4375 0 -761.875 72.8125 0 -722.625 85.4375 193.625 -735.9375 72.8125 197.1875 -647.875 85.4375 374 705.4375 85.4375 -188.5625 632.4375 85.4375 -364.3125 516.375 85.4375 -515.25 365.125 85.4375 -631.0625 189 85.4375 -703.875 0 85.4375 -728.6875 -189 85.4375 -703.875 -365.125 85.4375 -631.0625 -516.375 85.4375 -515.25 -632.4375 85.4375 -364.3125 -705.4375 85.4375 -188.5625 -730.3125 85.4375 0 -705.4375 85.4375 188.5625 -632.4375 85.4375 364.3125 -516.375 85.4375 515.25 -365.125 85.4375 631.0625 -189 85.4375 703.875 0 85.4375 728.6875 189 85.4375 703.875 365.125 85.4375 631.0625 516.375 85.4375 515.25 632.4375 85.4375 364.3125 705.4375 85.4375 188.5625 730.3125 85.4375 0 -483.8125 85.4375 -33.625 -425.5625 85.4375 4.625 -341.9375 85.4375 24.6875 -284.375 85.5625 239.5 -265.875 85.5625 205.875 -267.9375 85.5625 241.625 -258.125 85.5625 223.875 -249.4375 85.5625 244.0625 -199.5 85.5625 155.6875 -194.4375 85.5625 168.1875 -114.625 85.5625 103.125 -114.5625 85.5625 119.0625 -17.0625 85.5625 91.625 -21.9375 85.5625 104.25 73 85.5625 113.1875 69.3125 85.5625 125.875 147.75 85.5625 171.0625 145.375 85.5625 180.75 203.6875 85.5625 251.125 194.625 85.5625 260.4375 219.9375 85.5625 354.375 209.5 85.5625 352.9375 194.5 85.5625 446.625 187.8125 85.5625 444 140.375 85.5625 525.75 132.8125 85.5625 519.875 58.125 85.5625 578.4375 52.9375 85.5625 569 -39.9375 85.5625 592.0625 -39.625 85.5625 583.8125 -138.125 85.5625 573.3125 -130.9375 85.5625 562.1875 -221.375 85.5625 517 -207 85.5625 507.3125 -277.6875 85.5625 434.1875 -256.1875 85.5625 427.5625 -289.6875 85.5625 336.4375 -271.125 85.5625 335.125 198.1875 76.6875 352.5 177.5 76.6875 439.3125 125.125 76.6875 511.625 49 76.6875 558.375 -39.1875 76.6875 572.5625 -126.1875 76.6875 551.9375 -198.6875 76.6875 499.625 -245.5625 76.6875 423.6875 -259.8125 76.6875 335.5625 -239.125 76.6875 248.75 -186.75 76.6875 176.4375 -110.625 76.6875 129.6875 -22.3125 76.6875 115.5 64.625 76.6875 136.125 137.0625 76.6875 188.4375 184 76.6875 264.375 -58.8125 87.375 -375.875 -71.75 87.375 -258.6875 -88.0625 87.375 -254.375 -50.3125 87.375 -151.125 -65.0625 87.375 -139 10.6875 87.375 -60 4 87.375 -40.4375 102.0625 87.375 0.875 98.1875 87.375 16.25 209.8125 87.375 22.25 206.875 87.375 36.75 317.5625 87.375 0.875 322.875 87.375 13.8125 408.9375 87.375 -60 423.375 87.375 -55.3125 470 87.375 -151.125 484.9375 87.375 -151.25 491.4375 87.375 -258.6875 504.625 87.375 -255.625 470 87.375 -366.1875 485.75 87.375 -368.3125 408.9375 87.375 -457.375 421.0625 87.375 -465.9375 317.5625 87.375 -518.25 323.625 87.375 -532.625 209.8125 87.375 -539.6875 208.6875 87.375 -554.0625 102.0625 87.375 -518.25 105.6875 87.375 -536.8125 10.6875 87.375 -457.375 6.625 87.375 -475.5625 -50.3125 87.375 -366.1875 -67.8125 87.375 -386.0625 -105.1875 87.375 -249.875 -80.5625 87.375 -126.1875 -3 87.375 -19.8125 94.1875 87.375 32.375 203.75 87.375 52 328.5 87.375 27.5 438.5625 87.375 -50.4375 500.75 87.375 -151.375 518.5625 87.375 -252.4375 502.375 87.375 -370.5 433.75 87.375 -474.9375 330.0625 87.375 -547.6875 207.5 87.375 -569.25 109.5 87.375 -556.3125 2.375 87.375 -494.6875 455.8125 75.125 -157 398.0625 75.125 -70.8125 311.6875 75.125 -13.25 209.8125 75.125 6.9375 107.9375 75.125 -13.25 21.5625 75.125 -70.8125 -36.125 75.125 -157 -56.375 75.125 -258.6875 -36.125 75.125 -360.3125 21.5625 75.125 -446.5 107.9375 75.125 -504.125 209.8125 75.125 -524.3125 311.6875 75.125 -504.125 398.0625 75.125 -446.5 455.8125 75.125 -360.3125 476.0625 75.125 -258.6875 -234.375 85.4375 -256.3125 -194.8125 85.4375 -202.375 -186.5 85.4375 -144.3125 -114.6875 85.5625 88.9375 -207.1875 85.4375 -66.9375 -204 85.5625 144.625 -241.8125 85.4375 -17.5 -290.75 85.4375 14.625 -294 85.4375 5.5 -347.3125 85.4375 16.0625 -298 85.4375 -5.625 -353.9375 85.4375 5.375 -353.9375 77.375 -1.6875 -407.0625 77.375 -12.25 -407.0625 77.375 -268.3125 -452.125 77.375 -238.25 -457.1875 85.4375 -243.3125 -488.875 85.4375 -196.0625 -467.3125 85.4375 -250.3125 -496.6875 85.4375 -205.1875 -475.4375 85.4375 -255.9375 -502.9375 85.4375 -212.5625 -520.1875 85.4375 -145 -514.375 85.4375 -96.75 -471.9375 85.4375 -35.1875 -418.5 85.4375 0 -409.8125 85.4375 -5.625 211.75 85.5625 242.75 149.8125 85.5625 162.4375 76.25 85.5625 101.875 -12.75 85.5625 80.375 229.25 85.5625 355.75 -225.625 77.375 -193.3125 -255.6875 77.375 -238.25 -250.625 85.4375 -243.3125 -298 85.4375 -274.9375 -241.625 85.4375 -250.5 -295.0625 85.4375 -286.625 -292.625 85.4375 -296.125 -300.75 77.375 -268.3125 -353.9375 85.4375 -286 -354.375 85.4375 -299.5625 -354.75 85.4375 -310.5625 -353.9375 77.375 -278.875 -409.8125 85.4375 -274.9375 -415.75 85.4375 -288.3125 -420.5625 85.4375 -299.1875 -482.25 77.375 -193.3125 -500 85.4375 -140.25 -511.125 85.4375 -142.875 -300.75 77.375 -12.25 -250.625 85.4375 -37.25 -245.75 85.4375 -26.3125 -492.8125 77.375 -140.25 -488.875 85.4375 -84.5 -503 85.4375 -91.3125 -255.6875 77.375 -42.3125 -219 85.4375 -84.5 -212.4375 85.4375 -74.8125 -225.625 77.375 -87.25 -207.875 85.4375 -140.25 -196.0625 85.4375 -142.5 -215.0625 77.375 -140.25 -219 85.4375 -196.0625 -205.625 85.4375 -199.5625 -457.1875 85.4375 -37.25 -452.125 77.375 -42.3125 -234.1875 85.5625 525.5625 -144.5 85.5625 583.25 -40.1875 85.5625 599.3125 62.75 85.5625 586.875 147.0625 85.5625 531 200.4375 85.5625 448.9375 -306.25 85.5625 337.5625 -296.875 85.5625 440.0625 0 -90.1875 0 -482.25 77.375 -87.25</float_array>
                    <technique_common>
                        <accessor count="315" source="#pointarray7_VC" stride="3">
                            <param name="X" type="float"/>
                            <param name="Y" type="float"/>
                            <param name="Z" type="float"/>
                        </accessor>
                    </technique_common>
                </source>
                <source id="uvs7_VC">
                    <float_array id="uvarray7_VC" count="1166">0.28564453125 0.6653645833333333 0.28857421875 0.5013020833333333 0.28564453125 0.5013020833333333 0.31298828125 0.5013020833333333 0.31591796875 0.5013020833333333 0.31298828125 0.6653645833333333 0.31689453125 0.5013020833333333 0.31982421875 0.5013020833333333 0.31689453125 0.6653645833333333 0.32080078125 0.5013020833333333 0.32373046875 0.5013020833333333 0.32080078125 0.6653645833333333 0.32763671875 0.5013020833333333 0.32470703125 0.5013020833333333 0.32470703125 0.6653645833333333 0.32861328125 0.5013020833333333 0.33154296875 0.5013020833333333 0.32861328125 0.6653645833333333 0.33544921875 0.5013020833333333 0.33251953125 0.5013020833333333 0.33251953125 0.6653645833333333 0.33642578125 0.5013020833333333 0.33935546875 0.5013020833333333 0.33642578125 0.6653645833333333 0.34033203125 0.5013020833333333 0.34326171875 0.5013020833333333 0.34033203125 0.6653645833333333 0.34423828125 0.5013020833333333 0.34716796875 0.5013020833333333 0.34423828125 0.6653645833333333 0.35107421875 0.5013020833333333 0.34814453125 0.5013020833333333 0.34814453125 0.6653645833333333 0.35498046875 0.5013020833333333 0.35205078125 0.5013020833333333 0.35205078125 0.6653645833333333 0.35595703125 0.5013020833333333 0.35595703125 0.6653645833333333 0.35888671875 0.5013020833333333 0.35986328125 0.5013020833333333 0.36279296875 0.5013020833333333 0.35986328125 0.6653645833333333 0.36669921875 0.5013020833333333 0.36376953125 0.6653645833333333 0.36376953125 0.5013020833333333 0.37060546875 0.5013020833333333 0.36767578125 0.5013020833333333 0.36767578125 0.6653645833333333 0.37158203125 0.5013020833333333 0.37451171875 0.5013020833333333 0.37158203125 0.6653645833333333 0.25048828125 0.33463541666666663 0.25048828125 0.49869791666666663 0.25341796875 0.33463541666666663 0.25732421875 0.33463541666666663 0.25439453125 0.33463541666666663 0.25439453125 0.49869791666666663 0.26123046875 0.33463541666666663 0.25830078125 0.33463541666666663 0.25830078125 0.49869791666666663 0.26220703125 0.33463541666666663 0.26513671875 0.33463541666666663 0.26220703125 0.49869791666666663 0.26611328125 0.33463541666666663 0.26904296875 0.33463541666666663 0.26611328125 0.49869791666666663 0.27294921875 0.33463541666666663 0.27001953125 0.49869791666666663 0.27001953125 0.33463541666666663 0.27392578125 0.33463541666666663 0.27685546875 0.33463541666666663 0.27392578125 0.49869791666666663 0.27783203125 0.33463541666666663 0.27783203125 0.49869791666666663 0.28076171875 0.33463541666666663 0.28466796875 0.33463541666666663 0.28173828125 0.33463541666666663 0.28173828125 0.49869791666666663 0.28857421875 0.33463541666666663 0.28564453125 0.49869791666666663 0.28564453125 0.33463541666666663 0.28955078125 0.33463541666666663 0.29248046875 0.33463541666666663 0.28955078125 0.49869791666666663 0.29345703125 0.33463541666666663 0.29345703125 0.49869791666666663 0.29638671875 0.33463541666666663 0.30029296875 0.33463541666666663 0.29736328125 0.49869791666666663 0.29736328125 0.33463541666666663 0.30126953125 0.33463541666666663 0.30126953125 0.49869791666666663 0.30419921875 0.33463541666666663 0.30517578125 0.33463541666666663 0.30810546875 0.33463541666666663 0.30517578125 0.49869791666666663 0.31201171875 0.33463541666666663 0.30908203125 0.49869791666666663 0.30908203125 0.33463541666666663 0.31591796875 0.33463541666666663 0.31298828125 0.49869791666666663 0.31298828125 0.33463541666666663 0.31689453125 0.33463541666666663 0.31982421875 0.33463541666666663 0.31689453125 0.49869791666666663 0.91748046875 0.41796875 0.91455078125 0.49869791666666663 0.91455078125 0.41796875 0.92138671875 0.41796875 0.91845703125 0.49869791666666663 0.91845703125 0.41796875 0.92529296875 0.41796875 0.92236328125 0.41796875 0.92236328125 0.49869791666666663 0.92626953125 0.41796875 0.92626953125 0.49869791666666663 0.92919921875 0.41796875 0.93017578125 0.41796875 0.93310546875 0.41796875 0.93017578125 0.49869791666666663 0.93408203125 0.41796875 0.93701171875 0.41796875 0.93408203125 0.49869791666666663 0.93798828125 0.41796875 0.93798828125 0.49869791666666663 0.94091796875 0.41796875 0.94482421875 0.41796875 0.94189453125 0.49869791666666663 0.94189453125 0.41796875 0.94873046875 0.41796875 0.94580078125 0.49869791666666663 0.94580078125 0.41796875 0.95263671875 0.41796875 0.94970703125 0.49869791666666663 0.94970703125 0.41796875 0.95361328125 0.41796875 0.95361328125 0.49869791666666663 0.95654296875 0.41796875 0.95751953125 0.41796875 0.96044921875 0.41796875 0.95751953125 0.49869791666666663 0.96435546875 0.41796875 0.96142578125 0.49869791666666663 0.96142578125 0.41796875 0.96826171875 0.41796875 0.96533203125 0.49869791666666663 0.96533203125 0.41796875 0.97216796875 0.41796875 0.96923828125 0.49869791666666663 0.96923828125 0.41796875 0.97314453125 0.41796875 0.97314453125 0.49869791666666663 0.97607421875 0.41796875 0.97998046875 0.41796875 0.97705078125 0.41796875 0.97705078125 0.49869791666666663 0.98095703125 0.49869791666666663 0.98388671875 0.41796875 0.98095703125 0.41796875 0.32373046875 0.33463541666666663 0.98486328125 0.49869791666666663 0.98486328125 0.41796875 0.98779296875 0.41796875 0.99169921875 0.41796875 0.98876953125 0.49869791666666663 0.98876953125 0.41796875 0.99560546875 0.41796875 0.99267578125 0.41796875 0.99267578125 0.49869791666666663 0.99658203125 0.41796875 0.99658203125 0.49869791666666663 0.99951171875 0.41796875 0.87841796875 0.33463541666666663 0.87548828125 0.33463541666666663 0.87548828125 0.41536458333333337 0.88232421875 0.33463541666666663 0.87939453125 0.41536458333333337 0.87939453125 0.33463541666666663 0.88623046875 0.33463541666666663 0.88330078125 0.33463541666666663 0.88330078125 0.41536458333333337 0.88720703125 0.33463541666666663 0.88720703125 0.41536458333333337 0.89013671875 0.33463541666666663 0.89111328125 0.33463541666666663 0.89404296875 0.33463541666666663 0.89111328125 0.41536458333333337 0.89794921875 0.33463541666666663 0.89501953125 0.41536458333333337 0.89501953125 0.33463541666666663 0.90185546875 0.33463541666666663 0.89892578125 0.33463541666666663 0.89892578125 0.41536458333333337 0.90283203125 0.33463541666666663 0.90576171875 0.33463541666666663 0.90283203125 0.41536458333333337 0.90673828125 0.33463541666666663 0.90673828125 0.41536458333333337 0.90966796875 0.33463541666666663 0.91064453125 0.33463541666666663 0.91357421875 0.33463541666666663 0.91064453125 0.41536458333333337 0.91455078125 0.33463541666666663 0.91748046875 0.33463541666666663 0.91455078125 0.41536458333333337 0.92138671875 0.33463541666666663 0.91845703125 0.41536458333333337 0.91845703125 0.33463541666666663 0.92529296875 0.33463541666666663 0.92236328125 0.33463541666666663 0.92236328125 0.41536458333333337 0.92919921875 0.33463541666666663 0.92626953125 0.41536458333333337 0.92626953125 0.33463541666666663 0.93017578125 0.33463541666666663 0.93310546875 0.33463541666666663 0.93017578125 0.41536458333333337 0.93408203125 0.33463541666666663 0.93408203125 0.41536458333333337 0.93701171875 0.33463541666666663 0.94091796875 0.33463541666666663 0.93798828125 0.33463541666666663 0.93798828125 0.41536458333333337 0.94482421875 0.33463541666666663 0.94189453125 0.41536458333333337 0.94189453125 0.33463541666666663 0.94873046875 0.33463541666666663 0.94580078125 0.41536458333333337 0.94580078125 0.33463541666666663 0.95263671875 0.33463541666666663 0.94970703125 0.33463541666666663 0.94970703125 0.41536458333333337 0.95654296875 0.33463541666666663 0.95361328125 0.41536458333333337 0.95361328125 0.33463541666666663 0.95751953125 0.33463541666666663 0.95751953125 0.41536458333333337 0.96044921875 0.33463541666666663 0.96142578125 0.33463541666666663 0.96435546875 0.33463541666666663 0.96142578125 0.41536458333333337 0.96533203125 0.33463541666666663 0.96533203125 0.41536458333333337 0.96826171875 0.33463541666666663 0.97216796875 0.33463541666666663 0.96923828125 0.41536458333333337 0.96923828125 0.33463541666666663 0.97314453125 0.33463541666666663 0.97607421875 0.33463541666666663 0.97314453125 0.41536458333333337 0.97705078125 0.33463541666666663 0.97705078125 0.41536458333333337 0.97998046875 0.33463541666666663 0.98388671875 0.33463541666666663 0.98095703125 0.33463541666666663 0.98095703125 0.41536458333333337 0.98779296875 0.33463541666666663 0.98486328125 0.41536458333333337 0.98486328125 0.33463541666666663 0.98876953125 0.33463541666666663 0.98876953125 0.41536458333333337 0.99169921875 0.33463541666666663 0.99267578125 0.33463541666666663 0.99560546875 0.33463541666666663 0.99267578125 0.41536458333333337 0.99951171875 0.33463541666666663 0.99658203125 0.41536458333333337 0.99658203125 0.33463541666666663 0.00341796875 0.25130208333333337 0.00048828125 0.25130208333333337 0.00048828125 0.33203125 0.00439453125 0.25130208333333337 0.00732421875 0.25130208333333337 0.00439453125 0.33203125 0.00830078125 0.25130208333333337 0.00830078125 0.33203125 0.01123046875 0.25130208333333337 0.01513671875 0.25130208333333337 0.01220703125 0.25130208333333337 0.01220703125 0.33203125 0.01904296875 0.25130208333333337 0.01611328125 0.33203125 0.01611328125 0.25130208333333337 0.02001953125 0.33203125 0.02294921875 0.25130208333333337 0.02001953125 0.25130208333333337 0.02685546875 0.25130208333333337 0.02392578125 0.25130208333333337 0.02392578125 0.33203125 0.03076171875 0.25130208333333337 0.02783203125 0.33203125 0.02783203125 0.25130208333333337 0.03173828125 0.25130208333333337 0.03466796875 0.25130208333333337 0.03173828125 0.33203125 0.03857421875 0.25130208333333337 0.03564453125 0.25130208333333337 0.03564453125 0.33203125 0.03955078125 0.25130208333333337 0.04248046875 0.25130208333333337 0.03955078125 0.33203125 0.04638671875 0.25130208333333337 0.04345703125 0.25130208333333337 0.04345703125 0.33203125 0.04736328125 0.25130208333333337 0.05029296875 0.25130208333333337 0.04736328125 0.33203125 0.33544921875 0.33463541666666663 0.33251953125 0.33463541666666663 0.05419921875 0.25130208333333337 0.05126953125 0.33203125 0.05126953125 0.25130208333333337 0.77001953125 0.9986979166666666 0.05810546875 0.25130208333333337 0.05517578125 0.33203125 0.05517578125 0.25130208333333337 0.05908203125 0.25130208333333337 0.06201171875 0.25130208333333337 0.05908203125 0.33203125 0.06298828125 0.25130208333333337 0.06298828125 0.33203125 0.06591796875 0.25130208333333337 0.06982421875 0.25130208333333337 0.06689453125 0.33203125 0.06689453125 0.25130208333333337 0.07373046875 0.25130208333333337 0.07080078125 0.25130208333333337 0.07080078125 0.33203125 0.07470703125 0.25130208333333337 0.07470703125 0.33203125 0.07763671875 0.25130208333333337 0.07861328125 0.25130208333333337 0.08154296875 0.25130208333333337 0.07861328125 0.33203125 0.08251953125 0.25130208333333337 0.08251953125 0.33203125 0.08544921875 0.25130208333333337 0.08935546875 0.25130208333333337 0.08642578125 0.25130208333333337 0.08642578125 0.33203125 0.09033203125 0.25130208333333337 0.09033203125 0.33203125 0.09326171875 0.25130208333333337 0.09423828125 0.25130208333333337 0.09716796875 0.25130208333333337 0.09423828125 0.33203125 0.09814453125 0.25130208333333337 0.10107421875 0.25130208333333337 0.09814453125 0.33203125 0.10205078125 0.25130208333333337 0.10205078125 0.33203125 0.10498046875 0.25130208333333337 0.10595703125 0.25130208333333337 0.10888671875 0.25130208333333337 0.10595703125 0.33203125 0.11279296875 0.25130208333333337 0.10986328125 0.33203125 0.10986328125 0.25130208333333337 0.11669921875 0.25130208333333337 0.11376953125 0.25130208333333337 0.11376953125 0.33203125 0.11767578125 0.25130208333333337 0.11767578125 0.33203125 0.12060546875 0.25130208333333337 0.12158203125 0.25130208333333337 0.12451171875 0.25130208333333337 0.12158203125 0.33203125 0.00341796875 0.16796875 0.00048828125 0.16796875 0.00048828125 0.24869791666666663 0.00439453125 0.16796875 0.00439453125 0.24869791666666663 0.00732421875 0.16796875 0.00830078125 0.16796875 0.01123046875 0.16796875 0.00830078125 0.24869791666666663 0.01513671875 0.16796875 0.01220703125 0.24869791666666663 0.01220703125 0.16796875 0.01611328125 0.16796875 0.01611328125 0.24869791666666663 0.01904296875 0.16796875 0.02294921875 0.16796875 0.02001953125 0.16796875 0.02001953125 0.24869791666666663 0.33154296875 0.33463541666666663 0.32861328125 0.33463541666666663 0.32080078125 0.33463541666666663 0.32080078125 0.49869791666666663 0.02685546875 0.16796875 0.02392578125 0.24869791666666663 0.02392578125 0.16796875 0.02783203125 0.24869791666666663 0.02783203125 0.16796875 0.03076171875 0.16796875 0.03173828125 0.16796875 0.03173828125 0.24869791666666663 0.03466796875 0.16796875 0.32470703125 0.49869791666666663 0.32763671875 0.33463541666666663 0.32470703125 0.33463541666666663 0.32861328125 0.49869791666666663 0.03564453125 0.16796875 0.03857421875 0.16796875 0.03564453125 0.24869791666666663 0.33251953125 0.49869791666666663 0.33935546875 0.33463541666666663 0.33642578125 0.33463541666666663 0.33642578125 0.49869791666666663 0.03955078125 0.24869791666666663 0.04248046875 0.16796875 0.03955078125 0.16796875 0.04345703125 0.24869791666666663 0.04638671875 0.16796875 0.04345703125 0.16796875 0.04736328125 0.16796875 0.04736328125 0.24869791666666663 0.05029296875 0.16796875 0.05126953125 0.24869791666666663 0.05126953125 0.16796875 0.05419921875 0.16796875 0.05810546875 0.16796875 0.05517578125 0.16796875 0.05517578125 0.24869791666666663 0.06201171875 0.16796875 0.05908203125 0.16796875 0.05908203125 0.24869791666666663 0.06298828125 0.16796875 0.06298828125 0.24869791666666663 0.06591796875 0.16796875 0.06689453125 0.16796875 0.06982421875 0.16796875 0.06689453125 0.24869791666666663 0.07373046875 0.16796875 0.07080078125 0.24869791666666663 0.07080078125 0.16796875 0.07763671875 0.16796875 0.07470703125 0.24869791666666663 0.07470703125 0.16796875 0.07861328125 0.16796875 0.07861328125 0.24869791666666663 0.08154296875 0.16796875 0.08251953125 0.24869791666666663 0.08544921875 0.16796875 0.08251953125 0.16796875 0.08935546875 0.16796875 0.08642578125 0.24869791666666663 0.08642578125 0.16796875 0.34033203125 0.49869791666666663 0.34033203125 0.33463541666666663 0.34326171875 0.33463541666666663 0.09033203125 0.24869791666666663 0.09326171875 0.16796875 0.09033203125 0.16796875 0.09423828125 0.24869791666666663 0.09716796875 0.16796875 0.09423828125 0.16796875 0.09814453125 0.16796875 0.09814453125 0.24869791666666663 0.10107421875 0.16796875 0.34423828125 0.49869791666666663 0.34716796875 0.33463541666666663 0.34423828125 0.33463541666666663 0.10498046875 0.16796875 0.10205078125 0.24869791666666663 0.10205078125 0.16796875 0.34814453125 0.49869791666666663 0.34814453125 0.33463541666666663 0.35107421875 0.33463541666666663 0.35205078125 0.33463541666666663 0.35205078125 0.49869791666666663 0.35498046875 0.33463541666666663 0.10595703125 0.16796875 0.10595703125 0.24869791666666663 0.10888671875 0.16796875 0.35595703125 0.49869791666666663 0.35888671875 0.33463541666666663 0.35595703125 0.33463541666666663 0.35986328125 0.33463541666666663 0.35986328125 0.49869791666666663 0.36279296875 0.33463541666666663 0.10986328125 0.24869791666666663 0.11279296875 0.16796875 0.10986328125 0.16796875 0.11669921875 0.16796875 0.11376953125 0.24869791666666663 0.11376953125 0.16796875 0.36376953125 0.49869791666666663 0.36376953125 0.33463541666666663 0.36669921875 0.33463541666666663 0.37060546875 0.33463541666666663 0.36767578125 0.49869791666666663 0.36767578125 0.33463541666666663 0.11767578125 0.16796875 0.11767578125 0.24869791666666663 0.12060546875 0.16796875 0.12158203125 0.24869791666666663 0.12158203125 0.16796875 0.12451171875 0.16796875 0.00048828125 0.08463541666666663 0.00048828125 0.16536458333333337 0.00341796875 0.08463541666666663 0.37158203125 0.49869791666666663 0.37451171875 0.33463541666666663 0.37158203125 0.33463541666666663 0.00439453125 0.16536458333333337 0.00732421875 0.08463541666666663 0.00439453125 0.08463541666666663 0.37548828125 0.6653645833333333 0.37548828125 0.5013020833333333 0.37841796875 0.5013020833333333 0.37939453125 0.5013020833333333 0.37939453125 0.6653645833333333 0.38232421875 0.5013020833333333 0.00830078125 0.16536458333333337 0.00830078125 0.08463541666666663 0.01123046875 0.08463541666666663 0.01220703125 0.08463541666666663 0.01220703125 0.16536458333333337 0.01513671875 0.08463541666666663 0.38330078125 0.6653645833333333 0.38623046875 0.5013020833333333 0.38330078125 0.5013020833333333 0.38720703125 0.6653645833333333 0.39013671875 0.5013020833333333 0.38720703125 0.5013020833333333 0.39111328125 0.5013020833333333 0.39404296875 0.5013020833333333 0.39111328125 0.6653645833333333 0.01611328125 0.16536458333333337 0.01611328125 0.08463541666666663 0.01904296875 0.08463541666666663 0.02001953125 0.08463541666666663 0.02001953125 0.16536458333333337 0.02294921875 0.08463541666666663 0.02392578125 0.16536458333333337 0.02685546875 0.08463541666666663 0.02392578125 0.08463541666666663 0.02783203125 0.16536458333333337 0.02783203125 0.08463541666666663 0.03076171875 0.08463541666666663 0.03466796875 0.08463541666666663 0.03173828125 0.08463541666666663 0.03173828125 0.16536458333333337 0.03564453125 0.08463541666666663 0.03857421875 0.08463541666666663 0.03564453125 0.16536458333333337 0.03955078125 0.16536458333333337 0.04248046875 0.08463541666666663 0.03955078125 0.08463541666666663 0.04638671875 0.08463541666666663 0.04345703125 0.16536458333333337 0.04345703125 0.08463541666666663 0.04736328125 0.08463541666666663 0.04736328125 0.16536458333333337 0.05029296875 0.08463541666666663 0.21923828125 0.12630208333333337 0.22216796875 0.12630208333333337 0.21923828125 0.14453125 0.05126953125 0.08463541666666663 0.05419921875 0.08463541666666663 0.05126953125 0.16536458333333337 0.05517578125 0.08463541666666663 0.05810546875 0.08463541666666663 0.05517578125 0.16536458333333337 0.05908203125 0.16536458333333337 0.06201171875 0.08463541666666663 0.05908203125 0.08463541666666663 0.06591796875 0.08463541666666663 0.06298828125 0.08463541666666663 0.06298828125 0.16536458333333337 0.06689453125 0.16536458333333337 0.06689453125 0.08463541666666663 0.06982421875 0.08463541666666663 0.22314453125 0.12630208333333337 0.22607421875 0.12630208333333337 0.22314453125 0.14453125 0.07080078125 0.08463541666666663 0.07373046875 0.08463541666666663 0.07080078125 0.16536458333333337 0.07470703125 0.16536458333333337 0.07470703125 0.08463541666666663 0.07763671875 0.08463541666666663</float_array>
                    <technique_common>
                        <accessor count="583" source="#uvarray7_VC" stride="2">
                            <param name="S" type="float"/>
                            <param name="T" type="float"/>
                        </accessor>
                    </technique_common>
                </source>
                <vertices id="vertices7_VC">
                    <input semantic="POSITION" source="#points7_VC"/>
                </vertices>
                <polylist count="536" material="Material1">
                    <input offset="0" semantic="VERTEX" source="#vertices7_VC"/>
                    <input offset="1" semantic="TEXCOORD" source="#uvs7_VC" set="0"/>
                    <vcount>3 3 3 3 3 3 3 3 3 3 3 3 3 3 3 3 3 3 3 3 3 3 3 3 3 3 3 3 3 3 3 3 3 3 3 3 3 3 3 3 3 3 3 3 3 3 3 3 3 3 3 3 3 3 3 3 3 3 3 3 3 3 3 3 3 3 3 3 3 3 3 3 3 3 3 3 3 3 3 3 3 3 3 3 3 3 3 3 3 3 3 3 3 3 3 3 3 3 3 3 3 3 3 3 3 3 3 3 3 3 3 3 3 3 3 3 3 3 3 3 3 3 3 3 3 3 3 3 3 3 3 3 3 3 3 3 3 3 3 3 3 3 3 3 3 3 3 3 3 3 3 3 3 3 3 3 3 3 3 3 3 3 3 3 3 3 3 3 3 3 3 3 3 3 3 3 3 3 3 3 3 3 3 3 3 3 3 3 3 3 3 3 3 3 3 3 3 3 3 3 3 3 3 3 3 3 3 3 3 3 3 3 3 3 3 3 3 3 3 3 3 3 3 3 3 3 3 3 3 3 3 3 3 3 3 3 3 3 3 3 3 3 3 3 3 3 3 3 3 3 3 3 3 3 3 3 3 3 3 3 3 3 3 3 3 3 3 3 3 3 3 3 3 3 3 3 3 3 3 3 3 3 3 3 3 3 3 3 3 3 3 3 3 3 3 3 3 3 3 3 3 3 3 3 3 3 3 3 3 3 3 3 3 3 3 3 3 3 3 3 3 3 3 3 3 3 3 3 3 3 3 3 3 3 3 3 3 3 3 3 3 3 3 3 3 3 3 3 3 3 3 3 3 3 3 3 3 3 3 3 3 3 3 3 3 3 3 3 3 3 3 3 3 3 3 3 3 3 3 3 3 3 3 3 3 3 3 3 3 3 3 3 3 3 3 3 3 3 3 3 3 3 3 3 3 3 3 3 3 3 3 3 3 3 3 3 3 3 3 3 3 3 3 3 3 3 3 3 3 3 3 3 3 3 3 3 3 3 3 3 3 3 3 3 3 3 3 3 3 3 3 3 3 3 3 3 3 3 3 3 3 3 3 3 3 3 3 3 3 3 3 3 3 3 3 3 3 3 3 3 3 3 3 3 3 3 3 3 3 3 3 3 3 3 3 3 3 3 3 3 3 3 3 3 3 3 3 3 3 3 3 3 3 3 3 3 3 3 3 3 3 3 3 3 3 3 3 3 3 3 3 3 3 3 3 3</vcount>
                    <p>2 0 1 1 0 0 3 1 1 1 2 0 4 0 3 1 2 0 5 2 3 1 4 0 6 0 5 2 4 0 7 1 5 2 6 0 8 0 7 1 6 0 9 3 7 4 8 5 10 5 9 3 8 5 11 4 9 3 10 5 12 0 11 1 10 0 13 3 11 4 12 5 14 5 13 3 12 5 15 6 13 7 14 8 16 8 15 6 14 8 17 9 15 10 16 11 18 11 17 9 16 11 19 12 17 13 18 14 20 5 19 3 18 5 21 6 19 7 20 8 22 8 21 6 20 8 23 6 21 6 22 8 24 8 23 6 22 8 25 6 23 6 24 8 26 8 25 6 24 8 27 7 25 6 26 8 28 5 27 3 26 5 29 15 27 16 28 17 30 0 29 2 28 0 31 18 29 19 30 20 32 20 31 18 30 20 33 21 31 22 32 23 34 23 33 21 32 23 35 21 33 21 34 23 36 23 35 21 34 23 37 24 35 25 36 26 38 0 37 2 36 0 39 1 37 2 38 0 40 0 39 1 38 0 41 27 39 28 40 29 42 11 41 9 40 11 43 10 41 9 42 11 44 8 43 6 42 8 45 30 43 31 44 32 46 0 45 1 44 0 47 33 45 34 46 35 0 23 47 21 46 23 1 34 47 33 0 35 50 36 49 37 48 36 51 37 49 37 50 36 52 36 51 37 50 36 53 37 51 37 52 36 54 38 53 37 52 36 55 37 53 37 54 38 56 36 55 37 54 38 57 39 55 40 56 41 58 42 57 43 56 44 59 45 57 46 58 47 60 38 59 37 58 38 61 48 59 49 60 50 62 51 61 52 60 53 63 54 61 55 62 56 64 36 63 37 62 36 65 37 63 37 64 36 66 36 65 37 64 36 67 57 65 58 66 59 68 59 67 57 66 59 69 60 67 61 68 62 70 62 69 60 68 62 71 63 69 64 70 65 72 41 71 39 70 41 73 39 71 39 72 41 74 41 73 39 72 41 75 64 73 63 74 65 76 66 75 67 74 68 77 69 75 70 76 71 78 72 77 73 76 74 79 75 77 76 78 77 80 78 79 79 78 80 81 81 79 82 80 83 82 84 81 85 80 86 83 60 81 61 82 62 84 87 83 88 82 89 85 88 83 88 84 87 86 90 85 91 84 92 87 93 85 94 86 95 88 96 87 97 86 98 89 45 87 46 88 47 90 38 89 37 88 38 91 46 89 45 90 47 92 99 91 100 90 101 93 70 91 69 92 71 94 68 93 67 92 66 95 60 93 60 94 62 48 62 95 60 94 62 49 102 95 103 48 104 69 105 96 106 67 107 97 106 96 106 69 105 71 108 97 109 69 110 98 111 97 112 71 113 73 113 98 111 71 113 99 111 98 111 73 113 75 114 99 115 73 116 100 117 99 118 75 119 77 108 100 109 75 110 101 120 100 121 77 122 79 123 101 124 77 125 102 124 101 124 79 123 81 126 102 127 79 128 103 127 102 127 81 126 83 129 103 130 81 131 104 130 103 130 83 129 85 129 104 130 83 129 105 130 104 130 85 129 87 132 105 133 85 134 106 121 105 120 87 122 89 135 106 136 87 137 107 138 106 139 89 140 91 141 107 142 89 143 108 120 107 120 91 122 93 134 108 133 91 132 109 130 108 130 93 129 95 129 109 130 93 129 110 130 109 130 95 129 49 144 110 145 95 146 111 139 110 138 49 140 51 135 111 136 49 135 112 136 111 136 51 135 53 135 112 136 51 135 113 136 112 136 53 135 55 135 113 136 53 135 114 136 113 136 55 135 57 137 114 136 55 135 115 120 114 121 57 122 59 143 115 142 57 141 116 138 115 138 59 140 61 147 116 148 59 149 117 148 116 148 61 147 63 149 117 148 61 147 118 138 117 138 63 140 65 140 118 138 63 140 119 138 118 138 65 140 67 150 119 151 65 152 96 153 119 154 67 155 107 120 120 121 106 121 121 156 120 157 107 158 108 158 121 156 107 158 122 156 121 156 108 158 123 156 122 156 108 158 124 159 122 159 123 159 125 159 124 159 123 159 126 159 124 159 125 159 127 160 126 161 125 161 128 162 126 161 127 160 129 163 128 164 127 165 130 166 128 167 129 168 131 169 130 170 129 171 132 172 130 173 131 174 133 175 132 176 131 177 134 178 132 179 133 180 135 181 134 182 133 183 136 184 134 185 135 186 137 186 136 184 135 186 138 184 136 184 137 186 139 187 138 188 137 189 140 190 138 191 139 192 141 192 140 190 139 192 142 193 140 194 141 195 143 196 142 197 141 198 144 199 142 200 143 201 145 186 144 184 143 186 146 202 144 203 145 204 147 205 146 206 145 207 148 208 146 209 147 210 149 210 148 208 147 210 150 209 148 208 149 210 151 211 150 212 149 213 152 214 150 215 151 216 153 217 152 218 151 219 154 218 152 218 153 217 155 217 154 218 153 217 156 220 154 221 155 222 157 223 156 224 155 225 125 212 156 212 157 211 127 225 125 224 157 223 159 226 141 227 158 228 143 229 141 230 159 231 160 232 143 233 159 234 145 233 143 233 160 232 161 235 145 236 160 237 147 238 145 239 161 240 162 241 147 242 161 243 149 242 147 242 162 241 163 244 149 245 162 246 151 247 149 248 163 249 164 250 151 251 163 252 153 253 151 254 164 255 165 256 153 257 164 258 155 257 153 257 165 256 166 259 155 260 165 261 157 262 155 263 166 264 167 264 157 262 166 264 127 263 157 262 167 264 168 265 127 266 167 267 129 254 127 253 168 255 169 252 129 251 168 250 131 268 129 269 169 270 170 256 131 257 169 256 133 271 131 272 170 273 171 274 133 275 170 276 135 277 133 278 171 279 172 279 135 277 171 279 137 277 135 277 172 279 173 280 137 281 172 282 139 230 137 229 173 231 158 228 139 227 173 226 141 227 139 227 158 228 176 283 175 284 174 283 177 285 175 284 176 283 178 148 177 147 176 148 179 147 177 147 178 148 180 148 179 147 178 148 181 286 179 287 180 288 182 289 181 290 180 291 183 292 181 293 182 294 184 120 183 122 182 121 185 295 183 296 184 297 186 297 185 295 184 297 187 295 185 295 186 297 188 297 187 295 186 297 189 298 187 299 188 300 190 148 189 147 188 148 191 299 189 298 190 300 192 297 191 295 190 297 193 295 191 295 192 297 194 297 193 295 192 297 195 298 193 299 194 300 196 148 195 147 194 148 197 299 195 298 196 300 198 297 197 295 196 297 199 296 197 295 198 297 200 120 199 122 198 120 201 301 199 302 200 303 202 283 201 284 200 283 203 304 201 305 202 306 204 297 203 295 202 297 205 298 203 299 204 300 174 148 205 147 204 148 175 284 205 285 174 283 207 121 176 120 206 120 178 120 176 120 207 121 208 121 178 120 207 121 180 120 178 120 208 121 209 121 180 120 208 121 182 121 180 120 209 121 210 307 182 308 209 308 184 158 182 157 210 156 211 309 184 310 210 311 186 310 184 310 211 309 212 310 186 310 211 309 188 312 186 312 212 312 213 121 188 120 212 120 190 120 188 120 213 121 214 120 190 120 213 121 192 312 190 312 214 312 215 312 192 312 214 312 194 312 192 312 215 312 216 312 194 312 215 312 196 312 194 312 216 312 217 312 196 312 216 312 198 312 196 312 217 312 218 312 198 312 217 312 200 312 198 312 218 312 219 121 200 120 218 120 202 120 200 120 219 121 220 120 202 120 219 121 204 312 202 312 220 312 221 312 204 312 220 312 174 312 204 312 221 312 206 312 174 312 221 312 176 312 174 312 206 312 223 313 189 314 222 315 187 316 189 317 223 318 224 319 187 320 223 321 185 320 187 320 224 319 225 322 185 323 224 324 183 325 185 326 225 327 226 328 183 329 225 330 181 331 183 332 226 333 227 334 181 335 226 336 179 337 181 338 227 339 228 340 179 341 227 342 177 314 179 314 228 315 229 342 177 341 228 340 175 343 177 344 229 345 230 345 175 343 229 345 205 344 175 343 230 345 231 339 205 337 230 339 203 346 205 347 231 348 232 349 203 350 231 351 201 352 203 353 232 354 233 355 201 356 232 357 199 358 201 359 233 360 234 361 199 362 233 363 197 364 199 365 234 366 235 349 197 350 234 351 195 367 197 368 235 369 236 370 195 371 235 372 193 373 195 374 236 375 237 376 193 377 236 378 191 346 193 346 237 348 222 349 191 350 237 351 189 367 191 368 222 369 101 120 221 120 100 121 206 312 221 312 101 312 238 156 206 158 101 158 207 157 206 158 238 156 239 379 207 380 238 381 208 380 207 380 239 379 240 381 208 380 239 379 241 307 208 308 240 307 242 308 241 307 240 307 243 382 241 383 242 384 244 385 243 385 242 386 124 159 243 387 244 387 245 159 124 159 244 387 122 159 124 159 245 159 246 387 122 159 245 159 247 159 122 159 246 387 248 388 247 159 246 387 249 388 247 159 248 388 250 389 249 390 248 390 251 391 249 390 250 389 254 392 253 393 252 394 255 395 253 396 254 397 256 398 255 399 254 400 257 385 255 401 256 386 258 386 257 385 256 386 259 386 257 385 258 386 105 120 259 121 258 121 260 402 259 403 105 404 106 403 260 402 105 404 261 386 260 385 106 386 120 398 261 398 106 398 262 398 261 398 120 398 263 307 262 308 120 308 264 405 262 308 263 307 249 406 264 407 263 408 251 409 264 410 249 411 266 412 136 413 265 414 134 415 136 416 266 417 267 418 134 419 266 420 132 420 134 419 267 418 268 421 132 422 267 423 130 173 132 172 268 173 241 423 130 421 268 421 128 424 130 425 241 426 243 427 128 428 241 429 126 429 128 428 243 427 124 159 126 159 243 387 118 158 269 156 117 158 265 156 269 156 118 158 212 158 265 156 118 158 266 430 265 431 212 432 211 433 266 434 212 435 267 436 266 437 211 438 210 159 267 159 211 387 268 421 267 423 210 423 209 439 268 440 210 441 241 441 268 440 209 439 208 308 241 307 209 308 272 442 271 443 270 444 273 445 271 446 272 447 274 448 273 449 272 450 275 159 273 388 274 159 238 159 275 159 274 159 276 387 275 159 238 159 101 310 276 309 238 311 102 310 276 309 101 310 273 451 277 452 271 453 278 410 277 409 273 411 275 408 278 407 273 406 279 308 278 405 275 307 276 382 279 384 275 383 280 385 279 386 276 385 102 310 280 309 276 309 103 310 280 309 102 310 278 454 281 455 277 456 282 457 281 458 278 459 279 460 282 461 278 462 283 385 282 401 279 386 280 385 283 385 279 386 284 387 283 387 280 387 103 310 284 309 280 309 104 310 284 309 103 310 282 457 252 458 281 458 254 463 252 464 282 465 283 466 254 467 282 468 256 469 254 470 283 471 284 385 256 386 283 385 258 386 256 386 284 385 104 404 258 403 284 402 105 120 258 121 104 120 255 390 285 389 253 389 286 390 285 389 255 390 257 387 286 388 255 388 287 159 286 388 257 387 259 384 287 383 257 382 260 382 287 383 259 384 248 390 288 389 250 389 289 472 288 473 248 474 246 475 289 476 248 477 290 475 289 476 246 475 245 159 290 387 246 387 244 387 290 387 245 159 286 390 291 391 285 389 292 410 291 409 286 411 287 408 292 407 286 406 293 478 292 479 287 480 260 387 293 387 287 159 261 386 293 385 260 385 289 481 294 482 288 483 295 484 294 485 289 486 290 487 295 488 289 489 296 490 295 491 290 492 244 492 296 490 290 492 242 493 296 494 244 495 295 496 297 497 294 498 298 499 297 500 295 501 296 502 298 503 295 504 299 502 298 503 296 502 242 380 299 379 296 379 240 381 299 379 242 380 298 505 300 506 297 507 301 463 300 464 298 465 299 508 301 509 298 510 302 511 301 512 299 513 240 511 302 511 299 513 239 513 302 511 240 511 301 514 270 515 300 516 272 517 270 518 301 519 302 520 272 521 301 522 274 448 272 450 302 448 239 513 274 511 302 511 238 511 274 511 239 513 214 120 96 121 215 120 119 120 96 121 214 120 213 121 119 120 214 120 118 120 119 120 213 121 212 120 118 120 213 121 262 386 293 385 261 386 303 523 293 524 262 525 264 526 303 527 262 528 304 529 303 530 264 531 251 409 304 409 264 410 305 387 150 159 152 387 306 159 150 159 305 387 111 384 306 383 305 382 112 308 306 307 111 308 306 511 148 513 150 511 307 427 148 428 306 429 112 384 307 382 306 383 113 386 307 385 112 386 307 427 146 429 148 428 308 159 146 159 307 387 113 384 308 383 307 382 114 308 308 307 113 308 308 511 144 513 146 511 309 513 144 513 308 511 114 380 309 379 308 381 115 532 309 533 114 534 309 167 142 166 144 167 310 426 142 425 309 424 115 535 310 536 309 537 116 158 310 156 115 158 310 423 140 422 142 421 269 414 140 412 310 414 116 158 269 156 310 156 117 158 269 156 116 158 123 159 156 159 125 159 311 159 156 159 123 159 108 158 311 156 123 156 109 158 311 156 108 158 311 159 154 387 156 159 312 387 154 387 311 159 109 310 312 309 311 311 110 310 312 309 109 310 312 387 152 387 154 387 305 387 152 387 312 387 110 310 305 309 312 309 111 403 305 402 110 404 313 538 47 539 1 540 45 540 47 539 313 538 43 541 45 542 313 543 313 544 41 545 43 546 39 547 41 548 313 549 37 550 39 551 313 552 313 553 35 554 37 555 33 539 35 539 313 538 31 556 33 557 313 558 265 414 140 412 269 414 138 413 140 412 265 414 136 513 138 513 265 511 247 159 121 159 122 159 263 159 121 159 247 159 249 388 263 159 247 159 313 559 17 560 19 561 15 546 17 545 313 544 13 562 15 563 313 564 313 552 5 550 7 551 3 551 5 550 313 552 1 540 3 540 313 538 303 489 292 488 293 487 314 565 292 566 303 567 304 568 314 569 303 570 313 571 11 572 13 573 9 573 11 572 313 571 7 572 9 573 313 571 313 543 23 541 25 541 21 541 23 541 313 543 19 562 21 563 313 564 313 574 29 575 31 576 27 577 29 578 313 579 25 563 27 562 313 564 220 120 100 121 221 120 219 121 100 121 220 120 219 386 99 385 100 386 218 404 99 402 219 403 217 404 97 403 98 402 216 120 97 121 217 120 216 120 96 121 97 121 215 120 96 121 216 120 218 310 98 309 99 309 217 310 98 309 218 310 263 307 120 308 121 307 292 580 314 581 291 582</p>
                </polylist>
            </mesh>
        </geometry>
        <geometry id="mesh8">
            <mesh>
                <source id="points8">
                    <float_array id="pointarray8" count="297">-225.625 77.375 -193.3125 -263.5625 86.4375 -230.4375 -255.6875 77.375 -238.25 -305 86.4375 -258.125 -300.75 77.375 -268.3125 -353.9375 86.4375 -267.8125 -353.9375 77.375 -278.875 -402.8125 86.4375 -258.125 -407.0625 77.375 -268.3125 -444.3125 86.4375 -230.4375 -452.125 77.375 -238.25 -472 86.4375 -189.0625 -482.25 77.375 -193.3125 -481.75 86.4375 -140.25 -492.8125 77.375 -140.25 -472 86.4375 -91.5 -482.25 77.375 -87.25 -444.3125 86.4375 -50.125 -452.125 77.375 -42.3125 -402.8125 86.4375 -22.4375 -407.0625 77.375 -12.25 -353.9375 86.4375 -12.75 -353.9375 77.375 -1.6875 -305 86.4375 -22.4375 -300.75 77.375 -12.25 -263.5625 86.4375 -50.125 -255.6875 77.375 -42.3125 -235.8125 86.4375 -91.5 -225.625 77.375 -87.25 -226.125 86.4375 -140.25 -215.0625 77.375 -140.25 -235.8125 86.4375 -189.0625 125.125 76.6875 511.625 162.5 87.875 432.4375 177.5 76.6875 439.3125 181.625 87.875 351.875 198.1875 76.6875 352.5 168.5 87.875 270.125 184 76.6875 264.375 124.9375 87.875 199.6875 137.0625 76.6875 188.4375 57.75 87.875 151.1875 64.625 76.6875 136.125 -22.9375 87.875 132 -22.3125 76.6875 115.5 -104.875 87.875 145.125 -110.625 76.6875 129.6875 -175.5 87.875 188.5625 -186.75 76.6875 176.4375 -224.0625 87.875 255.625 -239.125 76.6875 248.75 -243.25 87.875 336.1875 -259.8125 76.6875 335.5625 -230.0625 87.875 417.9375 -245.5625 76.6875 423.6875 -186.5625 87.875 488.375 -198.6875 76.6875 499.625 -119.3125 87.875 536.875 -126.1875 76.6875 551.9375 -38.625 87.875 556.0625 -39.1875 76.6875 572.5625 43.25 87.875 542.9375 49 76.6875 558.375 113.875 87.875 499.5 398.0625 75.125 -70.8125 436.6875 87 -164.875 455.8125 75.125 -157 455.375 87 -258.6875 476.0625 75.125 -258.6875 436.6875 87 -352.4375 455.8125 75.125 -360.3125 383.4375 87 -431.9375 398.0625 75.125 -446.5 303.75 87 -485.0625 311.6875 75.125 -504.125 209.8125 87 -503.6875 209.8125 75.125 -524.3125 115.8125 87 -485.0625 107.9375 75.125 -504.125 36.1875 87 -431.9375 21.5625 75.125 -446.5 -17 87 -352.4375 -36.125 75.125 -360.3125 -35.6875 87 -258.6875 -56.375 75.125 -258.6875 -17 87 -164.875 -36.125 75.125 -157 36.1875 87 -85.4375 21.5625 75.125 -70.8125 115.8125 87 -32.3125 107.9375 75.125 -13.25 209.8125 87 -13.625 209.8125 75.125 6.9375 303.75 87 -32.3125 311.6875 75.125 -13.25 383.4375 87 -85.4375 -353.9375 86.4375 -140.25 -30.75 87.875 344 209.8125 87 -258.6875</float_array>
                    <technique_common>
                        <accessor count="99" source="#pointarray8" stride="3">
                            <param name="X" type="float"/>
                            <param name="Y" type="float"/>
                            <param name="Z" type="float"/>
                        </accessor>
                    </technique_common>
                </source>
                <source id="uvs8">
                    <float_array id="uvarray8" count="198">5.640625 -1.0390625 5.3662109375 -0.7705078125 5.4228515625 -0.71435546875 5.06640625 -0.57080078125 5.09716796875 -0.4970703125 4.712890625 -0.50048828125 4.712890625 -0.4208984375 4.359375 -0.57080078125 4.32861328125 -0.4970703125 4.0595703125 -0.7705078125 4.0029296875 -0.71435546875 3.859375 -1.06982421875 3.78515625 -1.0390625 3.7890625 -1.42236328125 3.708984375 -1.42236328125 3.859375 -1.775390625 3.78515625 -1.8056640625 4.0595703125 -2.07421875 4.0029296875 -2.130859375 4.359375 -2.2744140625 4.32861328125 -2.34814453125 4.712890625 -2.3447265625 4.712890625 -2.42431640625 5.06640625 -2.2744140625 5.09716796875 -2.34814453125 5.3662109375 -2.07421875 5.4228515625 -2.130859375 5.56689453125 -1.775390625 5.640625 -1.8056640625 5.63720703125 -1.42236328125 5.716796875 -1.42236328125 5.56689453125 -1.06982421875 8.1767578125 -6.1357421875 8.44677734375 -5.5634765625 8.5556640625 -5.61279296875 8.58544921875 -4.98095703125 8.705078125 -4.9853515625 8.490234375 -4.39013671875 8.60205078125 -4.3486328125 8.17529296875 -3.88037109375 8.26318359375 -3.79931640625 7.689453125 -3.52978515625 7.7392578125 -3.42138671875 7.10595703125 -3.3916015625 7.1103515625 -3.27197265625 6.513671875 -3.486328125 6.47216796875 -3.37451171875 6.0029296875 -3.80029296875 5.92138671875 -3.712890625 5.65185546875 -4.28515625 5.54296875 -4.2353515625 5.51318359375 -4.86767578125 5.3935546875 -4.86328125 5.6083984375 -5.45849609375 5.49609375 -5.5 5.9228515625 -5.9677734375 5.83544921875 -6.04931640625 6.4091796875 -6.31884765625 6.359375 -6.42724609375 6.99267578125 -6.45703125 6.98828125 -6.576171875 7.5849609375 -6.3623046875 7.62646484375 -6.47412109375 8.09521484375 -6.04833984375 10.14990234375 -1.9248046875 10.42919921875 -1.24462890625 10.5673828125 -1.3017578125 10.564453125 -0.56640625 10.7138671875 -0.56640625 10.42919921875 0.111328125 10.5673828125 0.16845703125 10.04443359375 0.68603515625 10.14990234375 0.79150390625 9.46826171875 1.0693359375 9.525390625 1.20751953125 8.7890625 1.20458984375 8.7890625 1.353515625 8.109375 1.0693359375 8.05224609375 1.20751953125 7.53369140625 0.68603515625 7.427734375 0.79150390625 7.14892578125 0.111328125 7.0107421875 0.16845703125 7.013671875 -0.56640625 6.8642578125 -0.56640625 7.14892578125 -1.24462890625 7.0107421875 -1.3017578125 7.53369140625 -1.8193359375 7.427734375 -1.9248046875 8.109375 -2.203125 8.05224609375 -2.3408203125 8.7890625 -2.337890625 8.7890625 -2.4873046875 9.46826171875 -2.203125 9.525390625 -2.3408203125 10.04443359375 -1.8193359375 4.712890625 -1.42236328125 7.04931640625 -4.92431640625 8.7890625 -0.56640625</float_array>
                    <technique_common>
                        <accessor count="99" source="#uvarray8" stride="2">
                            <param name="S" type="float"/>
                            <param name="T" type="float"/>
                        </accessor>
                    </technique_common>
                </source>
                <vertices id="vertices8">
                    <input semantic="POSITION" source="#points8"/>
                </vertices>
                <polylist count="144" material="Material1">
                    <input offset="0" semantic="VERTEX" source="#vertices8"/>
                    <input offset="1" semantic="TEXCOORD" source="#uvs8" set="0"/>
                    <vcount>3 3 3 3 3 3 3 3 3 3 3 3 3 3 3 3 3 3 3 3 3 3 3 3 3 3 3 3 3 3 3 3 3 3 3 3 3 3 3 3 3 3 3 3 3 3 3 3 3 3 3 3 3 3 3 3 3 3 3 3 3 3 3 3 3 3 3 3 3 3 3 3 3 3 3 3 3 3 3 3 3 3 3 3 3 3 3 3 3 3 3 3 3 3 3 3 3 3 3 3 3 3 3 3 3 3 3 3 3 3 3 3 3 3 3 3 3 3 3 3 3 3 3 3 3 3 3 3 3 3 3 3 3 3 3 3 3 3 3 3 3 3 3 3</vcount>
                    <p>2 2 1 1 0 0 3 3 1 1 2 2 4 4 3 3 2 2 5 5 3 3 4 4 6 6 5 5 4 4 7 7 5 5 6 6 8 8 7 7 6 6 9 9 7 7 8 8 10 10 9 9 8 8 11 11 9 9 10 10 12 12 11 11 10 10 13 13 11 11 12 12 14 14 13 13 12 12 15 15 13 13 14 14 16 16 15 15 14 14 17 17 15 15 16 16 18 18 17 17 16 16 19 19 17 17 18 18 20 20 19 19 18 18 21 21 19 19 20 20 22 22 21 21 20 20 23 23 21 21 22 22 24 24 23 23 22 22 25 25 23 23 24 24 26 26 25 25 24 24 27 27 25 25 26 26 28 28 27 27 26 26 29 29 27 27 28 28 30 30 29 29 28 28 31 31 29 29 30 30 0 0 31 31 30 30 1 1 31 31 0 0 34 34 33 33 32 32 35 35 33 33 34 34 36 36 35 35 34 34 37 37 35 35 36 36 38 38 37 37 36 36 39 39 37 37 38 38 40 40 39 39 38 38 41 41 39 39 40 40 42 42 41 41 40 40 43 43 41 41 42 42 44 44 43 43 42 42 45 45 43 43 44 44 46 46 45 45 44 44 47 47 45 45 46 46 48 48 47 47 46 46 49 49 47 47 48 48 50 50 49 49 48 48 51 51 49 49 50 50 52 52 51 51 50 50 53 53 51 51 52 52 54 54 53 53 52 52 55 55 53 53 54 54 56 56 55 55 54 54 57 57 55 55 56 56 58 58 57 57 56 56 59 59 57 57 58 58 60 60 59 59 58 58 61 61 59 59 60 60 62 62 61 61 60 60 63 63 61 61 62 62 32 32 63 63 62 62 33 33 63 63 32 32 66 66 65 65 64 64 67 67 65 65 66 66 68 68 67 67 66 66 69 69 67 67 68 68 70 70 69 69 68 68 71 71 69 69 70 70 72 72 71 71 70 70 73 73 71 71 72 72 74 74 73 73 72 72 75 75 73 73 74 74 76 76 75 75 74 74 77 77 75 75 76 76 78 78 77 77 76 76 79 79 77 77 78 78 80 80 79 79 78 78 81 81 79 79 80 80 82 82 81 81 80 80 83 83 81 81 82 82 84 84 83 83 82 82 85 85 83 83 84 84 86 86 85 85 84 84 87 87 85 85 86 86 88 88 87 87 86 86 89 89 87 87 88 88 90 90 89 89 88 88 91 91 89 89 90 90 92 92 91 91 90 90 93 93 91 91 92 92 94 94 93 93 92 92 95 95 93 93 94 94 64 64 95 95 94 94 65 65 95 95 64 64 96 96 21 21 23 23 19 19 21 21 96 96 17 17 19 19 96 96 96 96 15 15 17 17 13 13 15 15 96 96 11 11 13 13 96 96 96 96 9 9 11 11 7 7 9 9 96 96 5 5 7 7 96 96 96 96 3 3 5 5 1 1 3 3 96 96 31 31 1 1 96 96 97 97 33 33 35 35 63 63 33 33 97 97 61 61 63 63 97 97 98 98 69 69 71 71 67 67 69 69 98 98 65 65 67 67 98 98 98 98 95 95 65 65 93 93 95 95 98 98 91 91 93 93 98 98 25 25 96 96 23 23 27 27 96 96 25 25 29 29 96 96 27 27 31 31 96 96 29 29 37 37 97 97 35 35 39 39 97 97 37 37 41 41 97 97 39 39 43 43 97 97 41 41 45 45 97 97 43 43 47 47 97 97 45 45 49 49 97 97 47 47 51 51 97 97 49 49 53 53 97 97 51 51 55 55 97 97 53 53 57 57 97 97 55 55 59 59 97 97 57 57 73 73 98 98 71 71 75 75 98 98 73 73 77 77 98 98 75 75 79 79 98 98 77 77 81 81 98 98 79 79 83 83 98 98 81 81 85 85 98 98 83 83 87 87 98 98 85 85 89 89 98 98 87 87 91 91 98 98 89 89 59 59 61 61 97 97</p>
                </polylist>
            </mesh>
        </geometry>
        <geometry id="mesh8_VC">
            <mesh>
                <source id="points8_VC">
                    <float_array id="pointarray8_VC" count="297">-225.625 77.375 -193.3125 -263.5625 86.4375 -230.4375 -255.6875 77.375 -238.25 -305 86.4375 -258.125 -300.75 77.375 -268.3125 -353.9375 86.4375 -267.8125 -353.9375 77.375 -278.875 -402.8125 86.4375 -258.125 -407.0625 77.375 -268.3125 -444.3125 86.4375 -230.4375 -452.125 77.375 -238.25 -472 86.4375 -189.0625 -482.25 77.375 -193.3125 -481.75 86.4375 -140.25 -492.8125 77.375 -140.25 -472 86.4375 -91.5 -482.25 77.375 -87.25 -444.3125 86.4375 -50.125 -452.125 77.375 -42.3125 -402.8125 86.4375 -22.4375 -407.0625 77.375 -12.25 -353.9375 86.4375 -12.75 -353.9375 77.375 -1.6875 -305 86.4375 -22.4375 -300.75 77.375 -12.25 -263.5625 86.4375 -50.125 -255.6875 77.375 -42.3125 -235.8125 86.4375 -91.5 -225.625 77.375 -87.25 -226.125 86.4375 -140.25 -215.0625 77.375 -140.25 -235.8125 86.4375 -189.0625 125.125 76.6875 511.625 162.5 87.875 432.4375 177.5 76.6875 439.3125 181.625 87.875 351.875 198.1875 76.6875 352.5 168.5 87.875 270.125 184 76.6875 264.375 124.9375 87.875 199.6875 137.0625 76.6875 188.4375 57.75 87.875 151.1875 64.625 76.6875 136.125 -22.9375 87.875 132 -22.3125 76.6875 115.5 -104.875 87.875 145.125 -110.625 76.6875 129.6875 -175.5 87.875 188.5625 -186.75 76.6875 176.4375 -224.0625 87.875 255.625 -239.125 76.6875 248.75 -243.25 87.875 336.1875 -259.8125 76.6875 335.5625 -230.0625 87.875 417.9375 -245.5625 76.6875 423.6875 -186.5625 87.875 488.375 -198.6875 76.6875 499.625 -119.3125 87.875 536.875 -126.1875 76.6875 551.9375 -38.625 87.875 556.0625 -39.1875 76.6875 572.5625 43.25 87.875 542.9375 49 76.6875 558.375 113.875 87.875 499.5 398.0625 75.125 -70.8125 436.6875 87 -164.875 455.8125 75.125 -157 455.375 87 -258.6875 476.0625 75.125 -258.6875 436.6875 87 -352.4375 455.8125 75.125 -360.3125 383.4375 87 -431.9375 398.0625 75.125 -446.5 303.75 87 -485.0625 311.6875 75.125 -504.125 209.8125 87 -503.6875 209.8125 75.125 -524.3125 115.8125 87 -485.0625 107.9375 75.125 -504.125 36.1875 87 -431.9375 21.5625 75.125 -446.5 -17 87 -352.4375 -36.125 75.125 -360.3125 -35.6875 87 -258.6875 -56.375 75.125 -258.6875 -17 87 -164.875 -36.125 75.125 -157 36.1875 87 -85.4375 21.5625 75.125 -70.8125 115.8125 87 -32.3125 107.9375 75.125 -13.25 209.8125 87 -13.625 209.8125 75.125 6.9375 303.75 87 -32.3125 311.6875 75.125 -13.25 383.4375 87 -85.4375 -353.9375 86.4375 -140.25 -30.75 87.875 344 209.8125 87 -258.6875</float_array>
                    <technique_common>
                        <accessor count="99" source="#pointarray8_VC" stride="3">
                            <param name="X" type="float"/>
                            <param name="Y" type="float"/>
                            <param name="Z" type="float"/>
                        </accessor>
                    </technique_common>
                </source>
                <source id="uvs8_VC">
                    <float_array id="uvarray8_VC" count="186">0.05419921875 0.66796875 0.05126953125 0.9986979166666666 0.05126953125 0.66796875 0.05810546875 0.66796875 0.05517578125 0.66796875 0.05517578125 0.9986979166666666 0.05908203125 0.66796875 0.05908203125 0.9986979166666666 0.06201171875 0.66796875 0.65673828125 0.66796875 0.65966796875 0.66796875 0.65673828125 0.9986979166666666 0.66357421875 0.66796875 0.66064453125 0.9986979166666666 0.66064453125 0.66796875 0.66455078125 0.66796875 0.66455078125 0.9986979166666666 0.66748046875 0.66796875 0.67138671875 0.66796875 0.66845703125 0.66796875 0.66845703125 0.9986979166666666 0.67529296875 0.66796875 0.67236328125 0.9986979166666666 0.67236328125 0.66796875 0.67626953125 0.66796875 0.67919921875 0.66796875 0.67626953125 0.9986979166666666 0.68310546875 0.66796875 0.68017578125 0.9986979166666666 0.68017578125 0.66796875 0.68701171875 0.66796875 0.68408203125 0.66796875 0.68408203125 0.9986979166666666 0.75048828125 0.66796875 0.75048828125 0.9986979166666666 0.75341796875 0.66796875 0.75439453125 0.66796875 0.75439453125 0.9986979166666666 0.75732421875 0.66796875 0.75830078125 0.66796875 0.75830078125 0.9986979166666666 0.76123046875 0.66796875 0.76513671875 0.66796875 0.76220703125 0.9986979166666666 0.76220703125 0.66796875 0.76611328125 0.66796875 0.76611328125 0.9986979166666666 0.76904296875 0.66796875 0.39794921875 0.5013020833333333 0.39501953125 0.6653645833333333 0.39501953125 0.5013020833333333 0.39892578125 0.5013020833333333 0.39892578125 0.6653645833333333 0.40185546875 0.5013020833333333 0.40283203125 0.5013020833333333 0.40283203125 0.6653645833333333 0.40576171875 0.5013020833333333 0.40673828125 0.5013020833333333 0.40673828125 0.6653645833333333 0.40966796875 0.5013020833333333 0.41357421875 0.5013020833333333 0.41064453125 0.6653645833333333 0.41064453125 0.5013020833333333 0.41748046875 0.5013020833333333 0.41455078125 0.6653645833333333 0.41455078125 0.5013020833333333 0.41845703125 0.5013020833333333 0.41845703125 0.6653645833333333 0.42138671875 0.5013020833333333 0.42236328125 0.5013020833333333 0.42236328125 0.6653645833333333 0.42529296875 0.5013020833333333 0.42919921875 0.5013020833333333 0.42626953125 0.5013020833333333 0.42626953125 0.6653645833333333 0.43310546875 0.5013020833333333 0.43017578125 0.6653645833333333 0.43017578125 0.5013020833333333 0.43701171875 0.5013020833333333 0.43408203125 0.6653645833333333 0.43408203125 0.5013020833333333 0.44091796875 0.5013020833333333 0.43798828125 0.5013020833333333 0.43798828125 0.6653645833333333 0.44189453125 0.5013020833333333 0.44189453125 0.6653645833333333 0.44482421875 0.5013020833333333 0.44580078125 0.5013020833333333 0.44873046875 0.5013020833333333 0.44580078125 0.6653645833333333 0.07861328125 0.08463541666666663 0.07861328125 0.16536458333333337 0.08154296875 0.08463541666666663</float_array>
                    <technique_common>
                        <accessor count="93" source="#uvarray8_VC" stride="2">
                            <param name="S" type="float"/>
                            <param name="T" type="float"/>
                        </accessor>
                    </technique_common>
                </source>
                <vertices id="vertices8_VC">
                    <input semantic="POSITION" source="#points8_VC"/>
                </vertices>
                <polylist count="144" material="Material1">
                    <input offset="0" semantic="VERTEX" source="#vertices8_VC"/>
                    <input offset="1" semantic="TEXCOORD" source="#uvs8_VC" set="0"/>
                    <vcount>3 3 3 3 3 3 3 3 3 3 3 3 3 3 3 3 3 3 3 3 3 3 3 3 3 3 3 3 3 3 3 3 3 3 3 3 3 3 3 3 3 3 3 3 3 3 3 3 3 3 3 3 3 3 3 3 3 3 3 3 3 3 3 3 3 3 3 3 3 3 3 3 3 3 3 3 3 3 3 3 3 3 3 3 3 3 3 3 3 3 3 3 3 3 3 3 3 3 3 3 3 3 3 3 3 3 3 3 3 3 3 3 3 3 3 3 3 3 3 3 3 3 3 3 3 3 3 3 3 3 3 3 3 3 3 3 3 3 3 3 3 3 3 3</vcount>
                    <p>2 0 1 1 0 2 3 3 1 4 2 5 4 6 3 7 2 8 5 9 3 10 4 11 6 0 5 1 4 2 7 1 5 1 6 0 8 0 7 1 6 0 9 1 7 1 8 0 10 12 9 13 8 14 11 13 9 13 10 12 12 15 11 16 10 17 13 18 11 19 12 20 14 21 13 22 12 23 15 24 13 25 14 26 16 27 15 28 14 29 17 13 15 13 16 12 18 12 17 13 16 12 19 30 17 31 18 32 20 33 19 34 18 35 21 24 19 25 20 26 22 26 21 24 20 26 23 24 21 24 22 26 24 36 23 37 22 38 25 1 23 1 24 0 26 39 25 40 24 41 27 18 25 19 26 20 28 42 27 43 26 44 29 3 27 3 28 5 30 44 29 43 28 42 31 18 29 18 30 20 0 45 31 46 30 47 1 9 31 10 0 11 34 48 33 49 32 50 35 49 33 49 34 48 36 51 35 52 34 53 37 52 35 52 36 51 38 53 37 52 36 51 39 49 37 49 38 48 40 50 39 49 38 48 41 49 39 49 40 50 42 54 41 55 40 56 43 52 41 52 42 51 44 56 43 55 42 54 45 49 43 49 44 50 46 57 45 58 44 59 47 58 45 58 46 57 48 60 47 61 46 62 49 61 47 61 48 60 50 62 49 61 48 60 51 58 49 58 50 57 52 63 51 64 50 65 53 49 51 49 52 48 54 51 53 52 52 53 55 52 53 52 54 51 56 51 55 52 54 51 57 52 55 52 56 51 58 51 57 52 56 51 59 52 57 52 58 51 60 53 59 52 58 51 61 49 59 49 60 48 62 51 61 52 60 53 63 52 61 52 62 51 32 56 63 55 62 54 33 49 63 49 32 50 66 66 65 67 64 66 67 67 65 67 66 66 68 66 67 67 66 66 69 67 67 67 68 66 70 68 69 67 68 66 71 67 69 67 70 68 72 69 71 70 70 71 73 72 71 73 72 74 74 75 73 76 72 77 75 76 73 76 74 75 76 77 75 76 74 75 77 73 75 72 76 74 78 78 77 79 76 80 79 67 77 67 78 66 80 66 79 67 78 66 81 81 79 82 80 83 82 84 81 85 80 86 83 72 81 72 82 74 84 74 83 72 82 74 85 72 83 72 84 74 86 75 85 76 84 77 87 87 85 88 86 89 88 68 87 67 86 68 89 67 87 67 88 68 90 69 89 70 88 71 91 70 89 70 90 69 92 78 91 79 90 80 93 67 91 67 92 66 94 66 93 67 92 66 95 81 93 82 94 83 64 83 95 81 94 83 65 82 95 81 64 83 96 1 21 1 23 1 19 3 21 4 96 4 17 4 19 3 96 4 96 1 15 1 17 1 13 3 15 4 96 4 11 4 13 3 96 4 96 1 9 1 11 1 7 1 9 1 96 1 5 1 7 1 96 1 96 4 3 3 5 4 1 4 3 3 96 4 31 3 1 4 96 4 97 1 33 1 35 1 63 1 33 1 97 1 61 1 63 1 97 1 98 4 69 3 71 3 67 3 69 3 98 4 65 3 67 3 98 4 98 90 95 91 65 92 93 92 95 91 98 90 91 3 93 3 98 4 25 1 96 1 23 1 27 3 96 4 25 4 29 3 96 4 27 3 31 3 96 4 29 3 37 1 97 1 35 1 39 1 97 1 37 1 41 1 97 1 39 1 43 1 97 1 41 1 45 1 97 1 43 1 47 1 97 1 45 1 49 1 97 1 47 1 51 1 97 1 49 1 53 1 97 1 51 1 55 1 97 1 53 1 57 1 97 1 55 1 59 1 97 1 57 1 73 91 98 90 71 92 75 91 98 90 73 91 77 92 98 90 75 91 79 3 98 4 77 3 81 91 98 90 79 92 83 91 98 90 81 91 85 91 98 90 83 91 87 92 98 90 85 91 89 3 98 4 87 3 91 3 98 4 89 3 59 1 61 1 97 1</p>
                </polylist>
            </mesh>
        </geometry>
    </library_geometries>
    <library_visual_scenes>
        <visual_scene id="VisualSceneNode">
            <node id="node0" name="m0" type="NODE">
                <instance_geometry url="#mesh0">
                    <bind_material>
                        <technique_common>
                            <instance_material symbol="Material1" target="#mat4">
                                <bind_vertex_input semantic="UVSET0" input_semantic="TEXCOORD" input_set="0"></bind_vertex_input>
                            </instance_material>
                        </technique_common>
                    </bind_material>
                </instance_geometry>
            </node>
            <node id="node0_VC" name="m0_VC" type="NODE">
                <instance_geometry url="#mesh0_VC">
                    <bind_material>
                        <technique_common>
                            <instance_material symbol="Material1" target="#mat_vc">
                                <bind_vertex_input semantic="UVSET0" input_semantic="TEXCOORD" input_set="0"></bind_vertex_input>
                            </instance_material>
                        </technique_common>
                    </bind_material>
                </instance_geometry>
            </node>
            <node id="node1" name="m1" type="NODE">
                <instance_geometry url="#mesh1">
                    <bind_material>
                        <technique_common>
                            <instance_material symbol="Material1" target="#mat0">
                                <bind_vertex_input semantic="UVSET0" input_semantic="TEXCOORD" input_set="0"></bind_vertex_input>
                            </instance_material>
                        </technique_common>
                    </bind_material>
                </instance_geometry>
            </node>
            <node id="node1_VC" name="m1_VC" type="NODE">
                <instance_geometry url="#mesh1_VC">
                    <bind_material>
                        <technique_common>
                            <instance_material symbol="Material1" target="#mat_vc">
                                <bind_vertex_input semantic="UVSET0" input_semantic="TEXCOORD" input_set="0"></bind_vertex_input>
                            </instance_material>
                        </technique_common>
                    </bind_material>
                </instance_geometry>
            </node>
            <node id="node2" name="m2" type="NODE">
                <instance_geometry url="#mesh2">
                    <bind_material>
                        <technique_common>
                            <instance_material symbol="Material1" target="#mat5">
                                <bind_vertex_input semantic="UVSET0" input_semantic="TEXCOORD" input_set="0"></bind_vertex_input>
                            </instance_material>
                        </technique_common>
                    </bind_material>
                </instance_geometry>
            </node>
            <node id="node2_VC" name="m2_VC" type="NODE">
                <instance_geometry url="#mesh2_VC">
                    <bind_material>
                        <technique_common>
                            <instance_material symbol="Material1" target="#mat_vc">
                                <bind_vertex_input semantic="UVSET0" input_semantic="TEXCOORD" input_set="0"></bind_vertex_input>
                            </instance_material>
                        </technique_common>
                    </bind_material>
                </instance_geometry>
            </node>
            <node id="node3" name="m3" type="NODE">
                <instance_geometry url="#mesh3">
                    <bind_material>
                        <technique_common>
                            <instance_material symbol="Material1" target="#mat3">
                                <bind_vertex_input semantic="UVSET0" input_semantic="TEXCOORD" input_set="0"></bind_vertex_input>
                            </instance_material>
                        </technique_common>
                    </bind_material>
                </instance_geometry>
            </node>
            <node id="node3_VC" name="m3_VC" type="NODE">
                <instance_geometry url="#mesh3_VC">
                    <bind_material>
                        <technique_common>
                            <instance_material symbol="Material1" target="#mat_vc">
                                <bind_vertex_input semantic="UVSET0" input_semantic="TEXCOORD" input_set="0"></bind_vertex_input>
                            </instance_material>
                        </technique_common>
                    </bind_material>
                </instance_geometry>
            </node>
            <node id="node4" name="m4" type="NODE">
                <instance_geometry url="#mesh4">
                    <bind_material>
                        <technique_common>
                            <instance_material symbol="Material1" target="#mat8">
                                <bind_vertex_input semantic="UVSET0" input_semantic="TEXCOORD" input_set="0"></bind_vertex_input>
                            </instance_material>
                        </technique_common>
                    </bind_material>
                </instance_geometry>
            </node>
            <node id="node4_VC" name="m4_VC" type="NODE">
                <instance_geometry url="#mesh4_VC">
                    <bind_material>
                        <technique_common>
                            <instance_material symbol="Material1" target="#mat_vc">
                                <bind_vertex_input semantic="UVSET0" input_semantic="TEXCOORD" input_set="0"></bind_vertex_input>
                            </instance_material>
                        </technique_common>
                    </bind_material>
                </instance_geometry>
            </node>
            <node id="node5" name="m5" type="NODE">
                <instance_geometry url="#mesh5">
                    <bind_material>
                        <technique_common>
                            <instance_material symbol="Material1" target="#mat7">
                                <bind_vertex_input semantic="UVSET0" input_semantic="TEXCOORD" input_set="0"></bind_vertex_input>
                            </instance_material>
                        </technique_common>
                    </bind_material>
                </instance_geometry>
            </node>
            <node id="node5_VC" name="m5_VC" type="NODE">
                <instance_geometry url="#mesh5_VC">
                    <bind_material>
                        <technique_common>
                            <instance_material symbol="Material1" target="#mat_vc">
                                <bind_vertex_input semantic="UVSET0" input_semantic="TEXCOORD" input_set="0"></bind_vertex_input>
                            </instance_material>
                        </technique_common>
                    </bind_material>
                </instance_geometry>
            </node>
            <node id="node6" name="m6" type="NODE">
                <instance_geometry url="#mesh6">
                    <bind_material>
                        <technique_common>
                            <instance_material symbol="Material1" target="#mat2">
                                <bind_vertex_input semantic="UVSET0" input_semantic="TEXCOORD" input_set="0"></bind_vertex_input>
                            </instance_material>
                        </technique_common>
                    </bind_material>
                </instance_geometry>
            </node>
            <node id="node6_VC" name="m6_VC" type="NODE">
                <instance_geometry url="#mesh6_VC">
                    <bind_material>
                        <technique_common>
                            <instance_material symbol="Material1" target="#mat_vc">
                                <bind_vertex_input semantic="UVSET0" input_semantic="TEXCOORD" input_set="0"></bind_vertex_input>
                            </instance_material>
                        </technique_common>
                    </bind_material>
                </instance_geometry>
            </node>
            <node id="node7" name="m7" type="NODE">
                <instance_geometry url="#mesh7">
                    <bind_material>
                        <technique_common>
                            <instance_material symbol="Material1" target="#mat6">
                                <bind_vertex_input semantic="UVSET0" input_semantic="TEXCOORD" input_set="0"></bind_vertex_input>
                            </instance_material>
                        </technique_common>
                    </bind_material>
                </instance_geometry>
            </node>
            <node id="node7_VC" name="m7_VC" type="NODE">
                <instance_geometry url="#mesh7_VC">
                    <bind_material>
                        <technique_common>
                            <instance_material symbol="Material1" target="#mat_vc">
                                <bind_vertex_input semantic="UVSET0" input_semantic="TEXCOORD" input_set="0"></bind_vertex_input>
                            </instance_material>
                        </technique_common>
                    </bind_material>
                </instance_geometry>
            </node>
            <node id="node8" name="m8" type="NODE">
                <instance_geometry url="#mesh8">
                    <bind_material>
                        <technique_common>
                            <instance_material symbol="Material1" target="#mat1">
                                <bind_vertex_input semantic="UVSET0" input_semantic="TEXCOORD" input_set="0"></bind_vertex_input>
                            </instance_material>
                        </technique_common>
                    </bind_material>
                </instance_geometry>
            </node>
            <node id="node8_VC" name="m8_VC" type="NODE">
                <instance_geometry url="#mesh8_VC">
                    <bind_material>
                        <technique_common>
                            <instance_material symbol="Material1" target="#mat_vc">
                                <bind_vertex_input semantic="UVSET0" input_semantic="TEXCOORD" input_set="0"></bind_vertex_input>
                            </instance_material>
                        </technique_common>
                    </bind_material>
                </instance_geometry>
            </node>
        </visual_scene>
    </library_visual_scenes>
    <scene>
        <instance_visual_scene url="#VisualSceneNode"></instance_visual_scene>
    </scene>
</COLLADA>
