<?xml version="1.0" encoding="utf-8"?>
<COLLADA xmlns="http://www.collada.org/2005/11/COLLADASchema" version="1.4.1" xmlns:xsi="http://www.w3.org/2001/XMLSchema-instance">
  <asset>
    <contributor>
      <author>Blender User</author>
      <authoring_tool>Blender 4.3.0 commit date:2024-11-19, commit time:08:52, hash:2b18cad88b13</authoring_tool>
    </contributor>
    <created>2025-02-10T19:13:33</created>
    <modified>2025-02-10T19:13:33</modified>
    <unit name="meter" meter="1"/>
    <up_axis>Z_UP</up_axis>
  </asset>
  <library_effects>
    <effect id="m2Hand_v-effect">
      <profile_COMMON>
        <newparam sid="MarioHand_png-surface">
          <surface type="2D">
            <init_from>MarioHand_png</init_from>
          </surface>
        </newparam>
        <newparam sid="MarioHand_png-sampler">
          <sampler2D>
            <source>MarioHand_png-surface</source>
          </sampler2D>
        </newparam>
        <technique sid="common">
          <lambert>
            <emission>
              <color sid="emission">0 0 0 1</color>
            </emission>
            <diffuse>
              <texture texture="MarioHand_png-sampler" texcoord="meshId3-tex0"/>
            </diffuse>
            <index_of_refraction>
              <float sid="ior">1.5</float>
            </index_of_refraction>
          </lambert>
        </technique>
      </profile_COMMON>
    </effect>
    <effect id="m0Cap_v-effect">
      <profile_COMMON>
        <newparam sid="RockMarioCap_png-surface">
          <surface type="2D">
            <init_from>RockMarioCap_png</init_from>
          </surface>
        </newparam>
        <newparam sid="RockMarioCap_png-sampler">
          <sampler2D>
            <source>RockMarioCap_png-surface</source>
          </sampler2D>
        </newparam>
        <technique sid="common">
          <lambert>
            <emission>
              <color sid="emission">0 0 0 1</color>
            </emission>
            <diffuse>
              <texture texture="RockMarioCap_png-sampler" texcoord="meshId2-tex0"/>
            </diffuse>
            <index_of_refraction>
              <float sid="ior">1.5</float>
            </index_of_refraction>
          </lambert>
        </technique>
      </profile_COMMON>
    </effect>
    <effect id="m3Rock_v-effect">
      <profile_COMMON>
        <newparam sid="RockMarioRock_png-surface">
          <surface type="2D">
            <init_from>RockMarioRock_png</init_from>
          </surface>
        </newparam>
        <newparam sid="RockMarioRock_png-sampler">
          <sampler2D>
            <source>RockMarioRock_png-surface</source>
          </sampler2D>
        </newparam>
        <technique sid="common">
          <lambert>
            <emission>
              <color sid="emission">0 0 0 1</color>
            </emission>
            <diffuse>
              <texture texture="RockMarioRock_png-sampler" texcoord="meshId1-tex0"/>
            </diffuse>
            <index_of_refraction>
              <float sid="ior">1.5</float>
            </index_of_refraction>
          </lambert>
        </technique>
      </profile_COMMON>
    </effect>
    <effect id="m1Face_v-effect">
      <profile_COMMON>
        <newparam sid="RockMarioFace_png-surface">
          <surface type="2D">
            <init_from>RockMarioFace_png</init_from>
          </surface>
        </newparam>
        <newparam sid="RockMarioFace_png-sampler">
          <sampler2D>
            <source>RockMarioFace_png-surface</source>
          </sampler2D>
        </newparam>
        <technique sid="common">
          <lambert>
            <emission>
              <color sid="emission">0 0 0 1</color>
            </emission>
            <diffuse>
              <texture texture="RockMarioFace_png-sampler" texcoord="meshId0-tex0"/>
            </diffuse>
            <index_of_refraction>
              <float sid="ior">1.5</float>
            </index_of_refraction>
          </lambert>
        </technique>
      </profile_COMMON>
    </effect>
  </library_effects>
  <library_images>
    <image id="MarioHand_png" name="MarioHand_png">
      <init_from>MarioHand.png</init_from>
    </image>
    <image id="RockMarioCap_png" name="RockMarioCap_png">
      <init_from>RockMarioCap.png</init_from>
    </image>
    <image id="RockMarioFace_png" name="RockMarioFace_png">
      <init_from>RockMarioFace.png</init_from>
    </image>
    <image id="RockMarioRock_png" name="RockMarioRock_png">
      <init_from>RockMarioRock.png</init_from>
    </image>
  </library_images>
  <library_materials>
    <material id="m2Hand_v-material" name="m2Hand_v">
      <instance_effect url="#m2Hand_v-effect"/>
    </material>
    <material id="m0Cap_v-material" name="m0Cap_v">
      <instance_effect url="#m0Cap_v-effect"/>
    </material>
    <material id="m3Rock_v-material" name="m3Rock_v">
      <instance_effect url="#m3Rock_v-effect"/>
    </material>
    <material id="m1Face_v-material" name="m1Face_v">
      <instance_effect url="#m1Face_v-effect"/>
    </material>
  </library_materials>
  <library_geometries>
    <geometry id="meshId3_name-mesh" name="meshId3_name">
      <mesh>
        <source id="meshId3_name-mesh-positions">
          <float_array id="meshId3_name-mesh-positions-array" count="1140">28.9336 -16.6875 65.6914 25.9688 -11.5078 66.9688 24.8438 -14.3008 67.3828 22.9102 -9.94531 68.9961 25.5781 -15.0078 70.16801 23.6484 -10.6523 71.7852 26.9063 -14.2852 71.1172 25.7539 -8.48828 72.8945 25.125 -15.6953 72.7734 24.1133 -11.2109 76.3477 23.9648 -14.5469 84.6016 27.4766 -11.3789 87.7383 30.6016 -14.9453 93.9727 36.2578 -10.4805 94.4219 40.3398 -16.6172 93.8984 42.5117 -17.5469 89.3398 44.0195 -21.1836 90.8672 44.9609 -22.3945 81.9336 42.1133 -24.957 81.8281 38.1875 -20.6211 77.4922 35.082 -19.5469 80.5469 36.0547 -17.7617 77.5117 35.8438 -15.2891 80.5898 38.4141 -15.5781 77.6875 40.1367 -14.9453 80.8047 41.0938 -18.0078 77.6055 37.6211 -0.902344 66.5781 40.5234 -0.03515625 66.8555 36.4297 2.35156 68.54301 37.168 1.64063 71.332 32.4688 1.83984 72.625 35.1211 0.425781 72.6797 28.6836 -2.06641 73.75 33.9844 -0.359375 78.3828 29.5195 -3.76953 78.9063 36.7734 -3.05078 88.3125 31.7227 -6.68359 88.7344 41.4219 -7.125 92.6445 45.2539 -13 92.7188 42.0391 -16.3789 93.7617 45.0859 -19.5273 90.9922 36.3867 -12.3555 90.04301 41.7148 -18.1328 85.207 -25.1445 -8.07422 78.4766 -27.4766 -11.3789 87.7383 -31.7227 -6.68359 88.7344 -36.2578 -10.4805 94.4219 -41.4219 -7.125 92.6445 -45.2539 -13 92.7188 -41.5156 -7.26953 89.4414 -47.9766 -16.5 90.1016 -46.9922 -13.1914 84.9844 -48.832 -17.5781 83.7188 -45.582 -12.4453 81.2383 -46.5938 -15.3828 79.0117 -43.2461 -12.5117 78.3945 -43.8594 -17.832 78.8945 -41.2461 -14.2852 78.3164 -41.043 -17.0391 80.7656 -40.8359 -11.9258 80.0469 -30.6016 -14.9453 93.9727 -40.3398 -16.6172 93.8984 -42.5117 -17.5469 89.3398 -44.0195 -21.1836 90.8672 -44.9609 -22.3945 81.9336 -42.1133 -24.957 81.8281 -38.1875 -20.6211 77.4922 -35.082 -19.5469 80.5469 -36.0547 -17.7617 77.5117 -35.8438 -15.2891 80.5898 -38.4141 -15.5781 77.6875 -40.1367 -14.9453 80.8047 -41.0938 -18.0078 77.6055 -25.9688 -11.5078 66.9688 -27.9766 -1.46484 68.9883 -37.6211 -0.902344 66.5781 -36.4297 2.35156 68.54301 -40.5234 -0.03515625 66.8555 -37.168 1.64063 71.332 -41.2617 -0.742188 69.6406 -35.1211 0.425781 72.6797 -41.375 -3.83594 70.0586 -37.8398 1.09375 76.75 -42.6953 -3.60156 72.16801 -42.0156 -0.8125 84.6875 -45.332 -3.29297 78.0078 -44.4141 -3.99609 90.1055 -45.1875 -2.73438 85.79301 -50.0586 -8.66406 85.4375 -36.7734 -3.05078 88.3125 -29.5195 -3.76953 78.9063 -25.7539 -8.48828 72.8945 -24.1133 -11.2109 76.3477 -25.125 -15.6953 72.7734 -23.9648 -14.5469 84.6016 -25.1875 -17.8789 79.3828 -26.5781 -18.75 89.7109 -27.2422 -20.9766 84.54301 -32.6563 -26.2969 85.7383 25.1445 -8.07422 78.4766 27.625 -0.921875 73.2031 31.7305 2.54688 69.8359 27.9766 -1.46484 68.9883 41.5156 -7.26953 89.4414 46.9922 -13.1914 84.9844 47.9766 -16.5 90.1016 48.832 -17.5781 83.7188 46.4648 -20.7656 83.4844 43.8594 -17.832 78.8945 41.043 -17.0391 80.7656 41.2461 -14.2852 78.3164 40.8359 -11.9258 80.0469 43.2461 -12.5117 78.3945 45.582 -12.4453 81.2383 46.5938 -15.3828 79.0117 33.5781 -21.9141 77.9688 27.5273 -21.9648 79.7344 33.3984 -22.8828 80.0898 27.2422 -20.9766 84.54301 32.8516 -21.3438 84.3906 32.6563 -26.2969 85.7383 34.0039 -22.0195 84.1992 33.1406 -26.2578 84.5117 33.582 -21.4258 84.7969 32.2813 -24.7188 80.2539 33.4102 -20.0547 83.457 33.1797 -20.2188 80.1602 36.918 -19.3594 81.0234 -33.1797 -20.2188 80.1602 -33.5156 -22.4219 77.0781 -32.2813 -24.7188 80.2539 -35.6836 -25.0781 77.2852 -37.6992 -28.3398 84.0234 -40.6836 -26.2383 83.9531 -38.9922 -25.1563 91.1836 -39.4492 -21.9375 86.5898 -35.2188 -20.7109 93.7969 -31.4922 -23.7305 91.2344 -22.9102 -9.94531 68.9961 -23.6602 -4.78906 70.1094 -26.8867 -0.214844 70.4141 -24.3984 -5.49609 72.8945 -27.625 -0.921875 73.2031 -28.6836 -2.06641 73.75 -33.9844 -0.359375 78.3828 27.5273 -21.9648 79.7344 25.1875 -17.8789 79.3828 27.2422 -20.9766 84.54301 26.5781 -18.75 89.7109 32.6563 -26.2969 85.7383 31.4922 -23.7305 91.2344 35.5234 -27.5313 89.1797 35.2188 -20.7109 93.7969 38.9922 -25.1563 91.1836 39.4492 -21.9375 86.5898 40.6836 -26.2383 83.9531 38.9492 -21.6328 84.4648 36.918 -19.3594 81.0234 42.9688 -9.90625 84.1289 45.1289 -12.9023 85.9922 46.1328 -12.668 91.0391 48.5977 -15.4297 88.6211 50.4102 -12.418 87.9727 49.1719 -15.7305 81.1445 50.9375 -12.9844 81.1211 45.0156 -11.3984 78.3438 47.2852 -9.48047 78.0586 45.1289 -7.65625 79.3281 47.4805 -7.91016 80.4297 44.0859 -8.035161 82.0742 40.3203 -19.4609 78.707 42.0117 -21.9688 81.1055 37.5039 -20.1602 78.7969 39.6172 -24.3633 81.7891 33.5781 -21.9141 77.9688 31.9844 -28.0625 80.5977 28.2852 -23.5078 75.0078 32.1953 -22.1055 70.0977 31.6484 -18.625 68.8125 -36.918 -19.3594 81.0234 -33.1797 -20.2188 80.1602 -33.4102 -20.0547 83.457 -32.2813 -24.7188 80.2539 -33.582 -21.4258 84.7969 -33.1406 -26.2578 84.5117 -34.0039 -22.0195 84.1992 -32.6563 -26.2969 85.7383 -32.8516 -21.3438 84.3906 -27.2422 -20.9766 84.54301 -33.3984 -22.8828 80.0898 -46.1328 -12.668 91.0391 -45.1289 -12.9023 85.9922 -48.5977 -15.4297 88.6211 -46.0469 -14.2031 82.7578 -49.1719 -15.7305 81.1445 -43.6484 -11.2773 80.7734 -45.0156 -11.3984 78.3438 -43.3711 -9.125 79.5547 -45.1289 -7.65625 79.3281 -44.0859 -8.035161 82.0742 -47.4805 -7.91016 80.4297 45.668 -9.32813 74.7109 42.9688 -9.90625 84.1289 44.8555 -6.75781 83.5078 45.1289 -12.9023 85.9922 46.0156 -9.125 82.9727 46.0469 -14.2031 82.7578 46.4453 -9.51953 84.0742 43.6484 -11.2773 80.7734 45.1172 -8.410161 83.29301 44.0859 -8.035161 82.0742 47.4805 -7.91016 80.4297 -32.1953 -22.1055 70.0977 -31.6484 -18.625 68.8125 -26.9063 -14.2852 71.1172 -32.6953 -16.2617 69.0859 -25.5781 -15.0078 70.16801 -29.6719 -17.3945 68.4805 -24.8438 -14.3008 67.3828 -28.9336 -16.6875 65.6914 33.1406 -26.2578 84.5117 37.6992 -28.3398 84.0234 32.2813 -24.7188 80.2539 35.6836 -25.0781 77.2852 33.5156 -22.4219 77.0781 35.4922 -20.1289 77.3867 33.1797 -20.2188 80.1602 -32.4688 1.83984 72.625 -31.7305 2.54688 69.8359 42.9609 -20.8867 77.8359 43.9102 -24.0234 78.9258 40.6406 -27.2578 78.375 35.2695 -29.2266 75.7383 46.0469 -14.2031 82.7578 43.6484 -11.2773 80.7734 43.3711 -9.125 79.5547 -50.4102 -12.418 87.9727 -50.9375 -12.9844 81.1211 -47.2852 -9.48047 78.0586 -33.5234 -16.6094 83.8281 -39.4492 -21.9375 86.5898 -38.9492 -21.6328 84.4648 -27.5273 -21.9648 79.7344 -28.2852 -23.5078 75.0078 -31.9844 -28.0625 80.5977 -35.2695 -29.2266 75.7383 -40.6406 -27.2578 78.375 50.7148 -10.7266 82.5391 50.0586 -8.66406 85.4375 45.1875 -2.73438 85.79301 -42.9688 -9.90625 84.1289 -48.207 -9.61719 89.9609 -50.7148 -10.7266 82.5391 41.5156 -7.26953 89.4414 39.625 -10.6953 86.3438 46.9922 -13.1914 84.9844 43.3594 -14.4883 82.5273 45.582 -12.4453 81.2383 42.9844 -13.9688 83.6797 40.8359 -11.9258 80.0469 41.043 -17.0391 80.7656 -37.9688 -23.4648 83.3477 -41.2578 -24.2656 91.2734 -37.0469 -22.6602 89.0469 -36.8555 -20.0859 94.0781 41.2617 -0.742188 69.6406 41.375 -3.83594 70.0586 37.8398 1.09375 76.75 42.0156 -0.8125 84.6875 42.6953 -3.60156 72.16801 45.332 -3.29297 78.0078 44.4141 -3.99609 90.1055 48.207 -9.61719 89.9609 38.293 -22.1758 77.5664 23.6602 -4.78906 70.1094 24.3984 -5.49609 72.8945 -23.6484 -10.6523 71.7852 -37.6211 -0.902344 66.5781 -32.2656 -11.5703 65.2891 -25.9688 -11.5078 66.9688 -31.3203 -16.5859 65.0898 -28.9336 -16.6875 65.6914 -32.6328 -17.2695 67.7266 -29.6719 -17.3945 68.4805 -32.6953 -16.2617 69.0859 29.6719 -17.3945 68.4805 32.6953 -16.2617 69.0859 -33.5234 -16.6094 83.8281 -37.3711 -12.7578 84.29301 -38.7695 -18.4883 85.8828 -42.5117 -17.5469 89.3398 -38.0078 -17.8242 85.1602 -43.6289 -18.375 83.5625 -40.1367 -14.9453 80.8047 38.9492 -21.6328 84.4648 39.4492 -21.9375 86.5898 38.7695 -18.4883 85.8828 37.9688 -23.4648 83.3477 38.0078 -17.8242 85.1602 35.082 -19.5469 80.5469 36.2461 -15.6016 83.4063 35.8438 -15.2891 80.5898 40.1367 -14.9453 80.8047 -42.9609 -20.8867 77.8359 -40.3203 -19.4609 78.707 -42.0117 -21.9688 81.1055 -37.5039 -20.1602 78.7969 -39.6172 -24.3633 81.7891 -33.5781 -21.9141 77.9688 -50.7148 -10.7266 82.5391 -47.4805 -7.91016 80.4297 -46.4453 -9.51953 84.0742 -45.1172 -8.410161 83.29301 -43.6484 -11.2773 80.7734 -44.0859 -8.035161 82.0742 50.0586 -8.66406 85.4375 45.1875 -2.73438 85.79301 -41.5156 -7.26953 89.4414 -46.9922 -13.1914 84.9844 -39.625 -10.6953 86.3438 -43.3594 -14.4883 82.5273 -41.7148 -18.1328 85.207 -41.043 -17.0391 80.7656 -45.582 -12.4453 81.2383 -42.9844 -13.9688 83.6797 -40.8359 -11.9258 80.0469 -33.1406 -26.2578 84.5117 -35.5234 -27.5313 89.1797 -46.4648 -20.7656 83.4844 -45.0859 -19.5273 90.9922 -41.7148 -18.1328 85.207 -36.3867 -12.3555 90.04301 37.3711 -12.7578 84.29301 42.5117 -17.5469 89.3398 43.6289 -18.375 83.5625 -36.918 -19.3594 81.0234 -35.4922 -20.1289 77.3867 -38.293 -22.1758 77.5664 -45.1875 -2.73438 85.79301 -50.0586 -8.66406 85.4375 -44.8555 -6.75781 83.5078 -46.0156 -9.125 82.9727 -45.1289 -12.9023 85.9922 -46.0469 -14.2031 82.7578 -43.9102 -24.0234 78.9258 -42.0391 -16.3789 93.7617 37.9688 -23.4648 83.3477 41.2578 -24.2656 91.2734 37.0469 -22.6602 89.0469 36.8555 -20.0859 94.0781 33.5234 -16.6094 83.8281 37.0469 -22.6602 89.0469 -35.8438 -15.2891 80.5898 -36.2461 -15.6016 83.4063 -35.082 -19.5469 80.5469 -42.9688 -9.90625 84.1289 -45.668 -9.32813 74.7109 -45.332 -3.29297 78.0078 26.8867 -0.214844 70.4141 50.7148 -10.7266 82.5391 43.6289 -18.375 83.5625 -43.6289 -18.375 83.5625 -38.9492 -21.6328 84.4648 33.5234 -16.6094 83.8281 37.6211 -0.902344 66.5781 25.9688 -11.5078 66.9688 32.2656 -11.5703 65.2891 31.3203 -16.5859 65.0898 32.6953 -16.2617 69.0859 32.6328 -17.2695 67.7266 29.6719 -17.3945 68.4805 28.9336 -16.6875 65.6914 -37.9688 -23.4648 83.3477 -33.5781 -21.9141 77.9688 -27.5273 -21.9648 79.7344 36.3867 -12.3555 90.04301 41.7148 -18.1328 85.207 -37.0469 -22.6602 89.0469 45.332 -3.29297 78.0078 -36.3867 -12.3555 90.04301</float_array>
          <technique_common>
            <accessor source="#meshId3_name-mesh-positions-array" count="380" stride="3">
              <param name="X" type="float"/>
              <param name="Y" type="float"/>
              <param name="Z" type="float"/>
            </accessor>
          </technique_common>
        </source>
        <source id="meshId3_name-mesh-normals">
          <float_array id="meshId3_name-mesh-normals-array" count="1140">-0.740116 -0.3808528 -0.5542377 -0.3497501 0.1552094 -0.9238967 -0.3872129 -0.5654418 -0.7282457 -0.9047349 -0.00610876 -0.4259315 -0.4964882 -0.6967812 0.5176829 -0.7093425 -0.2594622 0.6553722 -0.8434797 -0.517821 0.1428409 -0.8239166 0.1255543 0.5526279 -0.8429944 -0.212107 -0.4943391 -0.9753068 0.1848775 -0.1208177 -0.9730678 0.002962112 0.2305004 -0.750626 0.4547877 0.4793005 -0.4059432 0.06397426 0.9116564 -0.1138743 0.2554332 0.9600971 0.6150853 0.2110036 0.7597025 0.814305 0.5799384 -0.02405911 0.8934427 -0.04438066 0.4469794 0.9499242 -0.09718042 -0.296985 0.08492624 -0.9388907 -0.3335743 -0.2344387 -0.5078825 -0.8289113 -0.9586737 -0.2688271 -0.09314978 -0.6878759 0.1066945 -0.7179437 -0.6577964 0.7364743 -0.157828 -0.002866625 0.7308985 -0.6824803 0.3647575 0.9298568 -0.04815107 0.5648632 0.2317475 -0.791974 0.104067 0.8795993 -0.4641932 0.2825143 0.8274337 -0.4853239 -0.2019423 0.3525837 -0.9137309 0.3880794 0.7163707 0.5798339 -0.01951259 0.7382567 0.6742376 0.08420342 0.811114 0.5787952 -0.4627238 0.5388053 0.7039713 -0.3825548 0.8937047 0.2344015 -0.6439995 0.7214233 0.2545843 -0.2715163 0.8064477 0.5252819 -0.5318839 0.6461347 0.547366 -0.1074498 0.2857662 0.9522564 0.7442411 0.3195265 0.5865221 -0.2101668 -0.5570253 0.803463 0.01693099 -0.8716026 0.4899208 -0.7448363 -0.6668006 -0.02441066 -0.8828076 -0.4608209 -0.0910772 0.5318881 0.6461343 0.5473625 0.7506265 0.4547861 0.4793011 0.8506581 0.5037655 0.1503375 0.1138743 0.2554342 0.9600968 0.1074573 0.2857753 0.9522529 -0.7442296 0.3195483 0.5865249 -0.7386677 0.6612897 -0.1306366 -0.9115079 0.07348918 0.404664 -0.5275878 0.8473607 -0.06025773 -0.9886283 -0.05739986 -0.1389946 -0.3268631 0.9433974 0.05623036 -0.6802824 0.1385888 -0.7197285 -0.1447861 0.6296356 -0.7632798 0.1046384 -0.6259059 -0.7728471 0.5874109 -0.0539909 -0.8074859 0.9659198 -0.2588261 -0.002853333 0.6775178 0.735446 -0.009431719 0.4051269 0.06445145 0.9119859 -0.6150879 0.2109965 0.7597022 -0.8142926 0.5799565 -0.02404373 -0.8934479 -0.04438257 0.4469687 -0.949925 -0.09718108 -0.2969823 -0.08492618 -0.9388907 -0.3335744 0.2344387 -0.507882 -0.8289115 0.9586698 -0.2688456 -0.09313625 0.6878757 0.1066954 -0.7179437 0.6577978 0.736473 -0.1578282 0.002875387 0.730896 -0.6824828 -0.3647397 0.929863 -0.04816508 -0.5648587 0.2317466 -0.7919774 0.2019385 0.3525824 -0.9137323 0.3690967 0.376237 -0.8498314 0.3497474 0.1551797 -0.9239026 -0.1040714 0.8795989 -0.4641928 -0.2824609 0.8274304 -0.4853605 -0.3880257 0.7163879 0.5798488 -0.5822615 0.5888814 0.560527 -0.08420336 0.811114 0.5787953 -0.6258563 0.6982915 0.3474088 -0.1143025 0.9923282 -0.04711502 -0.4693421 0.8386822 -0.2762793 -0.2132239 0.9472991 0.239082 -0.7691492 0.6390636 -0.002718389 -0.4646959 0.6833677 0.5630864 -0.8295461 0.5515798 -0.08725357 -0.8247923 0.5355275 -0.1814609 0.2715101 0.8064506 0.5252808 0.6440001 0.721423 0.2545836 0.8239166 0.1255511 0.5526288 0.9753068 0.1848776 -0.1208179 0.8429944 -0.2121069 -0.4943392 0.9730681 0.002962291 0.2304989 0.9176954 -0.3972328 -0.006430864 0.8137295 -0.3376882 0.4730868 0.6823432 -0.7240386 -0.1008759 0.7482824 -0.6497976 -0.1335533 -0.8506576 0.5037669 0.1503353 -0.4139966 0.4821674 0.7720891 -0.3098189 0.8847278 -0.3482369 -0.3690963 0.3762373 -0.8498315 0.9115113 0.07348662 0.4046567 0.5275879 0.8473612 -0.06025075 0.7386676 0.6612899 -0.1306365 0.9886288 -0.05740141 -0.1389909 0.1078765 -0.982023 -0.154899 -0.1046385 -0.6259001 -0.7728519 -0.965924 -0.2588098 -0.002874612 -0.5874122 -0.05399096 -0.807485 -0.6775302 0.7354345 -0.009433329 0.1447895 0.629633 -0.7632813 0.3268738 0.9433929 0.05624443 0.6802898 0.138589 -0.7197214 0.3545153 -0.9350484 0.001900076 -0.6219671 -0.7630498 0.175818 -0.5273858 -0.3864342 0.756659 -0.6823617 -0.7240167 -0.1009078 0.4740821 -0.5978502 -0.646391 -0.7482368 -0.6498423 -0.1335915 -0.5010417 0.4410989 -0.7445731 -0.874649 -0.4847568 -3.26812e-4 -0.6206733 0.6285958 0.468649 -0.9505455 -0.230849 -0.2077791 -0.6760563 0.6863866 0.2679953 -0.6969233 0.6894387 -0.1974139 0.285604 0.9580629 -0.02336806 0.9505426 -0.2308783 -0.2077593 0.6588249 0.09063756 -0.7468163 0.696892 0.68944 -0.1975197 0.09681195 -0.6333472 -0.7677883 -0.08552372 -0.9801725 -0.1787392 -0.961382 -0.2603637 -0.08919245 -0.7760246 -0.2597144 0.5747472 -0.7948296 0.5935611 0.1262194 -0.3791095 0.06375002 0.9231534 0.5206706 -0.6360751 0.5694829 0.9047349 -0.00610876 -0.4259313 0.8553709 0.4071078 -0.3203186 0.6546471 0.71001 -0.2594668 0.6636345 0.1358788 0.7356129 0.4140009 0.4821617 0.7720903 0.4627282 0.5388066 0.7039675 0.3825563 0.8937041 0.234401 -0.6823457 -0.7240356 -0.1008802 -0.9176962 -0.3972309 -0.006431162 -0.6219712 -0.7630586 0.175766 -0.8137295 -0.3376885 0.4730867 -0.7482717 -0.6498053 -0.133576 -0.5206791 -0.6361088 0.5694373 -0.1788809 -0.9083003 0.3781433 0.3791092 0.06374925 0.9231534 0.7760252 -0.2597289 0.5747398 0.794831 0.5935608 0.1262112 0.961382 -0.2603625 -0.0891962 0.5973762 0.7237765 0.3453831 0.2856275 0.9580544 -0.02342522 -0.7538109 -0.6261835 -0.1991568 -0.1331762 -0.9023752 -0.4098576 -0.1554928 -0.5512139 0.8197472 0.09633016 -0.8912389 0.4431861 0.9169129 -0.05358803 0.3954733 0.02549284 -0.9155773 -0.4013335 0.9264815 -0.09055572 -0.365283 -0.4420904 -0.3758488 -0.8144286 0.3421589 0.3554961 -0.8697987 -0.1885173 0.8702544 -0.4551027 0.373746 0.9268726 -0.03494614 -0.6270493 0.7151317 0.3088622 -0.2762252 0.4897509 0.8269485 0.5475861 0.3812528 0.7448462 0.1851445 0.7134291 0.6758258 0.05828952 -0.1210663 0.9909315 -0.5273677 -0.386503 0.7566365 -0.4490791 -0.5252264 0.7228177 -0.8146798 -0.572482 -0.09252774 -0.5982087 -0.5791122 -0.5538733 -0.5491697 -0.213685 -0.8079302 0.6760742 0.6863595 0.2680194 0.6969472 0.6894105 -0.1974278 -0.2855552 0.9580766 -0.02340358 0.950546 -0.2308346 -0.2077925 0.6206507 0.6286141 0.4686545 0.8746512 -0.4847528 -2.92271e-4 0.501037 0.4411246 -0.744561 0.7482239 -0.6498553 -0.133601 -0.4740794 -0.5978525 -0.6463909 0.6823605 -0.7240192 -0.1008979 -0.354522 -0.9350458 0.001868307 -0.09632217 -0.8912302 0.4432051 0.7538003 -0.6261951 -0.1991606 0.1554933 -0.5512177 0.8197444 0.8337232 -0.5504322 -0.04393398 -0.02549719 -0.9155844 -0.4013167 0.9232917 -0.3347777 0.1882988 0.4420888 -0.3758415 -0.8144327 0.8911538 0.2157011 -0.3991467 0.188519 0.8702547 -0.4551014 0.6270263 0.7151528 0.3088601 -0.3737588 0.9268677 -0.03493887 0.8101503 -0.1850526 -0.5562483 -0.1332213 -0.9023719 -0.4098502 0.9546853 -0.2602204 0.1444348 -0.7538145 -0.6261817 -0.199149 -0.1588638 0.2172659 -0.9630981 -0.8337157 -0.5504442 -0.04392641 -0.6216719 0.7770148 -0.09885382 -0.9232995 -0.3347513 0.1883074 -0.3788334 0.5427795 0.7495838 -0.6270204 0.715142 0.308897 0.3737048 0.9268907 -0.03490364 0.5491657 -0.2136892 -0.8079319 0.5982152 -0.5791442 -0.5538327 0.8434708 -0.5178326 0.1428515 0.1663283 -0.9420083 0.2914711 0.4964935 -0.6967763 0.5176844 0.1053988 -0.9483189 0.2993034 0.7401121 -0.3808559 -0.5542408 0.3872236 -0.5654327 -0.7282471 -0.8746996 -0.4846653 -2.8719e-4 0.08552491 -0.980172 -0.1787415 -0.9505447 -0.23089 -0.2077371 -0.09681618 -0.6333385 -0.7677949 -0.6588275 0.09062856 -0.7468152 -0.0497334 0.7587187 -0.6495172 -0.696897 0.6894344 -0.1975217 0.01951414 0.7382586 0.6742355 0.3098189 0.8847277 -0.3482371 0.7096987 0.5807967 0.3987518 0.7808942 -0.06408077 0.6213678 0.3705168 -0.6833589 0.6290771 -0.2122225 -0.9753894 0.05980956 -0.8337202 -0.5504384 -0.04391264 -0.9232739 -0.3348171 0.1883158 -0.8911544 0.2157008 -0.3991457 -0.9169111 -0.05358421 0.3954781 -0.926499 -0.09049731 -0.3652533 -0.3421564 0.355496 -0.8697998 -0.851113 -0.1030806 -0.5147632 -0.7947768 0.5936232 0.1262597 -0.5974673 0.7237004 0.345385 0.6219677 -0.7630576 0.1757823 0.8146703 -0.5724967 -0.09251904 0.4490669 -0.5252296 0.7228228 0.2122189 -0.9753906 0.05980253 -0.3705192 -0.68336 0.6290744 0.7364076 0.6408641 -0.2167881 0.8248032 0.5355358 -0.1813873 0.8295859 0.5515191 -0.08725941 0.1331872 -0.9023613 -0.4098845 -0.6993582 0.2550702 0.6677106 -0.7364041 0.6408622 -0.2168055 0.5276405 0.8473299 -0.0602293 -0.3930507 0.367129 -0.8430466 0.7385981 0.6613677 -0.1306352 -0.7062325 0.6961956 -0.1286369 0.3269421 0.94337 0.05623275 -0.567877 0.5783779 0.5856577 -0.6775479 0.7354179 -0.009455025 -0.9659005 -0.2588971 -0.002935767 0.8392865 -0.5397565 0.06527894 -0.07155162 -0.874395 0.4799102 0.6314806 -0.7753513 -0.007921934 0.2253423 -0.5517373 0.8029987 0.6258487 0.6982972 0.3474113 0.5822612 0.5888816 0.560527 0.1143015 0.9923284 -0.04711246 0.2132239 0.947299 0.239082 0.769142 0.6390725 -0.002677977 0.4693419 0.8386822 -0.2762793 0.4646911 0.6833895 0.5630641 0.6993564 0.2550736 0.6677111 0.7103172 0.1933075 -0.6768174 -0.8553705 0.4071117 -0.320315 -0.6636349 0.1358787 0.7356125 0.7093378 -0.2594685 0.6553748 0.3497244 0.1551858 -0.9239103 0.2518375 0.1642462 -0.9537302 0.2019639 0.3525506 -0.9137389 0.1805122 -0.5807802 -0.7937946 0.3871422 -0.5654329 -0.7282902 -0.08938455 -0.977997 0.1885004 0.1053817 -0.9483472 0.2992194 0.1663702 -0.9419732 0.2915602 -0.1054142 -0.9483196 0.2992955 -0.1663476 -0.9420028 0.2914778 -0.01715087 0.1290363 -0.9914916 -0.5048702 -0.1145159 -0.8555656 -0.1970347 -0.4190532 -0.8863248 -0.8143035 0.5799403 -0.02406424 0.6001667 0.6688866 0.4386236 -0.607495 0.786813 0.1089732 -0.3647127 0.9298768 -0.04810225 0.5974701 0.72371 0.3453598 0.7948205 0.5935791 0.1261916 -0.600214 0.6688539 0.4386088 -0.8392573 -0.5398045 0.06525623 0.0171765 0.128995 -0.9914966 -0.9586853 -0.2687899 -0.0931369 -0.5749018 0.6218728 0.5317539 -0.6578067 0.73649 -0.1577113 0.3647328 0.9298692 -0.04809641 -0.5475853 0.3812529 0.7448468 -0.1851437 0.7134271 0.6758281 -0.7097064 0.5808044 0.3987269 0.2762256 0.4897512 0.8269482 -0.05828928 -0.1210662 0.9909316 0.5273428 -0.3865174 0.7566466 0.6216322 0.7770451 -0.09886425 -0.3737218 0.9268839 -0.03490304 -0.7364047 0.6408631 -0.2168008 0.3788352 0.5427746 0.7495864 0.9232824 -0.3347941 0.1883155 0.6270377 0.7151286 0.308893 0.8247824 0.5355455 -0.181453 0.8295515 0.5515769 -0.08721995 0.3930506 0.3671291 -0.8430466 -0.527639 0.8473312 -0.06022441 -0.7386711 0.6612719 -0.1307078 0.7062683 0.6961584 -0.1286416 0.8827859 -0.4608616 -0.09107989 0.9659041 -0.2588831 -0.002950012 -0.3269263 0.9433764 0.05621522 0.5678483 0.5784064 0.5856572 0.677496 0.7354658 -0.009445965 0.8746802 -0.4847006 -3.2644e-4 0.17888 -0.9083006 0.3781428 -0.1078828 -0.9820248 -0.1548827 -0.01693671 -0.8716076 0.4899116 0.8828042 -0.4608238 -0.0910958 0.7448489 -0.6667869 -0.02440327 0.8143018 0.5799427 -0.02406227 0.5048695 -0.1145134 -0.8555662 0.6074917 0.7868176 0.1089587 0.04975116 0.758713 -0.6495225 -0.2856357 0.9580524 -0.02340883 -0.7103199 0.1933069 -0.6768146 -0.810156 -0.1850594 -0.5562377 -0.8248139 0.5355141 -0.1814025 -0.8295639 0.5515468 -0.0872932 0.158889 0.2172651 -0.9630941 0.7538042 -0.6261906 -0.1991602 0.8337161 -0.5504431 -0.04393029 -0.7808961 -0.06408262 0.6213653 0.2101667 -0.5570254 0.8034629 -0.8392909 -0.5397511 0.06526744 0.07154822 -0.8743911 0.4799177 -0.6314995 -0.7753361 -0.007905125 -0.2253364 -0.5517389 0.8029993 0.1970344 -0.4190536 -0.8863249 -0.6314471 -0.7753784 -0.007952153 0.5748987 0.6218768 0.5317525 0.6577965 0.7364995 -0.15771 0.9586637 -0.2688754 -0.09311372 -0.9546838 -0.2602191 0.144447 0.133218 -0.9023752 -0.409844 -0.7691439 0.63907 -0.00270611 -0.6544359 0.7102018 -0.2594745 0.736405 0.6408636 -0.2167987 0.6074728 0.7868304 0.1089719 -0.6074702 0.7868334 0.1089644 -0.5973814 0.7237685 0.3453906 0.8511127 -0.103081 -0.5147634 -0.251838 0.1642462 -0.9537301 -0.3497228 0.1552138 -0.9239063 -0.2019471 0.352545 -0.9137448 -0.1805123 -0.5807804 -0.7937945 -0.105395 -0.9483476 0.2992139 0.08939993 -0.9779853 0.1885542 -0.1663616 -0.9419773 0.2915519 -0.3871449 -0.5654294 -0.7282915 0.8392574 -0.5398044 0.06525671 0.621977 -0.7630518 0.175775 0.5273581 -0.3864442 0.7566732 -0.8828036 -0.4608374 -0.09103161 -0.7448045 -0.6668354 -0.02442926 0.631515 -0.7753236 -0.007885694 0.769144 0.6390699 -0.002705454 0.7448071 -0.6668328 -0.02442693</float_array>
          <technique_common>
            <accessor source="#meshId3_name-mesh-normals-array" count="380" stride="3">
              <param name="X" type="float"/>
              <param name="Y" type="float"/>
              <param name="Z" type="float"/>
            </accessor>
          </technique_common>
        </source>
        <source id="meshId3_name-mesh-map-0">
          <float_array id="meshId3_name-mesh-map-0-array" count="3192">0.09960937 0.651855 0.0820313 0.69043 0.0976563 0.613281 0.09960937 0.651855 0.100098 0.678223 0.0820313 0.69043 0.157227 0.651855 0.100098 0.678223 0.09960937 0.651855 0.157227 0.651855 0.157715 0.678223 0.100098 0.678223 0.178223 0.672363 0.157715 0.678223 0.157227 0.651855 0.178223 0.672363 0.178223 0.714844 0.157715 0.678223 0.227539 0.640137 0.178223 0.714844 0.178223 0.672363 0.227539 0.640137 0.228516 0.675293 0.178223 0.714844 0.357422 0.652344 0.228516 0.675293 0.227539 0.640137 0.357422 0.652344 0.372559 0.713867 0.228516 0.675293 0.516113 0.719727 0.372559 0.713867 0.357422 0.652344 0.516113 0.719727 0.51416 0.804199 0.372559 0.713867 0.599609 0.795898 0.51416 0.804199 0.516113 0.719727 0.599609 0.795898 0.62793 0.797852 0.51416 0.804199 0.629395 0.792969 0.62793 0.797852 0.599609 0.795898 0.629395 0.792969 0.777832 0.789551 0.62793 0.797852 0.77832 0.739258 0.777832 0.789551 0.629395 0.792969 0.77832 0.739258 0.884277 0.739258 0.777832 0.789551 0.881348 0.720215 0.884277 0.739258 0.77832 0.739258 0.881348 0.720215 0.932617 0.75293 0.884277 0.739258 0.980469 0.766113 0.932617 0.75293 0.881348 0.720215 0.980469 0.766113 0.932129 0.773926 0.932617 0.75293 0.881348 0.806152 0.932129 0.773926 0.980469 0.766113 0.881348 0.806152 0.884277 0.788574 0.932129 0.773926 0.777832 0.789551 0.884277 0.788574 0.881348 0.806152 0.777832 0.789551 0.884277 0.739258 0.884277 0.788574 0.09960937 0.932129 0.09960937 0.953125 0.0820313 0.914551 0.09960937 0.932129 0.157227 0.932129 0.09960937 0.953125 0.157227 0.884277 0.157227 0.932129 0.09960937 0.932129 0.157227 0.884277 0.178223 0.898926 0.157227 0.932129 0.178223 0.806641 0.178223 0.898926 0.157227 0.884277 0.178223 0.806641 0.237305 0.878418 0.178223 0.898926 0.247559 0.804199 0.237305 0.878418 0.178223 0.806641 0.247559 0.804199 0.376953 0.891113 0.237305 0.878418 0.379395 0.803711 0.376953 0.891113 0.247559 0.804199 0.379395 0.803711 0.504883 0.903809 0.376953 0.891113 0.51416 0.804199 0.504883 0.903809 0.379395 0.803711 0.51416 0.804199 0.587402 0.888184 0.504883 0.903809 0.593262 0.819336 0.587402 0.888184 0.51416 0.804199 0.593262 0.819336 0.616211 0.82373 0.587402 0.888184 0.623535 0.808105 0.616211 0.82373 0.593262 0.819336 0.623535 0.808105 0.753418 0.806641 0.616211 0.82373 0.379395 0.803711 0.372559 0.713867 0.246094 0.716797 0.379395 0.803711 0.51416 0.804199 0.372559 0.713867 0.504883 0.903809 0.51416 0.804199 0.379395 0.803711 0.504883 0.903809 0.587402 0.888184 0.51416 0.804199 0.616211 0.897949 0.587402 0.888184 0.504883 0.903809 0.616211 0.897949 0.616211 0.882324 0.587402 0.888184 0.75293 0.896973 0.616211 0.882324 0.616211 0.897949 0.75293 0.896973 0.754395 0.880371 0.616211 0.882324 0.847656 0.891602 0.754395 0.880371 0.75293 0.896973 0.847656 0.891602 0.848633 0.876465 0.754395 0.880371 0.889648 0.866699 0.848633 0.876465 0.847656 0.891602 0.889648 0.866699 0.849121 0.830078 0.848633 0.876465 0.889648 0.834961 0.849121 0.830078 0.889648 0.866699 0.889648 0.834961 0.848145 0.811523 0.849121 0.830078 0.97998 0.855957 0.848145 0.811523 0.889648 0.834961 0.51416 0.804199 0.516113 0.719727 0.372559 0.713867 0.51416 0.804199 0.599609 0.795898 0.516113 0.719727 0.62793 0.797852 0.599609 0.795898 0.51416 0.804199 0.62793 0.797852 0.629395 0.792969 0.599609 0.795898 0.777832 0.789551 0.629395 0.792969 0.62793 0.797852 0.777832 0.789551 0.77832 0.739258 0.629395 0.792969 0.884277 0.739258 0.77832 0.739258 0.777832 0.789551 0.884277 0.739258 0.881348 0.720215 0.77832 0.739258 0.932617 0.75293 0.881348 0.720215 0.884277 0.739258 0.932617 0.75293 0.980469 0.766113 0.881348 0.720215 0.932129 0.773926 0.980469 0.766113 0.932617 0.75293 0.932129 0.773926 0.881348 0.806152 0.980469 0.766113 0.884277 0.788574 0.881348 0.806152 0.932129 0.773926 0.884277 0.788574 0.777832 0.789551 0.881348 0.806152 0.884277 0.739258 0.777832 0.789551 0.884277 0.788574 0.0820313 0.914551 0.0820313 0.806641 0.0820313 0.69043 0.0820313 0.914551 0.09960937 0.932129 0.0820313 0.806641 0.09960937 0.953125 0.09960937 0.932129 0.0820313 0.914551 0.09960937 0.953125 0.157227 0.932129 0.09960937 0.932129 0.157227 0.953125 0.157227 0.932129 0.09960937 0.953125 0.157227 0.953125 0.178223 0.898926 0.157227 0.932129 0.180664 0.924805 0.178223 0.898926 0.157227 0.953125 0.180664 0.924805 0.219238 0.933105 0.178223 0.898926 0.226074 0.942871 0.219238 0.933105 0.180664 0.924805 0.226074 0.942871 0.363281 0.959473 0.219238 0.933105 0.356445 0.978027 0.363281 0.959473 0.226074 0.942871 0.356445 0.978027 0.481445 0.963867 0.363281 0.959473 0.475098 0.980957 0.481445 0.963867 0.356445 0.978027 0.475098 0.980957 0.590332 0.984863 0.481445 0.963867 0.504883 0.903809 0.363281 0.959473 0.481445 0.963867 0.504883 0.903809 0.376953 0.891113 0.363281 0.959473 0.379395 0.803711 0.376953 0.891113 0.504883 0.903809 0.379395 0.803711 0.247559 0.804199 0.376953 0.891113 0.246094 0.716797 0.247559 0.804199 0.379395 0.803711 0.246094 0.716797 0.178223 0.714844 0.247559 0.804199 0.228516 0.675293 0.178223 0.714844 0.246094 0.716797 0.228516 0.675293 0.227539 0.640137 0.178223 0.714844 0.357422 0.652344 0.227539 0.640137 0.228516 0.675293 0.357422 0.652344 0.348633 0.631836 0.227539 0.640137 0.482422 0.647461 0.348633 0.631836 0.357422 0.652344 0.482422 0.647461 0.46582 0.617676 0.348633 0.631836 0.612305 0.626465 0.46582 0.617676 0.482422 0.647461 0.379395 0.803711 0.372559 0.713867 0.51416 0.804199 0.379395 0.803711 0.246094 0.716797 0.372559 0.713867 0.247559 0.804199 0.246094 0.716797 0.379395 0.803711 0.247559 0.804199 0.178223 0.714844 0.246094 0.716797 0.178223 0.806641 0.178223 0.714844 0.247559 0.804199 0.178223 0.806641 0.157227 0.806641 0.178223 0.714844 0.157227 0.884277 0.157227 0.806641 0.178223 0.806641 0.157227 0.884277 0.09960937 0.884277 0.157227 0.806641 0.09960937 0.932129 0.09960937 0.884277 0.157227 0.884277 0.09960937 0.932129 0.0820313 0.806641 0.09960937 0.884277 0.0820313 0.914551 0.0820313 0.806641 0.09960937 0.932129 0.0820313 0.914551 0.0820313 0.69043 0.0820313 0.806641 0.616211 0.882324 0.75293 0.896973 0.616211 0.897949 0.616211 0.882324 0.754395 0.880371 0.75293 0.896973 0.754395 0.82666 0.754395 0.880371 0.616211 0.882324 0.754395 0.82666 0.849121 0.830078 0.754395 0.880371 0.848145 0.811523 0.849121 0.830078 0.754395 0.82666 0.848145 0.811523 0.889648 0.834961 0.849121 0.830078 0.97998 0.855957 0.889648 0.834961 0.848145 0.811523 0.97998 0.855957 0.889648 0.866699 0.889648 0.834961 0.847656 0.891602 0.889648 0.866699 0.97998 0.855957 0.847656 0.891602 0.848633 0.876465 0.889648 0.866699 0.754395 0.880371 0.848633 0.876465 0.847656 0.891602 0.754395 0.880371 0.849121 0.830078 0.848633 0.876465 0.488281 0.174316 0.529297 0.141113 0.509766 0.135742 0.488281 0.174316 0.572754 0.126953 0.529297 0.141113 0.555176 0.170898 0.572754 0.126953 0.488281 0.174316 0.555176 0.170898 0.662109 0.112305 0.572754 0.126953 0.663086 0.158203 0.662109 0.112305 0.555176 0.170898 0.663086 0.158203 0.783691 0.111328 0.662109 0.112305 0.783691 0.161133 0.783691 0.111328 0.663086 0.158203 0.783691 0.161133 0.882324 0.1162109 0.783691 0.111328 0.879883 0.168457 0.882324 0.1162109 0.783691 0.161133 0.879883 0.168457 0.92041 0.162109 0.882324 0.1162109 0.882324 0.205078 0.92041 0.162109 0.879883 0.168457 0.82959 0.628906 0.878418 0.661621 0.962891 0.676758 0.82959 0.628906 0.829102 0.657715 0.878418 0.661621 0.73291 0.655273 0.829102 0.657715 0.82959 0.628906 0.73291 0.655273 0.73291 0.698242 0.829102 0.657715 0.613281 0.702148 0.73291 0.698242 0.73291 0.655273 0.613281 0.702148 0.619629 0.71582 0.73291 0.698242 0.57959 0.708008 0.619629 0.71582 0.613281 0.702148 0.57959 0.708008 0.516113 0.719727 0.619629 0.71582 0.574219 0.651855 0.516113 0.719727 0.57959 0.708008 0.574219 0.651855 0.482422 0.647461 0.516113 0.719727 0.612305 0.626465 0.482422 0.647461 0.574219 0.651855 0.0820313 0.806641 0.100098 0.678223 0.0820313 0.69043 0.0820313 0.806641 0.09960937 0.729004 0.100098 0.678223 0.09960937 0.806641 0.09960937 0.729004 0.0820313 0.806641 0.09960937 0.806641 0.157227 0.729004 0.09960937 0.729004 0.157227 0.806641 0.157227 0.729004 0.09960937 0.806641 0.157227 0.806641 0.178223 0.714844 0.157227 0.729004 0.178223 0.806641 0.178223 0.714844 0.157227 0.806641 0.178223 0.806641 0.247559 0.804199 0.178223 0.714844 0.237305 0.878418 0.247559 0.804199 0.178223 0.806641 0.237305 0.878418 0.376953 0.891113 0.247559 0.804199 0.363281 0.959473 0.376953 0.891113 0.237305 0.878418 0.46582 0.617676 0.348633 0.631836 0.376953 0.621094 0.46582 0.617676 0.482422 0.647461 0.348633 0.631836 0.612305 0.626465 0.482422 0.647461 0.46582 0.617676 0.612305 0.626465 0.574219 0.651855 0.482422 0.647461 0.612305 0.653809 0.574219 0.651855 0.612305 0.626465 0.612305 0.653809 0.57959 0.708008 0.574219 0.651855 0.613281 0.702148 0.57959 0.708008 0.612305 0.653809 0.613281 0.702148 0.619629 0.71582 0.57959 0.708008 0.73291 0.698242 0.619629 0.71582 0.613281 0.702148 0.73291 0.698242 0.732422 0.716797 0.619629 0.71582 0.82959 0.713867 0.732422 0.716797 0.73291 0.698242 0.589844 0.913574 0.504883 0.903809 0.586914 0.905273 0.589844 0.913574 0.570801 0.922852 0.504883 0.903809 0.590332 0.928711 0.570801 0.922852 0.589844 0.913574 0.590332 0.928711 0.590332 0.97168 0.570801 0.922852 0.679199 0.927734 0.590332 0.97168 0.590332 0.928711 0.679199 0.927734 0.679199 0.969727 0.590332 0.97168 0.764648 0.928223 0.679199 0.969727 0.679199 0.927734 0.764648 0.928223 0.764648 0.964355 0.679199 0.969727 0.802246 0.95752 0.764648 0.964355 0.764648 0.928223 0.802246 0.95752 0.76416 0.976074 0.764648 0.964355 0.858887 0.942871 0.76416 0.976074 0.802246 0.95752 0.538086 0.588379 0.583008 0.549316 0.597168 0.563965 0.538086 0.588379 0.512207 0.566895 0.583008 0.549316 0.448242 0.606445 0.512207 0.566895 0.538086 0.588379 0.448242 0.606445 0.416504 0.589844 0.512207 0.566895 0.376953 0.621094 0.416504 0.589844 0.448242 0.606445 0.376953 0.621094 0.351074 0.612793 0.416504 0.589844 0.227539 0.640137 0.351074 0.612793 0.376953 0.621094 0.227539 0.640137 0.290039 0.582031 0.351074 0.612793 0.214844 0.602539 0.290039 0.582031 0.227539 0.640137 0.879883 0.168457 0.92041 0.162109 0.882324 0.205078 0.879883 0.168457 0.882324 0.1162109 0.92041 0.162109 0.783691 0.161133 0.882324 0.1162109 0.879883 0.168457 0.783691 0.161133 0.783691 0.111328 0.882324 0.1162109 0.663086 0.158203 0.783691 0.111328 0.783691 0.161133 0.663086 0.158203 0.662109 0.112305 0.783691 0.111328 0.555176 0.170898 0.662109 0.112305 0.663086 0.158203 0.555176 0.170898 0.572754 0.126953 0.662109 0.112305 0.488281 0.174316 0.572754 0.126953 0.555176 0.170898 0.590332 0.928711 0.589844 0.913574 0.570801 0.922852 0.590332 0.928711 0.678711 0.912109 0.589844 0.913574 0.679199 0.927734 0.678711 0.912109 0.590332 0.928711 0.679199 0.927734 0.76416 0.915039 0.678711 0.912109 0.764648 0.928223 0.76416 0.915039 0.679199 0.927734 0.764648 0.928223 0.802246 0.930176 0.76416 0.915039 0.802246 0.95752 0.802246 0.930176 0.764648 0.928223 0.802246 0.95752 0.858887 0.942871 0.802246 0.930176 0.76416 0.976074 0.858887 0.942871 0.802246 0.95752 0.55127 0.449219 0.558594 0.396484 0.399414 0.432617 0.55127 0.449219 0.636719 0.404785 0.558594 0.396484 0.636719 0.449707 0.636719 0.404785 0.55127 0.449219 0.636719 0.449707 0.727539 0.407715 0.636719 0.404785 0.727539 0.446777 0.727539 0.407715 0.636719 0.449707 0.727539 0.446777 0.807617 0.409668 0.727539 0.407715 0.807617 0.444336 0.807617 0.409668 0.727539 0.446777 0.807617 0.444336 0.833496 0.439453 0.807617 0.409668 0.807617 0.473633 0.833496 0.439453 0.807617 0.444336 0.214844 0.602539 0.227539 0.640137 0.290039 0.582031 0.214844 0.602539 0.178223 0.672363 0.227539 0.640137 0.174805 0.622559 0.178223 0.672363 0.214844 0.602539 0.174805 0.622559 0.157227 0.651855 0.178223 0.672363 0.143066 0.601563 0.157227 0.651855 0.174805 0.622559 0.143066 0.601563 0.09960937 0.651855 0.157227 0.651855 0.0976563 0.613281 0.09960937 0.651855 0.143066 0.601563 0.0976563 0.613281 0.0820313 0.69043 0.09960937 0.651855 0.732422 0.626465 0.612305 0.653809 0.612305 0.626465 0.732422 0.626465 0.73291 0.655273 0.612305 0.653809 0.82959 0.628906 0.73291 0.655273 0.732422 0.626465 0.82959 0.628906 0.829102 0.657715 0.73291 0.655273 0.878418 0.661621 0.829102 0.657715 0.82959 0.628906 0.878418 0.661621 0.880859 0.691895 0.829102 0.657715 0.962891 0.676758 0.880859 0.691895 0.878418 0.661621 0.962891 0.676758 0.82959 0.713867 0.880859 0.691895 0.237305 0.878418 0.219238 0.933105 0.363281 0.959473 0.237305 0.878418 0.178223 0.898926 0.219238 0.933105 0.178223 0.806641 0.178223 0.898926 0.237305 0.878418 0.178223 0.806641 0.157227 0.884277 0.178223 0.898926 0.157227 0.806641 0.157227 0.884277 0.178223 0.806641 0.157227 0.806641 0.09960937 0.884277 0.157227 0.884277 0.09960937 0.806641 0.09960937 0.884277 0.157227 0.806641 0.09960937 0.806641 0.0820313 0.806641 0.09960937 0.884277 0.583008 0.549316 0.616211 0.508789 0.597168 0.563965 0.583008 0.549316 0.563965 0.519043 0.616211 0.508789 0.512207 0.566895 0.563965 0.519043 0.583008 0.549316 0.512207 0.566895 0.483398 0.531738 0.563965 0.519043 0.416504 0.589844 0.483398 0.531738 0.512207 0.566895 0.416504 0.589844 0.384277 0.547363 0.483398 0.531738 0.290039 0.582031 0.384277 0.547363 0.416504 0.589844 0.678711 0.912109 0.590332 0.928711 0.589844 0.913574 0.678711 0.912109 0.679199 0.927734 0.590332 0.928711 0.76416 0.915039 0.679199 0.927734 0.678711 0.912109 0.76416 0.915039 0.764648 0.928223 0.679199 0.927734 0.802246 0.930176 0.764648 0.928223 0.76416 0.915039 0.802246 0.930176 0.802246 0.95752 0.764648 0.928223 0.858887 0.942871 0.802246 0.95752 0.802246 0.930176 0.590332 0.97168 0.590332 0.928711 0.570801 0.922852 0.590332 0.97168 0.679199 0.927734 0.590332 0.928711 0.679199 0.969727 0.679199 0.927734 0.590332 0.97168 0.679199 0.969727 0.764648 0.928223 0.679199 0.927734 0.764648 0.964355 0.764648 0.928223 0.679199 0.969727 0.764648 0.964355 0.802246 0.95752 0.764648 0.928223 0.76416 0.976074 0.802246 0.95752 0.764648 0.964355 0.555176 0.170898 0.558105 0.213867 0.488281 0.174316 0.555176 0.170898 0.662598 0.207031 0.558105 0.213867 0.663086 0.158203 0.662598 0.207031 0.555176 0.170898 0.663086 0.158203 0.783691 0.206055 0.662598 0.207031 0.783691 0.161133 0.783691 0.206055 0.663086 0.158203 0.783691 0.161133 0.882324 0.205078 0.783691 0.206055 0.879883 0.168457 0.882324 0.205078 0.783691 0.161133 0.376953 0.621094 0.348633 0.631836 0.46582 0.617676 0.376953 0.621094 0.227539 0.640137 0.348633 0.631836 0.351074 0.612793 0.227539 0.640137 0.376953 0.621094 0.351074 0.612793 0.290039 0.582031 0.227539 0.640137 0.416504 0.589844 0.290039 0.582031 0.351074 0.612793 0.416504 0.589844 0.384277 0.547363 0.290039 0.582031 0.483398 0.531738 0.384277 0.547363 0.416504 0.589844 0.727539 0.446777 0.807617 0.473633 0.807617 0.444336 0.727539 0.446777 0.727539 0.481445 0.807617 0.473633 0.636719 0.449707 0.727539 0.481445 0.727539 0.446777 0.636719 0.449707 0.637207 0.48584 0.727539 0.481445 0.55127 0.449219 0.637207 0.48584 0.636719 0.449707 0.55127 0.449219 0.52002 0.493164 0.637207 0.48584 0.504883 0.903809 0.589844 0.913574 0.586914 0.905273 0.504883 0.903809 0.570801 0.922852 0.589844 0.913574 0.56543 0.969727 0.570801 0.922852 0.504883 0.903809 0.56543 0.969727 0.590332 0.97168 0.570801 0.922852 0.590332 0.984863 0.590332 0.97168 0.56543 0.969727 0.590332 0.984863 0.678711 0.982422 0.590332 0.97168 0.802734 0.400879 0.665039 0.348633 0.663574 0.399414 0.802734 0.400879 0.801758 0.354004 0.665039 0.348633 0.899414 0.394043 0.801758 0.354004 0.802734 0.400879 0.899414 0.394043 0.897461 0.35498 0.801758 0.354004 0.94043 0.351074 0.897461 0.35498 0.899414 0.394043 0.94043 0.351074 0.899414 0.310059 0.897461 0.35498 0.777344 0.721191 0.77832 0.739258 0.881348 0.720215 0.777344 0.721191 0.630859 0.734375 0.77832 0.739258 0.622559 0.725098 0.630859 0.734375 0.777344 0.721191 0.622559 0.725098 0.601074 0.730957 0.630859 0.734375 0.516113 0.719727 0.601074 0.730957 0.622559 0.725098 0.516113 0.719727 0.599609 0.795898 0.601074 0.730957 0.587402 0.888184 0.616211 0.897949 0.504883 0.903809 0.587402 0.888184 0.616211 0.882324 0.616211 0.897949 0.616211 0.82373 0.616211 0.882324 0.587402 0.888184 0.616211 0.82373 0.754395 0.82666 0.616211 0.882324 0.753418 0.806641 0.754395 0.82666 0.616211 0.82373 0.753418 0.806641 0.848145 0.811523 0.754395 0.82666 0.178223 0.898926 0.180664 0.924805 0.157227 0.953125 0.178223 0.898926 0.219238 0.933105 0.180664 0.924805 0.237305 0.878418 0.219238 0.933105 0.178223 0.898926 0.237305 0.878418 0.363281 0.959473 0.219238 0.933105 0.376953 0.891113 0.363281 0.959473 0.237305 0.878418 0.376953 0.891113 0.504883 0.903809 0.363281 0.959473 0.363281 0.959473 0.356445 0.978027 0.226074 0.942871 0.363281 0.959473 0.481445 0.963867 0.356445 0.978027 0.504883 0.903809 0.481445 0.963867 0.363281 0.959473 0.504883 0.903809 0.56543 0.969727 0.481445 0.963867 0.570801 0.922852 0.56543 0.969727 0.504883 0.903809 0.570801 0.922852 0.590332 0.97168 0.56543 0.969727 0.73291 0.655273 0.613281 0.702148 0.612305 0.653809 0.73291 0.655273 0.73291 0.698242 0.613281 0.702148 0.829102 0.657715 0.73291 0.698242 0.73291 0.655273 0.829102 0.657715 0.829102 0.697754 0.73291 0.698242 0.880859 0.691895 0.829102 0.697754 0.829102 0.657715 0.880859 0.691895 0.82959 0.713867 0.829102 0.697754 0.100098 0.678223 0.0820313 0.806641 0.0820313 0.69043 0.100098 0.678223 0.09960937 0.729004 0.0820313 0.806641 0.157715 0.678223 0.09960937 0.729004 0.100098 0.678223 0.157715 0.678223 0.157227 0.729004 0.09960937 0.729004 0.178223 0.714844 0.157227 0.729004 0.157715 0.678223 0.178223 0.714844 0.157227 0.806641 0.157227 0.729004 0.178223 0.672363 0.178223 0.714844 0.227539 0.640137 0.178223 0.672363 0.157715 0.678223 0.178223 0.714844 0.157227 0.651855 0.157715 0.678223 0.178223 0.672363 0.157227 0.651855 0.100098 0.678223 0.157715 0.678223 0.09960937 0.651855 0.100098 0.678223 0.157227 0.651855 0.09960937 0.651855 0.0820313 0.69043 0.100098 0.678223 0.120117 0.188477 0.120117 0.257813 0.120117 0.42334 0.120117 0.188477 0.137695 0.197266 0.120117 0.257813 0.137695 0.169434 0.137695 0.197266 0.120117 0.188477 0.137695 0.169434 0.196777 0.203613 0.137695 0.197266 0.196777 0.169434 0.196777 0.203613 0.137695 0.169434 0.196777 0.169434 0.217773 0.213867 0.196777 0.203613 0.143066 0.601563 0.09960937 0.651855 0.0976563 0.613281 0.143066 0.601563 0.157227 0.651855 0.09960937 0.651855 0.174805 0.622559 0.157227 0.651855 0.143066 0.601563 0.174805 0.622559 0.178223 0.672363 0.157227 0.651855 0.214844 0.602539 0.178223 0.672363 0.174805 0.622559 0.214844 0.602539 0.227539 0.640137 0.178223 0.672363 0.681152 0.257324 0.552734 0.309082 0.558105 0.213867 0.681152 0.257324 0.677734 0.30127 0.552734 0.309082 0.827637 0.258789 0.677734 0.30127 0.681152 0.257324 0.827637 0.258789 0.827637 0.303223 0.677734 0.30127 0.933594 0.30127 0.827637 0.303223 0.827637 0.258789 0.783691 0.161133 0.882324 0.205078 0.879883 0.168457 0.783691 0.161133 0.783691 0.206055 0.882324 0.205078 0.663086 0.158203 0.783691 0.206055 0.783691 0.161133 0.663086 0.158203 0.662598 0.207031 0.783691 0.206055 0.555176 0.170898 0.662598 0.207031 0.663086 0.158203 0.827637 0.258789 0.827637 0.214355 0.681152 0.257324 0.827637 0.258789 0.933594 0.211426 0.827637 0.214355 0.925293 0.258301 0.933594 0.211426 0.827637 0.258789 0.925293 0.258301 0.970703 0.255859 0.933594 0.211426 0.933594 0.30127 0.970703 0.255859 0.925293 0.258301 0.583008 0.549316 0.597168 0.563965 0.616211 0.508789 0.583008 0.549316 0.538086 0.588379 0.597168 0.563965 0.512207 0.566895 0.538086 0.588379 0.583008 0.549316 0.512207 0.566895 0.448242 0.606445 0.538086 0.588379 0.416504 0.589844 0.448242 0.606445 0.512207 0.566895 0.157227 0.884277 0.157227 0.932129 0.178223 0.898926 0.157227 0.884277 0.09960937 0.932129 0.157227 0.932129 0.09960937 0.884277 0.09960937 0.932129 0.157227 0.884277 0.09960937 0.884277 0.0820313 0.806641 0.09960937 0.932129 0.727539 0.446777 0.807617 0.473633 0.727539 0.481445 0.727539 0.446777 0.807617 0.444336 0.807617 0.473633 0.807617 0.409668 0.807617 0.444336 0.727539 0.446777 0.807617 0.409668 0.833496 0.439453 0.807617 0.444336 0.590332 0.984863 0.56543 0.969727 0.590332 0.97168 0.590332 0.984863 0.481445 0.963867 0.56543 0.969727 0.475098 0.980957 0.481445 0.963867 0.590332 0.984863 0.475098 0.980957 0.356445 0.978027 0.481445 0.963867 0.665039 0.348633 0.802734 0.400879 0.663574 0.399414 0.665039 0.348633 0.801758 0.354004 0.802734 0.400879 0.803223 0.310059 0.801758 0.354004 0.665039 0.348633 0.803223 0.310059 0.899414 0.310059 0.801758 0.354004 0.801758 0.354004 0.899414 0.394043 0.802734 0.400879 0.801758 0.354004 0.897461 0.35498 0.899414 0.394043 0.899414 0.310059 0.897461 0.35498 0.801758 0.354004 0.899414 0.310059 0.94043 0.351074 0.897461 0.35498 0.732422 0.626465 0.73291 0.655273 0.82959 0.628906 0.732422 0.626465 0.612305 0.653809 0.73291 0.655273 0.612305 0.626465 0.612305 0.653809 0.732422 0.626465 0.612305 0.626465 0.574219 0.651855 0.612305 0.653809 0.754395 0.82666 0.616211 0.882324 0.754395 0.880371 0.754395 0.82666 0.616211 0.82373 0.616211 0.882324 0.753418 0.806641 0.616211 0.82373 0.754395 0.82666 0.753418 0.806641 0.623535 0.808105 0.616211 0.82373 0.677734 0.30127 0.681152 0.257324 0.552734 0.309082 0.677734 0.30127 0.827637 0.258789 0.681152 0.257324 0.827637 0.303223 0.827637 0.258789 0.677734 0.30127 0.827637 0.303223 0.933594 0.30127 0.827637 0.258789 0.880859 0.691895 0.82959 0.713867 0.962891 0.676758 0.880859 0.691895 0.829102 0.697754 0.82959 0.713867 0.829102 0.657715 0.829102 0.697754 0.880859 0.691895 0.829102 0.657715 0.73291 0.698242 0.829102 0.697754 0.849121 0.830078 0.754395 0.880371 0.848633 0.876465 0.849121 0.830078 0.754395 0.82666 0.754395 0.880371 0.848145 0.811523 0.754395 0.82666 0.849121 0.830078 0.848145 0.811523 0.753418 0.806641 0.754395 0.82666 0.55127 0.449219 0.637207 0.48584 0.52002 0.493164 0.55127 0.449219 0.636719 0.449707 0.637207 0.48584 0.636719 0.404785 0.636719 0.449707 0.55127 0.449219 0.636719 0.404785 0.727539 0.407715 0.636719 0.449707 0.636719 0.449707 0.727539 0.481445 0.637207 0.48584 0.636719 0.449707 0.727539 0.446777 0.727539 0.481445 0.727539 0.407715 0.727539 0.446777 0.636719 0.449707 0.727539 0.407715 0.807617 0.409668 0.727539 0.446777 0.357422 0.652344 0.516113 0.719727 0.482422 0.647461 0.357422 0.652344 0.372559 0.713867 0.516113 0.719727 0.228516 0.675293 0.372559 0.713867 0.357422 0.652344 0.228516 0.675293 0.246094 0.716797 0.372559 0.713867 0.348633 0.631836 0.227539 0.640137 0.376953 0.621094 0.348633 0.631836 0.357422 0.652344 0.227539 0.640137 0.482422 0.647461 0.357422 0.652344 0.348633 0.631836 0.482422 0.647461 0.516113 0.719727 0.357422 0.652344 0.563965 0.519043 0.583008 0.549316 0.616211 0.508789 0.563965 0.519043 0.512207 0.566895 0.583008 0.549316 0.483398 0.531738 0.512207 0.566895 0.563965 0.519043 0.483398 0.531738 0.416504 0.589844 0.512207 0.566895 0.616211 0.82373 0.587402 0.888184 0.616211 0.882324 0.616211 0.82373 0.593262 0.819336 0.587402 0.888184 0.623535 0.808105 0.593262 0.819336 0.616211 0.82373 0.623535 0.808105 0.51416 0.804199 0.593262 0.819336 0.77832 0.739258 0.777344 0.721191 0.881348 0.720215 0.77832 0.739258 0.630859 0.734375 0.777344 0.721191 0.629395 0.792969 0.630859 0.734375 0.77832 0.739258 0.629395 0.792969 0.599609 0.795898 0.630859 0.734375 0.630859 0.734375 0.622559 0.725098 0.777344 0.721191 0.630859 0.734375 0.601074 0.730957 0.622559 0.725098 0.599609 0.795898 0.601074 0.730957 0.630859 0.734375 0.599609 0.795898 0.516113 0.719727 0.601074 0.730957 0.516113 0.719727 0.57959 0.708008 0.619629 0.71582 0.516113 0.719727 0.574219 0.651855 0.57959 0.708008 0.482422 0.647461 0.574219 0.651855 0.516113 0.719727 0.681152 0.257324 0.558105 0.213867 0.552734 0.309082 0.681152 0.257324 0.679688 0.212891 0.558105 0.213867 0.827637 0.214355 0.679688 0.212891 0.681152 0.257324 0.612305 0.653809 0.613281 0.702148 0.73291 0.655273 0.612305 0.653809 0.57959 0.708008 0.613281 0.702148 0.574219 0.651855 0.57959 0.708008 0.612305 0.653809 0.630859 0.734375 0.629395 0.792969 0.77832 0.739258 0.630859 0.734375 0.599609 0.795898 0.629395 0.792969 0.601074 0.730957 0.599609 0.795898 0.630859 0.734375 0.925293 0.258301 0.970703 0.255859 0.933594 0.30127 0.925293 0.258301 0.933594 0.211426 0.970703 0.255859 0.827637 0.258789 0.933594 0.211426 0.925293 0.258301 0.157715 0.678223 0.157227 0.729004 0.178223 0.714844 0.157715 0.678223 0.09960937 0.729004 0.157227 0.729004 0.100098 0.678223 0.09960937 0.729004 0.157715 0.678223 0.55127 0.449219 0.399414 0.432617 0.558594 0.396484 0.55127 0.449219 0.399414 0.490234 0.399414 0.432617 0.52002 0.493164 0.399414 0.490234 0.55127 0.449219 0.09960937 0.806641 0.0820313 0.806641 0.09960937 0.729004 0.09960937 0.806641 0.09960937 0.884277 0.0820313 0.806641 0.157227 0.806641 0.09960937 0.884277 0.09960937 0.806641 0.56543 0.969727 0.481445 0.963867 0.590332 0.984863 0.56543 0.969727 0.504883 0.903809 0.481445 0.963867 0.376953 0.621094 0.416504 0.589844 0.351074 0.612793 0.376953 0.621094 0.448242 0.606445 0.416504 0.589844 0.76416 0.976074 0.679199 0.969727 0.764648 0.964355 0.76416 0.976074 0.678711 0.982422 0.679199 0.969727 0.678711 0.982422 0.590332 0.97168 0.679199 0.969727 0.678711 0.982422 0.590332 0.984863 0.590332 0.97168 0.678711 0.982422 0.679199 0.969727 0.590332 0.97168 0.678711 0.982422 0.76416 0.976074 0.679199 0.969727 0.97998 0.855957 0.889648 0.866699 0.847656 0.891602 0.97998 0.855957 0.889648 0.834961 0.889648 0.866699 0.878418 0.661621 0.880859 0.691895 0.962891 0.676758 0.878418 0.661621 0.829102 0.657715 0.880859 0.691895 0.777832 0.789551 0.778809 0.80127 0.62793 0.797852 0.777832 0.789551 0.881348 0.806152 0.778809 0.80127 0.778809 0.80127 0.777832 0.789551 0.62793 0.797852 0.778809 0.80127 0.881348 0.806152 0.777832 0.789551 0.157227 0.932129 0.157227 0.953125 0.09960937 0.953125 0.157227 0.932129 0.178223 0.898926 0.157227 0.953125 0.219238 0.933105 0.226074 0.942871 0.180664 0.924805 0.219238 0.933105 0.363281 0.959473 0.226074 0.942871 0.932129 0.773926 0.884277 0.739258 0.884277 0.788574 0.932129 0.773926 0.932617 0.75293 0.884277 0.739258 0.889648 0.866699 0.849121 0.830078 0.889648 0.834961 0.889648 0.866699 0.848633 0.876465 0.849121 0.830078 0.732422 0.716797 0.73291 0.698242 0.619629 0.71582 0.732422 0.716797 0.82959 0.713867 0.73291 0.698242 0.558105 0.213867 0.555176 0.170898 0.488281 0.174316 0.558105 0.213867 0.662598 0.207031 0.555176 0.170898 0.120117 0.257813 0.120117 0.188477 0.120117 0.42334 0.120117 0.257813 0.137695 0.197266 0.120117 0.188477 0.196777 0.169434 0.196777 0.203613 0.217773 0.213867 0.196777 0.169434 0.137695 0.169434 0.196777 0.203613 0.827637 0.214355 0.827637 0.258789 0.681152 0.257324 0.827637 0.214355 0.933594 0.211426 0.827637 0.258789 0.228516 0.675293 0.246094 0.716797 0.178223 0.714844 0.228516 0.675293 0.372559 0.713867 0.246094 0.716797 0.137695 0.197266 0.137695 0.169434 0.120117 0.188477 0.137695 0.197266 0.196777 0.203613 0.137695 0.169434 0.529297 0.141113 0.488281 0.174316 0.509766 0.135742 0.529297 0.141113 0.572754 0.126953 0.488281 0.174316 0.665039 0.348633 0.803223 0.310059 0.663574 0.306641 0.665039 0.348633 0.801758 0.354004 0.803223 0.310059 0.932129 0.773926 0.884277 0.739258 0.932617 0.75293 0.932129 0.773926 0.884277 0.788574 0.884277 0.739258 0.899414 0.310059 0.801758 0.354004 0.897461 0.35498 0.899414 0.310059 0.803223 0.310059 0.801758 0.354004 0.157227 0.729004 0.09960937 0.806641 0.09960937 0.729004 0.157227 0.729004 0.157227 0.806641 0.09960937 0.806641 0.679688 0.212891 0.681152 0.257324 0.558105 0.213867 0.679688 0.212891 0.827637 0.214355 0.681152 0.257324 0.399414 0.490234 0.55127 0.449219 0.399414 0.432617 0.399414 0.490234 0.52002 0.493164 0.55127 0.449219 0.51416 0.804199 0.587402 0.888184 0.593262 0.819336 0.82959 0.713867 0.73291 0.698242 0.829102 0.697754 0.933594 0.30127 0.925293 0.258301 0.827637 0.258789 0.55127 0.449219 0.558594 0.396484 0.636719 0.404785 0.82959 0.713867 0.829102 0.697754 0.73291 0.698242 0.76416 0.915039 0.858887 0.942871 0.802246 0.930176 0.76416 0.915039 0.802246 0.930176 0.858887 0.942871 0.76416 0.976074 0.764648 0.964355 0.679199 0.969727 0.94043 0.351074 0.899414 0.394043 0.897461 0.35498 0.416504 0.589844 0.351074 0.612793 0.290039 0.582031 0.516113 0.719727 0.622559 0.725098 0.601074 0.730957 0.51416 0.804199 0.623535 0.808105 0.593262 0.819336 0.665039 0.348633 0.663574 0.306641 0.803223 0.310059 0.933594 0.30127 0.827637 0.258789 0.925293 0.258301 0.833496 0.439453 0.807617 0.473633 0.807617 0.444336 0.82959 0.628906 0.962891 0.676758 0.878418 0.661621 0.847656 0.891602 0.75293 0.896973 0.754395 0.880371</float_array>
          <technique_common>
            <accessor source="#meshId3_name-mesh-map-0-array" count="1596" stride="2">
              <param name="S" type="float"/>
              <param name="T" type="float"/>
            </accessor>
          </technique_common>
        </source>
        <source id="meshId3_name-mesh-colors-meshId3-color0" name="meshId3-color0">
          <float_array id="meshId3_name-mesh-colors-meshId3-color0-array" count="6384">0.317647 0.317647 0.317647 1 0.317647 0.317647 0.317647 1 0.317647 0.317647 0.317647 1 0.317647 0.317647 0.317647 1 0.317647 0.317647 0.317647 1 0.317647 0.317647 0.317647 1 0.317647 0.317647 0.317647 1 0.317647 0.317647 0.317647 1 0.317647 0.317647 0.317647 1 0.317647 0.317647 0.317647 1 0.317647 0.317647 0.317647 1 0.317647 0.317647 0.317647 1 0.317647 0.317647 0.317647 1 0.317647 0.317647 0.317647 1 0.317647 0.317647 0.317647 1 0.317647 0.317647 0.317647 1 0.4078431 0.4078431 0.4078431 1 0.317647 0.317647 0.317647 1 0.317647 0.317647 0.317647 1 0.4078431 0.4078431 0.4078431 1 0.317647 0.317647 0.317647 1 0.317647 0.317647 0.317647 1 0.317647 0.317647 0.317647 1 0.4078431 0.4078431 0.4078431 1 0.4235294 0.4235294 0.4235294 1 0.317647 0.317647 0.317647 1 0.317647 0.317647 0.317647 1 0.4235294 0.4235294 0.4235294 1 0.5568628 0.5568628 0.5568628 1 0.317647 0.317647 0.317647 1 0.509804 0.509804 0.509804 1 0.5568628 0.5568628 0.5568628 1 0.4235294 0.4235294 0.4235294 1 0.509804 0.509804 0.509804 1 0.5686275 0.5686275 0.5686275 1 0.5568628 0.5568628 0.5568628 1 0.8392157 0.8392157 0.8392157 1 0.5686275 0.5686275 0.5686275 1 0.509804 0.509804 0.509804 1 0.8392157 0.8392157 0.8392157 1 0.317647 0.317647 0.317647 1 0.5686275 0.5686275 0.5686275 1 0.8313726 0.8313726 0.8313726 1 0.317647 0.317647 0.317647 1 0.8392157 0.8392157 0.8392157 1 0.8313726 0.8313726 0.8313726 1 0.317647 0.317647 0.317647 1 0.317647 0.317647 0.317647 1 0.317647 0.317647 0.317647 1 0.317647 0.317647 0.317647 1 0.8313726 0.8313726 0.8313726 1 0.317647 0.317647 0.317647 1 0.317647 0.317647 0.317647 1 0.317647 0.317647 0.317647 1 0.317647 0.317647 0.317647 1 0.317647 0.317647 0.317647 1 0.317647 0.317647 0.317647 1 0.317647 0.317647 0.317647 1 0.317647 0.317647 0.317647 1 0.317647 0.317647 0.317647 1 0.317647 0.317647 0.317647 1 0.317647 0.317647 0.317647 1 0.317647 0.317647 0.317647 1 0.317647 0.317647 0.317647 1 0.317647 0.317647 0.317647 1 0.317647 0.317647 0.317647 1 0.317647 0.317647 0.317647 1 0.317647 0.317647 0.317647 1 0.317647 0.317647 0.317647 1 0.317647 0.317647 0.317647 1 0.317647 0.317647 0.317647 1 0.317647 0.317647 0.317647 1 0.317647 0.317647 0.317647 1 0.317647 0.317647 0.317647 1 0.317647 0.317647 0.317647 1 0.317647 0.317647 0.317647 1 0.317647 0.317647 0.317647 1 0.317647 0.317647 0.317647 1 0.317647 0.317647 0.317647 1 0.317647 0.317647 0.317647 1 0.317647 0.317647 0.317647 1 0.317647 0.317647 0.317647 1 0.317647 0.317647 0.317647 1 0.317647 0.317647 0.317647 1 0.372549 0.372549 0.372549 1 0.317647 0.317647 0.317647 1 0.317647 0.317647 0.317647 1 0.372549 0.372549 0.372549 1 0.3764706 0.3764706 0.3764706 1 0.317647 0.317647 0.317647 1 0.4666666 0.4666666 0.4666666 1 0.3764706 0.3764706 0.3764706 1 0.372549 0.372549 0.372549 1 0.4666666 0.4666666 0.4666666 1 0.3254902 0.3254902 0.3254902 1 0.3764706 0.3764706 0.3764706 1 0.3647059 0.3647059 0.3647059 1 0.3254902 0.3254902 0.3254902 1 0.4666666 0.4666666 0.4666666 1 0.3647059 0.3647059 0.3647059 1 0.6431373 0.6431373 0.6431373 1 0.3254902 0.3254902 0.3254902 1 0.6156863 0.6156863 0.6156863 1 0.6431373 0.6431373 0.6431373 1 0.3647059 0.3647059 0.3647059 1 0.6156863 0.6156863 0.6156863 1 0.6235294 0.6235294 0.6235294 1 0.6431373 0.6431373 0.6431373 1 0.5686275 0.5686275 0.5686275 1 0.6235294 0.6235294 0.6235294 1 0.6156863 0.6156863 0.6156863 1 0.5686275 0.5686275 0.5686275 1 0.8980392 0.8980392 0.8980392 1 0.6235294 0.6235294 0.6235294 1 0.8627451 0.8627451 0.8627451 1 0.8980392 0.8980392 0.8980392 1 0.5686275 0.5686275 0.5686275 1 0.8627451 0.8627451 0.8627451 1 0.7960785 0.7960785 0.7960785 1 0.8980392 0.8980392 0.8980392 1 0.317647 0.317647 0.317647 1 0.7960785 0.7960785 0.7960785 1 0.8627451 0.8627451 0.8627451 1 0.317647 0.317647 0.317647 1 0.317647 0.317647 0.317647 1 0.7960785 0.7960785 0.7960785 1 0.6156863 0.6156863 0.6156863 1 0.5568628 0.5568628 0.5568628 1 0.317647 0.317647 0.317647 1 0.6156863 0.6156863 0.6156863 1 0.5686275 0.5686275 0.5686275 1 0.5568628 0.5568628 0.5568628 1 0.6235294 0.6235294 0.6235294 1 0.5686275 0.5686275 0.5686275 1 0.6156863 0.6156863 0.6156863 1 0.6235294 0.6235294 0.6235294 1 0.8980392 0.8980392 0.8980392 1 0.5686275 0.5686275 0.5686275 1 0.317647 0.317647 0.317647 1 0.8980392 0.8980392 0.8980392 1 0.6235294 0.6235294 0.6235294 1 0.317647 0.317647 0.317647 1 0.8588235 0.8588235 0.8588235 1 0.8980392 0.8980392 0.8980392 1 0.317647 0.317647 0.317647 1 0.8588235 0.8588235 0.8588235 1 0.317647 0.317647 0.317647 1 0.317647 0.317647 0.317647 1 0.5725491 0.5725491 0.5725491 1 0.8588235 0.8588235 0.8588235 1 0.317647 0.317647 0.317647 1 0.5725491 0.5725491 0.5725491 1 0.317647 0.317647 0.317647 1 0.317647 0.317647 0.317647 1 0.317647 0.317647 0.317647 1 0.5725491 0.5725491 0.5725491 1 0.317647 0.317647 0.317647 1 0.317647 0.317647 0.317647 1 0.317647 0.317647 0.317647 1 0.317647 0.317647 0.317647 1 0.317647 0.317647 0.317647 1 0.317647 0.317647 0.317647 1 0.317647 0.317647 0.317647 1 0.317647 0.317647 0.317647 1 0.317647 0.317647 0.317647 1 0.317647 0.317647 0.317647 1 0.317647 0.317647 0.317647 1 0.317647 0.317647 0.317647 1 0.317647 0.317647 0.317647 1 0.317647 0.317647 0.317647 1 0.317647 0.317647 0.317647 1 0.5686275 0.5686275 0.5686275 1 0.509804 0.509804 0.509804 1 0.5568628 0.5568628 0.5568628 1 0.5686275 0.5686275 0.5686275 1 0.8392157 0.8392157 0.8392157 1 0.509804 0.509804 0.509804 1 0.317647 0.317647 0.317647 1 0.8392157 0.8392157 0.8392157 1 0.5686275 0.5686275 0.5686275 1 0.317647 0.317647 0.317647 1 0.8313726 0.8313726 0.8313726 1 0.8392157 0.8392157 0.8392157 1 0.317647 0.317647 0.317647 1 0.8313726 0.8313726 0.8313726 1 0.317647 0.317647 0.317647 1 0.317647 0.317647 0.317647 1 0.317647 0.317647 0.317647 1 0.8313726 0.8313726 0.8313726 1 0.317647 0.317647 0.317647 1 0.317647 0.317647 0.317647 1 0.317647 0.317647 0.317647 1 0.317647 0.317647 0.317647 1 0.317647 0.317647 0.317647 1 0.317647 0.317647 0.317647 1 0.317647 0.317647 0.317647 1 0.317647 0.317647 0.317647 1 0.317647 0.317647 0.317647 1 0.317647 0.317647 0.317647 1 0.317647 0.317647 0.317647 1 0.317647 0.317647 0.317647 1 0.317647 0.317647 0.317647 1 0.317647 0.317647 0.317647 1 0.317647 0.317647 0.317647 1 0.317647 0.317647 0.317647 1 0.317647 0.317647 0.317647 1 0.317647 0.317647 0.317647 1 0.317647 0.317647 0.317647 1 0.317647 0.317647 0.317647 1 0.317647 0.317647 0.317647 1 0.317647 0.317647 0.317647 1 0.317647 0.317647 0.317647 1 0.317647 0.317647 0.317647 1 0.317647 0.317647 0.317647 1 0.317647 0.317647 0.317647 1 0.317647 0.317647 0.317647 1 0.317647 0.317647 0.317647 1 0.317647 0.317647 0.317647 1 0.317647 0.317647 0.317647 1 0.317647 0.317647 0.317647 1 0.317647 0.317647 0.317647 1 0.317647 0.317647 0.317647 1 0.317647 0.317647 0.317647 1 0.317647 0.317647 0.317647 1 0.317647 0.317647 0.317647 1 0.317647 0.317647 0.317647 1 0.317647 0.317647 0.317647 1 0.317647 0.317647 0.317647 1 0.317647 0.317647 0.317647 1 0.317647 0.317647 0.317647 1 0.317647 0.317647 0.317647 1 0.317647 0.317647 0.317647 1 0.3764706 0.3764706 0.3764706 1 0.317647 0.317647 0.317647 1 0.317647 0.317647 0.317647 1 0.3764706 0.3764706 0.3764706 1 0.317647 0.317647 0.317647 1 0.317647 0.317647 0.317647 1 0.317647 0.317647 0.317647 1 0.3764706 0.3764706 0.3764706 1 0.317647 0.317647 0.317647 1 0.317647 0.317647 0.317647 1 0.317647 0.317647 0.317647 1 0.317647 0.317647 0.317647 1 0.5019608 0.5019608 0.5019608 1 0.317647 0.317647 0.317647 1 0.317647 0.317647 0.317647 1 0.5019608 0.5019608 0.5019608 1 0.317647 0.317647 0.317647 1 0.317647 0.317647 0.317647 1 0.8 0.8 0.8 1 0.5019608 0.5019608 0.5019608 1 0.5647059 0.5647059 0.5647059 1 0.8 0.8 0.8 1 0.317647 0.317647 0.317647 1 0.5647059 0.5647059 0.5647059 1 0.5490196 0.5490196 0.5490196 1 0.8 0.8 0.8 1 0.6235294 0.6235294 0.6235294 1 0.5019608 0.5019608 0.5019608 1 0.8 0.8 0.8 1 0.6235294 0.6235294 0.6235294 1 0.6431373 0.6431373 0.6431373 1 0.5019608 0.5019608 0.5019608 1 0.6156863 0.6156863 0.6156863 1 0.6431373 0.6431373 0.6431373 1 0.6235294 0.6235294 0.6235294 1 0.6156863 0.6156863 0.6156863 1 0.3647059 0.3647059 0.3647059 1 0.6431373 0.6431373 0.6431373 1 0.317647 0.317647 0.317647 1 0.3647059 0.3647059 0.3647059 1 0.6156863 0.6156863 0.6156863 1 0.317647 0.317647 0.317647 1 0.4078431 0.4078431 0.4078431 1 0.3647059 0.3647059 0.3647059 1 0.317647 0.317647 0.317647 1 0.4078431 0.4078431 0.4078431 1 0.317647 0.317647 0.317647 1 0.317647 0.317647 0.317647 1 0.317647 0.317647 0.317647 1 0.4078431 0.4078431 0.4078431 1 0.4235294 0.4235294 0.4235294 1 0.317647 0.317647 0.317647 1 0.317647 0.317647 0.317647 1 0.4235294 0.4235294 0.4235294 1 0.317647 0.317647 0.317647 1 0.317647 0.317647 0.317647 1 0.627451 0.627451 0.627451 1 0.317647 0.317647 0.317647 1 0.4235294 0.4235294 0.4235294 1 0.627451 0.627451 0.627451 1 0.4078431 0.4078431 0.4078431 1 0.317647 0.317647 0.317647 1 0.4509804 0.4509804 0.4509804 1 0.4078431 0.4078431 0.4078431 1 0.627451 0.627451 0.627451 1 0.6156863 0.6156863 0.6156863 1 0.5568628 0.5568628 0.5568628 1 0.5686275 0.5686275 0.5686275 1 0.6156863 0.6156863 0.6156863 1 0.317647 0.317647 0.317647 1 0.5568628 0.5568628 0.5568628 1 0.3647059 0.3647059 0.3647059 1 0.317647 0.317647 0.317647 1 0.6156863 0.6156863 0.6156863 1 0.3647059 0.3647059 0.3647059 1 0.4078431 0.4078431 0.4078431 1 0.317647 0.317647 0.317647 1 0.4666666 0.4666666 0.4666666 1 0.4078431 0.4078431 0.4078431 1 0.3647059 0.3647059 0.3647059 1 0.4666666 0.4666666 0.4666666 1 0.4117647 0.4117647 0.4117647 1 0.4078431 0.4078431 0.4078431 1 0.372549 0.372549 0.372549 1 0.4117647 0.4117647 0.4117647 1 0.4666666 0.4666666 0.4666666 1 0.372549 0.372549 0.372549 1 0.317647 0.317647 0.317647 1 0.4117647 0.4117647 0.4117647 1 0.317647 0.317647 0.317647 1 0.317647 0.317647 0.317647 1 0.372549 0.372549 0.372549 1 0.317647 0.317647 0.317647 1 0.317647 0.317647 0.317647 1 0.317647 0.317647 0.317647 1 0.317647 0.317647 0.317647 1 0.317647 0.317647 0.317647 1 0.317647 0.317647 0.317647 1 0.317647 0.317647 0.317647 1 0.317647 0.317647 0.317647 1 0.317647 0.317647 0.317647 1 0.8588235 0.8588235 0.8588235 1 0.317647 0.317647 0.317647 1 0.317647 0.317647 0.317647 1 0.8588235 0.8588235 0.8588235 1 0.5725491 0.5725491 0.5725491 1 0.317647 0.317647 0.317647 1 0.5137255 0.5137255 0.5137255 1 0.5725491 0.5725491 0.5725491 1 0.8588235 0.8588235 0.8588235 1 0.5137255 0.5137255 0.5137255 1 0.317647 0.317647 0.317647 1 0.5725491 0.5725491 0.5725491 1 0.317647 0.317647 0.317647 1 0.317647 0.317647 0.317647 1 0.5137255 0.5137255 0.5137255 1 0.317647 0.317647 0.317647 1 0.317647 0.317647 0.317647 1 0.317647 0.317647 0.317647 1 0.317647 0.317647 0.317647 1 0.317647 0.317647 0.317647 1 0.317647 0.317647 0.317647 1 0.317647 0.317647 0.317647 1 0.317647 0.317647 0.317647 1 0.317647 0.317647 0.317647 1 0.317647 0.317647 0.317647 1 0.317647 0.317647 0.317647 1 0.317647 0.317647 0.317647 1 0.317647 0.317647 0.317647 1 0.317647 0.317647 0.317647 1 0.317647 0.317647 0.317647 1 0.5725491 0.5725491 0.5725491 1 0.317647 0.317647 0.317647 1 0.317647 0.317647 0.317647 1 0.5725491 0.5725491 0.5725491 1 0.317647 0.317647 0.317647 1 0.317647 0.317647 0.317647 1 0.317647 0.317647 0.317647 1 0.3529412 0.3529412 0.3529412 1 0.317647 0.317647 0.317647 1 0.317647 0.317647 0.317647 1 0.4078431 0.4078431 0.4078431 1 0.3529412 0.3529412 0.3529412 1 0.317647 0.317647 0.317647 1 0.4078431 0.4078431 0.4078431 1 0.317647 0.317647 0.317647 1 0.317647 0.317647 0.317647 1 0.4509804 0.4509804 0.4509804 1 0.4078431 0.4078431 0.4078431 1 0.317647 0.317647 0.317647 1 0.4509804 0.4509804 0.4509804 1 0.317647 0.317647 0.317647 1 0.317647 0.317647 0.317647 1 0.317647 0.317647 0.317647 1 0.4509804 0.4509804 0.4509804 1 0.317647 0.317647 0.317647 1 0.317647 0.317647 0.317647 1 0.317647 0.317647 0.317647 1 0.317647 0.317647 0.317647 1 0.317647 0.317647 0.317647 1 0.317647 0.317647 0.317647 1 0.317647 0.317647 0.317647 1 0.317647 0.317647 0.317647 1 0.317647 0.317647 0.317647 1 0.317647 0.317647 0.317647 1 0.317647 0.317647 0.317647 1 0.317647 0.317647 0.317647 1 0.317647 0.317647 0.317647 1 0.317647 0.317647 0.317647 1 0.317647 0.317647 0.317647 1 0.317647 0.317647 0.317647 1 0.317647 0.317647 0.317647 1 0.317647 0.317647 0.317647 1 0.317647 0.317647 0.317647 1 0.317647 0.317647 0.317647 1 0.317647 0.317647 0.317647 1 0.5607843 0.5607843 0.5607843 1 0.317647 0.317647 0.317647 1 0.317647 0.317647 0.317647 1 0.5607843 0.5607843 0.5607843 1 0.5607843 0.5607843 0.5607843 1 0.317647 0.317647 0.317647 1 0.8352941 0.8352941 0.8352941 1 0.5607843 0.5607843 0.5607843 1 0.5607843 0.5607843 0.5607843 1 0.8352941 0.8352941 0.8352941 1 0.317647 0.317647 0.317647 1 0.5607843 0.5607843 0.5607843 1 0.8705883 0.8705883 0.8705883 1 0.317647 0.317647 0.317647 1 0.8352941 0.8352941 0.8352941 1 0.8705883 0.8705883 0.8705883 1 0.509804 0.509804 0.509804 1 0.317647 0.317647 0.317647 1 0.7647059 0.7647059 0.7647059 1 0.509804 0.509804 0.509804 1 0.8705883 0.8705883 0.8705883 1 0.7647059 0.7647059 0.7647059 1 0.627451 0.627451 0.627451 1 0.509804 0.509804 0.509804 1 0.4509804 0.4509804 0.4509804 1 0.627451 0.627451 0.627451 1 0.7647059 0.7647059 0.7647059 1 0.317647 0.317647 0.317647 1 0.317647 0.317647 0.317647 1 0.317647 0.317647 0.317647 1 0.317647 0.317647 0.317647 1 0.317647 0.317647 0.317647 1 0.317647 0.317647 0.317647 1 0.317647 0.317647 0.317647 1 0.317647 0.317647 0.317647 1 0.317647 0.317647 0.317647 1 0.317647 0.317647 0.317647 1 0.3647059 0.3647059 0.3647059 1 0.317647 0.317647 0.317647 1 0.4117647 0.4117647 0.4117647 1 0.3647059 0.3647059 0.3647059 1 0.317647 0.317647 0.317647 1 0.4117647 0.4117647 0.4117647 1 0.4078431 0.4078431 0.4078431 1 0.3647059 0.3647059 0.3647059 1 0.4666666 0.4666666 0.4666666 1 0.4078431 0.4078431 0.4078431 1 0.4117647 0.4117647 0.4117647 1 0.4666666 0.4666666 0.4666666 1 0.3647059 0.3647059 0.3647059 1 0.4078431 0.4078431 0.4078431 1 0.3254902 0.3254902 0.3254902 1 0.3647059 0.3647059 0.3647059 1 0.4666666 0.4666666 0.4666666 1 0.3254902 0.3254902 0.3254902 1 0.6431373 0.6431373 0.6431373 1 0.3647059 0.3647059 0.3647059 1 0.5019608 0.5019608 0.5019608 1 0.6431373 0.6431373 0.6431373 1 0.3254902 0.3254902 0.3254902 1 0.4078431 0.4078431 0.4078431 1 0.317647 0.317647 0.317647 1 0.3529412 0.3529412 0.3529412 1 0.4078431 0.4078431 0.4078431 1 0.627451 0.627451 0.627451 1 0.317647 0.317647 0.317647 1 0.4509804 0.4509804 0.4509804 1 0.627451 0.627451 0.627451 1 0.4078431 0.4078431 0.4078431 1 0.4509804 0.4509804 0.4509804 1 0.7647059 0.7647059 0.7647059 1 0.627451 0.627451 0.627451 1 0.7764706 0.7764706 0.7764706 1 0.7647059 0.7647059 0.7647059 1 0.4509804 0.4509804 0.4509804 1 0.7764706 0.7764706 0.7764706 1 0.8705883 0.8705883 0.8705883 1 0.7647059 0.7647059 0.7647059 1 0.8352941 0.8352941 0.8352941 1 0.8705883 0.8705883 0.8705883 1 0.7764706 0.7764706 0.7764706 1 0.8352941 0.8352941 0.8352941 1 0.317647 0.317647 0.317647 1 0.8705883 0.8705883 0.8705883 1 0.5607843 0.5607843 0.5607843 1 0.317647 0.317647 0.317647 1 0.8352941 0.8352941 0.8352941 1 0.5607843 0.5607843 0.5607843 1 0.317647 0.317647 0.317647 1 0.317647 0.317647 0.317647 1 0.317647 0.317647 0.317647 1 0.317647 0.317647 0.317647 1 0.5607843 0.5607843 0.5607843 1 0.317647 0.317647 0.317647 1 0.6235294 0.6235294 0.6235294 1 0.317647 0.317647 0.317647 1 0.317647 0.317647 0.317647 1 0.5568628 0.5568628 0.5568628 1 0.6235294 0.6235294 0.6235294 1 0.627451 0.627451 0.627451 1 0.5568628 0.5568628 0.5568628 1 0.317647 0.317647 0.317647 1 0.627451 0.627451 0.627451 1 0.8431373 0.8431373 0.8431373 1 0.5568628 0.5568628 0.5568628 1 0.317647 0.317647 0.317647 1 0.8431373 0.8431373 0.8431373 1 0.627451 0.627451 0.627451 1 0.317647 0.317647 0.317647 1 0.317647 0.317647 0.317647 1 0.8431373 0.8431373 0.8431373 1 0.317647 0.317647 0.317647 1 0.317647 0.317647 0.317647 1 0.317647 0.317647 0.317647 1 0.317647 0.317647 0.317647 1 0.317647 0.317647 0.317647 1 0.317647 0.317647 0.317647 1 0.317647 0.317647 0.317647 1 0.317647 0.317647 0.317647 1 0.317647 0.317647 0.317647 1 0.317647 0.317647 0.317647 1 0.317647 0.317647 0.317647 1 0.317647 0.317647 0.317647 1 0.317647 0.317647 0.317647 1 0.317647 0.317647 0.317647 1 0.317647 0.317647 0.317647 1 0.317647 0.317647 0.317647 1 0.317647 0.317647 0.317647 1 0.317647 0.317647 0.317647 1 0.317647 0.317647 0.317647 1 0.317647 0.317647 0.317647 1 0.317647 0.317647 0.317647 1 0.317647 0.317647 0.317647 1 0.317647 0.317647 0.317647 1 0.317647 0.317647 0.317647 1 0.317647 0.317647 0.317647 1 0.317647 0.317647 0.317647 1 0.317647 0.317647 0.317647 1 0.3529412 0.3529412 0.3529412 1 0.317647 0.317647 0.317647 1 0.317647 0.317647 0.317647 1 0.3529412 0.3529412 0.3529412 1 0.317647 0.317647 0.317647 1 0.317647 0.317647 0.317647 1 0.317647 0.317647 0.317647 1 0.317647 0.317647 0.317647 1 0.3529412 0.3529412 0.3529412 1 0.317647 0.317647 0.317647 1 0.317647 0.317647 0.317647 1 0.317647 0.317647 0.317647 1 0.317647 0.317647 0.317647 1 0.317647 0.317647 0.317647 1 0.317647 0.317647 0.317647 1 0.317647 0.317647 0.317647 1 0.317647 0.317647 0.317647 1 0.317647 0.317647 0.317647 1 0.317647 0.317647 0.317647 1 0.317647 0.317647 0.317647 1 0.317647 0.317647 0.317647 1 0.317647 0.317647 0.317647 1 0.317647 0.317647 0.317647 1 0.317647 0.317647 0.317647 1 0.317647 0.317647 0.317647 1 0.317647 0.317647 0.317647 1 0.317647 0.317647 0.317647 1 0.317647 0.317647 0.317647 1 0.317647 0.317647 0.317647 1 0.317647 0.317647 0.317647 1 0.317647 0.317647 0.317647 1 0.4509804 0.4509804 0.4509804 1 0.317647 0.317647 0.317647 1 0.317647 0.317647 0.317647 1 0.4509804 0.4509804 0.4509804 1 0.317647 0.317647 0.317647 1 0.317647 0.317647 0.317647 1 0.4078431 0.4078431 0.4078431 1 0.4509804 0.4509804 0.4509804 1 0.317647 0.317647 0.317647 1 0.4078431 0.4078431 0.4078431 1 0.317647 0.317647 0.317647 1 0.627451 0.627451 0.627451 1 0.317647 0.317647 0.317647 1 0.5568628 0.5568628 0.5568628 1 0.627451 0.627451 0.627451 1 0.317647 0.317647 0.317647 1 0.317647 0.317647 0.317647 1 0.317647 0.317647 0.317647 1 0.317647 0.317647 0.317647 1 0.627451 0.627451 0.627451 1 0.317647 0.317647 0.317647 1 0.317647 0.317647 0.317647 1 0.317647 0.317647 0.317647 1 0.317647 0.317647 0.317647 1 0.317647 0.317647 0.317647 1 0.317647 0.317647 0.317647 1 0.317647 0.317647 0.317647 1 0.317647 0.317647 0.317647 1 0.317647 0.317647 0.317647 1 0.317647 0.317647 0.317647 1 0.317647 0.317647 0.317647 1 0.317647 0.317647 0.317647 1 0.317647 0.317647 0.317647 1 0.317647 0.317647 0.317647 1 0.317647 0.317647 0.317647 1 0.317647 0.317647 0.317647 1 0.317647 0.317647 0.317647 1 0.317647 0.317647 0.317647 1 0.317647 0.317647 0.317647 1 0.317647 0.317647 0.317647 1 0.317647 0.317647 0.317647 1 0.317647 0.317647 0.317647 1 0.317647 0.317647 0.317647 1 0.317647 0.317647 0.317647 1 0.317647 0.317647 0.317647 1 0.317647 0.317647 0.317647 1 0.317647 0.317647 0.317647 1 0.317647 0.317647 0.317647 1 0.317647 0.317647 0.317647 1 0.317647 0.317647 0.317647 1 0.317647 0.317647 0.317647 1 0.317647 0.317647 0.317647 1 0.317647 0.317647 0.317647 1 0.317647 0.317647 0.317647 1 0.317647 0.317647 0.317647 1 0.317647 0.317647 0.317647 1 0.317647 0.317647 0.317647 1 0.317647 0.317647 0.317647 1 0.317647 0.317647 0.317647 1 0.317647 0.317647 0.317647 1 0.317647 0.317647 0.317647 1 0.317647 0.317647 0.317647 1 0.317647 0.317647 0.317647 1 0.317647 0.317647 0.317647 1 0.317647 0.317647 0.317647 1 0.317647 0.317647 0.317647 1 0.317647 0.317647 0.317647 1 0.317647 0.317647 0.317647 1 0.317647 0.317647 0.317647 1 0.317647 0.317647 0.317647 1 0.317647 0.317647 0.317647 1 0.317647 0.317647 0.317647 1 0.317647 0.317647 0.317647 1 0.317647 0.317647 0.317647 1 0.317647 0.317647 0.317647 1 0.317647 0.317647 0.317647 1 0.317647 0.317647 0.317647 1 0.317647 0.317647 0.317647 1 0.317647 0.317647 0.317647 1 0.317647 0.317647 0.317647 1 0.317647 0.317647 0.317647 1 0.317647 0.317647 0.317647 1 0.317647 0.317647 0.317647 1 0.317647 0.317647 0.317647 1 0.317647 0.317647 0.317647 1 0.317647 0.317647 0.317647 1 0.317647 0.317647 0.317647 1 0.317647 0.317647 0.317647 1 0.317647 0.317647 0.317647 1 0.317647 0.317647 0.317647 1 0.7764706 0.7764706 0.7764706 1 0.4509804 0.4509804 0.4509804 1 0.317647 0.317647 0.317647 1 0.5607843 0.5607843 0.5607843 1 0.7764706 0.7764706 0.7764706 1 0.317647 0.317647 0.317647 1 0.5607843 0.5607843 0.5607843 1 0.317647 0.317647 0.317647 1 0.317647 0.317647 0.317647 1 0.317647 0.317647 0.317647 1 0.5607843 0.5607843 0.5607843 1 0.317647 0.317647 0.317647 1 0.317647 0.317647 0.317647 1 0.317647 0.317647 0.317647 1 0.317647 0.317647 0.317647 1 0.317647 0.317647 0.317647 1 0.317647 0.317647 0.317647 1 0.317647 0.317647 0.317647 1 0.317647 0.317647 0.317647 1 0.317647 0.317647 0.317647 1 0.317647 0.317647 0.317647 1 0.317647 0.317647 0.317647 1 0.317647 0.317647 0.317647 1 0.3254902 0.3254902 0.3254902 1 0.317647 0.317647 0.317647 1 0.5019608 0.5019608 0.5019608 1 0.3254902 0.3254902 0.3254902 1 0.3764706 0.3764706 0.3764706 1 0.317647 0.317647 0.317647 1 0.4666666 0.4666666 0.4666666 1 0.3764706 0.3764706 0.3764706 1 0.3254902 0.3254902 0.3254902 1 0.4666666 0.4666666 0.4666666 1 0.372549 0.372549 0.372549 1 0.3764706 0.3764706 0.3764706 1 0.4117647 0.4117647 0.4117647 1 0.372549 0.372549 0.372549 1 0.4666666 0.4666666 0.4666666 1 0.4117647 0.4117647 0.4117647 1 0.317647 0.317647 0.317647 1 0.372549 0.372549 0.372549 1 0.317647 0.317647 0.317647 1 0.317647 0.317647 0.317647 1 0.4117647 0.4117647 0.4117647 1 0.317647 0.317647 0.317647 1 0.317647 0.317647 0.317647 1 0.317647 0.317647 0.317647 1 0.317647 0.317647 0.317647 1 0.317647 0.317647 0.317647 1 0.317647 0.317647 0.317647 1 0.317647 0.317647 0.317647 1 0.317647 0.317647 0.317647 1 0.317647 0.317647 0.317647 1 0.317647 0.317647 0.317647 1 0.317647 0.317647 0.317647 1 0.317647 0.317647 0.317647 1 0.317647 0.317647 0.317647 1 0.317647 0.317647 0.317647 1 0.317647 0.317647 0.317647 1 0.317647 0.317647 0.317647 1 0.317647 0.317647 0.317647 1 0.317647 0.317647 0.317647 1 0.317647 0.317647 0.317647 1 0.317647 0.317647 0.317647 1 0.317647 0.317647 0.317647 1 0.317647 0.317647 0.317647 1 0.317647 0.317647 0.317647 1 0.317647 0.317647 0.317647 1 0.317647 0.317647 0.317647 1 0.627451 0.627451 0.627451 1 0.317647 0.317647 0.317647 1 0.317647 0.317647 0.317647 1 0.317647 0.317647 0.317647 1 0.627451 0.627451 0.627451 1 0.317647 0.317647 0.317647 1 0.317647 0.317647 0.317647 1 0.317647 0.317647 0.317647 1 0.317647 0.317647 0.317647 1 0.317647 0.317647 0.317647 1 0.317647 0.317647 0.317647 1 0.317647 0.317647 0.317647 1 0.317647 0.317647 0.317647 1 0.317647 0.317647 0.317647 1 0.317647 0.317647 0.317647 1 0.317647 0.317647 0.317647 1 0.317647 0.317647 0.317647 1 0.317647 0.317647 0.317647 1 0.317647 0.317647 0.317647 1 0.317647 0.317647 0.317647 1 0.8431373 0.8431373 0.8431373 1 0.627451 0.627451 0.627451 1 0.5568628 0.5568628 0.5568628 1 0.8431373 0.8431373 0.8431373 1 0.317647 0.317647 0.317647 1 0.627451 0.627451 0.627451 1 0.317647 0.317647 0.317647 1 0.317647 0.317647 0.317647 1 0.8431373 0.8431373 0.8431373 1 0.317647 0.317647 0.317647 1 0.317647 0.317647 0.317647 1 0.317647 0.317647 0.317647 1 0.317647 0.317647 0.317647 1 0.317647 0.317647 0.317647 1 0.317647 0.317647 0.317647 1 0.317647 0.317647 0.317647 1 0.317647 0.317647 0.317647 1 0.317647 0.317647 0.317647 1 0.317647 0.317647 0.317647 1 0.317647 0.317647 0.317647 1 0.317647 0.317647 0.317647 1 0.317647 0.317647 0.317647 1 0.317647 0.317647 0.317647 1 0.317647 0.317647 0.317647 1 0.317647 0.317647 0.317647 1 0.317647 0.317647 0.317647 1 0.317647 0.317647 0.317647 1 0.317647 0.317647 0.317647 1 0.317647 0.317647 0.317647 1 0.317647 0.317647 0.317647 1 0.317647 0.317647 0.317647 1 0.317647 0.317647 0.317647 1 0.317647 0.317647 0.317647 1 0.317647 0.317647 0.317647 1 0.317647 0.317647 0.317647 1 0.317647 0.317647 0.317647 1 0.317647 0.317647 0.317647 1 0.317647 0.317647 0.317647 1 0.317647 0.317647 0.317647 1 0.317647 0.317647 0.317647 1 0.317647 0.317647 0.317647 1 0.317647 0.317647 0.317647 1 0.3529412 0.3529412 0.3529412 1 0.317647 0.317647 0.317647 1 0.4078431 0.4078431 0.4078431 1 0.3529412 0.3529412 0.3529412 1 0.317647 0.317647 0.317647 1 0.317647 0.317647 0.317647 1 0.317647 0.317647 0.317647 1 0.317647 0.317647 0.317647 1 0.3529412 0.3529412 0.3529412 1 0.317647 0.317647 0.317647 1 0.317647 0.317647 0.317647 1 0.317647 0.317647 0.317647 1 0.317647 0.317647 0.317647 1 0.317647 0.317647 0.317647 1 0.317647 0.317647 0.317647 1 0.317647 0.317647 0.317647 1 0.317647 0.317647 0.317647 1 0.317647 0.317647 0.317647 1 0.317647 0.317647 0.317647 1 0.317647 0.317647 0.317647 1 0.317647 0.317647 0.317647 1 0.317647 0.317647 0.317647 1 0.317647 0.317647 0.317647 1 0.317647 0.317647 0.317647 1 0.317647 0.317647 0.317647 1 0.317647 0.317647 0.317647 1 0.317647 0.317647 0.317647 1 0.317647 0.317647 0.317647 1 0.317647 0.317647 0.317647 1 0.317647 0.317647 0.317647 1 0.317647 0.317647 0.317647 1 0.5490196 0.5490196 0.5490196 1 0.317647 0.317647 0.317647 1 0.317647 0.317647 0.317647 1 0.5490196 0.5490196 0.5490196 1 0.317647 0.317647 0.317647 1 0.317647 0.317647 0.317647 1 0.5647059 0.5647059 0.5647059 1 0.5490196 0.5490196 0.5490196 1 0.6235294 0.6235294 0.6235294 1 0.317647 0.317647 0.317647 1 0.317647 0.317647 0.317647 1 0.6235294 0.6235294 0.6235294 1 0.5568628 0.5568628 0.5568628 1 0.317647 0.317647 0.317647 1 0.9176471 0.9176471 0.9176471 1 0.5568628 0.5568628 0.5568628 1 0.6235294 0.6235294 0.6235294 1 0.9176471 0.9176471 0.9176471 1 0.8431373 0.8431373 0.8431373 1 0.5568628 0.5568628 0.5568628 1 0.5490196 0.5490196 0.5490196 1 0.8431373 0.8431373 0.8431373 1 0.9176471 0.9176471 0.9176471 1 0.5490196 0.5490196 0.5490196 1 0.317647 0.317647 0.317647 1 0.8431373 0.8431373 0.8431373 1 0.317647 0.317647 0.317647 1 0.3490196 0.3490196 0.3490196 1 0.317647 0.317647 0.317647 1 0.317647 0.317647 0.317647 1 0.317647 0.317647 0.317647 1 0.3490196 0.3490196 0.3490196 1 0.317647 0.317647 0.317647 1 0.317647 0.317647 0.317647 1 0.317647 0.317647 0.317647 1 0.317647 0.317647 0.317647 1 0.317647 0.317647 0.317647 1 0.317647 0.317647 0.317647 1 0.317647 0.317647 0.317647 1 0.317647 0.317647 0.317647 1 0.317647 0.317647 0.317647 1 0.317647 0.317647 0.317647 1 0.317647 0.317647 0.317647 1 0.317647 0.317647 0.317647 1 0.317647 0.317647 0.317647 1 0.317647 0.317647 0.317647 1 0.317647 0.317647 0.317647 1 0.317647 0.317647 0.317647 1 0.8627451 0.8627451 0.8627451 1 0.317647 0.317647 0.317647 1 0.317647 0.317647 0.317647 1 0.8627451 0.8627451 0.8627451 1 0.317647 0.317647 0.317647 1 0.317647 0.317647 0.317647 1 0.9058824 0.9058824 0.9058824 1 0.8627451 0.8627451 0.8627451 1 0.509804 0.509804 0.509804 1 0.9058824 0.9058824 0.9058824 1 0.317647 0.317647 0.317647 1 0.509804 0.509804 0.509804 1 0.8392157 0.8392157 0.8392157 1 0.9058824 0.9058824 0.9058824 1 0.8980392 0.8980392 0.8980392 1 0.317647 0.317647 0.317647 1 0.6235294 0.6235294 0.6235294 1 0.8980392 0.8980392 0.8980392 1 0.8588235 0.8588235 0.8588235 1 0.317647 0.317647 0.317647 1 0.7960785 0.7960785 0.7960785 1 0.8588235 0.8588235 0.8588235 1 0.8980392 0.8980392 0.8980392 1 0.7960785 0.7960785 0.7960785 1 0.5137255 0.5137255 0.5137255 1 0.8588235 0.8588235 0.8588235 1 0.317647 0.317647 0.317647 1 0.5137255 0.5137255 0.5137255 1 0.7960785 0.7960785 0.7960785 1 0.317647 0.317647 0.317647 1 0.317647 0.317647 0.317647 1 0.5137255 0.5137255 0.5137255 1 0.3764706 0.3764706 0.3764706 1 0.317647 0.317647 0.317647 1 0.317647 0.317647 0.317647 1 0.3764706 0.3764706 0.3764706 1 0.317647 0.317647 0.317647 1 0.317647 0.317647 0.317647 1 0.3254902 0.3254902 0.3254902 1 0.317647 0.317647 0.317647 1 0.3764706 0.3764706 0.3764706 1 0.3254902 0.3254902 0.3254902 1 0.5019608 0.5019608 0.5019608 1 0.317647 0.317647 0.317647 1 0.6431373 0.6431373 0.6431373 1 0.5019608 0.5019608 0.5019608 1 0.3254902 0.3254902 0.3254902 1 0.6431373 0.6431373 0.6431373 1 0.6235294 0.6235294 0.6235294 1 0.5019608 0.5019608 0.5019608 1 0.5019608 0.5019608 0.5019608 1 0.317647 0.317647 0.317647 1 0.317647 0.317647 0.317647 1 0.5019608 0.5019608 0.5019608 1 0.8 0.8 0.8 1 0.317647 0.317647 0.317647 1 0.6235294 0.6235294 0.6235294 1 0.8 0.8 0.8 1 0.5019608 0.5019608 0.5019608 1 0.6235294 0.6235294 0.6235294 1 0.9176471 0.9176471 0.9176471 1 0.8 0.8 0.8 1 0.5568628 0.5568628 0.5568628 1 0.9176471 0.9176471 0.9176471 1 0.6235294 0.6235294 0.6235294 1 0.5568628 0.5568628 0.5568628 1 0.8431373 0.8431373 0.8431373 1 0.9176471 0.9176471 0.9176471 1 0.5607843 0.5607843 0.5607843 1 0.8352941 0.8352941 0.8352941 1 0.7764706 0.7764706 0.7764706 1 0.5607843 0.5607843 0.5607843 1 0.5607843 0.5607843 0.5607843 1 0.8352941 0.8352941 0.8352941 1 0.317647 0.317647 0.317647 1 0.5607843 0.5607843 0.5607843 1 0.5607843 0.5607843 0.5607843 1 0.317647 0.317647 0.317647 1 0.317647 0.317647 0.317647 1 0.5607843 0.5607843 0.5607843 1 0.317647 0.317647 0.317647 1 0.317647 0.317647 0.317647 1 0.317647 0.317647 0.317647 1 0.317647 0.317647 0.317647 1 0.317647 0.317647 0.317647 1 0.317647 0.317647 0.317647 1 0.317647 0.317647 0.317647 1 0.317647 0.317647 0.317647 1 0.317647 0.317647 0.317647 1 0.317647 0.317647 0.317647 1 0.317647 0.317647 0.317647 1 0.317647 0.317647 0.317647 1 0.317647 0.317647 0.317647 1 0.317647 0.317647 0.317647 1 0.317647 0.317647 0.317647 1 0.317647 0.317647 0.317647 1 0.3647059 0.3647059 0.3647059 1 0.317647 0.317647 0.317647 1 0.4078431 0.4078431 0.4078431 1 0.3647059 0.3647059 0.3647059 1 0.317647 0.317647 0.317647 1 0.4078431 0.4078431 0.4078431 1 0.4117647 0.4117647 0.4117647 1 0.3647059 0.3647059 0.3647059 1 0.317647 0.317647 0.317647 1 0.4078431 0.4078431 0.4078431 1 0.317647 0.317647 0.317647 1 0.317647 0.317647 0.317647 1 0.317647 0.317647 0.317647 1 0.4078431 0.4078431 0.4078431 1 0.317647 0.317647 0.317647 1 0.317647 0.317647 0.317647 1 0.317647 0.317647 0.317647 1 0.317647 0.317647 0.317647 1 0.317647 0.317647 0.317647 1 0.317647 0.317647 0.317647 1 0.317647 0.317647 0.317647 1 0.317647 0.317647 0.317647 1 0.317647 0.317647 0.317647 1 0.317647 0.317647 0.317647 1 0.317647 0.317647 0.317647 1 0.317647 0.317647 0.317647 1 0.317647 0.317647 0.317647 1 0.317647 0.317647 0.317647 1 0.317647 0.317647 0.317647 1 0.317647 0.317647 0.317647 1 0.317647 0.317647 0.317647 1 0.317647 0.317647 0.317647 1 0.317647 0.317647 0.317647 1 0.317647 0.317647 0.317647 1 0.317647 0.317647 0.317647 1 0.317647 0.317647 0.317647 1 0.317647 0.317647 0.317647 1 0.317647 0.317647 0.317647 1 0.317647 0.317647 0.317647 1 0.317647 0.317647 0.317647 1 0.317647 0.317647 0.317647 1 0.317647 0.317647 0.317647 1 0.317647 0.317647 0.317647 1 0.317647 0.317647 0.317647 1 0.317647 0.317647 0.317647 1 0.317647 0.317647 0.317647 1 0.317647 0.317647 0.317647 1 0.317647 0.317647 0.317647 1 0.317647 0.317647 0.317647 1 0.317647 0.317647 0.317647 1 0.317647 0.317647 0.317647 1 0.317647 0.317647 0.317647 1 0.317647 0.317647 0.317647 1 0.317647 0.317647 0.317647 1 0.317647 0.317647 0.317647 1 0.317647 0.317647 0.317647 1 0.317647 0.317647 0.317647 1 0.317647 0.317647 0.317647 1 0.317647 0.317647 0.317647 1 0.317647 0.317647 0.317647 1 0.317647 0.317647 0.317647 1 0.317647 0.317647 0.317647 1 0.317647 0.317647 0.317647 1 0.317647 0.317647 0.317647 1 0.317647 0.317647 0.317647 1 0.317647 0.317647 0.317647 1 0.317647 0.317647 0.317647 1 0.317647 0.317647 0.317647 1 0.317647 0.317647 0.317647 1 0.317647 0.317647 0.317647 1 0.317647 0.317647 0.317647 1 0.317647 0.317647 0.317647 1 0.317647 0.317647 0.317647 1 0.317647 0.317647 0.317647 1 0.317647 0.317647 0.317647 1 0.317647 0.317647 0.317647 1 0.317647 0.317647 0.317647 1 0.317647 0.317647 0.317647 1 0.317647 0.317647 0.317647 1 0.317647 0.317647 0.317647 1 0.317647 0.317647 0.317647 1 0.317647 0.317647 0.317647 1 0.317647 0.317647 0.317647 1 0.317647 0.317647 0.317647 1 0.317647 0.317647 0.317647 1 0.317647 0.317647 0.317647 1 0.317647 0.317647 0.317647 1 0.317647 0.317647 0.317647 1 0.317647 0.317647 0.317647 1 0.317647 0.317647 0.317647 1 0.317647 0.317647 0.317647 1 0.317647 0.317647 0.317647 1 0.317647 0.317647 0.317647 1 0.317647 0.317647 0.317647 1 0.317647 0.317647 0.317647 1 0.317647 0.317647 0.317647 1 0.317647 0.317647 0.317647 1 0.317647 0.317647 0.317647 1 0.317647 0.317647 0.317647 1 0.317647 0.317647 0.317647 1 0.317647 0.317647 0.317647 1 0.317647 0.317647 0.317647 1 0.317647 0.317647 0.317647 1 0.317647 0.317647 0.317647 1 0.317647 0.317647 0.317647 1 0.317647 0.317647 0.317647 1 0.317647 0.317647 0.317647 1 0.317647 0.317647 0.317647 1 0.317647 0.317647 0.317647 1 0.317647 0.317647 0.317647 1 0.317647 0.317647 0.317647 1 0.317647 0.317647 0.317647 1 0.317647 0.317647 0.317647 1 0.317647 0.317647 0.317647 1 0.317647 0.317647 0.317647 1 0.317647 0.317647 0.317647 1 0.317647 0.317647 0.317647 1 0.317647 0.317647 0.317647 1 0.317647 0.317647 0.317647 1 0.317647 0.317647 0.317647 1 0.317647 0.317647 0.317647 1 0.317647 0.317647 0.317647 1 0.372549 0.372549 0.372549 1 0.317647 0.317647 0.317647 1 0.3764706 0.3764706 0.3764706 1 0.372549 0.372549 0.372549 1 0.317647 0.317647 0.317647 1 0.317647 0.317647 0.317647 1 0.317647 0.317647 0.317647 1 0.317647 0.317647 0.317647 1 0.372549 0.372549 0.372549 1 0.317647 0.317647 0.317647 1 0.317647 0.317647 0.317647 1 0.317647 0.317647 0.317647 1 0.317647 0.317647 0.317647 1 0.317647 0.317647 0.317647 1 0.317647 0.317647 0.317647 1 0.317647 0.317647 0.317647 1 0.317647 0.317647 0.317647 1 0.317647 0.317647 0.317647 1 0.317647 0.317647 0.317647 1 0.317647 0.317647 0.317647 1 0.317647 0.317647 0.317647 1 0.317647 0.317647 0.317647 1 0.317647 0.317647 0.317647 1 0.317647 0.317647 0.317647 1 0.5490196 0.5490196 0.5490196 1 0.9176471 0.9176471 0.9176471 1 0.8431373 0.8431373 0.8431373 1 0.5490196 0.5490196 0.5490196 1 0.8 0.8 0.8 1 0.9176471 0.9176471 0.9176471 1 0.5647059 0.5647059 0.5647059 1 0.8 0.8 0.8 1 0.5490196 0.5490196 0.5490196 1 0.5647059 0.5647059 0.5647059 1 0.317647 0.317647 0.317647 1 0.8 0.8 0.8 1 0.3490196 0.3490196 0.3490196 1 0.317647 0.317647 0.317647 1 0.317647 0.317647 0.317647 1 0.3490196 0.3490196 0.3490196 1 0.317647 0.317647 0.317647 1 0.317647 0.317647 0.317647 1 0.317647 0.317647 0.317647 1 0.317647 0.317647 0.317647 1 0.3490196 0.3490196 0.3490196 1 0.317647 0.317647 0.317647 1 0.317647 0.317647 0.317647 1 0.317647 0.317647 0.317647 1 0.317647 0.317647 0.317647 1 0.317647 0.317647 0.317647 1 0.317647 0.317647 0.317647 1 0.317647 0.317647 0.317647 1 0.317647 0.317647 0.317647 1 0.317647 0.317647 0.317647 1 0.317647 0.317647 0.317647 1 0.317647 0.317647 0.317647 1 0.317647 0.317647 0.317647 1 0.317647 0.317647 0.317647 1 0.317647 0.317647 0.317647 1 0.317647 0.317647 0.317647 1 0.317647 0.317647 0.317647 1 0.5607843 0.5607843 0.5607843 1 0.317647 0.317647 0.317647 1 0.317647 0.317647 0.317647 1 0.7764706 0.7764706 0.7764706 1 0.5607843 0.5607843 0.5607843 1 0.4509804 0.4509804 0.4509804 1 0.7764706 0.7764706 0.7764706 1 0.317647 0.317647 0.317647 1 0.4509804 0.4509804 0.4509804 1 0.7647059 0.7647059 0.7647059 1 0.7764706 0.7764706 0.7764706 1 0.5137255 0.5137255 0.5137255 1 0.8588235 0.8588235 0.8588235 1 0.5725491 0.5725491 0.5725491 1 0.5137255 0.5137255 0.5137255 1 0.7960785 0.7960785 0.7960785 1 0.8588235 0.8588235 0.8588235 1 0.317647 0.317647 0.317647 1 0.7960785 0.7960785 0.7960785 1 0.5137255 0.5137255 0.5137255 1 0.317647 0.317647 0.317647 1 0.317647 0.317647 0.317647 1 0.7960785 0.7960785 0.7960785 1 0.317647 0.317647 0.317647 1 0.317647 0.317647 0.317647 1 0.317647 0.317647 0.317647 1 0.317647 0.317647 0.317647 1 0.317647 0.317647 0.317647 1 0.317647 0.317647 0.317647 1 0.317647 0.317647 0.317647 1 0.317647 0.317647 0.317647 1 0.317647 0.317647 0.317647 1 0.317647 0.317647 0.317647 1 0.317647 0.317647 0.317647 1 0.317647 0.317647 0.317647 1 0.317647 0.317647 0.317647 1 0.317647 0.317647 0.317647 1 0.317647 0.317647 0.317647 1 0.317647 0.317647 0.317647 1 0.317647 0.317647 0.317647 1 0.317647 0.317647 0.317647 1 0.317647 0.317647 0.317647 1 0.317647 0.317647 0.317647 1 0.317647 0.317647 0.317647 1 0.317647 0.317647 0.317647 1 0.5607843 0.5607843 0.5607843 1 0.317647 0.317647 0.317647 1 0.317647 0.317647 0.317647 1 0.5725491 0.5725491 0.5725491 1 0.317647 0.317647 0.317647 1 0.317647 0.317647 0.317647 1 0.5137255 0.5137255 0.5137255 1 0.5725491 0.5725491 0.5725491 1 0.317647 0.317647 0.317647 1 0.5137255 0.5137255 0.5137255 1 0.317647 0.317647 0.317647 1 0.317647 0.317647 0.317647 1 0.317647 0.317647 0.317647 1 0.5137255 0.5137255 0.5137255 1 0.317647 0.317647 0.317647 1 0.5490196 0.5490196 0.5490196 1 0.5647059 0.5647059 0.5647059 1 0.317647 0.317647 0.317647 1 0.317647 0.317647 0.317647 1 0.5490196 0.5490196 0.5490196 1 0.317647 0.317647 0.317647 1 0.317647 0.317647 0.317647 1 0.317647 0.317647 0.317647 1 0.317647 0.317647 0.317647 1 0.317647 0.317647 0.317647 1 0.317647 0.317647 0.317647 1 0.317647 0.317647 0.317647 1 0.317647 0.317647 0.317647 1 0.5490196 0.5490196 0.5490196 1 0.317647 0.317647 0.317647 1 0.317647 0.317647 0.317647 1 0.317647 0.317647 0.317647 1 0.317647 0.317647 0.317647 1 0.317647 0.317647 0.317647 1 0.317647 0.317647 0.317647 1 0.317647 0.317647 0.317647 1 0.317647 0.317647 0.317647 1 0.317647 0.317647 0.317647 1 0.4235294 0.4235294 0.4235294 1 0.509804 0.509804 0.509804 1 0.627451 0.627451 0.627451 1 0.4235294 0.4235294 0.4235294 1 0.5568628 0.5568628 0.5568628 1 0.509804 0.509804 0.509804 1 0.317647 0.317647 0.317647 1 0.5568628 0.5568628 0.5568628 1 0.4235294 0.4235294 0.4235294 1 0.317647 0.317647 0.317647 1 0.317647 0.317647 0.317647 1 0.5568628 0.5568628 0.5568628 1 0.317647 0.317647 0.317647 1 0.317647 0.317647 0.317647 1 0.3529412 0.3529412 0.3529412 1 0.317647 0.317647 0.317647 1 0.4235294 0.4235294 0.4235294 1 0.317647 0.317647 0.317647 1 0.627451 0.627451 0.627451 1 0.4235294 0.4235294 0.4235294 1 0.317647 0.317647 0.317647 1 0.627451 0.627451 0.627451 1 0.509804 0.509804 0.509804 1 0.4235294 0.4235294 0.4235294 1 0.317647 0.317647 0.317647 1 0.317647 0.317647 0.317647 1 0.317647 0.317647 0.317647 1 0.317647 0.317647 0.317647 1 0.317647 0.317647 0.317647 1 0.317647 0.317647 0.317647 1 0.317647 0.317647 0.317647 1 0.317647 0.317647 0.317647 1 0.317647 0.317647 0.317647 1 0.317647 0.317647 0.317647 1 0.317647 0.317647 0.317647 1 0.317647 0.317647 0.317647 1 0.7960785 0.7960785 0.7960785 1 0.8980392 0.8980392 0.8980392 1 0.8588235 0.8588235 0.8588235 1 0.7960785 0.7960785 0.7960785 1 0.8627451 0.8627451 0.8627451 1 0.8980392 0.8980392 0.8980392 1 0.317647 0.317647 0.317647 1 0.8627451 0.8627451 0.8627451 1 0.7960785 0.7960785 0.7960785 1 0.317647 0.317647 0.317647 1 0.5686275 0.5686275 0.5686275 1 0.8627451 0.8627451 0.8627451 1 0.317647 0.317647 0.317647 1 0.317647 0.317647 0.317647 1 0.317647 0.317647 0.317647 1 0.317647 0.317647 0.317647 1 0.8627451 0.8627451 0.8627451 1 0.317647 0.317647 0.317647 1 0.8313726 0.8313726 0.8313726 1 0.8627451 0.8627451 0.8627451 1 0.317647 0.317647 0.317647 1 0.8313726 0.8313726 0.8313726 1 0.8392157 0.8392157 0.8392157 1 0.8627451 0.8627451 0.8627451 1 0.8627451 0.8627451 0.8627451 1 0.317647 0.317647 0.317647 1 0.317647 0.317647 0.317647 1 0.8627451 0.8627451 0.8627451 1 0.9058824 0.9058824 0.9058824 1 0.317647 0.317647 0.317647 1 0.8392157 0.8392157 0.8392157 1 0.9058824 0.9058824 0.9058824 1 0.8627451 0.8627451 0.8627451 1 0.8392157 0.8392157 0.8392157 1 0.509804 0.509804 0.509804 1 0.9058824 0.9058824 0.9058824 1 0.509804 0.509804 0.509804 1 0.8705883 0.8705883 0.8705883 1 0.317647 0.317647 0.317647 1 0.509804 0.509804 0.509804 1 0.7647059 0.7647059 0.7647059 1 0.8705883 0.8705883 0.8705883 1 0.627451 0.627451 0.627451 1 0.7647059 0.7647059 0.7647059 1 0.509804 0.509804 0.509804 1 0.317647 0.317647 0.317647 1 0.317647 0.317647 0.317647 1 0.317647 0.317647 0.317647 1 0.317647 0.317647 0.317647 1 0.317647 0.317647 0.317647 1 0.317647 0.317647 0.317647 1 0.317647 0.317647 0.317647 1 0.317647 0.317647 0.317647 1 0.317647 0.317647 0.317647 1 0.7764706 0.7764706 0.7764706 1 0.8352941 0.8352941 0.8352941 1 0.5607843 0.5607843 0.5607843 1 0.7764706 0.7764706 0.7764706 1 0.8705883 0.8705883 0.8705883 1 0.8352941 0.8352941 0.8352941 1 0.7647059 0.7647059 0.7647059 1 0.8705883 0.8705883 0.8705883 1 0.7764706 0.7764706 0.7764706 1 0.8627451 0.8627451 0.8627451 1 0.8313726 0.8313726 0.8313726 1 0.317647 0.317647 0.317647 1 0.8627451 0.8627451 0.8627451 1 0.8392157 0.8392157 0.8392157 1 0.8313726 0.8313726 0.8313726 1 0.9058824 0.9058824 0.9058824 1 0.8392157 0.8392157 0.8392157 1 0.8627451 0.8627451 0.8627451 1 0.317647 0.317647 0.317647 1 0.317647 0.317647 0.317647 1 0.317647 0.317647 0.317647 1 0.317647 0.317647 0.317647 1 0.317647 0.317647 0.317647 1 0.317647 0.317647 0.317647 1 0.317647 0.317647 0.317647 1 0.317647 0.317647 0.317647 1 0.317647 0.317647 0.317647 1 0.317647 0.317647 0.317647 1 0.3647059 0.3647059 0.3647059 1 0.4078431 0.4078431 0.4078431 1 0.317647 0.317647 0.317647 1 0.317647 0.317647 0.317647 1 0.3647059 0.3647059 0.3647059 1 0.317647 0.317647 0.317647 1 0.317647 0.317647 0.317647 1 0.317647 0.317647 0.317647 1 0.317647 0.317647 0.317647 1 0.317647 0.317647 0.317647 1 0.317647 0.317647 0.317647 1 0.317647 0.317647 0.317647 1 0.317647 0.317647 0.317647 1 0.317647 0.317647 0.317647 1 0.5647059 0.5647059 0.5647059 1 0.317647 0.317647 0.317647 1 0.317647 0.317647 0.317647 1 0.317647 0.317647 0.317647 1 0.317647 0.317647 0.317647 1 0.317647 0.317647 0.317647 1 0.317647 0.317647 0.317647 1 0.317647 0.317647 0.317647 1 0.317647 0.317647 0.317647 1 0.4117647 0.4117647 0.4117647 1 0.317647 0.317647 0.317647 1 0.317647 0.317647 0.317647 1 0.9176471 0.9176471 0.9176471 1 0.8 0.8 0.8 1 0.5490196 0.5490196 0.5490196 1 0.9176471 0.9176471 0.9176471 1 0.6235294 0.6235294 0.6235294 1 0.8 0.8 0.8 1 0.3529412 0.3529412 0.3529412 1 0.317647 0.317647 0.317647 1 0.317647 0.317647 0.317647 1 0.3529412 0.3529412 0.3529412 1 0.317647 0.317647 0.317647 1 0.317647 0.317647 0.317647 1 0.317647 0.317647 0.317647 1 0.317647 0.317647 0.317647 1 0.317647 0.317647 0.317647 1 0.317647 0.317647 0.317647 1 0.317647 0.317647 0.317647 1 0.317647 0.317647 0.317647 1 0.317647 0.317647 0.317647 1 0.8431373 0.8431373 0.8431373 1 0.317647 0.317647 0.317647 1 0.317647 0.317647 0.317647 1 0.5490196 0.5490196 0.5490196 1 0.8431373 0.8431373 0.8431373 1 0.317647 0.317647 0.317647 1 0.317647 0.317647 0.317647 1 0.8431373 0.8431373 0.8431373 1 0.317647 0.317647 0.317647 1 0.317647 0.317647 0.317647 1 0.317647 0.317647 0.317647 1 0.317647 0.317647 0.317647 1 0.317647 0.317647 0.317647 1 0.317647 0.317647 0.317647 1 0.317647 0.317647 0.317647 1 0.317647 0.317647 0.317647 1 0.317647 0.317647 0.317647 1 0.317647 0.317647 0.317647 1 0.317647 0.317647 0.317647 1 0.317647 0.317647 0.317647 1 0.317647 0.317647 0.317647 1 0.317647 0.317647 0.317647 1 0.317647 0.317647 0.317647 1 0.317647 0.317647 0.317647 1 0.317647 0.317647 0.317647 1 0.317647 0.317647 0.317647 1 0.317647 0.317647 0.317647 1 0.317647 0.317647 0.317647 1 0.317647 0.317647 0.317647 1 0.317647 0.317647 0.317647 1 0.317647 0.317647 0.317647 1 0.317647 0.317647 0.317647 1 0.317647 0.317647 0.317647 1 0.317647 0.317647 0.317647 1 0.317647 0.317647 0.317647 1 0.317647 0.317647 0.317647 1 0.317647 0.317647 0.317647 1 0.317647 0.317647 0.317647 1 0.317647 0.317647 0.317647 1 0.3764706 0.3764706 0.3764706 1 0.317647 0.317647 0.317647 1 0.317647 0.317647 0.317647 1 0.317647 0.317647 0.317647 1 0.317647 0.317647 0.317647 1 0.317647 0.317647 0.317647 1 0.5019608 0.5019608 0.5019608 1 0.317647 0.317647 0.317647 1 0.317647 0.317647 0.317647 1 0.317647 0.317647 0.317647 1 0.317647 0.317647 0.317647 1 0.317647 0.317647 0.317647 1 0.317647 0.317647 0.317647 1 0.317647 0.317647 0.317647 1 0.317647 0.317647 0.317647 1 0.317647 0.317647 0.317647 1 0.317647 0.317647 0.317647 1 0.317647 0.317647 0.317647 1 0.317647 0.317647 0.317647 1 0.317647 0.317647 0.317647 1 0.317647 0.317647 0.317647 1 0.5607843 0.5607843 0.5607843 1 0.317647 0.317647 0.317647 1 0.317647 0.317647 0.317647 1 0.317647 0.317647 0.317647 1 0.5607843 0.5607843 0.5607843 1 0.317647 0.317647 0.317647 1 0.317647 0.317647 0.317647 1 0.317647 0.317647 0.317647 1 0.317647 0.317647 0.317647 1 0.317647 0.317647 0.317647 1 0.317647 0.317647 0.317647 1 0.317647 0.317647 0.317647 1 0.317647 0.317647 0.317647 1 0.317647 0.317647 0.317647 1 0.317647 0.317647 0.317647 1 0.317647 0.317647 0.317647 1 0.317647 0.317647 0.317647 1 0.317647 0.317647 0.317647 1 0.317647 0.317647 0.317647 1 0.317647 0.317647 0.317647 1 0.317647 0.317647 0.317647 1 0.317647 0.317647 0.317647 1 0.317647 0.317647 0.317647 1 0.317647 0.317647 0.317647 1 0.317647 0.317647 0.317647 1 0.317647 0.317647 0.317647 1 0.317647 0.317647 0.317647 1 0.317647 0.317647 0.317647 1 0.317647 0.317647 0.317647 1 0.317647 0.317647 0.317647 1 0.317647 0.317647 0.317647 1 0.4078431 0.4078431 0.4078431 1 0.317647 0.317647 0.317647 1 0.5568628 0.5568628 0.5568628 1 0.317647 0.317647 0.317647 1 0.317647 0.317647 0.317647 1 0.317647 0.317647 0.317647 1 0.317647 0.317647 0.317647 1 0.317647 0.317647 0.317647 1 0.317647 0.317647 0.317647 1 0.317647 0.317647 0.317647 1 0.3529412 0.3529412 0.3529412 1 0.317647 0.317647 0.317647 1 0.317647 0.317647 0.317647 1 0.3529412 0.3529412 0.3529412 1 0.4078431 0.4078431 0.4078431 1 0.317647 0.317647 0.317647 1 0.3490196 0.3490196 0.3490196 1 0.317647 0.317647 0.317647 1 0.317647 0.317647 0.317647 1 0.3490196 0.3490196 0.3490196 1 0.317647 0.317647 0.317647 1 0.317647 0.317647 0.317647 1 0.317647 0.317647 0.317647 1 0.317647 0.317647 0.317647 1 0.317647 0.317647 0.317647 1 0.317647 0.317647 0.317647 1 0.317647 0.317647 0.317647 1 0.317647 0.317647 0.317647 1 0.317647 0.317647 0.317647 1 0.317647 0.317647 0.317647 1 0.317647 0.317647 0.317647 1 0.317647 0.317647 0.317647 1 0.317647 0.317647 0.317647 1 0.317647 0.317647 0.317647 1 0.3647059 0.3647059 0.3647059 1 0.317647 0.317647 0.317647 1 0.317647 0.317647 0.317647 1 0.3647059 0.3647059 0.3647059 1 0.4117647 0.4117647 0.4117647 1 0.317647 0.317647 0.317647 1 0.317647 0.317647 0.317647 1 0.317647 0.317647 0.317647 1 0.317647 0.317647 0.317647 1 0.317647 0.317647 0.317647 1 0.317647 0.317647 0.317647 1 0.317647 0.317647 0.317647 1 0.317647 0.317647 0.317647 1 0.317647 0.317647 0.317647 1 0.317647 0.317647 0.317647 1 0.317647 0.317647 0.317647 1 0.5647059 0.5647059 0.5647059 1 0.317647 0.317647 0.317647 1 0.5686275 0.5686275 0.5686275 1 0.8980392 0.8980392 0.8980392 1 0.8627451 0.8627451 0.8627451 1 0.317647 0.317647 0.317647 1 0.5607843 0.5607843 0.5607843 1 0.317647 0.317647 0.317647 1 0.317647 0.317647 0.317647 1 0.317647 0.317647 0.317647 1 0.317647 0.317647 0.317647 1 0.317647 0.317647 0.317647 1 0.317647 0.317647 0.317647 1 0.317647 0.317647 0.317647 1 0.317647 0.317647 0.317647 1 0.317647 0.317647 0.317647 1 0.5607843 0.5607843 0.5607843 1 0.317647 0.317647 0.317647 1 0.317647 0.317647 0.317647 1 0.317647 0.317647 0.317647 1 0.317647 0.317647 0.317647 1 0.317647 0.317647 0.317647 1 0.317647 0.317647 0.317647 1 0.317647 0.317647 0.317647 1 0.317647 0.317647 0.317647 1 0.317647 0.317647 0.317647 1 0.317647 0.317647 0.317647 1 0.317647 0.317647 0.317647 1 0.317647 0.317647 0.317647 1 0.317647 0.317647 0.317647 1 0.317647 0.317647 0.317647 1 0.317647 0.317647 0.317647 1 0.509804 0.509804 0.509804 1 0.317647 0.317647 0.317647 1 0.9058824 0.9058824 0.9058824 1 0.5686275 0.5686275 0.5686275 1 0.317647 0.317647 0.317647 1 0.8627451 0.8627451 0.8627451 1 0.3490196 0.3490196 0.3490196 1 0.317647 0.317647 0.317647 1 0.317647 0.317647 0.317647 1 0.317647 0.317647 0.317647 1 0.317647 0.317647 0.317647 1 0.317647 0.317647 0.317647 1 0.317647 0.317647 0.317647 1 0.317647 0.317647 0.317647 1 0.317647 0.317647 0.317647 1 0.317647 0.317647 0.317647 1 0.317647 0.317647 0.317647 1 0.317647 0.317647 0.317647 1 0.317647 0.317647 0.317647 1 0.317647 0.317647 0.317647 1 0.5725491 0.5725491 0.5725491 1</float_array>
          <technique_common>
            <accessor source="#meshId3_name-mesh-colors-meshId3-color0-array" count="1596" stride="4">
              <param name="R" type="float"/>
              <param name="G" type="float"/>
              <param name="B" type="float"/>
              <param name="A" type="float"/>
            </accessor>
          </technique_common>
        </source>
        <vertices id="meshId3_name-mesh-vertices">
          <input semantic="POSITION" source="#meshId3_name-mesh-positions"/>
        </vertices>
        <triangles material="m2Hand_v-material" count="532">
          <input semantic="VERTEX" source="#meshId3_name-mesh-vertices" offset="0"/>
          <input semantic="NORMAL" source="#meshId3_name-mesh-normals" offset="1"/>
          <input semantic="TEXCOORD" source="#meshId3_name-mesh-map-0" offset="2" set="0"/>
          <input semantic="COLOR" source="#meshId3_name-mesh-colors-meshId3-color0" offset="3" set="0"/>
          <p>2 0 0 0 1 1 1 1 0 2 2 2 2 0 3 3 3 3 4 4 1 1 5 5 4 4 6 6 3 3 7 7 2 0 8 8 4 4 9 9 5 5 10 10 3 3 11 11 6 6 12 12 5 5 13 13 4 4 14 14 6 6 15 15 7 7 16 16 5 5 17 17 8 8 18 18 7 7 19 19 6 6 20 20 8 8 21 21 9 9 22 22 7 7 23 23 10 10 24 24 9 9 25 25 8 8 26 26 10 10 27 27 11 11 28 28 9 9 29 29 12 12 30 30 11 11 31 31 10 10 32 32 12 12 33 33 13 13 34 34 11 11 35 35 14 14 36 36 13 13 37 37 12 12 38 38 14 14 39 39 15 15 40 40 13 13 41 41 16 16 42 42 15 15 43 43 14 14 44 44 16 16 45 45 17 17 46 46 15 15 47 47 18 18 48 48 17 17 49 49 16 16 50 50 18 18 51 51 19 19 52 52 17 17 53 53 20 20 54 54 19 19 55 55 18 18 56 56 20 20 57 57 21 21 58 58 19 19 59 59 22 22 60 60 21 21 61 61 20 20 62 62 22 22 63 63 23 23 64 64 21 21 65 65 24 24 66 66 23 23 67 67 22 22 68 68 24 24 69 69 25 25 70 70 23 23 71 71 17 17 72 72 25 25 73 73 24 24 74 74 17 17 75 75 19 19 76 76 25 25 77 77 28 26 78 78 27 27 79 79 26 28 80 80 28 26 81 81 29 29 82 82 27 27 83 83 30 30 84 84 29 29 85 85 28 26 86 86 30 30 87 87 31 31 88 88 29 29 89 89 32 32 90 90 31 31 91 91 30 30 92 92 32 32 93 93 33 33 94 94 31 31 95 95 34 34 96 96 33 33 97 97 32 32 98 98 34 34 99 99 35 35 100 100 33 33 101 101 36 36 102 102 35 35 103 103 34 34 104 104 36 36 105 105 37 37 106 106 35 35 107 107 13 13 108 108 37 37 109 109 36 36 110 110 13 13 111 111 38 38 112 112 37 37 113 113 39 39 114 114 38 38 115 115 13 13 116 116 39 39 117 117 40 40 118 118 38 38 119 119 41 41 120 120 40 40 121 121 39 39 122 122 41 41 123 123 42 42 124 124 40 40 125 125 45 43 126 126 44 44 127 127 43 45 128 128 45 43 129 129 46 46 130 130 44 44 131 131 47 47 132 132 46 46 133 133 45 43 134 134 47 47 135 135 48 48 136 136 46 46 137 137 49 49 138 138 48 48 139 139 47 47 140 140 49 49 141 141 50 50 142 142 48 48 143 143 51 51 144 144 50 50 145 145 49 49 146 146 51 51 147 147 52 52 148 148 50 50 149 149 53 53 150 150 52 52 151 151 51 51 152 152 53 53 153 153 54 54 154 154 52 52 155 155 55 55 156 156 54 54 157 157 53 53 158 158 55 55 159 159 56 56 160 160 54 54 161 161 57 57 162 162 56 56 163 163 55 55 164 164 57 57 165 165 58 58 166 166 56 56 167 167 59 59 168 168 58 58 169 169 57 57 170 170 46 46 171 171 60 60 172 172 44 44 173 173 46 46 174 174 61 61 175 175 60 60 176 176 62 62 177 177 61 61 178 178 46 46 179 179 62 62 180 180 63 63 181 181 61 61 182 182 64 64 183 183 63 63 184 184 62 62 185 185 64 64 186 186 65 65 187 187 63 63 188 188 66 66 189 189 65 65 190 190 64 64 191 191 66 66 192 192 67 67 193 193 65 65 194 194 68 68 195 195 67 67 196 196 66 66 197 197 68 68 198 198 69 69 199 199 67 67 200 200 70 70 201 201 69 69 202 202 68 68 203 203 70 70 204 204 71 71 205 205 69 69 206 206 72 72 207 207 71 71 208 208 70 70 209 209 72 72 210 210 64 64 211 211 71 71 212 212 66 66 213 213 64 64 214 214 72 72 215 215 75 73 216 216 74 74 217 217 73 75 218 218 75 73 219 219 76 76 220 220 74 74 221 221 77 77 222 222 76 76 223 223 75 73 224 224 77 77 225 225 78 78 226 226 76 76 227 227 79 79 228 228 78 78 229 229 77 77 230 230 79 79 231 231 80 80 232 232 78 78 233 233 81 81 234 234 80 80 235 235 79 79 236 236 81 81 237 237 82 82 238 238 80 80 239 239 83 83 240 240 82 82 241 241 81 81 242 242 83 83 243 243 84 84 244 244 82 82 245 245 85 85 246 246 84 84 247 247 83 83 248 248 85 85 249 249 86 86 250 250 84 84 251 251 87 87 252 252 86 86 253 253 85 85 254 254 87 87 255 255 88 88 256 256 86 86 257 257 47 47 258 258 84 84 259 259 86 86 260 260 47 47 261 261 89 89 262 262 84 84 263 263 45 43 264 264 89 89 265 265 47 47 266 266 45 43 267 267 90 90 268 268 89 89 269 269 43 45 270 270 90 90 271 271 45 43 272 272 43 45 273 273 91 91 274 274 90 90 275 275 92 92 276 276 91 91 277 277 43 45 278 278 92 92 279 279 93 93 280 280 91 91 281 281 94 94 282 282 93 93 283 283 92 92 284 284 94 94 285 285 95 95 286 286 93 93 287 287 96 96 288 288 95 95 289 289 94 94 290 290 96 96 291 291 97 97 292 292 95 95 293 293 98 98 294 294 97 97 295 295 96 96 296 296 36 36 297 297 11 11 298 298 13 13 299 299 36 36 300 300 99 99 301 301 11 11 302 302 34 34 303 303 99 99 304 304 36 36 305 305 34 34 306 306 7 7 307 307 99 99 308 308 32 32 309 309 7 7 310 310 34 34 311 311 32 32 312 312 100 100 313 313 7 7 314 314 30 30 315 315 100 100 316 316 32 32 317 317 30 30 318 318 101 101 319 319 100 100 320 320 28 26 321 321 101 101 322 322 30 30 323 323 28 26 324 324 102 102 325 325 101 101 326 326 26 28 327 327 102 102 328 328 28 26 329 329 26 28 330 330 1 1 331 331 102 102 332 332 105 103 333 333 104 104 334 334 103 105 335 335 105 103 336 336 106 106 337 337 104 104 338 338 107 107 339 339 106 106 340 340 105 103 341 341 107 107 342 342 108 108 343 343 106 106 344 344 109 109 345 345 108 108 346 346 107 107 347 347 109 109 348 348 110 110 349 349 108 108 350 350 111 111 351 351 110 110 352 352 109 109 353 353 111 111 354 354 112 112 355 355 110 110 356 356 113 113 357 357 112 112 358 358 111 111 359 359 113 113 360 360 114 114 361 361 112 112 362 362 106 106 363 363 114 114 364 364 113 113 365 365 106 106 366 366 108 108 367 367 114 114 368 368 117 115 369 369 116 116 370 370 115 117 371 371 117 115 372 372 118 118 373 373 116 116 374 374 119 119 375 375 118 118 376 376 117 115 377 377 119 119 378 378 120 120 379 379 118 118 380 380 121 121 381 381 120 120 382 382 119 119 383 383 121 121 384 384 122 122 385 385 120 120 386 386 123 123 387 387 122 122 388 388 121 121 389 389 123 123 390 390 124 124 391 391 122 122 392 392 125 125 393 393 124 124 394 394 123 123 395 395 125 125 396 396 126 126 397 397 124 124 398 398 127 127 399 399 126 126 400 400 125 125 401 401 130 128 402 402 129 129 403 403 128 130 404 404 130 128 405 405 131 131 406 406 129 129 407 407 132 132 408 408 131 131 409 409 130 128 410 410 132 132 411 411 133 133 412 412 131 131 413 413 134 134 414 414 133 133 415 415 132 132 416 416 134 134 417 417 135 135 418 418 133 133 419 419 136 136 420 420 135 135 421 421 134 134 422 422 136 136 423 423 60 60 424 424 135 135 425 425 137 137 426 426 60 60 427 427 136 136 428 428 137 137 429 429 96 96 430 430 60 60 431 431 98 98 432 432 96 96 433 433 137 137 434 434 74 74 435 435 138 138 436 436 73 75 437 437 74 74 438 438 139 139 439 439 138 138 440 440 140 140 441 441 139 139 442 442 74 74 443 443 140 140 444 444 141 141 445 445 139 139 446 446 142 142 447 447 141 141 448 448 140 140 449 449 142 142 450 450 91 91 451 451 141 141 452 452 143 143 453 453 91 91 454 454 142 142 455 455 143 143 456 456 90 90 457 457 91 91 458 458 144 144 459 459 90 90 460 460 143 143 461 461 144 144 462 462 89 89 463 463 90 90 464 464 84 84 465 465 89 89 466 466 144 144 467 467 147 145 468 468 146 146 469 469 145 147 470 470 147 145 471 471 148 148 472 472 146 146 473 473 149 149 474 474 148 148 475 475 147 145 476 476 149 149 477 477 150 150 478 478 148 148 479 479 151 151 480 480 150 150 481 481 149 149 482 482 151 151 483 483 152 152 484 484 150 150 485 485 153 153 486 486 152 152 487 487 151 151 488 488 153 153 489 489 154 154 490 490 152 152 491 491 155 155 492 492 154 154 493 493 153 153 494 494 155 155 495 495 156 156 496 496 154 154 497 497 157 157 498 498 156 156 499 499 155 155 500 500 159 158 501 501 37 37 502 502 158 159 503 503 159 158 504 504 160 160 505 505 37 37 506 506 161 161 507 507 160 160 508 508 159 158 509 509 161 161 510 510 162 162 511 511 160 160 512 512 163 163 513 513 162 162 514 514 161 161 515 515 163 163 516 516 164 164 517 517 162 162 518 518 165 165 519 519 164 164 520 520 163 163 521 521 165 165 522 522 166 166 523 523 164 164 524 524 167 167 525 525 166 166 526 526 165 165 527 527 167 167 528 528 168 168 529 529 166 166 530 530 169 169 531 531 168 168 532 532 167 167 533 533 172 170 534 534 171 171 535 535 170 172 536 536 172 170 537 537 173 173 538 538 171 171 539 539 174 174 540 540 173 173 541 541 172 170 542 542 174 174 543 543 175 175 544 544 173 173 545 545 145 147 546 546 175 175 547 547 174 174 548 548 145 147 549 549 176 176 550 550 175 175 551 551 8 8 552 552 176 176 553 553 145 147 554 554 8 8 555 555 177 177 556 556 176 176 557 557 178 178 558 558 177 177 559 559 8 8 560 560 181 179 561 561 180 180 562 562 179 181 563 563 181 179 564 564 182 182 565 565 180 180 566 566 183 183 567 567 182 182 568 568 181 179 569 569 183 183 570 570 184 184 571 571 182 182 572 572 185 185 573 573 184 184 574 574 183 183 575 575 185 185 576 576 186 186 577 577 184 184 578 578 187 187 579 579 186 186 580 580 185 185 581 581 187 187 582 582 188 188 583 583 186 186 584 584 189 189 585 585 188 188 586 586 187 187 587 587 192 190 588 588 191 191 589 589 190 192 590 590 192 190 591 591 193 193 592 592 191 191 593 593 194 194 594 594 193 193 595 595 192 190 596 596 194 194 597 597 195 195 598 598 193 193 599 599 196 196 600 600 195 195 601 601 194 194 602 602 196 196 603 603 197 197 604 604 195 195 605 605 198 198 606 606 197 197 607 607 196 196 608 608 198 198 609 609 199 199 610 610 197 197 611 611 200 200 612 612 199 199 613 613 198 198 614 614 203 201 615 615 202 202 616 616 201 203 617 617 203 201 618 618 204 204 619 619 202 202 620 620 205 205 621 621 204 204 622 622 203 201 623 623 205 205 624 624 206 206 625 625 204 204 626 626 207 207 627 627 206 206 628 628 205 205 629 629 207 207 630 630 208 208 631 631 206 206 632 632 209 209 633 633 208 208 634 634 207 207 635 635 209 209 636 636 210 210 637 637 208 208 638 638 211 211 639 639 210 210 640 640 209 209 641 641 213 212 642 642 93 93 643 643 212 213 644 644 213 212 645 645 214 214 646 646 93 93 647 647 215 215 648 648 214 214 649 649 213 212 650 650 215 215 651 651 216 216 652 652 214 214 653 653 217 217 654 654 216 216 655 655 215 215 656 656 217 217 657 657 218 218 658 658 216 216 659 659 219 219 660 660 218 218 661 661 217 217 662 662 219 219 663 663 73 75 664 664 218 218 665 665 220 220 666 666 151 151 667 667 149 149 668 668 220 220 669 669 221 221 670 670 151 151 671 671 222 222 672 672 221 221 673 673 220 220 674 674 222 222 675 675 223 223 676 676 221 221 677 677 224 224 678 678 223 223 679 679 222 222 680 680 224 224 681 681 225 225 682 682 223 223 683 683 226 226 684 684 225 225 685 685 224 224 686 686 226 226 687 687 157 157 688 688 225 225 689 689 144 144 690 690 82 82 691 691 84 84 692 692 144 144 693 693 80 80 694 694 82 82 695 695 143 143 696 696 80 80 697 697 144 144 698 698 143 143 699 699 227 227 700 700 80 80 701 701 142 142 702 702 227 227 703 703 143 143 704 704 142 142 705 705 228 228 706 706 227 227 707 707 140 140 708 708 228 228 709 709 142 142 710 710 140 140 711 711 74 74 712 712 228 228 713 713 171 171 714 714 229 229 715 715 170 172 716 716 171 171 717 717 230 230 718 718 229 229 719 719 173 173 720 720 230 230 721 721 171 171 722 722 173 173 723 723 231 231 724 724 230 230 725 725 175 175 726 726 231 231 727 727 173 173 728 728 175 175 729 729 232 232 730 730 231 231 731 731 177 177 732 732 232 232 733 733 175 175 734 734 233 233 735 735 161 161 736 736 159 158 737 737 233 233 738 738 163 163 739 739 161 161 740 740 234 234 741 741 163 163 742 742 233 233 743 743 234 234 744 744 165 165 745 745 163 163 746 746 235 235 747 747 165 165 748 748 234 234 749 749 235 235 750 750 167 167 751 751 165 165 752 752 169 169 753 753 167 167 754 754 235 235 755 755 236 236 756 756 192 190 757 757 190 192 758 758 236 236 759 759 194 194 760 760 192 190 761 761 237 237 762 762 194 194 763 763 236 236 764 764 237 237 765 765 196 196 766 766 194 194 767 767 238 238 768 768 196 196 769 769 237 237 770 770 238 238 771 771 198 198 772 772 196 196 773 773 200 200 774 774 198 198 775 775 238 238 776 776 187 187 777 777 239 239 778 778 189 189 779 779 187 187 780 780 240 240 781 781 239 239 782 782 185 185 783 783 240 240 784 784 187 187 785 785 185 185 786 786 241 241 787 787 240 240 788 788 183 183 789 789 241 241 790 790 185 185 791 791 183 183 792 792 179 181 793 793 241 241 794 794 181 179 795 795 179 181 796 796 183 183 797 797 242 242 798 798 95 95 799 799 97 97 800 800 242 242 801 801 93 93 802 802 95 95 803 803 243 243 804 804 93 93 805 805 242 242 806 806 243 243 807 807 212 213 808 808 93 93 809 809 244 244 810 810 212 213 811 811 243 243 812 812 244 244 813 813 245 245 814 814 212 213 815 815 246 246 816 816 245 245 817 817 244 244 818 818 207 207 819 819 211 211 820 820 209 209 821 821 207 207 822 822 247 247 823 823 211 211 824 824 205 205 825 825 247 247 826 826 207 207 827 827 205 205 828 828 248 248 829 829 247 247 830 830 203 201 831 831 248 248 832 832 205 205 833 833 203 201 834 834 249 249 835 835 248 248 836 836 47 47 837 837 191 191 838 838 250 250 839 839 47 47 840 840 190 192 841 841 191 191 842 842 251 251 843 843 190 192 844 844 47 47 845 845 251 251 846 846 236 236 847 847 190 192 848 848 88 88 849 849 236 236 850 850 251 251 851 851 88 88 852 852 252 252 853 853 236 236 854 854 255 253 855 855 254 254 856 856 253 255 857 857 255 253 858 858 256 256 859 859 254 254 860 860 257 257 861 861 256 256 862 862 255 253 863 863 257 257 864 864 258 258 865 865 256 256 866 866 259 259 867 867 258 258 868 868 257 257 869 869 259 259 870 870 260 260 871 871 258 258 872 872 261 261 873 873 65 65 874 874 67 67 875 875 261 261 876 876 262 262 877 877 65 65 878 878 263 263 879 879 262 262 880 880 261 261 881 881 263 263 882 882 264 264 883 883 262 262 884 884 60 60 885 885 264 264 886 886 263 263 887 887 60 60 888 888 61 61 889 889 264 264 890 890 38 38 891 891 103 105 892 892 37 37 893 893 38 38 894 894 105 103 895 895 103 105 896 896 40 40 897 897 105 103 898 898 38 38 899 899 40 40 900 900 107 107 901 901 105 103 902 902 42 42 903 903 107 107 904 904 40 40 905 905 42 42 906 906 109 109 907 907 107 107 908 908 31 31 909 909 266 265 910 910 265 266 911 911 31 31 912 912 267 267 913 913 266 265 914 914 33 33 915 915 267 267 916 916 31 31 917 917 33 33 918 918 268 268 919 919 267 267 920 920 35 35 921 921 268 268 922 922 33 33 923 923 35 35 924 924 37 37 925 925 268 268 926 926 268 268 927 927 270 269 928 928 269 270 929 929 268 268 930 930 271 271 931 931 270 269 932 932 37 37 933 933 271 271 934 934 268 268 935 935 37 37 936 936 272 272 937 937 271 271 938 938 160 160 939 939 272 272 940 940 37 37 941 941 160 160 942 942 162 162 943 943 272 272 944 944 221 221 945 945 153 153 946 946 151 151 947 947 221 221 948 948 155 155 949 949 153 153 950 950 223 223 951 951 155 155 952 952 221 221 953 953 223 223 954 954 273 273 955 955 155 155 956 956 225 225 957 957 273 273 958 958 223 223 959 959 225 225 960 960 157 157 961 961 273 273 962 962 3 3 963 963 102 102 964 964 1 1 965 965 3 3 966 966 274 274 967 967 102 102 968 968 5 5 969 969 274 274 970 970 3 3 971 971 5 5 972 972 275 275 973 973 274 274 974 974 7 7 975 975 275 275 976 976 5 5 977 977 7 7 978 978 100 100 979 979 275 275 980 980 214 214 981 981 91 91 982 982 93 93 983 983 214 214 984 984 276 276 985 985 91 91 986 986 216 216 987 987 276 276 988 988 214 214 989 989 216 216 990 990 138 138 991 991 276 276 992 992 218 218 993 993 138 138 994 994 216 216 995 995 218 218 996 996 73 75 997 997 138 138 998 998 279 277 999 999 278 278 1000 1000 277 279 1001 1001 279 277 1002 1002 280 280 1003 1003 278 278 1004 1004 281 281 1005 1005 280 280 1006 1006 279 277 1007 1007 281 281 1008 1008 282 282 1009 1009 280 280 1010 1010 283 283 1011 1011 282 282 1012 1012 281 281 1013 1013 283 283 1014 1014 284 284 1015 1015 282 282 1016 1016 285 285 1017 1017 2 0 1018 1018 0 2 1019 1019 285 285 1020 1020 4 4 1021 1021 2 0 1022 1022 286 286 1023 1023 4 4 1024 1024 285 285 1025 1025 286 286 1026 1026 6 6 1027 1027 4 4 1028 1028 178 178 1029 1029 6 6 1030 1030 286 286 1031 1031 178 178 1032 1032 8 8 1033 1033 6 6 1034 1034 289 287 1035 1035 288 288 1036 1036 287 289 1037 1037 289 287 1038 1038 290 290 1039 1039 288 288 1040 1040 291 291 1041 1041 290 290 1042 1042 289 287 1043 1043 291 291 1044 1044 292 292 1045 1045 290 290 1046 1046 293 293 1047 1047 292 292 1048 1048 291 291 1049 1049 123 123 1050 1050 127 127 1051 1051 125 125 1052 1052 123 123 1053 1053 294 294 1054 1054 127 127 1055 1055 121 121 1056 1056 294 294 1057 1057 123 123 1058 1058 121 121 1059 1059 295 295 1060 1060 294 294 1061 1061 119 119 1062 1062 295 295 1063 1063 121 121 1064 1064 298 296 1065 1065 297 297 1066 1066 296 298 1067 1067 298 296 1068 1068 299 299 1069 1069 297 297 1070 1070 300 300 1071 1071 299 299 1072 1072 298 296 1073 1073 300 300 1074 1074 301 301 1075 1075 299 299 1076 1076 302 302 1077 1077 301 301 1078 1078 300 300 1079 1079 305 303 1080 1080 304 304 1081 1081 303 305 1082 1082 305 303 1083 1083 306 306 1084 1084 304 304 1085 1085 307 307 1086 1086 306 306 1087 1087 305 303 1088 1088 307 307 1089 1089 308 308 1090 1090 306 306 1091 1091 244 244 1092 1092 308 308 1093 1093 307 307 1094 1094 227 227 1095 1095 78 78 1096 1096 80 80 1097 1097 227 227 1098 1098 76 76 1099 1099 78 78 1100 1100 228 228 1101 1101 76 76 1102 1102 227 227 1103 1103 228 228 1104 1104 74 74 1105 1105 76 76 1106 1106 311 309 1107 1107 310 310 1108 1108 309 311 1109 1109 311 309 1110 1110 312 312 1111 1111 310 310 1112 1112 313 313 1113 1113 312 312 1114 1114 311 309 1115 1115 313 313 1116 1116 314 314 1117 1117 312 312 1118 1118 315 315 1119 1119 272 272 1120 1120 162 162 1121 1121 315 315 1122 1122 271 271 1123 1123 272 272 1124 1124 316 316 1125 1125 271 271 1126 1126 315 315 1127 1127 316 316 1128 1128 270 269 1129 1129 271 271 1130 1130 319 317 1131 1131 318 318 1132 1132 317 319 1133 1133 319 317 1134 1134 320 320 1135 1135 318 318 1136 1136 321 321 1137 1137 320 320 1138 1138 319 317 1139 1139 321 321 1140 1140 322 322 1141 1141 320 320 1142 1142 320 320 1143 1143 323 323 1144 1144 318 318 1145 1145 320 320 1146 1146 324 324 1147 1147 323 323 1148 1148 322 322 1149 1149 324 324 1150 1150 320 320 1151 1151 322 322 1152 1152 325 325 1153 1153 324 324 1154 1154 326 326 1155 1155 132 132 1156 1156 130 128 1157 1157 326 326 1158 1158 327 327 1159 1159 132 132 1160 1160 98 98 1161 1161 327 327 1162 1162 326 326 1163 1163 98 98 1164 1164 137 137 1165 1165 327 327 1166 1166 328 328 1167 1167 50 50 1168 1168 52 52 1169 1169 328 328 1170 1170 329 329 1171 1171 50 50 1172 1172 330 330 1173 1173 329 329 1174 1174 328 328 1175 1175 330 330 1176 1176 331 331 1177 1177 329 329 1178 1178 333 332 1179 1179 296 298 1180 1180 332 333 1181 1181 333 332 1182 1182 298 296 1183 1183 296 298 1184 1184 334 334 1185 1185 298 296 1186 1186 333 332 1187 1187 334 334 1188 1188 302 302 1189 1189 298 296 1190 1190 336 335 1191 1191 335 336 1192 1192 128 130 1193 1193 336 335 1194 1194 337 337 1195 1195 335 336 1196 1196 131 131 1197 1197 337 337 1198 1198 336 335 1199 1199 131 131 1200 1200 133 133 1201 1201 337 337 1202 1202 56 56 1203 1203 52 52 1204 1204 54 54 1205 1205 56 56 1206 1206 328 328 1207 1207 52 52 1208 1208 58 58 1209 1209 328 328 1210 1210 56 56 1211 1211 58 58 1212 1212 330 330 1213 1213 328 328 1214 1214 340 338 1215 1215 339 339 1216 1216 338 340 1217 1217 340 338 1218 1218 341 341 1219 1219 339 339 1220 1220 342 342 1221 1221 341 341 1222 1222 340 338 1223 1223 342 342 1224 1224 343 343 1225 1225 341 341 1226 1226 341 341 1227 1227 309 311 1228 1228 339 339 1229 1229 341 341 1230 1230 311 309 1231 1231 309 311 1232 1232 343 343 1233 1233 311 309 1234 1234 341 341 1235 1235 343 343 1236 1236 313 313 1237 1237 311 309 1238 1238 94 94 1239 1239 60 60 1240 1240 96 96 1241 1241 94 94 1242 1242 44 44 1243 1243 60 60 1244 1244 92 92 1245 1245 44 44 1246 1246 94 94 1247 1247 92 92 1248 1248 43 45 1249 1249 44 44 1250 1250 146 146 1251 1251 8 8 1252 1252 145 147 1253 1253 146 146 1254 1254 10 10 1255 1255 8 8 1256 1256 148 148 1257 1257 10 10 1258 1258 146 146 1259 1259 148 148 1260 1260 12 12 1261 1261 10 10 1262 1262 344 344 1263 1263 305 303 1264 1264 303 305 1265 1265 344 344 1266 1266 307 307 1267 1267 305 303 1268 1268 246 246 1269 1269 307 307 1270 1270 344 344 1271 1271 246 246 1272 1272 244 244 1273 1273 307 307 1274 1274 329 329 1275 1275 48 48 1276 1276 50 50 1277 1277 329 329 1278 1278 345 345 1279 1279 48 48 1280 1280 331 331 1281 1281 345 345 1282 1282 329 329 1283 1283 331 331 1284 1284 46 46 1285 1285 345 345 1286 1286 18 18 1287 1287 346 346 1288 1288 20 20 1289 1289 18 18 1290 1290 347 347 1291 1291 346 346 1292 1292 16 16 1293 1293 347 347 1294 1294 18 18 1295 1295 16 16 1296 1296 14 14 1297 1297 347 347 1298 1298 347 347 1299 1299 348 348 1300 1300 346 346 1301 1301 347 347 1302 1302 349 349 1303 1303 348 348 1304 1304 14 14 1305 1305 349 349 1306 1306 347 347 1307 1307 14 14 1308 1308 12 12 1309 1309 349 349 1310 1310 12 12 1311 1311 152 152 1312 1312 154 154 1313 1313 12 12 1314 1314 150 150 1315 1315 152 152 1316 1316 148 148 1317 1317 150 150 1318 1318 12 12 1319 1319 296 298 1320 1320 350 350 1321 1321 332 333 1322 1322 296 298 1323 1323 351 351 1324 1324 350 350 1325 1325 297 297 1326 1326 351 351 1327 1327 296 298 1328 1328 327 327 1329 1329 134 134 1330 1330 132 132 1331 1331 327 327 1332 1332 136 136 1333 1333 134 134 1334 1334 137 137 1335 1335 136 136 1336 1336 327 327 1337 1337 262 262 1338 1338 63 63 1339 1339 65 65 1340 1340 262 262 1341 1341 61 61 1342 1342 63 63 1343 1343 264 264 1344 1344 61 61 1345 1345 262 262 1346 1346 353 352 1347 1347 352 353 1348 1348 293 293 1349 1349 353 352 1350 1350 354 354 1351 1351 352 353 1352 1352 291 291 1353 1353 354 354 1354 1354 353 352 1355 1355 276 276 1356 1356 141 141 1357 1357 91 91 1358 1358 276 276 1359 1359 139 139 1360 1360 141 141 1361 1361 138 138 1362 1362 139 139 1363 1363 276 276 1364 1364 340 338 1365 1365 356 355 1366 1366 355 356 1367 1367 340 338 1368 1368 357 357 1369 1369 356 355 1370 1370 338 340 1371 1371 357 357 1372 1372 340 338 1373 1373 358 358 1374 1374 102 102 1375 1375 274 274 1376 1376 358 358 1377 1377 101 101 1378 1378 102 102 1379 1379 100 100 1380 1380 101 101 1381 1381 358 358 1382 1382 251 251 1383 1383 86 86 1384 1384 88 88 1385 1385 251 251 1386 1386 47 47 1387 1387 86 86 1388 1388 242 242 1389 1389 244 244 1390 1390 243 243 1391 1391 242 242 1392 1392 308 308 1393 1393 244 244 1394 1394 168 168 1395 1395 164 164 1396 1396 166 166 1397 1397 168 168 1398 1398 359 359 1399 1399 164 164 1400 1400 359 359 1401 1401 162 162 1402 1402 164 164 1403 1403 359 359 1404 1404 315 315 1405 1405 162 162 1406 1406 252 252 1407 1407 237 237 1408 1408 236 236 1409 1409 252 252 1410 1410 200 200 1411 1411 237 237 1412 1412 59 59 1413 1413 55 55 1414 1414 53 53 1415 1415 59 59 1416 1416 57 57 1417 1417 55 55 1418 1418 129 129 1419 1419 336 335 1420 1420 128 130 1421 1421 129 129 1422 1422 131 131 1423 1423 336 335 1424 1424 17 17 1425 1425 360 360 1426 1426 15 15 1427 1427 17 17 1428 1428 24 24 1429 1429 360 360 1430 1430 361 361 1431 1431 64 64 1432 1432 62 62 1433 1433 361 361 1434 1434 71 71 1435 1435 64 64 1436 1436 29 29 1437 1437 265 266 1438 1438 27 27 1439 1439 29 29 1440 1440 31 31 1441 1441 265 266 1442 1442 267 267 1443 1443 269 270 1444 1444 266 265 1445 1445 267 267 1446 1446 268 268 1447 1447 269 270 1448 1448 70 70 1449 1449 66 66 1450 1450 72 72 1451 1451 70 70 1452 1452 68 68 1453 1453 66 66 1454 1454 112 112 1455 1455 108 108 1456 1456 110 110 1457 1457 112 112 1458 1458 114 114 1459 1459 108 108 1460 1460 362 362 1461 1461 133 133 1462 1462 135 135 1463 1463 362 362 1464 1464 335 336 1465 1465 133 133 1466 1466 363 363 1467 1467 119 119 1468 1468 117 115 1469 1469 363 363 1470 1470 295 295 1471 1471 119 119 1472 1472 366 364 1473 1473 365 365 1474 1474 364 366 1475 1475 366 364 1476 1476 367 367 1477 1477 365 365 1478 1478 370 368 1479 1479 369 369 1480 1480 368 370 1481 1481 370 368 1482 1482 371 371 1483 1483 369 369 1484 1484 372 372 1485 1485 291 291 1486 1486 289 287 1487 1487 372 372 1488 1488 354 354 1489 1489 291 291 1490 1490 9 9 1491 1491 99 99 1492 1492 7 7 1493 1493 9 9 1494 1494 11 11 1495 1495 99 99 1496 1496 367 367 1497 1497 371 371 1498 1498 365 365 1499 1499 367 367 1500 1500 369 369 1501 1501 371 371 1502 1502 374 373 1503 1503 189 189 1504 1504 373 374 1505 1505 374 373 1506 1506 188 188 1507 1507 189 189 1508 1508 254 254 1509 1509 376 375 1510 1510 375 376 1511 1511 254 254 1512 1512 256 256 1513 1513 376 375 1514 1514 23 23 1515 1515 19 19 1516 1516 21 21 1517 1517 23 23 1518 1518 25 25 1519 1519 19 19 1520 1520 260 260 1521 1521 256 256 1522 1522 258 258 1523 1523 260 260 1524 1524 376 375 1525 1525 256 256 1526 1526 275 275 1527 1527 358 358 1528 1528 274 274 1529 1529 275 275 1530 1530 100 100 1531 1531 358 358 1532 1532 377 377 1533 1533 289 287 1534 1534 287 289 1535 1535 377 377 1536 1536 372 372 1537 1537 289 287 1538 1538 378 378 1539 1539 203 201 1540 1540 201 203 1541 1541 378 378 1542 1542 249 249 1543 1543 203 201 1544 1544 46 46 1545 1545 48 48 1546 1546 345 345 1547 1547 157 157 1548 1548 155 155 1549 1549 273 273 1550 1550 302 302 1551 1551 300 300 1552 1552 298 296 1553 1553 340 338 1554 1554 355 356 1555 1555 342 342 1556 1556 335 336 1557 1557 337 337 1558 1558 133 133 1559 1559 234 234 1560 1560 169 169 1561 1561 235 235 1562 1562 195 195 1563 1563 197 197 1564 1564 199 199 1565 1565 200 200 1566 1566 238 238 1567 1567 237 237 1568 1568 325 325 1569 1569 323 323 1570 1570 324 324 1571 1571 175 175 1572 1572 176 176 1573 1573 177 177 1574 1574 12 12 1575 1575 348 348 1576 1576 349 349 1577 1577 13 13 1578 1578 41 41 1579 1579 39 39 1580 1580 319 317 1581 1581 379 379 1582 1582 321 321 1583 1583 293 293 1584 1584 291 291 1585 1585 353 352 1586 1586 314 314 1587 1587 310 310 1588 1588 312 312 1589 1589 222 222 1590 1590 226 226 1591 1591 224 224 1592 1592 113 113 1593 1593 104 104 1594 1594 106 106 1595 1595</p>
        </triangles>
      </mesh>
    </geometry>
    <geometry id="meshId2_name-mesh" name="meshId2_name">
      <mesh>
        <source id="meshId2_name-mesh-positions">
          <float_array id="meshId2_name-mesh-positions-array" count="858">-7.07031 16.0664 98.12501 -7.07813 15.5898 99.6563 -8.691411 20.3906 99.8164 -9.82422 20.125 101.41 -7.07031 24.7148 101.512 -7.99219 24.3672 103.543 -3.05078 27.2813 104.996 -17.2109 32.4922 88.7266 -15.2734 31.5234 93.0313 -24.5469 30.5078 83.0273 -17.3359 20.7695 95.1211 -26.8477 19.2109 85.6953 -20.4648 15.5859 90.4375 22.9297 34.8594 70.3008 31.3984 17.8047 62.7695 22.7031 33.3359 83.2891 30.3984 13.4453 75.8047 24.5313 23.2617 86.8828 27.0938 17.0508 82.8828 -2.69922 27.3867 102.559 3.05078 27.3008 104.949 2.69922 27.3867 102.559 7.07031 24.7148 101.512 -8.98047 29.207 105.93 -7.99219 24.3672 103.543 -13.4844 21.3516 102.254 -9.82422 20.125 101.41 -9.24219 15.5508 99.7695 -7.07813 15.5898 99.6563 -12.9336 38.1367 71.4297 7.24609 42.2148 75.6641 -11.9805 38.3242 80.5117 3.50781 43.0313 82.9727 -6.95313 41.5234 87.207 9.24219 15.875 98.8047 10.8828 19.6641 100.781 15.582 15.6758 92.5664 16.8242 25.6992 99.9609 19.6523 24.0039 91.8008 5.25391 -17.4805 54.3594 13.1602 -21.457 66.4297 11.5469 -12.7422 49.4531 22.1055 -14.9102 67.4023 18.8945 -8.21094 52.6211 -12.793 33.4336 100.055 -6.32422 40.9023 94.4648 -8.98047 29.207 105.93 9.77344 40.918 96.5 11.4805 29.2656 105.891 7.99219 24.4922 103.227 9.82422 19.9297 100.488 8.691411 20.3906 99.8164 7.63281 15.8477 98.8867 7.07031 16.0664 98.12501 -7.07031 16.0664 98.12501 0 16.0664 98.12501 -7.07813 15.5898 99.6563 7.07031 16.0664 98.12501 7.63281 15.8477 98.8867 19.6445 7.18359 86.6367 20.3398 12.8828 85.8906 21.8164 4.91406 80.2891 27.0938 17.0508 82.8828 30.3984 13.4453 75.8047 10.8828 19.6641 100.781 9.82422 19.9297 100.488 11.4805 29.2656 105.891 7.99219 24.4922 103.227 3.05078 27.3008 104.949 -3.05078 27.2813 104.996 7.07031 24.7148 101.512 8.691411 20.3906 99.8164 0 20.3906 99.8164 7.07031 16.0664 98.12501 0 16.0664 98.12501 5.25391 -17.4805 54.3594 -5.23438 -17.9688 53.4531 0 -25.1328 66.1133 -13.1602 -21.457 66.4297 -28.4609 3.47656 55.0742 -31.0078 9.3125 75.9258 -27.1133 -5.15234 68.8984 -25.3516 0.167969 76.3984 -11.9805 38.3242 80.5117 -6.95313 41.5234 87.207 -17.2109 32.4922 88.7266 -15.2734 31.5234 93.0313 -21.4922 6.48828 88.1328 -20.4648 15.5859 90.4375 -17.4922 7.19141 99.3867 -15.2773 13.8555 96.5703 -21.8164 5.77734 80.3555 -17.8984 2.44531 80.1094 -25.3516 0.167969 76.3984 -18.1133 -3.80078 77.6758 -18.1133 -3.80078 77.6758 -21.332 -6.92188 72.0781 -25.3516 0.167969 76.3984 -27.1133 -5.15234 68.8984 -19.5352 -14.0078 68.8359 -22.1055 -14.9102 67.4023 -21.332 -6.92188 72.0781 -27.1133 -5.15234 68.8984 19.5352 -14.0078 68.8359 21.332 -6.92188 72.0781 22.1055 -14.9102 67.4023 28 -5.38281 68.0938 18.8945 -8.21094 52.6211 22.1055 -14.9102 67.4023 27.0273 -0.621094 57.3359 28 -5.38281 68.0938 26.9219 1.42578 76.4883 30.3984 13.4453 75.8047 28 -5.38281 68.0938 27.0273 -0.621094 57.3359 19.6445 7.18359 86.6367 15.4219 8.378911 98.3398 20.3398 12.8828 85.8906 15.582 15.6758 92.5664 -17.4922 7.19141 99.3867 -15.2773 13.8555 96.5703 -9.49609 8.53906 106.645 -9.24219 15.5508 99.7695 -15.2734 31.5234 93.0313 -12.793 33.4336 100.055 -17.3359 20.7695 95.1211 -13.4844 21.3516 102.254 17.6719 1.67578 80.3945 21.8164 4.91406 80.2891 18.0547 -3.80078 77.6758 26.9219 1.42578 76.4883 -8.58984 4.42578 106.582 -16.0508 3.46875 99.4297 -9.49609 8.53906 106.645 -17.4922 7.19141 99.3867 -8.58984 4.42578 106.582 -5.72266 8.15625 90.9219 -16.0508 3.46875 99.4297 -13.668 7.33594 85.0195 18.2188 3.55078 85.7891 15.4219 4.90234 97.9492 19.6445 7.18359 86.6367 15.4219 8.378911 98.3398 17.6719 1.67578 80.3945 14.0078 6.92969 85.1719 18.2188 3.55078 85.7891 15.4219 4.90234 97.9492 0 -24.3672 67.54301 11.9297 -20.2969 68.8164 0 -25.1328 66.1133 13.1602 -21.457 66.4297 14.0078 6.92969 85.1719 6.40625 8.15625 90.9219 15.4219 4.90234 97.9492 7.27734 5.02734 107.191 -16.0508 3.46875 99.4297 -13.668 7.33594 85.0195 -18.1016 3.17188 88.1914 -17.8984 2.44531 80.1094 11.9297 -20.2969 68.8164 19.5352 -14.0078 68.8359 13.1602 -21.457 66.4297 22.1055 -14.9102 67.4023 -28.4609 3.47656 55.0742 -27.1133 -5.15234 68.8984 -17.6172 -9.92188 54.2031 -22.1055 -14.9102 67.4023 -6.32422 40.9023 94.4648 -12.793 33.4336 100.055 -9.24219 15.5508 99.7695 -15.2773 13.8555 96.5703 -13.4844 21.3516 102.254 -17.3359 20.7695 95.1211 9.24219 15.875 98.8047 7.26563 8.35938 107.039 -9.24219 15.5508 99.7695 -9.49609 8.53906 106.645 19.6523 24.0039 91.8008 16.8242 25.6992 99.9609 17.1641 35.6094 87.1289 9.77344 40.918 96.5 14.2461 37.9336 67.8398 22.9297 34.8594 70.3008 17.1641 35.6094 87.1289 22.7031 33.3359 83.2891 17.1641 35.6094 87.1289 22.7031 33.3359 83.2891 19.6523 24.0039 91.8008 24.5313 23.2617 86.8828 28 -5.38281 68.0938 21.332 -6.92188 72.0781 26.9219 1.42578 76.4883 18.0547 -3.80078 77.6758 19.6523 24.0039 91.8008 24.5313 23.2617 86.8828 15.582 15.6758 92.5664 20.3398 12.8828 85.8906 15.582 15.6758 92.5664 15.4219 8.378911 98.3398 9.24219 15.875 98.8047 7.26563 8.35938 107.039 19.6445 7.18359 86.6367 21.8164 4.91406 80.2891 18.2188 3.55078 85.7891 17.6719 1.67578 80.3945 7.26563 8.35938 107.039 15.4219 8.378911 98.3398 7.27734 5.02734 107.191 15.4219 4.90234 97.9492 -9.49609 8.53906 106.645 7.26563 8.35938 107.039 -8.58984 4.42578 106.582 7.27734 5.02734 107.191 -21.4922 6.48828 88.1328 -17.4922 7.19141 99.3867 -18.1016 3.17188 88.1914 -16.0508 3.46875 99.4297 -21.4922 6.48828 88.1328 -18.1016 3.17188 88.1914 -21.8164 5.77734 80.3555 -17.8984 2.44531 80.1094 -20.4648 15.5859 90.4375 -21.8164 5.77734 80.3555 -26.8477 19.2109 85.6953 -31.0078 9.3125 75.9258 0 -24.3672 67.54301 0 -25.1328 66.1133 -11.9297 -20.2969 68.8164 -13.1602 -21.457 66.4297 -11.9297 -20.2969 68.8164 -13.1602 -21.457 66.4297 -19.5352 -14.0078 68.8359 -22.1055 -14.9102 67.4023 6.40625 8.15625 90.9219 -5.72266 8.15625 90.9219 7.27734 5.02734 107.191 -8.58984 4.42578 106.582 7.63281 15.8477 98.8867 9.82422 19.9297 100.488 9.24219 15.875 98.8047 10.8828 19.6641 100.781 -5.23438 -17.9688 53.4531 -17.6172 -9.92188 54.2031 -13.1602 -21.457 66.4297 -22.1055 -14.9102 67.4023 -12.9336 38.1367 71.4297 -11.9805 38.3242 80.5117 -24.5469 30.5078 83.0273 -17.2109 32.4922 88.7266 3.50781 43.0313 82.9727 7.24609 42.2148 75.6641 9.77344 40.918 96.5 17.1641 35.6094 87.1289 9.77344 40.918 96.5 -6.32422 40.9023 94.4648 3.50781 43.0313 82.9727 -6.95313 41.5234 87.207 2.69922 27.3867 102.559 -2.69922 27.3867 102.559 -7.07031 24.7148 101.512 -8.691411 20.3906 99.8164 -7.07031 16.0664 98.12501 -26.8477 19.2109 85.6953 -31.0078 9.3125 75.9258 -24.5469 30.5078 83.0273 21.8164 4.91406 80.2891 30.3984 13.4453 75.8047 26.9219 1.42578 76.4883 11.4805 29.2656 105.891 27.0938 17.0508 82.8828 0 -25.1328 66.1133 13.1602 -21.457 66.4297 5.25391 -17.4805 54.3594 11.4805 29.2656 105.891 16.8242 25.6992 99.9609 10.8828 19.6641 100.781 -31.0078 9.3125 75.9258 -21.8164 5.77734 80.3555 -25.3516 0.167969 76.3984 31.3984 17.8047 62.7695 14.2461 37.9336 67.8398 -20.4648 15.5859 90.4375 -21.4922 6.48828 88.1328 -21.8164 5.77734 80.3555 -20.4648 15.5859 90.4375 -8.98047 29.207 105.93</float_array>
          <technique_common>
            <accessor source="#meshId2_name-mesh-positions-array" count="286" stride="3">
              <param name="X" type="float"/>
              <param name="Y" type="float"/>
              <param name="Z" type="float"/>
            </accessor>
          </technique_common>
        </source>
        <source id="meshId2_name-mesh-normals">
          <float_array id="meshId2_name-mesh-normals-array" count="1293">0.9057921 -0.1094078 0.409354 0.8778659 0.281927 0.387129 0.8778596 0.2819467 0.3871287 0.9058036 -0.1094102 0.409328 0.6763084 -0.7025974 0.2212775 0.6763217 -0.7025901 0.2212606 0.2612107 -0.965245 0.008447885 -0.7109403 0.2383849 0.6616168 -0.7108886 0.2383915 0.6616697 -0.7109105 0.2383888 0.6616473 -0.7109168 0.2384114 0.6616324 -0.7109194 0.2384087 0.6616304 -0.7109197 0.2384085 0.6616303 -0.7109103 0.2384369 0.6616302 -0.7109084 0.2384368 0.6616322 -0.7109126 0.2384371 0.6616275 -0.7109055 0.2383788 0.6616563 -0.7109256 0.2383751 0.6616359 -0.710892 0.2383818 0.6616697 0.9275623 0.326812 0.181169 0.9275599 0.3268163 0.1811729 0.927558 0.3268201 0.1811764 0.9275724 0.3267618 0.181208 0.9275724 0.3267621 0.181207 0.9275724 0.3267619 0.1812077 0.9275652 0.3267591 0.1812496 0.9275637 0.3267619 0.1812518 0.9275682 0.3267533 0.1812448 0.9275665 0.3267526 0.1812544 0.9275701 0.3267459 0.1812481 0.9275616 0.3267614 0.1812639 0.2612028 -0.965247 0.008449435 -0.2510707 -0.9676797 0.02365809 -0.251083 -0.967677 0.02363449 -0.6283769 -0.7217268 0.2902638 0.06167674 -0.4095338 0.9102076 0.02453798 -0.4483757 0.8935083 0.009999394 -0.4387404 0.8985583 0.07037514 -0.373936 0.9247807 0.08153992 -0.3270987 0.9414657 0.05524754 -0.3308354 0.9420699 -0.2190516 0.966402 -0.1344754 -0.2190552 0.9664013 -0.1344747 -0.2190563 0.966401 -0.1344745 -0.2190544 0.9663929 -0.134536 -0.2190539 0.966393 -0.1345362 -0.2190688 0.9663904 -0.134531 -0.219053 0.9663918 -0.1345464 -0.2190659 0.9663893 -0.1345435 -0.2190711 0.9663884 -0.1345424 0.7065523 -0.4803118 0.5196966 0.7065525 -0.4803166 0.5196919 0.7065528 -0.4803212 0.5196873 0.7065584 -0.4803041 0.5196954 0.7065554 -0.4803209 0.5196838 0.7065585 -0.4803034 0.5196958 0.7066197 -0.4802846 0.5196299 0.706621 -0.480274 0.5196381 0.7066221 -0.4802634 0.5196464 0.5027209 -0.7442731 -0.4396923 0.5027216 -0.7442757 -0.4396872 0.5027195 -0.7442681 -0.4397025 0.5027592 -0.7442419 -0.4397013 0.5027591 -0.7442425 -0.4397004 0.5027591 -0.7442439 -0.4396981 0.5027753 -0.7442266 -0.4397088 0.5027749 -0.744226 -0.4397101 0.5027732 -0.7442232 -0.4397171 -0.06764781 0.673379 0.7361961 -0.06764674 0.6733808 0.7361945 -0.06764048 0.6733925 0.7361844 -0.06761628 0.6733945 0.7361848 -0.06760787 0.6733976 0.7361826 -0.06761193 0.6733961 0.7361837 -0.06758773 0.6733622 0.7362169 -0.06758731 0.6733625 0.7362166 -0.0675829 0.6733663 0.7362136 -0.7140347 -0.2713294 0.6453951 -0.7140468 -0.2713187 0.6453862 -0.6283805 -0.7217257 0.2902586 -0.6469999 -0.005224406 0.7624723 -0.6470271 -0.005229294 0.7624491 -7.63845e-4 0.9569494 0.2902538 -7.62558e-4 0.9569495 0.2902536 -7.63126e-4 0.9569495 0.2902537 -7.6313e-4 0.9569494 0.2902537 -7.62273e-4 0.9569495 0.2902536 -7.63772e-4 0.9569495 0.2902538 -7.63214e-4 0.9569505 0.2902503 -7.63475e-4 0.9569504 0.2902504 -7.63606e-4 0.9569505 0.2902504 0.7188745 -0.3647831 0.591737 0.7188766 -0.3647913 0.5917295 0.7188789 -0.364799 0.591722 0.7188422 -0.3648216 0.5917526 0.7188403 -0.364834 0.5917472 0.71884 -0.3648384 0.5917451 0.7188698 -0.3648296 0.5917142 0.7188684 -0.3648303 0.5917155 0.7188674 -0.3648308 0.5917164 -0.07207572 -0.4722469 0.8785147 -0.156937 -0.4737992 0.8665364 -0.3401592 -0.4252151 0.8387395 0.02565062 -0.5015398 0.8647543 0.01165014 -0.4673008 0.8840216 5.81852e-4 -0.4393863 0.8982982 0 -0.3646109 0.93116 0 -0.3646109 0.93116 0 -0.3646109 0.93116 0 -0.3647176 0.9311183 0 -0.3647176 0.9311182 0 -0.3647176 0.9311183 0 -0.3645834 0.9311708 0 -0.3645834 0.9311708 0 -0.3645834 0.9311708 -0.1077997 -0.8836842 -0.4555014 -0.1077993 -0.8836847 -0.4555004 -0.1077995 -0.8836845 -0.4555009 -0.1078503 -0.8836915 -0.4554754 -0.1078493 -0.8836927 -0.4554734 -0.1078523 -0.8836887 -0.4554803 -0.9638609 -0.2650792 -0.02655827 -0.9638614 -0.2650774 -0.02655613 -0.963862 -0.2650755 -0.02655375 -0.9638678 -0.2650535 -0.02656382 -0.7817547 -0.4069269 0.4725146 -0.9638569 -0.2650915 -0.02658176 -0.6924003 0.6988122 0.1795642 -0.6923981 0.6988136 0.1795675 -0.6923965 0.6988146 0.1795698 -0.6923757 0.6988193 0.1796317 -0.6923833 0.6988106 0.1796361 -0.692367 0.6988294 0.1796261 -0.8630009 0.1922699 0.467185 -0.863003 0.1922755 0.4671789 -0.8630071 0.1922875 0.4671663 -0.8629721 0.1923689 0.4671975 -0.8629654 0.1923503 0.4672176 -0.8629574 0.1923272 0.4672417 -0.321992 -0.3683497 0.8721466 -0.3219868 -0.3683483 0.8721492 -0.32199 -0.3683491 0.8721476 -0.322013 -0.3683058 0.8721573 -0.3220118 -0.3683053 0.872158 -0.3220111 -0.3683052 0.8721584 -0.4862403 -0.6385065 0.5965566 -0.4862387 -0.6385097 0.5965546 -0.486239 -0.6385091 0.596555 -0.4862484 -0.6385095 0.5965468 -0.4862489 -0.6385089 0.5965471 -0.4862486 -0.6385093 0.5965469 -0.4735372 -0.4103111 0.7793634 -0.4735372 -0.4103113 0.7793633 -0.4735357 -0.4102993 0.7793706 -0.473602 -0.4102788 0.7793411 -0.4736021 -0.4102803 0.7793402 -0.4736022 -0.4102811 0.7793397 0.4828837 -0.4070442 0.7753312 0.4828814 -0.4070212 0.7753447 0.4828826 -0.4070376 0.7753354 0.4829244 -0.4070165 0.7753204 0.4829248 -0.4070202 0.7753183 0.4829252 -0.4070255 0.7753152 0.7740576 -0.5205889 -0.3603086 0.774058 -0.5205876 -0.3603096 0.7740587 -0.5205853 -0.360311 0.7740742 -0.5205752 -0.3602923 0.7740737 -0.5205768 -0.3602912 0.7740718 -0.5205824 -0.3602872 0.9767953 -0.2014989 0.07258999 0.976794 -0.201506 0.07258844 0.9767974 -0.2014878 0.07259261 0.9768131 -0.2014393 0.07251554 0.9768131 -0.2014394 0.07251536 0.9768126 -0.2014422 0.07251352 0.9033243 0.1373237 0.4063834 0.9033163 0.1373582 0.4063895 0.9361627 -0.06849175 0.3448311 0.8276277 0.3369844 0.4488587 -0.5690664 0.5460066 0.6148499 -0.5690792 0.5459932 0.6148498 -0.6355168 0.4696663 0.6128068 -0.4968928 0.6166929 0.6105634 -0.8753284 0.1740902 0.4511019 -0.8753268 0.1740956 0.4511029 -0.8753325 0.1740767 0.4510989 -0.8753231 0.1740607 0.4511236 -0.875322 0.1740611 0.4511256 -0.8753237 0.1740603 0.4511224 0.3464458 -0.4031791 0.8470077 0.3464459 -0.4031789 0.8470078 0.3464455 -0.4031798 0.8470074 0.346444 -0.4031786 0.8470087 0.3464441 -0.4031781 0.8470088 0.3464438 -0.4031788 0.8470086 -0.6526087 -0.1973444 0.7315443 -0.6526082 -0.197344 0.731545 -0.6525906 -0.1973773 0.7315516 -0.6525905 -0.1973772 0.7315517 -0.6525911 -0.1973777 0.7315511 0.2707747 -0.9434745 -0.191147 -0.4710437 -0.1682801 -0.8659098 0.2707517 -0.9434754 -0.1911743 0.2707427 -0.9434753 -0.1911879 0.924669 -0.2376594 0.2974982 0.9246647 -0.2376618 0.29751 0.924667 -0.2376605 0.2975035 0.9246785 -0.2375962 0.2975195 0.924675 -0.2375981 0.2975288 0.9246756 -0.2375978 0.2975271 -0.6301181 -0.7740576 0.06153047 -0.6301221 -0.7740544 0.06153023 -0.6301274 -0.7740502 0.06152909 -0.6301082 -0.7740747 0.06141781 -0.6301053 -0.7740769 0.06141823 -0.6301096 -0.7740736 0.06141757 0.2273017 -0.8381383 0.4958409 0.2273074 -0.8381359 0.4958422 0.2273072 -0.838136 0.495842 0.227297 -0.8381274 0.4958616 0.2272953 -0.8381279 0.4958612 0.2272956 -0.8381279 0.4958614 -0.2281976 -0.9615667 -0.152694 -0.2281978 -0.9615666 -0.1526941 -0.2281967 -0.961567 -0.1526933 -0.2281681 -0.9615678 -0.1527316 -0.2281699 -0.961567 -0.152733 -0.2281683 -0.9615676 -0.1527317 0.6745437 -0.7377961 -0.0254516 0.6745476 -0.7377924 -0.02545434 0.6745378 -0.7378016 -0.02544742 0.6745703 -0.7377743 -0.02538138 0.6745723 -0.7377723 -0.02538287 0.674566 -0.7377783 -0.02537834 0.4036597 -0.5755677 0.7111827 0.4036558 -0.575572 0.7111814 0.4036641 -0.5755624 0.7111845 0.4036032 -0.57554 0.7112371 0.4036025 -0.5755404 0.7112372 0.4035938 -0.5755507 0.7112338 -0.757916 -0.424559 -0.4952911 -0.7579104 -0.4245639 -0.4952952 -0.7579129 -0.4245618 -0.4952934 -0.757937 -0.4245244 -0.4952886 -0.7579371 -0.4245172 -0.4952946 -0.7579371 -0.4245173 -0.4952944 -0.6924052 0.6988087 0.1795591 -0.6924051 0.6988089 0.1795589 -0.6924064 0.6988071 0.1795604 -0.6924167 0.6988072 0.1795212 -0.6924199 0.6988035 0.1795228 -0.692417 0.6988068 0.1795213 -0.6853268 -0.2806636 0.6719785 -0.6853051 -0.280607 0.6720243 -0.6853175 -0.2806374 0.671999 -0.6853554 -0.2805924 0.6719792 -0.6853551 -0.2805911 0.67198 -0.6853572 -0.2806088 0.6719705 0.008395254 0.7200866 0.6938335 0.008395791 0.7200863 0.6938337 0.008395493 0.7200865 0.6938336 0.008395969 0.7200855 0.6938347 0.008395254 0.7200857 0.6938344 0.008394658 0.720086 0.6938341 0.8312514 0.4211317 0.3628627 0.8312515 0.4211314 0.362863 0.8312515 0.4211304 0.362864 0.8312239 0.4211565 0.3628968 0.8312243 0.4211575 0.3628947 0.831224 0.4211566 0.3628965 0.3576424 0.9303236 0.08118033 0.3576437 0.9303233 0.08117645 0.3576428 0.9303234 0.08117896 0.3576539 0.9303191 0.08118075 0.3576541 0.930319 0.08117985 0.3576556 0.9303188 0.0811755 0.6572914 0.3793506 0.6511998 0.6572905 0.3793476 0.6512025 0.6572907 0.3793483 0.6512019 0.6572974 0.3793451 0.651197 0.6572971 0.3793442 0.6511978 0.6572974 0.3793454 0.6511967 0.478832 -0.6387441 0.6022675 0.4788327 -0.638743 0.602268 0.478832 -0.6387441 0.6022674 0.478815 -0.6387422 0.6022828 0.4788162 -0.6387405 0.6022837 0.4788153 -0.6387419 0.602283 0.6413065 -0.305711 0.7037519 0.6413028 -0.3057086 0.7037564 0.6413057 -0.3057105 0.7037529 0.6413353 -0.3057284 0.7037182 0.6413399 -0.3057202 0.7037176 0.641339 -0.3057218 0.7037177 0.6312136 0.4828344 0.606993 0.6312133 0.4828348 0.606993 0.6312137 0.4828342 0.606993 0.6312071 0.4828289 0.6070041 0.6312074 0.4828285 0.607004 0.7194955 -0.6177095 0.317429 0.7194858 -0.6177133 0.3174437 0.7194833 -0.6177142 0.3174476 0.7194611 -0.6177761 0.3173775 0.7194448 -0.6177822 0.3174024 0.7194395 -0.6177844 0.3174104 0.739824 -0.0227735 0.672415 0.739826 -0.02277272 0.6724127 0.7398211 -0.02277469 0.672418 0.7398328 -0.02282381 0.6724036 0.7398325 -0.02282398 0.672404 0.7398321 -0.02282416 0.6724044 -0.0307008 0.007960438 0.999497 -0.03069889 0.007960975 0.9994971 -0.03069967 0.007960736 0.999497 -0.03070533 0.007973134 0.9994968 -0.03070646 0.007972896 0.9994966 -0.03070539 0.007973194 0.9994968 -0.8020229 -0.5469447 0.240023 -0.8020223 -0.5469418 0.2400311 -0.8020223 -0.5469423 0.2400296 -0.8020583 -0.5468966 0.2400139 -0.8020578 -0.5468928 0.2400242 -0.8020576 -0.5468924 0.2400255 -0.670295 -0.7385809 0.07213211 -0.6702947 -0.7385811 0.07213264 -0.6702948 -0.738581 0.07213246 -0.6702608 -0.7386146 0.07210403 -0.6702608 -0.7386146 0.07210421 -0.6702597 -0.7386154 0.07210654 -0.6139924 -0.4791726 0.6272217 -0.6139923 -0.4791724 0.6272218 -0.6139944 -0.4791672 0.6272239 -0.6139569 -0.4791688 0.6272594 -0.6139546 -0.479175 0.6272569 -0.6139557 -0.4791718 0.6272582 -0.2273048 -0.8381368 0.4958422 -0.2273047 -0.8381367 0.4958422 -0.2273064 -0.8381361 0.4958424 -0.2272958 -0.8381277 0.4958614 -0.2272963 -0.8381276 0.4958615 -0.2272943 -0.8381284 0.4958611 -0.4036509 -0.5755778 0.7111794 -0.403659 -0.5755684 0.7111824 -0.4036524 -0.5755761 0.7111799 -0.4036001 -0.5755432 0.7112363 -0.4036058 -0.5755364 0.7112386 -0.4035875 -0.5755582 0.7112313 0.0256108 -0.9776913 -0.2084801 0.02561277 -0.9776918 -0.2084776 0.02561277 -0.9776917 -0.2084776 0.02561062 -0.9776917 -0.2084782 0.02560955 -0.9776915 -0.2084795 0.02561128 -0.9776918 -0.2084774 -0.1056759 -0.3683917 0.923645 -0.1056779 -0.3684059 0.9236392 -0.1056779 -0.3684025 0.9236405 -0.1057465 -0.3683732 0.9236444 -0.1057462 -0.368379 0.9236421 -0.1057481 -0.3683838 0.92364 -0.5175045 -0.7055861 -0.4840841 -0.5175049 -0.7055838 -0.4840871 -0.5175048 -0.7055842 -0.4840865 -0.5175243 -0.7055768 -0.4840765 -0.5175235 -0.7055784 -0.4840751 -0.5175247 -0.7055759 -0.4840775 -0.4229859 0.880183 0.2153158 -0.4230053 0.8801706 0.2153285 -0.4230075 0.8801692 0.21533 -0.4229966 0.8801562 0.2154042 -0.4229962 0.8801563 0.2154043 -0.4230068 0.8801528 0.2153979 0.5005093 0.8657139 0.005476713 0.5005112 0.8657126 0.005502939 0.5005117 0.8657123 0.005508959 0.5005988 0.8656621 0.005480527 0.5005984 0.8656623 0.00547856 0.5005996 0.8656617 0.00548315 -0.0285328 0.9842656 0.174376 -0.02853327 0.9842658 0.1743757 -0.02853178 0.9842656 0.1743766 -0.02855467 0.9842714 0.1743402 -0.02855843 0.9842706 0.1743438 -0.02856045 0.9842703 0.1743457 1.8736e-5 -0.3645145 0.9311977 1.87152e-5 -0.3645145 0.9311977 1.87205e-5 -0.3645145 0.9311978 0 -0.3645302 0.9311916 0 -0.3645302 0.9311916 0 -0.3645302 0.9311916 -1.87002e-5 -0.3645145 0.9311977 -1.87301e-5 -0.3645145 0.9311977 -1.8659e-5 -0.3645145 0.9311977 0 -0.3646109 0.9311601 0 -0.3646109 0.9311601 0 -0.3646109 0.9311601 0 -0.3645837 0.9311707 0 -0.3645837 0.9311707 0 -0.3645837 0.9311707 0 -0.3645834 0.9311708 0 -0.3645834 0.9311708 0 -0.3645834 0.9311708 -0.9581857 0.2204851 0.1823911 -0.9581855 0.2204856 0.1823917 -0.9581854 0.2204858 0.182392 0.5440489 -0.1100511 0.8318051 0.83121 0.4211649 0.3629189 0.8312109 0.4211602 0.3629224 0.8312102 0.4211636 0.3629199 0.6412781 -0.3056889 0.7037874 0.6412741 -0.3057032 0.7037849 0.6412742 -0.3057025 0.7037851 0.2505922 -0.8586978 -0.4470365 0.5314583 -0.4235175 0.733611 -0.5230635 -0.2464489 0.8158845 -0.5230644 -0.2464504 0.8158835 -0.5230644 -0.2464504 0.8158836 0.9768013 -0.2014958 0.07251614 0.9768022 -0.2014923 0.07251477 0.976802 -0.201493 0.07251501 0.5005652 0.8656815 0.00549364 0.5005657 0.8656812 0.005491971 0.5005648 0.8656817 0.005494892 -0.6853579 -0.2805998 0.6719735 -0.6853588 -0.2806004 0.6719723 -0.6853427 -0.2805871 0.6719943 -0.9940664 0.1038731 0.03228718 -0.9940664 0.1038731 0.03228724 -0.9940664 0.1038731 0.03228724 -0.875301 0.1740769 0.4511602 -0.8752996 0.1740836 0.4511603 -0.8753002 0.1740801 0.4511603</float_array>
          <technique_common>
            <accessor source="#meshId2_name-mesh-normals-array" count="431" stride="3">
              <param name="X" type="float"/>
              <param name="Y" type="float"/>
              <param name="Z" type="float"/>
            </accessor>
          </technique_common>
        </source>
        <source id="meshId2_name-mesh-map-0">
          <float_array id="meshId2_name-mesh-map-0-array" count="978">0.1474609 -0.09423828 0.160645 -0.1699219 0.168457 -0.159668 0.1474609 -0.09423828 0.119629 -0.08691406 0.160645 -0.1699219 0.179199 -0.03466796 0.119629 -0.08691406 0.1474609 -0.09423828 0.179199 -0.03466796 0.15332 -0.015625 0.119629 -0.08691406 0.234863 0.03027337 0.15332 -0.015625 0.179199 -0.03466796 -0.004882752 0.240234 0.21875 0.446777 0.118652 0.46582 -0.004882752 0.240234 0.416992 0.185059 0.21875 0.446777 0.08740228 -0.007324218 0.416992 0.185059 -0.004882752 0.240234 0.08740228 -0.007324218 0.29541 0.01757806 0.416992 0.185059 0.909668 0.368652 0.583008 0.03613275 0.936523 0.168457 0.909668 0.368652 0.521973 0.264648 0.583008 0.03613275 0.657715 0.420898 0.521973 0.264648 0.909668 0.368652 0.657715 0.420898 0.589844 0.342773 0.521973 0.264648 0.245117 -0.004394471 0.234863 0.03027337 0.179199 -0.03466796 0.245117 -0.004394471 0.330078 0.0258789 0.234863 0.03027337 0.319336 -0.008789002 0.330078 0.0258789 0.245117 -0.004394471 0.319336 -0.008789002 0.383789 -0.04150384 0.330078 0.0258789 0.06884765 -0.06152337 0.15332 -0.015625 0.149902 0.06347656 0.06884765 -0.06152337 0.119629 -0.08691406 0.15332 -0.015625 0.129395 -0.160645 0.119629 -0.08691406 0.06884765 -0.06152337 0.129395 -0.160645 0.160645 -0.1699219 0.119629 -0.08691406 0.55127 0.07714837 0.988281 0.263184 0.502441 0.371582 0.55127 0.07714837 0.916016 0.08740228 0.988281 0.263184 0.688477 -0.02783197 0.916016 0.08740228 0.55127 0.07714837 0.299805 0.465332 0.101563 0.686035 0.06103515 0.560059 0.299805 0.465332 0.309082 0.770508 0.101563 0.686035 0.410156 0.648926 0.309082 0.770508 0.299805 0.465332 0.303223 -0.62793 0.141113 -0.1875 0.07910156 -0.54834 0.303223 -0.62793 0.373535 -0.120605 0.141113 -0.1875 0.465332 -0.512207 0.373535 -0.120605 0.303223 -0.62793 0.556641 0.07128906 0.588867 0.396484 0.464844 0.189941 0.556641 0.07128906 0.927246 0.373047 0.588867 0.396484 0.954102 0.03955078 0.927246 0.373047 0.556641 0.07128906 0.415039 -0.104004 0.435059 -0.10791 0.407227 -0.02490228 0.415039 -0.104004 0.391113 -0.170898 0.435059 -0.10791 0.380371 -0.160156 0.391113 -0.170898 0.415039 -0.104004 0.160645 -0.1699219 0.275391 -0.1542969 0.168457 -0.159668 0.160645 -0.1699219 0.380371 -0.160156 0.275391 -0.1542969 0.391113 -0.170898 0.380371 -0.160156 0.160645 -0.1699219 0.125 0.429688 0.155762 0.74707 0.01269525 0.58252 0.125 0.429688 0.408203 0.621582 0.155762 0.74707 0.413574 0.465332 0.408203 0.621582 0.125 0.429688 0.455566 0.05224609 0.435059 -0.10791 0.450195 -0.114258 0.455566 0.05224609 0.407227 -0.02490228 0.435059 -0.10791 0.330078 0.0258789 0.407227 -0.02490228 0.455566 0.05224609 0.149902 0.06347656 0.330078 0.0258789 0.455566 0.05224609 0.149902 0.06347656 0.234863 0.03027337 0.330078 0.0258789 0.15332 -0.015625 0.234863 0.03027337 0.149902 0.06347656 0.767578 0.84082 0.539063 0.834473 0.58252 0.930176 0.767578 0.84082 0.58252 0.73877 0.539063 0.834473 0.767578 0.73584 0.58252 0.73877 0.767578 0.84082 0.813965 -0.599609 0.642578 -0.547852 0.700195 -0.672363 0.813965 -0.599609 0.778809 -0.441406 0.642578 -0.547852 0.990723 0.09814447 0.746582 0.466797 0.779297 0.008300781 0.990723 0.09814447 0.969727 0.34375 0.746582 0.466797 0.302246 -0.370605 0.432617 -0.318359 0.351563 -0.256348 0.302246 -0.370605 0.283203 -0.415039 0.432617 -0.318359 0.672852 0.671387 0.513184 0.616699 0.606445 0.531738 0.672852 0.671387 0.578125 0.70459 0.513184 0.616699 0.146484 0.711914 0.345215 0.777344 0.309082 0.873535 0.146484 0.711914 0.32666 0.605957 0.345215 0.777344 0.146484 0.711914 0.227539 0.457031 0.32666 0.605957 0.146484 0.711914 0.02929687 0.478516 0.227539 0.457031 0.199219 -0.608887 0.176758 -0.740723 0.207031 -0.724121 0.199219 -0.608887 0.109375 -0.599609 0.176758 -0.740723 0.789063 -0.861816 0.82666 -0.733398 0.769043 -0.833496 0.789063 -0.861816 0.921875 -0.777344 0.82666 -0.733398 0.645996 -0.973145 0.824219 -0.849121 0.646973 -0.817871 0.645996 -0.973145 0.769043 -0.979492 0.824219 -0.849121 0.04052728 0.350098 0.433594 0.353516 0.236816 0.433105 0.04052728 0.350098 0.0234375 0.139648 0.433594 0.353516 0.04150384 0.82959 0.223145 0.67334 0.157715 0.82373 0.04150384 0.82959 0.1005859 0.685547 0.223145 0.67334 0.847168 0.657227 0.709961 0.55957 0.804688 0.526367 0.847168 0.657227 0.712891 0.654297 0.709961 0.55957 0.349609 -0.629883 0.236816 -0.118164 0.02441406 -0.275879 0.349609 -0.629883 0.471191 -0.498047 0.236816 -0.118164 0.0859375 0.697754 0.212891 0.914551 0.128906 0.850586 0.0859375 0.697754 0.356445 0.727051 0.212891 0.914551 0.460938 0.679199 0.520996 0.549316 0.515137 0.692871 0.460938 0.679199 0.467773 0.541992 0.520996 0.549316 0.879883 0.487305 0.757324 0.349609 0.967285 0.384277 0.879883 0.487305 0.685547 0.45752 0.757324 0.349609 0.414063 0.540527 0.487305 0.255859 0.498535 0.567383 0.414063 0.540527 0.405273 0.248535 0.487305 0.255859 0.695313 0.004882752 0.683105 0.0898438 0.59668 -0.00390625 0.695313 0.004882752 0.851074 0.07080078 0.683105 0.0898438 0.463867 -0.896973 0.638672 -0.864258 0.467773 -0.875977 0.463867 -0.896973 0.645996 -0.896973 0.638672 -0.864258 0.851074 0.07080078 0.754883 0.191895 0.683105 0.0898438 0.851074 0.07080078 0.970703 0.177734 0.754883 0.191895 0.739258 0.544922 0.685547 0.45752 0.879883 0.487305 0.739258 0.544922 0.604492 0.557129 0.685547 0.45752 0.645996 -0.896973 0.769043 -0.833496 0.638672 -0.864258 0.645996 -0.896973 0.789063 -0.861816 0.769043 -0.833496 0.89209 -0.835938 0.591797 -0.539551 0.461426 -0.74707 0.89209 -0.835938 0.898438 -0.503418 0.591797 -0.539551 0.283203 -0.415039 0.444336 -0.396973 0.432617 -0.318359 0.283203 -0.415039 0.347656 -0.511719 0.444336 -0.396973 0.505859 -0.2412109 0.48291 -0.366211 0.564453 -0.32373 0.505859 -0.2412109 0.458008 -0.296875 0.48291 -0.366211 0.09912109 0.415039 0.391602 0.785156 0.0805664 0.833008 0.09912109 0.415039 0.382813 0.440918 0.391602 0.785156 0.226074 0.899414 0.337891 0.440918 0.45166 0.577637 0.226074 0.899414 -0.005859375 0.706055 0.337891 0.440918 0.867188 -0.523438 0.960449 -0.310547 0.831543 -0.316406 0.867188 -0.523438 0.941895 -0.500977 0.960449 -0.310547 0.73291 -0.594238 0.918457 -0.470703 0.858398 -0.419922 0.73291 -0.594238 0.82666 -0.621094 0.918457 -0.470703 0.356445 0.727051 0.106934 0.514648 0.322754 0.415527 0.356445 0.727051 0.0859375 0.697754 0.106934 0.514648 0.08935546 0.884766 0.38623 0.738281 0.316895 0.917969 0.08935546 0.884766 0.08349609 0.722168 0.38623 0.738281 0.078125 0.548828 0.356934 0.774902 0.08398437 0.802246 0.078125 0.548828 0.399414 0.453613 0.356934 0.774902 0.498535 0.567383 0.43457 0.745605 0.414063 0.540527 0.498535 0.567383 0.517578 0.746094 0.43457 0.745605 0.519531 0.481934 0.38916 0.646484 0.46582 0.467285 0.519531 0.481934 0.439453 0.67627 0.38916 0.646484 0.515625 0.1987299 0.46582 0.467285 0.445801 0.206543 0.515625 0.1987299 0.519531 0.481934 0.46582 0.467285 0.507324 0.391602 0.467773 0.541992 0.455566 0.387695 0.507324 0.391602 0.520996 0.549316 0.467773 0.541992 0.468262 0.254395 0.507324 0.391602 0.455566 0.387695 0.468262 0.254395 0.514648 0.254883 0.507324 0.391602 0.263184 -0.402832 0.325684 -0.605469 0.37793 -0.38916 0.263184 -0.402832 0.188477 -0.577148 0.325684 -0.605469 0.312988 -0.804688 0.463867 -0.896973 0.467773 -0.875977 0.312988 -0.804688 0.293457 -0.832031 0.463867 -0.896973 0.207031 -0.724121 0.293457 -0.832031 0.312988 -0.804688 0.207031 -0.724121 0.176758 -0.740723 0.293457 -0.832031 0.383789 -0.04150384 0.407227 -0.02490228 0.330078 0.0258789 0.383789 -0.04150384 0.415039 -0.104004 0.407227 -0.02490228 0.970703 0.177734 0.757324 0.349609 0.754883 0.191895 0.970703 0.177734 0.967285 0.384277 0.757324 0.349609 0.414551 -0.17041 0.435059 -0.10791 0.391113 -0.170898 0.414551 -0.17041 0.450195 -0.114258 0.435059 -0.10791 0.778809 -0.441406 0.59375 -0.372559 0.642578 -0.547852 0.778809 -0.441406 0.734375 -0.317871 0.59375 -0.372559 0.125977 0.439453 0.38916 0.628418 0.239746 0.875488 0.125977 0.439453 0.383301 0.425293 0.38916 0.628418 0.164063 0.406738 0.0883789 0.779297 0.01220697 0.629883 0.164063 0.406738 0.381836 0.534668 0.0883789 0.779297 0.567383 -0.250488 0.444336 -0.396973 0.647461 -0.411133 0.567383 -0.250488 0.432617 -0.318359 0.444336 -0.396973 0.696777 0.989258 0.767578 0.84082 0.58252 0.930176 0.696777 0.989258 0.838379 0.989258 0.767578 0.84082 0.952637 0.930176 0.767578 0.84082 0.838379 0.989258 0.952637 0.930176 0.996582 0.834473 0.767578 0.84082 0.952637 0.73877 0.767578 0.84082 0.996582 0.834473 0.952637 0.73877 0.767578 0.73584 0.767578 0.84082 0.86084 0.456055 0.869629 -0.01708978 0.983398 0.25293 0.666016 -0.719727 0.717285 -0.583008 0.573242 -0.671387 0.122559 0.388672 0.337891 0.440918 -0.005859375 0.706055 0.312988 0.616211 0.38623 0.738281 0.08349609 0.722168 0.700195 -0.672363 0.841797 -0.775391 0.813965 -0.599609 0.345703 -0.354492 0.440918 -0.315918 0.353027 -0.210938 0.253906 -0.679688 0.325684 -0.605469 0.188477 -0.577148 0.0234375 0.139648 0.398926 0.08496087 0.433594 0.353516 0.322754 0.872559 0.0883789 0.779297 0.381836 0.534668 0.37793 -0.38916 0.48291 -0.366211 0.458008 -0.296875 0.37793 -0.38916 0.325684 -0.605469 0.416016 -0.507813 0.491211 -0.183594 0.236816 -0.118164 0.471191 -0.498047</float_array>
          <technique_common>
            <accessor source="#meshId2_name-mesh-map-0-array" count="489" stride="2">
              <param name="S" type="float"/>
              <param name="T" type="float"/>
            </accessor>
          </technique_common>
        </source>
        <source id="meshId2_name-mesh-colors-meshId2-color0" name="meshId2-color0">
          <float_array id="meshId2_name-mesh-colors-meshId2-color0-array" count="1956">0.4705882 0.4705882 0.4705882 1 0.3921568 0.3921568 0.3921568 1 0.2117647 0.2117647 0.2117647 1 0.4705882 0.4705882 0.4705882 1 0.5607843 0.5607843 0.5607843 1 0.3921568 0.3921568 0.3921568 1 0.427451 0.427451 0.427451 1 0.5607843 0.5607843 0.5607843 1 0.4705882 0.4705882 0.4705882 1 0.427451 0.427451 0.427451 1 0.5568628 0.5568628 0.5568628 1 0.5607843 0.5607843 0.5607843 1 0.5686275 0.5686275 0.5686275 1 0.5568628 0.5568628 0.5568628 1 0.427451 0.427451 0.427451 1 0.9019608 0.9019608 0.9019608 1 0.9019608 0.9019608 0.9019608 1 0.9019608 0.9019608 0.9019608 1 0.9019608 0.9019608 0.9019608 1 0.9019608 0.9019608 0.9019608 1 0.9019608 0.9019608 0.9019608 1 0.9019608 0.9019608 0.9019608 1 0.9019608 0.9019608 0.9019608 1 0.9019608 0.9019608 0.9019608 1 0.9019608 0.9019608 0.9019608 1 0.9019608 0.9019608 0.9019608 1 0.9019608 0.9019608 0.9019608 1 1 1 1 1 1 1 1 1 1 1 1 1 1 1 1 1 1 1 1 1 1 1 1 1 1 1 1 1 1 1 1 1 1 1 1 1 1 1 1 1 1 1 1 1 1 1 1 1 0.4235294 0.4235294 0.4235294 1 0.5686275 0.5686275 0.5686275 1 0.427451 0.427451 0.427451 1 0.4235294 0.4235294 0.4235294 1 0.5647059 0.5647059 0.5647059 1 0.5686275 0.5686275 0.5686275 1 0.427451 0.427451 0.427451 1 0.5647059 0.5647059 0.5647059 1 0.4235294 0.4235294 0.4235294 1 0.427451 0.427451 0.427451 1 0.4509804 0.4509804 0.4509804 1 0.5647059 0.5647059 0.5647059 1 0.9137255 0.9137255 0.9137255 1 0.9176471 0.9176471 0.9176471 1 0.9843137 0.9843137 0.9843137 1 0.9137255 0.9137255 0.9137255 1 0.827451 0.827451 0.827451 1 0.9176471 0.9176471 0.9176471 1 0.7176471 0.7176471 0.7176471 1 0.827451 0.827451 0.827451 1 0.9137255 0.9137255 0.9137255 1 0.7176471 0.7176471 0.7176471 1 0.5843138 0.5843138 0.5843138 1 0.827451 0.827451 0.827451 1 0.9921569 0.9921569 0.9921569 1 1 1 1 1 1 1 1 1 0.9921569 0.9921569 0.9921569 1 1 1 1 1 1 1 1 1 1 1 1 1 1 1 1 1 0.9921569 0.9921569 0.9921569 1 0.6235294 0.6235294 0.6235294 1 0.6235294 0.6235294 0.6235294 1 0.6235294 0.6235294 0.6235294 1 0.6235294 0.6235294 0.6235294 1 0.6235294 0.6235294 0.6235294 1 0.6235294 0.6235294 0.6235294 1 0.6235294 0.6235294 0.6235294 1 0.6235294 0.6235294 0.6235294 1 0.6235294 0.6235294 0.6235294 1 0.3294118 0.3294118 0.3294118 1 0.3294118 0.3294118 0.3294118 1 0.3294118 0.3294118 0.3294118 1 0.3294118 0.3294118 0.3294118 1 0.3294118 0.3294118 0.3294118 1 0.3294118 0.3294118 0.3294118 1 0.3294118 0.3294118 0.3294118 1 0.3294118 0.3294118 0.3294118 1 0.3294118 0.3294118 0.3294118 1 1 1 1 1 0.9960784 0.9960784 0.9960784 1 1 1 1 1 1 1 1 1 1 1 1 1 0.9960784 0.9960784 0.9960784 1 1 1 1 1 1 1 1 1 1 1 1 1 0.5058824 0.5058824 0.5058824 1 0.6156863 0.6156863 0.6156863 1 0.5921569 0.5921569 0.5921569 1 0.5058824 0.5058824 0.5058824 1 0.4588235 0.4588235 0.4588235 1 0.6156863 0.6156863 0.6156863 1 0.3254902 0.3254902 0.3254902 1 0.4588235 0.4588235 0.4588235 1 0.5058824 0.5058824 0.5058824 1 0.3921568 0.3921568 0.3921568 1 0.3411765 0.3411765 0.3411765 1 0.2117647 0.2117647 0.2117647 1 0.3921568 0.3921568 0.3921568 1 0.2470588 0.2470588 0.2470588 1 0.3411765 0.3411765 0.3411765 1 0.3921568 0.3921568 0.3921568 1 0.2470588 0.2470588 0.2470588 1 0.3921568 0.3921568 0.3921568 1 0.682353 0.682353 0.682353 1 0.682353 0.682353 0.682353 1 0.682353 0.682353 0.682353 1 0.682353 0.682353 0.682353 1 0.682353 0.682353 0.682353 1 0.682353 0.682353 0.682353 1 0.682353 0.682353 0.682353 1 0.682353 0.682353 0.682353 1 0.682353 0.682353 0.682353 1 0.9686275 0.9686275 0.9686275 1 0.7686275 0.7686275 0.7686275 1 0.7764706 0.7764706 0.7764706 1 0.9686275 0.9686275 0.9686275 1 0.8980392 0.8980392 0.8980392 1 0.7686275 0.7686275 0.7686275 1 0.9529412 0.9529412 0.9529412 1 0.8980392 0.8980392 0.8980392 1 0.9686275 0.9686275 0.9686275 1 0.9843137 0.9843137 0.9843137 1 0.9529412 0.9529412 0.9529412 1 0.9686275 0.9686275 0.9686275 1 0.9843137 0.9843137 0.9843137 1 0.9607843 0.9607843 0.9607843 1 0.9529412 0.9529412 0.9529412 1 0.9176471 0.9176471 0.9176471 1 0.9607843 0.9607843 0.9607843 1 0.9843137 0.9843137 0.9843137 1 1 1 1 1 0.9764706 0.9764706 0.9764706 1 0.8470588 0.8470588 0.8470588 1 1 1 1 1 0.7803922 0.7803922 0.7803922 1 0.9764706 0.9764706 0.9764706 1 0.7803922 0.7803922 0.7803922 1 0.7803922 0.7803922 0.7803922 1 1 1 1 1 0.3921568 0.3921568 0.3921568 1 0.3921568 0.3921568 0.3921568 1 0.3921568 0.3921568 0.3921568 1 0.3921568 0.3921568 0.3921568 1 0.3921568 0.3921568 0.3921568 1 0.3921568 0.3921568 0.3921568 1 0.7607843 0.7607843 0.7607843 1 0.7607843 0.7607843 0.7607843 1 0.7607843 0.7607843 0.7607843 1 0.7607843 0.7607843 0.7607843 1 0.7607843 0.7607843 0.7607843 1 0.7607843 0.7607843 0.7607843 1 0.8509804 0.8509804 0.8509804 1 0.8509804 0.8509804 0.8509804 1 0.8509804 0.8509804 0.8509804 1 0.8509804 0.8509804 0.8509804 1 0.8509804 0.8509804 0.8509804 1 0.8509804 0.8509804 0.8509804 1 0.6313726 0.6313726 0.6313726 1 0.6313726 0.6313726 0.6313726 1 0.6313726 0.6313726 0.6313726 1 0.6313726 0.6313726 0.6313726 1 0.6313726 0.6313726 0.6313726 1 0.6313726 0.6313726 0.6313726 1 0.6235294 0.6235294 0.6235294 1 0.6235294 0.6235294 0.6235294 1 0.6235294 0.6235294 0.6235294 1 0.6235294 0.6235294 0.6235294 1 0.6235294 0.6235294 0.6235294 1 0.6235294 0.6235294 0.6235294 1 0.5882353 0.5882353 0.5882353 1 0.5882353 0.5882353 0.5882353 1 0.5882353 0.5882353 0.5882353 1 0.5882353 0.5882353 0.5882353 1 0.5882353 0.5882353 0.5882353 1 0.5882353 0.5882353 0.5882353 1 0.4901961 0.4901961 0.4901961 1 0.4901961 0.4901961 0.4901961 1 0.4901961 0.4901961 0.4901961 1 0.4901961 0.4901961 0.4901961 1 0.4901961 0.4901961 0.4901961 1 0.4901961 0.4901961 0.4901961 1 0.6784314 0.6784314 0.6784314 1 0.6 0.6 0.6 1 0.6745098 0.6745098 0.6745098 1 0.6784314 0.6784314 0.6784314 1 0.6666667 0.6666667 0.6666667 1 0.6 0.6 0.6 1 0.4509804 0.4509804 0.4509804 1 0.4509804 0.4509804 0.4509804 1 0.4509804 0.4509804 0.4509804 1 0.4509804 0.4509804 0.4509804 1 0.4509804 0.4509804 0.4509804 1 0.4509804 0.4509804 0.4509804 1 0.7882353 0.7882353 0.7882353 1 0.882353 0.882353 0.882353 1 0.8470588 0.8470588 0.8470588 1 0.7882353 0.7882353 0.7882353 1 0.7490196 0.7490196 0.7490196 1 0.882353 0.882353 0.882353 1 0.4 0.4 0.4 1 0.7568628 0.7568628 0.7568628 1 0.5607843 0.5607843 0.5607843 1 0.4 0.4 0.4 1 0.2352941 0.2352941 0.2352941 1 0.7568628 0.7568628 0.7568628 1 0.6901961 0.6901961 0.6901961 1 0.6901961 0.6901961 0.6901961 1 0.6901961 0.6901961 0.6901961 1 0.6901961 0.6901961 0.6901961 1 0.3490196 0.3490196 0.3490196 1 0.6901961 0.6901961 0.6901961 1 0.5647059 0.5647059 0.5647059 1 0.5647059 0.5647059 0.5647059 1 0.5647059 0.5647059 0.5647059 1 0.5647059 0.5647059 0.5647059 1 0.5647059 0.5647059 0.5647059 1 0.5647059 0.5647059 0.5647059 1 0.4901961 0.4901961 0.4901961 1 0.4901961 0.4901961 0.4901961 1 0.4901961 0.4901961 0.4901961 1 0.4901961 0.4901961 0.4901961 1 0.4901961 0.4901961 0.4901961 1 0.4901961 0.4901961 0.4901961 1 0.7529412 0.7529412 0.7529412 1 0.7529412 0.7529412 0.7529412 1 0.7529412 0.7529412 0.7529412 1 0.7529412 0.7529412 0.7529412 1 0.7529412 0.7529412 0.7529412 1 0.7529412 0.7529412 0.7529412 1 0.2784314 0.2784314 0.2784314 1 0 0 0 1 0.3411765 0.3411765 0.3411765 1 0.2784314 0.2784314 0.2784314 1 0 0 0 1 0 0 0 1 0.6588236 0.6588236 0.6588236 1 0.8392157 0.8392157 0.8392157 1 0.7176471 0.7176471 0.7176471 1 0.6588236 0.6588236 0.6588236 1 0.8352941 0.8352941 0.8352941 1 0.8392157 0.8392157 0.8392157 1 0.08235293 0.08235293 0.08235293 1 0 0 0 1 0 0 0 1 0.08235293 0.08235293 0.08235293 1 0.1686275 0.1686275 0.1686275 1 0 0 0 1 0.4196078 0.4196078 0.4196078 1 0.4196078 0.4196078 0.4196078 1 0.4196078 0.4196078 0.4196078 1 0.4196078 0.4196078 0.4196078 1 0.4196078 0.4196078 0.4196078 1 0.4196078 0.4196078 0.4196078 1 0.2901961 0.2901961 0.2901961 1 0.003921568 0.003921568 0.003921568 1 0 0 0 1 0.2901961 0.2901961 0.2901961 1 0.3529412 0.3529412 0.3529412 1 0.003921568 0.003921568 0.003921568 1 0.07058823 0.07058823 0.07058823 1 0 0 0 1 0.1568627 0.1568627 0.1568627 1 0.07058823 0.07058823 0.07058823 1 0 0 0 1 0 0 0 1 0.4901961 0.4901961 0.4901961 1 0.4901961 0.4901961 0.4901961 1 0.4901961 0.4901961 0.4901961 1 0.4901961 0.4901961 0.4901961 1 0.4901961 0.4901961 0.4901961 1 0.4901961 0.4901961 0.4901961 1 0.5411765 0.5411765 0.5411765 1 0.5411765 0.5411765 0.5411765 1 0.5411765 0.5411765 0.5411765 1 0.5411765 0.5411765 0.5411765 1 0.5411765 0.5411765 0.5411765 1 0.5411765 0.5411765 0.5411765 1 0.8509804 0.8509804 0.8509804 1 0.8509804 0.8509804 0.8509804 1 0.8509804 0.8509804 0.8509804 1 0.8509804 0.8509804 0.8509804 1 0.8509804 0.8509804 0.8509804 1 0.8509804 0.8509804 0.8509804 1 0.7137255 0.7137255 0.7137255 1 0.7137255 0.7137255 0.7137255 1 0.7137255 0.7137255 0.7137255 1 0.7137255 0.7137255 0.7137255 1 0.7137255 0.7137255 0.7137255 1 0.7137255 0.7137255 0.7137255 1 0.3490196 0.3490196 0.3490196 1 0.6901961 0.6901961 0.6901961 1 0.2509804 0.2509804 0.2509804 1 0.3490196 0.3490196 0.3490196 1 0.7333334 0.7333334 0.7333334 1 0.6901961 0.6901961 0.6901961 1 0.7607843 0.7607843 0.7607843 1 0.7607843 0.7607843 0.7607843 1 0.7607843 0.7607843 0.7607843 1 0.7607843 0.7607843 0.7607843 1 0.7607843 0.7607843 0.7607843 1 0.7607843 0.7607843 0.7607843 1 0.7098039 0.7098039 0.7098039 1 0.9176471 0.9176471 0.9176471 1 0.7137255 0.7137255 0.7137255 1 0.7098039 0.7098039 0.7098039 1 0.8313726 0.8313726 0.8313726 1 0.9176471 0.9176471 0.9176471 1 0.8078432 0.8078432 0.8078432 1 0.9098039 0.9098039 0.9098039 1 0.772549 0.772549 0.772549 1 0.8078432 0.8078432 0.8078432 1 0.882353 0.882353 0.882353 1 0.9098039 0.9098039 0.9098039 1 0.5882353 0.5882353 0.5882353 1 0.5882353 0.5882353 0.5882353 1 0.5882353 0.5882353 0.5882353 1 0.5882353 0.5882353 0.5882353 1 0.5882353 0.5882353 0.5882353 1 0.5882353 0.5882353 0.5882353 1 0.5019608 0.5019608 0.5019608 1 0.5019608 0.5019608 0.5019608 1 0.5019608 0.5019608 0.5019608 1 0.5019608 0.5019608 0.5019608 1 0.5019608 0.5019608 0.5019608 1 0.5019608 0.5019608 0.5019608 1 0.2509804 0.2509804 0.2509804 1 0.7333334 0.7333334 0.7333334 1 0.2078431 0.2078431 0.2078431 1 0.2509804 0.2509804 0.2509804 1 0.8 0.8 0.8 1 0.7333334 0.7333334 0.7333334 1 0.5803922 0.5803922 0.5803922 1 0.5803922 0.5803922 0.5803922 1 0.5803922 0.5803922 0.5803922 1 0.5803922 0.5803922 0.5803922 1 0.5803922 0.5803922 0.5803922 1 0.5803922 0.5803922 0.5803922 1 0.9882353 0.9882353 0.9882353 1 0.9882353 0.9882353 0.9882353 1 0.9921569 0.9921569 0.9921569 1 0.9882353 0.9882353 0.9882353 1 0.9921569 0.9921569 0.9921569 1 0.9882353 0.9882353 0.9882353 1 1 1 1 1 1 1 1 1 1 1 1 1 1 1 1 1 1 1 1 1 1 1 1 1 0.4666666 0.4666666 0.4666666 1 0.4666666 0.4666666 0.4666666 1 0.4666666 0.4666666 0.4666666 1 0.4666666 0.4666666 0.4666666 1 0.4666666 0.4666666 0.4666666 1 0.4666666 0.4666666 0.4666666 1 0.5803922 0.5803922 0.5803922 1 0.5803922 0.5803922 0.5803922 1 0.5803922 0.5803922 0.5803922 1 0.5803922 0.5803922 0.5803922 1 0.5803922 0.5803922 0.5803922 1 0.5803922 0.5803922 0.5803922 1 0.7607843 0.7607843 0.7607843 1 0.7607843 0.7607843 0.7607843 1 0.7607843 0.7607843 0.7607843 1 0.7607843 0.7607843 0.7607843 1 0.7607843 0.7607843 0.7607843 1 0.7607843 0.7607843 0.7607843 1 0.3686274 0.3686274 0.3686274 1 0.3686274 0.3686274 0.3686274 1 0.3686274 0.3686274 0.3686274 1 0.3686274 0.3686274 0.3686274 1 0.3686274 0.3686274 0.3686274 1 0.3686274 0.3686274 0.3686274 1 0.4196078 0.4196078 0.4196078 1 0.4196078 0.4196078 0.4196078 1 0.4196078 0.4196078 0.4196078 1 0.4196078 0.4196078 0.4196078 1 0.4196078 0.4196078 0.4196078 1 0.4196078 0.4196078 0.4196078 1 0.4509804 0.4509804 0.4509804 1 0.5921569 0.5921569 0.5921569 1 0.5647059 0.5647059 0.5647059 1 0.4509804 0.4509804 0.4509804 1 0.5058824 0.5058824 0.5058824 1 0.5921569 0.5921569 0.5921569 1 0.4039216 0.4039216 0.4039216 1 0.007843136 0.007843136 0.007843136 1 0 0 0 1 0.4039216 0.4039216 0.4039216 1 0.3803921 0.3803921 0.3803921 1 0.007843136 0.007843136 0.007843136 1 0.6901961 0.6901961 0.6901961 1 0.7686275 0.7686275 0.7686275 1 0.5607843 0.5607843 0.5607843 1 0.6901961 0.6901961 0.6901961 1 0.7764706 0.7764706 0.7764706 1 0.7686275 0.7686275 0.7686275 1 0.4117647 0.4117647 0.4117647 1 0.3215686 0.3215686 0.3215686 1 0.3921568 0.3921568 0.3921568 1 0.4117647 0.4117647 0.4117647 1 0.4117647 0.4117647 0.4117647 1 0.3215686 0.3215686 0.3215686 1 0.9019608 0.9019608 0.9019608 1 0.9019608 0.9019608 0.9019608 1 0.9019608 0.9019608 0.9019608 1 0.9019608 0.9019608 0.9019608 1 0.9019608 0.9019608 0.9019608 1 0.9019608 0.9019608 0.9019608 1 0.9529412 0.9529412 0.9529412 1 0.9529412 0.9529412 0.9529412 1 0.9529412 0.9529412 0.9529412 1 0.9529412 0.9529412 0.9529412 1 0.9529412 0.9529412 0.9529412 1 0.9529412 0.9529412 0.9529412 1 0.9254902 0.9254902 0.9254902 1 0.9254902 0.9254902 0.9254902 1 0.9254902 0.9254902 0.9254902 1 0.9254902 0.9254902 0.9254902 1 0.9254902 0.9254902 0.9254902 1 0.9254902 0.9254902 0.9254902 1 0.8196079 0.8196079 0.8196079 1 1 1 1 1 0.8470588 0.8470588 0.8470588 1 0.8196079 0.8196079 0.8196079 1 0.8078432 0.8078432 0.8078432 1 1 1 1 1 0.827451 0.827451 0.827451 1 1 1 1 1 0.8078432 0.8078432 0.8078432 1 0.827451 0.827451 0.827451 1 0.8470588 0.8470588 0.8470588 1 1 1 1 1 0.7803922 0.7803922 0.7803922 1 1 1 1 1 0.8470588 0.8470588 0.8470588 1 0.7803922 0.7803922 0.7803922 1 0.7803922 0.7803922 0.7803922 1 1 1 1 1 0.9529412 0.9529412 0.9529412 1 0.9529412 0.9529412 0.9529412 1 0.9529412 0.9529412 0.9529412 1 0.5490196 0.5490196 0.5490196 1 0.5490196 0.5490196 0.5490196 1 0.5490196 0.5490196 0.5490196 1 0.7607843 0.7607843 0.7607843 1 0.7607843 0.7607843 0.7607843 1 0.7607843 0.7607843 0.7607843 1 0.5019608 0.5019608 0.5019608 1 0.5019608 0.5019608 0.5019608 1 0.5019608 0.5019608 0.5019608 1 0.4509804 0.4509804 0.4509804 1 0.4509804 0.4509804 0.4509804 1 0.4509804 0.4509804 0.4509804 1 0.9294118 0.9294118 0.9294118 1 0.9294118 0.9294118 0.9294118 1 0.9294118 0.9294118 0.9294118 1 0.9019608 0.9019608 0.9019608 1 0.9019608 0.9019608 0.9019608 1 0.9019608 0.9019608 0.9019608 1 0.7490196 0.7490196 0.7490196 1 0.8784314 0.8784314 0.8784314 1 0.882353 0.882353 0.882353 1 0.9529412 0.9529412 0.9529412 1 0.9529412 0.9529412 0.9529412 1 0.9529412 0.9529412 0.9529412 1 0.7137255 0.7137255 0.7137255 1 0.7137255 0.7137255 0.7137255 1 0.7137255 0.7137255 0.7137255 1 0.4666666 0.4666666 0.4666666 1 0.4666666 0.4666666 0.4666666 1 0.4666666 0.4666666 0.4666666 1 0.5647059 0.5647059 0.5647059 1 0.5647059 0.5647059 0.5647059 1 0.5647059 0.5647059 0.5647059 1</float_array>
          <technique_common>
            <accessor source="#meshId2_name-mesh-colors-meshId2-color0-array" count="489" stride="4">
              <param name="R" type="float"/>
              <param name="G" type="float"/>
              <param name="B" type="float"/>
              <param name="A" type="float"/>
            </accessor>
          </technique_common>
        </source>
        <vertices id="meshId2_name-mesh-vertices">
          <input semantic="POSITION" source="#meshId2_name-mesh-positions"/>
        </vertices>
        <triangles material="m0Cap_v-material" count="163">
          <input semantic="VERTEX" source="#meshId2_name-mesh-vertices" offset="0"/>
          <input semantic="NORMAL" source="#meshId2_name-mesh-normals" offset="1"/>
          <input semantic="TEXCOORD" source="#meshId2_name-mesh-map-0" offset="2" set="0"/>
          <input semantic="COLOR" source="#meshId2_name-mesh-colors-meshId2-color0" offset="3" set="0"/>
          <p>2 0 0 0 1 1 1 1 0 2 2 2 2 0 3 3 3 3 4 4 1 1 5 5 4 4 6 6 3 3 7 7 2 0 8 8 4 4 9 9 5 5 10 10 3 3 11 11 6 6 12 12 5 5 13 13 4 4 14 14 9 7 15 15 8 8 16 16 7 9 17 17 9 10 18 18 10 11 19 19 8 12 20 20 11 13 21 21 10 14 22 22 9 15 23 23 11 16 24 24 12 17 25 25 10 18 26 26 15 19 27 27 14 20 28 28 13 21 29 29 15 22 30 30 16 23 31 31 14 24 32 32 17 25 33 33 16 26 34 34 15 27 35 35 17 28 36 36 18 29 37 37 16 30 38 38 19 31 39 39 6 6 40 40 4 4 41 41 19 31 42 42 20 32 43 43 6 6 44 44 21 33 45 45 20 32 46 46 19 31 47 47 21 33 48 48 22 34 49 49 20 32 50 50 25 35 51 51 24 36 52 52 23 37 53 53 25 35 54 54 26 38 55 55 24 36 56 56 27 39 57 57 26 38 58 58 25 35 59 59 27 39 60 60 28 40 61 61 26 38 62 62 31 41 63 63 30 42 64 64 29 43 65 65 31 44 66 66 32 45 67 67 30 46 68 68 33 47 69 69 32 48 70 70 31 49 71 71 36 50 72 72 35 51 73 73 34 52 74 74 36 53 75 75 37 54 76 76 35 55 77 77 38 56 78 78 37 57 79 79 36 58 80 80 41 59 81 81 40 60 82 82 39 61 83 83 41 62 84 84 42 63 85 85 40 64 86 86 43 65 87 87 42 66 88 88 41 67 89 89 46 68 90 90 45 69 91 91 44 70 92 92 46 71 93 93 47 72 94 94 45 73 95 95 48 74 96 96 47 75 97 97 46 76 98 98 51 77 99 99 50 78 100 100 49 79 101 101 51 77 102 102 52 80 103 103 50 78 104 104 53 81 105 105 52 80 106 106 51 77 107 107 56 82 108 108 55 83 109 109 54 84 110 110 56 85 111 111 57 86 112 112 55 87 113 113 58 88 114 114 57 89 115 115 56 90 116 116 61 91 117 117 60 92 118 118 59 93 119 119 61 94 120 120 62 95 121 121 60 96 122 122 63 97 123 123 62 98 124 124 61 99 125 125 66 100 126 126 65 101 127 127 64 102 128 128 66 100 129 129 67 103 130 130 65 101 131 131 68 104 132 132 67 103 133 133 66 100 134 134 23 37 135 135 68 104 136 136 66 100 137 137 23 37 138 138 69 105 139 139 68 104 140 140 24 36 141 141 69 105 142 142 23 37 143 143 72 106 144 144 71 107 145 145 70 108 146 146 72 109 147 147 73 110 148 148 71 111 149 149 74 112 150 150 73 113 151 151 72 114 152 152 77 115 153 153 76 116 154 154 75 117 155 155 77 118 156 156 78 119 157 157 76 120 158 158 81 121 159 159 80 122 160 160 79 123 161 161 81 124 162 162 82 125 163 163 80 126 164 164 85 127 165 165 84 128 166 166 83 129 167 167 85 130 168 168 86 131 169 169 84 132 170 170 89 133 171 171 88 134 172 172 87 135 173 173 89 136 174 174 90 137 175 175 88 138 176 176 93 139 177 177 92 140 178 178 91 141 179 179 93 142 180 180 94 143 181 181 92 144 182 182 97 145 183 183 96 146 184 184 95 147 185 185 97 148 186 186 98 149 187 187 96 150 188 188 101 151 189 189 100 152 190 190 99 153 191 191 101 154 192 192 102 155 193 193 100 156 194 194 105 157 195 195 104 158 196 196 103 159 197 197 105 160 198 198 106 161 199 199 104 162 200 200 109 163 201 201 108 164 202 202 107 165 203 203 109 166 204 204 110 167 205 205 108 168 206 206 113 169 207 207 112 170 208 208 111 171 209 209 113 172 210 210 114 173 211 211 112 174 212 212 117 175 213 213 116 176 214 214 115 177 215 215 117 175 216 216 118 178 217 217 116 176 218 218 121 179 219 219 120 180 220 220 119 181 221 221 121 179 222 222 122 182 223 223 120 180 224 224 125 183 225 225 124 184 226 226 123 185 227 227 125 186 228 228 126 187 229 229 124 188 230 230 129 189 231 231 128 190 232 232 127 191 233 233 129 192 234 234 130 193 235 235 128 194 236 236 133 195 237 237 132 196 238 238 131 196 239 239 133 197 240 240 134 198 241 241 132 199 242 242 137 200 243 243 136 201 244 244 135 202 245 245 137 200 246 246 138 203 247 247 136 201 248 248 141 204 249 249 140 205 250 250 139 206 251 251 141 207 252 252 142 208 253 253 140 209 254 254 145 210 255 255 144 211 256 256 143 212 257 257 145 213 258 258 146 214 259 259 144 215 260 260 149 216 261 261 148 217 262 262 147 218 263 263 149 219 264 264 150 220 265 265 148 221 266 266 153 222 267 267 152 223 268 268 151 224 269 269 153 225 270 270 154 226 271 271 152 227 272 272 157 228 273 273 156 229 274 274 155 230 275 275 157 231 276 276 158 232 277 277 156 233 278 278 161 234 279 279 160 235 280 280 159 236 281 281 161 237 282 282 162 238 283 283 160 239 284 284 165 240 285 285 164 241 286 286 163 242 287 287 165 243 288 288 166 244 289 289 164 245 290 290 86 246 291 291 167 247 292 292 84 248 293 293 86 249 294 294 168 250 295 295 167 251 296 296 171 252 297 297 170 253 298 298 169 254 299 299 171 255 300 300 172 256 301 301 170 257 302 302 175 258 303 303 174 259 304 304 173 260 305 305 175 261 306 306 176 262 307 307 174 263 308 308 179 264 309 309 178 265 310 310 177 266 311 311 179 267 312 312 180 268 313 313 178 269 314 314 183 270 315 315 182 271 316 316 181 272 317 317 183 273 318 318 184 274 319 319 182 275 320 320 187 276 321 321 186 277 322 322 185 278 323 323 187 279 324 324 188 280 325 325 186 281 326 326 191 282 327 327 190 283 328 328 189 284 329 329 191 285 330 330 192 286 331 331 190 287 332 332 195 288 333 333 194 289 334 334 193 290 335 335 195 291 336 336 196 292 337 337 194 293 338 338 199 294 339 339 198 295 340 340 197 296 341 341 199 297 342 342 200 298 343 343 198 298 344 344 203 299 345 345 202 300 346 346 201 301 347 347 203 302 348 348 204 303 349 349 202 304 350 350 207 305 351 351 206 306 352 352 205 307 353 353 207 308 354 354 208 309 355 355 206 310 356 356 211 311 357 357 210 312 358 358 209 313 359 359 211 314 360 360 212 315 361 361 210 316 362 362 215 317 363 363 214 318 364 364 213 319 365 365 215 320 366 366 216 321 367 367 214 322 368 368 219 323 369 369 218 324 370 370 217 325 371 371 219 326 372 372 220 327 373 373 218 328 374 374 223 329 375 375 222 330 376 376 221 331 377 377 223 332 378 378 224 333 379 379 222 334 380 380 227 335 381 381 226 336 382 382 225 337 383 383 227 338 384 384 228 339 385 385 226 340 386 386 231 341 387 387 230 342 388 388 229 343 389 389 231 344 390 390 232 345 391 391 230 346 392 392 22 34 393 393 49 79 394 394 20 32 395 395 22 34 396 396 51 77 397 397 49 79 398 398 235 347 399 399 234 348 400 400 233 349 401 401 235 350 402 402 236 351 403 403 234 352 404 404 239 353 405 405 238 354 406 406 237 355 407 407 239 356 408 408 240 357 409 409 238 358 410 410 243 359 411 411 242 360 412 412 241 361 413 413 243 362 414 414 244 363 415 415 242 364 416 416 247 365 417 417 246 366 418 418 245 367 419 419 247 368 420 420 248 369 421 421 246 370 422 422 251 371 423 423 250 372 424 424 249 373 425 425 251 374 426 426 252 375 427 427 250 376 428 428 255 377 429 429 254 378 430 430 253 379 431 431 255 380 432 432 256 381 433 433 254 382 434 434 257 383 435 435 72 384 436 436 70 385 437 437 257 386 438 438 258 387 439 439 72 388 440 440 259 389 441 441 72 390 442 442 258 391 443 443 259 392 444 444 260 393 445 445 72 394 446 446 261 395 447 447 72 396 448 448 260 397 449 449 261 398 450 450 74 399 451 451 72 400 452 452 264 401 453 453 263 402 454 454 262 403 455 455 267 404 456 456 266 404 457 457 265 404 458 458 268 405 459 459 178 406 460 460 180 407 461 461 269 408 462 462 194 409 463 463 196 410 464 464 272 411 465 465 271 411 466 466 270 411 467 467 275 412 468 468 274 412 469 469 273 412 470 470 278 413 471 471 277 414 472 472 276 415 473 473 114 416 474 474 279 417 475 475 112 418 476 476 280 419 477 477 250 420 478 478 252 421 479 479 281 422 480 480 170 423 481 481 172 424 482 482 284 425 483 483 283 426 484 484 282 427 485 485 285 428 486 486 124 429 487 487 126 430 488 488</p>
        </triangles>
      </mesh>
    </geometry>
    <geometry id="meshId1_name-mesh" name="meshId1_name">
      <mesh>
        <source id="meshId1_name-mesh-positions">
          <float_array id="meshId1_name-mesh-positions-array" count="4833">-5.85156 -38.4375 94.8203 -26.5508 -31.0586 92.9727 -1.71484 -33.1523 90.5313 -32.7148 -28.2266 81.2813 0.792969 -27.4805 72.7383 -28.4219 -23.6563 68.3203 -1.81641 3.5625 42.0039 -34.1719 -2.17969 62.0586 -23.7617 13.9688 70.9766 -44.3242 -3.01172 82.2266 -31.1836 9.69922 90.66801 -40.0391 11.375 87.2617 38.9102 68.2305 55.9961 46.3477 74.1875 50.9336 46.9727 60.1055 59.0742 60.8164 66.125 49.3867 71.6289 45.5469 45.6758 71.5156 58.6953 44.0234 77.2617 46.2461 34.3281 79.7734 55.0156 32.043 82.9805 49.168 1.30859 84.7539 57.5586 3.25391 80.9648 58.6641 -22.2031 -30.8477 45.6211 -85.0234 -40.2461 37.5234 -79.125 -33.1563 40.0234 -86.7695 -38.0195 26.3555 -84.4961 -31.2148 30.2852 -91.4492 -28.6797 18.9063 -90.0195 -23.0742 23.7891 -96.2617 -7.31641 8.33203 -95.8281 -4.44922 14.5664 -101.316 12.7266 1.76172 -99.3477 57.9141 -66.5117 -46.6836 68.4336 -60.6758 -46.1563 47.4375 -68.0977 -60.1172 55.1211 -54 -67.1484 27.75 -51.2734 -84.12501 60.1172 -42.3047 -71.2891 40.3359 -30.3203 -88.9844 67.5391 -20.3828 -74.25 48.3984 -7.95703 -88.9922 72.5352 -3.44531 -71.3594 48.8594 86.6992 -23.6172 66.0859 76.9063 -14.4336 46.9766 90.25 -10.293 67.0898 77.2695 4.99609 46.4219 90.8945 7.68359 65.0703 76.4258 20.3945 41.5508 86.6055 34.4531 58.5742 74.0977 39.7383 46.3477 74.1875 50.9336 60.8164 66.125 49.3867 -7.31641 8.33203 -95.8281 6.78906 -10.2227 -96.1953 12.625 -6.32813 -95.4102 9.53125 -19.5547 -93.7852 16.0898 -18.1172 -92.3789 8.54297 -46.3125 -84.457 14.8281 -50.1758 -81 0.34375 -53.043 -80.8477 4.40234 -58.7109 -76.4492 -9.80859 -60.3203 -74.6563 -27.1875 10.6172 -91.7617 -36.2656 6.78125 -88.9609 -9.57422 1.82031 -96.4961 -40.7227 -7.28516 -87.6445 -20.1094 -16.6445 -92.8438 -38.8164 -27.7031 -84.91801 -13.8203 -33.5664 -89.4766 -22.1406 -45.9883 -82.9922 8.54297 -46.3125 -84.457 0.34375 -53.043 -80.8477 33.4922 -28.3594 73.6406 24.3125 -23.6406 62.8984 33.0977 6.73047 61.9336 24.4336 26.7422 67.1172 36.9453 14.7656 87.7539 31.2148 28.9727 86.6445 42.8398 30.6406 87.7813 39.9492 40.5703 86.1484 -50.7852 32.8008 -79.8164 -54.6094 39.3984 -77.0898 -67.5 14.3047 -75.7109 -69.0977 36.5117 -63.875 -81.5234 4.94922 -61.8281 -86.6406 29.0156 -44.6523 -91.1484 -8.13672 -45.8789 -96.5078 15.4922 -27.8828 -100.48 -0.613281 -17.7344 31.3594 -90.3398 11.0938 37.9023 -93.0625 18.4688 41.0156 -83.6797 8.68359 47.5547 -89.2539 15.3203 52.4922 -79.4375 8.82422 56.582 -84.0273 14.6133 64.043 -70.3203 15.9258 66.207 -75.3281 20.9023 75.4531 -64.0977 26.3867 -15 62.75 -68.7227 -21.2539 70.0195 -64.4414 -33.168 48.4805 -74.3242 -42.2266 52.7773 -69.957 -45.1992 42.9141 -73.5703 -58.332 51.7969 -58.6133 -61.4531 43.3906 -60.293 -66.2773 55.707 -45.4922 -72.7109 47.1836 -42.2578 12.7266 1.76172 -99.3477 12.625 -6.32813 -95.4102 21.207 1.66406 -99.3945 22.1133 -6.46875 -93.6133 40.0547 10.7695 -92.5859 43.7305 3.97266 -85.8008 47.832 24.5586 -86.0234 52.6523 19.7891 -78.2734 50.9922 45.3672 -68.1016 41.5508 86.6055 34.4531 33.3359 85.2422 29.8867 46.4219 90.8945 7.68359 38.168 88.1719 6.01953 46.9766 90.25 -10.293 36.8555 86.4258 -17.6367 48.8594 86.6992 -23.6172 37.7578 83.207 -30.418 41.0508 -93.6523 2.17188 47.7734 -90.2109 -6.46484 21.8828 -99.1836 -0.851563 29.2422 -95.29301 -22.8672 -0.335938 -99.5586 -23.7148 12.3008 -89.54301 -47.832 -17.2656 -89.16801 -46.9922 -7.05469 -80.5938 -62.7539 -85.0078 -56.5781 -7.125 -83.5195 -47.8438 -6.18359 -72.5977 -65.9805 21.5703 -69.2773 -58.6211 26.7305 -66.9375 -69.8008 30.8008 -62.7852 -63 37.3203 -53.3828 -77.3164 36.4258 -47.2305 -71.6094 43.7734 12.7266 1.76172 -99.3477 21.207 1.66406 -99.3945 -4.44922 14.5664 -101.316 22.1523 19.4648 -98 -5.0625 41.3242 -93.5469 22.125 42.2305 -90.5469 19.7227 62.4258 -78.7266 40.5859 51.6055 -77.8555 -101.777 9.01953 -2.36328 -94.0859 20.832 -3.83594 -100.656 18.207 3.21094 -90.1641 29.7188 16.7422 -97.2305 25.9531 21.1523 -86.4961 30.3242 29.7383 -94.0352 26.4805 32.4805 -79.3672 14.4648 62.9453 -35.4883 32.7031 88.332 -28.3906 42.4063 86.7852 -29.2734 25.6211 88.1328 -18.2031 39.5781 85.9688 -6.91797 33.0625 67.8789 -59.6289 72.04301 -31.1836 -66.2773 55.707 -45.4922 -51.3945 72.5391 -40.7578 -50.8125 64.1016 -53.3047 -35.5898 72.1133 -55.1758 -42.2266 52.7773 -69.957 -21.2539 70.0195 -64.4414 84.7305 5.32813 49.3789 89.87501 4.97656 40.125 88.3828 -19.9336 36.5586 94.2852 -1.46484 26.5391 92.2383 -20.6953 25.2852 96.4609 -8.46875 15.6914 93.6367 -28.6211 10.4063 38.9102 68.2305 55.9961 24.0938 80.04301 50.2422 29.5547 81.5938 41.7734 15.1523 85.8555 44.6875 16.5703 86.8984 37.9375 -0.96875 88.1406 41.9961 -3.56641 90.6641 32.207 -22.1211 -94.582 12.9844 -24.4258 -90.7422 27.2852 -10.8438 -94.7109 22.043 -13.6484 -89.3711 37.25 6.06641 -94.8867 23.0938 10.875 -90.8086 34.7305 15.082 -91.5117 31.0586 4.40234 -58.7109 -76.4492 7.17969 -70.5391 -73.9844 25.3867 -67.0508 -64.4961 21.6836 -77.8008 -62.9219 41.4883 -70.0625 -51.7227 40.9961 -81.6914 -45.3906 54.8789 -69.5078 -38.2227 31.7148 39.0469 82.2656 23.4375 48.0977 80.6875 40.625 60.4492 63.2422 30.582 66.832 63.7852 30.9492 70.6172 59.582 -11.3242 53.2578 80.16801 -19.0039 60.7422 73.7188 4.84766 65.54301 71.5234 -14.5117 67.7266 68.2461 9.38281 80.2734 56.8438 -4.32813 86.3047 45.332 -0.96875 88.1406 41.9961 36.8555 86.4258 -17.6367 33.6914 95.0938 -14.9492 29.1211 88.0469 -25.8477 24.5273 97.6367 -18.1016 -6.4375 91.3516 -29.7344 -4.05469 99.3867 -25.4961 -18.4922 98.37501 -21.043 -53.707 26.2969 75.5938 -61.1016 31.8008 68.625 -51.8516 49.6523 64.4023 -59.1602 48.7813 60.1797 -52.7656 58.0586 56.082 -59.125 56.3555 53.5469 -58.2891 66.7695 42.6484 -47.2305 -71.6094 43.7734 -52.375 -68.4492 48.0039 -38.7656 -61.1055 63.7734 -45.6719 -59.9922 63.6875 -41.0898 -48.6484 72.3633 -47.5039 -49.9414 70.457 -50.4766 -38.2344 75.1445 36.9609 -65.3945 70.1094 52.3125 -54.957 68.9648 49.5625 -70.0469 56.1328 64.1484 -63.8164 48.1797 50.0195 -81.6367 36.3359 66.207 -75.3281 20.9023 56.582 -84.0273 14.6133 40.0547 10.7695 -92.5859 47.832 24.5586 -86.0234 46.3867 46.8594 -77.1563 -64.8945 78.2578 -12.3828 -58.0742 83.6602 -17.4727 -63.543 80.3086 1.62891 -48.9336 89.8281 0.226563 -55.0859 84.9219 15.0156 -32.6523 94.0039 26.7852 -52.9141 82.2344 33.7969 0.96875 70.7227 -72.9883 -1.09766 72.7422 -63.3242 -8.722661 65.9805 -77.082 -15 62.75 -68.7227 -33.168 48.4805 -74.3242 -82.0547 62.5508 6.74219 -74.1563 60.6719 10.5625 -84.9883 57.1367 12.8516 -77.5195 54.457 17.5703 -91.3867 44.1445 13.7656 -84.9023 39.7969 22.1445 -90.1641 29.7188 16.7422 29.9766 -85.0391 49.6289 22.2695 -81.1445 46.8398 32.75 -72.7188 65.04301 25.4492 -67.0078 64.5195 36.9609 -65.3945 70.1094 30.2813 -58.6055 70.332 -52.375 -68.4492 48.0039 -64.5898 -61.6055 43.1172 -45.6719 -59.9922 63.6875 -61.6992 -47.1211 58.8281 -47.5039 -49.9414 70.457 -50.4766 -38.2344 75.1445 32.2969 -63.8945 -70.9102 25.3867 -67.0508 -64.4961 47.4375 -68.0977 -60.1172 41.4883 -70.0625 -51.7227 57.9141 -66.5117 -46.6836 54.8789 -69.5078 -38.2227 18.2617 -85.0234 53.9648 22.2695 -81.1445 46.8398 10.5781 -87.2695 52.3867 11.543 -86.3906 40.8633 -11.7891 -87.2891 52.0898 -17.207 -84.6211 42.5547 69.7578 -21.1367 71.9336 68.4414 -19.6367 65.0508 63.4102 -30.9609 71.9102 64.4688 -36.1055 61.957 56.5273 -38.3164 74.0469 54.4492 -42.3906 67.3438 14.4219 97.6289 26.9414 -3.97266 99.1055 25.2109 13.25 101.555 1.85547 -1.02344 102.488 -0.757813 24.5273 97.6367 -18.1016 -4.05469 99.3867 -25.4961 93.1875 -32.6328 -33.7656 81.6914 -42.2266 -28.7695 93.6523 -38.2813 -25.582 88.4844 -38.0078 -4.87109 97.70701 -35.0898 -11.2969 100.211 -29.0977 -4.62891 -46.8672 56.6016 71.4063 -45.4375 55.7617 64.2578 -36.2617 55.8516 75.5859 -31.332 60.2656 68.4531 -30.9844 55.832 77.9063 -25.5313 56.1758 74.0859 87.4648 7.78906 -42.9023 87.7344 -1.87891 -39.8516 91.1875 16.1211 -31.6367 93.2227 9.51172 -22.6094 92.9336 22.4883 -22.5508 93.2188 19.4102 -15.0586 -14.4883 99.8125 17.4648 -22.3672 91.8398 18.3984 -17.4805 100.805 -4.03906 -26.4023 92.4609 -5.37109 -18.4922 98.37501 -21.043 -23 90.1875 -24.6289 48.8594 86.6992 -23.6172 37.7578 83.207 -30.418 61.8477 72.7813 -33.3516 56.6914 66.6133 -40.6875 66.4609 67.6563 -34.6172 61.9805 60.7344 -42.1367 -51.9336 69.8164 40.6328 -60.2461 67.1328 38.2266 -54.793 70.375 34.3477 -70.1055 62.1758 22.4922 73.8555 14.0313 69.6797 71.1289 5.67188 64.9375 64.6719 11.3398 78.7031 61.9531 2.24609 73.91801 55.7344 8.96875 86.3438 47.9141 0.53125 76.1641 -72.7031 60.5273 28.6875 -77.3086 53.6875 27.1953 -77.5195 54.457 17.5703 -84.9023 39.7969 22.1445 89.87501 4.97656 40.125 87.1289 11.4414 39.5391 94.2852 -1.46484 26.5391 93.9375 5.63672 20.9688 96.4609 -8.46875 15.6914 96.2148 -1.96875 6.85938 67.3945 56.1367 -44.4922 61.9805 60.7344 -42.1367 63.668 54.082 -50.6445 55.5 60.6914 -50.4766 59.793 52.0156 -57.5195 52.668 55.4609 -58.8125 36.6445 88.2773 -41.7813 29.9688 92.0547 -38.2188 31.1563 83.2422 -55.9063 19.4766 88.9063 -51.9688 23.707 75.2461 -68.6055 8.17969 81.1641 -65.6563 73.8555 14.0313 69.6797 64.6719 11.3398 78.7031 69.2617 33.0508 67.8906 54.3867 33.1133 80.2109 53.0898 56.9102 66.6953 48.5742 55.8594 70.8555 -49.6523 78.9219 -29.8789 -37.5078 79.9648 -41.7461 -38.2383 86.4922 -27.0547 -28.25 87.582 -33.0781 -85.0078 -56.5781 -7.125 -72.5977 -65.9805 21.5703 -64.1172 -78.8242 -12.8281 -57.8906 -84.4063 1.98828 -38.2891 -94.1797 -10.3516 -38.8047 -94.1992 4.94141 -46.8711 -78.9805 -43.1953 -68.582 -71.2266 -26.793 -83.4492 -53.0664 -24.5859 -97.2305 25.9531 21.1523 -94.0352 26.4805 32.4805 -100.371 2.16797 20.4102 -92.5195 -1.13281 43.8906 -100.762 -17.5469 9.97656 -89.1367 -28.9688 41.9023 94.9453 16 37.5156 87.1289 11.4414 39.5391 91.1484 25.1211 41.5625 82.7695 21.9063 44.1797 86.3477 38.3672 39.3438 77.4961 38.0508 42.7852 10.875 -90.8086 34.7305 11.543 -86.3906 40.8633 15.082 -91.5117 31.0586 23.3906 -87.0586 33.7695 19.9805 -95.0586 13.4258 31.3594 -90.3398 11.0938 -17.3633 46.0586 82.8867 -9.82813 43.3359 82.8203 10.7227 39.4414 84.5664 31.7148 39.0469 82.2656 10.625 48.3555 83.1719 -2.75 52.1484 81.457 -11.3242 53.2578 80.16801 -38.8164 -27.7031 -84.91801 -43.457 -28.4023 -81.1563 -22.1406 -45.9883 -82.9922 -23.5 -50.2617 -78.8281 -10.9766 -54.2578 -79.582 -9.80859 -60.3203 -74.6563 49.957 67.3242 -60.5273 52.668 55.4609 -58.8125 52.7852 70.0234 -55.0391 55.5 60.6914 -50.4766 50.6406 77.4688 -47.9375 56.6914 66.6133 -40.6875 76.2695 -5.91016 65.6484 79.6484 -0.460938 56.2461 74.7461 -20.0977 60.2148 82.832 -19.7578 47.5742 72.0469 -30.3594 58.2656 82.3359 -42.7148 33.6016 86.8984 -38.543 23.6016 67.3945 56.1367 -44.4922 78.125 33.4219 -47.9805 79.54301 47.1875 -32.082 86.4375 32.1641 -32.4727 85.8438 41.3164 -23.0039 92.9336 22.4883 -22.5508 63.668 54.082 -50.6445 78.125 33.4219 -47.9805 70.1563 30.0898 -60.4844 74.8086 14.293 -60.8047 59.8203 22.9609 -73.16801 -33.4922 97.6445 -2.96875 -26.4023 92.4609 -5.37109 -33.1133 95.5117 15.4727 -22.3672 91.8398 18.3984 -32.6523 94.0039 26.7852 -25.4336 88.2852 28.7617 -60.418 -20.0078 78.0977 -63.5195 -19.1602 69.9961 -60.1484 -16.1719 79.1953 -64.1992 -11.8867 71.0078 -49.5508 -7.84766 84.0234 -44.3242 -3.01172 82.2266 -47.3555 -39.2539 -80.7695 -43.457 -28.4023 -81.1563 -55.3242 -38.2773 -76.1836 -56.4336 -26.6758 -73.4609 -63.875 -43.7422 -66.375 -66.1289 -37.0391 -59.6055 -38.2383 86.4922 -27.0547 -35.9219 87.1445 -19.8008 -49.6523 78.9219 -29.8789 -54.5938 76.4219 -22.0039 -59.6289 72.04301 -31.1836 -62.1328 69.3828 -25.0898 -27.1758 -90.8594 -38.2656 -25.4414 -97.8203 -15.7891 -7.87891 -101.762 -8.86719 -46.0156 -69.8867 -58.7109 -34.9609 -76.0078 -60.3828 -45.582 -55.9805 -71.6602 -28.2148 -67.4648 -70.9336 -32.5898 -55.6133 -78.5625 63.3164 -4.10547 78.3164 61.9531 2.24609 73.91801 66.1875 -6.5625 75.7461 68.3242 -2.75 68.0781 68.4414 -19.6367 65.0508 -55.3242 -38.2773 -76.1836 -63.875 -43.7422 -66.375 -56.5859 -55.9688 -63.832 -91.3867 44.1445 13.7656 -95.5898 35.6563 9.035161 -88.3203 50.1484 -13.2539 -97.6094 30.1523 -7.32813 -98.2344 25.0586 -19.5234 -28.6797 18.9063 -90.0195 -27.1875 10.6172 -91.7617 -9.57422 1.82031 -96.4961 68.4102 -66.0352 -23.3242 57.3477 -79.6484 0.859375 75.8516 -61.9063 -6.50391 59.3281 -78.4102 5.30469 68.7422 -70.9297 11.0664 66.7656 -45.7813 62.8086 78.1016 -55.8477 36.5703 75.4531 -64.0977 26.3867 47.5547 -89.2539 15.3203 37.9023 -93.0625 18.4688 30.9531 -90.1992 38.2344 -95.6719 -10.7852 -5.95313 -92.5586 -26.0625 -7.10156 -98.2383 -22.4297 -18.168 -88.5781 -35.3711 -13.9141 -90.3477 -33.4258 -30.5977 -79.3672 14.4648 62.9453 -80.3906 -6.12891 63.3203 -81.9375 -17.7344 58.9258 25.0586 -22.8281 -94.6328 29.8164 -12.4609 -94.1836 -44.3242 -3.01172 82.2266 -32.7148 -28.2266 81.2813 -37.9258 -24.2227 85.1875 -51.1563 16.8828 -85.5664 -38.0195 26.3555 -84.4961 -50.7852 32.8008 -79.8164 -40.2461 37.5234 -79.125 -45.1992 42.9141 -73.5703 79.8594 39.6992 51.7266 77.4961 38.0508 42.7852 82.1602 26.043 55.3008 82.7695 21.9063 44.1797 80.6797 11.8203 51.418 -102.039 -9.35547 1.36719 -101.777 9.01953 -2.36328 -100.656 18.207 3.21094 -98.2383 -22.4297 -18.168 -90.3477 -33.4258 -30.5977 -77.0156 -33.6563 -57.0664 -85.6875 29.0078 -33.0898 -92.7109 17.668 -19.5664 -96.5078 15.4922 -27.8828 -95.3711 10.293 -10.2344 -100.48 -0.613281 -17.7344 -1.71484 -33.1523 90.5313 4.12109 -27.3633 87.5898 29.7969 -33.3594 84.1211 91.3281 48.8867 4.18359 93.4805 41.1406 -7.65625 96.9883 29.7656 13.9375 100.258 22.9453 -10.082 101.613 13.2734 0.191406 -102.039 -9.35547 1.36719 -95.6719 -10.7852 -5.95313 -95.3711 10.293 -10.2344 -85.9336 35.2695 34.1914 -86.4961 30.3242 29.7383 -84.6953 42.3789 28.5 -43.457 -28.4023 -81.1563 -47.3555 -39.2539 -80.7695 -23.5 -50.2617 -78.8281 -32.5898 -55.6133 -78.5625 -28.2148 -67.4648 -70.9336 -75.1289 69.9297 10.918 -74.1563 60.6719 10.5625 -64.8945 78.2578 -12.3828 -63.7422 70.2305 -17.7148 -54.5938 76.4219 -22.0039 87.1289 11.4414 39.5391 94.9453 16 37.5156 93.9375 5.63672 20.9688 99.2891 12.5195 21.7578 101.613 13.2734 0.191406 90.7344 -34.0508 14.8086 33.6914 95.0938 -14.9492 29.5234 97.8555 4.25 27 95.4766 24.832 -14.4883 99.8125 17.4648 -17.4805 100.805 -4.03906 -18.4922 98.37501 -21.043 -80.7969 50.793 -39.3008 -72.7109 47.1836 -42.2578 -74.0742 66.6992 -23.6289 -62.1328 69.3828 -25.0898 -63.7422 70.2305 -17.7148 61.8477 72.7813 -33.3516 66.4609 67.6563 -34.6172 80.9648 58.6641 -22.2031 -17.6523 86.9258 -41.5859 -10.4727 87.7344 -38.1953 -28.25 87.582 -33.0781 -23 90.1875 -24.6289 -35.9219 87.1445 -19.8008 41.0078 65.5078 -69.6016 49.957 67.3242 -60.5273 52.7852 70.0234 -55.0391 4.57422 94.5234 -41.8867 1.48828 92.4023 -47.2578 5.09375 86.5078 -57.6836 -73.9648 -49.1563 44.0859 -79.3047 -37.6523 45.5977 -72.5664 -27.2617 61.0078 19.9805 -95.0586 13.4258 7.21484 -97.2656 10.9023 -90.0859 -38.6094 38.5977 -85.7773 -50.7773 34.7266 -95.1563 -43.5859 14.8945 -82.1406 -60.4805 26.4375 -94.1602 -47.6133 -2.08203 -97.6406 -39.6563 -5.32422 -101.723 -31.5156 -4.32422 -101.313 -28.5391 6.16016 91.1484 25.1211 41.5625 86.3477 38.3672 39.3438 87.5273 44.375 29.1367 -72.7031 60.5273 28.6875 -60.2461 67.1328 38.2266 -71.6484 46.8555 46.8633 -58.2891 66.7695 42.6484 -59.125 56.3555 53.5469 -25.3008 46.8945 85.4492 -28.3906 42.4063 86.7852 -39.1172 46.2734 80.41801 -35.4883 32.7031 88.332 -51.2656 32.375 80.3906 -27.0977 92.2188 39.3477 -21.7266 90.8672 45.3555 -39.8516 78.3633 55.8242 -31.0313 72.7578 67.5313 -37.082 69.9258 67.6094 -46.3359 65.3359 66.4102 -52.6992 67.4141 59.2109 -52.5703 76.6172 46.6797 18.2617 -85.0234 53.9648 10.5781 -87.2695 52.3867 2.52344 -78.1406 66.2617 -11.7891 -87.2891 52.0898 -13.1133 -75.7891 67.7266 -65.9063 -0.640625 71.4688 -65.9805 14.3125 70.0898 -54.5703 9.64844 79.3945 -54.582 19.5703 77.7188 -38.7383 20.6055 86.1406 -40.0391 11.375 87.2617 -48.7188 0.855469 82.7969 -63.8398 -4.01563 73.25 -30.8477 45.6211 -85.0234 -8.722661 65.9805 -77.082 0.96875 70.7227 -72.9883 48.0938 -35.3359 81.0859 37.918 -28.332 82.29301 55.4648 -21.0469 81.3945 49.0391 -5.48828 82.2266 51.8828 -4.16406 80.5625 63.3164 -4.10547 78.3164 66.1875 -6.5625 75.7461 69.7578 -21.1367 71.9336 63.4102 -30.9609 71.9102 56.5273 -38.3164 74.0469 34.4844 -49.5781 76.8242 28.3594 -54.1836 77.9336 20.9648 -41.1133 86.7188 19.4453 -52.375 81.7617 6.95703 -47.0273 85.6211 3.89063 -36.6836 92.16801 10.3008 -33.4414 90.0977 29.7969 -33.3594 84.1211 44.3398 50.8125 -68.9102 41.0078 65.5078 -69.6016 20.4102 63.2266 -69.9141 23.707 75.2461 -68.6055 8.17969 81.1641 -65.6563 55.7344 8.96875 86.3438 45.7891 19.0703 89.5781 42.8398 30.6406 87.7813 73.2852 44.8086 55.8125 79.8594 39.6992 51.7266 82.1602 26.043 55.3008 94.832 -15.0547 -40.7109 93.1875 -32.6328 -33.7656 101.125 -17.3984 -19.957 93.6523 -38.2813 -25.582 97.70701 -35.0898 -11.2969 100.211 -29.0977 -4.62891 104.297 -6.10547 0.429688 103.918 0.667969 -10.9063 -60.418 -20.0078 78.0977 -60.1484 -16.1719 79.1953 -48.5742 -29.5391 83.0898 -49.5508 -7.84766 84.0234 -37.9258 -24.2227 85.1875 -60.4531 77.457 28.8984 -71.5977 71.2422 21.3164 -75.1289 69.9297 10.918 -41.793 93.0078 -15.5547 -33.4922 97.6445 -2.96875 -33.1133 95.5117 15.4727 -10.4727 87.7344 -38.1953 -17.6523 86.9258 -41.5859 -7.41797 79.3828 -53.9805 -18.3633 80.1758 -52.3906 -21.2539 70.0195 -64.4414 -88.5781 -35.3711 -13.9141 -81.7305 -43.8086 -26.2109 -90.3477 -33.4258 -30.5977 -73.9883 -42.2227 -45.0703 -77.0156 -33.6563 -57.0664 -18.3633 80.1758 -52.3906 -17.6523 86.9258 -41.5859 -56.4336 -26.6758 -73.4609 -67.7656 -18.5625 -73.2109 -66.1289 -37.0391 -59.6055 -77.0156 -33.6563 -57.0664 25.3867 -67.0508 -64.4961 32.2969 -63.8945 -70.9102 14.8281 -50.1758 -81 27.75 -51.2734 -84.12501 25.0586 -22.8281 -94.6328 -63.6875 -60.1133 -50.4922 -76.707 -51.6914 -41.0273 94.832 -15.0547 -40.7109 85.62501 -12.5039 -42.4023 81.8125 -35.043 -36.8633 59.793 52.0156 -57.5195 60.4648 42.3867 -63.5039 47.9141 0.53125 76.1641 44.5977 -1.01172 78.1016 51.8828 -4.16406 80.5625 49.0391 -5.48828 82.2266 -94.1602 -47.6133 -2.08203 -83.5195 -47.8438 -6.18359 -97.6406 -39.6563 -5.32422 -88.5781 -35.3711 -13.9141 -88.5781 -35.3711 -13.9141 -92.5586 -26.0625 -7.10156 -97.6406 -39.6563 -5.32422 -101.723 -31.5156 -4.32422 -101.313 -28.5391 6.16016 -94.2109 -20.1797 3.92578 -101.313 -28.5391 6.16016 -94.2109 -20.1797 3.92578 -90.0859 -38.6094 38.5977 -80.87501 -33.2852 40.543 -13.1133 -75.7891 67.7266 -11.7891 -87.2891 52.0898 -19 -68.79301 64.8633 -17.207 -84.6211 42.5547 -13.1133 -75.7891 67.7266 -19 -68.79301 64.8633 3.74219 -61.0898 82.2734 1.9375 -49.6367 82.6914 1.9375 -49.6367 82.6914 16.8008 -57.5391 75.5586 3.74219 -61.0898 82.2734 11.0703 -65.7539 77.8867 20.2578 -73.875 68.0742 25.4492 -67.0078 64.5195 20.2578 -73.875 68.0742 25.4492 -67.0078 64.5195 18.2617 -85.0234 53.9648 22.2695 -81.1445 46.8398 50.9922 45.3672 -68.1016 44.3398 50.8125 -68.9102 46.3867 46.8594 -77.1563 40.5859 51.6055 -77.8555 20.4102 63.2266 -69.9141 19.7227 62.4258 -78.7266 0.96875 70.7227 -72.9883 -1.09766 72.7422 -63.3242 39.9492 40.5703 86.1484 31.7148 39.0469 82.2656 48.5742 55.8594 70.8555 40.625 60.4492 63.2422 53.0898 56.9102 66.6953 48.5742 55.8594 70.8555 46.9727 60.1055 59.0742 40.625 60.4492 63.2422 46.9727 60.1055 59.0742 71.6289 45.5469 45.6758 53.0898 56.9102 66.6953 73.2852 44.8086 55.8125 79.8594 39.6992 51.7266 77.4961 38.0508 42.7852 80.6797 11.8203 51.418 82.6367 16.832 59.2539 55.7344 8.96875 86.3438 45.7891 19.0703 89.5781 -77.0977 37.3555 -44.5195 -84.62501 42.2227 -41.2734 -63.7422 70.2305 -17.7148 -72.9766 70.8828 -17.9063 -90.1641 29.7188 16.7422 -94.0859 20.832 -3.83594 -95.5898 35.6563 9.035161 -97.6094 30.1523 -7.32813 -98.2344 25.0586 -19.5234 -92.7109 17.668 -19.5664 -92.7109 17.668 -19.5664 -85.6875 29.0078 -33.0898 -98.2344 25.0586 -19.5234 -92.1094 34.9492 -31.3086 -84.62501 42.2227 -41.2734 -77.0977 37.3555 -44.5195 -59.6289 72.04301 -31.1836 -62.1328 69.3828 -25.0898 -66.2773 55.707 -45.4922 -72.7109 47.1836 -42.2578 47.9141 0.53125 76.1641 -100.762 -17.5469 9.97656 -89.1367 -28.9688 41.9023 -94.2109 -20.1797 3.92578 -80.87501 -33.2852 40.543 -100.762 -17.5469 9.97656 -94.2109 -20.1797 3.92578 -102.039 -9.35547 1.36719 -95.6719 -10.7852 -5.95313 -69.6602 16.5352 64.6797 -70.8398 -7.08203 65.1133 -79.3672 14.4648 62.9453 -80.3906 -6.12891 63.3203 -81.9375 -17.7344 58.9258 -72.6133 -20.3984 60.0703 -89.1367 -28.9688 41.9023 -81.9375 -17.7344 58.9258 -80.87501 -33.2852 40.543 -72.6133 -20.3984 60.0703 -72.1094 23.8164 62.4492 -61.1016 31.8008 68.625 -69.6602 16.5352 64.6797 -53.707 26.2969 75.5938 -69.6602 16.5352 64.6797 -72.1094 23.8164 62.4492 -47.2305 -71.6094 43.7734 -62.7852 -63 37.3203 -52.375 -68.4492 48.0039 -64.5898 -61.6055 43.1172 -74.2539 -47.8125 38.5938 -73.9648 -49.1563 44.0859 -79.3047 -37.6523 45.5977 -80.87501 -33.2852 40.543 -80.87501 -33.2852 40.543 -72.6133 -20.3984 60.0703 -79.3047 -37.6523 45.5977 -72.5664 -27.2617 61.0078 -65.5352 -26.293 68.582 -63.5195 -19.1602 69.9961 -50.4766 -38.2344 75.1445 -65.5352 -26.293 68.582 -44.7734 -33.9648 78.2617 -63.5195 -19.1602 69.9961 -30.5195 -90.9922 7.65625 -22.1211 -94.582 12.9844 -12.3594 -95.6211 -1.50781 -12.2227 -97.3008 5.57422 -24.4258 -90.7422 27.2852 -22.1211 -94.582 12.9844 -32.9844 -85.7188 29.0195 -30.5195 -90.9922 7.65625 -13.6484 -89.3711 37.25 -24.4258 -90.7422 27.2852 -17.207 -84.6211 42.5547 -32.9844 -85.7188 29.0195 -17.207 -84.6211 42.5547 -13.6484 -89.3711 37.25 31.3594 -90.3398 11.0938 11.668 -95.582 5.08984 19.9805 -95.0586 13.4258 7.21484 -97.2656 10.9023 -12.2227 -97.3008 5.57422 -12.3594 -95.6211 -1.50781 6.95703 -47.0273 85.6211 19.4453 -52.375 81.7617 1.9375 -49.6367 82.6914 16.8008 -57.5391 75.5586 6.95703 -47.0273 85.6211 1.9375 -49.6367 82.6914 3.89063 -36.6836 92.16801 -1.71484 -33.1523 90.5313 29.7969 -33.3594 84.1211 33.4922 -28.3594 73.6406 35.9648 -42.8867 80.2188 42.0742 -41.375 76.1797 35.9648 -42.8867 80.2188 42.0742 -41.375 76.1797 34.4844 -49.5781 76.8242 41.3359 -50.875 70.6914 28.3594 -54.1836 77.9336 34.4844 -49.5781 76.8242 30.2813 -58.6055 70.332 41.3359 -50.875 70.6914 28.3594 -54.1836 77.9336 30.2813 -58.6055 70.332 82.3359 -42.7148 33.6016 77.4727 -47.6563 31.8594 72.0469 -30.3594 58.2656 64.4688 -36.1055 61.957 64.4688 -36.1055 61.957 68.4414 -19.6367 65.0508 72.0469 -30.3594 58.2656 74.7461 -20.0977 60.2148 76.2695 -5.91016 65.6484 68.3242 -2.75 68.0781 68.3242 -2.75 68.0781 71.1289 5.67188 64.9375 76.2695 -5.91016 65.6484 79.6484 -0.460938 56.2461 84.7305 5.32813 49.3789 80.6797 11.8203 51.418 80.6797 11.8203 51.418 84.7305 5.32813 49.3789 93.6367 -28.6211 10.4063 96.4609 -8.46875 15.6914 91.6758 -29.7656 2.70313 96.2148 -1.96875 6.85938 91.6758 -29.7656 2.70313 87.7031 -39.5313 6.57422 93.6367 -28.6211 10.4063 90.7344 -34.0508 14.8086 83.4688 -44.3359 14.6016 86.8984 -38.543 23.6016 82.3359 -42.7148 33.6016 77.4727 -47.6563 31.8594 -27.1875 10.6172 -91.7617 -28.6797 18.9063 -90.0195 -36.2656 6.78125 -88.9609 -40.3398 13.9688 -86.3828 -40.3398 13.9688 -86.3828 -45.6953 -3.04688 -84.8164 -36.2656 6.78125 -88.9609 -40.7227 -7.28516 -87.6445 -44.2383 -17.9766 -84.5195 -50.207 -16.2461 -80.6523 -50.207 -16.2461 -80.6523 -44.2383 -17.9766 -84.5195 -22.3711 -88.1484 46.8672 -24.5703 -77.3633 62.4961 -17.207 -84.6211 42.5547 -19 -68.79301 64.8633 -22.3711 -88.1484 46.8672 -17.207 -84.6211 42.5547 -34.5117 -87.5898 40.1328 -32.9844 -85.7188 29.0195 -43.3164 -77.6758 50.9063 -34.5117 -87.5898 40.1328 -47.2305 -71.6094 43.7734 -32.9844 -85.7188 29.0195 -43.3164 -77.6758 50.9063 -47.2305 -71.6094 43.7734 -37.8281 -74.0859 59.8672 -38.7656 -61.1055 63.7734 -24.5703 -77.3633 62.4961 -37.8281 -74.0859 59.8672 -19 -68.79301 64.8633 -38.7656 -61.1055 63.7734 52.6523 19.7891 -78.2734 70.5508 4.10938 -65.6875 59.8203 22.9609 -73.16801 74.8086 14.293 -60.8047 85.3945 5.88281 -47.1367 82.7383 -2.55469 -49.418 82.7383 -2.55469 -49.418 85.3945 5.88281 -47.1367 92.9336 22.4883 -22.5508 93.2188 19.4102 -15.0586 85.8438 41.3164 -23.0039 84.4844 44.3477 -13.8047 84.4844 44.3477 -13.8047 77.9023 51.3789 -24.1758 85.8438 41.3164 -23.0039 79.54301 47.1875 -32.082 67.3945 56.1367 -44.4922 61.9805 60.7344 -42.1367 52.668 55.4609 -58.8125 50.9922 45.3672 -68.1016 59.793 52.0156 -57.5195 60.4648 42.3867 -63.5039 59.8203 22.9609 -73.16801 52.6523 19.7891 -78.2734 -26.5508 -31.0586 92.9727 -37.4531 -39.7109 85.1172 -32.7148 -28.2266 81.2813 -44.7734 -33.9648 78.2617 -29.2734 25.6211 88.1328 -38.7383 20.6055 86.1406 -5.84375 -52.4492 88.3203 -5.85156 -38.4375 94.8203 1.9375 -49.6367 82.6914 -1.71484 -33.1523 90.5313 -5.84375 -52.4492 88.3203 1.9375 -49.6367 82.6914 -21.8203 -68.4688 76.1875 -19 -68.79301 64.8633 -21.8203 -68.4688 76.1875 -19 -68.79301 64.8633 -34.7695 -60.8164 76.5039 -38.7656 -61.1055 63.7734 -38.7656 -61.1055 63.7734 -41.0898 -48.6484 72.3633 -34.7695 -60.8164 76.5039 -37.4531 -39.7109 85.1172 -48.7188 0.855469 82.7969 -44.3242 -3.01172 82.2266 -63.8398 -4.01563 73.25 -64.1992 -11.8867 71.0078 -63.8398 -4.01563 73.25 -64.1992 -11.8867 71.0078 -65.9063 -0.640625 71.4688 -70.8398 -7.08203 65.1133 -65.9805 14.3125 70.0898 -65.9063 -0.640625 71.4688 -69.6602 16.5352 64.6797 -70.8398 -7.08203 65.1133 -69.6602 16.5352 64.6797 -53.707 26.2969 75.5938 -65.9805 14.3125 70.0898 -54.582 19.5703 77.7188 -38.7383 20.6055 86.1406 -29.2734 25.6211 88.1328 -19.0039 60.7422 73.7188 -11.3242 53.2578 80.16801 -25.5313 56.1758 74.0859 -17.3633 46.0586 82.8867 -25.5313 56.1758 74.0859 -24.7383 65.6484 66.1797 -19.0039 60.7422 73.7188 -14.5117 67.7266 68.2461 -4.32813 86.3047 45.332 -11.5859 87.2734 38.9219 -4.32813 86.3047 45.332 -11.5859 87.2734 38.9219 -0.96875 88.1406 41.9961 -3.56641 90.6641 32.207 -46.8711 -78.9805 -43.1953 -38.2891 -94.1797 -10.3516 -36.2227 -77.7891 -43.8711 -29.9258 -90.9727 -9.88672 -38.8047 -94.1992 4.94141 -30.5195 -90.9922 7.65625 -46.8711 -78.9805 -43.1953 -43.3164 -69.2656 -51.25 -63.6875 -60.1133 -50.4922 -59.0547 -51.8789 -55.9258 -76.707 -51.6914 -41.0273 -63.6875 -60.1133 -50.4922 -73.9883 -42.2227 -45.0703 -59.0547 -51.8789 -55.9258 -73.9883 -42.2227 -45.0703 -81.7305 -43.8086 -26.2109 -76.707 -51.6914 -41.0273 -83.4492 -53.0664 -24.5859 -40.9609 -89.6094 23.5664 -53.3828 -77.3164 36.4258 -32.9844 -85.7188 29.0195 -47.2305 -71.6094 43.7734 -40.9609 -89.6094 23.5664 -32.9844 -85.7188 29.0195 -66.1289 -37.0391 -59.6055 -59.0547 -51.8789 -55.9258 -63.875 -43.7422 -66.375 -56.5859 -55.9688 -63.832 -46.0156 -69.8867 -58.7109 -43.3164 -69.2656 -51.25 -46.0156 -69.8867 -58.7109 -43.3164 -69.2656 -51.25 -34.9609 -76.0078 -60.3828 -29.3711 -74.6406 -53.4453 -28.2148 -67.4648 -70.9336 -34.9609 -76.0078 -60.3828 -19.1211 -67.4531 -66.2305 -29.3711 -74.6406 -53.4453 96.2148 -1.96875 6.85938 96.0859 6.31641 -5.91797 104.297 -6.10547 0.429688 103.918 0.667969 -10.9063 100.961 3.23828 -26.2305 93.2227 9.51172 -22.6094 93.2227 9.51172 -22.6094 87.7344 -1.87891 -39.8516 100.961 3.23828 -26.2305 97.9531 -5.51953 -35.6992 94.832 -15.0547 -40.7109 85.62501 -12.5039 -42.4023 100.211 -29.0977 -4.62891 91.6758 -29.7656 2.70313 104.297 -6.10547 0.429688 96.2148 -1.96875 6.85938 -58.3594 -8.17969 -83 -67.7656 -18.5625 -73.2109 -50.207 -16.2461 -80.6523 -56.4336 -26.6758 -73.4609 -50.207 -16.2461 -80.6523 -45.6953 -3.04688 -84.8164 -58.3594 -8.17969 -83 -51.1563 16.8828 -85.5664 -40.3398 13.9688 -86.3828 -45.1992 42.9141 -73.5703 -61.4531 43.3906 -60.293 -54.6094 39.3984 -77.0898 -69.0977 36.5117 -63.875 -86.6406 29.0156 -44.6523 -77.0977 37.3555 -44.5195 -86.6406 29.0156 -44.6523 -100.48 -0.613281 -17.7344 38.9102 68.2305 55.9961 29.5547 81.5938 41.7734 46.3477 74.1875 50.9336 41.5508 86.6055 34.4531 80.9648 58.6641 -22.2031 66.4609 67.6563 -34.6172 77.9023 51.3789 -24.1758 61.9805 60.7344 -42.1367 -21.7266 90.8672 45.3555 -27.0977 92.2188 39.3477 -11.5859 87.2734 38.9219 -25.4336 88.2852 28.7617 -31.0313 72.7578 67.5313 -21.7266 90.8672 45.3555 -24.7383 65.6484 66.1797 -11.5859 87.2734 38.9219 -24.7383 65.6484 66.1797 -31.332 60.2656 68.4531 -31.0313 72.7578 67.5313 -37.082 69.9258 67.6094 -46.3359 65.3359 66.4102 -45.4375 55.7617 64.2578 -52.6992 67.4141 59.2109 -46.3359 65.3359 66.4102 -52.7656 58.0586 56.082 -45.4375 55.7617 64.2578 -52.5703 76.6172 46.6797 -52.6992 67.4141 59.2109 -51.9336 69.8164 40.6328 -52.7656 58.0586 56.082 -51.9336 69.8164 40.6328 -48.6797 74.7852 36.8086 -52.5703 76.6172 46.6797 -46.3242 81.5391 45.0273 -27.0977 92.2188 39.3477 -25.4336 88.2852 28.7617 44.3398 50.8125 -68.9102 41.0078 65.5078 -69.6016 56.6914 66.6133 -40.6875 37.7578 83.207 -30.418 50.6406 77.4688 -47.9375 36.6445 88.2773 -41.7813 29.9688 92.0547 -38.2188 29.1211 88.0469 -25.8477 29.9688 92.0547 -38.2188 29.1211 88.0469 -25.8477 4.57422 94.5234 -41.8867 -6.4375 91.3516 -29.7344 1.48828 92.4023 -47.2578 4.57422 94.5234 -41.8867 -10.4727 87.7344 -38.1953 -6.4375 91.3516 -29.7344 -10.4727 87.7344 -38.1953 -7.41797 79.3828 -53.9805 1.48828 92.4023 -47.2578 5.09375 86.5078 -57.6836 8.17969 81.1641 -65.6563 -1.09766 72.7422 -63.3242 31.3594 -90.3398 11.0938 23.3906 -87.0586 33.7695 37.9023 -93.0625 18.4688 30.9531 -90.1992 38.2344 30.2813 -58.6055 70.332 41.3359 -50.875 70.6914 36.9609 -65.3945 70.1094 52.3125 -54.957 68.9648 52.3125 -54.957 68.9648 54.4492 -42.3906 67.3438 66.7656 -45.7813 62.8086 64.4688 -36.1055 61.957 78.1016 -55.8477 36.5703 66.7656 -45.7813 62.8086 77.4727 -47.6563 31.8594 64.4688 -36.1055 61.957 75.4531 -64.0977 26.3867 78.1016 -55.8477 36.5703 73.0898 -59.0078 21.8164 77.4727 -47.6563 31.8594 -53.707 26.2969 75.5938 -51.8516 49.6523 64.4023 -51.2656 32.375 80.3906 -48.457 49.1953 73.3438 -46.8672 56.6016 71.4063 -45.4375 55.7617 64.2578 -30.9844 55.832 77.9063 -25.5313 56.1758 74.0859 -25.3008 46.8945 85.4492 -17.3633 46.0586 82.8867 -17.3633 46.0586 82.8867 -25.3008 46.8945 85.4492 -51.2656 32.375 80.3906 -35.4883 32.7031 88.332 -53.707 26.2969 75.5938 -29.2734 25.6211 88.1328 -48.5742 -29.5391 83.0898 -37.9258 -24.2227 85.1875 -44.7734 -33.9648 78.2617 -32.7148 -28.2266 81.2813 -48.5742 -29.5391 83.0898 -44.7734 -33.9648 78.2617 -60.418 -20.0078 78.0977 -63.5195 -19.1602 69.9961 78.5195 -53.375 -28.1094 82.8203 -48.5313 -24.3984 75.9844 -48.7305 -33.7734 81.6914 -42.2266 -28.7695 68.4102 -66.0352 -23.3242 78.5195 -53.375 -28.1094 66.1914 -61.8672 -33.0469 75.9844 -48.7305 -33.7734 60.2852 -70.6211 -25.9805 68.4102 -66.0352 -23.3242 57.3477 -79.6484 0.859375 59.3281 -78.4102 5.30469 57.3477 -79.6484 0.859375 52.4922 -79.4375 8.82422 49.6953 -82.5 -0.804688 52.4922 -79.4375 8.82422 64.043 -70.3203 15.9258 59.3281 -78.4102 5.30469 68.7422 -70.9297 11.0664 76.0547 -61.9297 15.6484 73.0898 -59.0078 21.8164 83.7422 -50.4688 7.01563 76.0547 -61.9297 15.6484 83.4688 -44.3359 14.6016 73.0898 -59.0078 21.8164 87.7031 -39.5313 6.57422 83.7422 -50.4688 7.01563 88.3828 -45.0195 -5.23828 88.3828 -45.0195 -5.23828 88.4844 -38.0078 -4.87109 77.4961 38.0508 42.7852 77.2617 46.2461 34.3281 86.3477 38.3672 39.3438 87.5273 44.375 29.1367 91.3281 48.8867 4.18359 82.9805 49.168 1.30859 91.3281 48.8867 4.18359 82.9805 49.168 1.30859 93.4805 41.1406 -7.65625 84.4844 44.3477 -13.8047 100.258 22.9453 -10.082 93.4805 41.1406 -7.65625 93.2188 19.4102 -15.0586 84.4844 44.3477 -13.8047 101.613 13.2734 0.191406 100.258 22.9453 -10.082 96.0859 6.31641 -5.91797 93.2188 19.4102 -15.0586 47.9141 0.53125 76.1641 51.8828 -4.16406 80.5625 54.4492 -42.3906 67.3438 42.0742 -41.375 76.1797 56.5273 -38.3164 74.0469 48.0938 -35.3359 81.0859 37.918 -28.332 82.29301 33.4922 -28.3594 73.6406 54.8789 -69.5078 -38.2227 66.1914 -61.8672 -33.0469 57.9141 -66.5117 -46.6836 68.4336 -60.6758 -46.1563 77.2734 -49.5156 -43.5391 75.9844 -48.7305 -33.7734 75.9844 -48.7305 -33.7734 81.8125 -35.043 -36.8633 77.2734 -49.5156 -43.5391 82.3203 -28.1875 -51.7773 82.3203 -28.1875 -51.7773 85.62501 -12.5039 -42.4023 83.1641 -9.25781 -57.1797 82.7383 -2.55469 -49.418 82.7383 -2.55469 -49.418 70.5508 4.10938 -65.6875 83.1641 -9.25781 -57.1797 72.5352 -3.44531 -71.3594 43.7305 3.97266 -85.8008 48.3984 -7.95703 -88.9922 29.8164 -12.4609 -94.1836 22.1133 -6.46875 -93.6133 22.1133 -6.46875 -93.6133 16.0898 -18.1172 -92.3789 29.8164 -12.4609 -94.1836 -71.5977 71.2422 21.3164 -70.1055 62.1758 22.4922 -75.1289 69.9297 10.918 -74.1563 60.6719 10.5625 -58.0742 83.6602 -17.4727 -41.793 93.0078 -15.5547 -35.9219 87.1445 -19.8008 -41.793 93.0078 -15.5547 -52.9141 82.2344 33.7969 -32.6523 94.0039 26.7852 -48.6797 74.7852 36.8086 -25.4336 88.2852 28.7617 -48.6797 74.7852 36.8086 -54.793 70.375 34.3477 -52.9141 82.2344 33.7969 -60.4531 77.457 28.8984 -71.5977 71.2422 21.3164 -70.1055 62.1758 22.4922 -64.1992 -11.8867 71.0078 -63.5195 -19.1602 69.9961 -70.8398 -7.08203 65.1133 -72.6133 -20.3984 60.0703 -11.5859 87.2734 38.9219 -25.4336 88.2852 28.7617 -3.56641 90.6641 32.207 -22.3672 91.8398 18.3984 -51.1563 16.8828 -85.5664 -58.3594 -8.17969 -83 -67.7656 -18.5625 -73.2109 -84.9883 57.1367 12.8516 -82.0547 62.5508 6.74219 -72.9766 70.8828 -17.9063 -74.0742 66.6992 -23.6289 -80.7969 50.793 -39.3008 -84.62501 42.2227 -41.2734 -92.1094 34.9492 -31.3086 -47.3555 -39.2539 -80.7695 0.25 -72.0508 -72.875 7.17969 -70.5391 -73.9844 21.6836 -77.8008 -62.9219 40.9961 -81.6914 -45.3906 57.582 -80.7422 -25.3633 71.5156 58.6953 44.0234 79.7734 55.0156 32.043 84.7539 57.5586 3.25391 6.78906 -10.2227 -96.1953 9.53125 -19.5547 -93.7852 75.8516 -61.9063 -6.50391 78.5195 -53.375 -28.1094 82.8203 -48.5313 -24.3984 50.6406 77.4688 -47.9375 88.3828 -45.0195 -5.23828 83.7422 -50.4688 7.01563 76.0547 -61.9297 15.6484 -12.2227 -97.3008 5.57422 29.9766 -85.0391 49.6289 49.5625 -70.0469 56.1328 32.75 -72.7188 65.04301 77.2734 -49.5156 -43.5391 82.3203 -28.1875 -51.7773 94.9453 16 37.5156 99.2891 12.5195 21.7578 37.918 -28.332 82.29301 33.4922 -28.3594 73.6406 83.1641 -9.25781 -57.1797 -77.3086 53.6875 27.1953 -84.6953 42.3789 28.5 -85.9336 35.2695 34.1914 -72.1094 23.8164 62.4492 -61.1016 31.8008 68.625 -59.1602 48.7813 60.1797 -5.84375 -52.4492 88.3203 -22.6992 -50.7695 86.0781 -5.85156 -38.4375 94.8203 -26.5508 -31.0586 92.9727 -30.9844 55.832 77.9063 -36.2617 55.8516 75.5859 -46.8672 56.6016 71.4063 -48.457 49.1953 73.3438 -37.4531 -39.7109 85.1172 -22.6992 -50.7695 86.0781 -34.7695 -60.8164 76.5039 -21.8203 -68.4688 76.1875 -43.3164 -77.6758 50.9063 -37.8281 -74.0859 59.8672 -34.5117 -87.5898 40.1328 -22.3711 -88.1484 46.8672 -46.3242 81.5391 45.0273 -23.0742 23.7891 -96.2617 -31.2148 30.2852 -91.4492 20.2578 -73.875 68.0742 11.0703 -65.7539 77.8867 3.74219 -61.0898 82.2734 -33.1563 40.0234 -86.7695 -65.5352 -26.293 68.582 87.4648 7.78906 -42.9023 85.3945 5.88281 -47.1367 -2.75 52.1484 81.457 10.625 48.3555 83.1719 23.4375 48.0977 80.6875 30.582 66.832 63.7852 30.9492 70.6172 59.582 24.0938 80.04301 50.2422 15.1523 85.8555 44.6875 91.1875 16.1211 -31.6367 31.7148 39.0469 82.2656 3.89063 -36.6836 92.16801 10.3008 -33.4414 90.0977 7.17969 -70.5391 -73.9844 4.40234 -58.7109 -76.4492 0.25 -72.0508 -72.875 -9.80859 -60.3203 -74.6563 35.9648 -42.8867 80.2188 -9.80859 -60.3203 -74.6563 -19.1211 -67.4531 -66.2305 0.25 -72.0508 -72.875 -7.05469 -80.5938 -62.7539 -17.2656 -89.16801 -46.9922 -29.3711 -74.6406 -53.4453 -17.2656 -89.16801 -46.9922 -29.3711 -74.6406 -53.4453 -27.1758 -90.8594 -38.2656 -36.2227 -77.7891 -43.8711 39.9492 40.5703 86.1484 82.6367 16.832 59.2539 -25.4414 -97.8203 -15.7891 -27.1758 -90.8594 -38.2656 -29.9258 -90.9727 -9.88672 -36.2227 -77.7891 -43.8711 -29.9258 -90.9727 -9.88672 -12.3594 -95.6211 -1.50781 -25.4414 -97.8203 -15.7891 -7.87891 -101.762 -8.86719 11.668 -95.582 5.08984 21.8828 -99.1836 -0.851563 97.9531 -5.51953 -35.6992 100.961 3.23828 -26.2305 31.3594 -90.3398 11.0938 41.0508 -93.6523 2.17188 41.0156 -83.6797 8.68359 49.6953 -82.5 -0.804688 41.0508 -93.6523 2.17188 47.7734 -90.2109 -6.46484 57.582 -80.7422 -25.3633 60.2852 -70.6211 -25.9805 40.9961 -81.6914 -45.3906 57.582 -80.7422 -25.3633 60.2852 -70.6211 -25.9805 36.8555 86.4258 -17.6367 38.168 88.1719 6.01953 33.6914 95.0938 -14.9492 29.5234 97.8555 4.25 27 95.4766 24.832 33.3359 85.2422 29.8867 -58.332 51.7969 -58.6133 33.3359 85.2422 29.8867 16.5703 86.8984 37.9375 27 95.4766 24.832 14.4219 97.6289 26.9414 -3.97266 99.1055 25.2109 -3.56641 90.6641 32.207 -40.9609 -89.6094 23.5664 -53.3828 -77.3164 36.4258 -66.9375 -69.8008 30.8008 -3.97266 99.1055 25.2109 -3.56641 90.6641 32.207 -14.4883 99.8125 17.4648 -22.3672 91.8398 18.3984 -80.87501 -33.2852 40.543 -74.2539 -47.8125 38.5938 -90.0859 -38.6094 38.5977 -85.7773 -50.7773 34.7266 23.4375 48.0977 80.6875 -82.1406 -60.4805 26.4375 -69.2773 -58.6211 26.7305 -94.1602 -47.6133 -2.08203 -82.1406 -60.4805 26.4375 -83.5195 -47.8438 -6.18359 -69.2773 -58.6211 26.7305 -48.7188 0.855469 82.7969 -69.6602 16.5352 64.6797 -40.0391 11.375 87.2617 32.2969 -63.8945 -70.9102 -44.2383 -17.9766 -84.5195 -38.2383 86.4922 -27.0547 91.6758 -29.7656 2.70313 96.0859 6.31641 -5.91797 -10.9766 -54.2578 -79.582 46.3867 46.8594 -77.1563 69.7578 -21.1367 71.9336 12.625 -6.32813 -95.4102 -1.09766 72.7422 -63.3242 -95.5898 35.6563 9.035161 -23 90.1875 -24.6289 41.0156 -83.6797 8.68359 -49.5508 -7.84766 84.0234 10.3008 -33.4414 90.0977 77.9023 51.3789 -24.1758 -44.7734 -33.9648 78.2617 -44.7734 -33.9648 78.2617 -19.1211 -67.4531 -66.2305 49.6953 -82.5 -0.804688 -10.9766 -54.2578 -79.582 -7.41797 79.3828 -53.9805 -15 62.75 -68.7227 -1.09766 72.7422 -63.3242 -46.8711 -78.9805 -43.1953 -36.2227 -77.7891 -43.8711 -35.9219 87.1445 -19.8008 -54.6094 39.3984 -77.0898 -33.168 48.4805 -74.3242 -45.1992 42.9141 -73.5703 -40.2461 37.5234 -79.125 73.0898 -59.0078 21.8164 88.4844 -38.0078 -4.87109 -12.3594 -95.6211 -1.50781 -29.9258 -90.9727 -9.88672 -30.5195 -90.9922 7.65625 55.5 60.6914 -50.4766 61.9805 60.7344 -42.1367 56.6914 66.6133 -40.6875 77.9023 51.3789 -24.1758 84.4844 44.3477 -13.8047 82.9805 49.168 1.30859 66.1914 -61.8672 -33.0469 54.8789 -69.5078 -38.2227 60.2852 -70.6211 -25.9805 30.2813 -58.6055 70.332 25.4492 -67.0078 64.5195 16.8008 -57.5391 75.5586 93.9375 5.63672 20.9688 96.0859 6.31641 -5.91797 96.2148 -1.96875 6.85938 -43.457 -28.4023 -81.1563 -50.207 -16.2461 -80.6523 -56.4336 -26.6758 -73.4609 -38.0195 26.3555 -84.4961 -40.3398 13.9688 -86.3828 -28.6797 18.9063 -90.0195 16.0898 -18.1172 -92.3789 22.1133 -6.46875 -93.6133 12.625 -6.32813 -95.4102 -23 90.1875 -24.6289 -10.4727 87.7344 -38.1953 -6.4375 91.3516 -29.7344 -35.9219 87.1445 -19.8008 -23 90.1875 -24.6289 -26.4023 92.4609 -5.37109 50.9922 45.3672 -68.1016 52.668 55.4609 -58.8125 44.3398 50.8125 -68.9102 -94.2109 -20.1797 3.92578 -92.5586 -26.0625 -7.10156 -95.6719 -10.7852 -5.95313 52.4922 -79.4375 8.82422 49.6953 -82.5 -0.804688 41.0156 -83.6797 8.68359 11.543 -86.3906 40.8633 22.2695 -81.1445 46.8398 23.3906 -87.0586 33.7695 -72.9766 70.8828 -17.9063 -62.7852 -63 37.3203 -69.2773 -58.6211 26.7305 -74.2539 -47.8125 38.5938 77.4727 -47.6563 31.8594 83.4688 -44.3359 14.6016 73.0898 -59.0078 21.8164 14.8281 -50.1758 -81 4.40234 -58.7109 -76.4492 25.3867 -67.0508 -64.4961 -15 62.75 -68.7227 29.5547 81.5938 41.7734 16.5703 86.8984 37.9375 33.3359 85.2422 29.8867 52.6523 19.7891 -78.2734 43.7305 3.97266 -85.8008 70.5508 4.10938 -65.6875 -43.3164 -69.2656 -51.25 -36.2227 -77.7891 -43.8711 -29.3711 -74.6406 -53.4453 -19.1211 -67.4531 -66.2305 -9.80859 -60.3203 -74.6563 -23.5 -50.2617 -78.8281 -72.7109 47.1836 -42.2578 -77.0977 37.3555 -44.5195 -61.4531 43.3906 -60.293 -52.7656 58.0586 56.082 -45.4375 55.7617 64.2578 -51.8516 49.6523 64.4023 71.6289 45.5469 45.6758 77.2617 46.2461 34.3281 77.4961 38.0508 42.7852 82.7695 21.9063 44.1797 87.1289 11.4414 39.5391 80.6797 11.8203 51.418 42.0742 -41.375 76.1797 54.4492 -42.3906 67.3438 41.3359 -50.875 70.6914 91.6758 -29.7656 2.70313 88.4844 -38.0078 -4.87109 87.7031 -39.5313 6.57422 61.9531 2.24609 73.91801 71.1289 5.67188 64.9375 68.3242 -2.75 68.0781 40.625 60.4492 63.2422 38.9102 68.2305 55.9961 46.9727 60.1055 59.0742 29.1211 88.0469 -25.8477 37.7578 83.207 -30.418 36.8555 86.4258 -17.6367 81.8125 -35.043 -36.8633 75.9844 -48.7305 -33.7734 81.6914 -42.2266 -28.7695 93.2227 9.51172 -22.6094 96.0859 6.31641 -5.91797 93.2188 19.4102 -15.0586 87.7344 -1.87891 -39.8516 82.7383 -2.55469 -49.418 85.62501 -12.5039 -42.4023 -74.1563 60.6719 10.5625 -70.1055 62.1758 22.4922 -77.5195 54.457 17.5703 -84.9023 39.7969 22.1445 -86.4961 30.3242 29.7383 -90.1641 29.7188 16.7422 -83.5195 -47.8438 -6.18359 -81.7305 -43.8086 -26.2109 -88.5781 -35.3711 -13.9141 -92.7109 17.668 -19.5664 -94.0859 20.832 -3.83594 -95.3711 10.293 -10.2344 -62.1328 69.3828 -25.0898 -54.5938 76.4219 -22.0039 -63.7422 70.2305 -17.7148 82.6367 16.832 59.2539 -73.9883 -42.2227 -45.0703 -59.0547 -51.8789 -55.9258 -66.1289 -37.0391 -59.6055 -48.6797 74.7852 36.8086 -51.9336 69.8164 40.6328 -54.793 70.375 34.3477 -24.5703 -77.3633 62.4961 -24.7383 65.6484 66.1797 -25.5313 56.1758 74.0859 -31.332 60.2656 68.4531</float_array>
          <technique_common>
            <accessor source="#meshId1_name-mesh-positions-array" count="1611" stride="3">
              <param name="X" type="float"/>
              <param name="Y" type="float"/>
              <param name="Z" type="float"/>
            </accessor>
          </technique_common>
        </source>
        <source id="meshId1_name-mesh-normals">
          <float_array id="meshId1_name-mesh-normals-array" count="7524">0.08384591 0.91379 0.3974392 0.1048625 0.8787344 0.4656497 0.1048476 0.8787195 0.4656815 0.08383166 0.9138153 0.3973838 -0.1057154 0.8915995 0.4403119 0.3628441 0.7008816 0.6140922 0.09364759 -0.03892511 0.9948442 0.7701741 -0.197591 0.6064567 0.7105346 -0.5158469 0.4785841 0.4548823 -0.7239055 0.5186936 0.591066 -0.3855533 0.7085124 0.146618 -0.5740194 0.8056084 0.3526046 0.5620905 0.7481473 0.3526001 0.5620976 0.748144 0.3526135 0.5620763 0.7481538 0.35264 0.5620629 0.7481514 0.3526335 0.5620642 0.7481534 0.3526407 0.5620627 0.7481511 0.561737 0.2235345 0.796545 0.3526328 0.5620661 0.7481523 0.3526965 0.5620809 0.7481111 0.5617554 0.2234941 0.7965434 0.8591783 0.133253 0.4940207 0.8592014 0.1332237 0.4939885 0.9953351 -0.0961759 -0.00764209 0.9953384 -0.09614139 -0.00763458 0.9793072 -0.09802216 -0.1770572 -0.6500172 0.2200196 -0.7273713 -0.6500099 0.2200184 -0.7273782 -0.5327384 0.7632064 -0.3656584 -0.5659253 -0.1029385 -0.8180052 -0.5659228 -0.1029564 -0.8180046 -0.489658 -0.2284665 -0.84145 -0.4896394 -0.2284647 -0.8414613 -0.4025735 -0.3488988 -0.8462885 -0.4025583 -0.3489079 -0.846292 -0.2877919 -0.4157706 -0.8627344 0.5733686 -0.3575527 -0.7371599 0.5733377 -0.3575646 -0.7371781 0.5732775 -0.3575871 -0.737214 0.5733247 -0.3576472 -0.7371481 0.573131 -0.3580835 -0.7370868 0.5733213 -0.3576488 -0.73715 0.5733044 -0.3576526 -0.7371613 0.5730642 -0.3580715 -0.7371447 0.5733113 -0.357658 -0.7371533 0.5732706 -0.3576455 -0.7371911 0.5730776 -0.358062 -0.7371389 0.5730755 -0.3580578 -0.7371425 0.573066 -0.3580589 -0.7371493 0.5730653 -0.3580569 -0.737151 0.5732871 -0.3576383 -0.7371817 0.5730921 -0.358006 -0.7371548 0.5730879 -0.3580095 -0.7371563 0.573089 -0.3580086 -0.737156 0.5733126 -0.3575958 -0.7371824 0.573098 -0.35799 -0.737158 0.5730891 -0.3579952 -0.7371625 0.5733511 -0.3575527 -0.7371734 0.5733382 -0.3575537 -0.737183 0.573106 -0.3580136 -0.7371404 0.6508718 0.7538451 0.08990979 0.6508634 0.7538515 0.08991551 0.6508595 0.7538546 0.08991813 0.6508512 0.7538622 0.08991438 0.650851 0.7538623 0.08991456 0.6508396 0.7538709 0.08992624 0.6508485 0.7538599 0.089953 0.6508585 0.7538532 0.08993756 0.6508527 0.753857 0.08994638 0.6508545 0.753853 0.08996707 0.6508557 0.7538509 0.08997577 0.6508569 0.7538488 0.08998513 0.6508443 0.7538579 0.09000009 0.6508521 0.7538495 0.09001421 0.6508423 0.7538601 0.08999645 0.6508562 0.7538482 0.08999663 0.6508461 0.7538581 0.08998578 0.6508557 0.7538486 0.08999621 0.6508752 0.7538324 0.08999067 0.6508567 0.7538499 0.08997857 0.6508449 0.7538608 0.08997076 0.6508736 0.7538363 0.08996975 0.6508958 0.753816 0.08997887 0.6508641 0.7538449 0.08996558 0.573007 0.2806798 -0.7699882 0.5730116 0.2806254 -0.7700048 0.2502836 0.5776204 -0.7769896 0.7241634 -0.1162056 -0.6797673 0.7241874 -0.1162242 -0.6797387 0.7297818 -0.253953 -0.6347649 0.7298067 -0.253961 -0.6347331 0.211735 -0.8327582 -0.5115489 0.2117642 -0.8327273 -0.511587 0.04314857 -0.8886467 -0.4565581 -0.1537116 -0.2349874 -0.9597675 -0.1537094 -0.234986 -0.9597682 -0.1537171 -0.234991 -0.9597657 -0.1537171 -0.235 -0.9597635 -0.1536771 -0.2349795 -0.959775 -0.1537047 -0.2349936 -0.9597671 -0.1680824 -0.1834491 -0.968553 -0.153705 -0.2350009 -0.9597653 -0.1536849 -0.2349786 -0.959774 -0.1537025 -0.2350109 -0.9597632 -0.1112428 -0.3167794 -0.9419532 -0.153689 -0.2350649 -0.9597522 -0.1536611 -0.2350347 -0.9597641 -0.153679 -0.2350449 -0.9597588 -0.1536669 -0.2350391 -0.959762 -0.1536872 -0.2350487 -0.9597564 -0.3127217 0.6304728 0.7104289 0.1027609 0.9548524 0.2787423 -0.6868419 -0.05904179 0.7244049 -0.5757929 -0.514117 0.635725 -0.4715864 -0.4786732 0.7405932 -0.6107012 0.04740518 0.7904409 -0.02623283 0.1027847 0.9943577 -0.1368893 0.2712689 0.9527196 -0.8180179 0.01603573 -0.5749692 -0.8180696 0.01599705 -0.5748968 -0.8180643 0.01596009 -0.5749052 -0.8179902 0.01601922 -0.5750092 -0.818033 0.01600539 -0.5749486 -0.8180226 0.01599502 -0.5749639 -0.8179938 0.01600956 -0.5750043 -0.8180389 0.01602464 -0.5749397 -0.8179969 0.01601064 -0.5749999 -0.818013 0.01601994 -0.5749768 -0.8180486 0.01603192 -0.5749258 -0.8180355 0.01602751 -0.5749445 -0.8180326 0.01601332 -0.5749491 -0.8180715 0.01600015 -0.5748941 -0.8180265 0.01602798 -0.5749573 -0.8180167 0.016007 -0.5749718 -0.818057 0.01598799 -0.574915 -0.8180565 0.0159896 -0.5749158 -0.8180748 0.01596528 -0.5748903 -0.8180745 0.01597213 -0.5748906 -0.8180181 0.01599735 -0.5749699 0.287078 -0.7434688 -0.6040202 0.2710689 -0.7899852 -0.5499501 0.2710655 -0.7899923 -0.5499416 0.2870672 -0.74347 -0.6040238 0.301583 -0.6929541 -0.6548758 0.3015957 -0.692943 -0.6548817 0.7404628 -0.385079 -0.550844 0.7404531 -0.385092 -0.5508479 0.7718219 -0.36278 -0.5221894 -0.0679 0.01132422 -0.997628 0.09531927 0.2250329 -0.9696776 0.09532576 0.225022 -0.9696794 -0.6059068 0.05754595 -0.7934517 -0.605924 0.05760431 -0.7934344 -0.6058757 0.05758172 -0.7934729 -0.6058931 0.05758267 -0.7934595 -0.6059077 0.05758339 -0.7934483 -0.6059309 0.05760461 -0.7934288 -0.605912 0.05760627 -0.7934432 -0.6059196 0.05760562 -0.7934376 -0.6059214 0.0575667 -0.7934389 -0.8441006 0.07140064 -0.5314096 -0.605917 0.05758333 -0.7934411 -0.8440968 0.0713787 -0.5314186 0.4631391 -0.3497021 -0.8143775 0.1614945 -0.4333642 -0.8866313 0.1614778 -0.4330155 -0.8868047 0.4631533 -0.3496783 -0.8143795 0.7214874 -0.07960832 -0.6878361 0.7214784 -0.07962161 -0.687844 0.8072171 0.2625167 -0.5286639 0.8072203 0.2625194 -0.5286577 0.8072384 0.2625448 -0.5286176 0.8072385 0.2625431 -0.5286183 0.8072387 0.2625412 -0.5286189 -0.1514238 0.9879457 0.03215807 -0.1238907 0.9746938 0.1860733 -0.1238788 0.9746953 0.1860733 -0.151407 0.9879484 0.03215605 -0.1059691 0.9822573 -0.1547296 -0.1059591 0.982257 -0.1547384 -0.02916866 0.9668181 -0.2537954 -0.0291627 0.9668197 -0.2537899 0.1447976 -0.9323772 -0.3312196 0.1448013 -0.9323756 -0.3312224 0.1450946 -0.9323762 -0.3310927 0.1447672 -0.9323748 -0.3312395 0.145047 -0.9323877 -0.3310808 0.1447734 -0.9323725 -0.3312433 0.1450435 -0.9323857 -0.3310881 0.145079 -0.9323806 -0.3310869 0.1447904 -0.9323739 -0.3312321 0.1450538 -0.9323779 -0.3311057 0.1450549 -0.9323778 -0.3311056 0.1450523 -0.9323781 -0.3311058 0.1447413 -0.9323592 -0.3312949 0.1450367 -0.9323717 -0.3311305 0.1450408 -0.9323675 -0.3311405 0.1447485 -0.9323598 -0.3312904 0.1447598 -0.9323543 -0.3313007 0.1450307 -0.9323619 -0.3311609 -0.8970518 -0.08090168 0.4344573 -0.9876993 -0.005275964 0.1562765 -0.9876953 -0.005276501 0.1563019 -0.8970431 -0.08091485 0.4344727 -0.5558856 -0.5150249 0.6524881 -0.5559121 -0.5150004 0.6524847 -0.5559136 -0.5149614 0.6525144 -0.5559192 -0.5149582 0.6525121 -0.5559104 -0.5149631 0.6525157 -0.5559237 -0.5149796 0.6524914 -0.5559212 -0.5149809 0.6524924 -0.5559229 -0.51498 0.6524917 0.1017499 0.3778665 -0.9202521 0.1017858 0.3778581 -0.9202516 0.1017486 0.3778664 -0.9202523 0.1017546 0.3778164 -0.9202721 0.1019877 0.378039 -0.9201549 0.1017452 0.3778166 -0.9202731 0.1019775 0.3780556 -0.9201493 0.1019895 0.3780516 -0.9201496 0.1017305 0.3778126 -0.9202764 0.1019825 0.37803 -0.9201591 0.101985 0.3780298 -0.9201591 0.1019877 0.3780294 -0.9201589 0.1017314 0.3778825 -0.9202476 0.1019719 0.3780883 -0.9201364 0.1019855 0.3780899 -0.9201343 0.1017693 0.3778796 -0.9202446 0.1017847 0.3778616 -0.9202502 0.1020181 0.3780776 -0.9201357 -0.771709 0.5531827 -0.313774 -0.7717261 0.5531512 -0.3137877 -0.8256599 0.363034 -0.4318475 -0.6216171 0.7826671 -0.03201109 -0.6216202 0.7826653 -0.0319907 -0.4742156 0.8237402 0.3107602 -0.4741877 0.8237538 0.3107664 -0.3797659 0.7833964 0.492004 0.4352128 -0.2256041 0.8716036 0.1702629 0.1840834 0.9680516 0.1059404 0.07406508 0.9916103 0.5318557 0.003093361 0.8468294 0.2380104 -0.7041202 0.6690036 -0.4300598 0.7330087 -0.5270169 -0.4302815 0.7331894 -0.5265845 -0.4302816 0.7331945 -0.5265772 -0.4300303 0.7330288 -0.5270133 -0.4300305 0.733015 -0.5270323 -0.4302853 0.7331838 -0.5265893 -0.4300075 0.7330284 -0.5270323 -0.4300068 0.7330294 -0.5270314 -0.4300069 0.7330294 -0.5270314 -0.43 0.733007 -0.5270682 -0.4302524 0.7331786 -0.5266232 -0.4300086 0.7330033 -0.5270663 -0.4302536 0.7331827 -0.5266165 -0.4302436 0.7331897 -0.5266152 -0.4299971 0.7330193 -0.5270533 0.8949112 -0.1999486 0.3989418 0.8948134 -0.2004587 0.3989055 0.8948156 -0.2004544 0.3989024 0.8949245 -0.1999322 0.3989202 0.8948416 -0.2004434 0.3988496 0.8948379 -0.2004359 0.3988619 0.8949326 -0.1999164 0.3989099 0.8948351 -0.2004667 0.3988525 0.8949347 -0.199926 0.3989004 0.8949351 -0.1999474 0.3988888 0.8948457 -0.2004479 0.3988384 0.8948459 -0.2004544 0.3988344 0.8948395 -0.2004637 0.3988443 0.8948383 -0.2004702 0.3988435 0.8949248 -0.1999508 0.3989104 0.5665278 0.8145298 0.1248501 0.5664909 0.8145532 0.1248657 0.7111237 0.5339202 0.4574193 0.4492561 0.893214 0.01838481 0.4492604 0.8932126 0.01834958 0.1845827 0.9777105 -0.1000578 0.1846096 0.9777057 -0.100054 -0.03101277 -0.9690313 0.2449827 -0.03074681 -0.968981 0.2452154 -0.03074699 -0.9689809 0.2452153 -0.03100591 -0.9690267 0.245002 -0.03073513 -0.9689775 0.2452309 -0.0307343 -0.9689771 0.2452324 -0.03098136 -0.969023 0.2450196 -0.030694 -0.9689734 0.2452521 -0.03097438 -0.9690232 0.2450196 -0.03097289 -0.9690287 0.2449984 -0.03069639 -0.9689732 0.2452524 -0.03069865 -0.9689731 0.2452526 -0.03068584 -0.9689813 0.2452214 -0.03068566 -0.9689814 0.2452212 -0.03096044 -0.9690262 0.2450094 0.4736493 -0.390115 -0.789599 0.4257426 -0.293022 -0.8560848 0.4257399 -0.2930387 -0.8560805 0.4736607 -0.3901185 -0.7895905 0.5740783 -0.4846509 -0.6599603 0.621375 -0.4989063 -0.6041404 0.6698479 -0.5036132 -0.5455986 0.6836646 0.4498031 0.5746998 0.6414826 0.3559818 0.6795418 0.6414765 0.3559767 0.6795504 0.6836825 0.4497799 0.5746969 0.7111216 0.533934 0.4574066 0.07496094 0.7160285 0.6940346 0.07484519 0.715927 0.6941518 0.07485157 0.7159222 0.694156 0.07497495 0.7160205 0.6940414 0.07484817 0.7159243 0.6941543 0.07484745 0.715925 0.6941537 0.07493877 0.7160283 0.6940372 0.07485425 0.7159306 0.6941472 0.07493788 0.7160362 0.6940292 0.07493299 0.7160374 0.6940285 0.07484352 0.7159441 0.6941344 0.07483911 0.7159394 0.6941398 0.07483893 0.7159784 0.6940996 0.07482618 0.7159762 0.6941031 0.07497173 0.7160691 0.6939916 0.3564519 0.6844568 -0.6359724 0.5193595 0.6761024 -0.5226388 0.5193836 0.6760737 -0.5226519 0.3564323 0.6844558 -0.6359845 -0.2691393 0.6281642 -0.7300506 -0.2691355 0.6282191 -0.7300047 -0.2691354 0.6281713 -0.730046 -0.2691304 0.6281716 -0.7300475 -0.2691447 0.6281706 -0.7300431 -0.03048783 0.5700133 0.8210697 -0.05420142 0.4428025 0.8949795 -0.05420351 0.4427571 0.8950018 -0.03047293 0.5699993 0.8210799 0.07792693 0.72136 0.6881622 0.0779131 0.7213367 0.6881883 0.1611357 0.750869 0.6404929 0.2591756 -0.8958226 0.3610126 0.2591692 -0.89583 0.3609985 0.2591651 -0.8958352 0.3609888 0.2591527 -0.8958336 0.3610016 0.2591636 -0.8958209 0.3610254 0.2591591 -0.8958267 0.3610141 0.3674847 -0.3765975 0.8503701 0.2591903 -0.8958427 0.3609519 0.2592023 -0.8958398 0.3609507 0.3674976 -0.3765962 0.8503652 0.3408418 -0.2755779 0.8988236 0.5416244 -0.7194843 0.4347245 0.5415927 -0.7195601 0.4346385 0.5415964 -0.7195574 0.4346385 0.5416159 -0.7194901 0.4347257 0.5416038 -0.7194951 0.4347324 0.5416231 -0.7195378 0.4346377 0.5415685 -0.719519 0.4347367 0.5415685 -0.719519 0.4347368 0.5415686 -0.7195188 0.434737 0.5416446 -0.7195037 0.4346673 0.5416187 -0.7195748 0.4345819 0.5416492 -0.7194979 0.4346712 0.5416164 -0.7195835 0.4345703 0.5416104 -0.7195873 0.4345715 0.5416214 -0.7195304 0.4346521 0.1020298 0.3780176 -0.920159 0.1017789 0.3778587 -0.9202521 0.101755 0.3778439 -0.9202608 0.1020561 0.3780521 -0.9201419 0.1017806 0.3778512 -0.9202551 0.1017694 0.377831 -0.9202646 0.1020365 0.3780419 -0.9201483 0.1017809 0.3778451 -0.9202576 0.102035 0.3780364 -0.9201508 0.1020525 0.3780342 -0.9201497 0.1017755 0.3778504 -0.9202559 0.1017751 0.3778573 -0.920253 0.1018097 0.3778545 -0.9202505 0.1018104 0.3778397 -0.9202564 0.102039 0.3780509 -0.9201443 -0.5258915 0.8467843 0.07996547 -0.5261254 0.8465943 0.08043724 -0.5261187 0.8465994 0.08042806 -0.5258716 0.8467978 0.07995384 -0.5258665 0.8468012 0.07995235 -0.5260839 0.8466175 0.08046567 -0.5258599 0.8468039 0.07996714 -0.5258613 0.8468029 0.07996833 -0.5258623 0.8468021 0.0799691 -0.5258479 0.8468122 0.079957 -0.5260785 0.8466183 0.0804913 -0.5258483 0.8468119 0.07995861 -0.5260531 0.8466315 0.08051979 -0.5260482 0.8466349 0.08051472 -0.525848 0.8468097 0.07998383 -0.4428322 0.83476 -0.327224 -0.3948404 0.8663178 -0.3059323 -0.2652484 0.8807599 -0.3923078 -0.5256327 0.7997809 -0.2899327 -0.5327544 0.7632009 -0.3656464 -0.440882 0.6286953 0.6405977 -0.1542041 0.8819836 0.4453384 -0.1541765 0.8819888 0.4453375 -0.4409153 0.6287001 0.6405701 -0.7381054 0.2941613 0.6071816 -0.7380895 0.2941591 0.6072021 -0.8392263 0.1412556 0.5251156 -0.3215076 -0.5793599 0.7489827 -0.3998581 -0.6794607 0.6151802 -0.3998603 -0.6794541 0.6151861 -0.3215032 -0.5793576 0.7489863 -0.2322583 -0.4595312 0.8572556 -0.2322616 -0.459524 0.8572586 -0.632894 -0.4787945 0.6084415 -0.6328971 -0.4787948 0.608438 -0.6328987 -0.4787951 0.6084361 -0.6329167 -0.4787615 0.6084438 -0.6330633 -0.4790459 0.6080673 -0.6329166 -0.4787615 0.6084439 -0.6329088 -0.4787619 0.6084519 -0.6330532 -0.4790568 0.6080694 -0.6329118 -0.4787642 0.6084468 -0.6329229 -0.4787241 0.6084668 -0.6329213 -0.4787251 0.6084677 -0.6330649 -0.4790129 0.6080917 0.1806433 -0.9419735 -0.2829385 0.0893175 -0.9349252 -0.3434201 0.08930796 -0.9349159 -0.3434478 0.1806549 -0.9419722 -0.2829353 0.2698374 -0.9376466 -0.2191042 0.2698492 -0.9376322 -0.2191513 0.1723761 -0.9850104 -0.00640881 0.3724504 -0.9279425 0.01426327 0.3724623 -0.9279378 0.01426124 0.1723618 -0.9850131 -0.006379485 -0.03522247 -0.9990193 -0.0268324 -0.03522092 -0.9990195 -0.02682954 0.8238613 -0.5301395 0.2005115 0.9261085 -0.3714064 0.06618463 0.9261081 -0.3714083 0.06618118 0.8238407 -0.5301695 0.2005171 0.6773141 -0.6605063 0.3240019 0.677312 -0.660511 0.3239964 0.07100123 0.9974682 0.004028379 0.07092314 0.9974717 0.004505336 0.07092827 0.9974713 0.004505515 0.07099419 0.9974687 0.004029929 0.07100892 0.9974676 0.004033327 0.07091629 0.9974722 0.004503965 0.07094019 0.9974709 0.004415452 0.07101958 0.9974671 0.00394237 0.07102382 0.9974669 0.003942906 0.0709151 0.9974727 0.004406273 0.07093137 0.9974715 0.004409193 0.07101482 0.9974673 0.003985822 0.6171272 -0.7409099 -0.2649654 0.6170927 -0.7409357 -0.2649734 0.5726781 -0.4780267 -0.6659807 0.6799938 -0.7183555 0.1468804 0.679985 -0.718368 0.1468601 0.7474006 -0.594561 0.296462 -0.08516073 0.9522156 0.293314 -0.1990553 0.9678708 0.1536328 -0.1990403 0.9678704 0.1536555 -0.08512049 0.9522171 0.293321 0.03159111 0.9054033 0.4233758 0.03165543 0.9054018 0.4233741 0.9737827 -0.2259351 -0.02646863 0.9045142 -0.3586332 -0.2307302 0.9045192 -0.3586081 -0.2307494 0.9737817 -0.2259362 -0.02649575 0.9827544 -0.1736264 0.06362211 0.9827564 -0.173618 0.06361317 -0.6307967 0.775889 -0.009584963 -0.5974817 0.7929254 0.1195192 -0.5972729 0.7928678 0.1209366 -0.6308104 0.7758777 -0.009605646 -0.6526542 0.7445986 -0.1400551 -0.6526604 0.7445894 -0.1400753 0.3951262 0.6630299 -0.6358197 0.2967648 0.7210703 -0.6260897 0.2967838 0.7210805 -0.626069 0.3951269 0.6630129 -0.6358371 0.4882768 0.5962745 -0.6372147 0.4882783 0.5962617 -0.6372254 0.1611213 0.7508842 0.6404786 -0.04316943 0.9932197 0.10794 -0.04316806 0.9932184 0.1079535 -0.3021964 0.9208213 -0.2465067 0.5638985 -0.527079 0.6357722 0.7478061 -0.424292 0.510649 0.7478145 -0.4242674 0.5106573 0.5638861 -0.527092 0.6357724 0.3926618 -0.6532836 0.647331 0.3926078 -0.6532871 0.6473603 -0.3022135 0.9208114 -0.2465229 -0.7707685 0.5541347 -0.314405 -0.7707781 0.5541235 -0.3144018 -0.8513186 0.4143033 -0.3218844 0.8779575 0.4787252 0.003588318 0.8093376 0.5846925 0.05574381 0.8093509 0.5846735 0.05575037 0.8779415 0.4787543 0.003606617 0.930181 0.3638724 -0.04858428 0.9301863 0.363863 -0.04855316 0.237889 0.8810177 -0.4089213 0.2719196 0.9054116 -0.326021 0.2719146 0.9054179 -0.3260075 0.2378783 0.8810104 -0.4089432 0.201857 0.8489867 -0.4883395 0.201862 0.8489936 -0.4883254 0.2549912 0.8190399 -0.5139585 0.255145 0.8192501 -0.513547 0.2551288 0.8192552 -0.513547 0.2549785 0.8190325 -0.5139766 0.254988 0.819029 -0.5139773 0.2551513 0.8192586 -0.51353 0.2551357 0.8192356 -0.5135746 0.2549728 0.8190128 -0.5140107 0.2549687 0.8190156 -0.5140082 0.2551271 0.8192355 -0.5135791 0.2551259 0.8192362 -0.5135785 0.2549679 0.8190149 -0.5140098 0.614219 0.3290935 0.7172395 0.6138684 0.3293491 0.7174224 0.613878 0.3293514 0.7174131 0.6142136 0.3290721 0.717254 0.6142091 0.329073 0.7172575 0.6138712 0.3293577 0.7174161 0.6138484 0.3294242 0.717405 0.6141893 0.3291486 0.7172397 0.6141974 0.32915 0.7172321 0.6138451 0.3294071 0.7174157 0.6138466 0.3294078 0.717414 0.6141923 0.3291532 0.717235 -0.4302595 0.7332164 -0.526565 -0.4300126 0.7330475 -0.5270015 -0.4302715 0.7332078 -0.526567 -0.4302605 0.7332211 -0.5265575 -0.4300028 0.733043 -0.5270158 -0.4300239 0.7330317 -0.5270142 -0.4297685 0.733446 -0.526646 -0.4300127 0.733049 -0.5269994 -0.4302502 0.7332194 -0.5265684 -0.4302367 0.7332267 -0.5265691 -0.4302462 0.7332265 -0.5265617 -0.4299971 0.7330736 -0.5269777 -0.6329669 -0.7689374 -0.08993452 -0.6326634 -0.7691624 -0.09014493 -0.6326583 -0.7691672 -0.09014028 -0.6329827 -0.7689262 -0.08991956 -0.6329892 -0.7689198 -0.0899288 -0.6326659 -0.7691618 -0.09013301 -0.6326158 -0.7692012 -0.09014892 -0.6329423 -0.7689525 -0.08997958 -0.6329424 -0.7689521 -0.08998191 -0.6325888 -0.769224 -0.0901432 -0.6325959 -0.7692208 -0.09012049 -0.6329156 -0.7689751 -0.08997303 -0.6329318 -0.7689604 -0.08998513 -0.6325994 -0.7692104 -0.09018564 -0.632601 -0.7692089 -0.09018778 -0.6329389 -0.7689521 -0.09000611 -0.632946 -0.7689456 -0.09001231 -0.632609 -0.7692016 -0.09019249 -0.6326617 -0.7691642 -0.09014236 -0.6329681 -0.7689319 -0.08997404 -0.6329692 -0.7689315 -0.08996939 -0.6326764 -0.7691486 -0.09017205 -0.6326754 -0.7691493 -0.09017449 -0.6329708 -0.7689296 -0.0899741 -0.9439888 9.92235e-4 0.3299764 -0.9440088 0.001177668 0.3299181 -0.9440092 0.00117731 0.3299174 -0.9439847 9.73903e-4 0.3299881 -0.9439839 9.73959e-4 0.3299903 -0.9440022 0.001164078 0.3299373 -0.9440025 0.001110076 0.3299365 -0.943989 9.53078e-4 0.3299757 -0.9439848 9.50143e-4 0.3299877 -0.9440056 0.001091182 0.329928 -0.94401 0.0010944 0.3299152 -0.9439872 9.2987e-4 0.3299809 0.4611527 0.03719723 0.8865408 0.4872314 -0.1764328 0.8552643 0.4872331 -0.1764392 0.8552621 0.4611395 0.03718906 0.8865481 0.4132464 0.2490765 0.8758929 0.4132455 0.2490965 0.8758877 0.5462158 -0.6434873 0.5362579 0.2569053 -0.4848667 0.8360048 0.256899 -0.4848808 0.8359986 0.5462176 -0.6434884 0.5362548 0.6035187 -0.7349193 0.3092877 0.6035193 -0.7349058 0.3093187 -0.2917017 -0.4639639 0.8364495 -0.4085446 -0.4313067 0.8044041 -0.03772735 -0.5070154 0.861111 0.09469157 -0.5155764 0.8515953 -0.1746496 0.05180543 0.9832668 0.06494021 -0.004887998 0.9978772 -0.2571561 0.078498 0.9631765 -0.6075837 -0.7443237 -0.2771721 -0.7734237 -0.5627676 -0.2917335 -0.7733863 -0.5628103 -0.2917503 -0.6075879 -0.7443249 -0.2771595 -0.5048974 -0.810343 -0.2973601 -0.5048876 -0.810367 -0.2973113 0.839147 0.3086599 -0.4478409 0.7817571 0.2611834 -0.5662502 0.7817468 0.2611857 -0.5662633 0.8391619 0.3086324 -0.4478317 0.8782504 0.2910401 -0.3794366 0.8782381 0.2910558 -0.379453 0.8948463 -0.2004774 0.3988223 0.8948462 -0.2004777 0.3988221 0.8948469 -0.200473 0.3988227 0.894809 -0.2004456 0.3989216 0.8949081 -0.1999285 0.3989589 0.8948101 -0.200443 0.3989204 0.894815 -0.2004876 0.398887 0.8948878 -0.1999931 0.3989719 0.8948156 -0.2004905 0.3988842 0.8948019 -0.2005209 0.3988997 0.894801 -0.2005169 0.3989037 0.8949009 -0.1999886 0.398945 0.8949102 -0.1999457 0.3989456 0.8948219 -0.2004417 0.3988949 0.8948153 -0.2004557 0.3989024 0.8949162 -0.1999396 0.3989351 0.8949167 -0.1999391 0.3989342 0.894823 -0.2004566 0.3988848 0.8948103 -0.2005022 0.3988904 0.8949122 -0.1999613 0.3989333 0.8949111 -0.1999593 0.3989367 0.8948312 -0.200489 0.3988502 0.8948317 -0.2004879 0.3988495 0.8949224 -0.1999889 0.3988965 0.8018577 0.3239448 -0.50208 0.8019279 0.3239966 -0.5019342 0.8018684 0.3239401 -0.5020658 0.801879 0.323931 -0.5020545 0.8019469 0.3239712 -0.5019202 0.8019431 0.3239765 -0.501923 0.8018765 0.323934 -0.5020567 0.801952 0.3239517 -0.5019248 0.8018832 0.3239222 -0.5020534 0.8018845 0.3238967 -0.502068 0.8018729 0.3239308 -0.5020647 0.8019397 0.3239597 -0.5019392 0.8019008 0.3239759 -0.501991 0.8018541 0.3239362 -0.5020911 0.8018543 0.3239368 -0.5020903 0.8018948 0.3239824 -0.5019962 0.8018988 0.3239952 -0.5019815 0.8018468 0.3239465 -0.5020959 0.8018687 0.3239068 -0.5020868 0.8019244 0.3239349 -0.5019796 0.8019199 0.3239392 -0.5019841 0.8018483 0.3239057 -0.5021199 0.801859 0.3238866 -0.5021151 0.8019065 0.323953 -0.5019964 0.294 0.9455094 0.1399142 0.3209156 0.9467055 0.02760267 0.3209012 0.9467099 0.02762037 0.2940057 0.945501 0.1399591 0.2631947 0.9316787 0.2504064 0.2631978 0.9316771 0.2504093 -0.6098211 0.6195393 0.4942563 -0.9223886 -0.1047818 0.3717795 -0.9223891 -0.1047707 0.3717814 -0.6098618 0.6195505 0.4941921 -0.6098956 0.6195067 0.4942054 -0.6098964 0.6195064 0.4942046 -0.6098906 0.619508 0.4942099 -0.6098885 0.6195394 0.4941731 -0.6098877 0.6195395 0.494174 -0.6098917 0.6195387 0.4941701 -0.6696447 0.09943544 -0.7359949 -0.4916527 0.1258193 -0.8616538 -0.4916625 0.125811 -0.8616494 -0.6696617 0.09945863 -0.7359764 -0.8153906 0.06825047 -0.5748741 -0.8154057 0.06827187 -0.5748502 -0.5871368 0.7545844 0.2930403 -0.5327042 0.7845242 0.3174087 -0.5327135 0.7845196 0.3174042 -0.5871341 0.7545843 0.2930463 -0.638961 0.721277 0.2673733 -0.6389684 0.7212731 0.2673663 0.1450139 -0.9323784 -0.3311219 0.1447259 -0.9323719 -0.331266 0.1447252 -0.9323624 -0.3312929 0.1450265 -0.9323709 -0.3311375 0.1447197 -0.9323785 -0.3312504 0.144711 -0.9323632 -0.331297 0.1447207 -0.9323671 -0.3312817 0.1447345 -0.9323757 -0.3312518 0.1450119 -0.932389 -0.3310927 -0.4449598 -0.5419735 -0.7129344 -0.4451406 -0.5416291 -0.7130834 -0.4451346 -0.5416303 -0.7130861 -0.4449567 -0.5419539 -0.7129513 -0.4451367 -0.5416135 -0.7130976 -0.4451396 -0.5416181 -0.7130923 -0.445137 -0.5416159 -0.7130957 -0.4451357 -0.5416136 -0.7130982 -0.4449534 -0.5419555 -0.7129521 0.9911829 0.09638553 0.09091961 0.4665603 0.6011794 0.6487718 0.4665952 0.601164 0.648761 0.9911863 0.09634542 0.09092527 0.9911815 0.09635961 0.09096217 0.9911873 0.09632652 0.09093493 0.9911838 0.09634661 0.09095138 -0.4449678 -0.5419441 -0.7129518 -0.4451604 -0.5415959 -0.7130962 -0.4451598 -0.5415953 -0.7130971 -0.4449852 -0.5419159 -0.7129624 -0.4451715 -0.5415873 -0.7130958 -0.4451652 -0.541583 -0.7131031 -0.445155 -0.541635 -0.7130698 -0.4451497 -0.5416382 -0.7130707 -0.4449799 -0.5419795 -0.7129174 -0.8680334 0.4810375 -0.1229677 -0.8680141 0.481034 -0.1231179 -0.8680211 0.4810199 -0.1231237 -0.8680558 0.4810017 -0.1229491 -0.8680238 0.4810186 -0.1231091 -0.8680282 0.4810081 -0.1231183 -0.8680234 0.481014 -0.1231302 -0.868022 0.4810119 -0.1231478 -0.8680587 0.4809899 -0.1229757 0.1011605 0.6278129 -0.7717627 0.1011703 0.6277942 -0.7717765 0.2502628 0.5776317 -0.7769879 0.7529829 -0.653034 -0.08101534 0.7533493 -0.6526735 -0.08051329 0.7533505 -0.6526708 -0.08052384 0.7529831 -0.6530367 -0.08099168 0.7533571 -0.6526647 -0.08051079 0.7533571 -0.6526648 -0.08051019 0.753357 -0.6526654 -0.08050477 0.7533569 -0.6526657 -0.08050411 0.7529915 -0.6530255 -0.0810036 0.5416251 -0.7194727 0.4347429 0.541619 -0.7195548 0.4346147 0.5416238 -0.7195534 0.4346111 0.5416545 -0.7194762 0.4347003 0.5416464 -0.7195562 0.434578 0.5416216 -0.7195497 0.4346199 0.5416473 -0.7195625 0.4345666 0.5416485 -0.7195577 0.4345729 0.5416306 -0.7195001 0.4346907 0.5416145 -0.7195337 0.4346551 0.5416141 -0.719609 0.4345309 0.541623 -0.7196049 0.4345267 0.5415852 -0.7195454 0.4346723 0.5416077 -0.7195962 0.43456 0.5415984 -0.7195984 0.4345681 0.5416048 -0.7195955 0.4345648 0.5415885 -0.7195985 0.4345802 0.5415707 -0.7195442 0.4346922 -0.9330831 -0.3395342 0.1186276 -0.9330802 -0.339536 0.1186448 -0.9646727 -0.1490107 0.2172613 -0.8576217 -0.5140796 0.01438999 -0.8576135 -0.5140945 0.01435387 -0.9439797 0.001006066 0.3300019 -0.9439859 0.001169919 0.3299839 -0.9439856 0.001169025 0.3299847 -0.9439775 9.94071e-4 0.3300082 -0.9439877 0.001135885 0.3299788 -0.9439867 0.001120269 0.329982 -0.9439853 0.001111388 0.3299856 -0.9439877 0.001093685 0.3299788 -0.9439722 9.54907e-4 0.3300238 0.5732795 -0.3576265 -0.7371933 0.5730795 -0.3579992 -0.7371679 0.573273 -0.3576551 -0.7371845 0.5733088 -0.3575758 -0.7371951 0.5732736 -0.3576198 -0.7372011 0.5730812 -0.35803 -0.7371516 0.5732855 -0.3576157 -0.7371939 0.5733318 -0.3575589 -0.7371854 0.5733081 -0.3575881 -0.7371897 0.6938064 0.3611999 0.6230308 0.6938534 0.3612058 0.622975 0.4480281 0.2546703 0.8569796 -0.2198022 0.4149675 -0.8828868 -0.2732725 0.349314 -0.8962712 -0.2732603 0.3493091 -0.8962767 -0.2198482 0.4149681 -0.882875 -0.1647392 0.477573 -0.8630093 0.9932945 0.1086066 0.03963339 0.9695031 0.2445873 -0.01552015 0.9694973 0.2446112 -0.01550537 0.9932946 0.1085959 0.03965818 0.9951313 -0.02972418 0.09396988 -0.9440053 9.62071e-4 0.3299289 -0.944016 0.001107752 0.3298977 -0.9440156 0.001124739 0.3298994 -0.9439991 0.001008391 0.3299465 -0.94402 0.001136898 0.3298866 -0.94402 0.00113672 0.3298864 -0.9440142 0.001138448 0.329903 -0.9440138 0.001140475 0.3299041 -0.9439889 9.91092e-4 0.3299759 -0.8180189 0.0159865 -0.5749691 -0.8180683 0.01593846 -0.5749002 -0.8180704 0.01594942 -0.5748969 -0.8180222 0.01597195 -0.5749649 -0.818053 0.01595467 -0.5749216 -0.818038 0.01593142 -0.5749437 -0.8180482 0.01591539 -0.5749294 -0.8168227 0.01489627 -0.5766965 -0.8180317 0.01595509 -0.5749518 -0.8958408 0.4433299 0.03046286 -0.8958378 0.4433377 0.03043591 -0.7864812 0.6166498 -0.03450608 -0.9410608 0.08031398 0.3285639 -0.9646774 -0.1490253 0.21723 -0.2421625 0.8456069 0.4757169 -0.5855413 0.5437695 0.6012122 0.1799787 0.8935683 0.4112705 0.9435347 0.2938708 0.1529132 0.943571 0.2937728 0.1528771 0.9435762 0.2937548 0.1528791 0.9435402 0.2938725 0.1528759 0.9435728 0.2937647 0.1528811 0.9435691 0.2937746 0.1528855 0.9435783 0.2937536 0.152869 0.9435796 0.2937443 0.1528788 0.9435451 0.2938373 0.152913 -0.8452113 -0.09476578 -0.5259632 -0.8451969 -0.09476834 -0.5259861 -0.8256729 0.3630095 -0.4318432 -0.8513237 0.4142873 -0.3218914 -0.9543819 -0.07187801 -0.289808 -0.9543777 -0.0719034 -0.2898159 0.317473 -0.4802789 -0.817645 0.05220878 -0.07091653 -0.996115 0.05222088 -0.0709322 -0.9961133 0.3174648 -0.4802703 -0.817653 0.3174514 -0.4802729 -0.8176567 0.3174511 -0.4802737 -0.8176565 0.317451 -0.4802741 -0.8176563 -0.6591697 0.3876677 -0.6443673 -0.9352263 0.1349375 -0.3273282 -0.9352205 0.1349443 -0.3273418 -0.6591704 0.3876833 -0.6443572 -0.4555996 0.4861529 -0.7457107 0.8006448 -0.55309 0.2303466 0.7201691 -0.5740215 0.3896868 0.7201712 -0.5740061 0.3897057 0.8006278 -0.5531155 0.2303442 0.8552083 -0.5143681 0.06359452 0.8949245 -0.1999686 0.3989019 0.8948407 -0.2005054 0.3988204 0.8948415 -0.2005038 0.3988194 0.8949236 -0.1999606 0.3989078 0.8948308 -0.2005022 0.3988442 0.894836 -0.2004914 0.3988381 0.8949194 -0.1999748 0.3989105 0.8948274 -0.2004761 0.3988651 0.8949198 -0.1999743 0.3989099 0.07106548 0.9974637 0.004000663 0.07094806 0.9974702 0.004447042 0.07094943 0.99747 0.004454791 0.07104933 0.9974648 0.004012465 0.7203648 0.6877297 0.09001392 0.07095098 0.99747 0.004442155 0.6666698 0.7190467 0.1962735 0.07099956 0.9974682 0.004027545 0.07088881 0.9974741 0.004490077 0.07088488 0.9974745 0.004486978 0.07096469 0.9974709 0.004001438 0.07086336 0.9974761 0.004480421 0.07085925 0.9974763 0.004466891 0.0709145 0.9974726 0.004420638 0.07090777 0.9974731 0.004427671 0.07096654 0.9974709 0.003956973 -0.2482685 0.813988 -0.5251538 -0.2898713 0.531502 -0.7959148 -0.2899028 0.5315104 -0.7958976 -0.2482984 0.813993 -0.5251318 -0.2408568 0.9035428 -0.3543987 0.6508816 0.7538335 0.08993434 0.650843 0.7538661 0.08994102 0.6508664 0.7538464 0.08993685 0.650879 0.7538353 0.0899384 0.6508545 0.7538572 0.08993262 0.650867 0.753846 0.08993571 0.6508783 0.7538336 0.08995789 0.6508592 0.7538506 0.0899533 0.650878 0.7538339 0.08995771 0.01878052 0.9963507 0.08326357 0.1358956 0.9907141 0.004226624 0.1359051 0.9907129 0.004244625 0.01875668 0.9963524 0.08324879 -0.09867197 0.9820763 0.1605925 0.2549992 0.8190005 -0.5140172 0.2551595 0.8192237 -0.5135818 0.2551392 0.8192217 -0.513595 0.2550055 0.8189995 -0.5140155 0.255164 0.819209 -0.513603 0.255175 0.8192164 -0.5135856 0.2551655 0.8192287 -0.5135709 0.2551544 0.8192206 -0.5135894 0.2550113 0.8190094 -0.5139972 0.2549499 0.8190521 -0.5139595 0.2551487 0.8192611 -0.5135275 0.2551214 0.8192598 -0.5135433 0.2549545 0.8190438 -0.5139704 0.2550843 0.8192684 -0.5135477 0.2537778 0.8186616 -0.5151604 0.2550953 0.8192533 -0.5135664 0.2550911 0.8192466 -0.5135792 0.2549179 0.8190388 -0.5139967 -0.6330643 -0.4790311 0.6080779 -0.6329263 -0.4787414 0.6084497 -0.6329251 -0.4787417 0.6084508 -0.633081 -0.4790103 0.608077 -0.6329467 -0.4787109 0.6084524 -0.6329504 -0.4787122 0.6084476 -0.6329424 -0.4787331 0.6084394 -0.632941 -0.47873 0.6084434 -0.6330763 -0.4790273 0.6080685 -0.03094643 -0.9690288 0.2450011 -0.03064936 -0.9689812 0.2452269 -0.03064978 -0.9689836 0.2452172 -0.03092974 -0.9690311 0.2449944 -0.03067415 -0.9689866 0.2452024 -0.03067141 -0.9689842 0.245212 -0.03096842 -0.9690358 0.2449709 -0.03069764 -0.9689861 0.2452016 -0.03097194 -0.9690358 0.2449703 -0.8937771 -0.415875 0.1679601 -0.8939592 -0.4155735 0.1677372 -0.8938312 -0.4158377 0.1677648 -0.8937712 -0.4158942 0.167944 -0.8939622 -0.4155681 0.1677349 -0.8939619 -0.4155698 0.1677316 -0.8939456 -0.4156065 0.1677277 -0.8939505 -0.4156017 0.1677138 -0.8937692 -0.4159106 0.167914 -0.8937875 -0.4158653 0.1679286 -0.8939775 -0.4155548 0.1676863 -0.8939763 -0.4155578 0.1676852 -0.893788 -0.4158803 0.1678887 -0.8939681 -0.415564 0.1677137 -0.8939633 -0.4155731 0.1677159 -0.8939846 -0.4155313 0.1677058 -0.8939846 -0.4155283 0.1677132 -0.8937914 -0.4158499 0.1679459 0.9435274 0.2938835 0.152933 0.9435657 0.2937761 0.1529034 0.9435666 0.2937704 0.152908 0.9435292 0.2938668 0.1529548 0.9435667 0.2937653 0.1529182 0.9435663 0.2937666 0.1529181 0.9435549 0.2938032 0.1529183 0.9435547 0.2938058 0.1529142 0.9435225 0.2938909 0.1529493 -0.7288195 0.4679067 0.4998855 -0.7286984 0.4681605 0.4998245 -0.7287027 0.4681611 0.4998177 -0.7288421 0.4678939 0.4998646 -0.7287223 0.4681381 0.4998105 -0.7287191 0.4681409 0.4998127 -0.7287022 0.4681519 0.4998269 -0.7287046 0.4681524 0.4998229 -0.7288207 0.4678974 0.4998925 -0.3909476 0.4219871 0.8179773 -0.3907598 0.4215626 0.8182858 -0.3907598 0.4215626 0.8182858 -0.3909453 0.4219545 0.8179953 -0.3907817 0.4215404 0.8182869 -0.3907831 0.4215387 0.818287 -0.390792 0.4215326 0.818286 -0.390789 0.4215311 0.8182882 -0.3909841 0.4219443 0.8179819 -0.3509802 0.7740244 0.5269718 -0.3513181 0.7739039 0.5269236 -0.3513239 0.7739039 0.5269198 -0.3509753 0.7740128 0.5269921 -0.3512924 0.7739 0.5269464 -0.3512923 0.7739006 0.5269455 -0.3513345 0.773883 0.5269433 -0.3513358 0.7738824 0.5269433 -0.350984 0.7740082 0.5269929 -0.3510186 0.7739729 0.5270218 -0.3513415 0.773882 0.5269401 -0.3513298 0.7738805 0.5269501 -0.3510274 0.7739742 0.5270141 -0.3513427 0.7738727 0.5269529 -0.3513565 0.7738765 0.5269383 -0.3513565 0.7738809 0.5269317 -0.3513591 0.7738874 0.5269204 -0.3510392 0.7739901 0.5269827 0.02501773 -0.7670909 0.6410503 0.02523267 -0.7672672 0.640831 0.02523767 -0.7672623 0.6408366 0.02499043 -0.7670807 0.6410638 0.02520561 -0.7672728 0.6408255 0.02520817 -0.7672732 0.6408249 0.02518862 -0.7672566 0.6408455 0.02518641 -0.7672546 0.6408479 0.02498823 -0.7670834 0.6410606 -0.5409427 0.07296538 0.8378884 -0.5413889 0.07269281 0.8376239 -0.5413889 0.07269698 0.8376237 -0.5409454 0.07298529 0.837885 -0.5413943 0.07269752 0.8376201 -0.5413948 0.07269668 0.8376197 -0.5413599 0.07271915 0.8376405 -0.5413612 0.07272088 0.8376394 -0.540903 0.07299894 0.8379112 -0.5409105 0.07299399 0.8379068 -0.5413843 0.07270401 0.8376259 -0.5413849 0.07270431 0.8376256 -0.5409067 0.0729621 0.8379121 -0.5413726 0.0726785 0.8376358 -0.541371 0.07268118 0.8376365 -0.5413823 0.07264918 0.837632 -0.5413861 0.0726484 0.8376296 -0.5409259 0.07293522 0.837902 0.1017299 0.3779017 -0.9202398 0.1019806 0.3781064 -0.920128 0.1017103 0.3778724 -0.9202541 0.1017482 0.3778734 -0.9202495 0.1017448 0.3778722 -0.9202503 0.1019752 0.3780899 -0.9201353 0.1017321 0.3778768 -0.9202498 0.1017698 0.377884 -0.9202427 0.1017383 0.3778778 -0.9202488 0.3649759 -0.1209935 0.9231215 0.3645176 -0.1212212 0.9232727 0.3645179 -0.1212196 0.9232727 0.3649973 -0.121003 0.9231118 0.3645178 -0.1212028 0.923275 0.3645079 -0.1212344 0.9232747 0.3645997 -0.121192 0.9232441 0.3645921 -0.1211885 0.9232475 0.3650589 -0.1209638 0.9230926 0.3649852 -0.1209964 0.9231173 0.3645536 -0.1212014 0.9232611 0.3645604 -0.1211954 0.9232591 0.3650772 -0.1209809 0.923083 0.3646062 -0.1212238 0.9232373 0.3646073 -0.1212139 0.9232382 0.3645951 -0.1212319 0.9232407 0.364591 -0.1211979 0.9232468 0.3650652 -0.1210002 0.9230853 0.365067 -0.1210527 0.9230777 0.3645969 -0.1212287 0.9232404 0.3645915 -0.1212335 0.9232419 0.365084 -0.1210362 0.9230731 0.3646098 -0.1212105 0.9232376 0.364592 -0.1212328 0.9232418 0.364598 -0.1212687 0.9232347 0.3646064 -0.1212587 0.9232327 0.3650884 -0.1210262 0.9230727 0.2170443 -0.4619394 0.859944 0.216697 -0.4621979 0.8598928 0.2166969 -0.462198 0.8598928 0.2169921 -0.4619576 0.8599476 0.2166557 -0.4622286 0.8598867 0.2166526 -0.4622238 0.8598899 0.2166006 -0.4622197 0.8599054 0.2165986 -0.4622229 0.8599041 0.2169649 -0.4619455 0.8599607 0.2169675 -0.4619578 0.8599536 0.2166315 -0.4622426 0.8598853 0.2166306 -0.4622409 0.8598864 0.2170343 -0.4619365 0.8599482 0.2166578 -0.4622378 0.8598813 0.2165967 -0.46223 0.8599008 0.2166613 -0.4622167 0.8598917 0.2166275 -0.4622133 0.859902 0.2170162 -0.4619503 0.8599453 -0.0773366 0.1081246 -0.9911247 0.03499716 0.0770241 -0.9964148 0.03499752 0.07701784 -0.9964153 -0.07733786 0.1081418 -0.9911228 -0.1886483 0.1377972 -0.9723291 0.6141973 0.3290753 0.7172664 0.6138625 0.3293731 0.7174164 0.613869 0.3293697 0.7174123 0.6141704 0.3290947 0.7172806 0.613848 0.3293658 0.7174322 0.6138491 0.3293645 0.7174319 0.6138551 0.3293725 0.7174229 0.6138542 0.3293741 0.717423 0.6141889 0.329069 0.7172766 0.614201 0.3291299 0.7172382 0.6138693 0.3294019 0.7173973 0.613868 0.3294024 0.7173982 0.6142274 0.3291181 0.7172211 0.6138744 0.3293835 0.7174014 0.6138809 0.3293743 0.7174001 0.6138939 0.3293716 0.7173902 0.6138938 0.3293785 0.7173872 0.6142386 0.3291108 0.7172148 0.9657714 -0.1699488 -0.195967 0.9657686 -0.1700776 -0.1958689 0.9657678 -0.1700859 -0.1958658 0.9657698 -0.1699636 -0.1959625 0.9657655 -0.1701221 -0.1958454 0.9657655 -0.1701221 -0.1958451 0.9657719 -0.1701067 -0.1958275 0.9657726 -0.1701072 -0.1958236 0.9657627 -0.1699959 -0.1959687 0.9657704 -0.1699947 -0.1959326 0.9657722 -0.1700994 -0.1958321 0.9657755 -0.1700922 -0.1958222 0.9657783 -0.1699644 -0.1959194 0.9657803 -0.1700738 -0.1958153 0.9657783 -0.1700858 -0.1958141 0.965779 -0.1700715 -0.195823 0.965779 -0.170071 -0.1958234 0.9657853 -0.1699208 -0.1959225 -0.3040798 -0.06963723 0.950098 -0.304082 -0.06963407 0.9500976 -0.3040791 -0.06963902 0.9500981 -0.3040485 -0.06960558 0.9501104 -0.30405 -0.06961643 0.9501091 -0.304049 -0.0696091 0.9501099 -0.3039985 -0.06959742 0.9501269 -0.3039972 -0.06960713 0.9501267 -0.303998 -0.06960135 0.9501268 -0.5258779 0.8467898 0.07999682 -0.5260907 0.8466099 0.08050078 -0.5260928 0.8466087 0.08049929 -0.5258974 0.8467802 0.07997077 -0.5260947 0.8466097 0.08047688 -0.526091 0.8466107 0.08048975 -0.5261206 0.8465975 0.08043515 -0.5261248 0.8465942 0.08044397 -0.5258911 0.8467862 0.0799483 -0.5258662 0.8468035 0.07992929 -0.5260689 0.8466284 0.08044785 -0.5260784 0.8466228 0.08044445 -0.5258538 0.8468098 0.07994401 -0.5260583 0.8466337 0.08046299 -0.5260617 0.8466318 0.08046001 -0.526039 0.8466424 0.08049654 -0.526039 0.8466424 0.08049649 -0.5258363 0.8468194 0.0799582 0.382843 0.6763867 -0.6292315 0.3593587 0.82524 -0.4357065 0.3593236 0.8252377 -0.43574 0.3063148 0.7778238 -0.5487818 0.3859053 0.5848381 -0.7134715 -0.7837164 -0.582271 -0.2162156 -0.7837376 -0.5822439 -0.2162114 -0.8233011 -0.5629847 -0.07227599 -0.6089658 -0.660323 -0.4394704 -0.5748369 -0.6126003 -0.542479 -0.4300164 0.7330458 -0.5270009 -0.4300155 0.7330463 -0.527001 -0.4300161 0.7330459 -0.5270009 -0.4299882 0.7330398 -0.5270322 -0.4302327 0.7332111 -0.5265942 -0.4299864 0.7330375 -0.5270368 -0.4302003 0.7332319 -0.5265915 -0.4302047 0.7332357 -0.5265827 -0.4299986 0.7330507 -0.5270085 -0.4852986 -0.611229 -0.6252076 -0.4835247 -0.4928634 -0.7233877 -0.4835363 -0.4928627 -0.7233803 -0.5747749 -0.6125985 -0.5425468 -0.6089034 -0.6603589 -0.4395029 -0.1851488 -0.3379423 -0.9227758 -0.1768112 -0.7191838 -0.6719468 -0.176814 -0.7191811 -0.6719489 -0.1851416 -0.3379528 -0.9227734 -0.1851783 -0.3379592 -0.9227637 -0.1851772 -0.3379621 -0.9227628 -0.1851761 -0.3379647 -0.922762 -0.6329562 -0.7689356 -0.09002596 -0.632609 -0.7692029 -0.09018236 -0.6326369 -0.7691801 -0.09018117 -0.6329764 -0.7689203 -0.0900141 -0.6326359 -0.7691777 -0.09020918 -0.6326825 -0.7691425 -0.09018254 -0.6326492 -0.7691665 -0.09021127 -0.6326588 -0.7691596 -0.09020173 -0.6329669 -0.7689276 -0.09001797 0.5121268 -0.3165823 -0.7984371 0.5121482 -0.3165807 -0.798424 0.5726901 -0.4780169 -0.6659774 0.8018989 0.3239901 -0.5019846 0.8018378 0.3239631 -0.5020999 0.80184 0.323967 -0.5020937 0.8019145 0.3239591 -0.50198 0.8018457 0.3239344 -0.5021057 0.8018473 0.3239448 -0.5020965 0.8018221 0.3239446 -0.5021369 0.8018287 0.3239186 -0.5021431 0.8018944 0.3239605 -0.502011 -0.4253917 0.5819777 0.6930685 -0.01991003 0.798053 0.6022583 0.07384419 0.7141832 0.6960528 0.07209253 0.7159752 0.6943934 -0.6751155 -0.5477322 -0.4941745 -0.6751444 -0.5476792 -0.4941939 -0.6751487 -0.5476714 -0.4941968 -0.6751117 -0.5477209 -0.4941924 -0.6751039 -0.5477446 -0.4941768 -0.6751161 -0.5477074 -0.4942013 -0.8048263 -0.1008802 -0.5848743 -0.89659 0.1453751 -0.418321 -0.8048253 -0.1008414 -0.5848824 -0.896585 0.1454037 -0.4183219 -0.9015421 0.3776322 -0.2112244 -0.9015454 0.3776245 -0.2112244 -0.8263679 0.3768735 0.4184287 -0.8263769 0.3768803 0.4184046 -0.8263756 0.3768792 0.4184083 -0.8263939 0.376872 0.4183786 -0.8263717 0.3768464 0.4184457 -0.8263907 0.3768681 0.4183884 -0.6975145 -0.6074166 0.3801563 -0.6975143 -0.6074191 0.3801524 -0.697514 -0.6074234 0.3801462 -0.6975057 -0.6074317 0.3801484 -0.6975061 -0.6074281 0.3801532 -0.6975057 -0.6074307 0.3801497 -0.4947527 -0.2448953 0.8338143 -0.4947564 -0.2448992 0.8338109 -0.4947585 -0.2449012 0.8338091 -0.4947622 -0.2448977 0.8338078 -0.4947633 -0.2448986 0.8338069 -0.4947646 -0.2448996 0.8338059 0.3949479 -0.1350124 0.9087287 0.4903884 -0.2265742 0.8415364 0.3949435 -0.1350272 0.9087285 0.4903826 -0.2265727 0.84154 0.5750689 -0.3131367 0.7558051 0.5750688 -0.3131411 0.7558032 0.7557547 -0.5669037 0.3278032 0.7557543 -0.5669091 0.3277952 0.7557555 -0.5668982 0.3278112 0.7557362 -0.5669212 0.3278161 0.7557345 -0.566928 0.3278081 0.7557341 -0.5669293 0.3278067 0.6169966 0.7010315 -0.3575893 0.5387724 0.7819142 -0.3135835 0.6169928 0.7010322 -0.3575945 0.5387639 0.7819163 -0.3135929 0.3885694 0.88283 -0.2638655 0.3885595 0.8828345 -0.2638654 0.3224129 0.9097785 -0.2614441 0.3224081 0.9097847 -0.2614286 -0.1791098 0.7161405 0.6745833 -0.1791015 0.7161514 0.6745738 -0.1790994 0.7161543 0.6745713 -0.1790856 0.7161278 0.6746031 -0.1790858 0.7161288 0.674602 -0.1790861 0.7161298 0.6746009 0.2560364 0.8765193 0.4076267 0.2560338 0.8765179 0.4076311 0.2560287 0.8765152 0.4076402 0.2560714 0.8765072 0.4076306 0.2560669 0.876508 0.4076315 0.2560731 0.8765068 0.4076304 0.5469104 0.831507 0.09739226 0.6280915 0.7776475 0.02766835 0.5469032 0.831513 0.09738129 0.6280809 0.7776549 0.02770304 0.7002624 0.712627 -0.04237335 0.7002757 0.712614 -0.04237115 0.7779786 -0.4669556 0.420359 0.7779885 -0.4669274 0.4203722 -0.04022544 -0.2381908 0.9703851 -0.04953724 -0.5514044 0.8327661 -0.320982 0.3461908 -0.8815456 -0.3209856 0.3461952 -0.8815425 -0.05727529 0.9520037 0.3006802 -0.05727398 0.9520037 0.3006805 -0.9513574 -0.2024809 0.2322081 -0.9508991 -0.2689983 0.1530716 -0.9513691 -0.2024441 0.2321922 -0.9509075 -0.2689661 0.1530756 -0.9402858 -0.3326172 0.07230919 -0.9402812 -0.3326307 0.07230705 -0.6785984 -0.3497838 -0.6458759 -0.6631799 -0.3235861 -0.674896 -0.6785903 -0.3497892 -0.6458814 -0.6631911 -0.3235647 -0.6748951 -0.6465897 -0.2968455 -0.7027123 -0.6465967 -0.2968501 -0.702704 -0.9307556 0.3597587 0.06532788 -0.9307547 0.3597609 0.06532949 -0.9307661 0.3597347 0.06531095 -0.9307618 0.359739 0.06534916 -0.9307613 0.3597398 0.06535011 -0.9307604 0.3597421 0.0653519 -0.357585 -0.6944265 0.6244237 -0.5794445 -0.8111562 -0.07918173 -0.5794475 -0.8111531 -0.07919007 -0.5794445 -0.8111562 -0.07918184 -0.5794553 -0.8111499 -0.07916647 -0.5794615 -0.8111439 -0.07918345 -0.5794581 -0.8111473 -0.07917392 -0.7649163 -0.5195463 -0.3807557 -0.7649151 -0.5195534 -0.3807482 -0.7649157 -0.5195502 -0.3807517 -0.7649149 -0.5195518 -0.3807509 -0.7649145 -0.5195549 -0.3807476 -0.7649137 -0.5195593 -0.380743 -0.325268 0.03348004 0.945029 -0.3414556 -0.1304831 0.9307966 -0.3252577 0.03348028 0.9450325 -0.3414521 -0.130475 0.930799 -0.3483386 -0.2909048 0.8910863 -0.3483526 -0.290915 0.8910774 -0.414642 -0.6690497 0.6168019 -0.4146375 -0.6690427 0.6168125 -0.4146377 -0.6690428 0.6168123 -0.4146377 -0.6690591 0.6167947 -0.4146381 -0.6690595 0.6167939 -0.4146337 -0.6690527 0.6168043 -0.409464 -0.2307209 0.8826705 -0.4094708 -0.2307239 0.8826665 -0.4094868 -0.2307314 0.8826572 -0.4094789 -0.2307499 0.882656 -0.4094839 -0.2307533 0.8826527 -0.4094797 -0.2307503 0.8826554 -0.8155347 -0.5515113 0.1753243 -0.8155645 -0.5514701 0.1753153 -0.3745685 -0.8845728 -0.277902 -0.7337392 -0.5172451 -0.44055 -0.3745669 -0.8845797 -0.2778822 -0.7337471 -0.5172623 -0.4405167 -0.7981558 -0.4286735 -0.4233042 -0.7981556 -0.4286907 -0.4232872 -0.8527521 -0.3348399 -0.4008692 -0.8527534 -0.3348236 -0.4008802 -0.914758 0.3805128 0.1357494 -0.6642547 0.5116574 0.5449519 -0.91476 0.3805067 0.1357527 -0.6642469 0.5116815 0.5449388 -0.6642738 0.511651 0.5449345 -0.6642552 0.5116536 0.5449548 -0.6642624 0.5116528 0.5449467 -0.6642591 0.5116469 0.5449562 -0.6642542 0.5116473 0.544962 -0.6642927 0.5116421 0.5449199 -0.1308504 0.3518108 0.9268805 -0.1308809 0.3518341 0.9268674 -0.1308661 0.3518229 0.9268737 -0.1309167 0.351851 0.9268558 -0.1308811 0.3518232 0.9268714 -0.1308737 0.3518174 0.9268746 -0.4001114 -0.8065642 -0.4351612 -0.4734023 -0.8276382 -0.3015051 -0.4734348 -0.8276169 -0.3015127 -0.400113 -0.8065459 -0.4351935 -0.6888632 -0.719133 0.09118819 -0.6888604 -0.7191385 0.09116625 -0.6888617 -0.7191357 0.09117722 -0.6888354 -0.7191588 0.09119522 -0.6888295 -0.7191698 0.09115219 -0.6888334 -0.7191626 0.0911802 -0.5334545 -0.536625 0.6538041 -0.5334418 -0.5366236 0.6538157 -0.5334341 -0.5366227 0.6538228 -0.533465 -0.5366013 0.6538152 -0.5334528 -0.5366002 0.6538259 -0.5334516 -0.5366001 0.6538271 0.04620546 -0.4335688 0.899935 0.04620921 -0.4335799 0.8999296 0.3212394 -0.7770588 -0.5412808 0.2356646 -0.8081241 -0.5398125 0.3212464 -0.7770681 -0.5412634 0.235632 -0.8081424 -0.5397995 0.1480975 -0.8324976 -0.533868 0.1480849 -0.8324931 -0.5338784 -0.2313687 -0.8781362 0.4187425 -0.1076234 -0.9169383 0.3842415 -0.2313399 -0.878143 0.4187444 -0.1076248 -0.9169464 0.3842215 -0.7268803 -0.4586241 0.511184 -0.7268798 -0.4586269 0.5111821 -0.7268823 -0.4586107 0.511193 -0.7268344 -0.4586166 0.511256 -0.7268351 -0.4586148 0.5112566 -0.7268466 -0.458583 0.5112686 0.8362094 0.4420336 0.3245926 0.8362101 0.4420326 0.324592 0.8362053 0.4420388 0.324596 0.8362396 0.4420223 0.3245298 0.8362459 0.4420073 0.3245342 0.836233 0.442039 0.3245243 0.8035468 -0.3696952 0.4665171 0.8035509 -0.3696596 0.4665381 0.8035488 -0.3696773 0.4665277 0.8035386 -0.3696953 0.4665309 0.8035413 -0.3696795 0.4665389 0.8035408 -0.3696824 0.4665374 0.5429286 -0.7781193 0.3158465 0.5429307 -0.7781184 0.3158453 0.5429372 -0.778115 0.3158424 0.5428947 -0.7781563 0.3158136 0.5428913 -0.7781586 0.3158137 0.5429279 -0.7781324 0.3158156 0.01794862 -0.9392449 0.3427783 0.01796174 -0.9392465 0.3427731 0.3119321 -0.8157892 0.4870179 0.3119329 -0.8157897 0.4870166 0.3119204 -0.815782 0.4870374 0.3118663 -0.8158043 0.4870347 0.311879 -0.8158198 0.4870007 0.3118654 -0.8158033 0.487037 0.1683371 -0.2263832 0.9593818 0.1846949 -0.1916003 0.9639384 0.1683074 -0.2263265 0.9594003 0.1847022 -0.1915932 0.9639384 0.2007371 -0.1565062 0.9670628 0.200717 -0.1564954 0.9670687 0.4994544 0.2720146 0.8225287 0.5294727 0.3818723 0.7575172 0.4993861 0.272009 0.822572 0.5294771 0.3818808 0.7575097 0.5503666 0.4851642 0.6794942 0.5503383 0.4851858 0.6795017 0.6262889 0.7120949 0.3173061 0.6263021 0.7120819 0.317309 0.9024149 -0.05163276 -0.4277635 0.9024158 -0.05162239 -0.4277628 0.9024159 -0.05162149 -0.4277625 0.9024073 -0.05165529 -0.4277768 0.9024156 -0.05160808 -0.4277649 0.9024114 -0.05163204 -0.4277709 0.7785226 -0.5351315 -0.3279284 0.7400026 -0.6406886 -0.2047299 0.7785335 -0.5351116 -0.3279349 0.7400202 -0.6406651 -0.2047399 0.6093837 -0.791153 -0.05223757 0.609391 -0.7911488 -0.0522142 0.5319586 -0.8463018 -0.02816653 0.5320379 -0.8462364 -0.02863228 -0.4473038 0.5214715 -0.726627 -0.4472738 0.5214847 -0.7266359 -0.4473065 0.5214709 -0.7266259 -0.4473129 0.5214601 -0.7266297 -0.447316 0.5214588 -0.7266287 -0.4473334 0.5214514 -0.7266234 -0.8114528 0.204798 -0.5473594 -0.8300731 0.1658113 -0.5324333 -0.8114612 0.2047815 -0.547353 -0.8300673 0.1658579 -0.5324279 -0.8469914 0.1264421 -0.5163507 -0.8469917 0.1264384 -0.5163511 -0.8322302 -0.4487563 -0.325593 -0.83221 -0.4487843 -0.3256058 0.5939217 -0.6279386 0.5029417 0.5939199 -0.6279318 0.5029521 0.5939195 -0.6279308 0.502954 0.5939207 -0.6279419 0.5029387 0.5939205 -0.6279357 0.5029466 0.5939205 -0.6279351 0.5029473 0.114126 -0.9848919 -0.1302435 0.1141784 -0.9848881 -0.1302261 0.1141346 -0.9848913 -0.1302404 0.1141493 -0.9848968 -0.130186 0.1141499 -0.9848973 -0.1301816 0.114149 -0.9848964 -0.1301885 -0.7440415 -0.6666275 -0.04483431 -0.7440397 -0.6666292 -0.04483866 -0.7440403 -0.6666287 -0.04483741 -0.7440288 -0.666639 -0.04487359 -0.7440451 -0.6666218 -0.04485982 -0.7440406 -0.6666266 -0.0448637 -0.8133615 -0.2623745 0.5192328 -0.8133582 -0.2623742 0.5192381 -0.813349 -0.2623721 0.5192537 -0.8133451 -0.2624203 0.5192353 -0.8133449 -0.2624195 0.519236 -0.8133452 -0.2624208 0.5192348 -0.2204032 -0.3567916 0.9078118 -0.2204158 -0.3567909 0.9078091 -0.2203974 -0.3567918 0.9078132 -0.2203977 -0.3568008 0.9078095 -0.2203955 -0.3568026 0.9078093 -0.2203868 -0.3568098 0.9078086 0.4512996 -0.2709857 -0.8502326 0.5635366 -0.3053147 -0.7675999 0.4513231 -0.270967 -0.8502262 0.5635316 -0.3053624 -0.7675845 0.6641878 -0.3333978 -0.6691043 0.6641926 -0.3333554 -0.6691207 0.8345921 -0.4334368 -0.3399833 0.8345972 -0.4334051 -0.3400112 0.8844456 0.3145642 0.3446816 0.8844524 0.3145471 0.34468 0.8844454 0.3145647 0.3446816 0.8844444 0.314566 0.3446834 0.8844566 0.3145304 0.3446841 0.8844603 0.3145201 0.3446842 0.6394261 0.7642991 0.08355414 0.5674945 0.8196756 0.07798659 0.6394216 0.7643025 0.0835573 0.5674941 0.819679 0.07795542 0.4909281 0.8682392 0.07176756 0.4908895 0.8682592 0.07178699 0.1094033 0.6057148 -0.7881247 0.1040825 0.5092923 -0.8542765 0.1094051 0.6057368 -0.7881076 0.1041136 0.5092822 -0.8542786 0.09734731 0.4058691 -0.9087321 0.09733885 0.4058402 -0.9087458 -0.6088186 0.4370415 0.6620686 -0.6088297 0.4370197 0.6620727 -0.608823 0.4370326 0.6620703 -0.6087465 0.437019 0.6621497 -0.6087402 0.437041 0.662141 -0.60874 0.4370416 0.6621407 0.626025 0.04373568 0.7785756 0.1265208 0.1326829 0.9830502 0.6292853 -0.2940457 0.7194005 0.6292842 -0.2940461 0.7194014 0.6292826 -0.2940466 0.7194026 0.6293233 -0.2940284 0.7193744 0.6293122 -0.2940075 0.7193927 0.629324 -0.2940294 0.7193735 0.4287535 -0.8142729 0.3913182 0.4287535 -0.8142734 0.3913175 0.4287521 -0.8142762 0.3913133 0.4287696 -0.814278 0.3912901 0.4287623 -0.8142845 0.3912847 0.4287571 -0.8142891 0.3912807 -0.39375 -0.8783873 0.2709181 -0.3937469 -0.8783892 0.2709166 -0.3937487 -0.8783882 0.2709175 -0.3937336 -0.8783935 0.2709223 -0.3937423 -0.8783903 0.2709196 -0.3937405 -0.878391 0.2709202 -0.7545673 -0.4343478 0.4919049 -0.7529457 -0.4229869 0.5041379 -0.7710848 -0.4527866 0.4476748 -0.7425985 -0.4074143 0.531565 -0.09997314 -0.7566695 0.6461089 -0.09992736 -0.7566463 0.6461431 -0.09996277 -0.7566643 0.6461166 -0.0999298 -0.7567122 0.6460656 -0.09987407 -0.7566944 0.6460949 -0.09991818 -0.7567083 0.6460719 -0.7916336 -0.416775 0.4467831 -0.7916246 -0.4167813 0.446793 -0.7916286 -0.4167783 0.4467888 -0.7916361 -0.4167758 0.4467778 -0.7916162 -0.4167957 0.4467942 -0.7916558 -0.4167557 0.4467614 -0.9737631 0.0399183 0.2240362 -0.9737632 0.03991347 0.2240362 -0.9737622 0.03994292 0.2240351 -0.9737667 0.03992891 0.224018 -0.973767 0.03991979 0.2240187 -0.9737667 0.03993028 0.2240182 -0.6145526 0.7206073 0.3210144 -0.4573292 0.7775614 0.431565 -0.6145545 0.7205943 0.3210399 -0.4573094 0.7775756 0.4315602 -0.2816768 0.8032594 0.5248167 -0.2816564 0.8032408 0.524856 -0.5676824 0.1875405 0.8016017 -0.567667 0.1875213 0.8016172 -0.5676813 0.1875398 0.8016027 -0.5676938 0.1875177 0.801599 -0.5676978 0.1875222 0.8015952 -0.5676931 0.1875175 0.8015996 -0.6564939 0.5956163 0.4628791 -0.5521357 0.7574817 0.3483788 -0.6564766 0.5956146 0.4629058 -0.5521169 0.7574989 0.3483713 -0.552096 0.757502 0.3483979 -0.5520976 0.7574995 0.3484007 -0.5521015 0.7574928 0.3484086 -0.5520806 0.757514 0.3483958 -0.5520766 0.7575213 0.3483864 -0.5520908 0.7574956 0.3484199 -0.3498343 0.9326162 0.08856135 -0.3498477 0.9326102 0.08857107 -0.3498632 0.9326035 0.08858156 -0.3498657 0.9326043 0.08856236 -0.3498483 0.9326125 0.0885449 -0.3498719 0.9326015 0.08856856 0.05761539 -0.9143289 -0.4008529 0.1370432 -0.9696629 -0.2024182 0.057626 -0.9143165 -0.4008798 0.1370446 -0.9696625 -0.2024193 0.1641945 -0.9779259 0.1292332 0.1642041 -0.9779212 0.1292566 -0.3560008 -0.5651242 -0.7442434 -0.2323135 -0.6386638 -0.7335795 -0.2323171 -0.638661 -0.733581 -0.3560326 -0.5651147 -0.7442353 -0.672457 -0.2614831 -0.6924076 -0.67245 -0.2614876 -0.6924127 -0.6724581 -0.2614823 -0.6924068 -0.6724588 -0.2614755 -0.6924087 -0.6724678 -0.2614697 -0.6924021 -0.6724596 -0.261475 -0.6924081 -0.9223698 -0.05165028 -0.3828397 -0.9714785 -0.0152772 -0.2366353 -0.9223704 -0.05163687 -0.3828402 -0.971485 -0.01523709 -0.2366112 -0.1967717 -0.7965667 0.5716314 -0.1967651 -0.7965733 0.5716245 -0.1967672 -0.7965711 0.5716267 -0.1967863 -0.796575 0.5716149 -0.1967885 -0.7965728 0.5716171 -0.1967946 -0.7965668 0.5716235 0.1157803 -0.961176 0.250471 0.1158131 -0.9611749 0.2504603 -0.8720907 -0.4811975 -0.08892077 -0.8265959 -0.5623968 -0.02119755 -0.8720889 -0.4811984 -0.08893322 -0.8265823 -0.5624154 -0.02123528 -0.7701663 -0.636123 0.04681235 -0.7701423 -0.6361525 0.04680532 -0.3842071 -0.9077609 0.1683897 -0.3842144 -0.9077593 0.1683816 -0.3842127 -0.9077597 0.1683836 -0.3841757 -0.9077668 0.1684297 -0.3841868 -0.9077612 0.1684343 -0.384153 -0.9077781 0.1684205 0.2726447 -0.8817686 -0.3849013 0.2726534 -0.8817662 -0.3849011 0.2726476 -0.8817678 -0.3849012 0.2726694 -0.8817974 -0.3848181 0.2726729 -0.8817953 -0.3848204 0.2726789 -0.8817917 -0.3848242 0.8701766 0.4271777 0.2455849 0.8632821 0.4949955 0.09860783 0.8701671 0.4272061 0.2455696 0.8632931 0.494984 0.09857004 0.8337782 0.5497424 -0.0509653 0.8337778 0.5497443 -0.0509507 0.6547158 0.4898223 -0.5756921 0.6536843 0.3146615 -0.6882479 0.6547051 0.4897965 -0.5757263 0.6536744 0.3146793 -0.6882491 0.6243164 0.1258502 -0.7709676 0.6243319 0.1258477 -0.7709554 0.8074603 -0.2355974 0.5408343 0.8074595 -0.2356058 0.5408319 0.8074582 -0.2356187 0.5408281 0.8074594 -0.2356139 0.5408284 0.8074684 -0.2355718 0.5408333 0.8074626 -0.2355993 0.5408301 -0.389267 -0.3886551 -0.8351159 -0.389271 -0.3886581 -0.8351126 -0.3892576 -0.388648 -0.8351236 -0.3892831 -0.388625 -0.8351223 -0.3892828 -0.3886202 -0.8351249 -0.3892825 -0.3886174 -0.8351262 -0.1935899 -0.138942 -0.9711942 -0.1935632 -0.1389266 -0.9712017 -0.1491241 -0.250751 -0.9564967 -0.2733138 0.3492785 -0.8962724 -0.2009399 0.07724088 -0.9765536 -0.2732514 0.3493144 -0.8962774 -0.4491991 0.7704463 -0.4523636 -0.5612322 0.7131446 -0.4200518 -0.4491986 0.770468 -0.4523271 -0.561236 0.713144 -0.4200474 -0.7094567 0.6682865 -0.2237509 -0.7569857 0.6353818 -0.1525206 -0.7569909 0.6353864 -0.1524763 -0.7094986 0.6682634 -0.2236871 -0.9646773 -0.1489794 0.217262 -0.9410624 0.08028 0.3285676 0.10647 0.7848967 0.6104108 -0.1266386 0.9588751 0.2540104 0.1064618 0.7848905 0.6104202 -0.1238374 0.97469 0.1861284 0.7519226 0.2131088 -0.6238567 0.7519119 0.2131187 -0.6238661 0.7519349 0.213097 -0.6238459 0.7519546 0.2131161 -0.6238157 0.7519528 0.2131145 -0.6238183 0.7519502 0.2131122 -0.6238223 0.1229802 0.992374 -0.008354187 0.1229782 0.9923742 -0.008362412 0.1229826 0.9923737 -0.008345723 0.1229589 0.9923765 -0.008374691 0.122946 0.9923779 -0.008382558 0.1229656 0.9923756 -0.008370697 0.3816263 0.6277542 0.678444 0.3816251 0.6277516 0.678447 0.381622 0.6277452 0.6784547 0.3816097 0.6277586 0.6784492 0.3816054 0.6277517 0.678458 0.3816105 0.6277599 0.6784475 -0.02721816 0.3157081 0.948466 -0.1553381 0.2370496 0.9589983 -0.02721989 0.3157336 0.9484574 -0.15538 0.2370692 0.9589866 -0.2799305 0.1530136 0.9477477 -0.2799256 0.1530182 0.9477485 -0.7295556 0.09491258 0.6773037 -0.7295477 0.09491008 0.6773126 -0.7295484 0.09491026 0.6773118 -0.7295705 0.09490191 0.6772893 -0.7295766 0.09490376 0.6772823 -0.7295736 0.09490269 0.6772856 -0.9635034 0.2293089 0.1381255 -0.9635033 0.2293152 0.1381161 -0.9635034 0.229313 0.1381196 -0.9635105 0.2293068 0.1380796 -0.9635106 0.229306 0.1380807 -0.9635104 0.229308 0.1380782 -0.7514635 0.649329 -0.1169384 -0.6455194 0.7524418 -0.1309049 -0.7514766 0.6493218 -0.1168942 -0.6455218 0.7524334 -0.1309422 -0.5253329 0.8389565 -0.1420473 -0.5253536 0.838943 -0.1420504 0.7634367 0.196388 -0.6153018 0.7634379 0.196395 -0.615298 0.6900352 0.6637514 0.2885923 0.6322781 0.7300255 0.2593979 0.6900343 0.6637547 0.2885869 0.6322618 0.7300418 0.2593918 0.5691269 0.7900231 0.2279435 0.5691142 0.7900357 0.2279312 0.05889338 0.9628345 0.2635928 0.05889451 0.9628344 0.263593 0.05889272 0.9628347 0.2635927 0.05889821 0.9628362 0.2635861 0.05889797 0.9628361 0.2635861 0.05889624 0.9628363 0.2635861 -0.5008092 0.8592525 -0.1042843 -0.5008093 0.8592529 -0.1042808 -0.5008093 0.8592527 -0.1042828 -0.5008287 0.8592405 -0.1042906 -0.5008233 0.8592444 -0.1042838 -0.5008267 0.859242 -0.1042881 -0.5859954 0.6365258 -0.5014422 -0.5717465 0.5817492 -0.5785101 -0.5860191 0.6365215 -0.5014201 -0.5717477 0.5817377 -0.5785205 -0.5522815 0.5216693 -0.6502664 -0.5523216 0.5216708 -0.6502311 -0.2539915 -0.965891 0.05042934 -0.3889144 -0.8513559 0.3520497 -0.2539849 -0.9658927 0.05042731 -0.3889164 -0.8513616 0.3520336 0.156367 -0.1860427 0.9700194 0.2122269 -0.1092669 0.9710925 0.1563858 -0.1860548 0.970014 0.2909541 -0.08285516 0.9531427 0.4414162 -0.02846372 0.8968511 0.3554154 -0.03011965 0.9342231 0.2910153 -0.08284133 0.9531251 0.4414458 -0.02847212 0.8968361 0.9272605 0.116445 0.355849 0.9272612 0.1164444 0.3558474 0.9272602 0.1164453 0.3558498 0.9272573 0.1164071 0.3558698 0.9272577 0.1164068 0.3558689 0.9272564 0.1164079 0.355872 0.9679067 -0.11882 -0.2214461 0.9679072 -0.1188192 -0.2214446 0.9679057 -0.1188222 -0.2214496 0.9678938 -0.1188602 -0.2214816 0.9678947 -0.1188544 -0.2214804 0.9678944 -0.1188561 -0.2214808 -0.924804 0.2409505 0.2944158 -0.9016636 0.3853661 0.196204 -0.9248077 0.2409417 0.2944114 -0.9016591 0.3853501 0.1962552 -0.8505379 0.5178229 0.09189617 -0.8505187 0.5178578 0.09187757 0.3117851 0.7389503 0.5972794 0.3117851 0.7389484 0.5972816 0.3117852 0.7389476 0.5972825 0.3117649 0.7389529 0.5972867 0.311765 0.7389516 0.5972881 0.311765 0.7389523 0.5972873 0.5940096 0.2250649 0.7723331 0.2318256 0.2910632 0.9281913 -0.4138772 -0.4242331 0.8054389 -0.4138826 -0.4242351 0.8054352 -0.4138782 -0.4242335 0.8054384 -0.4139005 -0.4241886 0.8054504 -0.4138989 -0.424188 0.8054515 -0.4139019 -0.4241891 0.8054494 0.1392362 -0.6368903 0.7582771 0.1392377 -0.636888 0.7582787 0.1392388 -0.6368865 0.7582799 0.1392276 -0.6368852 0.7582829 0.1392253 -0.6368886 0.7582806 0.1392261 -0.6368874 0.7582814 -0.6572496 -0.7348276 0.1674853 -0.6572498 -0.7348275 0.1674853 -0.6572468 -0.734823 0.1675168 -0.6572464 -0.7348234 0.1675168 -0.6572464 -0.7348234 0.1675168 0.6468305 0.01914709 -0.7623935 0.8045883 0.1876378 -0.5634092 0.6468194 0.01911568 -0.7624036 0.8045886 0.1876291 -0.5634116 0.3433667 -0.6046997 -0.7186359 0.408927 -0.4884105 -0.7708658 0.3033306 -0.7240356 -0.6194862 0.4089158 -0.4884093 -0.7708724 0.3033082 -0.7240126 -0.619524 0.2394517 -0.8189297 -0.5215525 0.34336 -0.604684 -0.7186523 0.2008669 -0.9046955 -0.3757372 -0.0489825 -0.953153 0.2984966 -0.04900115 -0.9531648 0.2984559 -0.05038654 -0.9539932 0.2955645 -0.04898834 -0.9531573 0.2984822 -0.04898083 -0.9531478 0.2985132 -0.04899054 -0.95316 0.2984728 0.1089351 -0.693056 0.7126055 0.1580485 -0.6370748 0.7544246 0.1089329 -0.6930726 0.7125898 0.1580162 -0.637086 0.7544219 0.2059924 -0.5764402 0.7907491 0.2060083 -0.5764356 0.7907482 0.8341873 -0.09736543 0.5428183 0.7558835 -0.1270617 0.6422581 0.892784 -0.04413896 0.4483175 0.7558894 -0.1270362 0.6422563 0.8927894 -0.04414677 0.4483061 0.9404539 -0.001299321 0.3399188 0.8341723 -0.09737151 0.5428401 0.9685538 0.06342369 0.2405847 0.8876446 0.3386616 -0.3120825 0.8876401 0.3386473 -0.3121107 0.4584349 0.6953759 0.5534348 0.2536684 0.9533591 0.1635809 0.4584126 0.6953728 0.5534569 0.2536638 0.9533581 0.1635947 0.2536467 0.953373 0.1635345 0.2536469 0.9533709 0.1635458 0.2536474 0.9533655 0.1635764 0.2536593 0.9533709 0.1635268 0.2536637 0.95337 0.1635249 0.2536576 0.9533712 0.1635276 0.4807949 0.8182122 -0.3152223 0.4808142 0.8181896 -0.3152518 0.4807857 0.8182231 -0.3152081 0.4808401 0.8182133 -0.3151507 0.4808407 0.8182131 -0.3151506 0.4808362 0.8182149 -0.3151524 0.6412696 0.2909803 -0.7100027 0.641273 0.2909646 -0.7100062 0.6412745 0.2909566 -0.710008 0.6413003 0.2909504 -0.7099872 0.6412966 0.2909552 -0.7099886 0.6413039 0.2909459 -0.7099859 0.8426104 -0.2497854 -0.4770902 0.842612 -0.2497835 -0.4770884 0.8426086 -0.2497877 -0.4770922 0.8425761 -0.2497696 -0.4771589 0.842576 -0.2497714 -0.4771583 0.8425765 -0.2497578 -0.4771645 0.07388609 0.7142118 0.696019 -0.01989251 0.7980267 0.6022939 0.2497609 -0.8096452 0.5311255 -0.1789173 -0.7257813 0.6642516 0.2497623 -0.8096553 0.5311092 -0.1789166 -0.7257857 0.664247 -0.5703646 -0.4905766 0.658801 -0.570403 -0.4905763 0.6587681 0.5879817 -0.804627 -0.08278328 0.6985908 -0.7136169 -0.05217194 0.5879897 -0.8046203 -0.08279055 0.6985951 -0.7136126 -0.05217283 0.7941973 -0.6073169 -0.02042436 0.7941868 -0.6073313 -0.02040004 0.9319814 -0.334915 -0.1387179 0.9509767 -0.2698184 -0.1511335 0.9319762 -0.3349266 -0.1387246 0.9607542 -0.1979154 -0.1943733 0.9597101 -0.05019807 -0.2764717 0.9670042 -0.1273354 -0.2206549 0.9607525 -0.1979026 -0.1943942 0.9597126 -0.05018901 -0.2764651 0.8107692 0.3643857 -0.4581227 0.6846554 0.3790389 -0.6225565 0.8107656 0.364382 -0.4581322 0.6846468 0.3790606 -0.6225527 0.3882621 0.3319813 -0.8596749 0.3882787 0.3319565 -0.859677 0.2352534 0.2761201 -0.9318871 0.2352569 0.2761135 -0.9318882 -0.1108738 -0.04793268 -0.9926779 -0.1851651 -0.337911 -0.922784 -0.1110924 -0.04800134 -0.9926503 -0.1851415 -0.3379626 -0.9227697 -0.947544 0.02547949 0.3186084 -0.947544 0.02547943 0.3186085 -0.9475416 0.02548044 0.3186152 -0.9475445 0.02546453 0.3186081 -0.9475435 0.02546507 0.3186111 -0.9475421 0.02546548 0.3186151 -0.4556021 0.4861442 -0.7457148 -0.2241252 0.5548351 -0.8012028 0.2755873 0.8287192 -0.4871101 0.2756225 0.8287003 -0.4871222 0.00207287 0.5093321 0.8605677 0.002069413 0.5093299 0.8605688 0.002068102 0.5093291 0.8605693 0.002065718 0.5093161 0.8605771 0.002064645 0.5093154 0.8605775 0.002071142 0.5093192 0.8605752 -0.5788539 0.236448 0.7803978 -0.6118425 0.2061599 0.7636407 -0.5788404 0.2364397 0.7804102 -0.6118525 0.2061572 0.7636333 -0.6434026 0.1754333 0.7451552 -0.6434056 0.1754574 0.7451471 -0.7177204 -0.161048 0.6774519 -0.7177203 -0.1610481 0.6774519 -0.7177203 -0.161048 0.6774519 -0.7176255 -0.1610212 0.6775588 -0.1483802 0.9459198 0.2884773 -0.1483804 0.9459197 0.2884773 -0.14838 0.9459198 0.2884773 -0.1483771 0.9459275 0.2884538 -0.1483771 0.9459275 0.2884538 -0.1483764 0.9459276 0.2884539 -0.8180363 0.01593756 -0.5749457 -0.8179819 0.01597476 -0.5750222 -0.8180285 0.01592057 -0.5749574 -0.8180268 0.01594895 -0.5749589 -0.8180274 0.01595801 -0.574958 -0.8180006 0.01597487 -0.5749956 -0.8179939 0.01596736 -0.5750052 -0.8180289 0.01590341 -0.5749572 -0.818039 0.01589918 -0.5749433 -0.8179883 0.0159738 -0.5750131 -0.81801 0.01596415 -0.5749825 -0.8180378 0.01590251 -0.5749447 -0.8180184 0.01593548 -0.5749714 -0.8179816 0.01597225 -0.5750228 -0.8180156 0.01594841 -0.574975 -0.8180177 0.01595431 -0.5749717 -0.8179807 0.01599484 -0.5750235 -0.8179815 0.01599043 -0.5750225 -0.8680128 0.4810373 -0.1231131 -0.8680437 0.4810178 -0.1229718 -0.8680155 0.481032 -0.1231154 -0.8680203 0.4810281 -0.1230962 -0.8680174 0.4810338 -0.1230949 -0.8680432 0.4810235 -0.1229538 -0.8679891 0.4810757 -0.1231302 -0.8680194 0.4810619 -0.122972 -0.8679875 0.4810766 -0.1231393 -0.8680037 0.481042 -0.1231592 -0.8680047 0.4810396 -0.123161 -0.8680316 0.4810323 -0.1230009 -0.8679921 0.4810597 -0.1231721 -0.8680304 0.4810308 -0.1230144 -0.8679891 0.481067 -0.1231644 -0.868009 0.4810326 -0.1231589 -0.8680135 0.4810251 -0.1231567 -0.8680396 0.4810175 -0.1230028 -0.8680016 0.4810433 -0.1231684 -0.8680207 0.481047 -0.1230208 -0.8680033 0.48104 -0.1231697 -0.8680289 0.4810008 -0.1231428 -0.8680279 0.4810013 -0.1231476 -0.8680374 0.4810257 -0.122986 -0.4449412 -0.5419255 -0.7129827 -0.4451208 -0.5415949 -0.7131217 -0.4451196 -0.5415956 -0.7131218 -0.4449678 -0.541949 -0.7129481 -0.4451559 -0.5415923 -0.7131017 -0.4451543 -0.5415921 -0.7131029 0.1447604 -0.9323528 -0.3313049 0.1447947 -0.9323455 -0.3313102 0.1447665 -0.9323515 -0.3313056 0.1447665 -0.9323441 -0.3313264 0.1447619 -0.9323452 -0.3313255 0.1447605 -0.9323454 -0.3313254 0.1447834 -0.9323427 -0.331323 0.1450476 -0.9323515 -0.3311828 0.1447466 -0.9323506 -0.3313168 0.1447733 -0.9323519 -0.3313017 0.1448066 -0.9323557 -0.3312764 0.1451056 -0.9323493 -0.3311637 0.1448132 -0.9323472 -0.3312972 0.1451026 -0.9323531 -0.3311539 0.1451007 -0.9323523 -0.3311572 0.1448042 -0.932358 -0.3312708 0.144804 -0.9323624 -0.3312585 0.1450872 -0.9323761 -0.3310963 0.6508488 0.753851 0.0900256 0.6508722 0.7538317 0.09001892 0.6508744 0.7538298 0.09001839 0.6508826 0.7538271 0.08998125 0.6508664 0.7538398 0.08999139 0.6508729 0.7538348 0.08998739 0.6509036 0.7538065 0.09000271 0.650889 0.753818 0.09001123 0.6508772 0.7538274 0.09001821 0.6509068 0.7538056 0.08998697 0.6508991 0.7538104 0.09000211 0.6509044 0.753807 0.08999145 -0.1536871 -0.2350223 -0.9597629 -0.1536415 -0.2350319 -0.9597679 0.6509 0.7538179 0.08993148 0.6508927 0.7538253 0.08992302 0.6508967 0.7538214 0.08992761 0.6508775 0.753835 0.0899527 0.6508905 0.7538217 0.08996915 0.6508831 0.7538292 0.08995974 0.7533562 -0.6526624 -0.08053833 0.7530098 -0.6530032 -0.08101409 0.753358 -0.6526603 -0.08053863 0.7533698 -0.652649 -0.08051848 0.7533738 -0.6526452 -0.08051222 0.7530222 -0.6529895 -0.08100855 0.2550222 0.8190086 -0.513993 0.2551419 0.8192215 -0.513594 0.2551473 0.8192249 -0.513586 0.255001 0.8190303 -0.513969 0.2551745 0.8192316 -0.5135616 0.2551702 0.8192419 -0.5135476 0.753387 -0.6526288 -0.08052098 0.7530349 -0.6529735 -0.08101874 0.7533839 -0.6526317 -0.08052861 0.7533748 -0.6526477 -0.08048278 0.753371 -0.6526526 -0.08047902 0.7530293 -0.6529858 -0.08097219 0.7533785 -0.6526428 -0.08048868 0.7530351 -0.6529766 -0.08099341 0.7533782 -0.6526433 -0.08048772 0.7533751 -0.6526467 -0.08048683 0.7533751 -0.6526467 -0.08048689 0.7530155 -0.6529996 -0.08098888 -0.03073436 -0.96899 0.2451812 -0.03099876 -0.969033 0.2449781 -0.03073608 -0.9689893 0.2451835 -0.03070193 -0.9689894 0.2451874 -0.03070282 -0.9689894 0.2451875 -0.03098052 -0.9690319 0.2449848 0.5415953 -0.7195137 0.4347121 0.5415711 -0.7196074 0.4345871 0.5415779 -0.7196118 0.4345715 0.5416043 -0.7195116 0.4347043 0.5416043 -0.7195092 0.4347085 0.5416079 -0.7195793 0.4345878 0.5415775 -0.7195176 0.434728 0.5415769 -0.7195857 0.4346159 0.5415737 -0.7195924 0.4346089 0.5415977 -0.7195007 0.4347307 0.5415848 -0.719573 0.434627 0.5415967 -0.7195615 0.4346312 0.5731359 -0.3580514 -0.7370987 0.5733355 -0.3576173 -0.7371541 0.5733268 -0.3576331 -0.7371533 0.5731341 -0.3580605 -0.7370957 0.5731163 -0.3580812 -0.7370994 0.5733578 -0.3576347 -0.7371284 0.5731338 -0.3580517 -0.7371002 0.5733458 -0.357609 -0.7371502 0.5733495 -0.3575996 -0.7371519 0.5731273 -0.3580318 -0.737115 0.5731288 -0.3580214 -0.7371188 0.5733399 -0.3576176 -0.7371507 0.9435634 0.293775 0.1529203 0.9435361 0.2938576 0.1529296 0.943569 0.293758 0.1529183 0.9435727 0.2937508 0.1529089 0.9435704 0.2937552 0.1529144 0.9435405 0.2938377 0.1529409 -0.7422857 0.275238 0.6109469 -0.7345624 0.2429862 0.6335422 0.5731251 -0.3580085 -0.7371279 0.5733699 -0.3575916 -0.7371399 0.5733734 -0.3576056 -0.7371304 0.5731581 -0.3580172 -0.737098 0.5733472 -0.3575495 -0.737178 0.5733664 -0.3575789 -0.7371488 -0.7287496 0.4681184 0.4997891 -0.7288454 0.4678712 0.499881 -0.728748 0.4681228 0.4997875 -0.7287256 0.4681356 0.499808 -0.7287238 0.4681375 0.499809 -0.7288389 0.4679105 0.4998537 -0.7287254 0.4681221 0.4998211 -0.7288521 0.4678835 0.4998597 -0.728724 0.4681246 0.4998208 -0.7287397 0.4680852 0.4998346 -0.7287315 0.4680852 0.4998467 -0.728861 0.4678311 0.4998958 -0.7286898 0.4681164 0.4998784 -0.7288122 0.4678696 0.4999309 -0.7286952 0.4681074 0.4998788 -0.7287141 0.4681007 0.4998576 -0.7287178 0.468097 0.4998555 -0.7288398 0.4678363 0.4999217 -0.2278754 -0.5151064 0.8262797 -0.2280596 -0.5150879 0.8262405 -0.2278687 -0.5151106 0.826279 -0.2278729 -0.5151118 0.8262771 -0.2278617 -0.5151141 0.8262788 -0.2280626 -0.5150738 0.8262485 -0.3907697 0.4215605 0.8182823 -0.3909536 0.421973 0.8179818 -0.3907704 0.4215611 0.8182815 -0.3907833 0.4215458 0.8182833 -0.3907824 0.4215454 0.8182841 -0.3909616 0.4219955 0.8179664 -0.3907441 0.4215798 0.8182846 -0.3909409 0.4220073 0.8179702 -0.3907402 0.4215745 0.8182891 -0.3908228 0.4215069 0.8182846 -0.3908244 0.4215091 0.8182826 -0.3909904 0.4219648 0.8179683 -0.2279017 -0.5151109 0.8262697 -0.2280805 -0.5150779 0.826241 -0.2278958 -0.515106 0.8262744 -0.2278861 -0.5151237 0.8262661 -0.2278838 -0.5151218 0.826268 -0.2280788 -0.5150999 0.8262277 -0.3050931 -0.8070693 0.5055269 -0.3050933 -0.8070698 0.5055261 -0.3050932 -0.8070696 0.5055262 -0.3050898 -0.8070725 0.5055236 -0.3050899 -0.8070725 0.5055238 -0.3050906 -0.8070716 0.5055248 -0.3510078 0.7740041 0.5269832 -0.351371 0.7738789 0.5269248 -0.3513711 0.7738786 0.5269253 -0.3509808 0.7740327 0.5269593 -0.3513281 0.7739091 0.5269093 -0.3513279 0.7739091 0.5269094 0.1016887 0.377838 -0.9202706 0.1019399 0.3780575 -0.9201526 0.1016978 0.3778204 -0.9202768 0.1017165 0.3778692 -0.9202548 0.1017164 0.3778672 -0.9202556 0.1019594 0.3780629 -0.9201483 0.02522343 -0.7672553 0.6408457 0.02502644 -0.7670788 0.6410647 0.02522259 -0.7672566 0.6408441 0.0252254 -0.7672388 0.6408653 0.02523392 -0.7672447 0.6408579 0.02502626 -0.7670537 0.6410946 0.02519905 -0.767239 0.6408662 0.02498435 -0.7670513 0.6410991 0.02519404 -0.7672396 0.6408656 0.02520424 -0.7672458 0.6408578 0.02520835 -0.7672444 0.6408593 0.02497524 -0.7670481 0.6411033 0.1016047 0.3762532 -0.9209289 0.1019365 0.3780899 -0.9201397 0.1016855 0.3778411 -0.9202696 0.1017118 0.3778687 -0.9202554 0.1017109 0.3778303 -0.9202712 0.1019544 0.3780296 -0.9201625 -0.6329199 -0.4787375 0.6084594 -0.6330595 -0.4790266 0.6080867 -0.6329259 -0.4787335 0.6084563 -0.6329304 -0.4787162 0.6084653 -0.6329275 -0.4787173 0.6084674 -0.6330646 -0.4790435 0.6080679 0.8014014 0.3237342 -0.5029433 0.8019399 0.3239006 -0.5019769 0.8018835 0.3238837 -0.5020779 0.8018692 0.3238962 -0.5020927 0.8018685 0.3238962 -0.5020938 0.8019282 0.3239431 -0.5019681 0.07483178 0.7159293 0.6941509 0.07497739 0.7160112 0.6940508 0.07484138 0.7159237 0.6941556 0.07487165 0.7159192 0.6941571 0.07485455 0.7159212 0.6941568 0.07498449 0.716007 0.6940543 0.07487833 0.7159026 0.6941734 0.07501274 0.7160279 0.6940297 0.07488459 0.7159048 0.6941704 0.07488596 0.7159299 0.6941445 0.07486754 0.7159176 0.6941591 0.07500451 0.7160089 0.6940502 0.07490104 0.7159206 0.6941525 0.07503283 0.7160184 0.6940373 0.07503002 0.7160149 0.6940413 0.07489633 0.7159282 0.6941451 0.07489442 0.7159376 0.6941357 0.07502245 0.7160219 0.6940348 0.07487547 0.7159501 0.6941248 0.07502293 0.71603 0.6940265 0.07487118 0.7159554 0.6941198 0.07486748 0.7159618 0.6941136 0.07490044 0.7159432 0.6941292 0.07500773 0.716048 0.6940096 0.8019505 0.3239089 -0.5019547 0.8018913 0.3238739 -0.5020717 0.8018969 0.323886 -0.5020549 0.801942 0.3239448 -0.5019452 0.8019373 0.3239316 -0.5019611 0.8018842 0.3238902 -0.5020725 -0.6262373 0.262776 0.7340134 -0.2894216 0.2563481 0.9222369 -0.2894003 0.2563415 0.9222454 -0.07884234 -0.3376811 -0.9379528 -0.07840716 -0.337594 -0.9380206 -0.07882958 -0.3376786 -0.9379547 -0.07883191 -0.3376805 -0.9379538 -0.07884317 -0.3376818 -0.9379524 -0.07883042 -0.3376803 -0.9379541 0.2166694 -0.4622386 0.8598779 0.2169926 -0.4619526 0.8599501 0.2166708 -0.4622356 0.8598791 0.2166758 -0.4621912 0.8599017 0.2166754 -0.462191 0.859902 0.2170153 -0.4619421 0.8599499 -0.3155629 -0.5659925 -0.7616251 -0.3467798 -0.6205762 -0.7032987 -0.3155744 -0.5659695 -0.7616373 -0.3467749 -0.6205857 -0.7032927 -0.3754512 -0.6705998 -0.6397908 -0.375447 -0.6706047 -0.6397882 -0.4295203 -0.6948541 -0.576793 -0.4295234 -0.6948535 -0.5767915 -0.4295274 -0.6948525 -0.5767896 -0.4295634 -0.6948498 -0.5767661 -0.4295578 -0.6948434 -0.5767781 -0.42956 -0.6948459 -0.5767734 0.6141906 0.3290971 0.7172622 0.613843 0.32936 0.7174391 0.6138431 0.3293598 0.7174391 0.6141791 0.3291535 0.7172462 0.613846 0.3294172 0.7174103 0.6138393 0.3294104 0.717419 0.6138975 0.3293529 0.7173958 0.6142461 0.3290694 0.7172273 0.6138976 0.3293533 0.7173956 0.6139061 0.3293679 0.7173815 0.6139052 0.3293762 0.7173784 0.6142252 0.3291021 0.7172303 -0.7517156 -0.6477223 -0.1240147 -0.7517163 -0.647717 -0.1240379 -0.7517161 -0.6477177 -0.1240352 -0.7516915 -0.6477516 -0.1240074 -0.7516952 -0.6477447 -0.1240209 -0.7516932 -0.6477485 -0.1240134 -0.3693546 -0.8532521 0.3681552 -0.2172597 -0.8988711 0.380564 -0.3693423 -0.8532354 0.368206 -0.2172379 -0.8988717 0.3805752 0.01904273 -0.9073391 0.4199683 0.1252053 -0.8844468 0.4495305 0.9657683 -0.1700758 -0.1958718 0.9657658 -0.1699473 -0.1959962 0.9657703 -0.1700668 -0.1958705 0.965778 -0.1700444 -0.1958513 0.9657779 -0.1700446 -0.1958516 0.9657718 -0.1699423 -0.1959705 0.2164736 -0.8523093 0.4761387 0.3319382 -0.8052291 0.4913483 -0.5258976 0.8467777 0.07999479 -0.5260879 0.846612 0.08049744 -0.5260879 0.8466119 0.08049756 -0.5258859 0.8467884 0.07995945 -0.5258805 0.8467907 0.07997173 -0.5260956 0.8466066 0.08050352 0.7030019 -0.5424757 0.4599007 0.8027398 -0.4944581 0.3333469 0.7029829 -0.5424986 0.4599026 0.8027387 -0.4944797 0.3333176 0.8797942 -0.4324437 0.1973693 0.8798046 -0.4324265 0.1973608 0.6698744 -0.5036281 -0.545552 0.7053517 -0.5191218 -0.4826921 0.6213955 -0.4989328 -0.6040975 0.7053716 -0.519123 -0.4826615 0.7631646 0.6459602 -0.01775681 0.7203666 0.6877328 0.08997607 0.7631484 0.6459792 -0.01776117 0.720346 0.687756 0.08996379 0.666671 0.7190297 0.1963316 0.6666807 0.7190208 0.1963312 -0.4300259 0.7330192 -0.5270301 -0.4303068 0.7331718 -0.5265883 -0.430295 0.7331598 -0.5266147 -0.4300002 0.7330192 -0.527051 -0.4302562 0.7331715 -0.5266301 -0.4302607 0.7331709 -0.5266272 0.3055528 0.734804 0.605558 0.1440118 0.7593532 0.6345419 0.3055641 0.7347754 0.6055872 0.1439851 0.7593379 0.6345663 -0.02143037 0.7629629 0.646087 -0.02142053 0.7629551 0.6460965 -0.6349127 -0.7675629 -0.08793795 -0.6329243 -0.7689724 -0.08993476 -0.6326369 -0.7691908 -0.09008985 -0.6326196 -0.7692043 -0.09009581 -0.6326304 -0.7691958 -0.09009242 -0.6329683 -0.7689369 -0.08992999 -0.6329531 -0.7689495 -0.08992946 -0.6326642 -0.7691683 -0.09009099 -0.6326557 -0.7691758 -0.09008646 -0.6329517 -0.7689478 -0.08995181 -0.632632 -0.769192 -0.09011393 -0.6326297 -0.7691938 -0.09011471 -0.4170235 0.6600619 0.6248278 -0.417023 0.660062 0.6248281 -0.4170292 0.6600623 0.6248236 -0.4170329 0.6600495 0.6248347 -0.41703 0.6600493 0.6248368 -0.4170259 0.6600489 0.62484 -0.4999787 -0.3804963 0.7779744 -0.4204047 -0.5667991 0.7085187 -0.4999892 -0.3805314 0.7779504 -0.4203746 -0.5667684 0.7085611 0.2190477 -0.03430545 0.9751109 -0.3215433 -0.72706 0.606625 -0.3215435 -0.7270862 0.6065933 -0.3229948 -0.9216959 -0.2148281 -0.3230032 -0.9216906 -0.2148386 -0.3229981 -0.9216938 -0.2148321 -0.3230332 -0.9217014 -0.2147467 -0.3230516 -0.9216815 -0.2148044 -0.3230389 -0.9216952 -0.2147646 0.146592 -0.5739569 0.8056577 -0.227884 -0.5151256 0.8262655 -0.2278837 -0.5151261 0.8262653 -0.2280423 -0.5151137 0.8262292 -0.37978 0.7833825 0.4920153 0.1265575 0.1326835 0.9830454 -0.2279123 -0.515096 0.8262761 -0.2280958 -0.515093 0.8262273 -0.2279013 -0.5150901 0.8262828 0.5733235 -0.3576375 -0.7371538 0.5732994 -0.3576186 -0.7371817 0.5732989 -0.3576183 -0.7371821 -0.9440129 0.0011307 0.3299068 -0.9440116 0.001109838 0.3299106 -0.9440049 9.92432e-4 0.3299299 0.5416591 -0.7195603 0.4345555 0.5416361 -0.7194959 0.4346908 0.5416564 -0.7195648 0.4345514 -0.9443354 2.43783e-5 0.3289845 -0.9439778 9.61356e-4 0.3300077 -0.9439994 0.001100778 0.3299454 -0.1537092 -0.2350061 -0.9597633 -0.1537104 -0.235009 -0.9597625 -0.1537067 -0.2349985 -0.9597657 -0.09863036 0.9820797 0.1605975 0.7474176 -0.5945197 0.2965018 0.8552218 -0.5143466 0.06358778 -0.1536769 -0.2350546 -0.9597566 -0.1536701 -0.2350518 -0.9597584 -0.153684 -0.2350575 -0.9597548 0.1450811 -0.9323758 -0.3310996 0.1448289 -0.9323603 -0.3312535 0.1448384 -0.9323485 -0.3312826 0.8072479 0.2625333 -0.5286087 0.8072468 0.2625495 -0.5286023 0.8072483 0.2625265 -0.5286114 0.1447812 -0.9323803 -0.3312181 0.145047 -0.9323872 -0.3310826 0.1447744 -0.932381 -0.3312192 0.9911846 0.09639513 0.09089106 0.9911861 0.09638643 0.09088379 0.991184 0.09639853 0.09089392 0.0709598 0.9974692 0.004485487 -0.2878204 -0.4158962 -0.8626644 0.07100516 0.9974681 0.003972232 0.07087093 0.9974757 0.004433989 0.07087135 0.9974756 0.004433393 -0.188643 0.1378062 -0.9723288 -0.8392298 0.1412583 0.5251092 -0.269142 0.6281767 -0.7300388 -0.2691331 0.6281772 -0.7300416 -0.2691406 0.6281768 -0.7300393 0.3319705 -0.8052392 0.49131 0.4479464 0.2546492 0.8570285 0.650897 0.7538164 0.08996653 0.6508881 0.7538207 0.08999496 0.6508939 0.7538179 0.08997648 0.1799465 0.8935887 0.4112403 0.9793165 -0.09799063 -0.1770228 0.967 -0.1273817 -0.2206468 -0.7490228 -0.3999997 0.5281715 0.2550918 0.8192391 -0.5135906 0.2550909 0.8192531 -0.5135688 0.2549233 0.819028 -0.5140112 0.3408263 -0.2755833 0.8988278 0.3174896 -0.4802618 -0.8176484 0.3174884 -0.480273 -0.8176424 0.3174887 -0.4802706 -0.8176437 0.2008515 -0.904701 -0.3757323 0.3553819 -0.03009903 0.9342365 -0.185173 -0.3379619 -0.9227637 -0.1851727 -0.3379602 -0.9227643 -0.185171 -0.3379452 -0.9227702 -0.8937973 -0.4158268 0.1679717 -0.8939745 -0.415543 0.1677315 -0.8939777 -0.4155396 0.1677226 0.04312658 -0.8886505 -0.4565529 -0.2466328 0.7033411 -0.666696 -0.2322769 -0.6386712 -0.7335848 -0.1037282 -0.6989107 -0.707647 -0.2322756 -0.638687 -0.7335714 0.9435725 0.2937554 0.1529012 0.9435413 0.293843 0.1529252 0.9435728 0.2937576 0.1528954 -0.2241157 0.5548392 -0.8012027 -0.1647416 0.4775651 -0.8630133 -0.2983649 0.538125 -0.7882893 0.77065 -0.36405 -0.5230356 -0.7287123 0.4681293 0.4998334 -0.7287139 0.4681217 0.4998381 -0.728822 0.4678858 0.4999014 0.9685534 0.06344312 0.2405812 -0.1238903 0.974689 0.1860986 -0.2687624 -0.9620763 -0.04664856 -0.2687596 -0.962077 -0.04664999 -0.2687639 -0.9620759 -0.04664784 -0.3908001 0.4215398 0.8182785 -0.3907999 0.4215464 0.8182752 -0.3909653 0.4219763 0.8179745 0.5971959 0.6520166 -0.4671523 0.5971959 0.6520168 -0.4671524 0.5971959 0.6520168 -0.4671523 0.8004669 0.5894997 -0.108365 0.6283059 -0.6992235 -0.3410547 0.2331 -0.6403411 0.731866 0.986365 0.1424488 0.08241701 -0.5181323 -0.2538406 -0.8167644 -0.3701985 0.2072739 -0.9055334 0.1797057 -0.1951018 -0.964179 -0.5414001 0.07268726 0.8376172 -0.5413993 0.07268279 0.8376182 -0.5409541 0.07296597 0.837881 -0.1643502 0.9328997 -0.3204485 -0.2830165 0.9454022 -0.1616059 0.5167828 0.5317039 -0.6709893 -0.9796102 -0.1964759 -0.04196649 0.3379761 -0.9207974 0.1946907 0.07487314 0.7159688 0.6941058 0.07497817 0.7160674 0.6939927 0.07486993 0.7159687 0.6941061 0.2001549 -0.8859635 0.4183382 0.2001548 -0.8859635 0.4183382 -0.2408667 0.9035335 -0.3544157 -0.7687385 -0.5992449 0.2234875 0.8434423 -0.4998439 0.1968784 0.1824256 -0.6267572 -0.7575594 0.5085623 0.4295854 -0.7462043 0.2605172 0.8966141 0.3580697 0.5992847 0.04241067 -0.7994118 -0.3771005 -0.7653595 -0.5215555 -0.2183928 -0.6123914 -0.7597904 -0.7154104 0.4435604 -0.5398539 0.8019374 0.3239591 -0.5019433 0.8018867 0.3239038 -0.5020601 0.8018858 0.3239168 -0.502053 -0.5272056 0.5684353 0.6316134 -0.5272057 0.5684353 0.6316136 -0.5272057 0.5684353 0.6316136 0.7867693 0.4538636 0.4183325 0.7867693 0.4538636 0.4183325 0.7867692 0.4538635 0.4183325 0.9657807 -0.1700513 -0.1958319 0.9657816 -0.1699088 -0.1959515 0.9657793 -0.1700513 -0.1958392 0.8702512 0.1552049 0.4675195 0.4890246 -0.4645257 0.7382891 0.9279825 -0.372363 0.0139423 0.9279825 -0.372363 0.0139423 0.9279828 -0.3723623 0.01394456 0.6915209 0.0386914 0.7213196 -0.5260569 0.8466309 0.08050137 -0.5260534 0.8466336 0.08049446 -0.5258353 0.8468177 0.07998263 0.4356648 0.6629647 0.60883 0.397573 0.8960438 -0.1975887 0.8205876 -0.4334856 -0.3724595 -0.4302213 0.7332239 -0.5265856 -0.4302236 0.7332246 -0.5265828 -0.4299848 0.7330517 -0.5270184 0.9827091 0.1125428 -0.1470268 -0.4301944 0.7332172 -0.5266169 -0.430195 0.7332143 -0.5266205 -0.4299914 0.7330347 -0.5270366 0.8863712 -0.06595987 -0.4582526 -0.7645034 0.6185051 0.1816206 -0.907366 0.3450767 0.2400188 -0.871707 -0.4594914 -0.170278 -0.871707 -0.4594915 -0.1702779 -0.9731223 0.1940021 -0.124082 -0.6156925 0.7563741 -0.2209549 -0.6156925 0.7563741 -0.2209548 0.9951332 -0.02973586 0.09394598 -0.6972719 -0.4671937 -0.5436378 -0.63664 0.6868133 0.3506808 -0.3050736 -0.8070649 0.5055455 -0.3050737 -0.807065 0.5055456 -0.3050744 -0.8070644 0.5055458 -0.2635448 0.6313946 0.7293045 -0.2635449 0.6313946 0.7293045</float_array>
          <technique_common>
            <accessor source="#meshId1_name-mesh-normals-array" count="2508" stride="3">
              <param name="X" type="float"/>
              <param name="Y" type="float"/>
              <param name="Z" type="float"/>
            </accessor>
          </technique_common>
        </source>
        <source id="meshId1_name-mesh-map-0">
          <float_array id="meshId1_name-mesh-map-0-array" count="7056">-0.968262 -1.23389 -1.0083 -1.07617 -0.996094 -1.20752 -0.968262 -1.23389 -0.961426 -1.06348 -1.0083 -1.07617 -0.861816 -1.20947 -0.961426 -1.06348 -0.968262 -1.23389 -0.861816 -1.20947 -0.850098 -1.07275 -0.961426 -1.06348 -0.658203 -1.12061 -0.850098 -1.07275 -0.861816 -1.20947 -0.658203 -1.12061 -0.765137 -0.978516 -0.850098 -1.07275 -0.652344 -0.942383 -0.765137 -0.978516 -0.658203 -1.12061 -0.652344 -0.942383 -0.817871 -0.88916 -0.765137 -0.978516 -0.712891 -0.845215 -0.817871 -0.88916 -0.652344 -0.942383 -0.712891 -0.845215 -0.735352 -0.800293 -0.817871 -0.88916 2.83496 1.06738 2.86621 0.905273 2.93408 0.986328 2.83496 1.06738 2.7002 0.941406 2.86621 0.905273 2.48584 1.05859 2.7002 0.941406 2.83496 1.06738 2.48584 1.05859 2.5542 0.945313 2.7002 0.941406 2.3833 0.968262 2.5542 0.945313 2.48584 1.05859 2.3833 0.968262 2.41602 0.882813 2.5542 0.945313 2.17676 0.653809 2.41602 0.882813 2.3833 0.968262 2.17676 0.653809 2.25732 0.631836 2.41602 0.882813 2.18604 0.388184 2.25732 0.631836 2.17676 0.653809 5.22559 -0.697266 5.14258 -0.701172 5.24316 -0.745605 5.22559 -0.697266 5.16504 -0.595703 5.14258 -0.701172 5.24512 -0.609863 5.16504 -0.595703 5.22559 -0.697266 5.24512 -0.609863 5.24707 -0.51709 5.16504 -0.595703 5.31445 -0.548828 5.24707 -0.51709 5.24512 -0.609863 5.31445 -0.548828 5.43604 -0.412109 5.24707 -0.51709 5.46484 -0.471191 5.43604 -0.412109 5.31445 -0.548828 5.46484 -0.471191 5.6167 -0.393066 5.43604 -0.412109 0.113281 0.586426 0.230957 0.863281 0.121582 0.782227 0.113281 0.586426 0.309082 0.583008 0.230957 0.863281 0.282715 0.21875 0.309082 0.583008 0.113281 0.586426 0.282715 0.21875 0.45752 0.574707 0.309082 0.583008 0.583008 0.261719 0.45752 0.574707 0.282715 0.21875 0.583008 0.261719 0.741211 0.615234 0.45752 0.574707 0.850098 0.300293 0.741211 0.615234 0.583008 0.261719 0.850098 0.300293 0.915527 0.647461 0.741211 0.615234 0.469238 0.705078 0.728027 0.745117 0.524414 0.846191 0.469238 0.705078 0.715332 0.512695 0.728027 0.745117 0.433105 0.515625 0.715332 0.512695 0.469238 0.705078 0.433105 0.515625 0.69043 0.355469 0.715332 0.512695 0.407715 0.213379 0.69043 0.355469 0.433105 0.515625 0.407715 0.213379 0.625 0.14209 0.69043 0.355469 0.516113 0.009277284 0.625 0.14209 0.407715 0.213379 0.516113 0.009277284 0.696777 0.02246087 0.625 0.14209 3.52246 0.742188 3.45996 0.77832 3.32666 0.606934 3.52246 0.742188 3.49609 0.867188 3.45996 0.77832 3.56689 0.850586 3.49609 0.867188 3.52246 0.742188 3.56689 0.850586 3.49121 1.12207 3.49609 0.867188 3.5542 1.17773 3.49121 1.12207 3.56689 0.850586 3.5542 1.17773 3.41797 1.20068 3.49121 1.12207 3.46045 1.27246 3.41797 1.20068 3.5542 1.17773 3.46045 1.27246 3.3291 1.30518 3.41797 1.20068 0.592773 0.171875 0.203613 0.102539 0.343262 0.04785156 0.592773 0.171875 0.137695 0.294922 0.203613 0.102539 0.445801 0.4375 0.137695 0.294922 0.592773 0.171875 0.445801 0.4375 0.146484 0.586426 0.137695 0.294922 0.513184 0.652832 0.146484 0.586426 0.445801 0.4375 0.513184 0.652832 0.357422 0.849609 0.146484 0.586426 0.79248 0.875977 0.357422 0.849609 0.513184 0.652832 0.79248 0.875977 0.665039 0.975098 0.357422 0.849609 -0.740723 -1.28271 -0.861816 -1.20947 -0.802246 -1.39746 -0.740723 -1.28271 -0.658203 -1.12061 -0.861816 -1.20947 -0.57373 -1.26514 -0.658203 -1.12061 -0.740723 -1.28271 -0.57373 -1.26514 -0.479492 -1.18018 -0.658203 -1.12061 -0.456543 -1.32764 -0.479492 -1.18018 -0.57373 -1.26514 -0.456543 -1.32764 -0.401367 -1.25195 -0.479492 -1.18018 -0.349609 -1.28613 -0.401367 -1.25195 -0.456543 -1.32764 -0.349609 -1.28613 -0.33252 -1.20752 -0.401367 -1.25195 0.21875 0.681641 0.165039 0.990234 0.0961914 0.925781 0.21875 0.681641 0.390137 0.92627 0.165039 0.990234 0.418457 0.514648 0.390137 0.92627 0.21875 0.681641 0.418457 0.514648 0.663086 0.77002 0.390137 0.92627 0.61377 0.324707 0.663086 0.77002 0.418457 0.514648 0.61377 0.324707 0.859375 0.575684 0.663086 0.77002 0.956543 0.371094 0.859375 0.575684 0.61377 0.324707 4.47217 -1.16943 4.43018 -1.05322 4.36768 -1.11426 4.47217 -1.16943 4.52148 -1.09326 4.43018 -1.05322 4.59326 -1.18262 4.52148 -1.09326 4.47217 -1.16943 4.59326 -1.18262 4.61426 -1.11768 4.52148 -1.09326 4.75586 -1.14502 4.61426 -1.11768 4.59326 -1.18262 4.75586 -1.14502 4.73828 -1.0874 4.61426 -1.11768 4.86816 -1.04395 4.73828 -1.0874 4.75586 -1.14502 7.28516 0.617676 7.06348 0.60791 7.12793 0.53418 7.28516 0.617676 7.29443 0.666992 7.06348 0.60791 7.39795 0.676758 7.29443 0.666992 7.28516 0.617676 7.39795 0.676758 7.34277 0.863281 7.29443 0.666992 7.42725 0.870117 7.34277 0.863281 7.39795 0.676758 7.42725 0.870117 7.30957 1.00391 7.34277 0.863281 7.3877 1.06787 7.30957 1.00391 7.42725 0.870117 5.68408 -0.402344 5.63281 -0.318848 5.6167 -0.393066 5.68408 -0.402344 5.71387 -0.330566 5.63281 -0.318848 5.83398 -0.495605 5.71387 -0.330566 5.68408 -0.402344 5.83398 -0.495605 5.89941 -0.449707 5.71387 -0.330566 5.89307 -0.620605 5.89941 -0.449707 5.83398 -0.495605 5.89307 -0.620605 5.97021 -0.604004 5.89941 -0.449707 5.93994 -0.842773 5.97021 -0.604004 5.89307 -0.620605 2.77295 0.437012 2.96631 0.633789 2.89063 0.688477 2.77295 0.437012 2.83594 0.391602 2.96631 0.633789 2.6665 0.294922 2.83594 0.391602 2.77295 0.437012 2.6665 0.294922 2.69531 0.168457 2.83594 0.391602 2.56445 0.195801 2.69531 0.168457 2.6665 0.294922 2.56445 0.195801 2.59668 0.06542968 2.69531 0.168457 0.581055 0.940918 0.897461 0.833008 0.794434 0.946289 0.581055 0.940918 0.689453 0.651855 0.897461 0.833008 0.334961 0.672852 0.689453 0.651855 0.581055 0.940918 0.334961 0.672852 0.443359 0.383789 0.689453 0.651855 0.08886718 0.404785 0.443359 0.383789 0.334961 0.672852 0.08886718 0.404785 0.205566 0.189453 0.443359 0.383789 2.47119 1.36279 2.21338 1.58936 2.20068 1.51123 2.47119 1.36279 2.54883 1.40039 2.21338 1.58936 2.55127 1.29053 2.54883 1.40039 2.47119 1.36279 2.55127 1.29053 2.64355 1.30713 2.54883 1.40039 2.60889 1.14551 2.64355 1.30713 2.55127 1.29053 2.60889 1.14551 2.70947 1.12598 2.64355 1.30713 0.370605 0.757813 0.679688 0.878418 0.583008 0.887207 0.370605 0.757813 0.675293 0.661621 0.679688 0.878418 0.35498 0.42041 0.675293 0.661621 0.370605 0.757813 0.35498 0.42041 0.681152 0.417969 0.675293 0.661621 0.631348 0.139648 0.681152 0.417969 0.35498 0.42041 0.631348 0.139648 0.881836 0.244141 0.681152 0.417969 6.93164 1.47998 6.86279 1.46924 6.93994 1.40039 6.93164 1.47998 6.94824 1.63525 6.86279 1.46924 7.00146 1.60498 6.94824 1.63525 6.93164 1.47998 7.00146 1.60498 7.03027 1.70605 6.94824 1.63525 7.06836 1.65869 7.03027 1.70605 7.00146 1.60498 7.06836 1.65869 7.32129 1.73926 7.03027 1.70605 -0.609863 -0.848145 -0.510254 -0.831543 -0.57666 -0.797852 -0.609863 -0.848145 -0.509277 -0.891602 -0.510254 -0.831543 -0.652344 -0.942383 -0.509277 -0.891602 -0.609863 -0.848145 -0.652344 -0.942383 -0.523438 -1.00391 -0.509277 -0.891602 -0.658203 -1.12061 -0.523438 -1.00391 -0.652344 -0.942383 -0.658203 -1.12061 -0.479492 -1.18018 -0.523438 -1.00391 0.373047 0.428223 0.186523 0.65918 0.218262 0.362305 0.373047 0.428223 0.432617 0.606445 0.186523 0.65918 0.628906 0.521973 0.432617 0.606445 0.373047 0.428223 0.628906 0.521973 0.634277 0.855469 0.432617 0.606445 0.856445 0.59375 0.634277 0.855469 0.628906 0.521973 0.473633 0.469238 0.89502 0.487793 0.908691 0.67334 0.473633 0.469238 0.76709 0.258789 0.89502 0.487793 0.445801 0.282227 0.76709 0.258789 0.473633 0.469238 0.445801 0.282227 0.629395 0.0805664 0.76709 0.258789 0.279297 0.03662109 0.629395 0.0805664 0.445801 0.282227 2.02344 -1.07666 1.93359 -1.0459 1.88086 -1.20557 2.02344 -1.07666 1.98047 -0.950195 1.93359 -1.0459 2.05029 -0.953613 1.98047 -0.950195 2.02344 -1.07666 2.05029 -0.953613 1.97949 -0.809082 1.98047 -0.950195 2.0625 -0.765137 1.97949 -0.809082 2.05029 -0.953613 0.351563 0.499023 0.151367 0.591797 0.183594 0.371094 0.351563 0.499023 0.311523 0.742188 0.151367 0.591797 0.593262 0.511719 0.311523 0.742188 0.351563 0.499023 0.593262 0.511719 0.662109 0.699707 0.311523 0.742188 0.724609 0.639648 0.662109 0.699707 0.593262 0.511719 2.98779 -1.93115 2.78809 -1.93066 2.74268 -2.0332 2.98779 -1.93115 2.9375 -1.83936 2.78809 -1.93066 3.16406 -1.81592 2.9375 -1.83936 2.98779 -1.93115 3.16406 -1.81592 3.13135 -1.69775 2.9375 -1.83936 3.31836 -1.70215 3.13135 -1.69775 3.16406 -1.81592 1.7998 -1.24951 1.56934 -1.16211 1.52979 -1.25732 1.7998 -1.24951 1.78955 -1.14502 1.56934 -1.16211 1.88086 -1.20557 1.78955 -1.14502 1.7998 -1.24951 1.88086 -1.20557 1.83936 -1.13184 1.78955 -1.14502 1.93359 -1.0459 1.83936 -1.13184 1.88086 -1.20557 0.520996 0.400391 0.262207 0.191406 0.416504 0.119629 0.520996 0.400391 0.263184 0.330078 0.262207 0.191406 0.455078 0.688965 0.263184 0.330078 0.520996 0.400391 0.455078 0.688965 0.209473 0.73584 0.263184 0.330078 0.230469 0.809082 0.209473 0.73584 0.455078 0.688965 2.72168 -0.94043 2.61182 -0.974121 2.66455 -1.02734 2.72168 -0.94043 2.62402 -0.88916 2.61182 -0.974121 2.69775 -0.603516 2.62402 -0.88916 2.72168 -0.94043 2.69775 -0.603516 2.63037 -0.639648 2.62402 -0.88916 2.58252 -0.523926 2.63037 -0.639648 2.69775 -0.603516 4.979 -0.23584 4.80762 -0.09277337 4.71387 -0.147949 4.979 -0.23584 4.99414 -0.152344 4.80762 -0.09277337 5.10205 -0.227051 4.99414 -0.152344 4.979 -0.23584 5.10205 -0.227051 5.09717 -0.152344 4.99414 -0.152344 5.25 -0.138184 5.09717 -0.152344 5.10205 -0.227051 4.6333 2.64404 4.48877 2.49512 4.52588 2.43066 4.6333 2.64404 4.56396 2.65674 4.48877 2.49512 4.59912 2.78955 4.56396 2.65674 4.6333 2.64404 4.59912 2.78955 4.53418 2.76416 4.56396 2.65674 4.48438 2.87012 4.53418 2.76416 4.59912 2.78955 0.453125 0.644531 0.557617 0.853027 0.350098 0.844727 0.453125 0.644531 0.622559 0.589355 0.557617 0.853027 0.401855 0.406738 0.622559 0.589355 0.453125 0.644531 0.401855 0.406738 0.615723 0.252441 0.622559 0.589355 0.47998 0.166016 0.615723 0.252441 0.401855 0.406738 0.675293 0.661621 0.89502 0.744141 0.679688 0.878418 0.675293 0.661621 0.979492 0.56543 0.89502 0.744141 0.681152 0.417969 0.979492 0.56543 0.675293 0.661621 0.681152 0.417969 0.955566 0.289551 0.979492 0.56543 0.881836 0.244141 0.955566 0.289551 0.681152 0.417969 0.399902 0.359863 0.1362299 0.484375 0.2011719 0.356445 0.399902 0.359863 0.400391 0.611328 0.1362299 0.484375 0.586426 0.494629 0.400391 0.611328 0.399902 0.359863 0.586426 0.494629 0.79248 0.827148 0.400391 0.611328 0.869141 0.487793 0.79248 0.827148 0.586426 0.494629 5.41309 -0.927246 5.46338 -1.05762 5.4873 -0.983887 5.41309 -0.927246 5.34814 -0.951172 5.46338 -1.05762 5.24316 -0.745605 5.34814 -0.951172 5.41309 -0.927246 5.24316 -0.745605 5.20898 -0.794434 5.34814 -0.951172 5.14258 -0.701172 5.20898 -0.794434 5.24316 -0.745605 1.79736 0.594238 1.87012 0.648438 1.80273 0.663086 1.79736 0.594238 1.85742 0.561035 1.87012 0.648438 1.72119 0.504395 1.85742 0.561035 1.79736 0.594238 1.72119 0.504395 1.77148 0.432617 1.85742 0.561035 1.66455 0.398926 1.77148 0.432617 1.72119 0.504395 4.55273 -0.611816 4.37939 -0.730469 4.45215 -0.758301 4.55273 -0.611816 4.51855 -0.541016 4.37939 -0.730469 4.63135 -0.566895 4.51855 -0.541016 4.55273 -0.611816 4.63135 -0.566895 4.61865 -0.48877 4.51855 -0.541016 0.687012 0.202637 0.206543 0.271973 0.381348 0.08447265 0.687012 0.202637 0.475586 0.506348 0.206543 0.271973 0.788086 0.383789 0.475586 0.506348 0.687012 0.202637 0.788086 0.383789 0.85498 0.594238 0.475586 0.506348 2.94727 2.55469 2.80518 2.71045 2.78223 2.6167 2.94727 2.55469 2.99902 2.63184 2.80518 2.71045 3.08838 2.48682 2.99902 2.63184 2.94727 2.55469 3.08838 2.48682 3.16602 2.53223 2.99902 2.63184 2.81689 1.43164 2.83887 1.30176 2.86621 1.37354 2.81689 1.43164 2.729 1.37744 2.83887 1.30176 2.74707 1.62549 2.729 1.37744 2.81689 1.43164 2.74707 1.62549 2.65479 1.66553 2.729 1.37744 6.21387 0.984375 6.27783 1.14404 6.1958 1.11572 6.21387 0.984375 6.33545 0.937988 6.27783 1.14404 6.17969 0.868164 6.33545 0.937988 6.21387 0.984375 6.17969 0.868164 6.24609 0.803711 6.33545 0.937988 0.543945 0.503906 0.328125 0.1855469 0.571777 0.165039 0.543945 0.503906 0.363281 0.533691 0.328125 0.1855469 0.699707 0.760742 0.363281 0.533691 0.543945 0.503906 0.699707 0.760742 0.320801 0.85498 0.363281 0.533691 5.38867 1 5.3501 0.870117 5.48584 0.966797 5.38867 1 5.2041 1.15186 5.3501 0.870117 5.32275 1.15088 5.2041 1.15186 5.38867 1 5.32275 1.15088 5.32422 1.24854 5.2041 1.15186 5.87012 -0.260742 6.01367 -0.251953 5.95898 -0.208496 5.87012 -0.260742 5.87988 -0.350586 6.01367 -0.251953 5.81689 -0.273438 5.87988 -0.350586 5.87012 -0.260742 5.81689 -0.273438 5.78809 -0.330566 5.87988 -0.350586 4.04541 -1.91602 4.24854 -1.86768 4.15088 -1.80957 4.04541 -1.91602 4.08691 -2.03564 4.24854 -1.86768 3.95264 -1.99805 4.08691 -2.03564 4.04541 -1.91602 3.95264 -1.99805 3.96387 -2.08838 4.08691 -2.03564 2.44141 -0.555664 2.229 -0.535645 2.27051 -0.618652 2.44141 -0.555664 2.43896 -0.454102 2.229 -0.535645 2.58252 -0.523926 2.43896 -0.454102 2.44141 -0.555664 2.58252 -0.523926 2.625 -0.45752 2.43896 -0.454102 2.34619 0.176758 2.59668 0.06542968 2.56445 0.195801 2.34619 0.176758 2.29834 0.0805664 2.59668 0.06542968 2.27588 0.193359 2.29834 0.0805664 2.34619 0.176758 2.27588 0.193359 2.21484 0.101563 2.29834 0.0805664 5.30957 -0.195313 5.25 -0.138184 5.10205 -0.227051 5.30957 -0.195313 5.2959 -0.1005859 5.25 -0.138184 5.36328 -0.1474609 5.2959 -0.1005859 5.30957 -0.195313 5.36328 -0.1474609 5.39941 0.07958978 5.2959 -0.1005859 4.84912 1.80664 4.99902 1.81055 4.94238 1.87988 4.84912 1.80664 4.89502 1.7251 4.99902 1.81055 4.75684 1.74854 4.89502 1.7251 4.84912 1.80664 4.75684 1.74854 4.75098 1.66992 4.89502 1.7251 5.39941 0.07958978 5.31689 0.06884765 5.2959 -0.1005859 5.39941 0.07958978 5.29053 0.151367 5.31689 0.06884765 5.37646 0.203125 5.29053 0.151367 5.39941 0.07958978 5.37646 0.203125 5.22803 0.31543 5.29053 0.151367 3.21777 -0.299805 3.20605 -0.1162109 3.15332 -0.168945 3.21777 -0.299805 3.30859 -0.293457 3.20605 -0.1162109 3.23975 -0.423828 3.30859 -0.293457 3.21777 -0.299805 3.23975 -0.423828 3.34033 -0.450684 3.30859 -0.293457 3.7085 -1.53857 3.59229 -1.58984 3.67578 -1.61377 3.7085 -1.53857 3.61182 -1.47949 3.59229 -1.58984 3.74463 -1.45605 3.61182 -1.47949 3.7085 -1.53857 3.74463 -1.45605 3.68359 -1.39648 3.61182 -1.47949 0.556152 0.486816 0.535156 0.174805 0.651855 0.246094 0.556152 0.486816 0.342773 0.397949 0.535156 0.174805 0.480469 0.741211 0.342773 0.397949 0.556152 0.486816 0.480469 0.741211 0.208496 0.665527 0.342773 0.397949 0.496582 0.439941 0.168945 0.507813 0.240234 0.34082 0.496582 0.439941 0.458984 0.680664 0.168945 0.507813 0.825195 0.645996 0.458984 0.680664 0.496582 0.439941 0.825195 0.645996 0.794922 0.726563 0.458984 0.680664 0.345215 0.260742 0.373047 0.428223 0.218262 0.362305 0.345215 0.260742 0.554199 0.33252 0.373047 0.428223 0.476563 0.134277 0.554199 0.33252 0.345215 0.260742 0.476563 0.134277 0.632324 0.15625 0.554199 0.33252 0.469238 0.491211 0.839355 0.630371 0.523438 0.829102 0.469238 0.491211 0.640625 0.38916 0.839355 0.630371 0.441895 0.147949 0.640625 0.38916 0.469238 0.491211 0.441895 0.147949 0.616699 0.141113 0.640625 0.38916 0.469238 0.491211 0.0727539 0.35791 0.441895 0.147949 0.469238 0.491211 0.29834 0.59375 0.0727539 0.35791 0.523438 0.829102 0.29834 0.59375 0.469238 0.491211 0.523438 0.829102 0.320801 0.854004 0.29834 0.59375 0.345703 0.550781 0.520996 0.803711 0.387695 0.813477 0.345703 0.550781 0.614746 0.478027 0.520996 0.803711 0.197754 0.337891 0.614746 0.478027 0.345703 0.550781 0.197754 0.337891 0.565918 0.163574 0.614746 0.478027 3.99072 -0.160645 3.87402 -0.155762 3.91797 -0.210449 3.99072 -0.160645 3.96582 -0.09472656 3.87402 -0.155762 4.10498 -0.1386719 3.96582 -0.09472656 3.99072 -0.160645 4.10498 -0.1386719 4.12158 -0.06933587 3.96582 -0.09472656 7.125 -0.109863 7.19189 -0.237305 7.19141 -0.145996 7.125 -0.109863 7.02734 -0.179199 7.19189 -0.237305 7.00537 0.101074 7.02734 -0.179199 7.125 -0.109863 7.00537 0.101074 6.854 0.07714837 7.02734 -0.179199 -0.523438 -1.00391 -0.439941 -0.94043 -0.46875 -0.901367 -0.523438 -1.00391 -0.395996 -1.05859 -0.439941 -0.94043 -0.479492 -1.18018 -0.395996 -1.05859 -0.523438 -1.00391 -0.479492 -1.18018 -0.379883 -1.18848 -0.395996 -1.05859 -0.38623 -0.924805 -0.395996 -1.05859 -0.34668 -1.04541 -0.38623 -0.924805 -0.439941 -0.94043 -0.395996 -1.05859 -0.421875 -0.882813 -0.439941 -0.94043 -0.38623 -0.924805 -0.421875 -0.882813 -0.46875 -0.901367 -0.439941 -0.94043 3.2041 1.15283 2.98779 1.01416 3.05469 0.98877 3.2041 1.15283 3.18408 1.22168 2.98779 1.01416 3.31104 1.22461 3.18408 1.22168 3.2041 1.15283 3.31104 1.22461 3.3291 1.30518 3.18408 1.22168 6.38281 0.166504 6.3916 0.04394525 6.44727 0.1318359 6.38281 0.166504 6.31738 0.101563 6.3916 0.04394525 6.30273 0.222168 6.31738 0.101563 6.38281 0.166504 6.30273 0.222168 6.2417 0.177734 6.31738 0.101563 0.48584 0.941895 0.813965 0.819336 0.724609 0.959473 0.48584 0.941895 0.48291 0.678223 0.813965 0.819336 0.30127 0.941895 0.48291 0.678223 0.48584 0.941895 0.30127 0.941895 0.06542968 0.5 0.48291 0.678223 0.48291 0.678223 0.908691 0.67334 0.813965 0.819336 0.48291 0.678223 0.473633 0.469238 0.908691 0.67334 0.06542968 0.5 0.473633 0.469238 0.48291 0.678223 0.06542968 0.5 0.125 0.305176 0.473633 0.469238 0.772461 0.655762 0.502441 0.51416 0.855957 0.399902 0.772461 0.655762 0.55957 0.746094 0.502441 0.51416 0.727051 0.82666 0.55957 0.746094 0.772461 0.655762 0.727051 0.82666 0.471191 0.940918 0.55957 0.746094 0.502441 0.51416 0.803223 0.305664 0.855957 0.399902 0.502441 0.51416 0.438965 0.310547 0.803223 0.305664 0.21875 0.387695 0.438965 0.310547 0.502441 0.51416 0.21875 0.387695 0.302246 0.1005859 0.438965 0.310547 3.84766 2.34912 3.99707 2.51953 3.91211 2.52002 3.84766 2.34912 3.91943 2.25928 3.99707 2.51953 3.78906 2.25195 3.91943 2.25928 3.84766 2.34912 3.78906 2.25195 3.82715 2.17529 3.91943 2.25928 7.49023 2.11963 7.37012 2.04053 7.49365 2.06494 7.49023 2.11963 7.35352 2.14746 7.37012 2.04053 7.66748 2.2417 7.35352 2.14746 7.49023 2.11963 7.66748 2.2417 7.69824 2.34863 7.35352 2.14746 6.37695 2.13379 6.26025 2.02637 6.36719 2.03516 6.37695 2.13379 6.27734 2.19287 6.26025 2.02637 6.46924 2.25195 6.27734 2.19287 6.37695 2.13379 6.46924 2.25195 6.44189 2.34277 6.27734 2.19287 7.01123 1.02246 6.83838 1.01416 6.8999 0.969238 7.01123 1.02246 7.01611 1.11475 6.83838 1.01416 7.11377 1.06445 7.01611 1.11475 7.01123 1.02246 7.11377 1.06445 7.11182 1.13672 7.01611 1.11475 0.334961 0.672852 -0.02441406 0.51416 0.08886718 0.404785 0.334961 0.672852 0.006835937 0.79248 -0.02441406 0.51416 0.219238 0.876465 0.006835937 0.79248 0.334961 0.672852 0.513184 0.490234 0.587891 0.891113 0.406738 0.786621 0.513184 0.490234 0.762695 0.709961 0.587891 0.891113 0.748047 0.463867 0.762695 0.709961 0.513184 0.490234 6.12158 1.27051 6.06104 1.37012 6.06885 1.28076 6.12158 1.27051 6.18555 1.34619 6.06104 1.37012 6.27783 1.14404 6.18555 1.34619 6.12158 1.27051 0.513184 0.490234 0.178223 0.300293 0.375977 0.167969 0.513184 0.490234 0.27832 0.516602 0.178223 0.300293 0.406738 0.786621 0.27832 0.516602 0.513184 0.490234 0.489746 0.494629 0.748535 0.313965 0.803223 0.428223 0.489746 0.494629 0.554688 0.2412109 0.748535 0.313965 0.408691 0.180664 0.554688 0.2412109 0.489746 0.494629 3.32666 0.606934 3.13623 0.619141 3.09961 0.541992 3.32666 0.606934 3.30615 0.677246 3.13623 0.619141 3.45996 0.77832 3.30615 0.677246 3.32666 0.606934 0.491211 0.527344 0.157227 0.567383 0.422852 0.285645 0.491211 0.527344 0.178223 0.638184 0.157227 0.567383 0.320313 0.734375 0.178223 0.638184 0.491211 0.527344 0.622559 0.589355 0.755859 0.808105 0.557617 0.853027 0.622559 0.589355 0.827637 0.477051 0.755859 0.808105 0.76416 0.341797 0.827637 0.477051 0.622559 0.589355 0.401855 0.406738 0.363281 0.165039 0.47998 0.166016 0.401855 0.406738 0.245605 0.195313 0.363281 0.165039 0.177734 0.421387 0.245605 0.195313 0.401855 0.406738 4.50146 0.613281 4.44141 0.524414 4.58154 0.490234 4.50146 0.613281 4.3584 0.599121 4.44141 0.524414 4.40869 0.738281 4.3584 0.599121 4.50146 0.613281 0.614746 0.478027 0.886719 0.622559 0.520996 0.803711 0.614746 0.478027 0.857422 0.390137 0.886719 0.622559 0.789551 0.265137 0.857422 0.390137 0.614746 0.478027 0.602051 0.07958978 0.583008 0.261719 0.282715 0.21875 0.602051 0.07958978 0.850098 0.300293 0.583008 0.261719 0.730957 0.105957 0.850098 0.300293 0.602051 0.07958978 -0.817871 -0.88916 -0.850098 -1.07275 -0.765137 -0.978516 -0.817871 -0.88916 -0.961426 -1.06348 -0.850098 -1.07275 -0.974609 -0.981445 -0.961426 -1.06348 -0.817871 -0.88916 5.03174 1.23779 5 1.36426 4.89111 1.27539 5.03174 1.23779 5.1001 1.30664 5 1.36426 5.14551 1.23682 5.1001 1.30664 5.03174 1.23779 5.01855 2.05615 5.01221 2.22461 4.9541 2.1709 5.01855 2.05615 5.11719 2.08447 5.01221 2.22461 5.11377 1.95654 5.11719 2.08447 5.01855 2.05615 0.345703 0.550781 0.09472656 0.654785 0.11084 0.442383 0.345703 0.550781 0.171387 0.750488 0.09472656 0.654785 0.387695 0.813477 0.171387 0.750488 0.345703 0.550781 0.61377 0.324707 0.901855 0.121582 0.956543 0.371094 0.61377 0.324707 0.710449 0.02099609 0.901855 0.121582 0.367676 0.0742188 0.710449 0.02099609 0.61377 0.324707 4.84277 0.65625 4.86475 0.583008 4.98877 0.710938 4.84277 0.65625 4.78174 0.507813 4.86475 0.583008 4.68799 0.585938 4.78174 0.507813 4.84277 0.65625 -0.928223 -1.25293 -0.861816 -1.20947 -0.968262 -1.23389 -0.928223 -1.25293 -0.802246 -1.39746 -0.861816 -1.20947 -0.833984 -1.42285 -0.802246 -1.39746 -0.928223 -1.25293 0.474609 0.458008 0.668945 0.186035 0.760254 0.362305 0.474609 0.458008 0.40625 0.118652 0.668945 0.186035 0.256348 0.245605 0.40625 0.118652 0.474609 0.458008 6.93994 1.40039 7.01123 1.25879 7.04785 1.31592 6.93994 1.40039 6.87598 1.37158 7.01123 1.25879 6.86279 1.46924 6.87598 1.37158 6.93994 1.40039 5.19189 0.244629 5.09668 0.333008 5.09473 0.25 5.19189 0.244629 5.22803 0.31543 5.09668 0.333008 5.29053 0.151367 5.22803 0.31543 5.19189 0.244629 6.49609 1.78516 6.36719 2.03516 6.26025 2.02637 6.49609 1.78516 6.53174 1.87793 6.36719 2.03516 6.68066 1.85449 6.53174 1.87793 6.49609 1.78516 3.63232 2.77441 3.34961 2.62988 3.43018 2.60059 3.63232 2.77441 3.62354 2.86426 3.34961 2.62988 3.75195 2.84863 3.62354 2.86426 3.63232 2.77441 3.81836 -0.340332 3.91797 -0.210449 3.87402 -0.155762 3.81836 -0.340332 3.88672 -0.34082 3.91797 -0.210449 3.9292 -0.51123 3.88672 -0.34082 3.81836 -0.340332 0.445801 0.282227 0.1875 0.13916 0.279297 0.03662109 0.445801 0.282227 0.125 0.305176 0.1875 0.13916 0.473633 0.469238 0.125 0.305176 0.445801 0.282227 0.543945 0.503906 0.825684 0.72168 0.699707 0.760742 0.543945 0.503906 0.768066 0.466309 0.825684 0.72168 0.740234 0.192383 0.768066 0.466309 0.543945 0.503906 0.363281 0.533691 0.187988 0.286621 0.328125 0.1855469 0.363281 0.533691 0.145508 0.570313 0.187988 0.286621 0.129395 0.796875 0.145508 0.570313 0.363281 0.533691 1.70117 0.901855 1.47754 0.954102 1.51318 0.891113 1.70117 0.901855 1.75342 0.983398 1.47754 0.954102 1.79785 0.934082 1.75342 0.983398 1.70117 0.901855 0.728027 0.745117 0.740234 0.932617 0.524414 0.846191 0.728027 0.745117 0.815918 0.939941 0.740234 0.932617 0.986328 0.785645 0.815918 0.939941 0.728027 0.745117 6.85742 0.870605 6.77051 0.728027 6.84473 0.74707 6.85742 0.870605 6.76904 0.90332 6.77051 0.728027 6.83838 1.01416 6.76904 0.90332 6.85742 0.870605 0.556152 0.486816 0.806641 0.816406 0.480469 0.741211 0.556152 0.486816 0.841797 0.677734 0.806641 0.816406 0.880859 0.565918 0.841797 0.677734 0.556152 0.486816 0.342773 0.397949 0.103027 0.239746 0.535156 0.174805 0.342773 0.397949 0.06884765 0.320313 0.103027 0.239746 0.142578 0.516602 0.06884765 0.320313 0.342773 0.397949 0.475586 0.506348 0.161621 0.526855 0.206543 0.271973 0.475586 0.506348 0.162109 0.745117 0.161621 0.526855 0.466797 0.888672 0.162109 0.745117 0.475586 0.506348 0.593262 0.511719 0.791992 0.368652 0.724609 0.639648 0.593262 0.511719 0.605469 0.325684 0.791992 0.368652 0.351563 0.499023 0.605469 0.325684 0.593262 0.511719 0.489258 0.498047 0.717285 0.396973 0.753906 0.532227 0.489258 0.498047 0.637207 0.285156 0.717285 0.396973 0.30127 0.453125 0.637207 0.285156 0.489258 0.498047 0.489258 0.498047 0.263672 0.544922 0.30127 0.453125 0.489258 0.498047 0.27002 0.63916 0.263672 0.544922 0.371582 0.668457 0.27002 0.63916 0.489258 0.498047 0.474609 0.458008 0.580566 0.84375 0.382813 0.84668 0.474609 0.458008 0.672363 0.707031 0.580566 0.84375 0.760254 0.362305 0.672363 0.707031 0.474609 0.458008 0.448242 0.460938 0.31543 0.735352 0.189453 0.560059 0.448242 0.460938 0.383789 0.755371 0.31543 0.735352 0.548828 0.657715 0.383789 0.755371 0.448242 0.460938 0.554199 0.473633 0.48584 0.282715 0.567871 0.243652 0.554199 0.473633 0.316406 0.381348 0.48584 0.282715 0.324707 0.666992 0.316406 0.381348 0.554199 0.473633 0.333984 0.628418 0.519043 0.911133 0.429688 0.962402 0.333984 0.628418 0.487793 0.493652 0.519043 0.911133 0.411621 0.45166 0.487793 0.493652 0.333984 0.628418 0.333984 0.628418 0.28125 0.396484 0.411621 0.45166 0.333984 0.628418 0.171875 0.464844 0.28125 0.396484 0.123535 0.671387 0.171875 0.464844 0.333984 0.628418 0.458496 0.509277 0.1630859 0.367188 0.222656 0.23584 0.458496 0.509277 0.121094 0.760742 0.1630859 0.367188 0.460449 0.816895 0.121094 0.760742 0.458496 0.509277 0.460938 0.48877 0.243652 0.597656 0.221191 0.382324 0.460938 0.48877 0.450684 0.639648 0.243652 0.597656 0.70459 0.618652 0.450684 0.639648 0.460938 0.48877 0.460938 0.48877 0.680176 0.473145 0.70459 0.618652 0.460938 0.48877 0.547852 0.331055 0.680176 0.473145 0.258301 0.318359 0.547852 0.331055 0.460938 0.48877 0.302246 0.104004 0.35498 0.42041 0.05419915 0.362793 0.302246 0.104004 0.631348 0.139648 0.35498 0.42041 0.412109 0.02880859 0.631348 0.139648 0.302246 0.104004 0.537598 0.519531 0.42041 0.774414 0.322266 0.598145 0.537598 0.519531 0.745117 0.624512 0.42041 0.774414 0.760742 0.58252 0.745117 0.624512 0.537598 0.519531 0.537598 0.519531 0.72998 0.419434 0.760742 0.58252 0.537598 0.519531 0.698242 0.370605 0.72998 0.419434 0.512207 0.303223 0.698242 0.370605 0.537598 0.519531 0.537598 0.519531 0.378418 0.370117 0.512207 0.303223 0.537598 0.519531 0.28125 0.458496 0.378418 0.370117 0.322266 0.598145 0.28125 0.458496 0.537598 0.519531 0.552246 0.518555 0.286133 0.285156 0.411621 0.183594 0.552246 0.518555 0.300293 0.483887 0.286133 0.285156 0.359863 0.763672 0.300293 0.483887 0.552246 0.518555 0.552246 0.518555 0.585449 0.902344 0.359863 0.763672 0.552246 0.518555 0.686523 0.774414 0.585449 0.902344 0.790527 0.399902 0.686523 0.774414 0.552246 0.518555 6.71094 0.175781 6.51855 0.08007806 6.51465 0.001953125 6.71094 0.175781 6.65381 0.222656 6.51855 0.08007806 6.71729 0.382324 6.65381 0.222656 6.71094 0.175781 0.458984 0.680664 0.10791 0.662109 0.168945 0.507813 0.458984 0.680664 0.230469 0.821289 0.10791 0.662109 0.391113 0.866211 0.230469 0.821289 0.458984 0.680664 0.496582 0.439941 0.706055 0.308105 0.825195 0.645996 0.496582 0.439941 0.654785 0.19043 0.706055 0.308105 0.459473 0.161133 0.654785 0.19043 0.496582 0.439941 0.48584 0.535156 0.263184 0.381348 0.481934 0.269531 0.48584 0.535156 0.206543 0.48877 0.263184 0.381348 0.274414 0.672363 0.206543 0.48877 0.48584 0.535156 0.48584 0.535156 0.36084 0.749023 0.274414 0.672363 0.48584 0.535156 0.665527 0.783691 0.36084 0.749023 0.732422 0.633301 0.665527 0.783691 0.48584 0.535156 0.322754 0.40625 0.47998 0.766113 0.395508 0.745605 0.322754 0.40625 0.768555 0.583496 0.47998 0.766113 0.544434 0.205566 0.768555 0.583496 0.322754 0.40625 0.399902 0.359863 0.671875 0.192383 0.791504 0.365723 0.399902 0.359863 0.520508 0.149414 0.671875 0.192383 0.2011719 0.356445 0.520508 0.149414 0.399902 0.359863 0.400391 0.611328 0.181152 0.748535 0.1362299 0.484375 0.400391 0.611328 0.368652 0.871582 0.181152 0.748535 0.631348 0.843262 0.368652 0.871582 0.400391 0.611328 6.88037 0.595703 6.84473 0.74707 6.77051 0.728027 6.88037 0.595703 6.93945 0.680664 6.84473 0.74707 7.06348 0.60791 6.93945 0.680664 6.88037 0.595703 4.40869 0.738281 4.28711 0.733887 4.3584 0.599121 4.40869 0.738281 4.30762 0.923828 4.28711 0.733887 4.4209 0.990723 4.30762 0.923828 4.40869 0.738281 0.554199 0.33252 0.628906 0.521973 0.373047 0.428223 0.554199 0.33252 0.84082 0.380371 0.628906 0.521973 0.803711 0.211914 0.84082 0.380371 0.554199 0.33252 4.36914 1.07471 4.54785 1.13379 4.48584 1.22119 4.36914 1.07471 4.4209 0.990723 4.54785 1.13379 4.30762 0.923828 4.4209 0.990723 4.36914 1.07471 2.5498 2.64697 2.78223 2.6167 2.80518 2.71045 2.5498 2.64697 2.62207 2.54688 2.78223 2.6167 2.40576 2.37109 2.62207 2.54688 2.5498 2.64697 0.29834 0.59375 0 0.649902 0.0727539 0.35791 0.29834 0.59375 0.120605 0.818359 0 0.649902 0.320801 0.854004 0.120605 0.818359 0.29834 0.59375 5.48584 0.966797 5.74316 0.986816 5.67529 1.0459 5.48584 0.966797 5.48047 0.847656 5.74316 0.986816 5.3501 0.870117 5.48047 0.847656 5.48584 0.966797 0.438965 0.310547 0.75293 0.200684 0.803223 0.305664 0.438965 0.310547 0.597168 0.166016 0.75293 0.200684 0.302246 0.1005859 0.597168 0.166016 0.438965 0.310547 -0.555664 -1.40186 -0.53418 -1.41162 -0.57373 -1.26514 -0.555664 -1.40186 -0.557617 -1.46289 -0.53418 -1.41162 -0.578613 -1.44873 -0.557617 -1.46289 -0.555664 -1.40186 4.33398 -0.01318359 4.22607 -0.04638665 4.29688 -0.06298828 4.33398 -0.01318359 4.29932 0.0625 4.22607 -0.04638665 4.33398 -0.01318359 4.3999 0.05615228 4.29932 0.0625 4.33398 -0.01318359 4.39355 -0.003417968 4.3999 0.05615228 4.49463 0.01074218 4.39355 -0.003417968 4.44531 -0.04101556 4.49463 0.01074218 4.3999 0.05615228 4.39355 -0.003417968 4.50244 -0.291504 4.49463 0.01074218 4.44531 -0.04101556 4.50244 -0.291504 4.55664 -0.329102 4.49463 0.01074218 2.91113 1.78223 2.74707 1.62549 2.91162 1.69629 2.91113 1.78223 2.65479 1.66553 2.74707 1.62549 3.1416 1.60938 2.91113 1.78223 2.91162 1.69629 3.1416 1.60938 3.23291 1.65723 2.91113 1.78223 3.1416 1.60938 3.18262 1.47559 3.23291 1.65723 3.1416 1.60938 3.10645 1.52734 3.18262 1.47559 3.02783 1.41016 3.18262 1.47559 3.10645 1.52734 3.02783 1.41016 3.07178 1.34326 3.18262 1.47559 2.86621 1.37354 3.07178 1.34326 3.02783 1.41016 2.86621 1.37354 2.83887 1.30176 3.07178 1.34326 5.86621 -0.812012 5.87891 -0.882813 5.93994 -0.842773 5.86621 -0.812012 5.81445 -0.844238 5.87891 -0.882813 5.81445 -0.844238 5.6626 -0.980469 5.87891 -0.882813 5.81445 -0.844238 5.64209 -0.916992 5.6626 -0.980469 5.4873 -0.983887 5.6626 -0.980469 5.64209 -0.916992 5.4873 -0.983887 5.46338 -1.05762 5.6626 -0.980469 4.59033 2.18604 4.45996 1.96533 4.53711 1.97656 4.59033 2.18604 4.52539 2.26953 4.45996 1.96533 4.59375 2.30078 4.59033 2.18604 4.63721 2.22119 4.59375 2.30078 4.52539 2.26953 4.59033 2.18604 4.63721 2.22119 4.92285 2.27002 4.59375 2.30078 4.63721 2.22119 4.87207 2.19141 4.92285 2.27002 4.9541 2.1709 4.92285 2.27002 4.87207 2.19141 4.9541 2.1709 5.01221 2.22461 4.92285 2.27002 5.03369 1.96387 4.99902 1.81055 5.11377 1.95654 5.03369 1.96387 4.94238 1.87988 4.99902 1.81055 -0.422363 -1.36523 -0.456543 -1.32764 -0.491699 -1.43799 -0.422363 -1.36523 -0.349609 -1.28613 -0.456543 -1.32764 1.44434 0.856445 1.47754 0.954102 1.39258 0.904297 1.44434 0.856445 1.51318 0.891113 1.47754 0.954102 1.75488 0.878418 1.87012 0.648438 1.79785 0.934082 1.75488 0.878418 1.80273 0.663086 1.87012 0.648438 1.63672 0.48291 1.47217 0.480957 1.66455 0.398926 1.63672 0.48291 1.5166 0.552734 1.47217 0.480957 1.42676 0.610352 1.47217 0.480957 1.5166 0.552734 1.42676 0.610352 1.3667 0.581055 1.47217 0.480957 1.42676 0.610352 1.36768 0.754883 1.3667 0.581055 1.42676 0.610352 1.43359 0.742676 1.36768 0.754883 1.44434 0.856445 1.36768 0.754883 1.43359 0.742676 1.44434 0.856445 1.39258 0.904297 1.36768 0.754883 7.30957 1.00391 7.11182 1.13672 7.11377 1.06445 7.30957 1.00391 7.3877 1.06787 7.11182 1.13672 -0.53418 -1.41162 -0.456543 -1.32764 -0.57373 -1.26514 -0.53418 -1.41162 -0.491699 -1.43799 -0.456543 -1.32764 7.12109 1.25049 7.38672 1.39209 7.13379 1.31396 7.12109 1.25049 7.44043 1.354 7.38672 1.39209 7.04785 1.31592 7.12109 1.25049 7.13379 1.31396 7.04785 1.31592 7.01123 1.25879 7.12109 1.25049 7.32129 1.73926 7.47461 1.65527 7.35059 1.80371 7.32129 1.73926 7.41504 1.62256 7.47461 1.65527 7.51123 1.54736 7.41504 1.62256 7.44482 1.53516 7.51123 1.54736 7.47461 1.65527 7.41504 1.62256 7.44043 1.354 7.44482 1.53516 7.38672 1.39209 7.44043 1.354 7.51123 1.54736 7.44482 1.53516 4.72363 0.08544915 4.80762 -0.09277337 4.80713 0.06445306 4.72363 0.08544915 4.71387 -0.147949 4.80762 -0.09277337 4.80713 0.06445306 5.09668 0.333008 4.72363 0.08544915 4.80713 0.06445306 5.09473 0.25 5.09668 0.333008 4.48877 2.49512 4.34033 2.43506 4.52588 2.43066 4.48877 2.49512 4.34961 2.50439 4.34033 2.43506 4.34961 2.50439 4.1875 2.54199 4.34033 2.43506 4.34961 2.50439 4.23828 2.58887 4.1875 2.54199 4.15674 2.67383 4.1875 2.54199 4.23828 2.58887 4.15674 2.67383 4.08643 2.6626 4.1875 2.54199 4.15674 2.67383 4.17334 2.89209 4.08643 2.6626 4.15674 2.67383 4.22754 2.8418 4.17334 2.89209 4.30176 2.90771 4.17334 2.89209 4.22754 2.8418 4.30176 2.90771 4.27539 2.97363 4.17334 2.89209 4.52344 2.93066 4.30176 2.90771 4.48438 2.87012 4.52344 2.93066 4.27539 2.97363 4.30176 2.90771 7.35254 0.389648 7.51611 0.23291 7.60742 0.324219 7.35254 0.389648 7.36572 0.295898 7.51611 0.23291 7.71338 0.05810546 7.51611 0.23291 7.58887 0.05419915 7.71338 0.05810546 7.60742 0.324219 7.51611 0.23291 7.5625 -0.166504 7.58887 0.05419915 7.48828 -0.103516 7.5625 -0.166504 7.71338 0.05810546 7.58887 0.05419915 7.48828 -0.103516 7.19189 -0.237305 7.5625 -0.166504 7.48828 -0.103516 7.19141 -0.145996 7.19189 -0.237305 7.00537 0.101074 7.06055 0.251465 6.854 0.07714837 7.00537 0.101074 7.14111 0.191895 7.06055 0.251465 7.35254 0.389648 7.14111 0.191895 7.36572 0.295898 7.35254 0.389648 7.06055 0.251465 7.14111 0.191895 5.31738 2.07568 5.26807 1.87207 5.36084 2.00732 5.31738 2.07568 5.18018 1.89795 5.26807 1.87207 5.50928 2.02832 5.31738 2.07568 5.36084 2.00732 5.50928 2.02832 5.55273 2.10059 5.31738 2.07568 5.36914 1.64502 5.57373 1.68066 5.50635 1.73486 5.36914 1.64502 5.34521 1.55811 5.57373 1.68066 5.27588 1.67578 5.34521 1.55811 5.36914 1.64502 5.27588 1.67578 5.21729 1.58496 5.34521 1.55811 5.14111 1.72754 5.27588 1.67578 5.229 1.76074 5.14111 1.72754 5.21729 1.58496 5.27588 1.67578 5.18018 1.89795 5.229 1.76074 5.26807 1.87207 5.18018 1.89795 5.14111 1.72754 5.229 1.76074 2.72656 -0.214355 2.7832 -0.52832 2.83447 -0.472656 2.72656 -0.214355 2.63428 -0.212891 2.7832 -0.52832 2.72656 -0.214355 2.75195 -0.0898438 2.63428 -0.212891 2.72656 -0.214355 2.8042 -0.145508 2.75195 -0.0898438 2.89404 -0.04638665 2.75195 -0.0898438 2.8042 -0.145508 2.89404 -0.04638665 2.87012 0.03173828 2.75195 -0.0898438 2.89404 -0.04638665 2.95801 0.05273437 2.87012 0.03173828 2.89404 -0.04638665 2.9873 -0.0664063 2.95801 0.05273437 3.11328 -0.02148437 2.9873 -0.0664063 3.08398 -0.09179687 3.11328 -0.02148437 2.95801 0.05273437 2.9873 -0.0664063 3.08398 -0.09179687 3.20605 -0.1162109 3.11328 -0.02148437 3.08398 -0.09179687 3.15332 -0.168945 3.20605 -0.1162109 3.13037 -0.64502 3.23975 -0.423828 3.10303 -0.568359 3.13037 -0.64502 3.34033 -0.450684 3.23975 -0.423828 3.10303 -0.568359 3.02441 -0.668457 3.13037 -0.64502 3.10303 -0.568359 3.0249 -0.566895 3.02441 -0.668457 3.0249 -0.566895 2.9292 -0.64209 3.02441 -0.668457 3.0249 -0.566895 2.93066 -0.530273 2.9292 -0.64209 2.7832 -0.52832 2.93066 -0.530273 2.83447 -0.472656 2.7832 -0.52832 2.9292 -0.64209 2.93066 -0.530273 3.04785 0.666504 3.09961 0.541992 3.13623 0.619141 3.04785 0.666504 2.99219 0.602539 3.09961 0.541992 3.04785 0.666504 2.95166 0.768066 2.99219 0.602539 3.04785 0.666504 3.02344 0.797852 2.95166 0.768066 2.99561 0.903809 2.95166 0.768066 3.02344 0.797852 2.99561 0.903809 2.92041 0.901367 2.95166 0.768066 2.99561 0.903809 2.98779 1.01416 2.92041 0.901367 2.99561 0.903809 3.05469 0.98877 2.98779 1.01416 3.78174 0.754395 3.94434 0.876953 3.79492 0.813965 3.78174 0.754395 4.03174 0.855957 3.94434 0.876953 3.7124 0.897461 3.78174 0.754395 3.79492 0.813965 3.7124 0.897461 3.62061 0.881836 3.78174 0.754395 3.7666 1.07568 3.7124 0.897461 3.81299 1.00537 3.7666 1.07568 3.62061 0.881836 3.7124 0.897461 3.91016 0.990723 3.7666 1.07568 3.81299 1.00537 3.91016 0.990723 3.99854 1.05957 3.7666 1.07568 4.03174 0.855957 3.91016 0.990723 3.94434 0.876953 4.03174 0.855957 3.99854 1.05957 3.91016 0.990723 4.07471 -1.35205 4.25928 -1.52686 4.11182 -1.2666 4.07471 -1.35205 4.14063 -1.56592 4.25928 -1.52686 4.28223 -1.75684 4.14063 -1.56592 4.18555 -1.76172 4.28223 -1.75684 4.25928 -1.52686 4.14063 -1.56592 4.18555 -1.76172 4.24854 -1.86768 4.28223 -1.75684 4.18555 -1.76172 4.15088 -1.80957 4.24854 -1.86768 3.74854 -1.93994 3.96387 -2.08838 3.95264 -1.99805 3.74854 -1.93994 3.6792 -2.01807 3.96387 -2.08838 3.74854 -1.93994 3.62646 -1.87256 3.6792 -2.01807 3.74854 -1.93994 3.71143 -1.8125 3.62646 -1.87256 3.59229 -1.58984 3.71143 -1.8125 3.67578 -1.61377 3.59229 -1.58984 3.62646 -1.87256 3.71143 -1.8125 3.74463 -1.45605 3.80859 -1.31445 3.68359 -1.39648 3.74463 -1.45605 3.85938 -1.41895 3.80859 -1.31445 4.07471 -1.35205 3.80859 -1.31445 3.85938 -1.41895 4.07471 -1.35205 4.11182 -1.2666 3.80859 -1.31445 4.06689 1.8877 3.89258 1.98389 3.98975 1.86523 4.06689 1.8877 3.9126 2.09521 3.89258 1.98389 -0.609863 -0.848145 -0.712891 -0.845215 -0.652344 -0.942383 -0.609863 -0.848145 -0.637207 -0.787598 -0.712891 -0.845215 3.82813 1.55029 3.97266 1.66016 3.83203 1.64307 3.82813 1.55029 4.0293 1.60498 3.97266 1.66016 3.63086 1.79102 3.82813 1.55029 3.83203 1.64307 3.63086 1.79102 3.5415 1.77686 3.82813 1.55029 3.67627 1.93115 3.5415 1.77686 3.63086 1.79102 3.67627 1.93115 3.58643 2.00098 3.5415 1.77686 3.67627 1.93115 3.74463 2.0459 3.58643 2.00098 3.67627 1.93115 3.89258 1.98389 3.74463 2.0459 5.95313 1.54297 6.17627 1.65332 6.1084 1.68848 5.95313 1.54297 5.95605 1.4502 6.17627 1.65332 5.90039 1.56641 5.95605 1.4502 5.95313 1.54297 5.90039 1.56641 5.84717 1.46191 5.95605 1.4502 5.74023 1.7041 5.90039 1.56641 5.82666 1.71484 5.74023 1.7041 5.84717 1.46191 5.90039 1.56641 5.82666 1.71484 5.87598 1.90479 5.74023 1.7041 5.82666 1.71484 5.92969 1.83643 5.87598 1.90479 6.104 1.9209 5.87598 1.90479 5.92969 1.83643 6.104 1.9209 6.16016 2.01807 5.87598 1.90479 1.54492 -0.72168 1.52441 -0.862793 1.59082 -0.775391 1.54492 -0.72168 1.45313 -0.825195 1.52441 -0.862793 1.59082 -0.775391 1.64893 -0.690918 1.54492 -0.72168 1.59082 -0.775391 1.67871 -0.786133 1.64893 -0.690918 1.93555 -0.785156 1.64893 -0.690918 1.67871 -0.786133 1.93555 -0.785156 1.98535 -0.708984 1.64893 -0.690918 1.97949 -0.809082 1.98535 -0.708984 1.93555 -0.785156 1.97949 -0.809082 2.0625 -0.765137 1.98535 -0.708984 1.80078 1.05078 2.15625 0.969727 1.84766 1.13818 1.80078 1.05078 2.14746 0.890137 2.15625 0.969727 2.14746 0.890137 2.29883 0.959473 2.15625 0.969727 2.14746 0.890137 2.32715 0.883301 2.29883 0.959473 1.77246 1.37402 1.72656 1.16211 1.84766 1.13818 1.77246 1.37402 1.67822 1.40283 1.72656 1.16211 1.79883 1.57764 1.77246 1.37402 1.87256 1.51367 1.79883 1.57764 1.67822 1.40283 1.77246 1.37402 1.87256 1.51367 2.00488 1.61865 1.79883 1.57764 1.87256 1.51367 2.03662 1.53955 2.00488 1.61865 2.03662 1.53955 2.21338 1.58936 2.00488 1.61865 2.03662 1.53955 2.20068 1.51123 2.21338 1.58936 2.5498 0.928223 2.60889 1.14551 2.47656 0.990234 2.5498 0.928223 2.70947 1.12598 2.60889 1.14551 2.32715 0.883301 2.47656 0.990234 2.29883 0.959473 2.32715 0.883301 2.5498 0.928223 2.47656 0.990234 6.46924 2.25195 6.61914 2.27539 6.44189 2.34277 6.46924 2.25195 6.59814 2.18262 6.61914 2.27539 6.75586 2.08496 6.61914 2.27539 6.59814 2.18262 6.75586 2.08496 6.83154 2.10449 6.61914 2.27539 6.79199 1.96191 6.83154 2.10449 6.75586 2.08496 6.79199 1.96191 6.87256 1.93799 6.83154 2.10449 6.74561 1.77881 6.79199 1.96191 6.68066 1.85449 6.74561 1.77881 6.87256 1.93799 6.79199 1.96191 5.48193 1.45313 5.64209 1.50928 5.45898 1.56055 5.48193 1.45313 5.6123 1.4082 5.64209 1.50928 5.80518 1.36719 5.6123 1.4082 5.73242 1.29346 5.80518 1.36719 5.64209 1.50928 5.6123 1.4082 5.73242 1.29346 5.82227 1.09668 5.80518 1.36719 5.73242 1.29346 5.71826 1.15283 5.82227 1.09668 5.67529 1.0459 5.82227 1.09668 5.71826 1.15283 5.67529 1.0459 5.74316 0.986816 5.82227 1.09668 5.48193 1.45313 5.2207 1.29199 5.32422 1.24854 5.48193 1.45313 5.45898 1.56055 5.2207 1.29199 4.59131 1.29932 4.54785 1.13379 4.6665 1.23486 4.59131 1.29932 4.48584 1.22119 4.54785 1.13379 4.6665 1.23486 4.71924 1.33984 4.59131 1.29932 4.6665 1.23486 4.89111 1.27539 4.71924 1.33984 4.89111 1.27539 4.88281 1.36963 4.71924 1.33984 4.89111 1.27539 5 1.36426 4.88281 1.36963 5.07666 1.18359 5.15088 1.03955 5.14551 1.23682 5.07666 1.18359 5.07129 1.01514 5.15088 1.03955 5.0791 0.834961 5.07129 1.01514 4.97314 0.808594 5.0791 0.834961 5.15088 1.03955 5.07129 1.01514 4.97314 0.808594 4.98877 0.710938 5.0791 0.834961 4.97314 0.808594 4.84277 0.65625 4.98877 0.710938 4.68799 0.585938 4.58154 0.490234 4.78174 0.507813 4.68799 0.585938 4.50146 0.613281 4.58154 0.490234 2.86621 0.905273 3.02295 0.763184 2.93408 0.986328 2.86621 0.905273 2.89063 0.688477 3.02295 0.763184 2.11426 0.367676 2.27588 0.193359 2.18604 0.388184 2.11426 0.367676 2.21484 0.101563 2.27588 0.193359 2.23047 1.91406 2.11035 1.98193 2.12451 1.91895 2.23047 1.91406 2.14795 2.06689 2.11035 1.98193 1.94434 1.6709 2.12451 1.91895 1.92773 1.74316 1.94434 1.6709 2.23047 1.91406 2.12451 1.91895 1.92773 1.74316 1.85938 1.66748 1.94434 1.6709 1.92773 1.74316 1.875 1.7583 1.85938 1.66748 1.7915 1.78564 1.85938 1.66748 1.875 1.7583 1.7915 1.78564 1.72705 1.75049 1.85938 1.66748 1.69971 1.8584 1.7915 1.78564 1.77588 1.86523 1.69971 1.8584 1.72705 1.75049 1.7915 1.78564 1.8042 2.02588 1.77588 1.86523 1.84766 1.97607 1.8042 2.02588 1.69971 1.8584 1.77588 1.86523 1.84766 1.97607 1.86328 2.05908 1.8042 2.02588 1.84766 1.97607 1.91357 1.98779 1.86328 2.05908 2.14795 2.06689 1.91357 1.98779 2.11035 1.98193 2.14795 2.06689 1.86328 2.05908 1.91357 1.98779 6.51855 0.08007806 6.3916 0.04394525 6.51465 0.001953125 6.51855 0.08007806 6.44727 0.1318359 6.3916 0.04394525 6.30273 0.222168 6.26563 0.439941 6.2417 0.177734 6.30273 0.222168 6.33008 0.411133 6.26563 0.439941 6.35498 0.490234 6.26563 0.439941 6.33008 0.411133 6.35498 0.490234 6.29834 0.535645 6.26563 0.439941 6.58838 0.623535 6.29834 0.535645 6.35498 0.490234 6.58838 0.623535 6.59521 0.710938 6.29834 0.535645 6.67529 0.665527 6.58838 0.623535 6.63672 0.596191 6.67529 0.665527 6.59521 0.710938 6.58838 0.623535 6.63672 0.596191 6.76172 0.51709 6.67529 0.665527 6.63672 0.596191 6.68945 0.479004 6.76172 0.51709 6.78564 0.398438 6.68945 0.479004 6.71729 0.382324 6.78564 0.398438 6.76172 0.51709 6.68945 0.479004 4.43018 -1.05322 4.33447 -0.867188 4.36768 -1.11426 4.43018 -1.05322 4.41309 -0.864746 4.33447 -0.867188 4.41309 -0.864746 4.37939 -0.730469 4.33447 -0.867188 4.41309 -0.864746 4.45215 -0.758301 4.37939 -0.730469 4.63135 -0.566895 4.75342 -0.502441 4.61865 -0.48877 4.63135 -0.566895 4.79688 -0.600586 4.75342 -0.502441 4.94727 -0.669434 4.90576 -0.553711 4.79688 -0.600586 4.94727 -0.669434 5.01758 -0.620117 4.90576 -0.553711 5.0166 -0.975586 4.94727 -0.669434 4.94092 -0.946289 5.0166 -0.975586 5.01758 -0.620117 4.94727 -0.669434 4.9043 -1.08691 4.94092 -0.946289 4.86816 -1.04395 4.9043 -1.08691 5.0166 -0.975586 4.94092 -0.946289 5.92773 0.02001947 6.05957 -0.172363 5.96094 0.09423828 5.92773 0.02001947 5.96631 -0.141113 6.05957 -0.172363 5.95898 -0.208496 6.05957 -0.172363 5.96631 -0.141113 5.95898 -0.208496 6.01367 -0.251953 6.05957 -0.172363 5.72412 -0.197266 5.78809 -0.330566 5.81689 -0.273438 5.72412 -0.197266 5.65381 -0.23291 5.78809 -0.330566 -0.46875 -0.901367 -0.509277 -0.891602 -0.523438 -1.00391 -0.46875 -0.901367 -0.477539 -0.84375 -0.509277 -0.891602 5.96094 0.09423828 5.76514 -0.03173828 5.92773 0.02001947 5.96094 0.09423828 5.68555 0.01367187 5.76514 -0.03173828 7.70801 1.85303 7.85547 2.0498 7.68945 1.9624 7.70801 1.85303 8.02588 2.03076 7.85547 2.0498 7.49365 2.06494 7.70801 1.85303 7.68945 1.9624 7.49365 2.06494 7.37012 2.04053 7.70801 1.85303 6.479 -1.14209 6.64697 -1.11279 6.54541 -1.05078 6.479 -1.14209 6.60693 -1.21729 6.64697 -1.11279 6.35303 -0.929199 6.54541 -1.05078 6.46631 -0.818359 6.35303 -0.929199 6.479 -1.14209 6.54541 -1.05078 6.46631 -0.818359 6.34717 -0.740723 6.35303 -0.929199 6.46631 -0.818359 6.65039 -0.435547 6.34717 -0.740723 6.72461 -0.312988 6.65039 -0.435547 6.73438 -0.428223 6.72461 -0.312988 6.57227 -0.341797 6.65039 -0.435547 6.73438 -0.428223 6.94434 -0.435059 6.72461 -0.312988 6.73438 -0.428223 6.88818 -0.529785 6.94434 -0.435059 7.03076 -0.635254 6.94434 -0.435059 6.88818 -0.529785 7.03076 -0.635254 7.12939 -0.587402 6.94434 -0.435059 7.18555 -0.880371 7.03076 -0.635254 7.04248 -0.869629 7.18555 -0.880371 7.12939 -0.587402 7.03076 -0.635254 7.04248 -0.869629 7.12109 -1.01953 7.18555 -0.880371 7.04248 -0.869629 6.92578 -1.03906 7.12109 -1.01953 6.64697 -1.11279 6.99072 -1.13281 6.92578 -1.03906 6.64697 -1.11279 6.60693 -1.21729 6.99072 -1.13281 4.10498 -0.1386719 4.20996 -0.130859 4.12158 -0.06933587 4.10498 -0.1386719 4.16357 -0.21582 4.20996 -0.130859 4.28076 -0.435547 4.16357 -0.21582 4.21484 -0.42041 4.28076 -0.435547 4.20996 -0.130859 4.16357 -0.21582 4.18506 -0.529785 4.28076 -0.435547 4.21484 -0.42041 4.18506 -0.529785 4.25879 -0.57959 4.28076 -0.435547 4.02051 -0.640137 4.18506 -0.529785 4.02783 -0.570313 4.02051 -0.640137 4.25879 -0.57959 4.18506 -0.529785 3.88379 -0.584961 4.02783 -0.570313 3.9292 -0.51123 3.88379 -0.584961 4.02051 -0.640137 4.02783 -0.570313 5.93994 1.22363 6.06104 1.37012 5.88281 1.29102 5.93994 1.22363 6.06885 1.28076 6.06104 1.37012 6.17969 0.868164 6.06934 0.727051 6.24609 0.803711 6.17969 0.868164 6.05176 0.838867 6.06934 0.727051 5.88672 0.888672 6.06934 0.727051 6.05176 0.838867 5.88672 0.888672 5.81738 0.822754 6.06934 0.727051 3.08838 2.48682 3.21875 2.39551 3.16602 2.53223 3.08838 2.48682 3.09863 2.37598 3.21875 2.39551 3.20264 2.2334 3.09863 2.37598 3.11523 2.2417 3.20264 2.2334 3.21875 2.39551 3.09863 2.37598 3.11523 2.2417 3.14844 2.09082 3.20264 2.2334 3.11523 2.2417 3.0127 2.06006 3.14844 2.09082 2.88428 1.91162 3.0249 1.88867 3.0127 2.06006 2.88428 1.91162 2.91797 1.82666 3.0249 1.88867 2.88428 1.91162 2.70215 1.85156 2.91797 1.82666 2.88428 1.91162 2.71436 1.93701 2.70215 1.85156 2.71436 1.93701 2.41846 2.04297 2.70215 1.85156 2.71436 1.93701 2.49609 2.1167 2.41846 2.04297 2.38574 2.26514 2.41846 2.04297 2.49609 2.1167 2.38574 2.26514 2.29199 2.26318 2.41846 2.04297 2.38574 2.26514 2.31396 2.39111 2.29199 2.26318 2.38574 2.26514 2.40576 2.37109 2.31396 2.39111 3.43018 2.60059 3.33398 2.49072 3.4209 2.49414 3.43018 2.60059 3.34961 2.62988 3.33398 2.49072 3.73145 2.76514 3.75195 2.84863 3.63232 2.77441 3.73145 2.76514 3.89111 2.67285 3.75195 2.84863 3.89111 2.67285 3.99707 2.51953 3.95996 2.71924 3.89111 2.67285 3.91211 2.52002 3.99707 2.51953 3.5083 2.22119 3.78906 2.25195 3.55273 2.29199 3.5083 2.22119 3.82715 2.17529 3.78906 2.25195 3.55273 2.29199 3.43994 2.27246 3.5083 2.22119 3.55273 2.29199 3.48242 2.36328 3.43994 2.27246 3.33398 2.49072 3.48242 2.36328 3.4209 2.49414 3.33398 2.49072 3.43994 2.27246 3.48242 2.36328 1.01318 -1.00293 0.947266 -1.05225 0.987793 -1.05273 1.01318 -1.00293 0.937988 -0.978516 0.947266 -1.05225 0.972168 -1.0835 0.994141 -0.918945 0.917969 -1.02197 0.972168 -1.0835 1.0752 -0.942871 0.994141 -0.918945 0.01904296 0.744629 0.21875 0.681641 0.0961914 0.925781 0.01904296 0.744629 0.04785156 0.4375 0.21875 0.681641 0.61377 0.324707 0.17334 0.259766 0.367676 0.0742188 0.61377 0.324707 0.418457 0.514648 0.17334 0.259766 0.17334 0.259766 0.21875 0.681641 0.04785156 0.4375 0.17334 0.259766 0.418457 0.514648 0.21875 0.681641 0.789063 0.600586 0.489746 0.494629 0.803223 0.428223 0.789063 0.600586 0.714844 0.672852 0.489746 0.494629 0.414063 0.806152 0.489746 0.494629 0.714844 0.672852 0.414063 0.806152 0.345703 0.754883 0.489746 0.494629 0.162109 0.546387 0.489746 0.494629 0.345703 0.754883 0.162109 0.546387 0.139648 0.434082 0.489746 0.494629 0.265137 0.316406 0.489746 0.494629 0.139648 0.434082 0.265137 0.316406 0.408691 0.180664 0.489746 0.494629 0.513184 0.490234 0.532227 0.168945 0.748047 0.463867 0.513184 0.490234 0.375977 0.167969 0.532227 0.168945 0.381348 0.01660156 0.205566 0.189453 0.29834 0.03613275 0.381348 0.01660156 0.563965 0.162109 0.205566 0.189453 0.563965 0.162109 0.443359 0.383789 0.205566 0.189453 0.563965 0.162109 0.797852 0.362793 0.443359 0.383789 0.797852 0.362793 0.689453 0.651855 0.443359 0.383789 0.797852 0.362793 1.01563 0.583008 0.689453 0.651855 0.842285 0.0703125 0.625 0.14209 0.696777 0.02246087 0.842285 0.0703125 0.947266 0.195313 0.625 0.14209 0.947266 0.195313 0.69043 0.355469 0.625 0.14209 0.947266 0.195313 0.998047 0.510254 0.69043 0.355469 0.80957 0.351074 0.445801 0.4375 0.592773 0.171875 0.80957 0.351074 0.837891 0.491699 0.445801 0.4375 0.728027 0.745117 0.998047 0.510254 0.986328 0.785645 0.728027 0.745117 0.715332 0.512695 0.998047 0.510254 0.837891 0.491699 0.513184 0.652832 0.445801 0.4375 0.837891 0.491699 0.79248 0.875977 0.513184 0.652832 0.641113 0.246582 0.491211 0.527344 0.422852 0.285645 0.641113 0.246582 0.724121 0.310547 0.491211 0.527344 0.556152 0.486816 0.920898 0.412109 0.880859 0.565918 0.556152 0.486816 0.651855 0.246094 0.920898 0.412109 0.770996 0.571289 0.491211 0.527344 0.724121 0.310547 0.770996 0.571289 0.655273 0.72168 0.491211 0.527344 0.463379 0.81543 0.491211 0.527344 0.655273 0.72168 0.463379 0.81543 0.320313 0.734375 0.491211 0.527344 0.327148 0.251465 0.351563 0.499023 0.183594 0.371094 0.327148 0.251465 0.605469 0.325684 0.351563 0.499023 0.401855 0.406738 0.1875 0.561035 0.177734 0.421387 0.401855 0.406738 0.453125 0.644531 0.1875 0.561035 0.453125 0.644531 0.271484 0.767578 0.1875 0.561035 0.453125 0.644531 0.350098 0.844727 0.271484 0.767578 0.309082 0.583008 0.374023 0.946777 0.230957 0.863281 0.309082 0.583008 0.45752 0.574707 0.374023 0.946777 0.45752 0.574707 0.632324 0.930664 0.374023 0.946777 0.45752 0.574707 0.741211 0.615234 0.632324 0.930664 0.254883 0.772949 0.474609 0.458008 0.382813 0.84668 0.254883 0.772949 0.219238 0.543945 0.474609 0.458008 -0.555664 -1.40186 -0.773926 -1.43945 -0.578613 -1.44873 -0.555664 -1.40186 -0.802246 -1.39746 -0.773926 -1.43945 0.741211 0.615234 0.859863 0.853516 0.632324 0.930664 0.741211 0.615234 0.915527 0.647461 0.859863 0.853516 0.1875 0.452637 0.448242 0.460938 0.189453 0.560059 0.1875 0.452637 0.220703 0.286133 0.448242 0.460938 0.319336 0.208008 0.448242 0.460938 0.220703 0.286133 0.319336 0.208008 0.740723 0.237793 0.448242 0.460938 0.821777 0.417969 0.448242 0.460938 0.740723 0.237793 0.821777 0.417969 0.65625 0.591309 0.448242 0.460938 0.850098 0.287109 0.437012 0.481934 0.567871 0.183594 0.850098 0.287109 0.816406 0.714844 0.437012 0.481934 0.733398 0.373535 0.554199 0.473633 0.567871 0.243652 0.733398 0.373535 0.73584 0.466797 0.554199 0.473633 0.748535 0.651367 0.554199 0.473633 0.73584 0.466797 0.748535 0.651367 0.623047 0.664551 0.554199 0.473633 0.1386719 0.643555 0.437012 0.481934 0.535645 0.849121 0.1386719 0.643555 0.09863275 0.354004 0.437012 0.481934 0.571289 0.09814447 0.657227 0.416016 0.533691 0.328125 0.571289 0.09814447 0.760742 0.09716796 0.657227 0.416016 0.333984 0.628418 0.198242 0.747559 0.123535 0.671387 0.333984 0.628418 0.429688 0.962402 0.198242 0.747559 0.152344 0.643066 0.35498 0.42041 0.370605 0.757813 0.152344 0.643066 0.05371087 0.554688 0.35498 0.42041 0.542969 0.231445 0.458496 0.509277 0.222656 0.23584 0.542969 0.231445 0.751953 0.414551 0.458496 0.509277 0.852539 0.553711 0.458496 0.509277 0.751953 0.414551 0.852539 0.553711 0.460449 0.816895 0.458496 0.509277 0.02783197 0.430664 0.35498 0.42041 0.05371087 0.554688 0.02783197 0.430664 0.05419915 0.362793 0.35498 0.42041 0.648926 0.868164 0.475586 0.506348 0.85498 0.594238 0.648926 0.868164 0.466797 0.888672 0.475586 0.506348 0.152832 0.644531 0.502441 0.51416 0.197266 0.707031 0.152832 0.644531 0.21875 0.387695 0.502441 0.51416 0.502441 0.137695 0.520996 0.400391 0.416504 0.119629 0.502441 0.137695 0.711426 0.18457 0.520996 0.400391 0.85791 0.282715 0.520996 0.400391 0.711426 0.18457 0.85791 0.282715 0.789063 0.625488 0.520996 0.400391 0.789063 0.625488 0.455078 0.688965 0.520996 0.400391 0.789063 0.625488 0.759766 0.69873 0.455078 0.688965 0.600098 0.816406 0.455078 0.688965 0.759766 0.69873 0.600098 0.816406 0.444336 0.862793 0.455078 0.688965 0.502441 0.51416 0.346191 0.836914 0.197266 0.707031 0.502441 0.51416 0.55957 0.746094 0.346191 0.836914 -0.401367 -1.25195 -0.379883 -1.18848 -0.479492 -1.18018 -0.401367 -1.25195 -0.33252 -1.20752 -0.379883 -1.18848 -0.918945 -1.31201 -0.968262 -1.23389 -0.976563 -1.30078 -0.918945 -1.31201 -0.928223 -1.25293 -0.968262 -1.23389 2.72754 -1.90234 2.74268 -2.0332 2.78809 -1.93066 2.72754 -1.90234 2.54199 -1.97949 2.74268 -2.0332 0.577637 0.193848 0.552246 0.518555 0.411621 0.183594 0.577637 0.193848 0.790527 0.399902 0.552246 0.518555 2.72754 -1.90234 2.47217 -1.854 2.54199 -1.97949 2.72754 -1.90234 2.68701 -1.76758 2.47217 -1.854 2.39844 -1.69385 2.68701 -1.76758 2.62549 -1.58789 2.39844 -1.69385 2.47217 -1.854 2.68701 -1.76758 2.54248 -1.49609 2.39844 -1.69385 2.62549 -1.58789 2.54248 -1.49609 2.34668 -1.58643 2.39844 -1.69385 0.458984 0.680664 0.529785 0.908691 0.391113 0.866211 0.458984 0.680664 0.794922 0.726563 0.529785 0.908691 0.320801 0.166016 0.496582 0.439941 0.240234 0.34082 0.320801 0.166016 0.459473 0.161133 0.496582 0.439941 2.5127 -1.22217 2.54248 -1.49609 2.58252 -1.27783 2.5127 -1.22217 2.34668 -1.58643 2.54248 -1.49609 2.58252 -1.27783 2.7002 -1.13916 2.5127 -1.22217 2.58252 -1.27783 2.74658 -1.2207 2.7002 -1.13916 2.74658 -1.2207 2.95361 -1.11377 2.7002 -1.13916 2.74658 -1.2207 3.0249 -1.2085 2.95361 -1.11377 0.61084 0.321289 0.48584 0.535156 0.481934 0.269531 0.61084 0.321289 0.738281 0.432129 0.48584 0.535156 3.0249 -1.2085 3.16943 -1.12451 2.95361 -1.11377 3.0249 -1.2085 3.20605 -1.24414 3.16943 -1.12451 0.586426 0.494629 0.791504 0.365723 0.869141 0.487793 0.586426 0.494629 0.399902 0.359863 0.791504 0.365723 3.20605 -1.24414 3.33008 -1.29199 3.27783 -1.17383 3.20605 -1.24414 3.25537 -1.33691 3.33008 -1.29199 3.31348 -1.54248 3.33008 -1.29199 3.25537 -1.33691 3.31348 -1.54248 3.3916 -1.59082 3.33008 -1.29199 3.31836 -1.70215 3.31348 -1.54248 3.13135 -1.69775 3.31836 -1.70215 3.3916 -1.59082 3.31348 -1.54248 2.61182 -0.974121 2.44629 -1.0791 2.66455 -1.02734 2.61182 -0.974121 2.44629 -0.967285 2.44629 -1.0791 2.27148 -0.981445 2.44629 -1.0791 2.44629 -0.967285 2.27148 -0.981445 2.21631 -1.07275 2.44629 -1.0791 0.432617 0.606445 0.34668 0.798828 0.186523 0.65918 0.432617 0.606445 0.634277 0.855469 0.34668 0.798828 2.27148 -0.981445 2.11914 -0.930176 2.21631 -1.07275 2.27148 -0.981445 2.2373 -0.8750001 2.11914 -0.930176 2.13574 -0.733887 2.2373 -0.8750001 2.22656 -0.720703 2.13574 -0.733887 2.11914 -0.930176 2.2373 -0.8750001 0.833984 0.1787109 0.640625 0.38916 0.616699 0.141113 0.833984 0.1787109 0.996094 0.366211 0.640625 0.38916 0.640625 0.38916 0.939941 0.545898 0.839355 0.630371 0.640625 0.38916 0.996094 0.366211 0.939941 0.545898 2.27051 -0.618652 2.13574 -0.733887 2.22656 -0.720703 2.27051 -0.618652 2.229 -0.535645 2.13574 -0.733887 4.50244 -0.291504 4.4292 -0.384766 4.55664 -0.329102 4.50244 -0.291504 4.41943 -0.303711 4.4292 -0.384766 -0.336914 -1.13623 -0.395996 -1.05859 -0.379883 -1.18848 -0.336914 -1.13623 -0.34668 -1.04541 -0.395996 -1.05859 4.33545 -0.292969 4.4292 -0.384766 4.41943 -0.303711 4.33545 -0.292969 4.29053 -0.359375 4.4292 -0.384766 4.22607 -0.04638665 4.33545 -0.292969 4.29688 -0.06298828 4.22607 -0.04638665 4.29053 -0.359375 4.33545 -0.292969 -0.740723 -1.28271 -0.555664 -1.40186 -0.57373 -1.26514 -0.740723 -1.28271 -0.802246 -1.39746 -0.555664 -1.40186 -0.817871 -0.88916 -0.735352 -0.800293 -0.844238 -0.853027 0.09863275 0.354004 0.567871 0.183594 0.437012 0.481934 7.35059 1.80371 7.03027 1.70605 7.32129 1.73926 -0.712891 -0.845215 -0.637207 -0.787598 -0.735352 -0.800293 0.535645 0.849121 0.437012 0.481934 0.816406 0.714844 0.113281 0.586426 0.125 0.367676 0.282715 0.21875 0.11084 0.442383 0.197754 0.337891 0.345703 0.550781 0.76416 0.341797 0.622559 0.589355 0.615723 0.252441 0.789551 0.265137 0.614746 0.478027 0.565918 0.163574 0.0727539 0.446777 0.137695 0.294922 0.146484 0.586426 6.83838 1.01416 6.85742 0.870605 6.8999 0.969238 5.2207 1.29199 5.2041 1.15186 5.32422 1.24854 3.88379 -0.584961 3.9292 -0.51123 3.81836 -0.340332 -0.509277 -0.891602 -0.477539 -0.84375 -0.510254 -0.831543 0.501953 0.986328 0.357422 0.849609 0.665039 0.975098 0.689453 0.651855 1.01563 0.583008 0.897461 0.833008 5.93994 -0.842773 5.89307 -0.620605 5.86621 -0.812012 0.219238 0.876465 0.334961 0.672852 0.581055 0.940918 6.27783 1.14404 6.12158 1.27051 6.1958 1.11572 0.543945 0.503906 0.571777 0.165039 0.740234 0.192383 5.63281 -0.318848 5.43604 -0.412109 5.6167 -0.393066 0.363281 0.533691 0.320801 0.85498 0.129395 0.796875 6.78564 0.398438 6.71729 0.382324 6.71094 0.175781 1.66455 0.398926 1.72119 0.504395 1.63672 0.48291 2.625 -0.45752 2.58252 -0.523926 2.69775 -0.603516 3.27783 -1.17383 3.16943 -1.12451 3.20605 -1.24414 -0.974609 -0.981445 -0.817871 -0.88916 -0.864746 -0.849121 0.69043 0.355469 0.998047 0.510254 0.715332 0.512695 -0.833984 -1.42285 -0.928223 -1.25293 -0.918945 -1.31201 2.11426 0.367676 2.18604 0.388184 2.17676 0.653809 3.0249 1.88867 3.14844 2.09082 3.0127 2.06006 3.9126 2.09521 3.74463 2.0459 3.89258 1.98389 0.208496 0.665527 0.142578 0.516602 0.342773 0.397949 4.52344 2.93066 4.48438 2.87012 4.59912 2.78955 6.74561 1.77881 6.68066 1.85449 6.49609 1.78516 6.57227 -0.341797 6.34717 -0.740723 6.65039 -0.435547 4.90576 -0.553711 4.75342 -0.502441 4.79688 -0.600586 2.31396 2.39111 2.40576 2.37109 2.5498 2.64697 0.489258 0.498047 0.753906 0.532227 0.371582 0.668457 3.41797 1.20068 3.3291 1.30518 3.31104 1.22461 0.983887 -1.07764 1.01416 -1.03809 0.914551 -1.03027 1.72656 1.16211 1.80078 1.05078 1.84766 1.13818 0.256348 0.245605 0.474609 0.458008 0.219238 0.543945 3.95996 2.71924 3.75195 2.84863 3.89111 2.67285 5.14551 1.23682 5.03174 1.23779 5.07666 1.18359 0.973145 -0.961426 0.936035 -1.00146 0.97168 -0.992188 4.9043 -1.08691 4.86816 -1.04395 4.75586 -1.14502 0.65625 0.591309 0.548828 0.657715 0.448242 0.460938 6.99072 -1.13281 7.12109 -1.01953 6.92578 -1.03906 2.96631 0.633789 3.02295 0.763184 2.89063 0.688477 1.06104 -0.953125 0.930176 -0.95752 0.992676 -1.09326 0.623047 0.664551 0.324707 0.666992 0.554199 0.473633 0.938965 -1.0127 0.950195 -1.05176 0.996582 -1.0249 0.898926 -1.05469 1.01172 -1.06592 1.07031 -0.984375 0.951172 -0.949707 0.959961 -1.04102 1.03418 -0.975098 0.962402 -0.90918 0.89209 -0.973633 0.953613 -0.990723 0.932617 -1.00732 0.994629 -1.10254 0.990723 -0.901367 0.916992 -0.958496 0.963379 -1.03662 1.01416 -0.962891 1.03467 -0.966309 0.947754 -0.929199 0.95752 -1.02002 0.936035 -1.03613 1.00684 -1.03516 0.964844 -0.947754 0.221191 0.382324 0.258301 0.318359 0.460938 0.48877 0.96875 -1.04932 1.03174 -1.01953 0.93457 -0.933594 0.884277 -1.03271 1.02783 -1.05811 0.995605 -0.958496 0.980957 -0.994629 0.905762 -1.05664 1.00293 -1.05127 1.04443 -0.986816 0.930176 -0.978516 0.974609 -1.05908 0.989746 -0.938477 0.918945 -1.00293 0.992188 -1.0293 0.230469 0.809082 0.455078 0.688965 0.444336 0.862793 0.913574 -1.03516 1.01123 -1.02686 0.958984 -0.952637 1.79785 0.934082 1.70117 0.901855 1.75488 0.878418 1.05566 -1.04639 0.975098 -0.958008 0.92041 -1.03418 0.938965 -1 1.04834 -1.05371 1.01855 -0.94043 1.06592 -0.959961 0.90918 -1.02246 0.965332 -1.09766 6.88037 0.595703 7.12793 0.53418 7.06348 0.60791 1.03809 -1.07617 0.978027 -0.951172 0.943848 -1.05371 0.945313 -0.915527 0.943848 -1.12109 1.04102 -1.0498 1.01465 -0.992676 0.963379 -0.969238 0.956055 -1.03027 0.924316 -1.09033 1.02686 -1.01514 0.958008 -0.936035 0.977051 -0.963379 0.932129 -1.08105 0.992188 -1.08057 0.55957 0.746094 0.471191 0.940918 0.346191 0.836914 0.967773 -0.990234 0.96875 -1.03809 1.02588 -1.01709 0.911133 -0.957031 0.972168 -1.02002 0.978516 -0.925293 0.732422 0.633301 0.48584 0.535156 0.738281 0.432129 0.976074 -0.982422 0.973145 -1.07129 1.04297 -1.03125 0.913086 -0.943359 0.976074 -1.0415 0.992188 -0.931152 0.950195 -0.964844 0.961426 -1.05029 1.02832 -0.994629 0.97168 -1.02197 1.03418 -1.04541 1.00049 -0.957031 0.79248 0.827148 0.631348 0.843262 0.400391 0.611328 0.969238 -1.0542 0.992188 -0.994141 0.941406 -1.02344 0.916016 -1.03809 1.01123 -1.04492 0.971191 -0.977051 0.979492 -0.985352 0.931152 -1.02246 1.02344 -1.03516 0.632324 0.15625 0.803711 0.211914 0.554199 0.33252 1.05762 -1.04199 0.959961 -0.973633 0.984863 -1.09766 0.84082 0.380371 0.856445 0.59375 0.628906 0.521973 0.913574 -1.00781 0.987793 -1.06006 0.990234 -0.981445 0.98291 -0.956055 0.946289 -1.01123 1.01709 -1.00049 0.969238 -0.962891 0.974121 -1.05957 1.04639 -1.00977 1.02979 -1.01172 0.966797 -0.919922 0.933594 -1.05518 0.943359 -0.999512 1.02197 -1.04736 1.00098 -0.929688 0.959961 -0.992188 0.992188 -1.06006 1.0083 -0.993652 5.11377 1.95654 5.01855 2.05615 5.03369 1.96387 1.02686 -0.943848 0.916504 -0.971191 1.02539 -1.06104 1.01074 -0.972656 0.963867 -0.994141 1.00146 -1.03125 0.833496 0.347168 0.657227 0.416016 0.760742 0.09716796 0.958984 -1.00439 0.916992 -1.04785 0.999023 -1.04688</float_array>
          <technique_common>
            <accessor source="#meshId1_name-mesh-map-0-array" count="3528" stride="2">
              <param name="S" type="float"/>
              <param name="T" type="float"/>
            </accessor>
          </technique_common>
        </source>
        <source id="meshId1_name-mesh-colors-meshId1-color0" name="meshId1-color0">
          <float_array id="meshId1_name-mesh-colors-meshId1-color0-array" count="14112">0.427451 0.427451 0.427451 1 0.7490196 0.7490196 0.7490196 1 0.7215687 0.7215687 0.7215687 1 0.427451 0.427451 0.427451 1 0.427451 0.427451 0.427451 1 0.7490196 0.7490196 0.7490196 1 0.427451 0.427451 0.427451 1 0.427451 0.427451 0.427451 1 0.427451 0.427451 0.427451 1 0.427451 0.427451 0.427451 1 0.427451 0.427451 0.427451 1 0.427451 0.427451 0.427451 1 0.2941176 0.2941176 0.2941176 1 0.427451 0.427451 0.427451 1 0.427451 0.427451 0.427451 1 0.2941176 0.2941176 0.2941176 1 0.427451 0.427451 0.427451 1 0.427451 0.427451 0.427451 1 0.427451 0.427451 0.427451 1 0.427451 0.427451 0.427451 1 0.2941176 0.2941176 0.2941176 1 0.427451 0.427451 0.427451 1 0.427451 0.427451 0.427451 1 0.427451 0.427451 0.427451 1 0.5372549 0.5372549 0.5372549 1 0.427451 0.427451 0.427451 1 0.427451 0.427451 0.427451 1 0.5372549 0.5372549 0.5372549 1 0.4392157 0.4392157 0.4392157 1 0.427451 0.427451 0.427451 1 0.5254902 0.5254902 0.5254902 1 0.7686275 0.7686275 0.7686275 1 0.5254902 0.5254902 0.5254902 1 0.5254902 0.5254902 0.5254902 1 0.7607843 0.7607843 0.7607843 1 0.7686275 0.7686275 0.7686275 1 0.5254902 0.5254902 0.5254902 1 0.7607843 0.7607843 0.7607843 1 0.5254902 0.5254902 0.5254902 1 0.5254902 0.5254902 0.5254902 1 0.7450981 0.7450981 0.7450981 1 0.7607843 0.7607843 0.7607843 1 0.5254902 0.5254902 0.5254902 1 0.7450981 0.7450981 0.7450981 1 0.5254902 0.5254902 0.5254902 1 0.5254902 0.5254902 0.5254902 1 0.7019608 0.7019608 0.7019608 1 0.7450981 0.7450981 0.7450981 1 0.5254902 0.5254902 0.5254902 1 0.7019608 0.7019608 0.7019608 1 0.5254902 0.5254902 0.5254902 1 0.5254902 0.5254902 0.5254902 1 0.7411765 0.7411765 0.7411765 1 0.7019608 0.7019608 0.7019608 1 0.7333334 0.7333334 0.7333334 1 0.7411765 0.7411765 0.7411765 1 0.5254902 0.5254902 0.5254902 1 0.8078432 0.8078432 0.8078432 1 0.5254902 0.5254902 0.5254902 1 0.8039216 0.8039216 0.8039216 1 0.8078432 0.8078432 0.8078432 1 0.5254902 0.5254902 0.5254902 1 0.5254902 0.5254902 0.5254902 1 0.8039216 0.8039216 0.8039216 1 0.5254902 0.5254902 0.5254902 1 0.8078432 0.8078432 0.8078432 1 0.8039216 0.8039216 0.8039216 1 0.5254902 0.5254902 0.5254902 1 0.5254902 0.5254902 0.5254902 1 0.7960785 0.7960785 0.7960785 1 0.5254902 0.5254902 0.5254902 1 0.8039216 0.8039216 0.8039216 1 0.7960785 0.7960785 0.7960785 1 0.6352941 0.6352941 0.6352941 1 0.5254902 0.5254902 0.5254902 1 0.8156863 0.8156863 0.8156863 1 0.6352941 0.6352941 0.6352941 1 0.7960785 0.7960785 0.7960785 1 0.8156863 0.8156863 0.8156863 1 0.772549 0.772549 0.772549 1 0.6352941 0.6352941 0.6352941 1 0.8666667 0.8666667 0.8666667 1 0.8745098 0.8745098 0.8745098 1 0.8745098 0.8745098 0.8745098 1 0.8666667 0.8666667 0.8666667 1 0.8705883 0.8705883 0.8705883 1 0.8745098 0.8745098 0.8745098 1 0.8666667 0.8666667 0.8666667 1 0.8705883 0.8705883 0.8705883 1 0.8666667 0.8666667 0.8666667 1 0.8666667 0.8666667 0.8666667 1 0.8470588 0.8470588 0.8470588 1 0.8705883 0.8705883 0.8705883 1 0.8666667 0.8666667 0.8666667 1 0.8470588 0.8470588 0.8470588 1 0.8666667 0.8666667 0.8666667 1 0.8666667 0.8666667 0.8666667 1 0.8470588 0.8470588 0.8470588 1 0.8470588 0.8470588 0.8470588 1 0.8666667 0.8666667 0.8666667 1 0.8470588 0.8470588 0.8470588 1 0.8666667 0.8666667 0.8666667 1 0.8666667 0.8666667 0.8666667 1 0.8666667 0.8666667 0.8666667 1 0.8470588 0.8470588 0.8470588 1 0.8 0.8 0.8 1 0.7921569 0.7921569 0.7921569 1 0.8235294 0.8235294 0.8235294 1 0.8 0.8 0.8 1 0.8039216 0.8039216 0.8039216 1 0.7921569 0.7921569 0.7921569 1 0.8156863 0.8156863 0.8156863 1 0.8039216 0.8039216 0.8039216 1 0.8 0.8 0.8 1 0.8156863 0.8156863 0.8156863 1 0.8 0.8 0.8 1 0.8039216 0.8039216 0.8039216 1 0.7921569 0.7921569 0.7921569 1 0.8 0.8 0.8 1 0.8156863 0.8156863 0.8156863 1 0.7921569 0.7921569 0.7921569 1 0.7921569 0.7921569 0.7921569 1 0.8 0.8 0.8 1 0.8078432 0.8078432 0.8078432 1 0.7921569 0.7921569 0.7921569 1 0.7921569 0.7921569 0.7921569 1 0.8078432 0.8078432 0.8078432 1 0.8 0.8 0.8 1 0.7921569 0.7921569 0.7921569 1 0.5254902 0.5254902 0.5254902 1 0.4901961 0.4901961 0.4901961 1 0.6352941 0.6352941 0.6352941 1 0.5254902 0.5254902 0.5254902 1 0.4745098 0.4745098 0.4745098 1 0.4901961 0.4901961 0.4901961 1 0.5254902 0.5254902 0.5254902 1 0.4745098 0.4745098 0.4745098 1 0.5254902 0.5254902 0.5254902 1 0.5254902 0.5254902 0.5254902 1 0.5058824 0.5058824 0.5058824 1 0.4745098 0.4745098 0.4745098 1 0.5254902 0.5254902 0.5254902 1 0.5058824 0.5058824 0.5058824 1 0.5254902 0.5254902 0.5254902 1 0.5254902 0.5254902 0.5254902 1 0.5019608 0.5019608 0.5019608 1 0.5058824 0.5058824 0.5058824 1 0.5254902 0.5254902 0.5254902 1 0.5019608 0.5019608 0.5019608 1 0.5254902 0.5254902 0.5254902 1 0.5254902 0.5254902 0.5254902 1 0.6470589 0.6470589 0.6470589 1 0.5019608 0.5019608 0.5019608 1 0.5490196 0.5490196 0.5490196 1 0.5450981 0.5450981 0.5450981 1 0.5411765 0.5411765 0.5411765 1 0.5490196 0.5490196 0.5490196 1 0.5450981 0.5450981 0.5450981 1 0.5450981 0.5450981 0.5450981 1 0.5490196 0.5490196 0.5490196 1 0.5450981 0.5450981 0.5450981 1 0.5490196 0.5490196 0.5490196 1 0.5490196 0.5490196 0.5490196 1 0.5450981 0.5450981 0.5450981 1 0.5450981 0.5450981 0.5450981 1 0.5490196 0.5490196 0.5490196 1 0.5450981 0.5450981 0.5450981 1 0.5490196 0.5490196 0.5490196 1 0.5490196 0.5490196 0.5490196 1 0.5490196 0.5490196 0.5490196 1 0.5450981 0.5450981 0.5450981 1 0.5568628 0.5568628 0.5568628 1 0.5490196 0.5490196 0.5490196 1 0.5490196 0.5490196 0.5490196 1 0.5568628 0.5568628 0.5568628 1 0.5529412 0.5529412 0.5529412 1 0.5490196 0.5490196 0.5490196 1 0.427451 0.427451 0.427451 1 0.427451 0.427451 0.427451 1 0.427451 0.427451 0.427451 1 0.427451 0.427451 0.427451 1 0.2941176 0.2941176 0.2941176 1 0.427451 0.427451 0.427451 1 0.427451 0.427451 0.427451 1 0.2941176 0.2941176 0.2941176 1 0.427451 0.427451 0.427451 1 0.427451 0.427451 0.427451 1 0.427451 0.427451 0.427451 1 0.2941176 0.2941176 0.2941176 1 0.5372549 0.5372549 0.5372549 1 0.427451 0.427451 0.427451 1 0.427451 0.427451 0.427451 1 0.5372549 0.5372549 0.5372549 1 0.5372549 0.5372549 0.5372549 1 0.427451 0.427451 0.427451 1 0.7843137 0.7843137 0.7843137 1 0.5372549 0.5372549 0.5372549 1 0.5372549 0.5372549 0.5372549 1 0.7843137 0.7843137 0.7843137 1 0.7215687 0.7215687 0.7215687 1 0.5372549 0.5372549 0.5372549 1 0.8156863 0.8156863 0.8156863 1 0.8352941 0.8352941 0.8352941 1 0.8352941 0.8352941 0.8352941 1 0.8156863 0.8156863 0.8156863 1 0.8039216 0.8039216 0.8039216 1 0.8352941 0.8352941 0.8352941 1 0.8235294 0.8235294 0.8235294 1 0.8039216 0.8039216 0.8039216 1 0.8156863 0.8156863 0.8156863 1 0.8235294 0.8235294 0.8235294 1 0.8078432 0.8078432 0.8078432 1 0.8039216 0.8039216 0.8039216 1 0.8156863 0.8156863 0.8156863 1 0.8078432 0.8078432 0.8078432 1 0.8235294 0.8235294 0.8235294 1 0.8156863 0.8156863 0.8156863 1 0.8313726 0.8313726 0.8313726 1 0.8078432 0.8078432 0.8078432 1 0.8156863 0.8156863 0.8156863 1 0.8313726 0.8313726 0.8313726 1 0.8156863 0.8156863 0.8156863 1 0.5254902 0.5254902 0.5254902 1 0.7450981 0.7450981 0.7450981 1 0.5254902 0.5254902 0.5254902 1 0.5254902 0.5254902 0.5254902 1 0.7490196 0.7490196 0.7490196 1 0.7450981 0.7450981 0.7450981 1 0.5254902 0.5254902 0.5254902 1 0.7490196 0.7490196 0.7490196 1 0.5254902 0.5254902 0.5254902 1 0.5254902 0.5254902 0.5254902 1 0.8313726 0.8313726 0.8313726 1 0.7490196 0.7490196 0.7490196 1 0.6352941 0.6352941 0.6352941 1 0.8313726 0.8313726 0.8313726 1 0.5254902 0.5254902 0.5254902 1 0.6352941 0.6352941 0.6352941 1 0.8156863 0.8156863 0.8156863 1 0.8313726 0.8313726 0.8313726 1 0.8313726 0.8313726 0.8313726 1 0.8156863 0.8156863 0.8156863 1 0.6352941 0.6352941 0.6352941 1 0.5372549 0.5372549 0.5372549 1 0.4352941 0.4352941 0.4352941 1 0.5294118 0.5294118 0.5294118 1 0.5372549 0.5372549 0.5372549 1 0.4352941 0.4352941 0.4352941 1 0.4352941 0.4352941 0.4352941 1 0.5254902 0.5254902 0.5254902 1 0.4352941 0.4352941 0.4352941 1 0.5372549 0.5372549 0.5372549 1 0.5254902 0.5254902 0.5254902 1 0.4862745 0.4862745 0.4862745 1 0.4352941 0.4352941 0.4352941 1 0.5254902 0.5254902 0.5254902 1 0.4862745 0.4862745 0.4862745 1 0.5254902 0.5254902 0.5254902 1 0.5254902 0.5254902 0.5254902 1 0.4784314 0.4784314 0.4784314 1 0.4862745 0.4862745 0.4862745 1 0.5254902 0.5254902 0.5254902 1 0.4784314 0.4784314 0.4784314 1 0.5254902 0.5254902 0.5254902 1 0.8078432 0.8078432 0.8078432 1 0.5254902 0.5254902 0.5254902 1 0.772549 0.772549 0.772549 1 0.8078432 0.8078432 0.8078432 1 0.5254902 0.5254902 0.5254902 1 0.5254902 0.5254902 0.5254902 1 0.8156863 0.8156863 0.8156863 1 0.5254902 0.5254902 0.5254902 1 0.8078432 0.8078432 0.8078432 1 0.8156863 0.8156863 0.8156863 1 0.5254902 0.5254902 0.5254902 1 0.5254902 0.5254902 0.5254902 1 0.8117647 0.8117647 0.8117647 1 0.5254902 0.5254902 0.5254902 1 0.8156863 0.8156863 0.8156863 1 0.8117647 0.8117647 0.8117647 1 0.5254902 0.5254902 0.5254902 1 0.5254902 0.5254902 0.5254902 1 0.5254902 0.5254902 0.5254902 1 0.5254902 0.5254902 0.5254902 1 0.8117647 0.8117647 0.8117647 1 0.7686275 0.7686275 0.7686275 1 0.5254902 0.5254902 0.5254902 1 0.7686275 0.7686275 0.7686275 1 0.7686275 0.7686275 0.7686275 1 0.6352941 0.6352941 0.6352941 1 0.5254902 0.5254902 0.5254902 1 0.7647059 0.7647059 0.7647059 1 0.6352941 0.6352941 0.6352941 1 0.7686275 0.7686275 0.7686275 1 0.7647059 0.7647059 0.7647059 1 0.5254902 0.5254902 0.5254902 1 0.6352941 0.6352941 0.6352941 1 0.772549 0.772549 0.772549 1 0.5254902 0.5254902 0.5254902 1 0.7647059 0.7647059 0.7647059 1 0.772549 0.772549 0.772549 1 0.5254902 0.5254902 0.5254902 1 0.5254902 0.5254902 0.5254902 1 0.8039216 0.8039216 0.8039216 1 0.7882353 0.7882353 0.7882353 1 0.7960785 0.7960785 0.7960785 1 0.8039216 0.8039216 0.8039216 1 0.8117647 0.8117647 0.8117647 1 0.7882353 0.7882353 0.7882353 1 0.8196079 0.8196079 0.8196079 1 0.8117647 0.8117647 0.8117647 1 0.8039216 0.8039216 0.8039216 1 0.8196079 0.8196079 0.8196079 1 0.827451 0.827451 0.827451 1 0.8117647 0.8117647 0.8117647 1 0.8352941 0.8352941 0.8352941 1 0.827451 0.827451 0.827451 1 0.8196079 0.8196079 0.8196079 1 0.8352941 0.8352941 0.8352941 1 0.8235294 0.8235294 0.8235294 1 0.827451 0.827451 0.827451 1 0.8156863 0.8156863 0.8156863 1 0.5254902 0.5254902 0.5254902 1 0.7568628 0.7568628 0.7568628 1 0.8156863 0.8156863 0.8156863 1 0.5254902 0.5254902 0.5254902 1 0.5254902 0.5254902 0.5254902 1 0.7490196 0.7490196 0.7490196 1 0.5254902 0.5254902 0.5254902 1 0.8156863 0.8156863 0.8156863 1 0.7490196 0.7490196 0.7490196 1 0.5254902 0.5254902 0.5254902 1 0.5254902 0.5254902 0.5254902 1 0.7568628 0.7568628 0.7568628 1 0.5254902 0.5254902 0.5254902 1 0.7490196 0.7490196 0.7490196 1 0.7568628 0.7568628 0.7568628 1 0.5254902 0.5254902 0.5254902 1 0.5254902 0.5254902 0.5254902 1 0.854902 0.854902 0.854902 1 0.8588235 0.8588235 0.8588235 1 0.8588235 0.8588235 0.8588235 1 0.854902 0.854902 0.854902 1 0.854902 0.854902 0.854902 1 0.8588235 0.8588235 0.8588235 1 0.8509804 0.8509804 0.8509804 1 0.854902 0.854902 0.854902 1 0.854902 0.854902 0.854902 1 0.8509804 0.8509804 0.8509804 1 0.8509804 0.8509804 0.8509804 1 0.854902 0.854902 0.854902 1 0.854902 0.854902 0.854902 1 0.8509804 0.8509804 0.8509804 1 0.8509804 0.8509804 0.8509804 1 0.854902 0.854902 0.854902 1 0.8392157 0.8392157 0.8392157 1 0.8509804 0.8509804 0.8509804 1 0.8745098 0.8745098 0.8745098 1 0.5254902 0.5254902 0.5254902 1 0.8980392 0.8980392 0.8980392 1 0.8745098 0.8745098 0.8745098 1 0.5254902 0.5254902 0.5254902 1 0.5254902 0.5254902 0.5254902 1 0.854902 0.854902 0.854902 1 0.5254902 0.5254902 0.5254902 1 0.8745098 0.8745098 0.8745098 1 0.854902 0.854902 0.854902 1 0.5254902 0.5254902 0.5254902 1 0.5254902 0.5254902 0.5254902 1 0.8352941 0.8352941 0.8352941 1 0.5254902 0.5254902 0.5254902 1 0.854902 0.854902 0.854902 1 0.8352941 0.8352941 0.8352941 1 0.8235294 0.8235294 0.8235294 1 0.5254902 0.5254902 0.5254902 1 0.427451 0.427451 0.427451 1 0.7764706 0.7764706 0.7764706 1 0.7607843 0.7607843 0.7607843 1 0.427451 0.427451 0.427451 1 0.5372549 0.5372549 0.5372549 1 0.7764706 0.7764706 0.7764706 1 0.427451 0.427451 0.427451 1 0.5372549 0.5372549 0.5372549 1 0.427451 0.427451 0.427451 1 0.427451 0.427451 0.427451 1 0.427451 0.427451 0.427451 1 0.5372549 0.5372549 0.5372549 1 0.2941176 0.2941176 0.2941176 1 0.427451 0.427451 0.427451 1 0.427451 0.427451 0.427451 1 0.2941176 0.2941176 0.2941176 1 0.427451 0.427451 0.427451 1 0.427451 0.427451 0.427451 1 0.5411765 0.5411765 0.5411765 1 0.5372549 0.5372549 0.5372549 1 0.5450981 0.5450981 0.5450981 1 0.5411765 0.5411765 0.5411765 1 0.5411765 0.5411765 0.5411765 1 0.5372549 0.5372549 0.5372549 1 0.5411765 0.5411765 0.5411765 1 0.5411765 0.5411765 0.5411765 1 0.5411765 0.5411765 0.5411765 1 0.5411765 0.5411765 0.5411765 1 0.5450981 0.5450981 0.5450981 1 0.5411765 0.5411765 0.5411765 1 0.5450981 0.5450981 0.5450981 1 0.5450981 0.5450981 0.5450981 1 0.5411765 0.5411765 0.5411765 1 0.5058824 0.5058824 0.5058824 1 0.5058824 0.5058824 0.5058824 1 0.4980392 0.4980392 0.4980392 1 0.5058824 0.5058824 0.5058824 1 0.5058824 0.5058824 0.5058824 1 0.5058824 0.5058824 0.5058824 1 0.509804 0.509804 0.509804 1 0.5058824 0.5058824 0.5058824 1 0.5058824 0.5058824 0.5058824 1 0.509804 0.509804 0.509804 1 0.5215687 0.5215687 0.5215687 1 0.5058824 0.5058824 0.5058824 1 0.5254902 0.5254902 0.5254902 1 0.5215687 0.5215687 0.5215687 1 0.509804 0.509804 0.509804 1 0.5254902 0.5254902 0.5254902 1 0.4509804 0.4509804 0.4509804 1 0.5254902 0.5254902 0.5254902 1 0.5254902 0.5254902 0.5254902 1 0.4745098 0.4745098 0.4745098 1 0.4509804 0.4509804 0.4509804 1 0.5254902 0.5254902 0.5254902 1 0.4745098 0.4745098 0.4745098 1 0.5254902 0.5254902 0.5254902 1 0.5254902 0.5254902 0.5254902 1 0.4745098 0.4745098 0.4745098 1 0.4745098 0.4745098 0.4745098 1 0.5254902 0.5254902 0.5254902 1 0.4745098 0.4745098 0.4745098 1 0.5254902 0.5254902 0.5254902 1 0.5215687 0.5215687 0.5215687 1 0.5254902 0.5254902 0.5254902 1 0.5294118 0.5294118 0.5294118 1 0.5215687 0.5215687 0.5215687 1 0.5215687 0.5215687 0.5215687 1 0.5254902 0.5254902 0.5254902 1 0.5137255 0.5137255 0.5137255 1 0.5215687 0.5215687 0.5215687 1 0.5215687 0.5215687 0.5215687 1 0.5137255 0.5137255 0.5137255 1 0.5137255 0.5137255 0.5137255 1 0.5215687 0.5215687 0.5215687 1 0.509804 0.509804 0.509804 1 0.5137255 0.5137255 0.5137255 1 0.5137255 0.5137255 0.5137255 1 0.5254902 0.5254902 0.5254902 1 0.8039216 0.8039216 0.8039216 1 0.5254902 0.5254902 0.5254902 1 0.5254902 0.5254902 0.5254902 1 0.7843137 0.7843137 0.7843137 1 0.8039216 0.8039216 0.8039216 1 0.6352941 0.6352941 0.6352941 1 0.7843137 0.7843137 0.7843137 1 0.5254902 0.5254902 0.5254902 1 0.6352941 0.6352941 0.6352941 1 0.8235294 0.8235294 0.8235294 1 0.7843137 0.7843137 0.7843137 1 0.5254902 0.5254902 0.5254902 1 0.8235294 0.8235294 0.8235294 1 0.6352941 0.6352941 0.6352941 1 0.5254902 0.5254902 0.5254902 1 0.4078431 0.4078431 0.4078431 1 0.427451 0.427451 0.427451 1 0.5254902 0.5254902 0.5254902 1 0.4431372 0.4431372 0.4431372 1 0.4078431 0.4078431 0.4078431 1 0.5254902 0.5254902 0.5254902 1 0.4431372 0.4431372 0.4431372 1 0.5254902 0.5254902 0.5254902 1 0.5254902 0.5254902 0.5254902 1 0.4627451 0.4627451 0.4627451 1 0.4431372 0.4431372 0.4431372 1 0.4509804 0.4509804 0.4509804 1 0.4627451 0.4627451 0.4627451 1 0.5254902 0.5254902 0.5254902 1 0.5176471 0.5176471 0.5176471 1 0.5294118 0.5294118 0.5294118 1 0.5215687 0.5215687 0.5215687 1 0.5176471 0.5176471 0.5176471 1 0.5294118 0.5294118 0.5294118 1 0.5294118 0.5294118 0.5294118 1 0.5254902 0.5254902 0.5254902 1 0.5294118 0.5294118 0.5294118 1 0.5176471 0.5176471 0.5176471 1 0.5254902 0.5254902 0.5254902 1 0.5372549 0.5372549 0.5372549 1 0.5294118 0.5294118 0.5294118 1 0.5372549 0.5372549 0.5372549 1 0.5372549 0.5372549 0.5372549 1 0.5254902 0.5254902 0.5254902 1 0.5254902 0.5254902 0.5254902 1 0.7686275 0.7686275 0.7686275 1 0.5254902 0.5254902 0.5254902 1 0.5254902 0.5254902 0.5254902 1 0.772549 0.772549 0.772549 1 0.7686275 0.7686275 0.7686275 1 0.5254902 0.5254902 0.5254902 1 0.772549 0.772549 0.772549 1 0.5254902 0.5254902 0.5254902 1 0.5254902 0.5254902 0.5254902 1 0.7803922 0.7803922 0.7803922 1 0.772549 0.772549 0.772549 1 0.7803922 0.7803922 0.7803922 1 0.7803922 0.7803922 0.7803922 1 0.5254902 0.5254902 0.5254902 1 0.5254902 0.5254902 0.5254902 1 0.4392157 0.4392157 0.4392157 1 0.5254902 0.5254902 0.5254902 1 0.5254902 0.5254902 0.5254902 1 0.4352941 0.4352941 0.4352941 1 0.4392157 0.4392157 0.4392157 1 0.5254902 0.5254902 0.5254902 1 0.4352941 0.4352941 0.4352941 1 0.5254902 0.5254902 0.5254902 1 0.5254902 0.5254902 0.5254902 1 0.4392157 0.4392157 0.4392157 1 0.4352941 0.4352941 0.4352941 1 0.4470588 0.4470588 0.4470588 1 0.4392157 0.4392157 0.4392157 1 0.5254902 0.5254902 0.5254902 1 0.5254902 0.5254902 0.5254902 1 0.4392157 0.4392157 0.4392157 1 0.5254902 0.5254902 0.5254902 1 0.5254902 0.5254902 0.5254902 1 0.4196078 0.4196078 0.4196078 1 0.4392157 0.4392157 0.4392157 1 0.6352941 0.6352941 0.6352941 1 0.4196078 0.4196078 0.4196078 1 0.5254902 0.5254902 0.5254902 1 0.6352941 0.6352941 0.6352941 1 0.4509804 0.4509804 0.4509804 1 0.4196078 0.4196078 0.4196078 1 0.427451 0.427451 0.427451 1 0.4509804 0.4509804 0.4509804 1 0.6352941 0.6352941 0.6352941 1 0.8078432 0.8078432 0.8078432 1 0.7843137 0.7843137 0.7843137 1 0.8039216 0.8039216 0.8039216 1 0.8078432 0.8078432 0.8078432 1 0.8039216 0.8039216 0.8039216 1 0.7843137 0.7843137 0.7843137 1 0.8156863 0.8156863 0.8156863 1 0.8039216 0.8039216 0.8039216 1 0.8078432 0.8078432 0.8078432 1 0.8156863 0.8156863 0.8156863 1 0.8196079 0.8196079 0.8196079 1 0.8039216 0.8039216 0.8039216 1 0.8196079 0.8196079 0.8196079 1 0.8196079 0.8196079 0.8196079 1 0.8156863 0.8156863 0.8156863 1 0.854902 0.854902 0.854902 1 0.8431373 0.8431373 0.8431373 1 0.8588235 0.8588235 0.8588235 1 0.854902 0.854902 0.854902 1 0.854902 0.854902 0.854902 1 0.8431373 0.8431373 0.8431373 1 0.8509804 0.8509804 0.8509804 1 0.854902 0.854902 0.854902 1 0.854902 0.854902 0.854902 1 0.8509804 0.8509804 0.8509804 1 0.854902 0.854902 0.854902 1 0.854902 0.854902 0.854902 1 0.8392157 0.8392157 0.8392157 1 0.854902 0.854902 0.854902 1 0.8509804 0.8509804 0.8509804 1 0.8509804 0.8509804 0.8509804 1 0.8470588 0.8470588 0.8470588 1 0.8470588 0.8470588 0.8470588 1 0.8509804 0.8509804 0.8509804 1 0.8509804 0.8509804 0.8509804 1 0.8470588 0.8470588 0.8470588 1 0.8509804 0.8509804 0.8509804 1 0.8509804 0.8509804 0.8509804 1 0.8509804 0.8509804 0.8509804 1 0.8509804 0.8509804 0.8509804 1 0.8509804 0.8509804 0.8509804 1 0.8509804 0.8509804 0.8509804 1 0.854902 0.854902 0.854902 1 0.8509804 0.8509804 0.8509804 1 0.8509804 0.8509804 0.8509804 1 0.7921569 0.7921569 0.7921569 1 0.5254902 0.5254902 0.5254902 1 0.7843137 0.7843137 0.7843137 1 0.7921569 0.7921569 0.7921569 1 0.5254902 0.5254902 0.5254902 1 0.5254902 0.5254902 0.5254902 1 0.8039216 0.8039216 0.8039216 1 0.5254902 0.5254902 0.5254902 1 0.7921569 0.7921569 0.7921569 1 0.8039216 0.8039216 0.8039216 1 0.5254902 0.5254902 0.5254902 1 0.5254902 0.5254902 0.5254902 1 0.5254902 0.5254902 0.5254902 1 0.5254902 0.5254902 0.5254902 1 0.8039216 0.8039216 0.8039216 1 0.8470588 0.8470588 0.8470588 1 0.5254902 0.5254902 0.5254902 1 0.8392157 0.8392157 0.8392157 1 0.8470588 0.8470588 0.8470588 1 0.5254902 0.5254902 0.5254902 1 0.5254902 0.5254902 0.5254902 1 0.8509804 0.8509804 0.8509804 1 0.5254902 0.5254902 0.5254902 1 0.8470588 0.8470588 0.8470588 1 0.8509804 0.8509804 0.8509804 1 0.5254902 0.5254902 0.5254902 1 0.5254902 0.5254902 0.5254902 1 0.5254902 0.5254902 0.5254902 1 0.5254902 0.5254902 0.5254902 1 0.8509804 0.8509804 0.8509804 1 0.7333334 0.7333334 0.7333334 1 0.5254902 0.5254902 0.5254902 1 0.7960785 0.7960785 0.7960785 1 0.7333334 0.7333334 0.7333334 1 0.5254902 0.5254902 0.5254902 1 0.5254902 0.5254902 0.5254902 1 0.7372549 0.7372549 0.7372549 1 0.5254902 0.5254902 0.5254902 1 0.7333334 0.7333334 0.7333334 1 0.7372549 0.7372549 0.7372549 1 0.5254902 0.5254902 0.5254902 1 0.5254902 0.5254902 0.5254902 1 0.5294118 0.5294118 0.5294118 1 0.5294118 0.5294118 0.5294118 1 0.5333334 0.5333334 0.5333334 1 0.5294118 0.5294118 0.5294118 1 0.5333334 0.5333334 0.5333334 1 0.5294118 0.5294118 0.5294118 1 0.5372549 0.5372549 0.5372549 1 0.5333334 0.5333334 0.5333334 1 0.5294118 0.5294118 0.5294118 1 0.5372549 0.5372549 0.5372549 1 0.5372549 0.5372549 0.5372549 1 0.5333334 0.5333334 0.5333334 1 0.8117647 0.8117647 0.8117647 1 0.5254902 0.5254902 0.5254902 1 0.8078432 0.8078432 0.8078432 1 0.8117647 0.8117647 0.8117647 1 0.6352941 0.6352941 0.6352941 1 0.5254902 0.5254902 0.5254902 1 0.8117647 0.8117647 0.8117647 1 0.6352941 0.6352941 0.6352941 1 0.8117647 0.8117647 0.8117647 1 0.8117647 0.8117647 0.8117647 1 0.5254902 0.5254902 0.5254902 1 0.6352941 0.6352941 0.6352941 1 0.7176471 0.7176471 0.7176471 1 0.5254902 0.5254902 0.5254902 1 0.7058824 0.7058824 0.7058824 1 0.7176471 0.7176471 0.7176471 1 0.5254902 0.5254902 0.5254902 1 0.5254902 0.5254902 0.5254902 1 0.7098039 0.7098039 0.7098039 1 0.5254902 0.5254902 0.5254902 1 0.7176471 0.7176471 0.7176471 1 0.7098039 0.7098039 0.7098039 1 0.5254902 0.5254902 0.5254902 1 0.5254902 0.5254902 0.5254902 1 0.7098039 0.7098039 0.7098039 1 0.654902 0.654902 0.654902 1 0.7568628 0.7568628 0.7568628 1 0.7098039 0.7098039 0.7098039 1 0.5254902 0.5254902 0.5254902 1 0.654902 0.654902 0.654902 1 0.7294118 0.7294118 0.7294118 1 0.5254902 0.5254902 0.5254902 1 0.7098039 0.7098039 0.7098039 1 0.7294118 0.7294118 0.7294118 1 0.5254902 0.5254902 0.5254902 1 0.5254902 0.5254902 0.5254902 1 0.8431373 0.8431373 0.8431373 1 0.8470588 0.8470588 0.8470588 1 0.8470588 0.8470588 0.8470588 1 0.8431373 0.8431373 0.8431373 1 0.8431373 0.8431373 0.8431373 1 0.8470588 0.8470588 0.8470588 1 0.8392157 0.8392157 0.8392157 1 0.8431373 0.8431373 0.8431373 1 0.8431373 0.8431373 0.8431373 1 0.8392157 0.8392157 0.8392157 1 0.8470588 0.8470588 0.8470588 1 0.8431373 0.8431373 0.8431373 1 0.7647059 0.7647059 0.7647059 1 0.5254902 0.5254902 0.5254902 1 0.772549 0.772549 0.772549 1 0.7647059 0.7647059 0.7647059 1 0.5254902 0.5254902 0.5254902 1 0.5254902 0.5254902 0.5254902 1 0.7568628 0.7568628 0.7568628 1 0.5254902 0.5254902 0.5254902 1 0.7647059 0.7647059 0.7647059 1 0.7568628 0.7568628 0.7568628 1 0.7529412 0.7529412 0.7529412 1 0.5254902 0.5254902 0.5254902 1 0.7333334 0.7333334 0.7333334 1 0.5254902 0.5254902 0.5254902 1 0.7294118 0.7294118 0.7294118 1 0.7333334 0.7333334 0.7333334 1 0.5254902 0.5254902 0.5254902 1 0.5254902 0.5254902 0.5254902 1 0.7411765 0.7411765 0.7411765 1 0.5254902 0.5254902 0.5254902 1 0.7333334 0.7333334 0.7333334 1 0.7411765 0.7411765 0.7411765 1 0.6196079 0.6196079 0.6196079 1 0.5254902 0.5254902 0.5254902 1 0.4705882 0.4705882 0.4705882 1 0.5254902 0.5254902 0.5254902 1 0.4549019 0.4549019 0.4549019 1 0.4705882 0.4705882 0.4705882 1 0.5254902 0.5254902 0.5254902 1 0.5254902 0.5254902 0.5254902 1 0.4666666 0.4666666 0.4666666 1 0.5254902 0.5254902 0.5254902 1 0.4705882 0.4705882 0.4705882 1 0.4666666 0.4666666 0.4666666 1 0.5254902 0.5254902 0.5254902 1 0.5254902 0.5254902 0.5254902 1 0.7568628 0.7568628 0.7568628 1 0.5254902 0.5254902 0.5254902 1 0.7764706 0.7764706 0.7764706 1 0.7568628 0.7568628 0.7568628 1 0.5254902 0.5254902 0.5254902 1 0.5254902 0.5254902 0.5254902 1 0.7803922 0.7803922 0.7803922 1 0.5254902 0.5254902 0.5254902 1 0.7568628 0.7568628 0.7568628 1 0.7803922 0.7803922 0.7803922 1 0.5254902 0.5254902 0.5254902 1 0.5254902 0.5254902 0.5254902 1 0.7607843 0.7607843 0.7607843 1 0.5254902 0.5254902 0.5254902 1 0.772549 0.772549 0.772549 1 0.7607843 0.7607843 0.7607843 1 0.5254902 0.5254902 0.5254902 1 0.5254902 0.5254902 0.5254902 1 0.772549 0.772549 0.772549 1 0.5254902 0.5254902 0.5254902 1 0.7607843 0.7607843 0.7607843 1 0.772549 0.772549 0.772549 1 0.5254902 0.5254902 0.5254902 1 0.5254902 0.5254902 0.5254902 1 0.5254902 0.5254902 0.5254902 1 0.4470588 0.4470588 0.4470588 1 0.5254902 0.5254902 0.5254902 1 0.5254902 0.5254902 0.5254902 1 0.4549019 0.4549019 0.4549019 1 0.4470588 0.4470588 0.4470588 1 0.5254902 0.5254902 0.5254902 1 0.4549019 0.4549019 0.4549019 1 0.5254902 0.5254902 0.5254902 1 0.5254902 0.5254902 0.5254902 1 0.6313726 0.6313726 0.6313726 1 0.4549019 0.4549019 0.4549019 1 0.7411765 0.7411765 0.7411765 1 0.5254902 0.5254902 0.5254902 1 0.7411765 0.7411765 0.7411765 1 0.7411765 0.7411765 0.7411765 1 0.5254902 0.5254902 0.5254902 1 0.5254902 0.5254902 0.5254902 1 0.7490196 0.7490196 0.7490196 1 0.5254902 0.5254902 0.5254902 1 0.7411765 0.7411765 0.7411765 1 0.7490196 0.7490196 0.7490196 1 0.427451 0.427451 0.427451 1 0.5254902 0.5254902 0.5254902 1 0.6313726 0.6313726 0.6313726 1 0.4627451 0.4627451 0.4627451 1 0.4549019 0.4549019 0.4549019 1 0.6313726 0.6313726 0.6313726 1 0.4666666 0.4666666 0.4666666 1 0.4627451 0.4627451 0.4627451 1 0.5254902 0.5254902 0.5254902 1 0.4666666 0.4666666 0.4666666 1 0.6313726 0.6313726 0.6313726 1 0.5254902 0.5254902 0.5254902 1 0.5254902 0.5254902 0.5254902 1 0.4666666 0.4666666 0.4666666 1 0.5137255 0.5137255 0.5137255 1 0.5254902 0.5254902 0.5254902 1 0.5137255 0.5137255 0.5137255 1 0.5137255 0.5137255 0.5137255 1 0.5254902 0.5254902 0.5254902 1 0.5254902 0.5254902 0.5254902 1 0.4313725 0.4313725 0.4313725 1 0.5254902 0.5254902 0.5254902 1 0.5137255 0.5137255 0.5137255 1 0.4313725 0.4313725 0.4313725 1 0.5254902 0.5254902 0.5254902 1 0.5254902 0.5254902 0.5254902 1 0.4352941 0.4352941 0.4352941 1 0.5254902 0.5254902 0.5254902 1 0.4235294 0.4235294 0.4235294 1 0.4352941 0.4352941 0.4352941 1 0.5254902 0.5254902 0.5254902 1 0.5254902 0.5254902 0.5254902 1 0.4862745 0.4862745 0.4862745 1 0.5254902 0.5254902 0.5254902 1 0.4352941 0.4352941 0.4352941 1 0.4862745 0.4862745 0.4862745 1 0.5254902 0.5254902 0.5254902 1 0.5254902 0.5254902 0.5254902 1 0.8431373 0.8431373 0.8431373 1 0.8392157 0.8392157 0.8392157 1 0.8431373 0.8431373 0.8431373 1 0.8431373 0.8431373 0.8431373 1 0.8431373 0.8431373 0.8431373 1 0.8392157 0.8392157 0.8392157 1 0.8392157 0.8392157 0.8392157 1 0.8431373 0.8431373 0.8431373 1 0.8431373 0.8431373 0.8431373 1 0.8392157 0.8392157 0.8392157 1 0.8431373 0.8431373 0.8431373 1 0.8431373 0.8431373 0.8431373 1 0.8 0.8 0.8 1 0.8 0.8 0.8 1 0.8039216 0.8039216 0.8039216 1 0.8 0.8 0.8 1 0.7960785 0.7960785 0.7960785 1 0.8 0.8 0.8 1 0.7960785 0.7960785 0.7960785 1 0.7960785 0.7960785 0.7960785 1 0.8 0.8 0.8 1 0.7960785 0.7960785 0.7960785 1 0.7960785 0.7960785 0.7960785 1 0.7960785 0.7960785 0.7960785 1 0.5450981 0.5450981 0.5450981 1 0.5411765 0.5411765 0.5411765 1 0.5450981 0.5450981 0.5450981 1 0.5450981 0.5450981 0.5450981 1 0.5411765 0.5411765 0.5411765 1 0.5411765 0.5411765 0.5411765 1 0.5411765 0.5411765 0.5411765 1 0.5411765 0.5411765 0.5411765 1 0.5450981 0.5450981 0.5450981 1 0.5411765 0.5411765 0.5411765 1 0.5411765 0.5411765 0.5411765 1 0.5411765 0.5411765 0.5411765 1 0.8156863 0.8156863 0.8156863 1 0.8039216 0.8039216 0.8039216 1 0.8235294 0.8235294 0.8235294 1 0.8156863 0.8156863 0.8156863 1 0.8156863 0.8156863 0.8156863 1 0.8039216 0.8039216 0.8039216 1 0.827451 0.827451 0.827451 1 0.8156863 0.8156863 0.8156863 1 0.8156863 0.8156863 0.8156863 1 0.827451 0.827451 0.827451 1 0.8196079 0.8196079 0.8196079 1 0.8156863 0.8156863 0.8156863 1 0.8156863 0.8156863 0.8156863 1 0.8039216 0.8039216 0.8039216 1 0.827451 0.827451 0.827451 1 0.8156863 0.8156863 0.8156863 1 0.8117647 0.8117647 0.8117647 1 0.8039216 0.8039216 0.8039216 1 0.8235294 0.8235294 0.8235294 1 0.8117647 0.8117647 0.8117647 1 0.8156863 0.8156863 0.8156863 1 0.8235294 0.8235294 0.8235294 1 0.8313726 0.8313726 0.8313726 1 0.8117647 0.8117647 0.8117647 1 0.8352941 0.8352941 0.8352941 1 0.8431373 0.8431373 0.8431373 1 0.8431373 0.8431373 0.8431373 1 0.8352941 0.8352941 0.8352941 1 0.8392157 0.8392157 0.8392157 1 0.8431373 0.8431373 0.8431373 1 0.8313726 0.8313726 0.8313726 1 0.8392157 0.8392157 0.8392157 1 0.8352941 0.8352941 0.8352941 1 0.8313726 0.8313726 0.8313726 1 0.8313726 0.8313726 0.8313726 1 0.8392157 0.8392157 0.8392157 1 0.7411765 0.7411765 0.7411765 1 0.5254902 0.5254902 0.5254902 1 0.7254902 0.7254902 0.7254902 1 0.7411765 0.7411765 0.7411765 1 0.5254902 0.5254902 0.5254902 1 0.5254902 0.5254902 0.5254902 1 0.7333334 0.7333334 0.7333334 1 0.5254902 0.5254902 0.5254902 1 0.7411765 0.7411765 0.7411765 1 0.7333334 0.7333334 0.7333334 1 0.5254902 0.5254902 0.5254902 1 0.5254902 0.5254902 0.5254902 1 0.509804 0.509804 0.509804 1 0.5254902 0.5254902 0.5254902 1 0.4784314 0.4784314 0.4784314 1 0.509804 0.509804 0.509804 1 0.5254902 0.5254902 0.5254902 1 0.5254902 0.5254902 0.5254902 1 0.4470588 0.4470588 0.4470588 1 0.5254902 0.5254902 0.5254902 1 0.509804 0.509804 0.509804 1 0.4470588 0.4470588 0.4470588 1 0.5254902 0.5254902 0.5254902 1 0.5254902 0.5254902 0.5254902 1 0.427451 0.427451 0.427451 1 0.5372549 0.5372549 0.5372549 1 0.427451 0.427451 0.427451 1 0.427451 0.427451 0.427451 1 0.5372549 0.5372549 0.5372549 1 0.5372549 0.5372549 0.5372549 1 0.427451 0.427451 0.427451 1 0.5372549 0.5372549 0.5372549 1 0.427451 0.427451 0.427451 1 0.427451 0.427451 0.427451 1 0.427451 0.427451 0.427451 1 0.5372549 0.5372549 0.5372549 1 0.4784314 0.4784314 0.4784314 1 0.5372549 0.5372549 0.5372549 1 0.4313725 0.4313725 0.4313725 1 0.4784314 0.4784314 0.4784314 1 0.5372549 0.5372549 0.5372549 1 0.5372549 0.5372549 0.5372549 1 0.4235294 0.4235294 0.4235294 1 0.5372549 0.5372549 0.5372549 1 0.4784314 0.4784314 0.4784314 1 0.4235294 0.4235294 0.4235294 1 0.427451 0.427451 0.427451 1 0.5372549 0.5372549 0.5372549 1 0.5333334 0.5333334 0.5333334 1 0.5254902 0.5254902 0.5254902 1 0.5294118 0.5294118 0.5294118 1 0.5333334 0.5333334 0.5333334 1 0.5254902 0.5254902 0.5254902 1 0.5254902 0.5254902 0.5254902 1 0.4941176 0.4941176 0.4941176 1 0.5254902 0.5254902 0.5254902 1 0.5333334 0.5333334 0.5333334 1 0.4941176 0.4941176 0.4941176 1 0.6470589 0.6470589 0.6470589 1 0.5254902 0.5254902 0.5254902 1 0.7803922 0.7803922 0.7803922 1 0.5254902 0.5254902 0.5254902 1 0.7803922 0.7803922 0.7803922 1 0.7803922 0.7803922 0.7803922 1 0.5254902 0.5254902 0.5254902 1 0.5254902 0.5254902 0.5254902 1 0.772549 0.772549 0.772549 1 0.5254902 0.5254902 0.5254902 1 0.7803922 0.7803922 0.7803922 1 0.772549 0.772549 0.772549 1 0.5254902 0.5254902 0.5254902 1 0.5254902 0.5254902 0.5254902 1 0.509804 0.509804 0.509804 1 0.5019608 0.5019608 0.5019608 1 0.5019608 0.5019608 0.5019608 1 0.509804 0.509804 0.509804 1 0.5058824 0.5058824 0.5058824 1 0.5019608 0.5019608 0.5019608 1 0.5137255 0.5137255 0.5137255 1 0.5058824 0.5058824 0.5058824 1 0.509804 0.509804 0.509804 1 0.5137255 0.5137255 0.5137255 1 0.509804 0.509804 0.509804 1 0.5058824 0.5058824 0.5058824 1 0.5058824 0.5058824 0.5058824 1 0.4980392 0.4980392 0.4980392 1 0.5019608 0.5019608 0.5019608 1 0.5058824 0.5058824 0.5058824 1 0.5058824 0.5058824 0.5058824 1 0.4980392 0.4980392 0.4980392 1 0.509804 0.509804 0.509804 1 0.5058824 0.5058824 0.5058824 1 0.5058824 0.5058824 0.5058824 1 0.509804 0.509804 0.509804 1 0.5137255 0.5137255 0.5137255 1 0.5058824 0.5058824 0.5058824 1 0.5333334 0.5333334 0.5333334 1 0.5450981 0.5450981 0.5450981 1 0.5411765 0.5411765 0.5411765 1 0.5333334 0.5333334 0.5333334 1 0.5372549 0.5372549 0.5372549 1 0.5450981 0.5450981 0.5450981 1 0.5294118 0.5294118 0.5294118 1 0.5372549 0.5372549 0.5372549 1 0.5333334 0.5333334 0.5333334 1 0.5294118 0.5294118 0.5294118 1 0.5333334 0.5333334 0.5333334 1 0.5372549 0.5372549 0.5372549 1 0.5411765 0.5411765 0.5411765 1 0.5294118 0.5294118 0.5294118 1 0.5411765 0.5411765 0.5411765 1 0.5411765 0.5411765 0.5411765 1 0.5450981 0.5450981 0.5450981 1 0.5294118 0.5294118 0.5294118 1 0.5490196 0.5490196 0.5490196 1 0.5450981 0.5450981 0.5450981 1 0.5411765 0.5411765 0.5411765 1 0.5490196 0.5490196 0.5490196 1 0.5568628 0.5568628 0.5568628 1 0.5450981 0.5450981 0.5450981 1 0.854902 0.854902 0.854902 1 0.5254902 0.5254902 0.5254902 1 0.854902 0.854902 0.854902 1 0.854902 0.854902 0.854902 1 0.5254902 0.5254902 0.5254902 1 0.5254902 0.5254902 0.5254902 1 0.7647059 0.7647059 0.7647059 1 0.5254902 0.5254902 0.5254902 1 0.854902 0.854902 0.854902 1 0.7647059 0.7647059 0.7647059 1 0.5254902 0.5254902 0.5254902 1 0.5254902 0.5254902 0.5254902 1 0.7215687 0.7215687 0.7215687 1 0.5254902 0.5254902 0.5254902 1 0.7176471 0.7176471 0.7176471 1 0.7215687 0.7215687 0.7215687 1 0.5254902 0.5254902 0.5254902 1 0.5254902 0.5254902 0.5254902 1 0.7372549 0.7372549 0.7372549 1 0.5254902 0.5254902 0.5254902 1 0.7215687 0.7215687 0.7215687 1 0.7372549 0.7372549 0.7372549 1 0.427451 0.427451 0.427451 1 0.5254902 0.5254902 0.5254902 1 0.5372549 0.5372549 0.5372549 1 0.5254902 0.5254902 0.5254902 1 0.5176471 0.5176471 0.5176471 1 0.5372549 0.5372549 0.5372549 1 0.5254902 0.5254902 0.5254902 1 0.5254902 0.5254902 0.5254902 1 0.5411765 0.5411765 0.5411765 1 0.5254902 0.5254902 0.5254902 1 0.5372549 0.5372549 0.5372549 1 0.5411765 0.5411765 0.5411765 1 0.5254902 0.5254902 0.5254902 1 0.5254902 0.5254902 0.5254902 1 0.4313725 0.4313725 0.4313725 1 0.5254902 0.5254902 0.5254902 1 0.4745098 0.4745098 0.4745098 1 0.4313725 0.4313725 0.4313725 1 0.5254902 0.5254902 0.5254902 1 0.5254902 0.5254902 0.5254902 1 0.4705882 0.4705882 0.4705882 1 0.5254902 0.5254902 0.5254902 1 0.4313725 0.4313725 0.4313725 1 0.4705882 0.4705882 0.4705882 1 0.5254902 0.5254902 0.5254902 1 0.5254902 0.5254902 0.5254902 1 0.8196079 0.8196079 0.8196079 1 0.8313726 0.8313726 0.8313726 1 0.8352941 0.8352941 0.8352941 1 0.8196079 0.8196079 0.8196079 1 0.8352941 0.8352941 0.8352941 1 0.8313726 0.8313726 0.8313726 1 0.827451 0.827451 0.827451 1 0.8352941 0.8352941 0.8352941 1 0.8196079 0.8196079 0.8196079 1 0.5333334 0.5333334 0.5333334 1 0.5333334 0.5333334 0.5333334 1 0.5294118 0.5294118 0.5294118 1 0.5333334 0.5333334 0.5333334 1 0.5372549 0.5372549 0.5372549 1 0.5333334 0.5333334 0.5333334 1 0.5411765 0.5411765 0.5411765 1 0.5372549 0.5372549 0.5372549 1 0.5333334 0.5333334 0.5333334 1 0.7019608 0.7019608 0.7019608 1 0.5254902 0.5254902 0.5254902 1 0.7137255 0.7137255 0.7137255 1 0.7019608 0.7019608 0.7019608 1 0.5254902 0.5254902 0.5254902 1 0.5254902 0.5254902 0.5254902 1 0.654902 0.654902 0.654902 1 0.5254902 0.5254902 0.5254902 1 0.7019608 0.7019608 0.7019608 1 0.5333334 0.5333334 0.5333334 1 0.5333334 0.5333334 0.5333334 1 0.5294118 0.5294118 0.5294118 1 0.5333334 0.5333334 0.5333334 1 0.5294118 0.5294118 0.5294118 1 0.5333334 0.5333334 0.5333334 1 0.5294118 0.5294118 0.5294118 1 0.5294118 0.5294118 0.5294118 1 0.5333334 0.5333334 0.5333334 1 0.8470588 0.8470588 0.8470588 1 0.8509804 0.8509804 0.8509804 1 0.8509804 0.8509804 0.8509804 1 0.8470588 0.8470588 0.8470588 1 0.8470588 0.8470588 0.8470588 1 0.8509804 0.8509804 0.8509804 1 0.8392157 0.8392157 0.8392157 1 0.8470588 0.8470588 0.8470588 1 0.8470588 0.8470588 0.8470588 1 0.6352941 0.6352941 0.6352941 1 0.4941176 0.4941176 0.4941176 1 0.5254902 0.5254902 0.5254902 1 0.6352941 0.6352941 0.6352941 1 0.4941176 0.4941176 0.4941176 1 0.4941176 0.4941176 0.4941176 1 0.4901961 0.4901961 0.4901961 1 0.4941176 0.4941176 0.4941176 1 0.6352941 0.6352941 0.6352941 1 0.5137255 0.5137255 0.5137255 1 0.5176471 0.5176471 0.5176471 1 0.5137255 0.5137255 0.5137255 1 0.5137255 0.5137255 0.5137255 1 0.4980392 0.4980392 0.4980392 1 0.5176471 0.5176471 0.5176471 1 0.5294118 0.5294118 0.5294118 1 0.4980392 0.4980392 0.4980392 1 0.5137255 0.5137255 0.5137255 1 0.8039216 0.8039216 0.8039216 1 0.8313726 0.8313726 0.8313726 1 0.7843137 0.7843137 0.7843137 1 0.8039216 0.8039216 0.8039216 1 0.8156863 0.8156863 0.8156863 1 0.8313726 0.8313726 0.8313726 1 0.8235294 0.8235294 0.8235294 1 0.8156863 0.8156863 0.8156863 1 0.8039216 0.8039216 0.8039216 1 0.8156863 0.8156863 0.8156863 1 0.7843137 0.7843137 0.7843137 1 0.8196079 0.8196079 0.8196079 1 0.8156863 0.8156863 0.8156863 1 0.7921569 0.7921569 0.7921569 1 0.7843137 0.7843137 0.7843137 1 0.7921569 0.7921569 0.7921569 1 0.7921569 0.7921569 0.7921569 1 0.8156863 0.8156863 0.8156863 1 0.7960785 0.7960785 0.7960785 1 0.5254902 0.5254902 0.5254902 1 0.5254902 0.5254902 0.5254902 1 0.7960785 0.7960785 0.7960785 1 0.5254902 0.5254902 0.5254902 1 0.5254902 0.5254902 0.5254902 1 0.7960785 0.7960785 0.7960785 1 0.5254902 0.5254902 0.5254902 1 0.7960785 0.7960785 0.7960785 1 0.8392157 0.8392157 0.8392157 1 0.8431373 0.8431373 0.8431373 1 0.8431373 0.8431373 0.8431373 1 0.8392157 0.8392157 0.8392157 1 0.8392157 0.8392157 0.8392157 1 0.8431373 0.8431373 0.8431373 1 0.8352941 0.8352941 0.8352941 1 0.8392157 0.8392157 0.8392157 1 0.8392157 0.8392157 0.8392157 1 0.8627451 0.8627451 0.8627451 1 0.8666667 0.8666667 0.8666667 1 0.8666667 0.8666667 0.8666667 1 0.8627451 0.8627451 0.8627451 1 0.8666667 0.8666667 0.8666667 1 0.8666667 0.8666667 0.8666667 1 0.8627451 0.8627451 0.8627451 1 0.8666667 0.8666667 0.8666667 1 0.8627451 0.8627451 0.8627451 1 0.427451 0.427451 0.427451 1 0.427451 0.427451 0.427451 1 0.427451 0.427451 0.427451 1 0.427451 0.427451 0.427451 1 0.427451 0.427451 0.427451 1 0.427451 0.427451 0.427451 1 0.7333334 0.7333334 0.7333334 1 0.427451 0.427451 0.427451 1 0.427451 0.427451 0.427451 1 0.8117647 0.8117647 0.8117647 1 0.5254902 0.5254902 0.5254902 1 0.7647059 0.7647059 0.7647059 1 0.8117647 0.8117647 0.8117647 1 0.5254902 0.5254902 0.5254902 1 0.5254902 0.5254902 0.5254902 1 0.5254902 0.5254902 0.5254902 1 0.5254902 0.5254902 0.5254902 1 0.8117647 0.8117647 0.8117647 1 0.7254902 0.7254902 0.7254902 1 0.5254902 0.5254902 0.5254902 1 0.7450981 0.7450981 0.7450981 1 0.7254902 0.7254902 0.7254902 1 0.5254902 0.5254902 0.5254902 1 0.5254902 0.5254902 0.5254902 1 0.5254902 0.5254902 0.5254902 1 0.5254902 0.5254902 0.5254902 1 0.7254902 0.7254902 0.7254902 1 0.8352941 0.8352941 0.8352941 1 0.8431373 0.8431373 0.8431373 1 0.8392157 0.8392157 0.8392157 1 0.8352941 0.8352941 0.8352941 1 0.8431373 0.8431373 0.8431373 1 0.8431373 0.8431373 0.8431373 1 0.8431373 0.8431373 0.8431373 1 0.8431373 0.8431373 0.8431373 1 0.8352941 0.8352941 0.8352941 1 0.8156863 0.8156863 0.8156863 1 0.8313726 0.8313726 0.8313726 1 0.8156863 0.8156863 0.8156863 1 0.8156863 0.8156863 0.8156863 1 0.8117647 0.8117647 0.8117647 1 0.8313726 0.8313726 0.8313726 1 0.8039216 0.8039216 0.8039216 1 0.8117647 0.8117647 0.8117647 1 0.8156863 0.8156863 0.8156863 1 0.7843137 0.7843137 0.7843137 1 0.5254902 0.5254902 0.5254902 1 0.5254902 0.5254902 0.5254902 1 0.7843137 0.7843137 0.7843137 1 0.5254902 0.5254902 0.5254902 1 0.5254902 0.5254902 0.5254902 1 0.7921569 0.7921569 0.7921569 1 0.5254902 0.5254902 0.5254902 1 0.7843137 0.7843137 0.7843137 1 0.5372549 0.5372549 0.5372549 1 0.427451 0.427451 0.427451 1 0.427451 0.427451 0.427451 1 0.5372549 0.5372549 0.5372549 1 0.427451 0.427451 0.427451 1 0.427451 0.427451 0.427451 1 0.4313725 0.4313725 0.4313725 1 0.427451 0.427451 0.427451 1 0.5372549 0.5372549 0.5372549 1 0.8078432 0.8078432 0.8078432 1 0.8078432 0.8078432 0.8078432 1 0.7960785 0.7960785 0.7960785 1 0.8078432 0.8078432 0.8078432 1 0.8196079 0.8196079 0.8196079 1 0.8078432 0.8078432 0.8078432 1 0.8117647 0.8117647 0.8117647 1 0.8196079 0.8196079 0.8196079 1 0.8078432 0.8078432 0.8078432 1 0.8980392 0.8980392 0.8980392 1 0.5254902 0.5254902 0.5254902 1 0.8901961 0.8901961 0.8901961 1 0.8980392 0.8980392 0.8980392 1 0.5254902 0.5254902 0.5254902 1 0.5254902 0.5254902 0.5254902 1 0.5254902 0.5254902 0.5254902 1 0.5254902 0.5254902 0.5254902 1 0.8980392 0.8980392 0.8980392 1 0.4666666 0.4666666 0.4666666 1 0.5254902 0.5254902 0.5254902 1 0.4588235 0.4588235 0.4588235 1 0.4666666 0.4666666 0.4666666 1 0.5254902 0.5254902 0.5254902 1 0.5254902 0.5254902 0.5254902 1 0.4666666 0.4666666 0.4666666 1 0.5254902 0.5254902 0.5254902 1 0.4666666 0.4666666 0.4666666 1 0.5254902 0.5254902 0.5254902 1 0.5176471 0.5176471 0.5176471 1 0.5254902 0.5254902 0.5254902 1 0.5254902 0.5254902 0.5254902 1 0.5176471 0.5176471 0.5176471 1 0.5176471 0.5176471 0.5176471 1 0.4627451 0.4627451 0.4627451 1 0.5176471 0.5176471 0.5176471 1 0.5254902 0.5254902 0.5254902 1 0.8392157 0.8392157 0.8392157 1 0.5254902 0.5254902 0.5254902 1 0.7607843 0.7607843 0.7607843 1 0.8392157 0.8392157 0.8392157 1 0.5254902 0.5254902 0.5254902 1 0.5254902 0.5254902 0.5254902 1 0.5254902 0.5254902 0.5254902 1 0.5254902 0.5254902 0.5254902 1 0.8392157 0.8392157 0.8392157 1 0.5254902 0.5254902 0.5254902 1 0.7254902 0.7254902 0.7254902 1 0.5254902 0.5254902 0.5254902 1 0.5254902 0.5254902 0.5254902 1 0.8196079 0.8196079 0.8196079 1 0.7254902 0.7254902 0.7254902 1 0.827451 0.827451 0.827451 1 0.8196079 0.8196079 0.8196079 1 0.5254902 0.5254902 0.5254902 1 0.509804 0.509804 0.509804 1 0.509804 0.509804 0.509804 1 0.5254902 0.5254902 0.5254902 1 0.509804 0.509804 0.509804 1 0.5137255 0.5137255 0.5137255 1 0.509804 0.509804 0.509804 1 0.5058824 0.5058824 0.5058824 1 0.5137255 0.5137255 0.5137255 1 0.509804 0.509804 0.509804 1 0.8431373 0.8431373 0.8431373 1 0.8313726 0.8313726 0.8313726 1 0.8392157 0.8392157 0.8392157 1 0.8431373 0.8431373 0.8431373 1 0.8431373 0.8431373 0.8431373 1 0.8313726 0.8313726 0.8313726 1 0.8431373 0.8431373 0.8431373 1 0.8431373 0.8431373 0.8431373 1 0.8431373 0.8431373 0.8431373 1 0.8431373 0.8431373 0.8431373 1 0.8470588 0.8470588 0.8470588 1 0.8470588 0.8470588 0.8470588 1 0.8431373 0.8431373 0.8431373 1 0.8431373 0.8431373 0.8431373 1 0.8470588 0.8470588 0.8470588 1 0.8509804 0.8509804 0.8509804 1 0.8431373 0.8431373 0.8431373 1 0.8431373 0.8431373 0.8431373 1 0.854902 0.854902 0.854902 1 0.5254902 0.5254902 0.5254902 1 0.8627451 0.8627451 0.8627451 1 0.854902 0.854902 0.854902 1 0.5254902 0.5254902 0.5254902 1 0.5254902 0.5254902 0.5254902 1 0.5254902 0.5254902 0.5254902 1 0.5254902 0.5254902 0.5254902 1 0.854902 0.854902 0.854902 1 0.7921569 0.7921569 0.7921569 1 0.827451 0.827451 0.827451 1 0.8235294 0.8235294 0.8235294 1 0.7921569 0.7921569 0.7921569 1 0.8235294 0.8235294 0.8235294 1 0.827451 0.827451 0.827451 1 0.7843137 0.7843137 0.7843137 1 0.8235294 0.8235294 0.8235294 1 0.7921569 0.7921569 0.7921569 1 0.4823529 0.4823529 0.4823529 1 0.5254902 0.5254902 0.5254902 1 0.4823529 0.4823529 0.4823529 1 0.4823529 0.4823529 0.4823529 1 0.5254902 0.5254902 0.5254902 1 0.5254902 0.5254902 0.5254902 1 0.5254902 0.5254902 0.5254902 1 0.5254902 0.5254902 0.5254902 1 0.4823529 0.4823529 0.4823529 1 0.8431373 0.8431373 0.8431373 1 0.8509804 0.8509804 0.8509804 1 0.8392157 0.8392157 0.8392157 1 0.8431373 0.8431373 0.8431373 1 0.8431373 0.8431373 0.8431373 1 0.8509804 0.8509804 0.8509804 1 0.8392157 0.8392157 0.8392157 1 0.8431373 0.8431373 0.8431373 1 0.8431373 0.8431373 0.8431373 1 0.8431373 0.8431373 0.8431373 1 0.8470588 0.8470588 0.8470588 1 0.8392157 0.8392157 0.8392157 1 0.8431373 0.8431373 0.8431373 1 0.8470588 0.8470588 0.8470588 1 0.8470588 0.8470588 0.8470588 1 0.8431373 0.8431373 0.8431373 1 0.8470588 0.8470588 0.8470588 1 0.8431373 0.8431373 0.8431373 1 0.5333334 0.5333334 0.5333334 1 0.5294118 0.5294118 0.5294118 1 0.5294118 0.5294118 0.5294118 1 0.5333334 0.5333334 0.5333334 1 0.5372549 0.5372549 0.5372549 1 0.5294118 0.5294118 0.5294118 1 0.5294118 0.5294118 0.5294118 1 0.5372549 0.5372549 0.5372549 1 0.5333334 0.5333334 0.5333334 1 0.5137255 0.5137255 0.5137255 1 0.5215687 0.5215687 0.5215687 1 0.509804 0.509804 0.509804 1 0.5137255 0.5137255 0.5137255 1 0.5176471 0.5176471 0.5176471 1 0.5215687 0.5215687 0.5215687 1 0.5215687 0.5215687 0.5215687 1 0.5176471 0.5176471 0.5176471 1 0.5137255 0.5137255 0.5137255 1 0.8156863 0.8156863 0.8156863 1 0.8235294 0.8235294 0.8235294 1 0.8196079 0.8196079 0.8196079 1 0.8156863 0.8156863 0.8156863 1 0.8156863 0.8156863 0.8156863 1 0.8235294 0.8235294 0.8235294 1 0.8196079 0.8196079 0.8196079 1 0.8156863 0.8156863 0.8156863 1 0.8156863 0.8156863 0.8156863 1 0.8156863 0.8156863 0.8156863 1 0.8196079 0.8196079 0.8196079 1 0.8196079 0.8196079 0.8196079 1 0.8156863 0.8156863 0.8156863 1 0.827451 0.827451 0.827451 1 0.8196079 0.8196079 0.8196079 1 0.8196079 0.8196079 0.8196079 1 0.827451 0.827451 0.827451 1 0.8156863 0.8156863 0.8156863 1 0.8078432 0.8078432 0.8078432 1 0.7960785 0.7960785 0.7960785 1 0.8 0.8 0.8 1 0.8078432 0.8078432 0.8078432 1 0.7882353 0.7882353 0.7882353 1 0.7960785 0.7960785 0.7960785 1 0.7960785 0.7960785 0.7960785 1 0.7882353 0.7882353 0.7882353 1 0.8078432 0.8078432 0.8078432 1 0.5568628 0.5568628 0.5568628 1 0.5450981 0.5450981 0.5450981 1 0.5490196 0.5490196 0.5490196 1 0.5568628 0.5568628 0.5568628 1 0.5372549 0.5372549 0.5372549 1 0.5450981 0.5450981 0.5450981 1 0.5568628 0.5568628 0.5568628 1 0.5372549 0.5372549 0.5372549 1 0.5568628 0.5568628 0.5568628 1 0.8392157 0.8392157 0.8392157 1 0.8352941 0.8352941 0.8352941 1 0.8313726 0.8313726 0.8313726 1 0.8392157 0.8392157 0.8392157 1 0.8352941 0.8352941 0.8352941 1 0.8352941 0.8352941 0.8352941 1 0.8392157 0.8392157 0.8392157 1 0.8352941 0.8352941 0.8352941 1 0.8392157 0.8392157 0.8392157 1 0.8509804 0.8509804 0.8509804 1 0.854902 0.854902 0.854902 1 0.8509804 0.8509804 0.8509804 1 0.8509804 0.8509804 0.8509804 1 0.8470588 0.8470588 0.8470588 1 0.854902 0.854902 0.854902 1 0.8509804 0.8509804 0.8509804 1 0.8470588 0.8470588 0.8470588 1 0.8509804 0.8509804 0.8509804 1 0.8509804 0.8509804 0.8509804 1 0.8509804 0.8509804 0.8509804 1 0.8509804 0.8509804 0.8509804 1 0.8509804 0.8509804 0.8509804 1 0.8509804 0.8509804 0.8509804 1 0.8509804 0.8509804 0.8509804 1 0.8509804 0.8509804 0.8509804 1 0.8509804 0.8509804 0.8509804 1 0.8509804 0.8509804 0.8509804 1 0.8156863 0.8156863 0.8156863 1 0.8078432 0.8078432 0.8078432 1 0.8 0.8 0.8 1 0.8156863 0.8156863 0.8156863 1 0.8117647 0.8117647 0.8117647 1 0.8078432 0.8078432 0.8078432 1 0.8196079 0.8196079 0.8196079 1 0.8117647 0.8117647 0.8117647 1 0.8156863 0.8156863 0.8156863 1 0.5411765 0.5411765 0.5411765 1 0.5411765 0.5411765 0.5411765 1 0.5411765 0.5411765 0.5411765 1 0.5411765 0.5411765 0.5411765 1 0.5411765 0.5411765 0.5411765 1 0.5411765 0.5411765 0.5411765 1 0.5450981 0.5450981 0.5450981 1 0.5411765 0.5411765 0.5411765 1 0.5411765 0.5411765 0.5411765 1 0.5411765 0.5411765 0.5411765 1 0.5411765 0.5411765 0.5411765 1 0.5450981 0.5450981 0.5450981 1 0.5411765 0.5411765 0.5411765 1 0.5411765 0.5411765 0.5411765 1 0.5411765 0.5411765 0.5411765 1 0.5450981 0.5450981 0.5450981 1 0.5411765 0.5411765 0.5411765 1 0.5411765 0.5411765 0.5411765 1 0.854902 0.854902 0.854902 1 0.8509804 0.8509804 0.8509804 1 0.8470588 0.8470588 0.8470588 1 0.854902 0.854902 0.854902 1 0.854902 0.854902 0.854902 1 0.8509804 0.8509804 0.8509804 1 0.8509804 0.8509804 0.8509804 1 0.854902 0.854902 0.854902 1 0.854902 0.854902 0.854902 1 0.8039216 0.8039216 0.8039216 1 0.8078432 0.8078432 0.8078432 1 0.8039216 0.8039216 0.8039216 1 0.8039216 0.8039216 0.8039216 1 0.8039216 0.8039216 0.8039216 1 0.8078432 0.8078432 0.8078432 1 0.8039216 0.8039216 0.8039216 1 0.8039216 0.8039216 0.8039216 1 0.8039216 0.8039216 0.8039216 1 0.8039216 0.8039216 0.8039216 1 0.8039216 0.8039216 0.8039216 1 0.8039216 0.8039216 0.8039216 1 0.8039216 0.8039216 0.8039216 1 0.8117647 0.8117647 0.8117647 1 0.8039216 0.8039216 0.8039216 1 0.8117647 0.8117647 0.8117647 1 0.8117647 0.8117647 0.8117647 1 0.8039216 0.8039216 0.8039216 1 0.8039216 0.8039216 0.8039216 1 0.8039216 0.8039216 0.8039216 1 0.8117647 0.8117647 0.8117647 1 0.8039216 0.8039216 0.8039216 1 0.8078432 0.8078432 0.8078432 1 0.8039216 0.8039216 0.8039216 1 0.8039216 0.8039216 0.8039216 1 0.8078432 0.8078432 0.8078432 1 0.8039216 0.8039216 0.8039216 1 0.509804 0.509804 0.509804 1 0.5058824 0.5058824 0.5058824 1 0.509804 0.509804 0.509804 1 0.509804 0.509804 0.509804 1 0.509804 0.509804 0.509804 1 0.5058824 0.5058824 0.5058824 1 0.5137255 0.5137255 0.5137255 1 0.509804 0.509804 0.509804 1 0.509804 0.509804 0.509804 1 0.509804 0.509804 0.509804 1 0.5137255 0.5137255 0.5137255 1 0.5137255 0.5137255 0.5137255 1 0.509804 0.509804 0.509804 1 0.5137255 0.5137255 0.5137255 1 0.5137255 0.5137255 0.5137255 1 0.5137255 0.5137255 0.5137255 1 0.5137255 0.5137255 0.5137255 1 0.509804 0.509804 0.509804 1 0.6352941 0.6352941 0.6352941 1 0.7764706 0.7764706 0.7764706 1 0.5254902 0.5254902 0.5254902 1 0.6352941 0.6352941 0.6352941 1 0.8431373 0.8431373 0.8431373 1 0.7764706 0.7764706 0.7764706 1 0.772549 0.772549 0.772549 1 0.8431373 0.8431373 0.8431373 1 0.6352941 0.6352941 0.6352941 1 0.7960785 0.7960785 0.7960785 1 0.7921569 0.7921569 0.7921569 1 0.8 0.8 0.8 1 0.7960785 0.7960785 0.7960785 1 0.7921569 0.7921569 0.7921569 1 0.7921569 0.7921569 0.7921569 1 0.7882353 0.7882353 0.7882353 1 0.7921569 0.7921569 0.7921569 1 0.7960785 0.7960785 0.7960785 1 0.8 0.8 0.8 1 0.7843137 0.7843137 0.7843137 1 0.7960785 0.7960785 0.7960785 1 0.8 0.8 0.8 1 0.7921569 0.7921569 0.7921569 1 0.7843137 0.7843137 0.7843137 1 0.8039216 0.8039216 0.8039216 1 0.7921569 0.7921569 0.7921569 1 0.8 0.8 0.8 1 0.8431373 0.8431373 0.8431373 1 0.8509804 0.8509804 0.8509804 1 0.8431373 0.8431373 0.8431373 1 0.8431373 0.8431373 0.8431373 1 0.854902 0.854902 0.854902 1 0.8509804 0.8509804 0.8509804 1 0.8431373 0.8431373 0.8431373 1 0.854902 0.854902 0.854902 1 0.8431373 0.8431373 0.8431373 1 0.8431373 0.8431373 0.8431373 1 0.8470588 0.8470588 0.8470588 1 0.8431373 0.8431373 0.8431373 1 0.8431373 0.8431373 0.8431373 1 0.8352941 0.8352941 0.8352941 1 0.8470588 0.8470588 0.8470588 1 0.8392157 0.8392157 0.8392157 1 0.8352941 0.8352941 0.8352941 1 0.8431373 0.8431373 0.8431373 1 0.8392157 0.8392157 0.8392157 1 0.8392157 0.8392157 0.8392157 1 0.8352941 0.8352941 0.8352941 1 0.8392157 0.8392157 0.8392157 1 0.8392157 0.8392157 0.8392157 1 0.8392157 0.8392157 0.8392157 1 0.8470588 0.8470588 0.8470588 1 0.8392157 0.8392157 0.8392157 1 0.8392157 0.8392157 0.8392157 1 0.8509804 0.8509804 0.8509804 1 0.8509804 0.8509804 0.8509804 1 0.8509804 0.8509804 0.8509804 1 0.8509804 0.8509804 0.8509804 1 0.8470588 0.8470588 0.8470588 1 0.8509804 0.8509804 0.8509804 1 0.8470588 0.8470588 0.8470588 1 0.8470588 0.8470588 0.8470588 1 0.8509804 0.8509804 0.8509804 1 0.8509804 0.8509804 0.8509804 1 0.8470588 0.8470588 0.8470588 1 0.8470588 0.8470588 0.8470588 1 0.8509804 0.8509804 0.8509804 1 0.8509804 0.8509804 0.8509804 1 0.8470588 0.8470588 0.8470588 1 0.854902 0.854902 0.854902 1 0.8509804 0.8509804 0.8509804 1 0.8509804 0.8509804 0.8509804 1 0.5254902 0.5254902 0.5254902 1 0.4823529 0.4823529 0.4823529 1 0.5254902 0.5254902 0.5254902 1 0.5254902 0.5254902 0.5254902 1 0.4823529 0.4823529 0.4823529 1 0.4823529 0.4823529 0.4823529 1 0.4352941 0.4352941 0.4352941 1 0.4823529 0.4823529 0.4823529 1 0.5254902 0.5254902 0.5254902 1 0.8117647 0.8117647 0.8117647 1 0.5254902 0.5254902 0.5254902 1 0.5254902 0.5254902 0.5254902 1 0.8117647 0.8117647 0.8117647 1 0.5254902 0.5254902 0.5254902 1 0.5254902 0.5254902 0.5254902 1 0.7921569 0.7921569 0.7921569 1 0.5254902 0.5254902 0.5254902 1 0.8117647 0.8117647 0.8117647 1 0.5411765 0.5411765 0.5411765 1 0.5411765 0.5411765 0.5411765 1 0.5411765 0.5411765 0.5411765 1 0.5411765 0.5411765 0.5411765 1 0.5411765 0.5411765 0.5411765 1 0.5411765 0.5411765 0.5411765 1 0.5372549 0.5372549 0.5372549 1 0.5411765 0.5411765 0.5411765 1 0.5411765 0.5411765 0.5411765 1 0.5254902 0.5254902 0.5254902 1 0.7843137 0.7843137 0.7843137 1 0.5254902 0.5254902 0.5254902 1 0.5254902 0.5254902 0.5254902 1 0.8039216 0.8039216 0.8039216 1 0.7843137 0.7843137 0.7843137 1 0.5254902 0.5254902 0.5254902 1 0.8039216 0.8039216 0.8039216 1 0.5254902 0.5254902 0.5254902 1 0.5254902 0.5254902 0.5254902 1 0.8078432 0.8078432 0.8078432 1 0.5254902 0.5254902 0.5254902 1 0.5254902 0.5254902 0.5254902 1 0.7843137 0.7843137 0.7843137 1 0.8078432 0.8078432 0.8078432 1 0.8078432 0.8078432 0.8078432 1 0.7843137 0.7843137 0.7843137 1 0.5254902 0.5254902 0.5254902 1 0.8117647 0.8117647 0.8117647 1 0.8313726 0.8313726 0.8313726 1 0.8039216 0.8039216 0.8039216 1 0.8117647 0.8117647 0.8117647 1 0.8313726 0.8313726 0.8313726 1 0.8313726 0.8313726 0.8313726 1 0.8313726 0.8313726 0.8313726 1 0.8313726 0.8313726 0.8313726 1 0.8117647 0.8117647 0.8117647 1 0.772549 0.772549 0.772549 1 0.5254902 0.5254902 0.5254902 1 0.772549 0.772549 0.772549 1 0.772549 0.772549 0.772549 1 0.5254902 0.5254902 0.5254902 1 0.5254902 0.5254902 0.5254902 1 0.5254902 0.5254902 0.5254902 1 0.5254902 0.5254902 0.5254902 1 0.772549 0.772549 0.772549 1 0.5450981 0.5450981 0.5450981 1 0.5411765 0.5411765 0.5411765 1 0.5294118 0.5294118 0.5294118 1 0.5450981 0.5450981 0.5450981 1 0.5490196 0.5490196 0.5490196 1 0.5411765 0.5411765 0.5411765 1 0.5568628 0.5568628 0.5568628 1 0.5490196 0.5490196 0.5490196 1 0.5450981 0.5450981 0.5450981 1 0.5372549 0.5372549 0.5372549 1 0.427451 0.427451 0.427451 1 0.427451 0.427451 0.427451 1 0.5372549 0.5372549 0.5372549 1 0.7333334 0.7333334 0.7333334 1 0.427451 0.427451 0.427451 1 0.7254902 0.7254902 0.7254902 1 0.7333334 0.7333334 0.7333334 1 0.5372549 0.5372549 0.5372549 1 0.854902 0.854902 0.854902 1 0.5254902 0.5254902 0.5254902 1 0.8039216 0.8039216 0.8039216 1 0.854902 0.854902 0.854902 1 0.5254902 0.5254902 0.5254902 1 0.5254902 0.5254902 0.5254902 1 0.854902 0.854902 0.854902 1 0.5254902 0.5254902 0.5254902 1 0.5254902 0.5254902 0.5254902 1 0.854902 0.854902 0.854902 1 0.8588235 0.8588235 0.8588235 1 0.5254902 0.5254902 0.5254902 1 0.5254902 0.5254902 0.5254902 1 0.8588235 0.8588235 0.8588235 1 0.8235294 0.8235294 0.8235294 1 0.5254902 0.5254902 0.5254902 1 0.5254902 0.5254902 0.5254902 1 0.8588235 0.8588235 0.8588235 1 0.7921569 0.7921569 0.7921569 1 0.5254902 0.5254902 0.5254902 1 0.8235294 0.8235294 0.8235294 1 0.7921569 0.7921569 0.7921569 1 0.5254902 0.5254902 0.5254902 1 0.5254902 0.5254902 0.5254902 1 0.5254902 0.5254902 0.5254902 1 0.7098039 0.7098039 0.7098039 1 0.7098039 0.7098039 0.7098039 1 0.5254902 0.5254902 0.5254902 1 0.5254902 0.5254902 0.5254902 1 0.7098039 0.7098039 0.7098039 1 0.6941177 0.6941177 0.6941177 1 0.5254902 0.5254902 0.5254902 1 0.7098039 0.7098039 0.7098039 1 0.6941177 0.6941177 0.6941177 1 0.5254902 0.5254902 0.5254902 1 0.5254902 0.5254902 0.5254902 1 0.6941177 0.6941177 0.6941177 1 0.6078432 0.6078432 0.6078432 1 0.5254902 0.5254902 0.5254902 1 0.6941177 0.6941177 0.6941177 1 0.7372549 0.7372549 0.7372549 1 0.6078432 0.6078432 0.6078432 1 0.7215687 0.7215687 0.7215687 1 0.6078432 0.6078432 0.6078432 1 0.7372549 0.7372549 0.7372549 1 0.7215687 0.7215687 0.7215687 1 0.5254902 0.5254902 0.5254902 1 0.6078432 0.6078432 0.6078432 1 0.7058824 0.7058824 0.7058824 1 0.5254902 0.5254902 0.5254902 1 0.7215687 0.7215687 0.7215687 1 0.7058824 0.7058824 0.7058824 1 0.5254902 0.5254902 0.5254902 1 0.5254902 0.5254902 0.5254902 1 0.8 0.8 0.8 1 0.5254902 0.5254902 0.5254902 1 0.5254902 0.5254902 0.5254902 1 0.8 0.8 0.8 1 0.7882353 0.7882353 0.7882353 1 0.5254902 0.5254902 0.5254902 1 0.7882353 0.7882353 0.7882353 1 0.6352941 0.6352941 0.6352941 1 0.5254902 0.5254902 0.5254902 1 0.7882353 0.7882353 0.7882353 1 0.8588235 0.8588235 0.8588235 1 0.6352941 0.6352941 0.6352941 1 0.7843137 0.7843137 0.7843137 1 0.6352941 0.6352941 0.6352941 1 0.8588235 0.8588235 0.8588235 1 0.7843137 0.7843137 0.7843137 1 0.5254902 0.5254902 0.5254902 1 0.6352941 0.6352941 0.6352941 1 0.7372549 0.7372549 0.7372549 1 0.427451 0.427451 0.427451 1 0.7215687 0.7215687 0.7215687 1 0.7372549 0.7372549 0.7372549 1 0.5254902 0.5254902 0.5254902 1 0.427451 0.427451 0.427451 1 0.5254902 0.5254902 0.5254902 1 0.7372549 0.7372549 0.7372549 1 0.7058824 0.7058824 0.7058824 1 0.5254902 0.5254902 0.5254902 1 0.5254902 0.5254902 0.5254902 1 0.7372549 0.7372549 0.7372549 1 0.7058824 0.7058824 0.7058824 1 0.5254902 0.5254902 0.5254902 1 0.5254902 0.5254902 0.5254902 1 0.7058824 0.7058824 0.7058824 1 0.7137255 0.7137255 0.7137255 1 0.5254902 0.5254902 0.5254902 1 0.7450981 0.7450981 0.7450981 1 0.5254902 0.5254902 0.5254902 1 0.7137255 0.7137255 0.7137255 1 0.7450981 0.7450981 0.7450981 1 0.5254902 0.5254902 0.5254902 1 0.5254902 0.5254902 0.5254902 1 0.7450981 0.7450981 0.7450981 1 0.5254902 0.5254902 0.5254902 1 0.5254902 0.5254902 0.5254902 1 0.7450981 0.7450981 0.7450981 1 0.7411765 0.7411765 0.7411765 1 0.5254902 0.5254902 0.5254902 1 0.7411765 0.7411765 0.7411765 1 0.5372549 0.5372549 0.5372549 1 0.7490196 0.7490196 0.7490196 1 0.7411765 0.7411765 0.7411765 1 0.7843137 0.7843137 0.7843137 1 0.5372549 0.5372549 0.5372549 1 0.8666667 0.8666667 0.8666667 1 0.5254902 0.5254902 0.5254902 1 0.5254902 0.5254902 0.5254902 1 0.8666667 0.8666667 0.8666667 1 0.8627451 0.8627451 0.8627451 1 0.5254902 0.5254902 0.5254902 1 0.8392157 0.8392157 0.8392157 1 0.5254902 0.5254902 0.5254902 1 0.5254902 0.5254902 0.5254902 1 0.8392157 0.8392157 0.8392157 1 0.8392157 0.8392157 0.8392157 1 0.5254902 0.5254902 0.5254902 1 0.854902 0.854902 0.854902 1 0.5254902 0.5254902 0.5254902 1 0.5254902 0.5254902 0.5254902 1 0.854902 0.854902 0.854902 1 0.8588235 0.8588235 0.8588235 1 0.5254902 0.5254902 0.5254902 1 0.8588235 0.8588235 0.8588235 1 0.5254902 0.5254902 0.5254902 1 0.8588235 0.8588235 0.8588235 1 0.8588235 0.8588235 0.8588235 1 0.5254902 0.5254902 0.5254902 1 0.5254902 0.5254902 0.5254902 1 0.8588235 0.8588235 0.8588235 1 0.5254902 0.5254902 0.5254902 1 0.5254902 0.5254902 0.5254902 1 0.8588235 0.8588235 0.8588235 1 0.8470588 0.8470588 0.8470588 1 0.5254902 0.5254902 0.5254902 1 0.8666667 0.8666667 0.8666667 1 0.5254902 0.5254902 0.5254902 1 0.8470588 0.8470588 0.8470588 1 0.8666667 0.8666667 0.8666667 1 0.5254902 0.5254902 0.5254902 1 0.5254902 0.5254902 0.5254902 1 0.4784314 0.4784314 0.4784314 1 0.5254902 0.5254902 0.5254902 1 0.4705882 0.4705882 0.4705882 1 0.4784314 0.4784314 0.4784314 1 0.5254902 0.5254902 0.5254902 1 0.5254902 0.5254902 0.5254902 1 0.427451 0.427451 0.427451 1 0.5372549 0.5372549 0.5372549 1 0.427451 0.427451 0.427451 1 0.427451 0.427451 0.427451 1 0.7490196 0.7490196 0.7490196 1 0.5372549 0.5372549 0.5372549 1 0.5254902 0.5254902 0.5254902 1 0.8117647 0.8117647 0.8117647 1 0.8352941 0.8352941 0.8352941 1 0.5254902 0.5254902 0.5254902 1 0.5254902 0.5254902 0.5254902 1 0.8117647 0.8117647 0.8117647 1 0.8901961 0.8901961 0.8901961 1 0.5254902 0.5254902 0.5254902 1 0.8352941 0.8352941 0.8352941 1 0.8901961 0.8901961 0.8901961 1 0.5254902 0.5254902 0.5254902 1 0.5254902 0.5254902 0.5254902 1 0.8235294 0.8235294 0.8235294 1 0.5254902 0.5254902 0.5254902 1 0.5254902 0.5254902 0.5254902 1 0.8235294 0.8235294 0.8235294 1 0.8470588 0.8470588 0.8470588 1 0.5254902 0.5254902 0.5254902 1 0.5254902 0.5254902 0.5254902 1 0.8470588 0.8470588 0.8470588 1 0.8431373 0.8431373 0.8431373 1 0.5254902 0.5254902 0.5254902 1 0.5254902 0.5254902 0.5254902 1 0.8470588 0.8470588 0.8470588 1 0.5254902 0.5254902 0.5254902 1 0.8431373 0.8431373 0.8431373 1 0.8117647 0.8117647 0.8117647 1 0.5254902 0.5254902 0.5254902 1 0.5254902 0.5254902 0.5254902 1 0.8431373 0.8431373 0.8431373 1 0.5254902 0.5254902 0.5254902 1 0.4392157 0.4392157 0.4392157 1 0.4470588 0.4470588 0.4470588 1 0.5254902 0.5254902 0.5254902 1 0.5254902 0.5254902 0.5254902 1 0.4392157 0.4392157 0.4392157 1 0.4470588 0.4470588 0.4470588 1 0.5254902 0.5254902 0.5254902 1 0.5254902 0.5254902 0.5254902 1 0.4470588 0.4470588 0.4470588 1 0.4588235 0.4588235 0.4588235 1 0.5254902 0.5254902 0.5254902 1 0.4392157 0.4392157 0.4392157 1 0.5254902 0.5254902 0.5254902 1 0.5254902 0.5254902 0.5254902 1 0.4392157 0.4392157 0.4392157 1 0.4470588 0.4470588 0.4470588 1 0.5254902 0.5254902 0.5254902 1 0.4470588 0.4470588 0.4470588 1 0.5254902 0.5254902 0.5254902 1 0.5254902 0.5254902 0.5254902 1 0.4470588 0.4470588 0.4470588 1 0.427451 0.427451 0.427451 1 0.5254902 0.5254902 0.5254902 1 0.4470588 0.4470588 0.4470588 1 0.5254902 0.5254902 0.5254902 1 0.427451 0.427451 0.427451 1 0.4470588 0.4470588 0.4470588 1 0.5254902 0.5254902 0.5254902 1 0.5254902 0.5254902 0.5254902 1 0.4470588 0.4470588 0.4470588 1 0.5254902 0.5254902 0.5254902 1 0.5254902 0.5254902 0.5254902 1 0.4470588 0.4470588 0.4470588 1 0.4470588 0.4470588 0.4470588 1 0.5254902 0.5254902 0.5254902 1 0.4039216 0.4039216 0.4039216 1 0.5254902 0.5254902 0.5254902 1 0.4470588 0.4470588 0.4470588 1 0.4039216 0.4039216 0.4039216 1 0.5254902 0.5254902 0.5254902 1 0.5254902 0.5254902 0.5254902 1 0.5254902 0.5254902 0.5254902 1 0.4039216 0.4039216 0.4039216 1 0.427451 0.427451 0.427451 1 0.5254902 0.5254902 0.5254902 1 0.5254902 0.5254902 0.5254902 1 0.4039216 0.4039216 0.4039216 1 0.5254902 0.5254902 0.5254902 1 0.4588235 0.4588235 0.4588235 1 0.5254902 0.5254902 0.5254902 1 0.5254902 0.5254902 0.5254902 1 0.4627451 0.4627451 0.4627451 1 0.4588235 0.4588235 0.4588235 1 0.5254902 0.5254902 0.5254902 1 0.4588235 0.4588235 0.4588235 1 0.4392157 0.4392157 0.4392157 1 0.5254902 0.5254902 0.5254902 1 0.5254902 0.5254902 0.5254902 1 0.4588235 0.4588235 0.4588235 1 0.5254902 0.5254902 0.5254902 1 0.4392157 0.4392157 0.4392157 1 0.4588235 0.4588235 0.4588235 1 0.5254902 0.5254902 0.5254902 1 0.5254902 0.5254902 0.5254902 1 0.4392157 0.4392157 0.4392157 1 0.4588235 0.4588235 0.4588235 1 0.5254902 0.5254902 0.5254902 1 0.5254902 0.5254902 0.5254902 1 0.4588235 0.4588235 0.4588235 1 0.4784314 0.4784314 0.4784314 1 0.5254902 0.5254902 0.5254902 1 0.4470588 0.4470588 0.4470588 1 0.6784314 0.6784314 0.6784314 1 0.5254902 0.5254902 0.5254902 1 0.4470588 0.4470588 0.4470588 1 0.4745098 0.4745098 0.4745098 1 0.6784314 0.6784314 0.6784314 1 0.5254902 0.5254902 0.5254902 1 0.4745098 0.4745098 0.4745098 1 0.4627451 0.4627451 0.4627451 1 0.5254902 0.5254902 0.5254902 1 0.6784314 0.6784314 0.6784314 1 0.4745098 0.4745098 0.4745098 1 0.5254902 0.5254902 0.5254902 1 0.4156863 0.4156863 0.4156863 1 0.4196078 0.4196078 0.4196078 1 0.5254902 0.5254902 0.5254902 1 0.6078432 0.6078432 0.6078432 1 0.4156863 0.4156863 0.4156863 1 0.4392157 0.4392157 0.4392157 1 0.5254902 0.5254902 0.5254902 1 0.4196078 0.4196078 0.4196078 1 0.4392157 0.4392157 0.4392157 1 0.427451 0.427451 0.427451 1 0.5254902 0.5254902 0.5254902 1 0.4039216 0.4039216 0.4039216 1 0.427451 0.427451 0.427451 1 0.4313725 0.4313725 0.4313725 1 0.4039216 0.4039216 0.4039216 1 0.5254902 0.5254902 0.5254902 1 0.427451 0.427451 0.427451 1 0.4039216 0.4039216 0.4039216 1 0.5254902 0.5254902 0.5254902 1 0.4039216 0.4039216 0.4039216 1 0.4039216 0.4039216 0.4039216 1 0.5254902 0.5254902 0.5254902 1 0.5254902 0.5254902 0.5254902 1 0.5254902 0.5254902 0.5254902 1 0.4039216 0.4039216 0.4039216 1 0.4078431 0.4078431 0.4078431 1 0.5254902 0.5254902 0.5254902 1 0.5254902 0.5254902 0.5254902 1 0.4039216 0.4039216 0.4039216 1 0.6078432 0.6078432 0.6078432 1 0.4078431 0.4078431 0.4078431 1 0.4156863 0.4156863 0.4156863 1 0.6078432 0.6078432 0.6078432 1 0.5254902 0.5254902 0.5254902 1 0.4078431 0.4078431 0.4078431 1 0.4117647 0.4117647 0.4117647 1 0.5254902 0.5254902 0.5254902 1 0.4117647 0.4117647 0.4117647 1 0.4117647 0.4117647 0.4117647 1 0.5254902 0.5254902 0.5254902 1 0.5254902 0.5254902 0.5254902 1 0.4117647 0.4117647 0.4117647 1 0.654902 0.654902 0.654902 1 0.5254902 0.5254902 0.5254902 1 0.4117647 0.4117647 0.4117647 1 0.4980392 0.4980392 0.4980392 1 0.654902 0.654902 0.654902 1 0.4392157 0.4392157 0.4392157 1 0.654902 0.654902 0.654902 1 0.4980392 0.4980392 0.4980392 1 0.4392157 0.4392157 0.4392157 1 0.5254902 0.5254902 0.5254902 1 0.654902 0.654902 0.654902 1 0.4392157 0.4392157 0.4392157 1 0.5254902 0.5254902 0.5254902 1 0.5254902 0.5254902 0.5254902 1 0.4392157 0.4392157 0.4392157 1 0.4431372 0.4431372 0.4431372 1 0.5254902 0.5254902 0.5254902 1 0.5254902 0.5254902 0.5254902 1 0.4431372 0.4431372 0.4431372 1 0.4431372 0.4431372 0.4431372 1 0.5254902 0.5254902 0.5254902 1 0.5254902 0.5254902 0.5254902 1 0.4431372 0.4431372 0.4431372 1 0.4431372 0.4431372 0.4431372 1 0.5254902 0.5254902 0.5254902 1 0.5254902 0.5254902 0.5254902 1 0.4431372 0.4431372 0.4431372 1 0.5137255 0.5137255 0.5137255 1 0.5254902 0.5254902 0.5254902 1 0.5254902 0.5254902 0.5254902 1 0.4313725 0.4313725 0.4313725 1 0.4588235 0.4588235 0.4588235 1 0.5254902 0.5254902 0.5254902 1 0.5254902 0.5254902 0.5254902 1 0.4313725 0.4313725 0.4313725 1 0.4588235 0.4588235 0.4588235 1 0.5254902 0.5254902 0.5254902 1 0.5254902 0.5254902 0.5254902 1 0.4588235 0.4588235 0.4588235 1 0.4588235 0.4588235 0.4588235 1 0.5254902 0.5254902 0.5254902 1 0.4588235 0.4588235 0.4588235 1 0.5254902 0.5254902 0.5254902 1 0.5254902 0.5254902 0.5254902 1 0.4588235 0.4588235 0.4588235 1 0.4549019 0.4549019 0.4549019 1 0.5254902 0.5254902 0.5254902 1 0.5254902 0.5254902 0.5254902 1 0.4549019 0.4549019 0.4549019 1 0.4117647 0.4117647 0.4117647 1 0.5254902 0.5254902 0.5254902 1 0.5254902 0.5254902 0.5254902 1 0.4549019 0.4549019 0.4549019 1 0.4941176 0.4941176 0.4941176 1 0.5254902 0.5254902 0.5254902 1 0.4941176 0.4941176 0.4941176 1 0.4941176 0.4941176 0.4941176 1 0.5254902 0.5254902 0.5254902 1 0.5254902 0.5254902 0.5254902 1 0.4941176 0.4941176 0.4941176 1 0.6352941 0.6352941 0.6352941 1 0.5254902 0.5254902 0.5254902 1 0.4941176 0.4941176 0.4941176 1 0.4941176 0.4941176 0.4941176 1 0.6352941 0.6352941 0.6352941 1 0.4745098 0.4745098 0.4745098 1 0.6352941 0.6352941 0.6352941 1 0.4941176 0.4941176 0.4941176 1 0.4745098 0.4745098 0.4745098 1 0.5254902 0.5254902 0.5254902 1 0.6352941 0.6352941 0.6352941 1 0.4745098 0.4745098 0.4745098 1 0.5254902 0.5254902 0.5254902 1 0.5254902 0.5254902 0.5254902 1 0.4745098 0.4745098 0.4745098 1 0.5294118 0.5294118 0.5294118 1 0.5254902 0.5254902 0.5254902 1 0.5254902 0.5254902 0.5254902 1 0.6784314 0.6784314 0.6784314 1 0.7098039 0.7098039 0.7098039 1 0.5254902 0.5254902 0.5254902 1 0.5254902 0.5254902 0.5254902 1 0.6784314 0.6784314 0.6784314 1 0.7176471 0.7176471 0.7176471 1 0.5254902 0.5254902 0.5254902 1 0.7098039 0.7098039 0.7098039 1 0.7176471 0.7176471 0.7176471 1 0.5254902 0.5254902 0.5254902 1 0.5254902 0.5254902 0.5254902 1 0.5254902 0.5254902 0.5254902 1 0.7176471 0.7176471 0.7176471 1 0.7176471 0.7176471 0.7176471 1 0.5254902 0.5254902 0.5254902 1 0.5254902 0.5254902 0.5254902 1 0.7176471 0.7176471 0.7176471 1 0.7137255 0.7137255 0.7137255 1 0.5254902 0.5254902 0.5254902 1 0.7176471 0.7176471 0.7176471 1 0.7137255 0.7137255 0.7137255 1 0.5254902 0.5254902 0.5254902 1 0.5254902 0.5254902 0.5254902 1 0.5254902 0.5254902 0.5254902 1 0.7137255 0.7137255 0.7137255 1 0.6784314 0.6784314 0.6784314 1 0.5254902 0.5254902 0.5254902 1 0.5254902 0.5254902 0.5254902 1 0.7137255 0.7137255 0.7137255 1 0.4980392 0.4980392 0.4980392 1 0.5254902 0.5254902 0.5254902 1 0.5254902 0.5254902 0.5254902 1 0.4980392 0.4980392 0.4980392 1 0.4980392 0.4980392 0.4980392 1 0.5254902 0.5254902 0.5254902 1 0.5254902 0.5254902 0.5254902 1 0.4980392 0.4980392 0.4980392 1 0.4862745 0.4862745 0.4862745 1 0.5254902 0.5254902 0.5254902 1 0.5254902 0.5254902 0.5254902 1 0.4980392 0.4980392 0.4980392 1 0.4862745 0.4862745 0.4862745 1 0.5254902 0.5254902 0.5254902 1 0.5254902 0.5254902 0.5254902 1 0.4862745 0.4862745 0.4862745 1 0.4549019 0.4549019 0.4549019 1 0.5254902 0.5254902 0.5254902 1 0.4666666 0.4666666 0.4666666 1 0.5254902 0.5254902 0.5254902 1 0.4666666 0.4666666 0.4666666 1 0.4666666 0.4666666 0.4666666 1 0.5254902 0.5254902 0.5254902 1 0.5254902 0.5254902 0.5254902 1 0.4666666 0.4666666 0.4666666 1 0.5254902 0.5254902 0.5254902 1 0.5254902 0.5254902 0.5254902 1 0.4666666 0.4666666 0.4666666 1 0.4470588 0.4470588 0.4470588 1 0.5254902 0.5254902 0.5254902 1 0.5254902 0.5254902 0.5254902 1 0.4470588 0.4470588 0.4470588 1 0.4235294 0.4235294 0.4235294 1 0.5254902 0.5254902 0.5254902 1 0.5254902 0.5254902 0.5254902 1 0.4470588 0.4470588 0.4470588 1 0.4862745 0.4862745 0.4862745 1 0.5254902 0.5254902 0.5254902 1 0.5254902 0.5254902 0.5254902 1 0.4862745 0.4862745 0.4862745 1 0.4941176 0.4941176 0.4941176 1 0.5254902 0.5254902 0.5254902 1 0.4980392 0.4980392 0.4980392 1 0.5254902 0.5254902 0.5254902 1 0.4941176 0.4941176 0.4941176 1 0.4980392 0.4980392 0.4980392 1 0.5254902 0.5254902 0.5254902 1 0.5254902 0.5254902 0.5254902 1 0.427451 0.427451 0.427451 1 0.7254902 0.7254902 0.7254902 1 0.7490196 0.7490196 0.7490196 1 0.427451 0.427451 0.427451 1 0.5254902 0.5254902 0.5254902 1 0.7254902 0.7254902 0.7254902 1 0.427451 0.427451 0.427451 1 0.5372549 0.5372549 0.5372549 1 0.427451 0.427451 0.427451 1 0.427451 0.427451 0.427451 1 0.4627451 0.4627451 0.4627451 1 0.5372549 0.5372549 0.5372549 1 0.5254902 0.5254902 0.5254902 1 0.7215687 0.7215687 0.7215687 1 0.7254902 0.7254902 0.7254902 1 0.5254902 0.5254902 0.5254902 1 0.427451 0.427451 0.427451 1 0.7215687 0.7215687 0.7215687 1 0.6980392 0.6980392 0.6980392 1 0.5254902 0.5254902 0.5254902 1 0.7254902 0.7254902 0.7254902 1 0.6980392 0.6980392 0.6980392 1 0.5254902 0.5254902 0.5254902 1 0.5254902 0.5254902 0.5254902 1 0.7137255 0.7137255 0.7137255 1 0.5254902 0.5254902 0.5254902 1 0.6980392 0.6980392 0.6980392 1 0.7137255 0.7137255 0.7137255 1 0.5254902 0.5254902 0.5254902 1 0.5254902 0.5254902 0.5254902 1 0.7137255 0.7137255 0.7137255 1 0.6352941 0.6352941 0.6352941 1 0.5254902 0.5254902 0.5254902 1 0.7137255 0.7137255 0.7137255 1 0.7254902 0.7254902 0.7254902 1 0.6352941 0.6352941 0.6352941 1 0.4352941 0.4352941 0.4352941 1 0.427451 0.427451 0.427451 1 0.4588235 0.4588235 0.4588235 1 0.4352941 0.4352941 0.4352941 1 0.5254902 0.5254902 0.5254902 1 0.427451 0.427451 0.427451 1 0.4392157 0.4392157 0.4392157 1 0.5254902 0.5254902 0.5254902 1 0.4352941 0.4352941 0.4352941 1 0.4392157 0.4392157 0.4392157 1 0.5254902 0.5254902 0.5254902 1 0.5254902 0.5254902 0.5254902 1 0.5254902 0.5254902 0.5254902 1 0.4392157 0.4392157 0.4392157 1 0.3843137 0.3843137 0.3843137 1 0.5254902 0.5254902 0.5254902 1 0.5254902 0.5254902 0.5254902 1 0.4392157 0.4392157 0.4392157 1 0.3843137 0.3843137 0.3843137 1 0.5254902 0.5254902 0.5254902 1 0.5254902 0.5254902 0.5254902 1 0.3843137 0.3843137 0.3843137 1 0.4352941 0.4352941 0.4352941 1 0.5254902 0.5254902 0.5254902 1 0.4627451 0.4627451 0.4627451 1 0.5254902 0.5254902 0.5254902 1 0.4352941 0.4352941 0.4352941 1 0.4627451 0.4627451 0.4627451 1 0.427451 0.427451 0.427451 1 0.5254902 0.5254902 0.5254902 1 0.6196079 0.6196079 0.6196079 1 0.4235294 0.4235294 0.4235294 1 0.4431372 0.4431372 0.4431372 1 0.6196079 0.6196079 0.6196079 1 0.427451 0.427451 0.427451 1 0.4235294 0.4235294 0.4235294 1 0.4431372 0.4431372 0.4431372 1 0.5254902 0.5254902 0.5254902 1 0.6196079 0.6196079 0.6196079 1 0.4431372 0.4431372 0.4431372 1 0.4352941 0.4352941 0.4352941 1 0.5254902 0.5254902 0.5254902 1 0.4666666 0.4666666 0.4666666 1 0.5254902 0.5254902 0.5254902 1 0.4352941 0.4352941 0.4352941 1 0.4666666 0.4666666 0.4666666 1 0.5254902 0.5254902 0.5254902 1 0.5254902 0.5254902 0.5254902 1 0.4745098 0.4745098 0.4745098 1 0.5254902 0.5254902 0.5254902 1 0.4666666 0.4666666 0.4666666 1 0.4745098 0.4745098 0.4745098 1 0.5254902 0.5254902 0.5254902 1 0.5254902 0.5254902 0.5254902 1 0.5254902 0.5254902 0.5254902 1 0.7803922 0.7803922 0.7803922 1 0.8039216 0.8039216 0.8039216 1 0.5254902 0.5254902 0.5254902 1 0.5254902 0.5254902 0.5254902 1 0.7803922 0.7803922 0.7803922 1 0.5254902 0.5254902 0.5254902 1 0.7686275 0.7686275 0.7686275 1 0.7803922 0.7803922 0.7803922 1 0.5254902 0.5254902 0.5254902 1 0.5254902 0.5254902 0.5254902 1 0.7686275 0.7686275 0.7686275 1 0.7607843 0.7607843 0.7607843 1 0.5254902 0.5254902 0.5254902 1 0.7803922 0.7803922 0.7803922 1 0.7607843 0.7607843 0.7607843 1 0.5254902 0.5254902 0.5254902 1 0.5254902 0.5254902 0.5254902 1 0.5254902 0.5254902 0.5254902 1 0.7607843 0.7607843 0.7607843 1 0.7843137 0.7843137 0.7843137 1 0.5254902 0.5254902 0.5254902 1 0.5254902 0.5254902 0.5254902 1 0.7607843 0.7607843 0.7607843 1 0.7843137 0.7843137 0.7843137 1 0.5254902 0.5254902 0.5254902 1 0.5254902 0.5254902 0.5254902 1 0.7843137 0.7843137 0.7843137 1 0.7764706 0.7764706 0.7764706 1 0.5254902 0.5254902 0.5254902 1 0.7764706 0.7764706 0.7764706 1 0.5254902 0.5254902 0.5254902 1 0.5254902 0.5254902 0.5254902 1 0.7764706 0.7764706 0.7764706 1 0.7568628 0.7568628 0.7568628 1 0.5254902 0.5254902 0.5254902 1 0.5254902 0.5254902 0.5254902 1 0.7568628 0.7568628 0.7568628 1 0.7411765 0.7411765 0.7411765 1 0.5254902 0.5254902 0.5254902 1 0.5254902 0.5254902 0.5254902 1 0.7568628 0.7568628 0.7568628 1 0.5254902 0.5254902 0.5254902 1 0.7411765 0.7411765 0.7411765 1 0.7686275 0.7686275 0.7686275 1 0.5254902 0.5254902 0.5254902 1 0.5254902 0.5254902 0.5254902 1 0.7411765 0.7411765 0.7411765 1 0.5411765 0.5411765 0.5411765 1 0.5254902 0.5254902 0.5254902 1 0.5254902 0.5254902 0.5254902 1 0.5411765 0.5411765 0.5411765 1 0.5294118 0.5294118 0.5294118 1 0.5254902 0.5254902 0.5254902 1 0.4588235 0.4588235 0.4588235 1 0.5254902 0.5254902 0.5254902 1 0.5294118 0.5294118 0.5294118 1 0.4588235 0.4588235 0.4588235 1 0.5254902 0.5254902 0.5254902 1 0.5254902 0.5254902 0.5254902 1 0.4627451 0.4627451 0.4627451 1 0.5254902 0.5254902 0.5254902 1 0.4588235 0.4588235 0.4588235 1 0.4627451 0.4627451 0.4627451 1 0.5254902 0.5254902 0.5254902 1 0.5254902 0.5254902 0.5254902 1 0.5254902 0.5254902 0.5254902 1 0.4627451 0.4627451 0.4627451 1 0.4627451 0.4627451 0.4627451 1 0.5254902 0.5254902 0.5254902 1 0.5254902 0.5254902 0.5254902 1 0.4627451 0.4627451 0.4627451 1 0.7333334 0.7333334 0.7333334 1 0.5254902 0.5254902 0.5254902 1 0.5254902 0.5254902 0.5254902 1 0.7333334 0.7333334 0.7333334 1 0.7529412 0.7529412 0.7529412 1 0.5254902 0.5254902 0.5254902 1 0.5254902 0.5254902 0.5254902 1 0.7529412 0.7529412 0.7529412 1 0.8313726 0.8313726 0.8313726 1 0.5254902 0.5254902 0.5254902 1 0.5254902 0.5254902 0.5254902 1 0.7529412 0.7529412 0.7529412 1 0.8313726 0.8313726 0.8313726 1 0.5254902 0.5254902 0.5254902 1 0.5254902 0.5254902 0.5254902 1 0.8313726 0.8313726 0.8313726 1 0.8431373 0.8431373 0.8431373 1 0.5254902 0.5254902 0.5254902 1 0.772549 0.772549 0.772549 1 0.5254902 0.5254902 0.5254902 1 0.8431373 0.8431373 0.8431373 1 0.772549 0.772549 0.772549 1 0.5254902 0.5254902 0.5254902 1 0.5254902 0.5254902 0.5254902 1 0.7333334 0.7333334 0.7333334 1 0.5254902 0.5254902 0.5254902 1 0.7529412 0.7529412 0.7529412 1 0.7333334 0.7333334 0.7333334 1 0.5254902 0.5254902 0.5254902 1 0.5254902 0.5254902 0.5254902 1 0.5254902 0.5254902 0.5254902 1 0.7843137 0.7843137 0.7843137 1 0.7843137 0.7843137 0.7843137 1 0.5254902 0.5254902 0.5254902 1 0.5254902 0.5254902 0.5254902 1 0.7843137 0.7843137 0.7843137 1 0.8235294 0.8235294 0.8235294 1 0.6352941 0.6352941 0.6352941 1 0.5254902 0.5254902 0.5254902 1 0.8235294 0.8235294 0.8235294 1 0.8039216 0.8039216 0.8039216 1 0.6352941 0.6352941 0.6352941 1 0.8039216 0.8039216 0.8039216 1 0.5254902 0.5254902 0.5254902 1 0.6352941 0.6352941 0.6352941 1 0.8039216 0.8039216 0.8039216 1 0.5254902 0.5254902 0.5254902 1 0.5254902 0.5254902 0.5254902 1 0.8 0.8 0.8 1 0.5254902 0.5254902 0.5254902 1 0.5254902 0.5254902 0.5254902 1 0.8 0.8 0.8 1 0.7647059 0.7647059 0.7647059 1 0.5254902 0.5254902 0.5254902 1 0.5254902 0.5254902 0.5254902 1 0.7647059 0.7647059 0.7647059 1 0.7803922 0.7803922 0.7803922 1 0.5254902 0.5254902 0.5254902 1 0.5254902 0.5254902 0.5254902 1 0.7647059 0.7647059 0.7647059 1 0.8078432 0.8078432 0.8078432 1 0.5254902 0.5254902 0.5254902 1 0.5254902 0.5254902 0.5254902 1 0.8078432 0.8078432 0.8078432 1 0.7843137 0.7843137 0.7843137 1 0.5254902 0.5254902 0.5254902 1 0.8156863 0.8156863 0.8156863 1 0.5254902 0.5254902 0.5254902 1 0.5254902 0.5254902 0.5254902 1 0.8156863 0.8156863 0.8156863 1 0.7960785 0.7960785 0.7960785 1 0.5254902 0.5254902 0.5254902 1 0.7686275 0.7686275 0.7686275 1 0.5254902 0.5254902 0.5254902 1 0.5254902 0.5254902 0.5254902 1 0.7686275 0.7686275 0.7686275 1 0.7921569 0.7921569 0.7921569 1 0.5254902 0.5254902 0.5254902 1 0.5254902 0.5254902 0.5254902 1 0.772549 0.772549 0.772549 1 0.7333334 0.7333334 0.7333334 1 0.5254902 0.5254902 0.5254902 1 0.5254902 0.5254902 0.5254902 1 0.772549 0.772549 0.772549 1 0.5254902 0.5254902 0.5254902 1 0.7450981 0.7450981 0.7450981 1 0.7450981 0.7450981 0.7450981 1 0.5254902 0.5254902 0.5254902 1 0.5254902 0.5254902 0.5254902 1 0.7450981 0.7450981 0.7450981 1 0.5254902 0.5254902 0.5254902 1 0.7450981 0.7450981 0.7450981 1 0.7372549 0.7372549 0.7372549 1 0.5254902 0.5254902 0.5254902 1 0.5254902 0.5254902 0.5254902 1 0.7450981 0.7450981 0.7450981 1 0.7372549 0.7372549 0.7372549 1 0.5254902 0.5254902 0.5254902 1 0.5254902 0.5254902 0.5254902 1 0.7372549 0.7372549 0.7372549 1 0.7333334 0.7333334 0.7333334 1 0.5254902 0.5254902 0.5254902 1 0.7333334 0.7333334 0.7333334 1 0.5254902 0.5254902 0.5254902 1 0.7333334 0.7333334 0.7333334 1 0.7333334 0.7333334 0.7333334 1 0.5254902 0.5254902 0.5254902 1 0.5254902 0.5254902 0.5254902 1 0.5254902 0.5254902 0.5254902 1 0.7333334 0.7333334 0.7333334 1 0.7372549 0.7372549 0.7372549 1 0.5254902 0.5254902 0.5254902 1 0.5254902 0.5254902 0.5254902 1 0.7333334 0.7333334 0.7333334 1 0.5254902 0.5254902 0.5254902 1 0.7372549 0.7372549 0.7372549 1 0.6862745 0.6862745 0.6862745 1 0.5254902 0.5254902 0.5254902 1 0.5254902 0.5254902 0.5254902 1 0.7372549 0.7372549 0.7372549 1 0.6862745 0.6862745 0.6862745 1 0.5254902 0.5254902 0.5254902 1 0.5254902 0.5254902 0.5254902 1 0.6862745 0.6862745 0.6862745 1 0.7450981 0.7450981 0.7450981 1 0.5254902 0.5254902 0.5254902 1 0.5254902 0.5254902 0.5254902 1 0.7450981 0.7450981 0.7450981 1 0.7450981 0.7450981 0.7450981 1 0.5254902 0.5254902 0.5254902 1 0.5254902 0.5254902 0.5254902 1 0.7450981 0.7450981 0.7450981 1 0.7764706 0.7764706 0.7764706 1 0.5254902 0.5254902 0.5254902 1 0.5254902 0.5254902 0.5254902 1 0.7764706 0.7764706 0.7764706 1 0.7803922 0.7803922 0.7803922 1 0.5254902 0.5254902 0.5254902 1 0.772549 0.772549 0.772549 1 0.5254902 0.5254902 0.5254902 1 0.5254902 0.5254902 0.5254902 1 0.772549 0.772549 0.772549 1 0.8470588 0.8470588 0.8470588 1 0.5254902 0.5254902 0.5254902 1 0.8470588 0.8470588 0.8470588 1 0.5254902 0.5254902 0.5254902 1 0.8470588 0.8470588 0.8470588 1 0.8470588 0.8470588 0.8470588 1 0.5254902 0.5254902 0.5254902 1 0.5254902 0.5254902 0.5254902 1 0.772549 0.772549 0.772549 1 0.5254902 0.5254902 0.5254902 1 0.8470588 0.8470588 0.8470588 1 0.772549 0.772549 0.772549 1 0.5254902 0.5254902 0.5254902 1 0.5254902 0.5254902 0.5254902 1 0.5254902 0.5254902 0.5254902 1 0.772549 0.772549 0.772549 1 0.7764706 0.7764706 0.7764706 1 0.5254902 0.5254902 0.5254902 1 0.5254902 0.5254902 0.5254902 1 0.772549 0.772549 0.772549 1 0.7764706 0.7764706 0.7764706 1 0.5254902 0.5254902 0.5254902 1 0.5254902 0.5254902 0.5254902 1 0.7764706 0.7764706 0.7764706 1 0.7568628 0.7568628 0.7568628 1 0.5254902 0.5254902 0.5254902 1 0.5254902 0.5254902 0.5254902 1 0.7568628 0.7568628 0.7568628 1 0.772549 0.772549 0.772549 1 0.5254902 0.5254902 0.5254902 1 0.5254902 0.5254902 0.5254902 1 0.7568628 0.7568628 0.7568628 1 0.7450981 0.7450981 0.7450981 1 0.5254902 0.5254902 0.5254902 1 0.5254902 0.5254902 0.5254902 1 0.7450981 0.7450981 0.7450981 1 0.7411765 0.7411765 0.7411765 1 0.5254902 0.5254902 0.5254902 1 0.7411765 0.7411765 0.7411765 1 0.5254902 0.5254902 0.5254902 1 0.5254902 0.5254902 0.5254902 1 0.7411765 0.7411765 0.7411765 1 0.7960785 0.7960785 0.7960785 1 0.5254902 0.5254902 0.5254902 1 0.7372549 0.7372549 0.7372549 1 0.5254902 0.5254902 0.5254902 1 0.5254902 0.5254902 0.5254902 1 0.7372549 0.7372549 0.7372549 1 0.7843137 0.7843137 0.7843137 1 0.5254902 0.5254902 0.5254902 1 0.7490196 0.7490196 0.7490196 1 0.5254902 0.5254902 0.5254902 1 0.7490196 0.7490196 0.7490196 1 0.7490196 0.7490196 0.7490196 1 0.5254902 0.5254902 0.5254902 1 0.5254902 0.5254902 0.5254902 1 0.5254902 0.5254902 0.5254902 1 0.7490196 0.7490196 0.7490196 1 0.8392157 0.8392157 0.8392157 1 0.5254902 0.5254902 0.5254902 1 0.5254902 0.5254902 0.5254902 1 0.7490196 0.7490196 0.7490196 1 0.5254902 0.5254902 0.5254902 1 0.8392157 0.8392157 0.8392157 1 0.8313726 0.8313726 0.8313726 1 0.5254902 0.5254902 0.5254902 1 0.5254902 0.5254902 0.5254902 1 0.8392157 0.8392157 0.8392157 1 0.7294118 0.7294118 0.7294118 1 0.5254902 0.5254902 0.5254902 1 0.5254902 0.5254902 0.5254902 1 0.7294118 0.7294118 0.7294118 1 0.7294118 0.7294118 0.7294118 1 0.5254902 0.5254902 0.5254902 1 0.7294118 0.7294118 0.7294118 1 0.5254902 0.5254902 0.5254902 1 0.7294118 0.7294118 0.7294118 1 0.7294118 0.7294118 0.7294118 1 0.5254902 0.5254902 0.5254902 1 0.5254902 0.5254902 0.5254902 1 0.8196079 0.8196079 0.8196079 1 0.6196079 0.6196079 0.6196079 1 0.7411765 0.7411765 0.7411765 1 0.8196079 0.8196079 0.8196079 1 0.427451 0.427451 0.427451 1 0.6196079 0.6196079 0.6196079 1 0.427451 0.427451 0.427451 1 0.5372549 0.5372549 0.5372549 1 0.427451 0.427451 0.427451 1 0.427451 0.427451 0.427451 1 0.8196079 0.8196079 0.8196079 1 0.5372549 0.5372549 0.5372549 1 0.5254902 0.5254902 0.5254902 1 0.7607843 0.7607843 0.7607843 1 0.7294118 0.7294118 0.7294118 1 0.5254902 0.5254902 0.5254902 1 0.427451 0.427451 0.427451 1 0.7607843 0.7607843 0.7607843 1 0.5254902 0.5254902 0.5254902 1 0.7333334 0.7333334 0.7333334 1 0.7176471 0.7176471 0.7176471 1 0.5254902 0.5254902 0.5254902 1 0.427451 0.427451 0.427451 1 0.7333334 0.7333334 0.7333334 1 0.7176471 0.7176471 0.7176471 1 0.5254902 0.5254902 0.5254902 1 0.7176471 0.7176471 0.7176471 1 0.7176471 0.7176471 0.7176471 1 0.5254902 0.5254902 0.5254902 1 0.5254902 0.5254902 0.5254902 1 0.5254902 0.5254902 0.5254902 1 0.4705882 0.4705882 0.4705882 1 0.4823529 0.4823529 0.4823529 1 0.5254902 0.5254902 0.5254902 1 0.5254902 0.5254902 0.5254902 1 0.4705882 0.4705882 0.4705882 1 0.5254902 0.5254902 0.5254902 1 0.4823529 0.4823529 0.4823529 1 0.4862745 0.4862745 0.4862745 1 0.5254902 0.5254902 0.5254902 1 0.5254902 0.5254902 0.5254902 1 0.4823529 0.4823529 0.4823529 1 0.5137255 0.5137255 0.5137255 1 0.5254902 0.5254902 0.5254902 1 0.5254902 0.5254902 0.5254902 1 0.5137255 0.5137255 0.5137255 1 0.4666666 0.4666666 0.4666666 1 0.5254902 0.5254902 0.5254902 1 0.5254902 0.5254902 0.5254902 1 0.4666666 0.4666666 0.4666666 1 0.4313725 0.4313725 0.4313725 1 0.5254902 0.5254902 0.5254902 1 0.5254902 0.5254902 0.5254902 1 0.4666666 0.4666666 0.4666666 1 0.4313725 0.4313725 0.4313725 1 0.6352941 0.6352941 0.6352941 1 0.5254902 0.5254902 0.5254902 1 0.4313725 0.4313725 0.4313725 1 0.4745098 0.4745098 0.4745098 1 0.6352941 0.6352941 0.6352941 1 0.4470588 0.4470588 0.4470588 1 0.6352941 0.6352941 0.6352941 1 0.4745098 0.4745098 0.4745098 1 0.4470588 0.4470588 0.4470588 1 0.5254902 0.5254902 0.5254902 1 0.6352941 0.6352941 0.6352941 1 0.5254902 0.5254902 0.5254902 1 0.4470588 0.4470588 0.4470588 1 0.4549019 0.4549019 0.4549019 1 0.5254902 0.5254902 0.5254902 1 0.5254902 0.5254902 0.5254902 1 0.4470588 0.4470588 0.4470588 1 0.4941176 0.4941176 0.4941176 1 0.5254902 0.5254902 0.5254902 1 0.5254902 0.5254902 0.5254902 1 0.4941176 0.4941176 0.4941176 1 0.4431372 0.4431372 0.4431372 1 0.5254902 0.5254902 0.5254902 1 0.4705882 0.4705882 0.4705882 1 0.5254902 0.5254902 0.5254902 1 0.4431372 0.4431372 0.4431372 1 0.4705882 0.4705882 0.4705882 1 0.5254902 0.5254902 0.5254902 1 0.5254902 0.5254902 0.5254902 1 0.7333334 0.7333334 0.7333334 1 0.5254902 0.5254902 0.5254902 1 0.5254902 0.5254902 0.5254902 1 0.7333334 0.7333334 0.7333334 1 0.7294118 0.7294118 0.7294118 1 0.5254902 0.5254902 0.5254902 1 0.5254902 0.5254902 0.5254902 1 0.7294118 0.7294118 0.7294118 1 0.7960785 0.7960785 0.7960785 1 0.5254902 0.5254902 0.5254902 1 0.5254902 0.5254902 0.5254902 1 0.7294118 0.7294118 0.7294118 1 0.827451 0.827451 0.827451 1 0.5254902 0.5254902 0.5254902 1 0.7960785 0.7960785 0.7960785 1 0.827451 0.827451 0.827451 1 0.5254902 0.5254902 0.5254902 1 0.5254902 0.5254902 0.5254902 1 0.5254902 0.5254902 0.5254902 1 0.827451 0.827451 0.827451 1 0.8352941 0.8352941 0.8352941 1 0.5254902 0.5254902 0.5254902 1 0.5254902 0.5254902 0.5254902 1 0.827451 0.827451 0.827451 1 0.5254902 0.5254902 0.5254902 1 0.8352941 0.8352941 0.8352941 1 0.827451 0.827451 0.827451 1 0.5254902 0.5254902 0.5254902 1 0.5254902 0.5254902 0.5254902 1 0.8352941 0.8352941 0.8352941 1 0.7333334 0.7333334 0.7333334 1 0.5254902 0.5254902 0.5254902 1 0.427451 0.427451 0.427451 1 0.7333334 0.7333334 0.7333334 1 0.7137255 0.7137255 0.7137255 1 0.5254902 0.5254902 0.5254902 1 0.7294118 0.7294118 0.7294118 1 0.5254902 0.5254902 0.5254902 1 0.5254902 0.5254902 0.5254902 1 0.7294118 0.7294118 0.7294118 1 0.7176471 0.7176471 0.7176471 1 0.5254902 0.5254902 0.5254902 1 0.7490196 0.7490196 0.7490196 1 0.5254902 0.5254902 0.5254902 1 0.7176471 0.7176471 0.7176471 1 0.7490196 0.7490196 0.7490196 1 0.427451 0.427451 0.427451 1 0.5254902 0.5254902 0.5254902 1 0.8117647 0.8117647 0.8117647 1 0.5254902 0.5254902 0.5254902 1 0.5254902 0.5254902 0.5254902 1 0.8117647 0.8117647 0.8117647 1 0.8078432 0.8078432 0.8078432 1 0.5254902 0.5254902 0.5254902 1 0.5254902 0.5254902 0.5254902 1 0.8078432 0.8078432 0.8078432 1 0.8 0.8 0.8 1 0.5254902 0.5254902 0.5254902 1 0.5254902 0.5254902 0.5254902 1 0.8078432 0.8078432 0.8078432 1 0.8 0.8 0.8 1 0.5254902 0.5254902 0.5254902 1 0.5254902 0.5254902 0.5254902 1 0.8 0.8 0.8 1 0.827451 0.827451 0.827451 1 0.5254902 0.5254902 0.5254902 1 0.7764706 0.7764706 0.7764706 1 0.5254902 0.5254902 0.5254902 1 0.7960785 0.7960785 0.7960785 1 0.7764706 0.7764706 0.7764706 1 0.5254902 0.5254902 0.5254902 1 0.5254902 0.5254902 0.5254902 1 0.7764706 0.7764706 0.7764706 1 0.5254902 0.5254902 0.5254902 1 0.5254902 0.5254902 0.5254902 1 0.7764706 0.7764706 0.7764706 1 0.8078432 0.8078432 0.8078432 1 0.5254902 0.5254902 0.5254902 1 0.8078432 0.8078432 0.8078432 1 0.5254902 0.5254902 0.5254902 1 0.5254902 0.5254902 0.5254902 1 0.8078432 0.8078432 0.8078432 1 0.8117647 0.8117647 0.8117647 1 0.5254902 0.5254902 0.5254902 1 0.8117647 0.8117647 0.8117647 1 0.5254902 0.5254902 0.5254902 1 0.8117647 0.8117647 0.8117647 1 0.8117647 0.8117647 0.8117647 1 0.5254902 0.5254902 0.5254902 1 0.5254902 0.5254902 0.5254902 1 0.8117647 0.8117647 0.8117647 1 0.5254902 0.5254902 0.5254902 1 0.5254902 0.5254902 0.5254902 1 0.8117647 0.8117647 0.8117647 1 0.8078432 0.8078432 0.8078432 1 0.5254902 0.5254902 0.5254902 1 0.7607843 0.7607843 0.7607843 1 0.6313726 0.6313726 0.6313726 1 0.7647059 0.7647059 0.7647059 1 0.7607843 0.7607843 0.7607843 1 0.5254902 0.5254902 0.5254902 1 0.6313726 0.6313726 0.6313726 1 0.8470588 0.8470588 0.8470588 1 0.5254902 0.5254902 0.5254902 1 0.8392157 0.8392157 0.8392157 1 0.8470588 0.8470588 0.8470588 1 0.854902 0.854902 0.854902 1 0.5254902 0.5254902 0.5254902 1 0.854902 0.854902 0.854902 1 0.5254902 0.5254902 0.5254902 1 0.5254902 0.5254902 0.5254902 1 0.854902 0.854902 0.854902 1 0.854902 0.854902 0.854902 1 0.5254902 0.5254902 0.5254902 1 0.5254902 0.5254902 0.5254902 1 0.7647059 0.7647059 0.7647059 1 0.7568628 0.7568628 0.7568628 1 0.5254902 0.5254902 0.5254902 1 0.5254902 0.5254902 0.5254902 1 0.7647059 0.7647059 0.7647059 1 0.7568628 0.7568628 0.7568628 1 0.5254902 0.5254902 0.5254902 1 0.5254902 0.5254902 0.5254902 1 0.7568628 0.7568628 0.7568628 1 0.7568628 0.7568628 0.7568628 1 0.5254902 0.5254902 0.5254902 1 0.6313726 0.6313726 0.6313726 1 0.7568628 0.7568628 0.7568628 1 0.7647059 0.7647059 0.7647059 1 0.6313726 0.6313726 0.6313726 1 0.5254902 0.5254902 0.5254902 1 0.7568628 0.7568628 0.7568628 1 0.5372549 0.5372549 0.5372549 1 0.5372549 0.5372549 0.5372549 1 0.5372549 0.5372549 0.5372549 1 0.5372549 0.5372549 0.5372549 1 0.5372549 0.5372549 0.5372549 1 0.5372549 0.5372549 0.5372549 1 0.5372549 0.5372549 0.5372549 1 0.5372549 0.5372549 0.5372549 1 0.5372549 0.5372549 0.5372549 1 0.5372549 0.5372549 0.5372549 1 0.5372549 0.5372549 0.5372549 1 0.5372549 0.5372549 0.5372549 1 0.8039216 0.8039216 0.8039216 1 0.8156863 0.8156863 0.8156863 1 0.8352941 0.8352941 0.8352941 1 0.8039216 0.8039216 0.8039216 1 0.8235294 0.8235294 0.8235294 1 0.8156863 0.8156863 0.8156863 1 0.8156863 0.8156863 0.8156863 1 0.8392157 0.8392157 0.8392157 1 0.8039216 0.8039216 0.8039216 1 0.8156863 0.8156863 0.8156863 1 0.8235294 0.8235294 0.8235294 1 0.8392157 0.8392157 0.8392157 1 0.8392157 0.8392157 0.8392157 1 0.8156863 0.8156863 0.8156863 1 0.8235294 0.8235294 0.8235294 1 0.8392157 0.8392157 0.8392157 1 0.8235294 0.8235294 0.8235294 1 0.8156863 0.8156863 0.8156863 1 0.8470588 0.8470588 0.8470588 1 0.8470588 0.8470588 0.8470588 1 0.8509804 0.8509804 0.8509804 1 0.8470588 0.8470588 0.8470588 1 0.8509804 0.8509804 0.8509804 1 0.8470588 0.8470588 0.8470588 1 0.8509804 0.8509804 0.8509804 1 0.8470588 0.8470588 0.8470588 1 0.8509804 0.8509804 0.8509804 1 0.8509804 0.8509804 0.8509804 1 0.8352941 0.8352941 0.8352941 1 0.8470588 0.8470588 0.8470588 1 0.8431373 0.8431373 0.8431373 1 0.8470588 0.8470588 0.8470588 1 0.8352941 0.8352941 0.8352941 1 0.8431373 0.8431373 0.8431373 1 0.8470588 0.8470588 0.8470588 1 0.8470588 0.8470588 0.8470588 1 0.8431373 0.8431373 0.8431373 1 0.8470588 0.8470588 0.8470588 1 0.8470588 0.8470588 0.8470588 1 0.8431373 0.8431373 0.8431373 1 0.8392157 0.8392157 0.8392157 1 0.8470588 0.8470588 0.8470588 1 0.5333334 0.5333334 0.5333334 1 0.5372549 0.5372549 0.5372549 1 0.5411765 0.5411765 0.5411765 1 0.5333334 0.5333334 0.5333334 1 0.5294118 0.5294118 0.5294118 1 0.5372549 0.5372549 0.5372549 1 0.8078432 0.8078432 0.8078432 1 0.8235294 0.8235294 0.8235294 1 0.8117647 0.8117647 0.8117647 1 0.8078432 0.8078432 0.8078432 1 0.8352941 0.8352941 0.8352941 1 0.8235294 0.8235294 0.8235294 1 0.8352941 0.8352941 0.8352941 1 0.827451 0.827451 0.827451 1 0.8235294 0.8235294 0.8235294 1 0.8352941 0.8352941 0.8352941 1 0.8235294 0.8235294 0.8235294 1 0.827451 0.827451 0.827451 1 0.8235294 0.8235294 0.8235294 1 0.8117647 0.8117647 0.8117647 1 0.827451 0.827451 0.827451 1 0.8235294 0.8235294 0.8235294 1 0.8313726 0.8313726 0.8313726 1 0.8117647 0.8117647 0.8117647 1 0.7882353 0.7882353 0.7882353 1 0.7921569 0.7921569 0.7921569 1 0.8 0.8 0.8 1 0.7882353 0.7882353 0.7882353 1 0.7843137 0.7843137 0.7843137 1 0.7921569 0.7921569 0.7921569 1 0.7843137 0.7843137 0.7843137 1 0.8 0.8 0.8 1 0.7921569 0.7921569 0.7921569 1 0.7843137 0.7843137 0.7843137 1 0.7921569 0.7921569 0.7921569 1 0.8 0.8 0.8 1 0.5490196 0.5490196 0.5490196 1 0.5490196 0.5490196 0.5490196 1 0.5490196 0.5490196 0.5490196 1 0.5490196 0.5490196 0.5490196 1 0.5529412 0.5529412 0.5529412 1 0.5490196 0.5490196 0.5490196 1 0.7921569 0.7921569 0.7921569 1 0.7921569 0.7921569 0.7921569 1 0.7843137 0.7843137 0.7843137 1 0.7921569 0.7921569 0.7921569 1 0.8039216 0.8039216 0.8039216 1 0.7921569 0.7921569 0.7921569 1 0.5529412 0.5529412 0.5529412 1 0.5490196 0.5490196 0.5490196 1 0.5490196 0.5490196 0.5490196 1 0.5529412 0.5529412 0.5529412 1 0.5568628 0.5568628 0.5568628 1 0.5490196 0.5490196 0.5490196 1 0.5529412 0.5529412 0.5529412 1 0.5058824 0.5058824 0.5058824 1 0.5137255 0.5137255 0.5137255 1 0.5529412 0.5529412 0.5529412 1 0.5568628 0.5568628 0.5568628 1 0.5058824 0.5058824 0.5058824 1 0.8431373 0.8431373 0.8431373 1 0.8352941 0.8352941 0.8352941 1 0.8392157 0.8392157 0.8392157 1 0.8431373 0.8431373 0.8431373 1 0.8431373 0.8431373 0.8431373 1 0.8352941 0.8352941 0.8352941 1 0.5490196 0.5490196 0.5490196 1 0.5058824 0.5058824 0.5058824 1 0.5568628 0.5568628 0.5568628 1 0.5490196 0.5490196 0.5490196 1 0.4941176 0.4941176 0.4941176 1 0.5058824 0.5058824 0.5058824 1 0.5333334 0.5333334 0.5333334 1 0.5137255 0.5137255 0.5137255 1 0.4941176 0.4941176 0.4941176 1 0.5333334 0.5333334 0.5333334 1 0.5294118 0.5294118 0.5294118 1 0.5137255 0.5137255 0.5137255 1 0.5254902 0.5254902 0.5254902 1 0.5215687 0.5215687 0.5215687 1 0.5294118 0.5294118 0.5294118 1 0.5254902 0.5254902 0.5254902 1 0.5176471 0.5176471 0.5176471 1 0.5215687 0.5215687 0.5215687 1 0.8156863 0.8156863 0.8156863 1 0.8117647 0.8117647 0.8117647 1 0.7921569 0.7921569 0.7921569 1 0.8156863 0.8156863 0.8156863 1 0.8117647 0.8117647 0.8117647 1 0.8117647 0.8117647 0.8117647 1 0.8117647 0.8117647 0.8117647 1 0.8156863 0.8156863 0.8156863 1 0.8117647 0.8117647 0.8117647 1 0.8117647 0.8117647 0.8117647 1 0.8039216 0.8039216 0.8039216 1 0.8156863 0.8156863 0.8156863 1 0.8705883 0.8705883 0.8705883 1 0.8745098 0.8745098 0.8745098 1 0.8745098 0.8745098 0.8745098 1 0.8705883 0.8705883 0.8705883 1 0.8470588 0.8470588 0.8470588 1 0.8745098 0.8745098 0.8745098 1 0.8470588 0.8470588 0.8470588 1 0.827451 0.827451 0.827451 1 0.8745098 0.8745098 0.8745098 1 0.8470588 0.8470588 0.8470588 1 0.8470588 0.8470588 0.8470588 1 0.827451 0.827451 0.827451 1 0.8078432 0.8078432 0.8078432 1 0.8078432 0.8078432 0.8078432 1 0.8 0.8 0.8 1 0.8078432 0.8078432 0.8078432 1 0.8156863 0.8156863 0.8156863 1 0.8078432 0.8078432 0.8078432 1 0.5372549 0.5372549 0.5372549 1 0.7490196 0.7490196 0.7490196 1 0.7254902 0.7254902 0.7254902 1 0.5372549 0.5372549 0.5372549 1 0.427451 0.427451 0.427451 1 0.7490196 0.7490196 0.7490196 1 0.8470588 0.8470588 0.8470588 1 0.8666667 0.8666667 0.8666667 1 0.827451 0.827451 0.827451 1 0.8470588 0.8470588 0.8470588 1 0.8666667 0.8666667 0.8666667 1 0.8666667 0.8666667 0.8666667 1 0.5490196 0.5490196 0.5490196 1 0.5568628 0.5568628 0.5568628 1 0.5490196 0.5490196 0.5490196 1 0.5490196 0.5490196 0.5490196 1 0.5529412 0.5529412 0.5529412 1 0.5568628 0.5568628 0.5568628 1 0.5529412 0.5529412 0.5529412 1 0.5568628 0.5568628 0.5568628 1 0.5529412 0.5529412 0.5529412 1 0.5529412 0.5529412 0.5529412 1 0.5490196 0.5490196 0.5490196 1 0.5568628 0.5568628 0.5568628 1 0.5529412 0.5529412 0.5529412 1 0.5568628 0.5568628 0.5568628 1 0.5490196 0.5490196 0.5490196 1 0.5529412 0.5529412 0.5529412 1 0.5490196 0.5490196 0.5490196 1 0.5568628 0.5568628 0.5568628 1 0.8235294 0.8235294 0.8235294 1 0.8352941 0.8352941 0.8352941 1 0.8352941 0.8352941 0.8352941 1 0.8235294 0.8235294 0.8235294 1 0.8352941 0.8352941 0.8352941 1 0.8352941 0.8352941 0.8352941 1 0.8352941 0.8352941 0.8352941 1 0.8392157 0.8392157 0.8392157 1 0.8313726 0.8313726 0.8313726 1 0.8352941 0.8352941 0.8352941 1 0.8313726 0.8313726 0.8313726 1 0.8392157 0.8392157 0.8392157 1 0.8352941 0.8352941 0.8352941 1 0.8392157 0.8392157 0.8392157 1 0.8313726 0.8313726 0.8313726 1 0.8352941 0.8352941 0.8352941 1 0.8431373 0.8431373 0.8431373 1 0.8392157 0.8392157 0.8392157 1 0.8235294 0.8235294 0.8235294 1 0.8313726 0.8313726 0.8313726 1 0.8352941 0.8352941 0.8352941 1 0.8235294 0.8235294 0.8235294 1 0.8196079 0.8196079 0.8196079 1 0.8313726 0.8313726 0.8313726 1 0.827451 0.827451 0.827451 1 0.827451 0.827451 0.827451 1 0.827451 0.827451 0.827451 1 0.827451 0.827451 0.827451 1 0.827451 0.827451 0.827451 1 0.827451 0.827451 0.827451 1 0.8509804 0.8509804 0.8509804 1 0.8509804 0.8509804 0.8509804 1 0.8509804 0.8509804 0.8509804 1 0.8509804 0.8509804 0.8509804 1 0.8509804 0.8509804 0.8509804 1 0.8509804 0.8509804 0.8509804 1 0.827451 0.827451 0.827451 1 0.8509804 0.8509804 0.8509804 1 0.854902 0.854902 0.854902 1 0.827451 0.827451 0.827451 1 0.8509804 0.8509804 0.8509804 1 0.8509804 0.8509804 0.8509804 1 0.8039216 0.8039216 0.8039216 1 0.8156863 0.8156863 0.8156863 1 0.8 0.8 0.8 1 0.8039216 0.8039216 0.8039216 1 0.8156863 0.8156863 0.8156863 1 0.8156863 0.8156863 0.8156863 1 0.8196079 0.8196079 0.8196079 1 0.8156863 0.8156863 0.8156863 1 0.8156863 0.8156863 0.8156863 1 0.8196079 0.8196079 0.8196079 1 0.8196079 0.8196079 0.8196079 1 0.8156863 0.8156863 0.8156863 1 0.8470588 0.8470588 0.8470588 1 0.8509804 0.8509804 0.8509804 1 0.8509804 0.8509804 0.8509804 1 0.8470588 0.8470588 0.8470588 1 0.8470588 0.8470588 0.8470588 1 0.8509804 0.8509804 0.8509804 1 0.5333334 0.5333334 0.5333334 1 0.5333334 0.5333334 0.5333334 1 0.5372549 0.5372549 0.5372549 1 0.5333334 0.5333334 0.5333334 1 0.5294118 0.5294118 0.5294118 1 0.5333334 0.5333334 0.5333334 1 0.5490196 0.5490196 0.5490196 1 0.5411765 0.5411765 0.5411765 1 0.5450981 0.5450981 0.5450981 1 0.5490196 0.5490196 0.5490196 1 0.5490196 0.5490196 0.5490196 1 0.5411765 0.5411765 0.5411765 1 0.5176471 0.5176471 0.5176471 1 0.5176471 0.5176471 0.5176471 1 0.5215687 0.5215687 0.5215687 1 0.5176471 0.5176471 0.5176471 1 0.509804 0.509804 0.509804 1 0.5176471 0.5176471 0.5176471 1 0.5019608 0.5019608 0.5019608 1 0.5176471 0.5176471 0.5176471 1 0.509804 0.509804 0.509804 1 0.5019608 0.5019608 0.5019608 1 0.5058824 0.5058824 0.5058824 1 0.5176471 0.5176471 0.5176471 1 0.5058824 0.5058824 0.5058824 1 0.5254902 0.5254902 0.5254902 1 0.5176471 0.5176471 0.5176471 1 0.5058824 0.5058824 0.5058824 1 0.5137255 0.5137255 0.5137255 1 0.5254902 0.5254902 0.5254902 1 0.5176471 0.5176471 0.5176471 1 0.5254902 0.5254902 0.5254902 1 0.5137255 0.5137255 0.5137255 1 0.5176471 0.5176471 0.5176471 1 0.5294118 0.5294118 0.5294118 1 0.5254902 0.5254902 0.5254902 1 0.5450981 0.5450981 0.5450981 1 0.5411765 0.5411765 0.5411765 1 0.5450981 0.5450981 0.5450981 1 0.5450981 0.5450981 0.5450981 1 0.5372549 0.5372549 0.5372549 1 0.5411765 0.5411765 0.5411765 1 0.5372549 0.5372549 0.5372549 1 0.427451 0.427451 0.427451 1 0.427451 0.427451 0.427451 1 0.5372549 0.5372549 0.5372549 1 0.7215687 0.7215687 0.7215687 1 0.427451 0.427451 0.427451 1 0.4431372 0.4431372 0.4431372 1 0.427451 0.427451 0.427451 1 0.4392157 0.4392157 0.4392157 1 0.4431372 0.4431372 0.4431372 1 0.5372549 0.5372549 0.5372549 1 0.427451 0.427451 0.427451 1 0.827451 0.827451 0.827451 1 0.5254902 0.5254902 0.5254902 1 0.8039216 0.8039216 0.8039216 1 0.827451 0.827451 0.827451 1 0.6470589 0.6470589 0.6470589 1 0.5254902 0.5254902 0.5254902 1 0.5137255 0.5137255 0.5137255 1 0.509804 0.509804 0.509804 1 0.509804 0.509804 0.509804 1 0.5137255 0.5137255 0.5137255 1 0.5137255 0.5137255 0.5137255 1 0.509804 0.509804 0.509804 1 0.827451 0.827451 0.827451 1 0.5254902 0.5254902 0.5254902 1 0.6470589 0.6470589 0.6470589 1 0.827451 0.827451 0.827451 1 0.7803922 0.7803922 0.7803922 1 0.5254902 0.5254902 0.5254902 1 0.5254902 0.5254902 0.5254902 1 0.7803922 0.7803922 0.7803922 1 0.7921569 0.7921569 0.7921569 1 0.5254902 0.5254902 0.5254902 1 0.5254902 0.5254902 0.5254902 1 0.7803922 0.7803922 0.7803922 1 0.7921569 0.7921569 0.7921569 1 0.5254902 0.5254902 0.5254902 1 0.7921569 0.7921569 0.7921569 1 0.7921569 0.7921569 0.7921569 1 0.5254902 0.5254902 0.5254902 1 0.5254902 0.5254902 0.5254902 1 0.7960785 0.7960785 0.7960785 1 0.7843137 0.7843137 0.7843137 1 0.7882353 0.7882353 0.7882353 1 0.7960785 0.7960785 0.7960785 1 0.7960785 0.7960785 0.7960785 1 0.7843137 0.7843137 0.7843137 1 0.8039216 0.8039216 0.8039216 1 0.8 0.8 0.8 1 0.8039216 0.8039216 0.8039216 1 0.8039216 0.8039216 0.8039216 1 0.8039216 0.8039216 0.8039216 1 0.8 0.8 0.8 1 0.5254902 0.5254902 0.5254902 1 0.7921569 0.7921569 0.7921569 1 0.7843137 0.7843137 0.7843137 1 0.5254902 0.5254902 0.5254902 1 0.5254902 0.5254902 0.5254902 1 0.7921569 0.7921569 0.7921569 1 0.7843137 0.7843137 0.7843137 1 0.5254902 0.5254902 0.5254902 1 0.5254902 0.5254902 0.5254902 1 0.7843137 0.7843137 0.7843137 1 0.7529412 0.7529412 0.7529412 1 0.5254902 0.5254902 0.5254902 1 0.7529412 0.7529412 0.7529412 1 0.6784314 0.6784314 0.6784314 1 0.5254902 0.5254902 0.5254902 1 0.7529412 0.7529412 0.7529412 1 0.8039216 0.8039216 0.8039216 1 0.6784314 0.6784314 0.6784314 1 0.8392157 0.8392157 0.8392157 1 0.8431373 0.8431373 0.8431373 1 0.8431373 0.8431373 0.8431373 1 0.8392157 0.8392157 0.8392157 1 0.8392157 0.8392157 0.8392157 1 0.8431373 0.8431373 0.8431373 1 0.8039216 0.8039216 0.8039216 1 0.5254902 0.5254902 0.5254902 1 0.6784314 0.6784314 0.6784314 1 0.8039216 0.8039216 0.8039216 1 0.7686275 0.7686275 0.7686275 1 0.5254902 0.5254902 0.5254902 1 0.8509804 0.8509804 0.8509804 1 0.8509804 0.8509804 0.8509804 1 0.854902 0.854902 0.854902 1 0.8509804 0.8509804 0.8509804 1 0.8509804 0.8509804 0.8509804 1 0.8509804 0.8509804 0.8509804 1 0.7686275 0.7686275 0.7686275 1 0.5254902 0.5254902 0.5254902 1 0.5254902 0.5254902 0.5254902 1 0.7686275 0.7686275 0.7686275 1 0.7607843 0.7607843 0.7607843 1 0.5254902 0.5254902 0.5254902 1 0.7921569 0.7921569 0.7921569 1 0.5254902 0.5254902 0.5254902 1 0.7607843 0.7607843 0.7607843 1 0.7921569 0.7921569 0.7921569 1 0.5254902 0.5254902 0.5254902 1 0.5254902 0.5254902 0.5254902 1 0.5254902 0.5254902 0.5254902 1 0.7921569 0.7921569 0.7921569 1 0.7803922 0.7803922 0.7803922 1 0.5254902 0.5254902 0.5254902 1 0.5254902 0.5254902 0.5254902 1 0.7921569 0.7921569 0.7921569 1 0.7686275 0.7686275 0.7686275 1 0.6352941 0.6352941 0.6352941 1 0.5254902 0.5254902 0.5254902 1 0.7686275 0.7686275 0.7686275 1 0.8431373 0.8431373 0.8431373 1 0.6352941 0.6352941 0.6352941 1 0.854902 0.854902 0.854902 1 0.6352941 0.6352941 0.6352941 1 0.8431373 0.8431373 0.8431373 1 0.854902 0.854902 0.854902 1 0.5254902 0.5254902 0.5254902 1 0.6352941 0.6352941 0.6352941 1 0.5411765 0.5411765 0.5411765 1 0.5411765 0.5411765 0.5411765 1 0.5372549 0.5372549 0.5372549 1 0.5411765 0.5411765 0.5411765 1 0.5450981 0.5450981 0.5450981 1 0.5411765 0.5411765 0.5411765 1 0.854902 0.854902 0.854902 1 0.5254902 0.5254902 0.5254902 1 0.5254902 0.5254902 0.5254902 1 0.854902 0.854902 0.854902 1 0.8627451 0.8627451 0.8627451 1 0.5254902 0.5254902 0.5254902 1 0.5254902 0.5254902 0.5254902 1 0.8627451 0.8627451 0.8627451 1 0.7764706 0.7764706 0.7764706 1 0.5254902 0.5254902 0.5254902 1 0.5254902 0.5254902 0.5254902 1 0.8627451 0.8627451 0.8627451 1 0.8196079 0.8196079 0.8196079 1 0.8156863 0.8156863 0.8156863 1 0.8196079 0.8196079 0.8196079 1 0.8196079 0.8196079 0.8196079 1 0.8313726 0.8313726 0.8313726 1 0.8156863 0.8156863 0.8156863 1 0.8156863 0.8156863 0.8156863 1 0.8 0.8 0.8 1 0.8039216 0.8039216 0.8039216 1 0.8156863 0.8156863 0.8156863 1 0.8313726 0.8313726 0.8313726 1 0.8 0.8 0.8 1 0.7764706 0.7764706 0.7764706 1 0.5254902 0.5254902 0.5254902 1 0.7764706 0.7764706 0.7764706 1 0.7764706 0.7764706 0.7764706 1 0.5254902 0.5254902 0.5254902 1 0.5254902 0.5254902 0.5254902 1 0.7921569 0.7921569 0.7921569 1 0.5254902 0.5254902 0.5254902 1 0.5254902 0.5254902 0.5254902 1 0.7921569 0.7921569 0.7921569 1 0.7921569 0.7921569 0.7921569 1 0.5254902 0.5254902 0.5254902 1 0.4078431 0.4078431 0.4078431 1 0.5372549 0.5372549 0.5372549 1 0.427451 0.427451 0.427451 1 0.4078431 0.4078431 0.4078431 1 0.4313725 0.4313725 0.4313725 1 0.5372549 0.5372549 0.5372549 1 0.7921569 0.7921569 0.7921569 1 0.5254902 0.5254902 0.5254902 1 0.7921569 0.7921569 0.7921569 1 0.7921569 0.7921569 0.7921569 1 0.5254902 0.5254902 0.5254902 1 0.5254902 0.5254902 0.5254902 1 0.5254902 0.5254902 0.5254902 1 0.7921569 0.7921569 0.7921569 1 0.8039216 0.8039216 0.8039216 1 0.5254902 0.5254902 0.5254902 1 0.5254902 0.5254902 0.5254902 1 0.7921569 0.7921569 0.7921569 1 0.427451 0.427451 0.427451 1 0.5372549 0.5372549 0.5372549 1 0.427451 0.427451 0.427451 1 0.427451 0.427451 0.427451 1 0.427451 0.427451 0.427451 1 0.5372549 0.5372549 0.5372549 1 0.427451 0.427451 0.427451 1 0.4392157 0.4392157 0.4392157 1 0.4588235 0.4588235 0.4588235 1 0.8196079 0.8196079 0.8196079 1 0.8352941 0.8352941 0.8352941 1 0.8313726 0.8313726 0.8313726 1 0.5254902 0.5254902 0.5254902 1 0.5254902 0.5254902 0.5254902 1 0.8235294 0.8235294 0.8235294 1 0.5372549 0.5372549 0.5372549 1 0.4627451 0.4627451 0.4627451 1 0.4392157 0.4392157 0.4392157 1 0.8352941 0.8352941 0.8352941 1 0.8352941 0.8352941 0.8352941 1 0.8352941 0.8352941 0.8352941 1 0.8666667 0.8666667 0.8666667 1 0.8588235 0.8588235 0.8588235 1 0.8666667 0.8666667 0.8666667 1 0.8392157 0.8392157 0.8392157 1 0.8313726 0.8313726 0.8313726 1 0.8352941 0.8352941 0.8352941 1 0.8235294 0.8235294 0.8235294 1 0.8039216 0.8039216 0.8039216 1 0.8196079 0.8196079 0.8196079 1 0.8352941 0.8352941 0.8352941 1 0.8392157 0.8392157 0.8392157 1 0.8313726 0.8313726 0.8313726 1 0.5450981 0.5450981 0.5450981 1 0.5450981 0.5450981 0.5450981 1 0.5450981 0.5450981 0.5450981 1 0.5254902 0.5254902 0.5254902 1 0.4823529 0.4823529 0.4823529 1 0.4745098 0.4745098 0.4745098 1 0.5254902 0.5254902 0.5254902 1 0.5254902 0.5254902 0.5254902 1 0.7529412 0.7529412 0.7529412 1 0.5254902 0.5254902 0.5254902 1 0.827451 0.827451 0.827451 1 0.5254902 0.5254902 0.5254902 1 0.5372549 0.5372549 0.5372549 1 0.8196079 0.8196079 0.8196079 1 0.7764706 0.7764706 0.7764706 1 0.5529412 0.5529412 0.5529412 1 0.5490196 0.5490196 0.5490196 1 0.5529412 0.5529412 0.5529412 1 0.8117647 0.8117647 0.8117647 1 0.8313726 0.8313726 0.8313726 1 0.7882353 0.7882353 0.7882353 1 0.5254902 0.5254902 0.5254902 1 0.8117647 0.8117647 0.8117647 1 0.8 0.8 0.8 1 0.827451 0.827451 0.827451 1 0.8196079 0.8196079 0.8196079 1 0.8039216 0.8039216 0.8039216 1 0.654902 0.654902 0.654902 1 0.7019608 0.7019608 0.7019608 1 0.7568628 0.7568628 0.7568628 1 0.8431373 0.8431373 0.8431373 1 0.8470588 0.8470588 0.8470588 1 0.8431373 0.8431373 0.8431373 1 0.5254902 0.5254902 0.5254902 1 0.6352941 0.6352941 0.6352941 1 0.772549 0.772549 0.772549 1 0.8431373 0.8431373 0.8431373 1 0.8470588 0.8470588 0.8470588 1 0.8509804 0.8509804 0.8509804 1 0.5254902 0.5254902 0.5254902 1 0.772549 0.772549 0.772549 1 0.6352941 0.6352941 0.6352941 1 0.5254902 0.5254902 0.5254902 1 0.8509804 0.8509804 0.8509804 1 0.854902 0.854902 0.854902 1 0.5254902 0.5254902 0.5254902 1 0.7803922 0.7803922 0.7803922 1 0.5254902 0.5254902 0.5254902 1 0.5254902 0.5254902 0.5254902 1 0.5254902 0.5254902 0.5254902 1 0.7686275 0.7686275 0.7686275 1 0.7333334 0.7333334 0.7333334 1 0.427451 0.427451 0.427451 1 0.7372549 0.7372549 0.7372549 1 0.8 0.8 0.8 1 0.7921569 0.7921569 0.7921569 1 0.8039216 0.8039216 0.8039216 1 0.4313725 0.4313725 0.4313725 1 0.5372549 0.5372549 0.5372549 1 0.4431372 0.4431372 0.4431372 1 0.5254902 0.5254902 0.5254902 1 0.7333334 0.7333334 0.7333334 1 0.5254902 0.5254902 0.5254902 1 0.5254902 0.5254902 0.5254902 1 0.5254902 0.5254902 0.5254902 1 0.827451 0.827451 0.827451 1 0.5254902 0.5254902 0.5254902 1 0.6352941 0.6352941 0.6352941 1 0.7254902 0.7254902 0.7254902 1 0.8431373 0.8431373 0.8431373 1 0.8431373 0.8431373 0.8431373 1 0.8431373 0.8431373 0.8431373 1 0.5254902 0.5254902 0.5254902 1 0.427451 0.427451 0.427451 1 0.6352941 0.6352941 0.6352941 1 0.5254902 0.5254902 0.5254902 1 0.4627451 0.4627451 0.4627451 1 0.5254902 0.5254902 0.5254902 1 0.5254902 0.5254902 0.5254902 1 0.5254902 0.5254902 0.5254902 1 0.4666666 0.4666666 0.4666666 1 0.5254902 0.5254902 0.5254902 1 0.5254902 0.5254902 0.5254902 1 0.7843137 0.7843137 0.7843137 1 0.5254902 0.5254902 0.5254902 1 0.8078432 0.8078432 0.8078432 1 0.5254902 0.5254902 0.5254902 1 0.8156863 0.8156863 0.8156863 1 0.8196079 0.8196079 0.8196079 1 0.8196079 0.8196079 0.8196079 1 0.5019608 0.5019608 0.5019608 1 0.6470589 0.6470589 0.6470589 1 0.4941176 0.4941176 0.4941176 1 0.5372549 0.5372549 0.5372549 1 0.5294118 0.5294118 0.5294118 1 0.5372549 0.5372549 0.5372549 1 0.5254902 0.5254902 0.5254902 1 0.5254902 0.5254902 0.5254902 1 0.8039216 0.8039216 0.8039216 1 0.8117647 0.8117647 0.8117647 1 0.8078432 0.8078432 0.8078432 1 0.8156863 0.8156863 0.8156863 1 0.5254902 0.5254902 0.5254902 1 0.5254902 0.5254902 0.5254902 1 0.854902 0.854902 0.854902 1 0.5254902 0.5254902 0.5254902 1 0.8117647 0.8117647 0.8117647 1 0.8 0.8 0.8 1 0.5372549 0.5372549 0.5372549 1 0.5372549 0.5372549 0.5372549 1 0.5372549 0.5372549 0.5372549 1 0.5254902 0.5254902 0.5254902 1 0.8313726 0.8313726 0.8313726 1 0.6352941 0.6352941 0.6352941 1 0.5490196 0.5490196 0.5490196 1 0.5568628 0.5568628 0.5568628 1 0.5568628 0.5568628 0.5568628 1 0.5254902 0.5254902 0.5254902 1 0.5254902 0.5254902 0.5254902 1 0.4431372 0.4431372 0.4431372 1 0.5254902 0.5254902 0.5254902 1 0.5254902 0.5254902 0.5254902 1 0.7921569 0.7921569 0.7921569 1 0.5372549 0.5372549 0.5372549 1 0.5372549 0.5372549 0.5372549 1 0.5372549 0.5372549 0.5372549 1 0.8431373 0.8431373 0.8431373 1 0.8392157 0.8392157 0.8392157 1 0.8392157 0.8392157 0.8392157 1 0.5372549 0.5372549 0.5372549 1 0.5372549 0.5372549 0.5372549 1 0.5372549 0.5372549 0.5372549 1 0.5372549 0.5372549 0.5372549 1 0.5372549 0.5372549 0.5372549 1 0.5372549 0.5372549 0.5372549 1 0.5372549 0.5372549 0.5372549 1 0.5372549 0.5372549 0.5372549 1 0.5372549 0.5372549 0.5372549 1 0.6078432 0.6078432 0.6078432 1 0.5372549 0.5372549 0.5372549 1 0.5372549 0.5372549 0.5372549 1 0.5372549 0.5372549 0.5372549 1 0.5372549 0.5372549 0.5372549 1 0.5372549 0.5372549 0.5372549 1 0.5372549 0.5372549 0.5372549 1 0.5372549 0.5372549 0.5372549 1 0.5372549 0.5372549 0.5372549 1 0.5372549 0.5372549 0.5372549 1 0.5372549 0.5372549 0.5372549 1 0.5372549 0.5372549 0.5372549 1 0.5372549 0.5372549 0.5372549 1 0.5372549 0.5372549 0.5372549 1 0.5372549 0.5372549 0.5372549 1 0.5411765 0.5411765 0.5411765 1 0.5450981 0.5450981 0.5450981 1 0.5411765 0.5411765 0.5411765 1 0.5372549 0.5372549 0.5372549 1 0.5372549 0.5372549 0.5372549 1 0.5372549 0.5372549 0.5372549 1 0.5372549 0.5372549 0.5372549 1 0.5372549 0.5372549 0.5372549 1 0.5372549 0.5372549 0.5372549 1 0.5372549 0.5372549 0.5372549 1 0.5372549 0.5372549 0.5372549 1 0.5372549 0.5372549 0.5372549 1 0.5372549 0.5372549 0.5372549 1 0.5372549 0.5372549 0.5372549 1 0.5372549 0.5372549 0.5372549 1 0.5372549 0.5372549 0.5372549 1 0.5372549 0.5372549 0.5372549 1 0.5372549 0.5372549 0.5372549 1 0.5372549 0.5372549 0.5372549 1 0.5254902 0.5254902 0.5254902 1 0.5294118 0.5294118 0.5294118 1 0.5372549 0.5372549 0.5372549 1 0.5372549 0.5372549 0.5372549 1 0.5372549 0.5372549 0.5372549 1 0.5254902 0.5254902 0.5254902 1 0.854902 0.854902 0.854902 1 0.8392157 0.8392157 0.8392157 1 0.5372549 0.5372549 0.5372549 1 0.5372549 0.5372549 0.5372549 1 0.5372549 0.5372549 0.5372549 1 0.5372549 0.5372549 0.5372549 1 0.5372549 0.5372549 0.5372549 1 0.5372549 0.5372549 0.5372549 1 0.5372549 0.5372549 0.5372549 1 0.5372549 0.5372549 0.5372549 1 0.5372549 0.5372549 0.5372549 1 0.5254902 0.5254902 0.5254902 1 0.5294118 0.5294118 0.5294118 1 0.4352941 0.4352941 0.4352941 1 0.5372549 0.5372549 0.5372549 1 0.5372549 0.5372549 0.5372549 1 0.5372549 0.5372549 0.5372549 1 0.5372549 0.5372549 0.5372549 1 0.5372549 0.5372549 0.5372549 1 0.5372549 0.5372549 0.5372549 1 0.5372549 0.5372549 0.5372549 1 0.5372549 0.5372549 0.5372549 1 0.5372549 0.5372549 0.5372549 1 0.5372549 0.5372549 0.5372549 1 0.6470589 0.6470589 0.6470589 1 0.5372549 0.5372549 0.5372549 1 0.5372549 0.5372549 0.5372549 1 0.5372549 0.5372549 0.5372549 1 0.5372549 0.5372549 0.5372549 1 0.5372549 0.5372549 0.5372549 1 0.5333334 0.5333334 0.5333334 1 0.5411765 0.5411765 0.5411765 1 0.5372549 0.5372549 0.5372549 1 0.5372549 0.5372549 0.5372549 1 0.5372549 0.5372549 0.5372549 1 0.5372549 0.5372549 0.5372549 1 0.5372549 0.5372549 0.5372549 1 0.5372549 0.5372549 0.5372549 1 0.8392157 0.8392157 0.8392157 1 0.8431373 0.8431373 0.8431373 1 0.8392157 0.8392157 0.8392157 1 0.5372549 0.5372549 0.5372549 1 0.5372549 0.5372549 0.5372549 1 0.5372549 0.5372549 0.5372549 1 0.5372549 0.5372549 0.5372549 1 0.5372549 0.5372549 0.5372549 1 0.5372549 0.5372549 0.5372549 1 0.5372549 0.5372549 0.5372549 1 0.5372549 0.5372549 0.5372549 1 0.5372549 0.5372549 0.5372549 1 0.5372549 0.5372549 0.5372549 1 0.5372549 0.5372549 0.5372549 1 0.5372549 0.5372549 0.5372549 1 0.8509804 0.8509804 0.8509804 1 0.854902 0.854902 0.854902 1 0.8509804 0.8509804 0.8509804 1 0.5372549 0.5372549 0.5372549 1 0.5372549 0.5372549 0.5372549 1 0.5372549 0.5372549 0.5372549 1 0.5372549 0.5372549 0.5372549 1 0.5372549 0.5372549 0.5372549 1 0.5372549 0.5372549 0.5372549 1 0.5372549 0.5372549 0.5372549 1 0.5372549 0.5372549 0.5372549 1 0.5372549 0.5372549 0.5372549 1 0.5411765 0.5411765 0.5411765 1 0.5372549 0.5372549 0.5372549 1 0.5411765 0.5411765 0.5411765 1 0.5372549 0.5372549 0.5372549 1 0.5372549 0.5372549 0.5372549 1 0.5372549 0.5372549 0.5372549 1 0.5411765 0.5411765 0.5411765 1 0.5450981 0.5450981 0.5450981 1 0.5411765 0.5411765 0.5411765 1 0.5372549 0.5372549 0.5372549 1 0.5372549 0.5372549 0.5372549 1 0.5372549 0.5372549 0.5372549 1 0.5372549 0.5372549 0.5372549 1 0.6313726 0.6313726 0.6313726 1 0.5372549 0.5372549 0.5372549 1 0.5372549 0.5372549 0.5372549 1 0.5372549 0.5372549 0.5372549 1 0.5372549 0.5372549 0.5372549 1 0.5372549 0.5372549 0.5372549 1 0.5372549 0.5372549 0.5372549 1 0.5372549 0.5372549 0.5372549 1 0.5372549 0.5372549 0.5372549 1 0.5372549 0.5372549 0.5372549 1 0.5372549 0.5372549 0.5372549 1 0.5372549 0.5372549 0.5372549 1 0.5372549 0.5372549 0.5372549 1 0.5372549 0.5372549 0.5372549 1 0.5254902 0.5254902 0.5254902 1 0.7254902 0.7254902 0.7254902 1 0.7450981 0.7450981 0.7450981 1 0.5372549 0.5372549 0.5372549 1 0.5372549 0.5372549 0.5372549 1 0.5372549 0.5372549 0.5372549 1 0.5372549 0.5372549 0.5372549 1 0.5372549 0.5372549 0.5372549 1 0.5372549 0.5372549 0.5372549 1 0.827451 0.827451 0.827451 1 0.827451 0.827451 0.827451 1 0.827451 0.827451 0.827451 1 0.5372549 0.5372549 0.5372549 1 0.6196079 0.6196079 0.6196079 1 0.5372549 0.5372549 0.5372549 1</float_array>
          <technique_common>
            <accessor source="#meshId1_name-mesh-colors-meshId1-color0-array" count="3528" stride="4">
              <param name="R" type="float"/>
              <param name="G" type="float"/>
              <param name="B" type="float"/>
              <param name="A" type="float"/>
            </accessor>
          </technique_common>
        </source>
        <vertices id="meshId1_name-mesh-vertices">
          <input semantic="POSITION" source="#meshId1_name-mesh-positions"/>
        </vertices>
        <triangles material="m3Rock_v-material" count="1176">
          <input semantic="VERTEX" source="#meshId1_name-mesh-vertices" offset="0"/>
          <input semantic="NORMAL" source="#meshId1_name-mesh-normals" offset="1"/>
          <input semantic="TEXCOORD" source="#meshId1_name-mesh-map-0" offset="2" set="0"/>
          <input semantic="COLOR" source="#meshId1_name-mesh-colors-meshId1-color0" offset="3" set="0"/>
          <p>2 0 0 0 1 1 1 1 0 2 2 2 2 0 3 3 3 3 4 4 1 1 5 5 4 4 6 6 3 3 7 7 2 0 8 8 4 4 9 9 5 5 10 10 3 3 11 11 6 6 12 12 5 5 13 13 4 4 14 14 6 6 15 15 7 7 16 16 5 5 17 17 8 8 18 18 7 7 19 19 6 6 20 20 8 8 21 21 9 9 22 22 7 7 23 23 10 10 24 24 9 9 25 25 8 8 26 26 10 10 27 27 11 11 28 28 9 9 29 29 14 12 30 30 13 13 31 31 12 14 32 32 14 15 33 33 15 16 34 34 13 17 35 35 16 18 36 36 15 19 37 37 14 20 38 38 16 18 39 39 17 21 40 40 15 19 41 41 18 22 42 42 17 21 43 43 16 18 44 44 18 22 45 45 19 23 46 46 17 21 47 47 20 24 48 48 19 23 49 49 18 22 50 50 20 24 51 51 21 25 52 52 19 23 53 53 22 26 54 54 21 25 55 55 20 24 56 56 25 27 57 57 24 28 58 58 23 29 59 59 25 27 60 60 26 30 61 61 24 28 62 62 27 31 63 63 26 30 64 64 25 27 65 65 27 31 66 66 28 32 67 67 26 30 68 68 29 33 69 69 28 32 70 70 27 31 71 71 29 33 72 72 30 34 73 73 28 32 74 74 31 35 75 75 30 34 76 76 29 33 77 77 31 35 78 78 32 36 79 79 30 34 80 80 35 37 81 81 34 38 82 82 33 39 83 83 35 40 84 84 36 41 85 85 34 42 86 86 37 43 87 87 36 44 88 88 35 45 89 89 37 46 90 90 38 47 91 91 36 48 92 92 39 49 93 93 38 50 94 94 37 51 95 95 39 52 96 96 40 53 97 97 38 54 98 98 41 55 99 99 40 56 100 100 39 57 101 101 41 58 102 102 42 59 103 103 40 60 104 104 45 61 105 105 44 62 106 106 43 63 107 107 45 64 108 108 46 65 109 109 44 66 110 110 47 67 111 111 46 68 112 112 45 69 113 113 47 70 114 114 48 71 115 115 46 72 116 116 49 73 117 117 48 74 118 118 47 75 119 119 49 76 120 120 50 77 121 121 48 78 122 122 51 79 123 123 50 80 124 124 49 81 125 125 51 82 126 126 52 83 127 127 50 84 128 128 55 85 129 129 54 86 130 130 53 87 131 131 55 85 132 132 56 88 133 133 54 86 134 134 57 89 135 135 56 88 136 136 55 85 137 137 57 89 138 138 58 90 139 139 56 88 140 140 59 91 141 141 58 90 142 142 57 89 143 143 59 91 144 144 60 92 145 145 58 90 146 146 61 93 147 147 60 92 148 148 59 91 149 149 61 93 150 150 62 94 151 151 60 92 152 152 65 95 153 153 64 96 154 154 63 97 155 155 65 98 156 156 66 99 157 157 64 100 158 158 67 101 159 159 66 102 160 160 65 103 161 161 67 101 162 162 68 104 163 163 66 102 164 164 69 105 165 165 68 104 166 166 67 101 167 167 69 105 168 168 70 106 169 169 68 104 170 170 71 107 171 171 70 106 172 172 69 105 173 173 71 108 174 174 72 109 175 175 70 110 176 176 74 111 177 177 4 4 178 178 73 112 179 179 74 111 180 180 6 6 181 181 4 4 182 182 75 113 183 183 6 6 184 184 74 111 185 185 75 113 186 186 76 114 187 187 6 6 188 188 77 115 189 189 76 114 190 190 75 113 191 191 77 115 192 192 78 116 193 193 76 114 194 194 79 117 195 195 78 116 196 196 77 115 197 197 79 117 198 198 80 118 199 199 78 116 200 200 83 119 201 201 82 120 202 202 81 121 203 203 83 122 204 204 84 123 205 205 82 124 206 206 85 125 207 207 84 126 208 208 83 127 209 209 85 128 210 210 86 129 211 211 84 130 212 212 87 131 213 213 86 132 214 214 85 133 215 215 87 134 216 216 88 135 217 217 86 136 218 218 89 137 219 219 88 138 220 220 87 139 221 221 92 140 222 222 91 141 223 223 90 142 224 224 92 140 225 225 93 143 226 226 91 141 227 227 94 144 228 228 93 143 229 229 92 140 230 230 94 144 231 231 95 145 232 232 93 143 233 233 96 146 234 234 95 145 235 235 94 144 236 236 96 146 237 237 97 147 238 238 95 145 239 239 98 148 240 240 97 147 241 241 96 146 242 242 101 149 243 243 100 150 244 244 99 151 245 245 101 149 246 246 102 152 247 247 100 150 248 248 103 153 249 249 102 152 250 250 101 149 251 251 103 154 252 252 104 155 253 253 102 156 254 254 105 157 255 255 104 158 256 256 103 159 257 257 105 160 258 258 106 161 259 259 104 162 260 260 107 163 261 261 106 161 262 262 105 160 263 263 110 164 264 264 109 165 265 265 108 166 266 266 110 164 267 267 111 167 268 268 109 165 269 269 112 168 270 270 111 167 271 271 110 164 272 272 112 168 273 273 113 169 274 274 111 167 275 275 114 170 276 276 113 169 277 277 112 168 278 278 114 170 279 279 115 171 280 280 113 169 281 281 116 172 282 282 115 173 283 283 114 174 284 284 119 175 285 285 118 176 286 286 117 177 287 287 119 175 288 288 120 178 289 289 118 176 290 290 121 179 291 291 120 178 292 292 119 175 293 293 121 179 294 294 122 180 295 295 120 178 296 296 123 181 297 297 122 180 298 298 121 179 299 299 123 181 300 300 124 182 301 301 122 180 302 302 127 183 303 303 126 184 304 304 125 185 305 305 127 186 306 306 128 187 307 307 126 188 308 308 129 189 309 309 128 190 310 310 127 191 311 311 129 192 312 312 130 193 313 313 128 194 314 314 131 195 315 315 130 196 316 316 129 197 317 317 131 198 318 318 132 199 319 319 130 200 320 320 135 201 321 321 134 202 322 322 133 203 323 323 135 201 324 324 136 204 325 325 134 202 326 326 137 205 327 327 136 204 328 328 135 201 329 329 137 205 330 330 138 206 331 331 136 204 332 332 139 207 333 333 138 208 334 334 137 209 335 335 139 210 336 336 140 211 337 337 138 212 338 338 143 213 339 339 142 214 340 340 141 215 341 341 143 216 342 342 144 217 343 343 142 218 344 344 145 219 345 345 144 220 346 346 143 221 347 347 145 222 348 348 146 223 349 349 144 224 350 350 147 225 351 351 146 226 352 352 145 227 353 353 147 228 354 354 148 229 355 355 146 230 356 356 151 231 357 357 150 232 358 358 149 233 359 359 151 231 360 360 152 234 361 361 150 232 362 362 153 235 363 363 152 234 364 364 151 231 365 365 153 235 366 366 154 236 367 367 152 234 368 368 155 237 369 369 154 236 370 370 153 235 371 371 155 237 372 372 156 238 373 373 154 236 374 374 159 239 375 375 158 240 376 376 157 241 377 377 159 239 378 378 160 242 379 379 158 240 380 380 8 8 381 381 160 242 382 382 159 239 383 383 8 8 384 384 161 243 385 385 160 242 386 386 6 6 387 387 161 243 388 388 8 8 389 389 6 6 390 390 76 114 391 391 161 243 392 392 164 244 393 393 163 245 394 394 162 246 395 395 164 247 396 396 165 248 397 397 163 249 398 398 166 250 399 399 165 251 400 400 164 252 401 401 166 253 402 402 167 254 403 403 165 255 404 404 168 256 405 405 167 257 406 406 166 258 407 407 171 259 408 408 170 260 409 409 169 261 410 410 171 262 411 411 172 263 412 412 170 264 413 413 173 265 414 414 172 266 415 415 171 267 416 416 173 268 417 417 174 269 418 418 172 270 419 419 175 271 420 420 174 272 421 421 173 273 422 422 178 274 423 423 177 275 424 424 176 276 425 425 178 274 426 426 179 277 427 427 177 275 428 428 180 278 429 429 179 277 430 430 178 274 431 431 180 278 432 432 181 279 433 433 179 277 434 434 182 280 435 435 181 279 436 436 180 278 437 437 185 281 438 438 184 282 439 439 183 283 440 440 185 284 441 441 186 285 442 442 184 286 443 443 187 287 444 444 186 288 445 445 185 289 446 446 187 290 447 447 188 291 448 448 186 292 449 449 189 293 450 450 188 294 451 451 187 295 452 452 192 296 453 453 191 297 454 454 190 298 455 455 192 296 456 456 193 299 457 457 191 297 458 458 194 300 459 459 193 299 460 460 192 296 461 461 194 300 462 462 195 301 463 463 193 299 464 464 196 302 465 465 195 301 466 466 194 300 467 467 199 303 468 468 198 304 469 469 197 305 470 470 199 303 471 471 200 306 472 472 198 304 473 473 176 276 474 474 200 306 475 475 199 303 476 476 176 276 477 477 201 307 478 478 200 306 479 479 177 275 480 480 201 307 481 481 176 276 482 482 204 308 483 483 203 309 484 484 202 310 485 485 204 311 486 486 205 312 487 487 203 313 488 488 206 314 489 489 205 315 490 490 204 316 491 491 206 317 492 492 207 318 493 493 205 319 494 494 208 320 495 495 207 321 496 496 206 322 497 497 211 323 498 498 210 324 499 499 209 325 500 500 211 323 501 501 212 326 502 502 210 324 503 503 213 327 504 504 212 326 505 505 211 323 506 506 213 327 507 507 214 328 508 508 212 326 509 509 215 329 510 510 214 330 511 511 213 331 512 512 218 332 513 513 217 333 514 514 216 334 515 515 218 332 516 516 219 335 517 517 217 333 518 518 220 336 519 519 219 335 520 520 218 332 521 521 220 336 522 522 221 337 523 523 219 335 524 524 222 338 525 525 221 337 526 526 220 336 527 527 225 339 528 528 224 340 529 529 223 341 530 530 225 342 531 531 226 343 532 532 224 344 533 533 227 345 534 534 226 346 535 535 225 347 536 536 227 345 537 537 228 348 538 538 226 346 539 539 229 349 540 540 228 348 541 541 227 345 542 542 232 350 543 543 231 351 544 544 230 352 545 545 232 353 546 546 233 354 547 547 231 355 548 548 234 356 549 549 233 357 550 550 232 358 551 551 234 359 552 552 235 360 553 553 233 361 554 554 236 362 555 555 235 363 556 556 234 364 557 557 144 365 558 558 237 366 559 559 142 367 560 560 144 368 561 561 238 369 562 562 237 370 563 563 146 371 564 564 238 372 565 565 144 373 566 566 146 374 567 567 239 375 568 568 238 376 569 569 148 377 570 570 239 378 571 571 146 379 572 572 242 380 573 573 241 381 574 574 240 382 575 575 242 383 576 576 243 384 577 577 241 385 578 578 244 386 579 579 243 387 580 580 242 388 581 581 244 389 582 582 245 390 583 583 243 391 584 584 246 392 585 585 245 393 586 586 244 394 587 587 249 395 588 588 248 396 589 589 247 397 590 590 249 395 591 591 250 398 592 592 248 396 593 593 23 29 594 594 250 398 595 595 249 395 596 596 23 29 597 597 251 399 598 598 250 398 599 599 24 28 600 600 251 399 601 601 23 29 602 602 254 400 603 603 253 401 604 604 252 402 605 605 254 400 606 606 255 403 607 607 253 401 608 608 256 404 609 609 255 403 610 610 254 400 611 611 256 404 612 612 257 405 613 613 255 403 614 614 258 406 615 615 257 405 616 616 256 404 617 617 261 407 618 618 260 408 619 619 259 409 620 620 261 407 621 621 262 410 622 622 260 408 623 623 263 411 624 624 262 410 625 625 261 407 626 626 263 411 627 627 264 412 628 628 262 410 629 629 267 413 630 630 266 414 631 631 265 415 632 632 267 416 633 633 268 417 634 634 266 418 635 635 269 419 636 636 268 420 637 637 267 421 638 638 269 422 639 639 270 423 640 640 268 424 641 641 273 425 642 642 272 426 643 643 271 427 644 644 273 425 645 645 274 428 646 646 272 426 647 647 275 429 648 648 274 428 649 649 273 425 650 650 275 429 651 651 276 430 652 652 274 428 653 653 279 431 654 654 278 432 655 655 277 433 656 656 279 431 657 657 280 434 658 658 278 432 659 659 281 435 660 660 280 434 661 661 279 431 662 662 281 435 663 663 282 436 664 664 280 434 665 665 285 437 666 666 284 438 667 667 283 439 668 668 285 437 669 669 286 440 670 670 284 438 671 671 287 441 672 672 286 440 673 673 285 437 674 674 287 441 675 675 288 442 676 676 286 440 677 677 291 443 678 678 290 444 679 679 289 445 680 680 291 446 681 681 292 447 682 682 290 448 683 683 293 449 684 684 292 450 685 685 291 451 686 686 293 452 687 687 294 453 688 688 292 454 689 689 297 455 690 690 296 456 691 691 295 457 692 692 297 455 693 693 298 458 694 694 296 456 695 695 299 459 696 696 298 458 697 697 297 455 698 698 299 459 699 699 300 460 700 700 298 458 701 701 303 461 702 702 302 462 703 703 301 463 704 704 303 461 705 705 304 464 706 706 302 462 707 707 305 465 708 708 304 464 709 709 303 461 710 710 305 465 711 711 306 466 712 712 304 464 713 713 309 467 714 714 308 468 715 715 307 469 716 716 309 467 717 717 310 470 718 718 308 468 719 719 311 471 720 720 310 470 721 721 309 467 722 722 311 471 723 723 312 472 724 724 310 470 725 725 315 473 726 726 314 474 727 727 313 475 728 728 315 473 729 729 316 476 730 730 314 474 731 731 317 477 732 732 316 476 733 733 315 473 734 734 317 477 735 735 318 478 736 736 316 476 737 737 321 479 738 738 320 480 739 739 319 481 740 740 321 479 741 741 322 482 742 742 320 480 743 743 323 483 744 744 322 482 745 745 321 479 746 746 323 483 747 747 324 484 748 748 322 482 749 749 325 485 750 750 222 338 751 751 220 336 752 752 325 485 753 753 326 486 754 754 222 338 755 755 327 487 756 756 326 486 757 757 325 485 758 758 327 487 759 759 328 488 760 760 326 486 761 761 331 489 762 762 330 490 763 763 329 491 764 764 331 489 765 765 332 492 766 766 330 490 767 767 333 493 768 768 332 492 769 769 331 489 770 770 333 493 771 771 334 494 772 772 332 492 773 773 328 488 774 774 335 495 775 775 326 486 776 776 328 488 777 777 336 496 778 778 335 495 779 779 337 497 780 780 336 496 781 781 328 488 782 782 337 497 783 783 338 498 784 784 336 496 785 785 341 499 786 786 340 500 787 787 339 501 788 788 341 499 789 789 342 502 790 790 340 500 791 791 343 503 792 792 342 502 793 793 341 499 794 794 343 503 795 795 344 504 796 796 342 502 797 797 347 505 798 798 346 506 799 799 345 507 800 800 347 505 801 801 348 508 802 802 346 506 803 803 349 509 804 804 348 508 805 805 347 505 806 806 349 509 807 807 350 510 808 808 348 508 809 809 353 511 810 810 352 512 811 811 351 513 812 812 353 514 813 813 354 515 814 814 352 516 815 815 355 517 816 816 354 518 817 817 353 519 818 818 355 520 819 819 356 521 820 820 354 522 821 821 359 523 822 822 358 524 823 823 357 525 824 824 359 526 825 825 360 527 826 826 358 528 827 827 361 529 828 828 360 530 829 829 359 531 830 830 361 532 831 831 362 533 832 832 360 534 833 833 363 535 834 834 164 536 835 835 162 537 836 836 363 538 837 837 364 539 838 838 164 540 839 839 365 541 840 840 364 542 841 841 363 543 842 842 365 544 843 843 366 545 844 844 364 546 845 845 369 547 846 846 368 548 847 847 367 549 848 848 369 550 849 849 370 551 850 850 368 552 851 851 371 553 852 852 370 554 853 853 369 555 854 854 371 556 855 855 372 557 856 856 370 558 857 857 369 559 858 858 373 560 859 859 371 561 860 860 369 562 861 861 374 563 862 862 373 564 863 863 367 565 864 864 374 566 865 865 369 567 866 866 367 568 867 867 375 569 868 868 374 570 869 869 378 571 870 870 377 572 871 871 376 573 872 872 378 574 873 873 379 575 874 874 377 576 875 875 380 577 876 876 379 578 877 877 378 579 878 878 380 580 879 879 381 581 880 880 379 582 881 881 384 583 882 882 383 584 883 883 382 585 884 884 384 583 885 885 385 586 886 886 383 584 887 887 386 587 888 888 385 586 889 889 384 583 890 890 386 587 891 891 387 588 892 892 385 586 893 893 390 589 894 894 389 590 895 895 388 591 896 896 390 589 897 897 391 592 898 898 389 590 899 899 392 593 900 900 391 592 901 901 390 589 902 902 392 593 903 903 393 594 904 904 391 592 905 905 161 243 906 906 395 595 907 907 394 596 908 908 161 243 909 909 396 597 910 910 395 595 911 911 76 114 912 912 396 597 913 913 161 243 914 914 76 114 915 915 397 598 916 916 396 597 917 917 399 599 918 918 396 597 919 919 398 600 920 920 399 599 921 921 395 595 922 922 396 597 923 923 400 601 924 924 395 595 925 925 399 599 926 926 400 601 927 927 394 596 928 928 395 595 929 929 403 602 930 930 402 603 931 931 401 604 932 932 403 602 933 933 404 605 934 934 402 603 935 935 405 606 936 936 404 605 937 937 403 602 938 938 405 606 939 939 406 607 940 940 404 605 941 941 409 608 942 942 408 609 943 943 407 610 944 944 409 608 945 945 410 611 946 946 408 609 947 947 411 612 948 948 410 611 949 949 409 608 950 950 411 612 951 951 412 613 952 952 410 611 953 953 415 614 954 954 414 615 955 955 413 616 956 956 415 617 957 957 416 618 958 958 414 619 959 959 417 620 960 960 416 621 961 961 415 622 962 962 417 623 963 963 418 624 964 964 416 625 965 965 416 626 966 966 169 627 967 967 414 628 968 968 416 629 969 969 171 630 970 970 169 631 971 971 418 632 972 972 171 633 973 973 416 634 974 974 418 635 975 975 419 636 976 976 171 637 977 977 422 638 978 978 421 639 979 979 420 640 980 980 422 641 981 981 423 642 982 982 421 643 983 983 424 644 984 984 423 645 985 985 422 646 986 986 424 647 987 987 425 648 988 988 423 649 989 989 427 650 990 990 426 651 991 991 420 652 992 992 427 653 993 993 428 654 994 994 426 655 995 995 429 656 996 996 428 657 997 997 427 658 998 998 429 659 999 999 430 660 1000 1000 428 661 1001 1001 433 662 1002 1002 432 663 1003 1003 431 664 1004 1004 433 662 1005 1005 434 665 1006 1006 432 663 1007 1007 435 666 1008 1008 434 665 1009 1009 433 662 1010 1010 435 666 1011 1011 436 667 1012 1012 434 665 1013 1013 439 668 1014 1014 438 669 1015 1015 437 670 1016 1016 439 668 1017 1017 440 671 1018 1018 438 669 1019 1019 441 672 1020 1020 440 673 1021 1021 439 674 1022 1022 441 675 1023 1023 442 676 1024 1024 440 677 1025 1025 445 678 1026 1026 444 679 1027 1027 443 680 1028 1028 445 678 1029 1029 446 681 1030 1030 444 679 1031 1031 447 682 1032 1032 446 681 1033 1033 445 678 1034 1034 447 682 1035 1035 448 683 1036 1036 446 681 1037 1037 451 684 1038 1038 450 685 1039 1039 449 686 1040 1040 451 684 1041 1041 452 687 1042 1042 450 685 1043 1043 453 688 1044 1044 452 687 1045 1045 451 684 1046 1046 453 688 1047 1047 454 689 1048 1048 452 687 1049 1049 129 690 1050 1050 455 691 1051 1051 131 692 1052 1052 129 693 1053 1053 456 694 1054 1054 455 695 1055 1055 457 696 1056 1056 456 697 1057 1057 129 698 1058 1058 460 699 1059 1059 459 700 1060 1060 458 701 1061 1061 460 702 1062 1062 461 703 1063 1063 459 704 1064 1064 462 705 1065 1065 461 706 1066 1066 460 707 1067 1067 465 708 1068 1068 464 709 1069 1069 463 710 1070 1070 465 708 1071 1071 466 711 1072 1072 464 709 1073 1073 467 712 1074 1074 466 713 1075 1075 465 714 1076 1076 460 715 1077 1077 469 716 1078 1078 468 717 1079 1079 460 718 1080 1080 470 719 1081 1081 469 720 1082 1082 458 721 1083 1083 470 722 1084 1084 460 723 1085 1085 473 724 1086 1086 472 725 1087 1087 471 726 1088 1088 473 727 1089 1089 474 728 1090 1090 472 729 1091 1091 475 730 1092 1092 474 731 1093 1093 473 732 1094 1094 53 87 1095 1095 477 733 1096 1096 476 734 1097 1097 53 87 1098 1098 478 735 1099 1099 477 733 1100 1100 54 86 1101 1101 478 735 1102 1102 53 87 1103 1103 481 736 1104 1104 480 737 1105 1105 479 738 1106 1106 481 739 1107 1107 482 740 1108 1108 480 741 1109 1109 483 742 1110 1110 482 743 1111 1111 481 744 1112 1112 233 745 1113 1113 484 746 1114 1114 231 747 1115 1115 233 748 1116 1116 485 749 1117 1117 484 750 1118 1118 486 751 1119 1119 485 752 1120 1120 233 753 1121 1121 234 754 1122 1122 487 755 1123 1123 236 756 1124 1124 234 757 1125 1125 488 758 1126 1126 487 759 1127 1127 489 760 1128 1128 488 761 1129 1129 234 762 1130 1130 492 763 1131 1131 491 764 1132 1132 490 765 1133 1133 492 763 1134 1134 493 766 1135 1135 491 764 1136 1136 494 767 1137 1137 493 766 1138 1138 492 763 1139 1139 379 768 1140 1140 495 769 1141 1141 377 770 1142 1142 379 771 1143 1143 496 772 1144 1144 495 773 1145 1145 497 774 1146 1146 496 775 1147 1147 379 776 1148 1148 498 777 1149 1149 39 778 1150 1150 37 779 1151 1151 498 780 1152 1152 41 781 1153 1153 39 782 1154 1154 499 783 1155 1155 41 784 1156 1156 498 785 1157 1157 500 786 1158 1158 5 5 1159 1159 7 7 1160 1160 500 786 1161 1161 501 787 1162 1162 5 5 1163 1163 502 788 1164 1164 501 787 1165 1165 500 786 1166 1166 505 789 1167 1167 504 790 1168 1168 503 791 1169 1169 505 789 1170 1170 506 792 1171 1171 504 790 1172 1172 507 793 1173 1173 506 792 1174 1174 505 789 1175 1175 510 794 1176 1176 509 795 1177 1177 508 796 1178 1178 510 794 1179 1179 511 797 1180 1180 509 795 1181 1181 512 798 1182 1182 511 797 1183 1183 510 794 1184 1184 378 799 1185 1185 514 800 1186 1186 513 801 1187 1187 378 802 1188 1188 515 803 1189 1189 514 804 1190 1190 376 805 1191 1191 515 806 1192 1192 378 807 1193 1193 87 808 1194 1194 516 809 1195 1195 89 810 1196 1196 87 811 1197 1197 517 812 1198 1198 516 813 1199 1199 518 814 1200 1200 517 815 1201 1201 87 816 1202 1202 521 817 1203 1203 520 818 1204 1204 519 819 1205 1205 521 817 1206 1206 522 820 1207 1207 520 818 1208 1208 523 821 1209 1209 522 820 1210 1210 521 817 1211 1211 525 822 1212 1212 4 4 1213 1213 524 823 1214 1214 525 822 1215 1215 73 112 1216 1216 4 4 1217 1217 526 824 1218 1218 73 112 1219 1219 525 822 1220 1220 529 825 1221 1221 528 826 1222 1222 527 827 1223 1223 529 828 1224 1224 530 829 1225 1225 528 830 1226 1226 531 831 1227 1227 530 832 1228 1228 529 833 1229 1229 149 233 1230 1230 533 834 1231 1231 532 835 1232 1232 149 233 1233 1233 534 836 1234 1234 533 834 1235 1235 150 232 1236 1236 534 836 1237 1237 149 233 1238 1238 537 837 1239 1239 536 838 1240 1240 535 839 1241 1241 537 837 1242 1242 338 498 1243 1243 536 838 1244 1244 336 496 1245 1245 338 498 1246 1246 537 837 1247 1247 540 840 1248 1248 539 841 1249 1249 538 842 1250 1250 540 840 1251 1251 541 843 1252 1252 539 841 1253 1253 542 844 1254 1254 541 845 1255 1255 540 846 1256 1256 545 847 1257 1257 544 848 1258 1258 543 849 1259 1259 545 847 1260 1260 546 850 1261 1261 544 848 1262 1262 547 851 1263 1263 546 850 1264 1264 545 847 1265 1265 550 852 1266 1266 549 853 1267 1267 548 854 1268 1268 550 852 1269 1269 551 855 1270 1270 549 853 1271 1271 552 856 1272 1272 551 855 1273 1273 550 852 1274 1274 173 857 1275 1275 553 858 1276 1276 175 859 1277 1277 173 860 1278 1278 419 861 1279 1279 553 862 1280 1280 171 863 1281 1281 419 864 1282 1282 173 865 1283 1283 291 866 1284 1284 554 867 1285 1285 293 868 1286 1286 291 869 1287 1287 555 870 1288 1288 554 871 1289 1289 556 872 1290 1290 555 870 1291 1291 291 869 1292 1292 292 873 1293 1293 557 874 1294 1294 290 875 1295 1295 292 876 1296 1296 558 877 1297 1297 557 878 1298 1298 559 879 1299 1299 558 880 1300 1300 292 881 1301 1301 562 882 1302 1302 561 883 1303 1303 560 884 1304 1304 562 882 1305 1305 563 885 1306 1306 561 883 1307 1307 564 886 1308 1308 563 885 1309 1309 562 882 1310 1310 44 887 1311 1311 565 888 1312 1312 43 889 1313 1313 44 890 1314 1314 566 891 1315 1315 565 892 1316 1316 567 893 1317 1317 566 894 1318 1318 44 895 1319 1319 570 896 1320 1320 569 897 1321 1321 568 898 1322 1322 570 896 1323 1323 571 899 1324 1324 569 897 1325 1325 572 900 1326 1326 571 899 1327 1327 570 896 1328 1328 353 901 1329 1329 573 902 1330 1330 355 903 1331 1331 353 904 1332 1332 574 905 1333 1333 573 906 1334 1334 575 907 1335 1335 574 908 1336 1336 353 909 1337 1337 354 910 1338 1338 576 911 1339 1339 352 912 1340 1340 354 913 1341 1341 577 914 1342 1342 576 915 1343 1343 578 916 1344 1344 577 917 1345 1345 354 918 1346 1346 268 919 1347 1347 579 920 1348 1348 266 921 1349 1349 268 922 1350 1350 580 923 1351 1351 579 924 1352 1352 581 925 1353 1353 580 926 1354 1354 268 927 1355 1355 187 928 1356 1356 582 929 1357 1357 189 930 1358 1358 187 931 1359 1359 583 932 1360 1360 582 933 1361 1361 185 934 1362 1362 583 935 1363 1363 187 936 1364 1364 586 937 1365 1365 585 938 1366 1366 584 939 1367 1367 586 940 1368 1368 587 941 1369 1369 585 942 1370 1370 588 943 1371 1371 587 944 1372 1372 586 945 1373 1373 586 946 1374 1374 589 947 1375 1375 588 948 1376 1376 586 949 1377 1377 590 950 1378 1378 589 951 1379 1379 591 952 1380 1380 590 953 1381 1381 586 954 1382 1382 529 955 1383 1383 593 956 1384 1384 592 957 1385 1385 529 958 1386 1386 594 959 1387 1387 593 960 1388 1388 527 961 1389 1389 594 962 1390 1390 529 963 1391 1391 597 964 1392 1392 596 965 1393 1393 595 966 1394 1394 597 967 1395 1395 598 968 1396 1396 596 969 1397 1397 599 970 1398 1398 598 971 1399 1399 597 972 1400 1400 602 973 1401 1401 601 974 1402 1402 600 975 1403 1403 602 976 1404 1404 603 977 1405 1405 601 978 1406 1406 604 979 1407 1407 603 980 1408 1408 602 981 1409 1409 607 982 1410 1410 606 983 1411 1411 605 984 1412 1412 607 985 1413 1413 608 986 1414 1414 606 987 1415 1415 609 988 1416 1416 608 989 1417 1417 607 990 1418 1418 607 991 1419 1419 610 992 1420 1420 609 993 1421 1421 607 994 1422 1422 611 995 1423 1423 610 996 1424 1424 612 997 1425 1425 611 998 1426 1426 607 999 1427 1427 615 1000 1428 1428 614 1001 1429 1429 613 1002 1430 1430 615 1003 1431 1431 616 1004 1432 1432 614 1005 1433 1433 617 1006 1434 1434 616 1007 1435 1435 615 1008 1436 1436 620 1009 1437 1437 619 1010 1438 1438 618 1011 1439 1439 620 1012 1440 1440 621 1013 1441 1441 619 1014 1442 1442 622 1015 1443 1443 621 1016 1444 1444 620 1017 1445 1445 620 1018 1446 1446 623 1019 1447 1447 622 1020 1448 1448 620 1021 1449 1449 624 1022 1450 1450 623 1023 1451 1451 625 1024 1452 1452 624 1025 1453 1453 620 1026 1454 1454 627 1027 1455 1455 145 1028 1456 1456 626 1029 1457 1457 627 1030 1458 1458 147 1031 1459 1459 145 1032 1460 1460 628 1033 1461 1461 147 1034 1462 1462 627 1035 1463 1463 631 1036 1464 1464 630 1037 1465 1465 629 1038 1466 1466 631 1039 1467 1467 632 1040 1468 1468 630 1041 1469 1469 633 1042 1470 1470 632 1043 1471 1471 631 1044 1472 1472 631 1045 1473 1473 634 1046 1474 1474 633 1047 1475 1475 631 1048 1476 1476 635 1049 1477 1477 634 1050 1478 1478 636 1051 1479 1479 635 1052 1480 1480 631 1053 1481 1481 631 1054 1482 1482 637 1055 1483 1483 636 1056 1484 1484 631 1057 1485 1485 638 1058 1486 1486 637 1059 1487 1487 629 1060 1488 1488 638 1061 1489 1489 631 1062 1490 1490 641 1063 1491 1491 640 1064 1492 1492 639 1065 1493 1493 641 1066 1494 1494 642 1067 1495 1495 640 1068 1496 1496 643 1069 1497 1497 642 1070 1498 1498 641 1071 1499 1499 641 1072 1500 1500 644 1073 1501 1501 643 1074 1502 1502 641 1075 1503 1503 645 1076 1504 1504 644 1077 1505 1505 646 1078 1506 1506 645 1079 1507 1507 641 1080 1508 1508 649 1081 1509 1509 648 1082 1510 1510 647 1083 1511 1511 649 1081 1512 1512 650 1084 1513 1513 648 1082 1514 1514 651 1085 1515 1515 650 1084 1516 1516 649 1081 1517 1517 360 1086 1518 1518 652 1087 1519 1519 358 1088 1520 1520 360 1089 1521 1521 653 1090 1522 1522 652 1091 1523 1523 654 1092 1524 1524 653 1093 1525 1525 360 1094 1526 1526 359 1095 1527 1527 655 1096 1528 1528 361 1097 1529 1529 359 1098 1530 1530 656 1099 1531 1531 655 1100 1532 1532 657 1101 1533 1533 656 1102 1534 1534 359 1103 1535 1535 660 1104 1536 1536 659 1105 1537 1537 658 1106 1538 1538 660 1107 1539 1539 661 1108 1540 1540 659 1109 1541 1541 662 1110 1542 1542 661 1111 1543 1543 660 1112 1544 1544 660 1113 1545 1545 663 1114 1546 1546 662 1115 1547 1547 660 1116 1548 1548 664 1117 1549 1549 663 1118 1550 1550 665 1119 1551 1551 664 1120 1552 1552 660 1121 1553 1553 668 1122 1554 1554 667 1123 1555 1555 666 1124 1556 1556 668 1125 1557 1557 669 1126 1558 1558 667 1127 1559 1559 670 1128 1560 1560 669 1129 1561 1561 668 1130 1562 1562 242 1131 1563 1563 672 1132 1564 1564 671 1133 1565 1565 242 1134 1566 1566 673 1135 1567 1567 672 1136 1568 1568 240 1137 1569 1569 673 1138 1570 1570 242 1139 1571 1571 243 1140 1572 1572 674 1141 1573 1573 241 1142 1574 1574 243 1143 1575 1575 675 1144 1576 1576 674 1145 1577 1577 676 1146 1578 1578 675 1147 1579 1579 243 1148 1580 1580 679 1149 1581 1581 678 1150 1582 1582 677 1151 1583 1583 679 1149 1584 1584 680 1152 1585 1585 678 1150 1586 1586 681 1153 1587 1587 680 1152 1588 1588 679 1149 1589 1589 684 1154 1590 1590 683 1155 1591 1591 682 1156 1592 1592 684 1154 1593 1593 685 1157 1594 1594 683 1155 1595 1595 686 1158 1596 1596 685 1157 1597 1597 684 1154 1598 1598 364 1159 1599 1599 166 1160 1600 1600 164 1161 1601 1601 364 1162 1602 1602 687 1163 1603 1603 166 1164 1604 1604 688 1165 1605 1605 687 1166 1606 1606 364 1167 1607 1607 691 1168 1608 1608 690 1169 1609 1609 689 1170 1610 1610 691 1168 1611 1611 692 1171 1612 1612 690 1169 1613 1613 685 1172 1614 1614 692 1171 1615 1615 691 1168 1616 1616 695 1173 1617 1617 694 1174 1618 1618 693 1175 1619 1619 695 1173 1620 1620 696 1176 1621 1621 694 1174 1622 1622 697 1177 1623 1623 696 1178 1624 1624 695 1179 1625 1625 374 1180 1626 1626 698 1181 1627 1627 373 1182 1628 1628 374 1183 1629 1629 699 1184 1630 1630 698 1185 1631 1631 375 1186 1632 1632 699 1187 1633 1633 374 1188 1634 1634 295 457 1635 1635 701 1189 1636 1636 700 1190 1637 1637 295 457 1638 1638 702 1191 1639 1639 701 1189 1640 1640 296 456 1641 1641 702 1191 1642 1642 295 457 1643 1643 428 1192 1644 1644 703 1193 1645 1645 426 1194 1646 1646 428 1195 1647 1647 704 1196 1648 1648 703 1197 1649 1649 430 1198 1650 1650 704 1199 1651 1651 428 1200 1652 1652 706 1201 1653 1653 705 1202 1654 1654 75 113 1655 1655 706 1201 1656 1656 707 1203 1657 1657 705 1202 1658 1658 708 1204 1659 1659 707 1203 1660 1660 706 1201 1661 1661 711 1205 1662 1662 710 1206 1663 1663 709 1207 1664 1664 711 1208 1665 1665 712 1209 1666 1666 710 1210 1667 1667 715 1211 1668 1668 714 1212 1669 1669 713 1213 1670 1670 715 1211 1671 1671 716 1214 1672 1672 714 1212 1673 1673 718 1215 1674 1674 716 1214 1675 1675 717 1216 1676 1676 718 1215 1677 1677 714 1212 1678 1678 716 1214 1679 1679 721 1217 1680 1680 720 1218 1681 1681 719 1219 1682 1682 721 1220 1683 1683 722 1221 1684 1684 720 1222 1685 1685 725 1223 1686 1686 724 1224 1687 1687 723 1225 1688 1688 725 1226 1689 1689 726 1227 1690 1690 724 1228 1691 1691 729 1229 1692 1692 728 1230 1693 1693 727 1231 1694 1694 729 1232 1695 1695 730 1233 1696 1696 728 1234 1697 1697 733 1235 1698 1698 732 1236 1699 1699 731 1237 1700 1700 733 1235 1701 1701 734 1238 1702 1702 732 1236 1703 1703 735 1239 1704 1704 732 1236 1705 1705 734 1238 1706 1706 735 1239 1707 1707 736 1240 1708 1708 732 1236 1709 1709 739 1241 1710 1710 738 1242 1711 1711 737 1243 1712 1712 739 1244 1713 1713 740 1245 1714 1714 738 1246 1715 1715 743 1247 1716 1716 742 1248 1717 1717 741 1249 1718 1718 743 1247 1719 1719 744 1250 1720 1720 742 1248 1721 1721 744 1250 1722 1722 745 1251 1723 1723 742 1248 1724 1724 744 1250 1725 1725 746 1252 1726 1726 745 1251 1727 1727 747 1253 1728 1728 745 1251 1729 1729 746 1252 1730 1730 747 1253 1731 1731 748 1254 1732 1732 745 1251 1733 1733 751 1255 1734 1734 750 1256 1735 1735 749 1257 1736 1736 751 1258 1737 1737 752 1259 1738 1738 750 1260 1739 1739 755 1261 1740 1740 754 1262 1741 1741 753 1263 1742 1742 755 1264 1743 1743 756 1265 1744 1744 754 1266 1745 1745 759 1267 1746 1746 758 1268 1747 1747 757 1269 1748 1748 759 1267 1749 1749 760 1270 1750 1750 758 1268 1751 1751 761 1271 1752 1752 758 1268 1753 1753 760 1270 1754 1754 761 1271 1755 1755 762 1272 1756 1756 758 1268 1757 1757 764 1273 1758 1758 330 490 1759 1759 763 1274 1760 1760 764 1273 1761 1761 329 491 1762 1762 330 490 1763 1763 766 1275 1764 1764 77 115 1765 1765 765 1276 1766 1766 766 1275 1767 1767 79 117 1768 1768 77 115 1769 1769 768 1277 1770 1770 561 883 1771 1771 767 1278 1772 1772 768 1277 1773 1773 560 884 1774 1774 561 883 1775 1775 770 1279 1776 1776 253 401 1777 1777 769 1280 1778 1778 770 1279 1779 1779 252 402 1780 1780 253 401 1781 1781 773 1281 1782 1782 772 1282 1783 1783 771 1283 1784 1784 773 1281 1785 1785 774 1284 1786 1786 772 1282 1787 1787 775 1285 1788 1788 772 1282 1789 1789 774 1284 1790 1790 775 1285 1791 1791 776 1286 1792 1792 772 1282 1793 1793 779 1287 1794 1794 778 1288 1795 1795 777 1289 1796 1796 779 1287 1797 1797 780 1290 1798 1798 778 1288 1799 1799 781 1291 1800 1800 778 1288 1801 1801 780 1290 1802 1802 781 1291 1803 1803 782 1292 1804 1804 778 1288 1805 1805 785 1293 1806 1806 784 1294 1807 1807 783 1295 1808 1808 785 1296 1809 1809 786 1297 1810 1810 784 1298 1811 1811 787 1299 1812 1812 77 115 1813 1813 75 113 1814 1814 787 1299 1815 1815 765 1276 1816 1816 77 115 1817 1817 790 1300 1818 1818 789 1301 1819 1819 788 1302 1820 1820 790 1303 1821 1821 791 1304 1822 1822 789 1305 1823 1823 794 1306 1824 1824 793 1307 1825 1825 792 1308 1826 1826 794 1309 1827 1827 795 1310 1828 1828 793 1311 1829 1829 798 1312 1830 1830 797 1313 1831 1831 796 1314 1832 1832 798 1312 1833 1833 799 1315 1834 1834 797 1313 1835 1835 801 1316 1836 1836 799 1315 1837 1837 800 1317 1838 1838 801 1316 1839 1839 797 1313 1840 1840 799 1315 1841 1841 804 1318 1842 1842 803 1319 1843 1843 802 1320 1844 1844 804 1321 1845 1845 805 1322 1846 1846 803 1323 1847 1847 808 1324 1848 1848 807 1325 1849 1849 806 1326 1850 1850 808 1327 1851 1851 809 1328 1852 1852 807 1329 1853 1853 811 1330 1854 1854 536 838 1855 1855 810 1331 1856 1856 811 1330 1857 1857 535 839 1858 1858 536 838 1859 1859 814 1332 1860 1860 813 1333 1861 1861 812 1334 1862 1862 814 1332 1863 1863 815 1335 1864 1864 813 1333 1865 1865 815 1335 1866 1866 816 1336 1867 1867 813 1333 1868 1868 815 1335 1869 1869 817 1337 1870 1870 816 1336 1871 1871 818 1338 1872 1872 816 1336 1873 1873 817 1337 1874 1874 818 1338 1875 1875 819 1339 1876 1876 816 1336 1877 1877 822 1340 1878 1878 821 1341 1879 1879 820 1342 1880 1880 822 1340 1881 1881 823 1343 1882 1882 821 1341 1883 1883 824 1344 1884 1884 821 1345 1885 1885 823 1346 1886 1886 824 1347 1887 1887 825 1348 1888 1888 821 1349 1889 1889 828 1350 1890 1890 827 1351 1891 1891 826 1352 1892 1892 828 1353 1893 1893 829 1354 1894 1894 827 1355 1895 1895 832 1356 1896 1896 831 1357 1897 1897 830 1358 1898 1898 832 1356 1899 1899 833 1359 1900 1900 831 1357 1901 1901 836 1360 1902 1902 835 1361 1903 1903 834 1362 1904 1904 836 1363 1905 1905 837 1364 1906 1906 835 1365 1907 1907 840 1366 1908 1908 839 1367 1909 1909 838 1368 1910 1910 840 1369 1911 1911 841 1370 1912 1912 839 1371 1913 1913 843 1372 1914 1914 389 590 1915 1915 842 1373 1916 1916 843 1372 1917 1917 388 591 1918 1918 389 590 1919 1919 846 1374 1920 1920 845 1375 1921 1921 844 1376 1922 1922 846 1374 1923 1923 847 1377 1924 1924 845 1375 1925 1925 849 1378 1926 1926 847 1377 1927 1927 848 1379 1928 1928 849 1378 1929 1929 845 1375 1930 1930 847 1377 1931 1931 852 1380 1932 1932 851 1381 1933 1933 850 1382 1934 1934 852 1380 1935 1935 853 1383 1936 1936 851 1381 1937 1937 856 1384 1938 1938 855 1385 1939 1939 854 1386 1940 1940 856 1387 1941 1941 857 1388 1942 1942 855 1389 1943 1943 860 1390 1944 1944 859 1391 1945 1945 858 1392 1946 1946 860 1393 1947 1947 861 1394 1948 1948 859 1395 1949 1949 864 1396 1950 1950 863 1397 1951 1951 862 1398 1952 1952 864 1399 1953 1953 865 1400 1954 1954 863 1401 1955 1955 868 1402 1956 1956 867 1403 1957 1957 866 1404 1958 1958 868 1405 1959 1959 869 1406 1960 1960 867 1407 1961 1961 853 1383 1962 1962 870 1408 1963 1963 851 1381 1964 1964 853 1383 1965 1965 871 1409 1966 1966 870 1408 1967 1967 874 1410 1968 1968 873 1411 1969 1969 872 1412 1970 1970 874 1413 1971 1971 875 1414 1972 1972 873 1415 1973 1973 878 1416 1974 1974 877 1417 1975 1975 876 1418 1976 1976 878 1416 1977 1977 879 1419 1978 1978 877 1417 1979 1979 880 1420 1980 1980 877 1417 1981 1981 879 1419 1982 1982 880 1420 1983 1983 881 1421 1984 1984 877 1417 1985 1985 884 1422 1986 1986 883 1423 1987 1987 882 1424 1988 1988 884 1422 1989 1989 885 1425 1990 1990 883 1423 1991 1991 887 1426 1992 1992 885 1425 1993 1993 886 1427 1994 1994 887 1426 1995 1995 883 1423 1996 1996 885 1425 1997 1997 889 1428 1998 1998 340 500 1999 1999 888 1429 2000 2000 889 1428 2001 2001 339 501 2002 2002 340 500 2003 2003 892 1430 2004 2004 891 1431 2005 2005 890 1432 2006 2006 892 1433 2007 2007 893 1434 2008 2008 891 1435 2009 2009 896 1436 2010 2010 895 1437 2011 2011 894 1438 2012 2012 896 1436 2013 2013 897 1439 2014 2014 895 1437 2015 2015 897 1439 2016 2016 898 1440 2017 2017 895 1437 2018 2018 897 1439 2019 2019 899 1441 2020 2020 898 1440 2021 2021 901 1442 2022 2022 899 1441 2023 2023 900 1443 2024 2024 901 1442 2025 2025 898 1440 2026 2026 899 1441 2027 2027 904 1444 2028 2028 903 1445 2029 2029 902 1446 2030 2030 904 1447 2031 2031 905 1448 2032 2032 903 1449 2033 2033 908 1450 2034 2034 907 1451 2035 2035 906 1452 2036 2036 908 1450 2037 2037 909 1453 2038 2038 907 1451 2039 2039 910 1454 2040 2040 907 1451 2041 2041 909 1453 2042 2042 910 1454 2043 2043 911 1455 2044 2044 907 1451 2045 2045 913 1456 2046 2046 402 603 2047 2047 912 1457 2048 2048 913 1456 2049 2049 401 604 2050 2050 402 603 2051 2051 916 1458 2052 2052 915 1459 2053 2053 914 1460 2054 2054 916 1461 2055 2055 917 1462 2056 2056 915 1463 2057 2057 920 1464 2058 2058 919 1465 2059 2059 918 1466 2060 2060 920 1467 2061 2061 921 1468 2062 2062 919 1469 2063 2063 924 1470 2064 2064 923 1471 2065 2065 922 1472 2066 2066 924 1473 2067 2067 925 1474 2068 2068 923 1475 2069 2069 928 1476 2070 2070 927 1477 2071 2071 926 1478 2072 2072 928 1479 2073 2073 929 1480 2074 2074 927 1481 2075 2075 932 1482 2076 2076 931 1483 2077 2077 930 1484 2078 2078 932 1485 2079 2079 933 1486 2080 2080 931 1487 2081 2081 936 1488 2082 2082 935 1489 2083 2083 934 1490 2084 2084 936 1488 2085 2085 937 1491 2086 2086 935 1489 2087 2087 939 1492 2088 2088 937 1491 2089 2089 938 1493 2090 2090 939 1492 2091 2091 935 1489 2092 2092 937 1491 2093 2093 941 1494 2094 2094 308 468 2095 2095 940 1495 2096 2096 941 1494 2097 2097 307 469 2098 2098 308 468 2099 2099 944 1496 2100 2100 943 1497 2101 2101 942 1498 2102 2102 944 1499 2103 2103 945 1500 2104 2104 943 1501 2105 2105 948 1502 2106 2106 947 1503 2107 2107 946 1504 2108 2108 948 1502 2109 2109 949 1505 2110 2110 947 1503 2111 2111 951 1506 2112 2112 949 1505 2113 2113 950 1507 2114 2114 951 1506 2115 2115 947 1503 2116 2116 949 1505 2117 2117 954 1508 2118 2118 953 1509 2119 2119 952 1510 2120 2120 954 1508 2121 2121 955 1511 2122 2122 953 1509 2123 2123 956 1512 2124 2124 953 1509 2125 2125 955 1511 2126 2126 956 1512 2127 2127 957 1513 2128 2128 953 1509 2129 2129 960 1514 2130 2130 959 1515 2131 2131 958 1516 2132 2132 960 1517 2133 2133 961 1518 2134 2134 959 1519 2135 2135 962 1520 2136 2136 10 10 2137 2137 8 8 2138 2138 962 1520 2139 2139 963 1521 2140 2140 10 10 2141 2141 966 1522 2142 2142 965 1523 2143 2143 964 1524 2144 2144 966 1525 2145 2145 967 1526 2146 2146 965 1527 2147 2147 970 1528 2148 2148 969 1529 2149 2149 968 1530 2150 2150 970 1531 2151 2151 971 1532 2152 2152 969 1533 2153 2153 974 1534 2154 2154 973 1535 2155 2155 972 1536 2156 2156 974 1537 2157 2157 975 1538 2158 2158 973 1539 2159 2159 978 1540 2160 2160 977 1541 2161 2161 976 1542 2162 2162 978 1540 2163 2163 979 1543 2164 2164 977 1541 2165 2165 982 1544 2166 2166 981 1545 2167 2167 980 1546 2168 2168 982 1547 2169 2169 983 1548 2170 2170 981 1549 2171 2171 986 1550 2172 2172 985 1551 2173 2173 984 1552 2174 2174 986 1553 2175 2175 987 1554 2176 2176 985 1555 2177 2177 990 1556 2178 2178 989 1557 2179 2179 988 1558 2180 2180 990 1559 2181 2181 991 1560 2182 2182 989 1561 2183 2183 994 1562 2184 2184 993 1563 2185 2185 992 1564 2186 2186 994 1562 2187 2187 995 1565 2188 2188 993 1563 2189 2189 996 1566 2190 2190 993 1563 2191 2191 995 1565 2192 2192 996 1566 2193 2193 997 1567 2194 2194 993 1563 2195 2195 1000 1568 2196 2196 999 1569 2197 2197 998 1570 2198 2198 1000 1571 2199 2199 1001 1572 2200 2200 999 1573 2201 2201 1004 1574 2202 2202 1003 1575 2203 2203 1002 1576 2204 2204 1004 1574 2205 2205 1005 1577 2206 2206 1003 1575 2207 2207 1006 1578 2208 2208 1003 1579 2209 2209 1005 1580 2210 2210 1006 1581 2211 2211 1007 1582 2212 2212 1003 1583 2213 2213 1010 1584 2214 2214 1009 1585 2215 2215 1008 1586 2216 2216 1010 1587 2217 2217 1011 1588 2218 2218 1009 1589 2219 2219 1014 1590 2220 2220 1013 1591 2221 2221 1012 1592 2222 2222 1014 1590 2223 2223 1015 1593 2224 2224 1013 1591 2225 2225 1015 1593 2226 2226 1016 1594 2227 2227 1013 1591 2228 2228 1015 1593 2229 2229 1017 1595 2230 2230 1016 1594 2231 2231 1020 1596 2232 2232 1019 1597 2233 2233 1018 1598 2234 2234 1020 1596 2235 2235 1021 1599 2236 2236 1019 1597 2237 2237 1024 1600 2238 2238 1023 1601 2239 2239 1022 1602 2240 2240 1024 1603 2241 2241 1025 1604 2242 2242 1023 1605 2243 2243 1028 1606 2244 2244 1027 1607 2245 2245 1026 1608 2246 2246 1028 1606 2247 2247 1029 1609 2248 2248 1027 1607 2249 2249 1029 1609 2250 2250 134 202 2251 2251 1027 1607 2252 2252 1029 1609 2253 2253 133 203 2254 2254 134 202 2255 2255 1032 1610 2256 2256 1031 1611 2257 2257 1030 1612 2258 2258 1032 1613 2259 2259 1033 1614 2260 2260 1031 1615 2261 2261 1017 1595 2262 2262 1034 1616 2263 2263 1016 1594 2264 2264 1017 1595 2265 2265 1035 1617 2266 2266 1034 1616 2267 2267 1038 1618 2268 2268 1037 1619 2269 2269 1036 1620 2270 2270 1038 1618 2271 2271 1039 1621 2272 2272 1037 1619 2273 2273 1040 1622 2274 2274 1037 1619 2275 2275 1039 1621 2276 2276 1040 1622 2277 2277 1041 1623 2278 2278 1037 1619 2279 2279 1044 1624 2280 2280 1043 1625 2281 2281 1042 1626 2282 2282 1044 1627 2283 2283 1045 1628 2284 2284 1043 1629 2285 2285 1048 1630 2286 2286 1047 1631 2287 2287 1046 1632 2288 2288 1048 1633 2289 2289 1049 1634 2290 2290 1047 1635 2291 2291 1052 1636 2292 2292 1051 1637 2293 2293 1050 1638 2294 2294 1052 1636 2295 2295 1053 1639 2296 2296 1051 1637 2297 2297 1055 1640 2298 2298 1053 1639 2299 2299 1054 1641 2300 2300 1055 1640 2301 2301 1051 1637 2302 2302 1053 1639 2303 2303 1058 1642 2304 2304 1057 1643 2305 2305 1056 1644 2306 2306 1058 1642 2307 2307 1059 1645 2308 2308 1057 1643 2309 2309 1060 1646 2310 2310 1057 1643 2311 2311 1059 1645 2312 2312 1060 1646 2313 2313 1061 1647 2314 2314 1057 1643 2315 2315 1064 1648 2316 2316 1063 1649 2317 2317 1062 1650 2318 2318 1064 1651 2319 2319 1065 1652 2320 2320 1063 1653 2321 2321 1068 1654 2322 2322 1067 1655 2323 2323 1066 1656 2324 2324 1068 1657 2325 2325 1069 1658 2326 2326 1067 1659 2327 2327 1072 1660 2328 2328 1071 1661 2329 2329 1070 1662 2330 2330 1072 1660 2331 2331 1073 1663 2332 2332 1071 1661 2333 2333 1073 1663 2334 2334 1074 1664 2335 2335 1071 1661 2336 2336 1073 1663 2337 2337 504 1665 2338 2338 1074 1664 2339 2339 1077 1666 2340 2340 1076 1667 2341 2341 1075 1668 2342 2342 1077 1666 2343 2343 1078 1669 2344 2344 1076 1667 2345 2345 1080 1670 2346 2346 1078 1669 2347 2347 1079 1671 2348 2348 1080 1670 2349 2349 1076 1667 2350 2350 1078 1669 2351 2351 1081 1672 2352 2352 519 819 2353 2353 1080 1673 2354 2354 1081 1672 2355 2355 521 817 2356 2356 519 819 2357 2357 1082 1674 2358 2358 490 765 2359 2359 522 1675 2360 2360 1082 1674 2361 2361 492 763 2362 2362 490 765 2363 2363 1085 1676 2364 2364 1084 1677 2365 2365 1083 1678 2366 2366 1085 1676 2367 2367 1086 1679 2368 2368 1084 1677 2369 2369 1089 1680 2370 2370 1088 1681 2371 2371 1087 1682 2372 2372 1089 1683 2373 2373 1090 1684 2374 2374 1088 1685 2375 2375 1093 1686 2376 2376 1092 1687 2377 2377 1091 1688 2378 2378 1093 1689 2379 2379 1094 1690 2380 2380 1092 1691 2381 2381 1097 1692 2382 2382 1096 1693 2383 2383 1095 1694 2384 2384 1097 1695 2385 2385 1098 1696 2386 2386 1096 1697 2387 2387 1101 1698 2388 2388 1100 1699 2389 2389 1099 1700 2390 2390 1101 1698 2391 2391 1102 1701 2392 2392 1100 1699 2393 2393 1103 1702 2394 2394 1100 1699 2395 2395 1102 1701 2396 2396 1103 1702 2397 2397 1104 1703 2398 2398 1100 1699 2399 2399 1107 1704 2400 2400 1106 1705 2401 2401 1105 1706 2402 2402 1107 1707 2403 2403 1108 1708 2404 2404 1106 1709 2405 2405 1111 1710 2406 2406 1110 1711 2407 2407 1109 1712 2408 2408 1111 1713 2409 2409 1112 1714 2410 2410 1110 1715 2411 2411 1115 1716 2412 2412 1114 1717 2413 2413 1113 1718 2414 2414 1115 1716 2415 2415 1116 1719 2416 2416 1114 1717 2417 2417 1118 1720 2418 2418 1116 1719 2419 2419 1117 1721 2420 2420 1118 1720 2421 2421 1114 1717 2422 2422 1116 1719 2423 2423 1120 1722 2424 2424 408 609 2425 2425 1119 1723 2426 2426 1120 1722 2427 2427 407 610 2428 2428 408 609 2429 2429 1123 1724 2430 2430 1122 1725 2431 2431 1121 1726 2432 2432 1123 1724 2433 2433 1124 1727 2434 2434 1122 1725 2435 2435 1125 1728 2436 2436 1122 1725 2437 2437 1124 1727 2438 2438 1125 1728 2439 2439 1126 1729 2440 2440 1122 1725 2441 2441 1129 1730 2442 2442 1128 1731 2443 2443 1127 1732 2444 2444 1129 1733 2445 2445 1130 1734 2446 2446 1128 1735 2447 2447 1133 1736 2448 2448 1132 1737 2449 2449 1131 1738 2450 2450 1133 1739 2451 2451 1134 1740 2452 2452 1132 1741 2453 2453 1137 1742 2454 2454 1136 1743 2455 2455 1135 1744 2456 2456 1137 1742 2457 2457 1138 1745 2458 2458 1136 1743 2459 2459 1140 1746 2460 2460 1138 1745 2461 2461 1139 1747 2462 2462 1140 1746 2463 2463 1136 1743 2464 2464 1138 1745 2465 2465 1143 1748 2466 2466 1142 1749 2467 2467 1141 1750 2468 2468 1143 1748 2469 2469 1144 1751 2470 2470 1142 1749 2471 2471 1144 1751 2472 2472 260 408 2473 2473 1142 1749 2474 2474 1144 1751 2475 2475 259 409 2476 2476 260 408 2477 2477 1147 1752 2478 2478 1146 1753 2479 2479 1145 1754 2480 2480 1147 1752 2481 2481 1148 1755 2482 2482 1146 1753 2483 2483 1151 1756 2484 2484 1150 1757 2485 2485 1149 1758 2486 2486 1151 1756 2487 2487 1152 1759 2488 2488 1150 1757 2489 2489 1155 1760 2490 2490 1154 1761 2491 2491 1153 1762 2492 2492 1155 1763 2493 2493 1156 1764 2494 2494 1154 1765 2495 2495 1159 1766 2496 2496 1158 1767 2497 2497 1157 1768 2498 2498 1159 1769 2499 2499 1160 1770 2500 2500 1158 1771 2501 2501 1163 1772 2502 2502 1162 1773 2503 2503 1161 1774 2504 2504 1163 1772 2505 2505 1164 1775 2506 2506 1162 1773 2507 2507 1165 1776 2508 2508 1162 1773 2509 2509 1164 1775 2510 2510 1165 1776 2511 2511 1166 1777 2512 2512 1162 1773 2513 2513 1169 1778 2514 2514 1168 1779 2515 2515 1167 1780 2516 2516 1169 1781 2517 2517 1170 1782 2518 2518 1168 1783 2519 2519 1171 1784 2520 2520 160 242 2521 2521 161 243 2522 2522 1171 1784 2523 2523 1172 1785 2524 2524 160 242 2525 2525 1175 1786 2526 2526 1174 1787 2527 2527 1173 1788 2528 2528 1175 1789 2529 2529 1176 1790 2530 2530 1174 1791 2531 2531 1179 1792 2532 2532 1178 1793 2533 2533 1177 1794 2534 2534 1179 1795 2535 2535 1180 1796 2536 2536 1178 1797 2537 2537 1183 1798 2538 2538 1182 1799 2539 2539 1181 1799 2540 2540 1183 1800 2541 2541 1184 1801 2542 2542 1182 1802 2543 2543 1187 1803 2544 2544 1186 1804 2545 2545 1185 1805 2546 2546 1187 1803 2547 2547 1188 1806 2548 2548 1186 1804 2549 2549 1191 1807 2550 2550 1190 1808 2551 2551 1189 1809 2552 2552 1191 1807 2553 2553 1192 1810 2554 2554 1190 1808 2555 2555 1194 1811 2556 2556 1193 1812 2557 2557 1191 1813 2558 2558 1194 1811 2559 2559 1195 1814 2560 2560 1193 1812 2561 2561 1198 1815 2562 2562 1197 1816 2563 2563 1196 1817 2564 2564 1198 1818 2565 2565 1199 1819 2566 2566 1197 1820 2567 2567 1202 1821 2568 2568 1201 1822 2569 2569 1200 1823 2570 2570 1202 1821 2571 2571 1203 1824 2572 2572 1201 1822 2573 2573 1204 1825 2574 2574 1201 1822 2575 2575 1203 1824 2576 2576 1204 1825 2577 2577 1205 1826 2578 2578 1201 1822 2579 2579 1208 1827 2580 2580 1207 1828 2581 2581 1206 1829 2582 2582 1208 1827 2583 2583 1209 1830 2584 2584 1207 1828 2585 2585 1211 1831 2586 2586 1210 1832 2587 2587 1208 1833 2588 2588 1211 1831 2589 2589 1212 1834 2590 2590 1210 1832 2591 2591 1186 1804 2592 2592 1214 1835 2593 2593 1213 1836 2594 2594 1186 1804 2595 2595 1188 1806 2596 2596 1214 1835 2597 2597 1217 1837 2598 2598 1216 1838 2599 2599 1215 1839 2600 2600 1217 1837 2601 2601 1218 1840 2602 2602 1216 1838 2603 2603 1220 1841 2604 2604 1218 1842 2605 2605 1219 1843 2606 2606 1220 1844 2607 2607 1216 1845 2608 2608 1218 1846 2609 2609 1223 1847 2610 2610 1222 1848 2611 2611 1221 1849 2612 2612 1223 1850 2613 2613 1224 1851 2614 2614 1222 1852 2615 2615 1227 1853 2616 2616 1226 1854 2617 2617 1225 1855 2618 2618 1227 1856 2619 2619 1228 1857 2620 2620 1226 1858 2621 2621 1231 1859 2622 2622 1230 1860 2623 2623 1229 1861 2624 2624 1231 1862 2625 2625 1232 1863 2626 2626 1230 1864 2627 2627 1234 1865 2628 2628 464 709 2629 2629 1233 1866 2630 2630 1234 1865 2631 2631 463 710 2632 2632 464 709 2633 2633 1237 1867 2634 2634 1236 1868 2635 2635 1235 1869 2636 2636 1237 1867 2637 2637 1238 1870 2638 2638 1236 1868 2639 2639 1239 1871 2640 2640 1236 1868 2641 2641 1238 1870 2642 2642 1239 1871 2643 2643 1240 1872 2644 2644 1236 1868 2645 2645 1243 1873 2646 2646 1242 1874 2647 2647 1241 1875 2648 2648 1243 1873 2649 2649 1244 1876 2650 2650 1242 1874 2651 2651 1246 1877 2652 2652 1244 1876 2653 2653 1245 1878 2654 2654 1246 1877 2655 2655 1242 1874 2656 2656 1244 1876 2657 2657 1249 1879 2658 2658 1248 1880 2659 2659 1247 1881 2660 2660 1249 1879 2661 2661 1250 1882 2662 2662 1248 1880 2663 2663 1253 1883 2664 2664 1252 1884 2665 2665 1251 1885 2666 2666 1253 1883 2667 2667 1254 1886 2668 2668 1252 1884 2669 2669 1257 1887 2670 2670 1256 1888 2671 2671 1255 1889 2672 2672 1257 1887 2673 2673 1258 1890 2674 2674 1256 1888 2675 2675 1258 1890 2676 2676 1259 1891 2677 2677 1256 1888 2678 2678 1258 1890 2679 2679 1260 1892 2680 2680 1259 1891 2681 2681 1261 1893 2682 2682 1259 1891 2683 2683 1260 1892 2684 2684 1261 1893 2685 2685 1262 1894 2686 2686 1259 1891 2687 2687 1265 1895 2688 2688 1264 1896 2689 2689 1263 1897 2690 2690 1265 1895 2691 2691 697 1898 2692 2692 1264 1896 2693 2693 1268 1899 2694 2694 1267 1900 2695 2695 1266 1901 2696 2696 1268 1902 2697 2697 1269 1903 2698 2698 1267 1904 2699 2699 1270 1905 2700 2700 547 851 2701 2701 545 847 2702 2702 1270 1905 2703 2703 1271 1906 2704 2704 547 851 2705 2705 1273 1907 2706 2706 432 663 2707 2707 1272 1908 2708 2708 1273 1907 2709 2709 431 664 2710 2710 432 663 2711 2711 1276 1909 2712 2712 1275 1910 2713 2713 1274 1911 2714 2714 1276 1912 2715 2715 1277 1913 2716 2716 1275 1914 2717 2717 1280 1915 2718 2718 1279 1916 2719 2719 1278 1917 2720 2720 1280 1915 2721 2721 1281 1918 2722 2722 1279 1916 2723 2723 1283 1919 2724 2724 1281 1918 2725 2725 1282 1920 2726 2726 1283 1919 2727 2727 1279 1916 2728 2728 1281 1918 2729 2729 1286 1921 2730 2730 1285 1922 2731 2731 1284 1923 2732 2732 1286 1924 2733 2733 1287 1924 2734 2734 1285 1924 2735 2735 1290 1925 2736 2736 1289 1926 2737 2737 1288 1927 2738 2738 1290 1928 2739 2739 1291 1929 2740 2740 1289 1930 2741 2741 1292 1931 2742 2742 83 1932 2743 2743 81 1933 2744 2744 1292 1934 2745 2745 1293 1935 2746 2746 83 1936 2747 2747 87 1937 2748 2748 1294 1938 2749 2749 518 1939 2750 2750 87 1940 2751 2751 85 1941 2752 2752 1294 1942 2753 2753 1294 1943 2754 2754 83 1944 2755 2755 1293 1945 2756 2756 1294 1946 2757 2757 85 1947 2758 2758 83 1948 2759 2759 1295 1949 2760 2760 473 1950 2761 2761 471 1951 2762 2762 1295 1952 2763 2763 1296 1953 2764 2764 473 1954 2765 2765 1297 1955 2766 2766 473 1956 2767 2767 1296 1957 2768 2768 1297 1958 2769 2769 1298 1959 2770 2770 473 1960 2771 2771 1299 1961 2772 2772 473 1962 2773 2773 1298 1963 2774 2774 1299 1964 2775 2775 1300 1965 2776 2776 473 1966 2777 2777 1301 1967 2778 2778 473 1968 2779 2779 1300 1969 2780 2780 1301 1970 2781 2781 475 1971 2782 2782 473 1972 2783 2783 460 1973 2784 2784 1302 1974 2785 2785 462 1975 2786 2786 460 1976 2787 2787 468 1977 2788 2788 1302 1978 2789 2789 1304 1979 2790 2790 132 1980 2791 2791 1303 1981 2792 2792 1304 1982 2793 2793 1305 1983 2794 2794 132 1984 2795 2795 1305 1985 2796 2796 130 1986 2797 2797 132 1987 2798 2798 1305 1988 2799 2799 1306 1989 2800 2800 130 1990 2801 2801 1306 1991 2802 2802 128 1992 2803 2803 130 1993 2804 2804 1306 1994 2805 2805 1307 1995 2806 2806 128 1996 2807 2807 1308 1997 2808 2808 50 1998 2809 2809 52 1999 2810 2810 1308 2000 2811 2811 1309 2001 2812 2812 50 2002 2813 2813 1309 2003 2814 2814 48 2004 2815 2815 50 2005 2816 2816 1309 2006 2817 2817 1310 2007 2818 2818 48 2008 2819 2819 1311 2009 2820 2820 67 101 2821 2821 65 103 2822 2822 1311 2009 2823 2823 1312 2010 2824 2824 67 101 2825 2825 44 2011 2826 2826 1310 2012 2827 2827 567 2013 2828 2828 44 2014 2829 2829 46 2015 2830 2830 1310 2016 2831 2831 1312 2010 2832 2832 69 105 2833 2833 67 101 2834 2834 1312 2010 2835 2835 71 107 2836 2836 69 105 2837 2837 1314 2017 2838 2838 1313 2018 2839 2839 479 2019 2840 2840 1314 2020 2841 2841 1315 2021 2842 2842 1313 2022 2843 2843 353 2023 2844 2844 1316 2024 2845 2845 575 2025 2846 2846 353 2026 2847 2847 351 2027 2848 2848 1316 2028 2849 2849 1317 2029 2850 2850 1313 2030 2851 2851 1315 2031 2852 2852 1317 2032 2853 2853 1318 2033 2854 2854 1313 2034 2855 2855 1319 2035 2856 2856 481 2036 2857 2857 1318 2037 2858 2858 1319 2038 2859 2859 483 2039 2860 2860 481 2040 2861 2861 1320 2041 2862 2862 185 2042 2863 2863 183 2043 2864 2864 1320 2044 2865 2865 583 2045 2866 2866 185 2046 2867 2867 234 2047 2868 2868 1321 2048 2869 2869 489 2049 2870 2870 234 2050 2871 2871 1322 2051 2872 2872 1321 2052 2873 2873 1322 2053 2874 2874 1323 2054 2875 2875 1321 2055 2876 2876 1322 2056 2877 2877 230 2057 2878 2878 1323 2058 2879 2879 36 2059 2880 2880 1324 2060 2881 2881 34 2061 2882 2882 36 2062 2883 2883 38 2063 2884 2884 1324 2064 2885 2885 38 2065 2886 2886 1325 2066 2887 2887 1324 2067 2888 2888 38 2068 2889 2889 40 2069 2890 2890 1325 2070 2891 2891 1326 2071 2892 2892 529 2072 2893 2893 592 2073 2894 2894 1326 2074 2895 2895 1327 2075 2896 2896 529 2076 2897 2897 706 1201 2898 2898 1328 2077 2899 2899 708 1204 2900 2900 706 1201 2901 2901 1329 2078 2902 2902 1328 2077 2903 2903 40 2079 2904 2904 1330 2080 2905 2905 1325 2081 2906 2906 40 2082 2907 2907 42 2083 2908 2908 1330 2084 2909 2909 1331 2085 2910 2910 597 2086 2911 2911 595 2087 2912 2912 1331 2088 2913 2913 1332 2089 2914 2914 597 2090 2915 2915 1333 2091 2916 2916 597 2092 2917 2917 1332 2093 2918 2918 1333 2094 2919 2919 1334 2095 2920 2920 597 2096 2921 2921 1335 2097 2922 2922 597 2098 2923 2923 1334 2099 2924 2924 1335 2100 2925 2925 1336 2101 2926 2926 597 2102 2927 2927 1339 2103 2928 2928 1338 2104 2929 2929 1337 2105 2930 2930 1339 2106 2931 2931 1340 2107 2932 2932 1338 2108 2933 2933 1341 2109 2934 2934 602 2110 2935 2935 600 2111 2936 2936 1341 2112 2937 2937 1342 2113 2938 2938 602 2114 2939 2939 1343 2115 2940 2940 602 2116 2941 2941 1342 2117 2942 2942 1343 2118 2943 2943 1344 2119 2944 2944 602 2120 2945 2945 1347 2121 2946 2946 1346 2122 2947 2947 1345 2123 2948 2948 1347 2124 2949 2949 1348 2125 2950 2950 1346 2126 2951 2951 1351 2127 2952 2952 1350 2128 2953 2953 1349 2129 2954 2954 1351 2130 2955 2955 1352 2131 2956 2956 1350 2132 2957 2957 607 2133 2958 2958 1353 2134 2959 2959 612 2135 2960 2960 607 2136 2961 2961 605 2137 2962 2962 1353 2138 2963 2963 1354 2139 2964 2964 145 2140 2965 2965 143 2141 2966 2966 1354 2142 2967 2967 1355 2143 2968 2968 145 2144 2969 2969 1356 2145 2970 2970 615 2146 2971 2971 613 2147 2972 2972 1356 2148 2973 2973 1357 2149 2974 2974 615 2150 2975 2975 1358 2151 2976 2976 615 2152 2977 2977 1357 2153 2978 2978 1358 2154 2979 2979 617 2155 2980 2980 615 2156 2981 2981 1359 2157 2982 2982 145 2158 2983 2983 1355 2159 2984 2984 1359 2160 2985 2985 626 2161 2986 2986 145 2162 2987 2987 1360 2163 2988 2988 268 2164 2989 2989 270 2165 2990 2990 1360 2166 2991 2991 581 2167 2992 2992 268 2168 2993 2993 1362 2169 2994 2994 427 2170 2995 2995 1361 2171 2996 2996 1362 2172 2997 2997 429 2173 2998 2998 427 2174 2999 2999 1363 2175 3000 3000 204 2176 3001 3001 202 2177 3002 3002 1363 2178 3003 3003 1364 2179 3004 3004 204 2180 3005 3005 1365 2181 3006 3006 204 2182 3007 3007 1364 2183 3008 3008 1365 2184 3009 3009 1366 2185 3010 3010 204 2186 3011 3011 1366 2187 3012 3012 206 2188 3013 3013 204 2189 3014 3014 1366 2190 3015 3015 1367 2191 3016 3016 206 2192 3017 3017 1368 2193 3018 3018 206 2194 3019 3019 1367 2195 3020 3020 1368 2196 3021 3021 1369 2197 3022 3022 206 2198 3023 3023 421 2199 3024 3024 1370 2200 3025 3025 1361 2201 3026 3026 421 2202 3027 3027 423 2203 3028 3028 1370 2204 3029 3029 78 116 3030 3030 1371 2205 3031 3031 76 114 3032 3032 78 116 3033 3033 80 118 3034 3034 1371 2205 3035 3035 1373 2206 3036 3036 524 823 3037 3037 1372 2207 3038 3038 1373 2206 3039 3039 525 822 3040 3040 524 823 3041 3041 1376 2208 3042 3042 1375 2209 3043 3043 1374 2210 3044 3044 1376 2211 3045 3045 1377 2212 3046 3046 1375 2213 3047 3047 1378 2214 3048 3048 641 2215 3049 3049 639 2216 3050 3050 1378 2217 3051 3051 646 2218 3052 3052 641 2219 3053 3053 1381 2220 3054 3054 1380 2221 3055 3055 1379 2222 3056 3056 1381 2220 3057 3057 1382 2223 3058 3058 1380 2221 3059 3059 1384 2224 3060 3060 1382 2223 3061 3061 1383 2225 3062 3062 1384 2224 3063 3063 1380 2221 3064 3064 1382 2223 3065 3065 1387 2226 3066 3066 1386 2227 3067 3067 1385 2228 3068 3068 1387 2229 3069 3069 1388 2230 3070 3070 1386 2231 3071 3071 360 2232 3072 3072 1389 2233 3073 3073 654 2234 3074 3074 360 2235 3075 3075 362 2236 3076 3076 1389 2237 3077 3077 1390 2238 3078 3078 359 2239 3079 3079 357 2240 3080 3080 1390 2241 3081 3081 657 2242 3082 3082 359 2243 3083 3083 1393 2244 3084 3084 1392 2245 3085 3085 1391 2246 3086 3086 1393 2247 3087 3087 1394 2248 3088 3088 1392 2249 3089 3089 1397 2250 3090 3090 1396 2251 3091 3091 1395 2252 3092 3092 1397 2250 3093 3093 1398 2253 3094 3094 1396 2251 3095 3095 1398 2253 3096 3096 1399 2254 3097 3097 1396 2251 3098 3098 1398 2253 3099 3099 1400 2255 3100 3100 1399 2254 3101 3101 1401 2256 3102 3102 660 2257 3103 3103 658 2258 3104 3104 1401 2259 3105 3105 1402 2260 3106 3106 660 2261 3107 3107 1400 2255 3108 3108 1403 2262 3109 3109 1399 2254 3110 3110 1400 2255 3111 3111 1404 2263 3112 3112 1403 2262 3113 3113 244 2264 3114 3114 671 2265 3115 3115 246 2266 3116 3116 244 2267 3117 3117 242 2268 3118 3118 671 2269 3119 3119 1407 2270 3120 3120 1406 2271 3121 3121 1405 2272 3122 3122 1407 2270 3123 3123 1408 2273 3124 3124 1406 2271 3125 3125 1409 2274 3126 3126 1406 2271 3127 3127 1408 2273 3128 3128 1409 2274 3129 3129 1410 2275 3130 3130 1406 2271 3131 3131 196 2276 3132 3132 1412 2277 3133 3133 1411 2278 3134 3134 196 2276 3135 3135 1413 2279 3136 3136 1412 2277 3137 3137 1416 2280 3138 3138 1415 2281 3139 3139 1414 2282 3140 3140 1416 2280 3141 3141 1417 2283 3142 3142 1415 2281 3143 3143 1418 2284 3144 3144 1415 2281 3145 3145 1417 2283 3146 3146 1418 2284 3147 3147 1419 2285 3148 3148 1415 2281 3149 3149 165 2286 3150 3150 1420 2287 3151 3151 163 2288 3152 3152 165 2289 3153 3153 167 2290 3154 3154 1420 2291 3155 3155 1423 2292 3156 3156 1422 2293 3157 3157 1421 2294 3158 3158 1423 2292 3159 3159 1424 2295 3160 3160 1422 2293 3161 3161 1426 2296 3162 3162 1424 2295 3163 3163 1425 2297 3164 3164 1426 2296 3165 3165 1422 2293 3166 3166 1424 2295 3167 3167 1427 2298 3168 3168 370 2299 3169 3169 372 2300 3170 3170 1427 2301 3171 3171 1428 2302 3172 3172 370 2303 3173 3173 370 2304 3174 3174 1429 2305 3175 3175 368 2306 3176 3176 370 2307 3177 3177 1428 2308 3178 3178 1429 2309 3179 3179 1432 2310 3180 3180 1431 2311 3181 3181 1430 2312 3182 3182 1432 2313 3183 3183 1433 2314 3184 3184 1431 2315 3185 3185 1436 2316 3186 3186 1435 2317 3187 3187 1434 2318 3188 3188 1436 2316 3189 3189 1437 2319 3190 3190 1435 2317 3191 3191 1438 2320 3192 3192 396 597 3193 3193 397 598 3194 3194 1438 2320 3195 3195 398 600 3196 3196 396 597 3197 3197 1439 2321 3198 3198 1435 2317 3199 3199 1437 2319 3200 3200 1439 2321 3201 3201 1440 2322 3202 3202 1435 2317 3203 3203 1443 2323 3204 3204 1442 2324 3205 3205 1441 2325 3206 3206 1443 2326 3207 3207 1444 2327 3208 3208 1442 2328 3209 3209 74 111 3210 3210 706 1201 3211 3211 75 113 3212 3212 74 111 3213 3213 1329 2078 3214 3214 706 1201 3215 3215 9 9 3216 3216 11 11 3217 3217 1445 2329 3218 3218 1348 2330 3219 3219 1337 2331 3220 3220 1346 2332 3221 3221 1446 2333 3222 3222 154 236 3223 3223 156 238 3224 3224 10 10 3225 3225 963 1521 3226 3226 1447 2334 3227 3227 1345 2335 3228 3228 1338 2336 3229 3229 1340 2337 3230 3230 35 2338 3231 3231 1448 2339 3232 3232 37 2340 3233 3233 513 2341 3234 3234 380 2342 3235 3235 378 2343 3236 3236 486 2344 3237 3237 233 2345 3238 3238 235 2346 3239 3239 497 2347 3240 3240 379 2348 3241 3241 381 2349 3242 3242 1449 2350 3243 3243 66 2351 3244 3244 68 2352 3245 3245 572 900 3246 3246 570 896 3247 3247 1450 2353 3248 3248 1451 2354 3249 3249 298 458 3250 3250 300 460 3251 3251 1452 2355 3252 3252 552 856 3253 3253 550 852 3254 3254 160 242 3255 3255 1172 1785 3256 3256 158 240 3257 3257 1453 2356 3258 3258 70 2357 3259 3259 72 2358 3260 3260 128 2359 3261 3261 1307 2360 3262 3262 126 2361 3263 3263 116 2362 3264 3264 114 2363 3265 3265 1454 2364 3266 3266 457 2365 3267 3267 129 2366 3268 3268 127 2367 3269 3269 467 2368 3270 3270 465 2369 3271 3271 1455 2370 3272 3272 291 869 3273 3273 289 2371 3274 3274 556 872 3275 3275 1456 2372 3276 3276 30 34 3277 3277 32 36 3278 3278 292 2373 3279 3279 294 2374 3280 3280 559 2375 3281 3281 1457 2376 3282 3282 651 1085 3283 3283 649 1081 3284 3284 258 406 3285 3285 256 404 3286 3286 1458 2377 3287 3287 1459 2378 3288 3288 215 2379 3289 3289 213 2380 3290 3290 1460 2381 3291 3291 1403 2262 3292 3292 1404 2263 3293 3293 502 788 3294 3294 500 786 3295 3295 1461 2382 3296 3296 48 2383 3297 3297 1310 2384 3298 3298 46 2385 3299 3299 526 824 3300 3300 525 822 3301 3301 1462 2386 3302 3302 1463 2387 3303 3303 22 26 3304 3304 20 24 3305 3305 1252 2388 3306 3306 1248 1880 3307 3307 1250 1882 3308 3308 1464 2389 3309 3309 977 1541 3310 3310 979 1543 3311 3311 356 2390 3312 3312 578 2391 3313 3313 354 2392 3314 3314 1465 2393 3315 3315 229 349 3316 3316 227 345 3317 3317 1466 2394 3318 3318 542 2395 3319 3319 540 2396 3320 3320 1467 2397 3321 3321 1193 1812 3322 3322 1195 1814 3323 3323 1150 2398 3324 3324 1146 1753 3325 3325 1148 1755 3326 3326 1264 2399 3327 3327 697 2400 3328 3328 695 2401 3329 3329 586 2402 3330 3330 584 2403 3331 3331 591 2404 3332 3332 60 92 3333 3333 62 94 3334 3334 1468 2405 3335 3335 1471 2406 3336 3336 1470 2406 3337 3337 1469 2406 3338 3338 1019 2407 3339 3339 1473 2408 3340 3340 1472 2409 3341 3341 531 2410 3342 3342 529 2411 3343 3343 1327 2412 3344 3344 1474 2413 3345 3345 547 851 3346 3346 1271 1906 3347 3347 507 793 3348 3348 505 789 3349 3349 1475 2414 3350 3350 1478 2415 3351 3351 1477 2415 3352 3352 1476 2415 3353 3353 1479 2416 3354 3354 98 148 3355 3355 96 146 3356 3356 1336 2417 3357 3357 599 2418 3358 3358 597 2419 3359 3359 1480 2420 3360 3360 1210 1832 3361 3361 1212 1834 3362 3362 118 2421 3363 3363 1084 1677 3364 3364 1086 1679 3365 3365 1483 2422 3366 3366 1482 2423 3367 3367 1481 2424 3368 3368 1344 2425 3369 3369 604 2426 3370 3370 602 2427 3371 3371 1486 2428 3372 3372 1485 2429 3373 3373 1484 2430 3374 3374 1489 2431 3375 3375 1488 2431 3376 3376 1487 2431 3377 3377 1492 2432 3378 3378 1491 2432 3379 3379 1490 2432 3380 3380 1495 2433 3381 3381 1494 2433 3382 3382 1493 2433 3383 3383 1498 2434 3384 3384 1497 2434 3385 3385 1496 2434 3386 3386 1501 2435 3387 3387 1500 2435 3388 3388 1499 2435 3389 3389 1504 2436 3390 3390 1503 2436 3391 3391 1502 2436 3392 3392 1507 2437 3393 3393 1506 2437 3394 3394 1505 2437 3395 3395 618 2438 3396 3396 625 2439 3397 3397 620 2440 3398 3398 1510 2441 3399 3399 1509 2441 3400 3400 1508 2441 3401 3401 1513 2442 3402 3402 1512 2442 3403 3403 1511 2442 3404 3404 1516 2443 3405 3405 1515 2443 3406 3406 1514 2443 3407 3407 1519 2444 3408 3408 1518 2444 3409 3409 1517 2444 3410 3410 1522 2445 3411 3411 1521 2445 3412 3412 1520 2445 3413 3413 208 2446 3414 3414 206 2447 3415 3415 1369 2448 3416 3416 1525 2449 3417 3417 1524 2449 3418 3418 1523 2450 3419 3419 564 886 3420 3420 562 882 3421 3421 1526 2451 3422 3422 1529 2452 3423 3423 1528 2452 3424 3424 1527 2452 3425 3425 1532 2453 3426 3426 1531 2453 3427 3427 1530 2453 3428 3428 1535 2454 3429 3429 1534 2454 3430 3430 1533 2454 3431 3431 679 1149 3432 3432 1536 2455 3433 3433 681 1153 3434 3434 1539 2456 3435 3435 1538 2456 3436 3436 1537 2456 3437 3437 1542 2457 3438 3438 1541 2457 3439 3439 1540 2457 3440 3440 1545 2458 3441 3441 1544 2458 3442 3442 1543 2458 3443 3443 1548 2459 3444 3444 1547 2459 3445 3445 1546 2459 3446 3446 1551 2460 3447 3447 1550 2460 3448 3448 1549 2460 3449 3449 423 2461 3450 3450 425 2462 3451 3451 1370 2463 3452 3452 1554 2464 3453 3453 1553 2465 3454 3454 1552 2466 3455 3455 1557 2467 3456 3456 1556 2468 3457 3457 1555 2469 3458 3458 665 2470 3459 3459 660 2471 3460 3460 1402 2472 3461 3461 1560 2473 3462 3462 1559 2473 3463 3463 1558 2473 3464 3464 1563 2474 3465 3465 1562 2474 3466 3466 1561 2474 3467 3467 1566 2475 3468 3468 1565 2476 3469 3469 1564 2477 3470 3470 1569 2478 3471 3471 1568 2478 3472 3472 1567 2478 3473 3473 245 2479 3474 3474 676 2480 3475 3475 243 2481 3476 3476 1572 2482 3477 3477 1571 2482 3478 3478 1570 2482 3479 3479 1575 2483 3480 3480 1574 2483 3481 3481 1573 2483 3482 3482 1578 2484 3483 3483 1577 2484 3484 3484 1576 2484 3485 3485 366 2485 3486 3486 688 2486 3487 3487 364 2487 3488 3488 1581 2488 3489 3489 1580 2488 3490 3490 1579 2488 3491 3491 687 2489 3492 3492 168 2490 3493 3493 166 2491 3494 3494 1584 2492 3495 3495 1583 2492 3496 3496 1582 2492 3497 3497 1587 2493 3498 3498 1586 2493 3499 3499 1585 2493 3500 3500 1590 2494 3501 3501 1589 2494 3502 3502 1588 2494 3503 3503 1593 2495 3504 3504 1592 2495 3505 3505 1591 2496 3506 3506 1596 2497 3507 3507 1595 2497 3508 3508 1594 2497 3509 3509 1599 2498 3510 3510 1598 2498 3511 3511 1597 2499 3512 3512 512 798 3513 3513 510 794 3514 3514 1600 2500 3515 3515 1603 2501 3516 3516 1602 2501 3517 3517 1601 2501 3518 3518 1606 2502 3519 3519 1605 2502 3520 3520 1604 2502 3521 3521 1607 2503 3522 3522 1350 2504 3523 3523 1352 2505 3524 3524 1610 2506 3525 3525 1609 2507 3526 3526 1608 2507 3527 3527</p>
        </triangles>
      </mesh>
    </geometry>
    <geometry id="meshId0_name-mesh" name="meshId0_name">
      <mesh>
        <source id="meshId0_name-mesh-positions">
          <float_array id="meshId0_name-mesh-positions-array" count="1746">6.07422 -9.14453 86.8594 6.23047 -7.95703 89.6289 3.72656 -6.15234 88.2031 4.44922 -6.40234 90.2773 2.00391 -5.4375 90.7734 2.05469 -5.59766 93.2656 0 -5.32422 90.8203 0 -5.48438 93.3086 -2.00391 -5.4375 90.7734 -2.05469 -5.59766 93.2656 -4.44922 -6.40234 90.2773 -5.12891 -6.54688 92.8984 -7.28125 -8.22656 92.25 -5.4375 -7.18359 95.9063 -7.89844 -9.066411 95.1797 -5.19141 -8.26953 98.7695 -7.80859 -10.1289 98.0508 -4.42969 -9.847661 100.988 -6.67188 -11.4453 100.371 -3.23047 -11.5664 102.242 -4.87109 -12.7148 101.801 -2.81641 -14.1484 102.262 -5.73047 -14.5586 101.09 -2.84766 -16.0781 101.52 -5.44922 -16.2891 100.422 -3.87109 -18.1094 99.7188 -5.4375 -19.0469 97.4375 -2.18359 -20.4922 96.8828 -2.46484 -20.5586 94.0313 0 -20.668 96.8125 0 -20.7344 93.9609 2.18359 -20.4922 96.8828 2.46484 -20.5586 94.0313 5.4375 -19.0469 97.4375 5.97266 -18.9219 94.6641 7.52344 -16.5117 98.41801 8.49609 -15.9727 95.8516 7.85156 -13.9609 99.4023 9 -13.082 96.9141 6.67188 -11.4453 100.371 7.80859 -10.1289 98.0508 4.42969 -9.847661 100.988 5.19141 -8.26953 98.7695 1.78125 -9.01563 101.309 2.08203 -7.30469 99.1406 0 -7.19531 99.1836 0 -6.08203 96.33201 -2.23828 -6.19531 96.2891 -2.08203 -7.30469 99.1406 -1.78125 -9.01563 101.309 -1.30469 -10.9531 102.48 -0.699219 -12.75 102.801 0 -14.8008 102.422 -1.01563 -17.5469 100.953 -1.53906 -19.1445 99.3203 0 -19.3164 99.2539 1.53906 -19.1445 99.3203 3.87109 -18.1094 99.7188 5.44922 -16.2891 100.422 5.73047 -14.5586 101.09 4.87109 -12.7148 101.801 3.23047 -11.5664 102.242 1.30469 -10.9531 102.48 0 -8.90234 101.352 2.23828 -6.19531 96.2891 5.4375 -7.18359 95.9063 7.89844 -9.066411 95.1797 9.16797 -12.0742 94.0195 8.70313 -14.9531 92.9648 5.97656 -17.9492 91.7578 2.25 -19.6172 91.1133 0 -19.793 91.04301 -2.25 -19.6172 91.1133 -5.97266 -18.9219 94.6641 -7.52344 -16.5117 98.41801 5.12891 -6.54688 92.8984 7.28125 -8.22656 92.25 8.51172 -11.0742 91.1523 8.54688 -13.7539 90.1211 5.60156 -16.5547 89.0391 1.82422 -18.1133 88.4375 0 -18.3711 88.3359 -1.82422 -18.1133 88.4375 -5.97656 -17.9492 91.7578 -8.49609 -15.9727 95.8516 -7.85156 -13.9609 99.4023 6.07422 -9.14453 86.8594 7.53125 -10.7734 85.1758 5.83984 -11.6445 86.1875 8.25 -13.75 84.9063 4.67969 -14.2617 86.207 8.73828 -16.8906 83.8516 5.9375 -19.043 84.5664 9.375 -18.0391 83.1797 7.20313 -18.8711 82.457 11.2383 -18.3164 81.6953 7.8125 -20.168 81.0625 7.89063 -21.5547 79.6172 5.39063 -21.7188 81.1484 4.37109 -25.0117 79.0859 3.03906 -22.5039 81.7031 0 -25.8477 79.582 0 -22.8516 81.7656 -3.03906 -22.5039 81.7031 -3.04688 -22.1211 83.332 -5.48047 -21.2656 82.1211 -3.14844 -20.332 84.1172 10.6875 -9.40234 85.5195 11.3633 -10.6914 87.2344 8.128911 -10.2422 86.1641 8.76953 -11.7305 87.9414 5.29297 -10.8047 86.9648 5.75 -12.3633 88.6875 0 -11.2266 87.4375 0 -15.793 90.6953 -5.77734 -12.3633 88.6875 -3.58594 -16.5586 90.5977 -6.56641 -14.9961 89.0352 -7.01953 -16.9961 89.0898 -10.4297 -15.3594 88.1836 -10.9883 -16.7969 87.3516 -12.9492 -13.4336 87 -13.2617 -15.793 84.6875 -13.4805 -14.1523 85.4688 -13.5508 -13.9727 83.9102 -14.8516 -13.4492 82.7188 -8.92969 -18.2813 83.9336 -7.33203 -17.7266 84.9063 -11.6094 -17.8359 83.1914 -8.128911 -10.2422 86.1641 -13.5508 -13.9727 83.9102 -10.6875 -9.40234 85.5195 -13.1602 -8.26953 84.8867 -13.8867 -8.67188 85.7695 -15.0508 -7.41406 84.9531 -15.7969 -8.17188 85.2734 -16.2383 -5.24609 83.5703 -16.4961 -8.69531 84.7539 -17.0938 -6.88281 82.9336 -17.5586 -9.660161 82.7852 -16.9531 -6.58984 82.1758 -17.3242 -9.441411 81.3281 -16.2813 -12.1914 81.6992 -13.4609 -15.7656 83.3203 -11.6602 -17.8555 84.7305 -11.6094 -17.8359 83.1914 -9.24609 -18.3008 85.4219 -8.92969 -18.2813 83.9336 -7.38281 -17.6055 86.3906 -7.33203 -17.7266 84.9063 -6.34375 -19.5508 86.4023 -6.30078 -19.3516 84.6445 -4.41406 -20.5703 86.9297 -4.11719 -20.5234 85.2227 -1.86719 -20.6992 87.6641 -1.52344 -20.6641 86.3008 0 -20.1445 86.9688 14.8516 -13.4492 82.7188 16.2813 -12.1914 81.6992 13.5508 -13.9727 83.9102 13.1602 -8.26953 84.8867 13.8867 -8.67188 85.7695 14.7656 -9.785161 86.1289 12.1953 -12.1055 87.4883 15.6484 -10.7109 85.5742 12.9492 -13.4336 87 16.3242 -11.4961 84.6719 15.1797 -13.5625 84.1172 16.5117 -12.2773 83.16801 16.2813 -12.1914 81.6992 17.3242 -9.441411 81.3281 -6.81641 5.25391 91.1367 -3.07422 1.625 90.1289 -5.88672 3.85547 89.5742 -4.19141 1.55469 88.9297 -5.82813 1.73438 89.1523 -3.67969 -1.61719 87.6953 -5.81641 -1.82422 87.9414 -6.05859 -5.66016 86.1992 -8.33594 -1.58594 87.37501 -8.13672 -5.44141 85.6328 -10.6797 -4.85547 84.8008 -7.91016 -7.78906 84.0625 -10.1836 -7.07813 83.7852 -11.5117 -8.69531 84.5352 -15.2773 -6.63672 82.7461 7.53125 -10.7734 85.1758 6.07422 -9.14453 86.8594 5.99219 -7.31641 84.5508 3.72656 -6.15234 88.2031 4.52344 -5.47656 86.1328 3.67969 -1.61719 87.6953 6.05859 -5.66016 86.1992 5.81641 -1.82422 87.9414 8.33594 -1.58594 87.37501 8.32813 2.28125 88.5508 10.8945 2.67578 87.3789 10.9922 4.75 87.8594 12.418 2.87891 86.29301 14.6758 3.99219 85.6406 14.7734 0.078125 83.9336 -6.07422 -9.14453 86.8594 -5.83984 -11.6445 86.1875 -7.53125 -10.7734 85.1758 -8.25 -13.75 84.9063 -12.8633 -11.6602 84.4023 -8.73828 -16.8906 83.8516 -13.1563 -15.5742 83.1914 -9.375 -18.0391 83.1797 -11.2383 -18.3164 81.6953 -7.20313 -18.8711 82.457 -7.8125 -20.168 81.0625 -6.77344 -19.1094 82.6406 -5.69922 -19.6523 83.3594 9.5625 -13.5352 88.5 6.53516 -14.9961 89.0352 3.58594 -16.5586 90.5977 6.99219 -16.9961 89.0898 4.03906 -18.4609 89.9063 4.3125 -19.8281 88.9375 0 -18.8555 90.082 1.86719 -20.6992 87.6641 0 -20.0547 88.5195 -14.2891 -4.85156 82.0664 -12.0586 -4.33203 83.4609 -10.9922 -1.10156 86.1875 -10.8945 2.67578 87.3789 -8.32813 2.28125 88.5508 -10.9922 4.75 87.8594 -8.57031 4.90234 88.9492 -12.7461 6.89844 88.4883 -9.83203 6.55469 89.7891 14.8516 -13.4492 82.7188 13.4805 -14.1523 85.4688 13.2617 -15.793 84.6875 10.9883 -16.7969 87.3516 11.6602 -17.8555 84.7305 9.36328 -18.3008 85.4219 11.6094 -17.8359 83.1914 9.03906 -18.2813 83.9336 2.54688 -1.92969 88.9844 0 -2.08984 89.5742 3.07422 1.625 90.1289 0 1.42188 90.6719 6.81641 5.25391 91.1367 0 5.27734 92.0156 0 12.8438 92.4258 -6.81641 5.25391 91.1367 -6.64453 13.2344 91.41801 -9.83203 6.55469 89.7891 -12.7461 6.89844 88.4883 4.85547 -25.8008 76.0977 0 -26.8047 76.2461 -4.85547 -25.8008 76.0977 0 -26.5977 73.0078 -5.22266 -25.6719 73.1055 0 -25.6367 69.5977 -5.50391 -24.707 69.7188 0 -23.832 66.1797 -5.45703 -23.1875 66.3633 13.1563 -15.5742 83.1914 16.5156 -14.1406 81.4883 15.5313 -17.4219 79.54301 19.375 -12.3672 78.2422 17.7656 -16.543 76.6016 21.1992 -10.7813 74.9727 19.0977 -15.5625 73.3086 21.9883 -8.753911 70.0938 20.082 -13.9297 68.6328 5.36719 4.73047 91.2266 4.21484 3.42188 90.8359 5.21094 4.90625 91.5 4.94531 5.00781 91.8398 6.37891 6.19922 91.8242 6.17578 6.91406 92.3281 7.85938 7.32031 91.6953 7.74219 8.316411 92.3398 9.70703 8.14844 91.1133 9.87109 9.29688 91.6914 11.8594 8.3125 89.9375 0 -17.8828 87.7891 -4.67969 -14.2617 86.207 -5.60156 -16.5547 89.0391 -7.61719 -12.7969 87.8672 -8.54688 -13.7539 90.1211 -8.51172 -11.0742 91.1523 -9.16797 -12.0742 94.0195 16.9531 -6.58984 82.1758 17.5586 -9.660161 82.7852 17.0938 -6.88281 82.9336 16.4961 -8.69531 84.7539 16.2383 -5.24609 83.5703 15.7969 -8.17188 85.2734 15.0508 -7.41406 84.9531 8.57031 4.90234 88.9492 5.82813 1.73438 89.1523 5.88672 3.85547 89.5742 4.19141 1.55469 88.9297 3.07422 1.625 90.1289 2.54688 -1.92969 88.9844 8.13672 -5.44141 85.6328 7.91016 -7.78906 84.0625 10.6797 -4.85547 84.8008 10.1836 -7.07813 83.7852 12.0586 -4.33203 83.4609 14.2891 -4.85156 82.0664 6.77344 -19.1094 82.6406 6.75781 -18.7227 81.8672 7.20313 -18.8711 82.457 5.30859 -19.3125 83.0039 5.63281 -19.4805 83.6875 1.90234 -19.8125 83.91801 2.04297 -20.0039 84.8008 0 -20.1953 83.9414 0 -20.4453 84.9844 -2.04297 -20.0039 84.8008 6.42578 5.73047 91.2656 7.85938 6.76953 90.832 9.54297 7.61328 90.0469 11.5742 7.85547 89.2422 -16.5156 -14.1406 81.4883 -15.5313 -17.4219 79.54301 -19.375 -12.3672 78.2422 -17.7656 -16.543 76.6016 -21.1992 -10.7813 74.9727 -19.0977 -15.5625 73.3086 -21.9883 -8.753911 70.0938 -20.082 -13.9297 68.6328 0.699219 -12.75 102.801 2.81641 -14.1484 102.262 2.84766 -16.0781 101.52 1.01563 -17.5469 100.953 5.48047 -21.2656 82.1211 3.04688 -22.1211 83.332 0 -22.4766 83.7031 -4.21484 3.42188 90.8359 -5.36719 4.73047 91.2266 -5.21094 4.90625 91.5 -6.42578 5.73047 91.2656 -6.37891 6.19922 91.8242 -7.85938 6.76953 90.832 -7.85938 7.32031 91.6953 -9.54297 7.61328 90.0469 -9.70703 8.14844 91.1133 -8.128911 -23.0898 76.5938 -8.91797 -22.9531 73.8516 -9.96484 -22.4727 73.957 -9.55078 -22.3203 70.5195 -11.6523 -21.4766 70.6289 -12.3711 -20.0898 67.3242 -16.5547 -17.4961 67.5625 12.2891 -20.6758 77.7188 14.1367 -19.8555 74.9844 9.96484 -22.4727 73.957 11.6523 -21.4766 70.6289 9.55078 -22.3203 70.5195 12.3711 -20.0898 67.3242 9.566411 -20.9805 67.1016 -15.1797 -13.5625 84.1172 -16.3242 -11.4961 84.6719 -15.6484 -10.7109 85.5742 -14.7656 -9.785161 86.1289 5.63281 -19.4805 83.6875 2.04297 -20.0039 84.8008 2.30859 -19.8164 86.3125 0 -20.4453 84.9844 0 -20.1445 86.2969 -2.30859 -19.8164 86.3125 0 -17.8828 87.7891 -4.67969 -14.2617 86.207 -5.23438 -10.8047 86.9648 -8.76953 -11.7305 87.9414 -8.128911 -10.2422 86.1641 -11.3633 -10.6914 87.2344 7.53125 -10.3438 88.6602 7.61719 -12.7969 87.8672 5.83984 -11.6445 86.1875 4.67969 -14.2617 86.207 -7.74219 8.316411 92.3398 -6.17578 6.91406 92.3281 -4.94531 5.00781 91.8398 -14.6758 3.99219 85.6406 -12.418 2.87891 86.29301 -14.7734 0.078125 83.9336 -12.6914 -0.53125 84.79301 5.22266 -25.6719 73.1055 5.50391 -24.707 69.7188 5.45703 -23.1875 66.3633 8.91797 -22.9531 73.8516 8.128911 -23.0938 76.5938 0 -10.8438 102.523 0 -12.6367 102.844 -16.082 -9.69922 82.7852 -18.9414 -7.64453 79.6523 -20.6875 -5.96094 76.4648 -4.37109 -25.0156 79.0859 -7.89063 -21.5547 79.6172 -12.2891 -20.6758 77.7188 -14.8516 -13.4492 82.7188 -14.5039 -7.19922 84.3398 -4.11719 -20.5234 85.2227 -1.52344 -20.6641 86.3008 -6.30078 -19.3516 84.6445 0 -20.1445 86.9688 0 -11.2266 87.4375 -5.23438 -10.8047 86.9648 16.8672 5.41016 83.8906 18.8281 2.79297 78.7148 16.9648 1.08594 81.7461 18.8438 -1.96094 77.2539 16.8477 -3.45313 80.2305 19.4141 -3.30859 76.9258 17.9805 -4.89063 80.2461 3.72656 -6.15234 88.2031 1.86719 -5.10938 88.8398 0 -4.92969 89.1797 -2.54688 -1.92969 88.9844 -3.07422 1.625 90.1289 -4.71484 5.26172 91.7266 -5.83203 7.6875 92.16801 -7.58594 9.78906 92.1016 7.35547 -17.6055 86.3906 6.31641 -19.5508 86.4023 7.30469 -17.7266 84.9063 6.27344 -19.3516 84.6445 -18.8438 -1.96094 77.2539 -19.4141 -3.30859 76.9258 -20.3125 -1.29297 72.375 -20.6875 -5.96094 76.4648 -21.332 -3.79688 71.41801 -21.1992 -10.7813 74.9727 -21.9883 -8.753911 70.0938 -5.83984 -11.6445 86.1875 -7.53125 -10.3438 88.6602 -5.39063 -21.7188 81.1484 13.4609 -15.7656 83.3203 13.5508 -13.9727 83.9102 -5.99219 -7.31641 84.5508 -4.52344 -5.47656 86.1328 -3.72656 -6.15234 88.2031 -2.04297 -20.0039 84.8008 -5.63281 -19.4805 83.6875 -5.9375 -19.043 84.5664 -8.70313 -14.9531 92.9648 -9 -13.082 96.9141 -14.6758 3.99219 85.6406 -14.7734 0.078125 83.9336 -16.9648 1.08594 81.7461 -14.2891 -4.85156 82.0664 -16.8477 -3.45313 80.2305 -15.2773 -6.63672 82.7461 -17.9805 -4.89063 80.2461 15.2773 -6.63672 82.7461 11.5117 -8.69531 84.5352 13.4609 -15.7656 83.3203 11.6094 -17.8359 83.1914 8.128911 -10.2422 86.1641 7.30469 -17.7266 84.9063 5.29297 -10.8047 86.9648 12.8633 -11.6602 84.4023 16.082 -9.69922 82.7891 11.5117 -8.69531 84.5352 15.2773 -6.63672 82.7461 -4.3125 -19.8281 88.9375 -4.03906 -18.4609 89.9063 -3.72656 -6.15234 88.2031 -6.23047 -7.95703 89.6289 -6.07422 -9.14453 86.8594 15.7773 -18.9492 71.8281 16.5547 -17.4961 67.5625 -11.5117 -8.69531 84.5352 -15.2773 -6.63672 82.7461 -17.9805 -4.89063 80.2461 6.77344 -19.1094 82.6406 5.69922 -19.6523 83.3594 3.14844 -20.332 84.1172 0 -20.668 84.4531 -9.222661 -15.8359 75.8672 -7.46094 -17.7852 80.9258 -8.98047 -17.5391 75.2109 -7.26563 -19.4414 80.1367 -7.82031 -17.9336 75.0703 -6.32422 -19.5898 79.3594 10.4297 -15.3594 88.1836 -14.1367 -19.8555 74.9844 -15.7773 -18.9492 71.8281 0 -17.6484 100.91 -4.53906 5.49219 91.5742 -5.57031 8.33594 91.6563 4.53906 5.49219 91.5742 4.71484 5.26172 91.7266 5.83203 7.6875 92.16801 5.57031 8.33594 91.6563 7.58594 9.78906 92.1016 17.9805 -4.89063 80.2461 18.9414 -7.64453 79.6523 19.4141 -3.30859 76.9258 20.6875 -5.96094 76.4648 6.37109 -18.8945 82.1875 5.69922 -19.6523 83.3594 5.38281 -19.1328 82.9023 3.23047 -19.6406 83.6133 0 -4.92969 89.1797 -1.86719 -5.10938 88.8398 3.14844 -20.332 84.1172 0 -20.668 84.4531 0 -19.8555 83.8906 -3.23047 -19.6406 83.6133 12.6914 -0.53125 84.79301 10.9922 -1.10156 86.1875 12.7461 6.89844 88.4883 9.83203 6.55469 89.7891 6.81641 5.25391 91.1367 14.7734 0.078125 83.9336 16.9648 1.08594 81.7461 14.2891 -4.85156 82.0664 16.8477 -3.45313 80.2305 15.2773 -6.63672 82.7461 17.9805 -4.89063 80.2461 7.46094 -17.7852 80.9258 9.222661 -15.8359 75.8672 7.26563 -19.4414 80.1367 8.98047 -17.5391 75.2109 6.32422 -19.5898 79.3594 7.82031 -17.9336 75.0703 -7.53125 -10.7734 85.1758 -6.07422 -9.14453 86.8594 2.84766 -18.9922 84.0547 2.77344 -20.6133 83.1836 2.41406 -20.6133 82.0117 -16.5117 -12.2773 83.16801 -16.2813 -12.1914 81.6992 -12.1953 -12.1055 87.4883 -9.5625 -13.5352 88.5 4.41406 -20.5703 86.9297 4.11719 -20.5234 85.2227 -2.84766 -18.9922 84.0547 -2.77344 -20.6133 83.1836 -2.41406 -20.6133 82.0117 14.5039 -7.19922 84.3398 -17.9805 -4.89063 80.2461 -16.8477 -3.45313 80.2305 -16.9648 1.08594 81.7461 7.39453 10.7695 91.1328 9.99219 11.0898 91.3125 -19.4141 -3.30859 76.9258 -2.54688 -1.92969 88.9844 -1.90234 -19.8125 83.91801 -5.63281 -19.4805 83.6875 -3.14844 -20.332 84.1172 -5.38281 -19.1328 82.9023 -5.69922 -19.6523 83.3594 -6.37109 -18.8945 82.1875 -6.77344 -19.1094 82.6406 -6.75781 -18.7227 81.8672 -7.20313 -18.8711 82.457 -5.30859 -19.3125 83.0039 1.86719 -5.10938 88.8398 6.27344 -19.3516 84.6445 4.11719 -20.5234 85.2227 1.52344 -20.6641 86.3008 -9.566411 -20.9805 67.1016 -3.72656 -6.15234 88.2031 -1.86719 -5.10938 88.8398 6.64453 13.2344 91.41801 9.83203 6.55469 89.7891 -16.8672 5.41016 83.8906 -18.8281 2.79297 78.7148 20.3125 -1.29297 72.375 20.6875 -5.96094 76.4648 21.332 -3.79688 71.41801 21.1992 -10.7813 74.9727 16.4531 8.33203 85.4492 12.7461 6.89844 88.4883 16.8672 5.41016 83.8906 14.6758 3.99219 85.6406 -16.4531 8.33203 85.4492 -16.8672 5.41016 83.8906 1.52344 -20.6641 86.3008 -13.4609 -15.7656 83.3203 21.9883 -8.753911 70.0938 9.03906 -18.2813 83.9336</float_array>
          <technique_common>
            <accessor source="#meshId0_name-mesh-positions-array" count="582" stride="3">
              <param name="X" type="float"/>
              <param name="Y" type="float"/>
              <param name="Z" type="float"/>
            </accessor>
          </technique_common>
        </source>
        <source id="meshId0_name-mesh-normals">
          <float_array id="meshId0_name-mesh-normals-array" count="1746">0.7650488 0.5977786 0.2395017 0.7147327 0.6628825 -0.2230337 0.9055091 0.4227416 0.03664404 0.5036249 0.8622149 -0.05429059 0.2030869 0.9738227 0.1021031 0.1899097 0.975744 0.1088946 -3.12325e-6 0.9887083 0.1498535 0 0.9917829 0.127933 -0.2030829 0.973823 0.1021079 -0.1899094 0.9757443 0.1088927 -0.5036551 0.8621997 -0.05425244 -0.4763426 0.8785939 0.03421604 -0.7656657 0.6371073 -0.08860427 -0.4778277 0.8458725 0.2370242 -0.8033073 0.5815937 0.1282426 -0.462968 0.7429966 0.4833391 -0.78162 0.4718819 0.4079189 -0.4014202 0.5279779 0.7483991 -0.6512694 0.2736353 0.7077938 -0.2709402 0.1688172 0.9476773 -0.4259423 0.01871699 0.9045567 -0.2297821 -0.1964051 0.9532184 -0.4601706 -0.2630243 0.8479749 -0.2303943 -0.4471945 0.8642544 -0.4457463 -0.4936406 0.7467457 -0.2940886 -0.6615266 0.6898511 -0.500854 -0.7968677 0.3378568 -0.2126219 -0.9352738 0.2829399 -0.2583684 -0.9564095 -0.1361127 1.61701e-7 -0.9637463 0.2668206 3.71956e-6 -0.9896484 -0.1435138 0.2126517 -0.9352655 0.2829449 0.2583725 -0.9564079 -0.1361168 0.5008526 -0.7968691 0.3378558 0.6108941 -0.7878322 -0.07828831 0.7335115 -0.5070126 0.4526579 0.8927998 -0.4452232 0.06844693 0.7952447 -0.1151023 0.5952623 0.9672418 0.02166247 0.2529312 0.65127 0.2736346 0.7077935 0.7816545 0.4718548 0.407884 0.4014202 0.5279779 0.7483991 0.4630069 0.7429963 0.4833024 0.1714501 0.6327193 0.7551631 0.1866371 0.8455535 0.500206 9.496e-6 0.8668177 0.4986254 -3.80759e-5 0.9601957 0.2793284 -0.186503 0.9435092 0.2738742 -0.1866265 0.8455519 0.5002126 -0.1714471 0.6326913 0.7551872 -0.1351965 0.3194985 0.9378927 -0.1188411 -0.02999866 0.9924601 2.75671e-7 -0.3391723 0.9407243 -0.1094846 -0.5819839 0.8057965 -0.1410317 -0.7748026 0.616272 3.34508e-6 -0.7960615 0.6052159 0.1410219 -0.7747891 0.6162911 0.2940913 -0.6615252 0.6898512 0.4457461 -0.493641 0.7467457 0.4601739 -0.263037 0.8479691 0.4259442 0.01871567 0.9045559 0.270947 0.1688145 0.9476758 0.1351975 0.3194984 0.9378925 -2.28081e-6 0.658069 0.7529577 0.186508 0.9435073 0.2738773 0.4778288 0.8458724 0.2370227 0.8033073 0.5815938 0.1282426 0.9896769 0.1426767 -0.01352709 0.9151652 -0.3629034 -0.1754252 0.6056245 -0.7227074 -0.3330361 0.2664179 -0.8774826 -0.3988054 -1.96373e-5 -0.9170019 -0.3988832 -0.266433 -0.8774796 -0.3988019 -0.6108946 -0.7878318 -0.07828795 -0.7335129 -0.507009 0.4526597 0.4763433 0.8785934 0.03421598 0.7656788 0.6370848 -0.08865177 0.9433828 0.2645474 -0.2001093 0.8962699 -0.2659693 -0.3549093 0.5740237 -0.62436 -0.5297843 0.2532079 -0.7414553 -0.6213936 1.23604e-6 -0.8157611 -0.5783891 -0.2532175 -0.7414606 -0.6213834 -0.6056246 -0.7227074 -0.3330359 -0.8927999 -0.4452231 0.06844615 -0.795237 -0.1150794 0.5952771 0.9768013 -0.1805971 0.1150825 0.3879804 0.2074705 0.8980129 0.9055299 0.4226951 0.0366674 0.2886985 -0.1656121 0.9429878 0.4114276 -0.1741898 0.8946427 0.3138373 -0.2773145 0.9080765 0.4519487 -0.6490606 0.6119336 0.3524576 -0.6817591 0.6410759 0.3233411 -0.8754795 0.3591467 0.3472103 -0.7174125 0.6039572 0.4302547 -0.6409242 0.6356864 0.4211906 -0.7029654 0.5730954 0.4384616 -0.7020107 0.5611885 0.423081 -0.7257164 0.5425295 0.2765278 -0.7971539 0.5367292 6.09104e-5 -0.831065 0.5561754 0 -0.8386998 0.5445941 -0.2764922 -0.7971355 0.5367746 -0.3378201 -0.7350526 0.5878565 -0.5036512 -0.673408 0.5411628 -0.2759329 -0.03645145 0.9604856 -0.04504609 0.7592629 0.6492233 0.008123517 0.5768206 0.8168305 -0.4880264 0.8389155 -0.2409378 0.04960083 0.5436238 0.8378621 0.00949949 0.7488328 0.6626909 0.09390491 0.5064538 0.8571386 -5.93858e-5 0.6646339 0.7471692 -2.76305e-5 0.2488865 0.9685327 -0.09363096 0.5062972 0.857261 -0.2292892 0.07414841 0.97053 -0.2763738 0.1058996 0.9551979 -0.4313169 -0.5546844 0.7115413 -0.4013055 -0.1540179 0.9029022 -0.5306167 -0.5830971 0.6151779 -0.6517984 -0.3161106 0.6893714 -0.8518766 -0.4245114 0.3067511 -0.7729255 -0.57845 0.2607332 -0.7555768 -0.6547634 -0.01971793 -0.436008 -0.8879619 -0.1463579 0.2923064 0.3169537 -0.9022734 0.3117129 0.2873567 -0.9056828 0.3069279 0.5181112 -0.7983459 0.2837511 0.213244 -0.9348863 0.4483566 0.2390072 -0.8613083 0.4880279 0.8389148 -0.2409371 0.6868965 0.7090716 -0.1593452 0.06552112 0.5997501 0.7975004 0.1452518 0.6009947 0.7859437 -0.4061558 0.3312239 0.851662 -0.4107987 0.7034726 0.5799748 -0.7937073 0.09711015 0.6004984 -0.9418063 0.2594659 0.2137254 -0.9764149 -0.1011911 0.1907203 0.02662771 0.4877853 -0.8725574 -0.7589331 -0.04302531 -0.6497457 0.6278222 0.1772297 -0.757911 -0.9154993 -0.3979188 0.05934405 -0.522776 -0.8225401 0.2239046 -0.4962616 -0.8681729 -6.13811e-4 -0.02536201 -0.97276 0.2304231 0.0720033 -0.997192 0.02058595 -0.3726226 -0.9175247 0.1389273 -0.361103 -0.9322677 0.02194738 -0.7000941 -0.6918005 0.1768624 -0.6842868 -0.7253066 -0.07537901 -0.2989882 -0.94418 0.1383121 -0.2483793 -0.9659269 -0.0727539 0.02814227 -0.9431157 0.3312717 0.1334099 -0.9910192 0.009099543 0 -0.9984487 0.05568021 -0.4483405 0.2390373 -0.8613083 -0.6278232 0.17723 -0.75791 -0.7063405 0.2744527 -0.652502 -0.6868968 0.7090704 -0.159349 -0.0655198 0.5997497 0.7975007 0.3685224 0.2101577 0.9055524 0.3246338 0.1565422 0.9327955 0.6374201 -0.07924097 0.766431 0.6517897 -0.3161199 0.6893754 0.7963593 -0.3034207 0.5232091 0.6299991 -0.7374737 0.2433798 0.84303 -0.5321875 0.07795494 0.778218 -0.6005213 -0.1837139 0.7589331 -0.04302519 -0.6497457 -0.4030412 -0.5563811 0.7266347 -0.5178866 -0.5025308 0.6922834 -0.3800639 -0.4785748 0.7915287 -0.2976365 -0.4011904 0.8662903 -0.07891297 -0.2547283 0.9637875 -0.3919893 -0.2931131 0.8720259 -0.07095479 -0.3643181 0.9285677 -0.04717564 -0.5464481 0.8361632 -0.3397079 -0.3329318 0.8796335 -0.2878558 -0.47924 0.829137 -0.5434966 -0.4128228 0.7308823 -0.2155753 -0.1308477 0.9676809 -0.3375878 0.02856427 0.9408606 -0.1263594 0.3257563 0.9369719 -0.325886 0.3562833 0.8757058 0.5500284 -0.04608684 0.8338735 0.9054819 0.422795 0.03670012 0.3879803 0.2075556 0.8979933 0.7650508 0.5977673 0.239524 0.4897982 -0.2085111 0.8465346 0.3919907 -0.2931146 0.8720248 0.04717713 -0.5464482 0.8361632 0.07100564 -0.3643217 0.9285624 0.3397065 -0.3329317 0.879634 0.3477388 -0.234575 0.9077733 0.5179548 -0.2294306 0.8240658 0.4277614 -0.3650248 0.8269082 0.5192876 -0.2944029 0.8022889 0.5143436 -0.3669545 0.7751098 0.5124439 -0.3356709 0.7903963 -0.3817902 0.171762 0.9081487 -0.9767897 -0.1806614 0.1150804 -0.9061591 0.4227938 0.01100462 -0.2886983 -0.1656126 0.9429877 -0.2782313 -0.1137774 0.9537516 -0.3139613 -0.277355 0.9080212 -0.3934708 -0.4335373 0.8106948 -0.3525709 -0.6816834 0.641094 -0.3472008 -0.7173766 0.6040054 -0.3444587 -0.8082112 0.4776431 -0.4302501 -0.6409379 0.6356757 -0.3922367 0.277866 0.8768929 -0.4097196 0.1112288 0.9054049 0.2288143 0.1370431 0.9637755 0.2771344 0.1061074 0.9549543 0.2307241 0.07465952 0.9701507 0.4343662 -0.5529289 0.7110525 0.2480279 -0.34626 0.9047576 0.3227916 -0.7427818 0.586584 1.58437e-5 -0.627566 0.7785633 -0.02813661 -0.9431169 0.3312686 -3.81097e-6 -0.9351562 0.3542358 -0.4618645 0.003995895 0.8869416 -0.5603895 -0.3412947 0.7546401 -0.5450019 -0.3029313 0.7817965 -0.5179555 -0.2294391 0.824063 -0.3477391 -0.2345755 0.9077731 -0.4277704 -0.3650393 0.826897 -0.4079727 -0.5186218 0.7513919 -0.5123608 -0.3577117 0.7807233 -0.4686581 -0.44193 0.7648905 0.436007 -0.8879623 -0.146359 0.7729329 -0.5784433 0.2607265 0.8519265 -0.424332 0.3068609 0.532181 -0.5805868 0.6162 0.5275465 -0.8195499 0.2236798 0.03829967 -0.9718353 0.2325282 0.4993904 -0.8663763 -0.001146197 -0.05797106 -0.9981369 0.0190314 0.5178368 -0.5025063 0.6923385 2.68241e-6 -0.2590389 0.9658669 0.4614502 -0.1578864 0.8730038 5.65842e-7 -0.3571413 0.9340504 0.380041 -0.4785574 0.7915503 0 -0.1936103 0.9810786 0 -0.04314935 0.9990686 -0.3800446 -0.4785556 0.7915496 -0.3693935 0.01956129 0.9290673 -0.468676 -0.4418475 0.7649274 -0.5124092 -0.3576316 0.7807283 0.3690299 -0.911153 0.1833496 6.84464e-7 -0.9930264 0.117893 -0.368964 -0.9112143 0.1831777 0 -0.987843 -0.1554548 -0.3934141 -0.9152233 -0.08713001 0 -0.9347754 -0.3552395 -0.3550961 -0.8866232 -0.2963213 3.57148e-7 -0.8975864 -0.4408388 -0.3310314 -0.857432 -0.3939907 0.3933919 -0.4336459 0.8106752 0.6660701 -0.3606778 0.6528876 0.6012653 -0.6813054 0.4174962 0.8468281 -0.279224 0.4526769 0.7419961 -0.6207386 0.2532302 0.9492495 -0.2106214 0.2335898 0.8152041 -0.5751379 0.06825464 0.9818315 -0.1606103 0.1010512 0.840614 -0.5405648 -0.03402906 0.4879162 -0.5856907 0.6472281 -0.1155178 -0.4973095 0.8598483 0.4919804 -0.6027833 0.628178 -0.01222962 -0.4014669 0.9157919 0.4932658 -0.5637601 0.6624676 0.08847206 -0.2283952 0.9695403 0.4989032 -0.5978744 0.627409 0.2528752 -0.1577509 0.9545517 0.4398009 -0.6593506 0.6097803 0.3918613 -0.2542098 0.8842071 0.3832422 -0.6873129 0.6170304 -3.4133e-7 -0.681749 -0.7315862 -0.4489728 -0.5213382 -0.7256928 -0.5740269 -0.6243608 -0.5297799 -0.7641147 -0.2147323 -0.6082916 -0.89627 -0.2659688 -0.3549093 -0.9433823 0.2645472 -0.2001116 -0.989677 0.1426767 -0.01352721 -0.02663588 0.4878112 -0.8725427 0.9764137 -0.101203 0.1907204 0.9418051 0.2594695 0.2137261 0.7937042 0.09713965 0.6004978 0.410847 0.7034702 0.5799434 0.406156 0.3312249 0.8516617 -0.1452509 0.6009945 0.7859439 0.4079679 -0.5186215 0.7513948 0.07891237 -0.2547264 0.963788 0.4030416 -0.5563773 0.7266374 0.2976386 -0.4011857 0.8662917 0.5178897 -0.5025157 0.6922921 0.4615113 -0.1578854 0.8729718 0.2878556 -0.4792399 0.8291371 0.2155759 -0.1308477 0.9676808 0.5434973 -0.4128226 0.7308819 0.337588 0.0285632 0.9408606 0.5603893 -0.3412943 0.7546404 0.4275218 -0.01604789 0.9038627 0.3233875 -0.8754629 0.3591451 -0.1914053 0.8132529 0.5495306 0.392288 0.2777714 0.8768998 0.1081186 -0.9503867 -0.2916775 0.2507135 -0.9675917 -0.03015464 0.1289718 -0.9623134 -0.2394148 0.1743454 -0.9840641 -0.03495013 -1.68948e-7 -0.9713141 -0.2378001 -1.42325e-5 -0.9990909 -0.04263335 -0.1743532 -0.9840627 -0.03495162 0.5523745 -0.6296605 0.5462692 0.5467983 -0.7124122 0.4398642 0.399725 -0.8226671 0.4042758 0.2809185 -0.8655346 0.4146502 -0.6660072 -0.3606352 0.6529752 -0.6012486 -0.6812878 0.4175489 -0.8468196 -0.279183 0.4527179 -0.7419647 -0.6207922 0.2531906 -0.9492508 -0.2106221 0.2335835 -0.8152039 -0.5751383 0.06825459 -0.9818265 -0.1606531 0.1010315 -0.8406139 -0.540565 -0.0340287 0.1188082 -0.02999848 0.992464 0.2297819 -0.196405 0.9532184 0.2303956 -0.4471942 0.8642542 0.1094862 -0.5819827 0.8057971 0.5036496 -0.6734082 0.5411641 0.3378201 -0.7350526 0.5878565 0 -0.7741299 0.6330268 -0.4879135 -0.5856927 0.6472284 -0.4919792 -0.602784 0.6281782 0.1154707 -0.4973124 0.8598529 -0.5523778 -0.6296597 0.5462669 -0.4932636 -0.5637615 0.6624681 -0.5468146 -0.7124113 0.4398455 -0.4992159 -0.5973014 0.6277059 -0.5121253 -0.7665699 0.3874256 -0.4946289 -0.6279639 0.6008359 -0.5193935 -0.8208771 0.2374688 -0.4960116 -0.8682225 -0.01273542 -0.4560411 -0.8895381 0.02736169 -0.454831 -0.8633362 -0.2185851 -0.4526447 -0.8790255 -0.149757 -0.4403538 -0.8584066 -0.2631098 -0.637795 -0.7559511 -0.1474977 0.4690858 -0.7986279 0.3770307 0.587658 -0.7984851 0.1306894 0.4560401 -0.8895385 0.02736222 0.4526457 -0.8790247 -0.1497582 0.4548316 -0.863336 -0.2185846 0.4403547 -0.8584063 -0.2631095 0.4242241 -0.8430601 -0.3305807 -0.6299962 -0.7374752 0.2433831 -0.7963594 -0.3034204 0.5232093 -0.6374205 -0.07924097 0.7664307 -0.3685219 0.2101559 0.9055529 0.3218159 -0.6556784 0.683023 0.1743568 -0.9840649 -0.03487199 0.2507503 -0.9675852 -0.03005415 -1.27777e-5 -0.9990931 -0.04258197 1.5653e-7 -0.8397847 0.5429197 -0.3218107 -0.6556798 0.6830242 2.53879e-6 -0.3836578 0.9234755 -0.411428 -0.1741899 0.8946424 -0.009408831 0.7489482 0.6625618 -0.04980474 0.5437488 0.837769 0.04513794 0.7593501 0.6491149 -0.008122026 0.5768201 0.8168308 0.860376 0.3454314 -0.3747405 0.7641146 -0.2147321 -0.6082921 0.9767832 -0.1806852 0.1150985 0.4489725 -0.5213403 -0.7256914 -0.2609107 -0.2761059 0.9250358 -0.088467 -0.2283941 0.9695411 0.01223456 -0.4014624 0.9157938 -0.5143445 -0.3669663 0.7751036 -0.5193261 -0.294384 0.8022708 -0.531224 -0.3310049 0.7798955 -0.5531647 -0.3209146 0.7687801 0.3934129 -0.9152242 -0.08712744 0.3550955 -0.886623 -0.2963223 0.3310304 -0.8574321 -0.3939913 0.4960105 -0.8682231 -0.01273703 0.5193398 -0.8208843 0.2375613 1.1296e-5 0.3446122 0.9387452 1.13416e-5 -0.01293355 0.9999164 -0.5997238 -0.016128 0.8000445 -0.7995563 0.05194032 0.5983409 -0.9173557 0.1839389 0.3530226 -0.4231171 -0.7257407 0.5424689 -0.4212352 -0.7028953 0.5731484 -0.4691089 -0.7986319 0.3769935 0.7063529 0.2744381 -0.6524948 0.7415267 0.6669541 -0.07287275 0.3725029 0.2882776 -0.8821211 0.3724995 0.2882093 -0.8821449 0.3820041 0.2774036 -0.8815442 -2.72866e-4 0.2236292 -0.9746742 1.54636e-4 0.1287649 -0.9916752 0.2800752 0.1581038 -0.9468692 0.8000901 -0.2301934 0.5539557 0.8744117 -0.1770368 0.4517326 0.7485952 -0.2430205 0.6168843 0.863061 0.1800672 0.4719128 0.7271764 0.1010881 0.6789668 0.8377202 0.3230998 0.4402627 0.6688529 0.3036446 0.6785542 0.3426311 0.5851414 0.7349923 0.7649919 0.5978246 0.239569 5.04106e-5 0.5962006 0.8028356 -0.4614483 -0.1578781 0.8730064 -0.5178168 -0.5025417 0.6923277 0.6195184 -0.02700406 0.7845176 0.4363312 0.2050952 0.8760999 0.3138341 0.2915145 0.9036191 0.3821153 -0.9136909 0.1384086 0.7025836 -0.6895465 0.1757896 0.3708111 -0.9284797 0.02060633 0.6861988 -0.7234874 -0.0754804 -0.9011602 0.3172867 0.2953633 -0.8377203 0.3230993 0.440263 -0.8630626 0.180067 0.4719097 -0.9173833 0.1839616 0.3529393 -0.9618694 0.1783317 0.2073766 -0.9492691 -0.2105268 0.2335947 -0.9818403 -0.1605448 0.1010689 -0.9767814 -0.180696 0.1150968 -0.8603749 0.3454323 -0.374742 -0.4384897 -0.7019649 0.5612238 0.9155 -0.3979175 0.05934435 0.7555764 -0.6547641 -0.01971119 -0.5500078 -0.04611814 0.8338852 -0.4897964 -0.2085129 0.8465352 -0.7650595 0.597762 0.2395091 -0.174362 -0.9840639 -0.03487294 -0.2495931 -0.967742 -0.03433424 -0.4519535 -0.64906 0.6119307 -0.915167 -0.3629012 -0.1754202 -0.9672417 0.02166229 0.2529315 -0.8000469 -0.2302227 0.5540058 -0.5312708 -0.3309937 0.7798684 -0.5143831 -0.3669316 0.7750943 -0.4619105 0.004023432 0.8869174 -0.7271335 0.1010637 0.6790162 -0.3259025 0.3562882 0.8756976 -0.6688148 0.303584 0.6786189 0.2990083 0.3733392 0.8781868 0.1088809 0.3540729 0.9288582 -0.2946757 0.3011637 -0.9068995 -0.2837383 0.3108485 -0.9071196 -0.2844336 0.2138728 -0.9345352 -0.3141291 0.2716336 -0.9096913 -0.2806035 0.1593767 -0.9464992 0.2781516 -0.1137012 0.9537839 0.599725 -0.01606583 0.800045 0.1089011 0.3540211 0.9288755 0.2990723 0.3732852 0.8781878 -0.3202273 -0.7434776 0.5871079 -0.246377 -0.3467217 0.9050318 -0.7650553 0.5977735 0.2394942 -0.7147305 0.6628853 -0.2230328 -0.9061426 0.4228297 0.01099121 0.6219443 -0.7817234 -0.0457611 0.6377953 -0.7559506 -0.1474981 -0.1264171 0.3256762 0.9369919 -0.3259217 0.3562443 0.8757083 -0.6688782 0.3035219 0.6785841 0.3922774 0.2778319 0.8768853 0.4097127 0.1112266 0.9054084 0.2759377 -0.03645038 0.9604842 2.88319e-5 0.1069534 0.9942641 -0.7479531 -0.6637364 0.004507958 -0.8021149 -0.331574 0.4966594 -0.9436523 -0.226529 0.2412573 -0.6239156 -0.7569957 0.1941308 -0.3385084 -0.9114937 -0.2336483 -0.2759447 -0.9492722 -0.1507877 0.4003622 -0.1545038 0.9032379 -0.5876584 -0.7984849 0.1306892 -0.621942 -0.7817252 -0.04575985 1.72033e-6 -0.5938166 0.8046005 0.7166158 0.04263472 0.6961638 0.5809679 0.3168851 0.7497068 -0.6195203 -0.02700763 0.7845159 -0.7166168 0.04262685 0.6961634 -0.4495911 0.2261247 0.8641386 -0.6017004 0.3555274 0.7152321 -0.1530299 0.4043869 0.9016946 0.6688696 0.303573 0.6785698 0.7995906 0.05195963 0.5982934 0.8377217 0.3230737 0.4402794 0.9173497 0.18396 0.3530272 0.03296607 0.8560625 0.5158198 0.4097532 0.1111551 0.9053987 0.08901643 0.7262671 0.6816247 0.05562633 0.6041885 0.7948976 -4.95836e-5 0.5961097 0.802903 -0.3426911 0.585042 0.7350434 0.2759478 -0.03650546 0.9604791 3.58e-5 0.1069265 0.994267 6.85337e-7 0.5776894 0.8162567 -0.05560159 0.604191 0.7948974 0.553164 -0.3209136 0.7687809 0.5450016 -0.3029269 0.7817983 0.5123624 -0.3577131 0.7807216 0.4683223 -0.4172811 0.7788136 0.3800777 -0.4785664 0.7915272 0.4275635 -0.01601684 0.9038435 0.8000464 -0.2302194 0.554008 0.5125025 -0.3356398 0.7903714 0.7271312 0.1010733 0.6790173 0.2990622 0.3733437 0.8781664 0.6688162 0.3036233 0.6786 0.6239201 -0.7569931 0.194127 0.9436598 -0.2265842 0.2411761 0.8021825 -0.3313402 0.4967063 0.7479507 -0.663739 0.004501581 0.2759604 -0.9492626 -0.1508195 0.3385484 -0.9115034 -0.233552 -0.3817988 0.1718203 0.9081341 -0.9061396 0.4228353 0.01102095 0.2384102 -0.8574709 0.4559652 0.3064706 -0.4614109 0.8325718 0.1057137 -0.9938107 -0.03413212 -0.84303 -0.5321875 0.0779547 -0.7782175 -0.6005133 -0.1837424 -0.3246248 0.1565401 0.932799 -0.2294517 0.1372601 0.9635931 0.3018769 -0.9433003 0.13804 0.2509745 -0.9652418 -0.07293868 -0.2384113 -0.8574479 0.4560079 -0.3063641 -0.4613572 0.8326408 -0.1057115 -0.9938101 -0.03415656 -0.7415229 0.6669576 -0.07287824 -0.7271747 0.1010923 0.6789679 -0.6688416 0.303606 0.6785826 -0.8000896 -0.2301867 0.5539593 -0.3308819 0.6030412 0.7258502 0.04058367 0.4583747 0.8878319 -0.8377152 0.3230823 0.4402854 -0.4615113 -0.1578714 0.8729742 -0.1289721 -0.9623132 -0.2394148 -0.2495619 -0.9677479 -0.03439164 -0.2759605 -0.03646928 0.9604769 -0.08902454 0.726261 0.6816301 -0.4097391 0.1111543 0.9054053 -0.03296661 0.8560631 0.515819 -0.3922864 0.277822 0.8768845 0.1844667 0.8047678 0.5641992 -0.09882444 -0.9549833 -0.2797157 -0.3444385 -0.808167 0.4777324 0.342683 0.5850447 0.735045 -0.3735209 0.2833943 -0.8832723 -0.3735177 0.2833473 -0.8832888 -0.382574 0.2680987 -0.884172 -0.4242241 -0.8430603 -0.3305805 -0.3426802 0.5851281 0.7349799 -0.7650184 0.597795 0.2395583 0.3693566 0.01953911 0.9290824 0.468351 -0.4172177 0.7788304 -0.8744119 -0.1770373 0.4517319 -0.7485933 -0.2430495 0.6168754 0.9011601 0.3172881 0.295362 0.9173813 0.1839722 0.3529388 0.9618695 0.1783313 0.2073767 0.9492715 -0.2105299 0.2335826 0.6119284 -0.08240926 0.7866082 0.5124039 -0.3576517 0.7807224 0.7485322 -0.2430564 0.6169466 0.5143833 -0.3669331 0.7750937 -0.6119235 -0.08240061 0.7866129 -0.7485322 -0.2430582 0.6169459 -0.1334099 -0.9910192 0.009099423 0.2837755 0.3108715 -0.9071 0.9818387 -0.1605483 0.1010789 -0.3188896 0.4584615 -0.8295315</float_array>
          <technique_common>
            <accessor source="#meshId0_name-mesh-normals-array" count="582" stride="3">
              <param name="X" type="float"/>
              <param name="Y" type="float"/>
              <param name="Z" type="float"/>
            </accessor>
          </technique_common>
        </source>
        <source id="meshId0_name-mesh-map-0">
          <float_array id="meshId0_name-mesh-map-0-array" count="5280">0.46875 0.819824 0.479004 0.840332 0.498047 0.817871 0.46875 0.819824 0.463867 0.84082 0.479004 0.840332 0.454102 0.842285 0.463867 0.84082 0.46875 0.819824 0.454102 0.842285 0.447754 0.867188 0.463867 0.84082 0.453125 0.842285 0.447754 0.867188 0.454102 0.842285 0.453125 0.842285 0.443359 0.867188 0.447754 0.867188 0.454102 0.842285 0.443359 0.867188 0.453125 0.842285 0.454102 0.842285 0.447754 0.867188 0.443359 0.867188 0.463867 0.84082 0.447754 0.867188 0.454102 0.842285 0.463867 0.84082 0.457031 0.867188 0.447754 0.867188 0.473145 0.866699 0.457031 0.867188 0.463867 0.84082 0.473145 0.866699 0.452637 0.898438 0.457031 0.867188 0.470703 0.898438 0.452637 0.898438 0.473145 0.866699 0.470703 0.898438 0.452148 0.930664 0.452637 0.898438 0.470215 0.930664 0.452148 0.930664 0.470703 0.898438 0.470215 0.930664 0.458496 0.958008 0.452148 0.930664 0.473633 0.958008 0.458496 0.958008 0.470215 0.930664 0.473633 0.958008 0.46875 0.976563 0.458496 0.958008 0.47998 0.976563 0.46875 0.976563 0.473633 0.958008 0.47998 0.976563 0.490723 0.986328 0.46875 0.976563 0.497559 0.976563 0.490723 0.986328 0.47998 0.976563 0.497559 0.976563 0.509277 0.986328 0.490723 0.986328 0.514648 0.976563 0.509277 0.986328 0.497559 0.976563 0.514648 0.976563 0.532227 0.976563 0.509277 0.986328 0.547363 0.958008 0.532227 0.976563 0.514648 0.976563 0.547363 0.958008 0.561035 0.958008 0.532227 0.976563 0.570801 0.930176 0.561035 0.958008 0.547363 0.958008 0.570801 0.930176 0.564453 0.958008 0.561035 0.958008 0.574219 0.930176 0.564453 0.958008 0.570801 0.930176 0.574219 0.930176 0.561035 0.958008 0.564453 0.958008 0.570801 0.930176 0.561035 0.958008 0.574219 0.930176 0.570801 0.930176 0.547363 0.958008 0.561035 0.958008 0.555176 0.930176 0.547363 0.958008 0.570801 0.930176 0.555176 0.930176 0.522949 0.958008 0.547363 0.958008 0.526367 0.930664 0.522949 0.958008 0.555176 0.930176 0.526367 0.930664 0.498047 0.958008 0.522949 0.958008 0.499023 0.930664 0.498047 0.958008 0.526367 0.930664 0.499023 0.930664 0.473633 0.958008 0.498047 0.958008 0.470215 0.930664 0.473633 0.958008 0.499023 0.930664 0.470215 0.930664 0.458496 0.958008 0.473633 0.958008 0.452148 0.930664 0.458496 0.958008 0.470215 0.930664 0.452148 0.930664 0.450195 0.958008 0.458496 0.958008 0.442871 0.930664 0.450195 0.958008 0.452148 0.930664 0.442871 0.930664 0.438965 0.930664 0.450195 0.958008 0.438965 0.898438 0.438965 0.930664 0.442871 0.930664 0.438965 0.898438 0.442871 0.898438 0.438965 0.930664 0.447754 0.867188 0.442871 0.898438 0.438965 0.898438 0.447754 0.867188 0.457031 0.867188 0.442871 0.898438 0.452637 0.898438 0.442871 0.898438 0.457031 0.867188 0.452637 0.898438 0.442871 0.930664 0.442871 0.898438 0.452148 0.930664 0.442871 0.930664 0.452637 0.898438 0.452148 0.930664 0.450195 0.958008 0.442871 0.930664 0.458496 0.958008 0.450195 0.958008 0.452148 0.930664 0.458496 0.958008 0.462891 0.976563 0.450195 0.958008 0.46875 0.976563 0.462891 0.976563 0.458496 0.958008 0.46875 0.976563 0.477051 0.986816 0.462891 0.976563 0.490723 0.986328 0.477051 0.986816 0.46875 0.976563 0.490723 0.986328 0.495605 0.990723 0.477051 0.986816 0.509277 0.986328 0.495605 0.990723 0.490723 0.986328 0.509277 0.986328 0.523438 0.986328 0.495605 0.990723 0.532227 0.976563 0.523438 0.986328 0.509277 0.986328 0.532227 0.976563 0.541992 0.976563 0.523438 0.986328 0.561035 0.958008 0.541992 0.976563 0.532227 0.976563 0.561035 0.958008 0.54541 0.976563 0.541992 0.976563 0.564453 0.958008 0.54541 0.976563 0.561035 0.958008 0.564453 0.958008 0.541992 0.976563 0.54541 0.976563 0.561035 0.958008 0.541992 0.976563 0.564453 0.958008 0.561035 0.958008 0.532227 0.976563 0.541992 0.976563 0.547363 0.958008 0.532227 0.976563 0.561035 0.958008 0.547363 0.958008 0.514648 0.976563 0.532227 0.976563 0.522949 0.958008 0.514648 0.976563 0.547363 0.958008 0.522949 0.958008 0.497559 0.976563 0.514648 0.976563 0.498047 0.958008 0.497559 0.976563 0.522949 0.958008 0.498047 0.958008 0.47998 0.976563 0.497559 0.976563 0.473633 0.958008 0.47998 0.976563 0.498047 0.958008 0.473633 0.958008 0.46875 0.976563 0.47998 0.976563 0.458496 0.958008 0.46875 0.976563 0.473633 0.958008 0.458496 0.958008 0.462891 0.976563 0.46875 0.976563 0.450195 0.958008 0.462891 0.976563 0.458496 0.958008 0.450195 0.958008 0.446289 0.958008 0.462891 0.976563 0.438965 0.930664 0.446289 0.958008 0.450195 0.958008 0.438965 0.930664 0.442871 0.930664 0.446289 0.958008 0.442871 0.898438 0.442871 0.930664 0.438965 0.930664 0.438965 0.898438 0.443359 0.867188 0.447754 0.867188 0.438965 0.898438 0.442871 0.898438 0.443359 0.867188 0.442871 0.930664 0.442871 0.898438 0.438965 0.898438 0.442871 0.930664 0.452637 0.898438 0.442871 0.898438 0.452148 0.930664 0.452637 0.898438 0.442871 0.930664 0.452148 0.930664 0.470703 0.898438 0.452637 0.898438 0.470215 0.930664 0.470703 0.898438 0.452148 0.930664 0.470215 0.930664 0.499512 0.898438 0.470703 0.898438 0.499023 0.930664 0.499512 0.898438 0.470215 0.930664 0.499023 0.930664 0.527344 0.898926 0.499512 0.898438 0.526367 0.930664 0.527344 0.898926 0.499023 0.930664 0.526367 0.930664 0.556152 0.898438 0.527344 0.898926 0.555176 0.930176 0.556152 0.898438 0.526367 0.930664 0.555176 0.930176 0.572754 0.898438 0.556152 0.898438 0.570801 0.930176 0.572754 0.898438 0.555176 0.930176 0.570801 0.930176 0.575684 0.898438 0.572754 0.898438 0.574219 0.930176 0.575684 0.898438 0.570801 0.930176 0.574219 0.930176 0.572754 0.898438 0.575684 0.898438 0.570801 0.930176 0.572754 0.898438 0.574219 0.930176 0.570801 0.930176 0.555176 0.930176 0.572754 0.898438 0.547363 0.958008 0.555176 0.930176 0.570801 0.930176 0.547363 0.958008 0.522949 0.958008 0.555176 0.930176 0.514648 0.976563 0.522949 0.958008 0.547363 0.958008 0.514648 0.976563 0.497559 0.976563 0.522949 0.958008 0.442871 0.898438 0.447754 0.867188 0.443359 0.867188 0.442871 0.898438 0.457031 0.867188 0.447754 0.867188 0.452637 0.898438 0.457031 0.867188 0.442871 0.898438 0.452637 0.898438 0.473145 0.866699 0.457031 0.867188 0.470703 0.898438 0.473145 0.866699 0.452637 0.898438 0.470703 0.898438 0.500488 0.866699 0.473145 0.866699 0.499512 0.898438 0.500488 0.866699 0.470703 0.898438 0.499512 0.898438 0.526367 0.866699 0.500488 0.866699 0.527344 0.898926 0.526367 0.866699 0.499512 0.898438 0.527344 0.898926 0.553223 0.866699 0.526367 0.866699 0.556152 0.898438 0.553223 0.866699 0.527344 0.898926 0.556152 0.898438 0.568359 0.866699 0.553223 0.866699 0.572754 0.898438 0.568359 0.866699 0.556152 0.898438 0.572754 0.898438 0.570313 0.866699 0.568359 0.866699 0.575684 0.898438 0.570313 0.866699 0.572754 0.898438 0.575684 0.898438 0.568359 0.866699 0.570313 0.866699 0.572754 0.898438 0.568359 0.866699 0.575684 0.898438 0.572754 0.898438 0.556152 0.898438 0.568359 0.866699 0.555176 0.930176 0.556152 0.898438 0.572754 0.898438 0.555176 0.930176 0.526367 0.930664 0.556152 0.898438 0.522949 0.958008 0.526367 0.930664 0.555176 0.930176 0.522949 0.958008 0.498047 0.958008 0.526367 0.930664 0.497559 0.976563 0.498047 0.958008 0.522949 0.958008 0.497559 0.976563 0.47998 0.976563 0.498047 0.958008 0.622559 0.878906 0.659668 0.890137 0.62207 0.940918 0.622559 0.878906 0.671875 0.820801 0.659668 0.890137 0.592773 0.820801 0.671875 0.820801 0.622559 0.878906 0.592773 0.820801 0.678711 0.739258 0.671875 0.820801 0.606934 0.68457 0.678711 0.739258 0.592773 0.820801 0.606934 0.68457 0.696777 0.691895 0.678711 0.739258 0.630371 0.663086 0.696777 0.691895 0.606934 0.68457 0.630371 0.663086 0.744141 0.666016 0.696777 0.691895 0.654785 0.623047 0.744141 0.666016 0.630371 0.663086 0.654785 0.623047 0.661621 0.579102 0.744141 0.666016 0.612305 0.599121 0.661621 0.579102 0.654785 0.623047 0.612305 0.599121 0.583008 0.532715 0.661621 0.579102 0.557617 0.591309 0.583008 0.532715 0.612305 0.599121 0.557617 0.591309 0.493164 0.514648 0.583008 0.532715 0.493164 0.584473 0.493164 0.514648 0.557617 0.591309 0.493164 0.584473 0.557617 0.591309 0.493164 0.514648 0.558105 0.614258 0.557617 0.591309 0.493164 0.584473 0.558105 0.614258 0.61377 0.620605 0.557617 0.591309 0.560059 0.657715 0.61377 0.620605 0.558105 0.614258 0.276855 0.142578 0.240723 0.147949 0.24707 0.150879 0.276855 0.142578 0.269531 0.13916 0.240723 0.147949 0.321289 0.135742 0.269531 0.13916 0.276855 0.142578 0.321289 0.135742 0.312988 0.129883 0.269531 0.13916 0.412598 0.130371 0.312988 0.129883 0.321289 0.135742 0.412598 0.130371 0.412598 0.100098 0.312988 0.129883 0.312988 0.129883 0.412598 0.100098 0.412598 0.130371 0.312988 0.129883 0.353027 0.102051 0.412598 0.100098 0.302734 0.112305 0.353027 0.102051 0.312988 0.129883 0.302734 0.112305 0.291992 0.08935546 0.353027 0.102051 0.247559 0.108398 0.291992 0.08935546 0.302734 0.112305 0.247559 0.108398 0.23291 0.08496087 0.291992 0.08935546 0.214355 0.129395 0.23291 0.08496087 0.247559 0.108398 0.214355 0.129395 0.205078 0.08740228 0.23291 0.08496087 0.203125 0.119629 0.205078 0.08740228 0.214355 0.129395 0.203125 0.119629 0.200684 0.1162109 0.205078 0.08740228 0.1855469 0.121582 0.200684 0.1162109 0.203125 0.119629 0.225098 0.06005859 0.288086 0.06298828 0.266113 0.05322265 0.225098 0.06005859 0.276855 0.142578 0.288086 0.06298828 0.200684 0.1162109 0.276855 0.142578 0.225098 0.06005859 0.200684 0.1162109 0.24707 0.150879 0.276855 0.142578 0.226563 0.162598 0.24707 0.150879 0.200684 0.1162109 0.226563 0.162598 0.222168 0.162109 0.24707 0.150879 0.212402 0.176758 0.222168 0.162109 0.226563 0.162598 0.212402 0.176758 0.200684 0.174316 0.222168 0.162109 0.213379 0.202637 0.200684 0.174316 0.212402 0.176758 0.213379 0.202637 0.187988 0.176758 0.200684 0.174316 0.183594 0.179688 0.187988 0.176758 0.213379 0.202637 0.183594 0.179688 0.175293 0.165527 0.187988 0.176758 0.1855469 0.183105 0.175293 0.165527 0.183594 0.179688 0.1855469 0.183105 0.172852 0.164063 0.175293 0.165527 0.17041 0.1362299 0.172852 0.164063 0.1855469 0.183105 0.202148 0.08447265 0.205078 0.08740228 0.200684 0.1162109 0.202148 0.08447265 0.224609 0.06689447 0.205078 0.08740228 0.225098 0.06005859 0.224609 0.06689447 0.202148 0.08447265 0.225098 0.06005859 0.259277 0.06005859 0.224609 0.06689447 0.266113 0.05322265 0.259277 0.06005859 0.225098 0.06005859 0.266113 0.05322265 0.287109 0.0703125 0.259277 0.06005859 0.288086 0.06298828 0.287109 0.0703125 0.266113 0.05322265 0.288086 0.06298828 0.310547 0.04248046 0.287109 0.0703125 0.309082 0.0390625 0.310547 0.04248046 0.288086 0.06298828 0.309082 0.0390625 0.344238 0.03076165 0.310547 0.04248046 0.345215 0.0258789 0.344238 0.03076165 0.309082 0.0390625 0.345215 0.0258789 0.387695 0.03369134 0.344238 0.03076165 0.390625 0.02880859 0.387695 0.03369134 0.345215 0.0258789 0.390625 0.02880859 0.412598 0.04199218 0.387695 0.03369134 0.200684 0.1162109 0.17041 0.1362299 0.1855469 0.121582 0.200684 0.1162109 0.226563 0.162598 0.17041 0.1362299 0.24707 0.150879 0.226563 0.162598 0.200684 0.1162109 0.24707 0.150879 0.222168 0.162109 0.226563 0.162598 0.240723 0.147949 0.222168 0.162109 0.24707 0.150879 0.240723 0.147949 0.206055 0.154785 0.222168 0.162109 0.228027 0.1386719 0.206055 0.154785 0.240723 0.147949 0.228027 0.1386719 0.193848 0.148926 0.206055 0.154785 0.214355 0.129395 0.193848 0.148926 0.228027 0.1386719 0.214355 0.129395 0.181641 0.142578 0.193848 0.148926 0.187988 0.124512 0.181641 0.142578 0.214355 0.129395 0.187988 0.124512 0.171875 0.1386719 0.181641 0.142578 0.17041 0.1362299 0.171875 0.1386719 0.187988 0.124512 0.17041 0.1362299 0.172852 0.164063 0.171875 0.1386719 0.125 0.90625 0.04638665 0.822754 0.151855 0.966797 0.125 0.90625 0.0859375 0.813965 0.04638665 0.822754 0.138184 0.81543 0.0859375 0.813965 0.125 0.90625 0.138184 0.81543 0.07226556 0.680176 0.0859375 0.813965 0.136719 0.671387 0.07226556 0.680176 0.138184 0.81543 0.136719 0.671387 0.141113 0.510742 0.07226556 0.680176 0.202148 0.671387 0.141113 0.510742 0.136719 0.671387 0.202148 0.671387 0.199707 0.506348 0.141113 0.510742 0.271973 0.51416 0.199707 0.506348 0.202148 0.671387 0.271973 0.51416 0.198242 0.399902 0.199707 0.506348 0.263184 0.421875 0.198242 0.399902 0.271973 0.51416 0.263184 0.421875 0.27002 0.373047 0.198242 0.399902 0.355469 0.415527 0.27002 0.373047 0.263184 0.421875 0.142578 0.42627 0.130859 0.380859 0.1787109 0.345215 0.142578 0.42627 0.05664056 0.500488 0.130859 0.380859 0.09667968 0.51416 0.05664056 0.500488 0.142578 0.42627 0.09667968 0.51416 0.07226556 0.680176 0.05664056 0.500488 0.141113 0.510742 0.07226556 0.680176 0.09667968 0.51416 0.141113 0.510742 0.136719 0.671387 0.07226556 0.680176 0.202148 0.671387 0.136719 0.671387 0.141113 0.510742 0.202148 0.671387 0.204102 0.82666 0.136719 0.671387 0.274902 0.827637 0.204102 0.82666 0.202148 0.671387 0.274902 0.827637 0.289551 0.917969 0.204102 0.82666 0.334473 0.828613 0.289551 0.917969 0.274902 0.827637 0.334473 0.828613 0.40332 0.858398 0.289551 0.917969 0.407715 0.690918 0.40332 0.858398 0.334473 0.828613 0.659668 0.890137 0.622559 0.878906 0.62207 0.940918 0.659668 0.890137 0.671875 0.820801 0.622559 0.878906 0.766602 0.863281 0.671875 0.820801 0.659668 0.890137 0.766602 0.863281 0.678711 0.739258 0.671875 0.820801 0.772461 0.765137 0.678711 0.739258 0.766602 0.863281 0.772461 0.765137 0.696777 0.691895 0.678711 0.739258 0.744141 0.666016 0.696777 0.691895 0.772461 0.765137 0.744141 0.666016 0.630371 0.663086 0.696777 0.691895 0.654785 0.623047 0.630371 0.663086 0.744141 0.666016 0.654785 0.623047 0.615723 0.661621 0.630371 0.663086 0.61377 0.620605 0.615723 0.661621 0.654785 0.623047 0.61377 0.620605 0.60498 0.659668 0.615723 0.661621 0.560059 0.657715 0.60498 0.659668 0.61377 0.620605 0.269531 0.13916 0.228027 0.1386719 0.240723 0.147949 0.269531 0.13916 0.259766 0.125977 0.228027 0.1386719 0.312988 0.129883 0.259766 0.125977 0.269531 0.13916 0.312988 0.129883 0.302734 0.112305 0.259766 0.125977 0.353027 0.102051 0.302734 0.112305 0.312988 0.129883 0.353027 0.102051 0.291992 0.08935546 0.302734 0.112305 0.34668 0.07568359 0.291992 0.08935546 0.353027 0.102051 0.34668 0.07568359 0.344727 0.05224609 0.291992 0.08935546 0.412598 0.0727539 0.344727 0.05224609 0.34668 0.07568359 0.412598 0.0727539 0.387695 0.03369134 0.344727 0.05224609 0.412598 0.05029296 0.387695 0.03369134 0.412598 0.0727539 0.412598 0.05029296 0.412598 0.04199218 0.387695 0.03369134 0.387695 0.03369134 0.412598 0.04199218 0.412598 0.05029296 0.263184 0.421875 0.395996 0.520508 0.355469 0.415527 0.263184 0.421875 0.324707 0.523438 0.395996 0.520508 0.271973 0.51416 0.324707 0.523438 0.263184 0.421875 0.271973 0.51416 0.275879 0.675781 0.324707 0.523438 0.202148 0.671387 0.275879 0.675781 0.271973 0.51416 0.202148 0.671387 0.274902 0.827637 0.275879 0.675781 0.204102 0.82666 0.274902 0.827637 0.202148 0.671387 0.204102 0.82666 0.289551 0.917969 0.274902 0.827637 0.21582 0.9375 0.289551 0.917969 0.204102 0.82666 0.21582 0.9375 0.338379 0.998047 0.289551 0.917969 0.2480469 0.998047 0.338379 0.998047 0.21582 0.9375 0.187988 0.124512 0.1855469 0.121582 0.17041 0.1362299 0.187988 0.124512 0.203125 0.119629 0.1855469 0.121582 0.214355 0.129395 0.203125 0.119629 0.187988 0.124512 0.214355 0.129395 0.205078 0.08740228 0.203125 0.119629 0.23291 0.08496087 0.205078 0.08740228 0.214355 0.129395 0.23291 0.08496087 0.224609 0.06689447 0.205078 0.08740228 0.259277 0.06005859 0.224609 0.06689447 0.23291 0.08496087 0.259277 0.06005859 0.225098 0.06005859 0.224609 0.06689447 0.266113 0.05322265 0.225098 0.06005859 0.259277 0.06005859 0.694824 0.975586 0.672852 0.961914 0.694824 0.961914 0.694824 0.975586 0.672852 0.975586 0.672852 0.961914 0.704102 0.979004 0.672852 0.975586 0.694824 0.975586 0.704102 0.979004 0.672852 0.981934 0.672852 0.975586 0.672852 0.98877 0.672852 0.981934 0.704102 0.979004 0.672852 0.98877 0.704102 0.979004 0.672852 0.981934 0.766602 0.98877 0.704102 0.979004 0.672852 0.98877 0.766602 0.98877 0.716797 0.979004 0.704102 0.979004 0.722168 0.977051 0.716797 0.979004 0.766602 0.98877 0.493164 0.514648 0.589355 0.484375 0.583008 0.532715 0.493164 0.514648 0.493164 0.46875 0.589355 0.484375 0.589355 0.484375 0.493164 0.46875 0.493164 0.514648 0.589355 0.484375 0.493164 0.440918 0.493164 0.46875 0.600098 0.458496 0.493164 0.440918 0.589355 0.484375 0.600098 0.458496 0.493164 0.428223 0.493164 0.440918 0.608398 0.449219 0.493164 0.428223 0.600098 0.458496 0.608398 0.449219 0.493164 0.422852 0.493164 0.428223 0.611816 0.442871 0.493164 0.422852 0.608398 0.449219 0.744141 0.666016 0.772461 0.765137 0.696777 0.691895 0.744141 0.666016 0.84375 0.782715 0.772461 0.765137 0.802246 0.669922 0.84375 0.782715 0.744141 0.666016 0.802246 0.669922 0.904785 0.794434 0.84375 0.782715 0.859375 0.66748 0.904785 0.794434 0.802246 0.669922 0.859375 0.66748 0.943359 0.801758 0.904785 0.794434 0.898926 0.67334 0.943359 0.801758 0.859375 0.66748 0.898926 0.67334 0.959961 0.801758 0.943359 0.801758 0.919434 0.677734 0.959961 0.801758 0.898926 0.67334 0.06982415 0.195313 0.02978515 0.163574 0.07470697 0.192383 0.06982415 0.195313 0.0571289 0.199707 0.02978515 0.163574 0.108398 0.219238 0.0571289 0.199707 0.06982415 0.195313 0.108398 0.219238 0.09570306 0.2324219 0.0571289 0.199707 0.1542969 0.241699 0.09570306 0.2324219 0.108398 0.219238 0.1542969 0.241699 0.141602 0.263184 0.09570306 0.2324219 0.208496 0.251953 0.141602 0.263184 0.1542969 0.241699 0.208496 0.251953 0.199707 0.277344 0.141602 0.263184 0.267578 0.252441 0.199707 0.277344 0.208496 0.251953 0.568359 0.866699 0.568848 0.859375 0.570313 0.866699 0.568359 0.866699 0.543457 0.830566 0.568848 0.859375 0.553223 0.866699 0.543457 0.830566 0.568359 0.866699 0.553223 0.866699 0.525391 0.841309 0.543457 0.830566 0.526367 0.866699 0.525391 0.841309 0.553223 0.866699 0.526367 0.866699 0.500488 0.866699 0.525391 0.841309 0.499512 0.898438 0.500488 0.866699 0.526367 0.866699 0.499512 0.898438 0.470703 0.898438 0.500488 0.866699 0.470215 0.930664 0.470703 0.898438 0.499512 0.898438 0.1855469 0.183105 0.172852 0.164063 0.17041 0.1362299 0.1855469 0.183105 0.175293 0.165527 0.172852 0.164063 0.183594 0.179688 0.175293 0.165527 0.1855469 0.183105 0.183594 0.179688 0.187988 0.176758 0.175293 0.165527 0.213379 0.202637 0.187988 0.176758 0.183594 0.179688 0.213379 0.202637 0.200684 0.174316 0.187988 0.176758 0.212402 0.176758 0.200684 0.174316 0.213379 0.202637 0.212402 0.176758 0.222168 0.162109 0.200684 0.174316 0.226563 0.162598 0.222168 0.162109 0.212402 0.176758 0.21582 0.9375 0.204102 0.82666 0.289551 0.917969 0.21582 0.9375 0.138184 0.81543 0.204102 0.82666 0.125 0.90625 0.138184 0.81543 0.21582 0.9375 0.125 0.90625 0.0859375 0.813965 0.138184 0.81543 0.04638665 0.822754 0.0859375 0.813965 0.125 0.90625 0.04638665 0.822754 0.07226556 0.680176 0.0859375 0.813965 0.03027337 0.674805 0.07226556 0.680176 0.04638665 0.822754 0.03027337 0.674805 0.05664056 0.500488 0.07226556 0.680176 0.142578 0.42627 0.141113 0.510742 0.09667968 0.51416 0.142578 0.42627 0.199707 0.506348 0.141113 0.510742 0.198242 0.399902 0.199707 0.506348 0.142578 0.42627 0.198242 0.399902 0.271973 0.51416 0.199707 0.506348 0.263184 0.421875 0.271973 0.51416 0.198242 0.399902 0.263184 0.421875 0.324707 0.523438 0.271973 0.51416 0.395996 0.520508 0.324707 0.523438 0.263184 0.421875 0.395996 0.520508 0.407715 0.690918 0.324707 0.523438 0.560547 0.328613 0.560547 0.245117 0.529785 0.328613 0.560547 0.328613 0.529785 0.245117 0.560547 0.245117 0.529785 0.328613 0.529785 0.245117 0.560547 0.328613 0.529785 0.328613 0.441406 0.245117 0.529785 0.245117 0.441406 0.328613 0.441406 0.245117 0.529785 0.328613 0.441406 0.328613 0.377441 0.245117 0.441406 0.245117 0.377441 0.328613 0.377441 0.245117 0.441406 0.328613 0.377441 0.328613 0.441406 0.328613 0.377441 0.245117 0.115234 0.211914 0.06982415 0.195313 0.07470697 0.192383 0.115234 0.211914 0.108398 0.219238 0.06982415 0.195313 0.157715 0.2299799 0.108398 0.219238 0.115234 0.211914 0.157715 0.2299799 0.1542969 0.241699 0.108398 0.219238 0.206055 0.238281 0.1542969 0.241699 0.157715 0.2299799 0.206055 0.238281 0.208496 0.251953 0.1542969 0.241699 0.26123 0.239258 0.208496 0.251953 0.206055 0.238281 0.26123 0.239258 0.267578 0.252441 0.208496 0.251953 0.84375 0.782715 0.744141 0.666016 0.772461 0.765137 0.84375 0.782715 0.802246 0.669922 0.744141 0.666016 0.904785 0.794434 0.802246 0.669922 0.84375 0.782715 0.904785 0.794434 0.859375 0.66748 0.802246 0.669922 0.943359 0.801758 0.859375 0.66748 0.904785 0.794434 0.943359 0.801758 0.898926 0.67334 0.859375 0.66748 0.959961 0.801758 0.898926 0.67334 0.943359 0.801758 0.959961 0.801758 0.919434 0.677734 0.898926 0.67334 0.477051 0.986816 0.46875 0.976563 0.462891 0.976563 0.477051 0.986816 0.490723 0.986328 0.46875 0.976563 0.495605 0.990723 0.490723 0.986328 0.477051 0.986816 0.495605 0.990723 0.509277 0.986328 0.490723 0.986328 0.523438 0.986328 0.509277 0.986328 0.495605 0.990723 0.523438 0.986328 0.532227 0.976563 0.509277 0.986328 0.541992 0.976563 0.532227 0.976563 0.523438 0.986328 0.61377 0.620605 0.612305 0.599121 0.654785 0.623047 0.61377 0.620605 0.557617 0.591309 0.612305 0.599121 0.558105 0.614258 0.557617 0.591309 0.61377 0.620605 0.558105 0.614258 0.493164 0.584473 0.557617 0.591309 0.493164 0.61084 0.493164 0.584473 0.558105 0.614258 0.493164 0.61084 0.558105 0.614258 0.493164 0.584473 0.560059 0.657715 0.558105 0.614258 0.493164 0.61084 0.06982415 0.195313 0.07470697 0.192383 0.02978515 0.163574 0.06982415 0.195313 0.115234 0.211914 0.07470697 0.192383 0.108398 0.219238 0.115234 0.211914 0.06982415 0.195313 0.108398 0.219238 0.157715 0.2299799 0.115234 0.211914 0.1542969 0.241699 0.157715 0.2299799 0.108398 0.219238 0.1542969 0.241699 0.206055 0.238281 0.157715 0.2299799 0.208496 0.251953 0.206055 0.238281 0.1542969 0.241699 0.67041 0.547363 0.600098 0.458496 0.589355 0.484375 0.67041 0.547363 0.682617 0.525391 0.600098 0.458496 0.70459 0.537109 0.682617 0.525391 0.67041 0.547363 0.70459 0.537109 0.695801 0.509277 0.682617 0.525391 0.740723 0.528809 0.695801 0.509277 0.70459 0.537109 0.740723 0.528809 0.747559 0.523438 0.695801 0.509277 0.834473 0.583496 0.747559 0.523438 0.740723 0.528809 0.742676 0.591797 0.802246 0.669922 0.744141 0.666016 0.742676 0.591797 0.793457 0.585449 0.802246 0.669922 0.70459 0.537109 0.793457 0.585449 0.742676 0.591797 0.70459 0.537109 0.740723 0.528809 0.793457 0.585449 0.695801 0.509277 0.740723 0.528809 0.70459 0.537109 0.695801 0.509277 0.747559 0.523438 0.740723 0.528809 0.700195 0.503418 0.747559 0.523438 0.695801 0.509277 0.214355 0.129395 0.187988 0.124512 0.203125 0.119629 0.214355 0.129395 0.181641 0.142578 0.187988 0.124512 0.193848 0.148926 0.181641 0.142578 0.214355 0.129395 0.193848 0.148926 0.187988 0.176758 0.181641 0.142578 0.206055 0.154785 0.187988 0.176758 0.193848 0.148926 0.206055 0.154785 0.200684 0.174316 0.187988 0.176758 0.222168 0.162109 0.200684 0.174316 0.206055 0.154785 0.54248 0.68457 0.536621 0.65625 0.602539 0.65918 0.54248 0.68457 0.493164 0.647949 0.536621 0.65625 0.493164 0.676758 0.493164 0.647949 0.54248 0.68457 0.493164 0.676758 0.54248 0.68457 0.493164 0.647949 0.493164 0.75293 0.54248 0.68457 0.493164 0.676758 0.493164 0.75293 0.592773 0.820801 0.54248 0.68457 0.321289 0.135742 0.312988 0.129883 0.412598 0.130371 0.321289 0.135742 0.269531 0.13916 0.312988 0.129883 0.276855 0.142578 0.269531 0.13916 0.321289 0.135742 0.276855 0.142578 0.240723 0.147949 0.269531 0.13916 0.24707 0.150879 0.240723 0.147949 0.276855 0.142578 0.24707 0.150879 0.222168 0.162109 0.240723 0.147949 0.473145 0.866699 0.479004 0.840332 0.463867 0.84082 0.473145 0.866699 0.502441 0.839844 0.479004 0.840332 0.500488 0.866699 0.502441 0.839844 0.473145 0.866699 0.500488 0.866699 0.525391 0.841309 0.502441 0.839844 0.526367 0.866699 0.525391 0.841309 0.500488 0.866699 0.526367 0.866699 0.553223 0.866699 0.525391 0.841309 0.502441 0.839844 0.498047 0.817871 0.479004 0.840332 0.502441 0.839844 0.521484 0.820313 0.498047 0.817871 0.525391 0.841309 0.521484 0.820313 0.502441 0.839844 0.525391 0.841309 0.543457 0.830566 0.521484 0.820313 0.553223 0.866699 0.543457 0.830566 0.525391 0.841309 0.553223 0.866699 0.568359 0.866699 0.543457 0.830566 0.1542969 0.241699 0.141602 0.263184 0.208496 0.251953 0.1542969 0.241699 0.09570306 0.2324219 0.141602 0.263184 0.108398 0.219238 0.09570306 0.2324219 0.1542969 0.241699 0.108398 0.219238 0.0571289 0.199707 0.09570306 0.2324219 0.06982415 0.195313 0.0571289 0.199707 0.108398 0.219238 0.06982415 0.195313 0.02978515 0.163574 0.0571289 0.199707 0.40332 0.858398 0.289551 0.917969 0.338379 0.998047 0.40332 0.858398 0.334473 0.828613 0.289551 0.917969 0.407715 0.690918 0.334473 0.828613 0.40332 0.858398 0.407715 0.690918 0.343262 0.681641 0.334473 0.828613 0.324707 0.523438 0.343262 0.681641 0.407715 0.690918 0.324707 0.523438 0.275879 0.675781 0.343262 0.681641 0.493164 0.440918 0.589355 0.484375 0.493164 0.46875 0.493164 0.440918 0.600098 0.458496 0.589355 0.484375 0.493164 0.428223 0.600098 0.458496 0.493164 0.440918 0.493164 0.428223 0.608398 0.449219 0.600098 0.458496 0.493164 0.422852 0.608398 0.449219 0.493164 0.428223 0.493164 0.422852 0.611816 0.442871 0.608398 0.449219 0.695801 0.509277 0.611816 0.442871 0.700195 0.503418 0.695801 0.509277 0.608398 0.449219 0.611816 0.442871 0.682617 0.525391 0.608398 0.449219 0.695801 0.509277 0.682617 0.525391 0.600098 0.458496 0.608398 0.449219 0.67041 0.547363 0.600098 0.458496 0.682617 0.525391 0.67041 0.547363 0.589355 0.484375 0.600098 0.458496 0.450195 0.958008 0.446289 0.958008 0.442871 0.930664 0.450195 0.958008 0.458984 0.976563 0.446289 0.958008 0.462891 0.976563 0.458984 0.976563 0.450195 0.958008 0.462891 0.976563 0.475586 0.986816 0.458984 0.976563 0.477051 0.986816 0.475586 0.986816 0.462891 0.976563 0.477051 0.986816 0.495605 0.990723 0.475586 0.986816 0.834473 0.893066 0.772461 0.765137 0.766602 0.863281 0.834473 0.893066 0.84375 0.782715 0.772461 0.765137 0.895508 0.912109 0.84375 0.782715 0.834473 0.893066 0.895508 0.912109 0.904785 0.794434 0.84375 0.782715 0.932617 0.922363 0.904785 0.794434 0.895508 0.912109 0.932617 0.922363 0.943359 0.801758 0.904785 0.794434 0.583008 0.532715 0.589355 0.484375 0.493164 0.514648 0.583008 0.532715 0.67041 0.547363 0.589355 0.484375 0.661621 0.579102 0.67041 0.547363 0.583008 0.532715 0.661621 0.579102 0.742676 0.591797 0.67041 0.547363 0.744141 0.666016 0.742676 0.591797 0.661621 0.579102 0.744141 0.666016 0.802246 0.669922 0.742676 0.591797 0.17041 0.1362299 0.200684 0.1162109 0.1855469 0.121582 0.17041 0.1362299 0.226563 0.162598 0.200684 0.1162109 0.1855469 0.183105 0.226563 0.162598 0.17041 0.1362299 0.1855469 0.183105 0.217773 0.17627 0.226563 0.162598 0.213379 0.202637 0.217773 0.17627 0.1855469 0.183105 0.213379 0.202637 0.212402 0.176758 0.217773 0.17627 0.309082 0.0390625 0.390625 0.02880859 0.345215 0.0258789 0.309082 0.0390625 0.412598 0.04199218 0.390625 0.02880859 0.288086 0.06298828 0.412598 0.04199218 0.309082 0.0390625 0.288086 0.06298828 0.412598 0.130371 0.412598 0.04199218 0.321289 0.135742 0.412598 0.130371 0.288086 0.06298828 0.662109 0.0180664 0.649414 0.0727539 0.533203 0.01855468 0.662109 0.0180664 0.773926 0.06689447 0.649414 0.0727539 0.781738 0.01464837 0.773926 0.06689447 0.662109 0.0180664 0.781738 0.01464837 0.808105 0.06445306 0.773926 0.06689447 0.81543 0.006347656 0.808105 0.06445306 0.781738 0.01464837 0.694824 0.961914 0.684082 0.955566 0.694824 0.955566 0.694824 0.961914 0.672852 0.955566 0.684082 0.955566 0.672852 0.961914 0.672852 0.955566 0.694824 0.961914 0.672852 0.961914 0.694824 0.961914 0.672852 0.955566 0.694824 0.975586 0.694824 0.961914 0.672852 0.961914 0.04882806 0.20459 0.0571289 0.199707 0.02978515 0.163574 0.04882806 0.20459 0.09570306 0.2324219 0.0571289 0.199707 0.08300775 0.245605 0.09570306 0.2324219 0.04882806 0.20459 0.08300775 0.245605 0.141602 0.263184 0.09570306 0.2324219 0.128418 0.28418 0.141602 0.263184 0.08300775 0.245605 0.291992 0.08935546 0.259277 0.06005859 0.23291 0.08496087 0.291992 0.08935546 0.287109 0.0703125 0.259277 0.06005859 0.310547 0.04248046 0.287109 0.0703125 0.291992 0.08935546 0.310547 0.04248046 0.288086 0.06298828 0.287109 0.0703125 0.309082 0.0390625 0.288086 0.06298828 0.310547 0.04248046 0.802246 0.142578 0.808105 0.06445306 0.773926 0.06689447 0.802246 0.142578 0.874023 0.05615228 0.808105 0.06445306 0.869141 0.142578 0.874023 0.05615228 0.802246 0.142578 0.869141 0.142578 0.992676 0.05078125 0.874023 0.05615228 0.992676 0.133789 0.992676 0.05078125 0.869141 0.142578 0.525391 0.841309 0.521484 0.820313 0.543457 0.830566 0.525391 0.841309 0.502441 0.839844 0.521484 0.820313 0.500488 0.866699 0.502441 0.839844 0.525391 0.841309 0.500488 0.866699 0.473145 0.866699 0.502441 0.839844 0.470703 0.898438 0.473145 0.866699 0.500488 0.866699 0.661621 0.579102 0.654785 0.623047 0.744141 0.666016 0.661621 0.579102 0.612305 0.599121 0.654785 0.623047 0.583008 0.532715 0.612305 0.599121 0.661621 0.579102 0.583008 0.532715 0.557617 0.591309 0.612305 0.599121 0.493164 0.514648 0.557617 0.591309 0.583008 0.532715 0.202148 0.08447265 0.224609 0.06689447 0.225098 0.06005859 0.202148 0.08447265 0.205078 0.08740228 0.224609 0.06689447 0.200684 0.1162109 0.205078 0.08740228 0.202148 0.08447265 0.200684 0.1162109 0.203125 0.119629 0.205078 0.08740228 0.1855469 0.121582 0.203125 0.119629 0.200684 0.1162109 0.142578 0.42627 0.199707 0.506348 0.198242 0.399902 0.142578 0.42627 0.141113 0.510742 0.199707 0.506348 0.09667968 0.51416 0.141113 0.510742 0.142578 0.42627 0.09667968 0.51416 0.07226556 0.680176 0.141113 0.510742 0.05664056 0.500488 0.07226556 0.680176 0.09667968 0.51416 0.54248 0.68457 0.536621 0.65625 0.493164 0.647949 0.54248 0.68457 0.602539 0.65918 0.536621 0.65625 0.606934 0.68457 0.602539 0.65918 0.54248 0.68457 0.606934 0.68457 0.630371 0.663086 0.602539 0.65918 0.696777 0.691895 0.630371 0.663086 0.606934 0.68457 0.490723 0.986328 0.47998 0.976563 0.46875 0.976563 0.490723 0.986328 0.497559 0.976563 0.47998 0.976563 0.509277 0.986328 0.497559 0.976563 0.490723 0.986328 0.509277 0.986328 0.514648 0.976563 0.497559 0.976563 0.532227 0.976563 0.514648 0.976563 0.509277 0.986328 0.556152 0.898438 0.553223 0.866699 0.568359 0.866699 0.556152 0.898438 0.527344 0.898926 0.553223 0.866699 0.526367 0.930664 0.527344 0.898926 0.556152 0.898438 0.526367 0.930664 0.499023 0.930664 0.527344 0.898926 0.498047 0.958008 0.499023 0.930664 0.526367 0.930664 0.768066 0.961914 0.722656 0.961914 0.722656 0.975586 0.768066 0.961914 0.722656 0.94873 0.722656 0.961914 0.768066 0.94873 0.722656 0.94873 0.768066 0.961914 0.768066 0.94873 0.722656 0.946289 0.722656 0.94873 0.768066 0.946289 0.722656 0.946289 0.768066 0.94873 0.263184 0.421875 0.355469 0.415527 0.395996 0.520508 0.263184 0.421875 0.27002 0.373047 0.355469 0.415527 0.198242 0.399902 0.27002 0.373047 0.263184 0.421875 0.198242 0.399902 0.1787109 0.345215 0.27002 0.373047 0.142578 0.42627 0.1787109 0.345215 0.198242 0.399902 0.225098 0.06005859 0.200684 0.1162109 0.202148 0.08447265 0.225098 0.06005859 0.276855 0.142578 0.200684 0.1162109 0.288086 0.06298828 0.276855 0.142578 0.225098 0.06005859 0.288086 0.06298828 0.321289 0.135742 0.276855 0.142578 0.412598 0.130371 0.321289 0.135742 0.288086 0.06298828 0.772461 0.765137 0.678711 0.739258 0.696777 0.691895 0.772461 0.765137 0.766602 0.863281 0.678711 0.739258 0.834473 0.893066 0.766602 0.863281 0.772461 0.765137 0.834473 0.893066 0.737793 0.930664 0.766602 0.863281 0.817383 0.961426 0.737793 0.930664 0.834473 0.893066 0.412598 0.0727539 0.387695 0.03369134 0.412598 0.05029296 0.412598 0.0727539 0.344727 0.05224609 0.387695 0.03369134 0.34668 0.07568359 0.344727 0.05224609 0.412598 0.0727539 0.34668 0.07568359 0.291992 0.08935546 0.344727 0.05224609 0.353027 0.102051 0.291992 0.08935546 0.34668 0.07568359 0.46875 0.819824 0.463867 0.84082 0.454102 0.842285 0.46875 0.819824 0.479004 0.840332 0.463867 0.84082 0.498047 0.817871 0.479004 0.840332 0.46875 0.819824 0.498047 0.817871 0.502441 0.839844 0.479004 0.840332 0.521484 0.820313 0.502441 0.839844 0.498047 0.817871 0.793457 0.585449 0.859375 0.66748 0.802246 0.669922 0.793457 0.585449 0.898926 0.67334 0.859375 0.66748 0.828125 0.586426 0.898926 0.67334 0.793457 0.585449 0.828125 0.586426 0.919434 0.677734 0.898926 0.67334 0.834473 0.583496 0.919434 0.677734 0.828125 0.586426 0.175293 0.165527 0.171875 0.1386719 0.172852 0.164063 0.175293 0.165527 0.181641 0.142578 0.171875 0.1386719 0.187988 0.176758 0.181641 0.142578 0.175293 0.165527 0.187988 0.176758 0.193848 0.148926 0.181641 0.142578 0.206055 0.154785 0.193848 0.148926 0.187988 0.176758 0.737793 0.930664 0.766602 0.863281 0.659668 0.890137 0.737793 0.930664 0.834473 0.893066 0.766602 0.863281 0.817383 0.961426 0.834473 0.893066 0.737793 0.930664 0.817383 0.961426 0.8750001 0.979004 0.834473 0.893066 0.606934 0.68457 0.602539 0.65918 0.630371 0.663086 0.606934 0.68457 0.54248 0.68457 0.602539 0.65918 0.592773 0.820801 0.54248 0.68457 0.606934 0.68457 0.592773 0.820801 0.493164 0.75293 0.54248 0.68457 0.615723 0.661621 0.654785 0.623047 0.630371 0.663086 0.615723 0.661621 0.61377 0.620605 0.654785 0.623047 0.60498 0.659668 0.61377 0.620605 0.615723 0.661621 0.60498 0.659668 0.560059 0.657715 0.61377 0.620605 0.560059 0.657715 0.558105 0.614258 0.61377 0.620605 0.560059 0.657715 0.493164 0.61084 0.558105 0.614258 0.493164 0.651367 0.493164 0.61084 0.560059 0.657715 0.493164 0.651367 0.560059 0.657715 0.493164 0.61084 0.458984 0.976563 0.462891 0.976563 0.446289 0.958008 0.458984 0.976563 0.477051 0.986816 0.462891 0.976563 0.475586 0.986816 0.477051 0.986816 0.458984 0.976563 0.475586 0.986816 0.495605 0.990723 0.477051 0.986816 0.004882752 0.08105468 0.03222656 0.003417968 0.004882752 0.003417968 0.004882752 0.08105468 0.03222656 0.08105468 0.03222656 0.003417968 0.004882752 0.104492 0.03222656 0.08105468 0.004882752 0.08105468 0.004882752 0.104492 0.03222656 0.104492 0.03222656 0.08105468 0.259766 0.125977 0.214355 0.129395 0.228027 0.1386719 0.259766 0.125977 0.247559 0.108398 0.214355 0.129395 0.302734 0.112305 0.247559 0.108398 0.259766 0.125977 0.302734 0.112305 0.291992 0.08935546 0.247559 0.108398 0.742676 0.591797 0.70459 0.537109 0.67041 0.547363 0.742676 0.591797 0.793457 0.585449 0.70459 0.537109 0.802246 0.669922 0.793457 0.585449 0.742676 0.591797 0.802246 0.669922 0.859375 0.66748 0.793457 0.585449 0.898926 0.67334 0.793457 0.585449 0.859375 0.66748 0.898926 0.67334 0.828125 0.586426 0.793457 0.585449 0.919434 0.677734 0.828125 0.586426 0.898926 0.67334 0.919434 0.677734 0.834473 0.583496 0.828125 0.586426 0.523438 0.986328 0.54541 0.976563 0.541992 0.976563 0.523438 0.986328 0.526855 0.986328 0.54541 0.976563 0.495605 0.990723 0.526855 0.986328 0.523438 0.986328 0.495605 0.990723 0.523438 0.986328 0.526855 0.986328 0.04443359 0.207031 0.04882806 0.20459 0.02978515 0.163574 0.04443359 0.207031 0.08300775 0.245605 0.04882806 0.20459 0.07617187 0.252441 0.08300775 0.245605 0.04443359 0.207031 0.07617187 0.252441 0.128418 0.28418 0.08300775 0.245605 0.04882806 0.20459 0.04443359 0.207031 0.02978515 0.163574 0.04882806 0.20459 0.08300775 0.245605 0.04443359 0.207031 0.09570306 0.2324219 0.08300775 0.245605 0.04882806 0.20459 0.09570306 0.2324219 0.141602 0.263184 0.08300775 0.245605 0.08300775 0.245605 0.07617187 0.252441 0.04443359 0.207031 0.08300775 0.245605 0.128418 0.28418 0.07617187 0.252441 0.141602 0.263184 0.128418 0.28418 0.08300775 0.245605 0.141602 0.263184 0.199707 0.277344 0.128418 0.28418 0.310547 0.04248046 0.291992 0.08935546 0.287109 0.0703125 0.310547 0.04248046 0.344727 0.05224609 0.291992 0.08935546 0.344238 0.03076165 0.344727 0.05224609 0.310547 0.04248046 0.344238 0.03076165 0.387695 0.03369134 0.344727 0.05224609 0.834473 0.893066 0.8750001 0.979004 0.817383 0.961426 0.834473 0.893066 0.895508 0.912109 0.8750001 0.979004 0.84375 0.782715 0.895508 0.912109 0.834473 0.893066 0.84375 0.782715 0.904785 0.794434 0.895508 0.912109 0.895508 0.912109 0.905273 0.98584 0.8750001 0.979004 0.895508 0.912109 0.932617 0.922363 0.905273 0.98584 0.904785 0.794434 0.932617 0.922363 0.895508 0.912109 0.904785 0.794434 0.943359 0.801758 0.932617 0.922363 0.529785 0.245117 0.529785 0.328613 0.560547 0.245117 0.529785 0.245117 0.493164 0.328613 0.529785 0.328613 0.493164 0.245117 0.493164 0.328613 0.529785 0.245117 0.493164 0.245117 0.441406 0.245117 0.493164 0.328613 0.455078 0.824707 0.453125 0.842285 0.454102 0.842285 0.455078 0.824707 0.454102 0.842285 0.453125 0.842285 0.458008 0.822266 0.454102 0.842285 0.455078 0.824707 0.458008 0.822266 0.46875 0.819824 0.454102 0.842285 0.441406 0.245117 0.441406 0.328613 0.493164 0.328613 0.441406 0.245117 0.377441 0.328613 0.441406 0.328613 0.377441 0.245117 0.377441 0.328613 0.441406 0.245117 0.377441 0.245117 0.441406 0.245117 0.377441 0.328613 0.343262 0.681641 0.324707 0.523438 0.407715 0.690918 0.343262 0.681641 0.275879 0.675781 0.324707 0.523438 0.334473 0.828613 0.275879 0.675781 0.343262 0.681641 0.334473 0.828613 0.274902 0.827637 0.275879 0.675781 0.338379 0.998047 0.289551 0.917969 0.40332 0.858398 0.338379 0.998047 0.21582 0.9375 0.289551 0.917969 0.2480469 0.998047 0.21582 0.9375 0.338379 0.998047 0.2480469 0.998047 0.151855 0.966797 0.21582 0.9375 0.722656 0.94873 0.766602 0.961914 0.722656 0.961914 0.722656 0.94873 0.768066 0.94873 0.766602 0.961914 0.722656 0.946289 0.768066 0.94873 0.722656 0.94873 0.722656 0.946289 0.768066 0.946289 0.768066 0.94873 0.156738 0.08105468 0.184082 0.003417968 0.156738 0.003417968 0.156738 0.08105468 0.184082 0.08105468 0.184082 0.003417968 0.156738 0.104492 0.184082 0.08105468 0.156738 0.08105468 0.156738 0.104492 0.184082 0.104492 0.184082 0.08105468 0.1787109 0.345215 0.198242 0.399902 0.27002 0.373047 0.1787109 0.345215 0.142578 0.42627 0.198242 0.399902 0.130859 0.380859 0.142578 0.42627 0.1787109 0.345215 0.130859 0.380859 0.05664056 0.500488 0.142578 0.42627 0.118652 0.08105468 0.156738 0.003417968 0.118652 0.003417968 0.118652 0.08105468 0.156738 0.08105468 0.156738 0.003417968 0.118652 0.104492 0.156738 0.08105468 0.118652 0.08105468 0.118652 0.104492 0.156738 0.104492 0.156738 0.08105468 0.175293 0.165527 0.181641 0.142578 0.187988 0.176758 0.175293 0.165527 0.171875 0.1386719 0.181641 0.142578 0.172852 0.164063 0.171875 0.1386719 0.175293 0.165527 0.172852 0.164063 0.17041 0.1362299 0.171875 0.1386719 0.206055 0.154785 0.240723 0.147949 0.222168 0.162109 0.206055 0.154785 0.228027 0.1386719 0.240723 0.147949 0.193848 0.148926 0.228027 0.1386719 0.206055 0.154785 0.193848 0.148926 0.214355 0.129395 0.228027 0.1386719 0.228027 0.1386719 0.269531 0.13916 0.240723 0.147949 0.228027 0.1386719 0.259766 0.125977 0.269531 0.13916 0.214355 0.129395 0.259766 0.125977 0.228027 0.1386719 0.214355 0.129395 0.247559 0.108398 0.259766 0.125977 0.344727 0.05224609 0.310547 0.04248046 0.291992 0.08935546 0.344727 0.05224609 0.344238 0.03076165 0.310547 0.04248046 0.387695 0.03369134 0.344238 0.03076165 0.344727 0.05224609 0.387695 0.03369134 0.345215 0.0258789 0.344238 0.03076165 0.0703125 0.08105468 0.118652 0.003417968 0.0703125 0.003417968 0.0703125 0.08105468 0.118652 0.08105468 0.118652 0.003417968 0.0703125 0.104492 0.118652 0.08105468 0.0703125 0.08105468 0.0703125 0.104492 0.118652 0.104492 0.118652 0.08105468 0.1855469 0.183105 0.213379 0.202637 0.183594 0.179688 0.1855469 0.183105 0.217773 0.17627 0.213379 0.202637 0.226563 0.162598 0.217773 0.17627 0.1855469 0.183105 0.226563 0.162598 0.212402 0.176758 0.217773 0.17627 0.473633 0.958008 0.498047 0.958008 0.47998 0.976563 0.473633 0.958008 0.499023 0.930664 0.498047 0.958008 0.470215 0.930664 0.499023 0.930664 0.473633 0.958008 0.470215 0.930664 0.499512 0.898438 0.499023 0.930664 0.03222656 0.08105468 0.0703125 0.003417968 0.03222656 0.003417968 0.03222656 0.08105468 0.0703125 0.08105468 0.0703125 0.003417968 0.03222656 0.104492 0.0703125 0.08105468 0.03222656 0.08105468 0.03222656 0.104492 0.0703125 0.104492 0.0703125 0.08105468 0.661621 0.579102 0.742676 0.591797 0.744141 0.666016 0.661621 0.579102 0.67041 0.547363 0.742676 0.591797 0.583008 0.532715 0.67041 0.547363 0.661621 0.579102 0.583008 0.532715 0.589355 0.484375 0.67041 0.547363 0.275879 0.675781 0.271973 0.51416 0.324707 0.523438 0.275879 0.675781 0.202148 0.671387 0.271973 0.51416 0.274902 0.827637 0.202148 0.671387 0.275879 0.675781 0.527344 0.898926 0.526367 0.866699 0.553223 0.866699 0.527344 0.898926 0.499512 0.898438 0.526367 0.866699 0.499023 0.930664 0.499512 0.898438 0.527344 0.898926 0.781738 0.01464837 0.808105 0.06445306 0.81543 0.006347656 0.781738 0.01464837 0.773926 0.06689447 0.808105 0.06445306 0.662109 0.0180664 0.773926 0.06689447 0.781738 0.01464837 0.128418 0.28418 0.119141 0.295898 0.07617187 0.252441 0.128418 0.28418 0.188965 0.302734 0.119141 0.295898 0.199707 0.277344 0.188965 0.302734 0.128418 0.28418 0.21582 0.9375 0.151855 0.966797 0.2480469 0.998047 0.21582 0.9375 0.125 0.90625 0.151855 0.966797 0.138184 0.81543 0.125 0.90625 0.21582 0.9375 0.259766 0.125977 0.312988 0.129883 0.269531 0.13916 0.259766 0.125977 0.302734 0.112305 0.312988 0.129883 0.247559 0.108398 0.302734 0.112305 0.259766 0.125977 0.608398 0.449219 0.695801 0.509277 0.611816 0.442871 0.608398 0.449219 0.682617 0.525391 0.695801 0.509277 0.600098 0.458496 0.682617 0.525391 0.608398 0.449219 0.334473 0.828613 0.274902 0.827637 0.289551 0.917969 0.334473 0.828613 0.275879 0.675781 0.274902 0.827637 0.343262 0.681641 0.275879 0.675781 0.334473 0.828613 0.895508 0.912109 0.905273 0.98584 0.932617 0.922363 0.895508 0.912109 0.8750001 0.979004 0.905273 0.98584 0.834473 0.893066 0.8750001 0.979004 0.895508 0.912109 0.07226556 0.680176 0.04638665 0.822754 0.0859375 0.813965 0.07226556 0.680176 0.03027337 0.674805 0.04638665 0.822754 0.05664056 0.500488 0.03027337 0.674805 0.07226556 0.680176 0.606934 0.68457 0.678711 0.739258 0.696777 0.691895 0.606934 0.68457 0.592773 0.820801 0.678711 0.739258 0.54248 0.68457 0.592773 0.820801 0.606934 0.68457 0.740723 0.528809 0.828125 0.586426 0.793457 0.585449 0.740723 0.528809 0.834473 0.583496 0.828125 0.586426 0.747559 0.523438 0.834473 0.583496 0.740723 0.528809 0.412598 0.100098 0.353027 0.102051 0.312988 0.129883 0.412598 0.100098 0.34668 0.07568359 0.353027 0.102051 0.412598 0.0727539 0.34668 0.07568359 0.412598 0.100098 0.70459 0.537109 0.682617 0.525391 0.695801 0.509277 0.70459 0.537109 0.67041 0.547363 0.682617 0.525391 0.742676 0.591797 0.67041 0.547363 0.70459 0.537109 0.344238 0.03076165 0.309082 0.0390625 0.310547 0.04248046 0.344238 0.03076165 0.345215 0.0258789 0.309082 0.0390625 0.266113 0.05322265 0.287109 0.0703125 0.288086 0.06298828 0.266113 0.05322265 0.259277 0.06005859 0.287109 0.0703125 0.441406 0.328613 0.441406 0.245117 0.377441 0.245117 0.441406 0.328613 0.529785 0.328613 0.441406 0.245117 0.441406 0.245117 0.441406 0.328613 0.377441 0.328613 0.441406 0.245117 0.493164 0.245117 0.441406 0.328613 0.493164 0.245117 0.493164 0.328613 0.441406 0.328613 0.493164 0.245117 0.529785 0.245117 0.493164 0.328613 0.529785 0.245117 0.529785 0.328613 0.493164 0.328613 0.529785 0.245117 0.560547 0.245117 0.529785 0.328613 0.457031 0.867188 0.463867 0.84082 0.447754 0.867188 0.457031 0.867188 0.473145 0.866699 0.463867 0.84082 0.529785 0.245117 0.529785 0.328613 0.560547 0.328613 0.529785 0.245117 0.441406 0.245117 0.529785 0.328613 0.568359 0.866699 0.568848 0.859375 0.543457 0.830566 0.568359 0.866699 0.570313 0.866699 0.568848 0.859375 0.458008 0.822266 0.454102 0.842285 0.46875 0.819824 0.458008 0.822266 0.455078 0.824707 0.454102 0.842285 0.473145 0.866699 0.479004 0.840332 0.502441 0.839844 0.473145 0.866699 0.463867 0.84082 0.479004 0.840332 0.288086 0.06298828 0.412598 0.04199218 0.412598 0.130371 0.288086 0.06298828 0.309082 0.0390625 0.412598 0.04199218 0.541992 0.976563 0.526855 0.986328 0.523438 0.986328 0.541992 0.976563 0.54541 0.976563 0.526855 0.986328 0.151855 0.966797 0.125 0.90625 0.21582 0.9375 0.151855 0.966797 0.04638665 0.822754 0.125 0.90625 0.07226556 0.680176 0.138184 0.81543 0.0859375 0.813965 0.07226556 0.680176 0.136719 0.671387 0.138184 0.81543 0.199707 0.506348 0.202148 0.671387 0.141113 0.510742 0.199707 0.506348 0.271973 0.51416 0.202148 0.671387 0.61377 0.620605 0.612305 0.599121 0.557617 0.591309 0.61377 0.620605 0.654785 0.623047 0.612305 0.599121 0.390625 0.02880859 0.309082 0.0390625 0.345215 0.0258789 0.390625 0.02880859 0.412598 0.04199218 0.309082 0.0390625 0.700195 0.503418 0.695801 0.509277 0.747559 0.523438 0.700195 0.503418 0.611816 0.442871 0.695801 0.509277 0.684082 0.955566 0.694824 0.961914 0.694824 0.955566 0.684082 0.955566 0.672852 0.955566 0.694824 0.961914 0.704102 0.979004 0.766602 0.98877 0.672852 0.98877 0.704102 0.979004 0.716797 0.979004 0.766602 0.98877 0.136719 0.671387 0.204102 0.82666 0.202148 0.671387 0.136719 0.671387 0.138184 0.81543 0.204102 0.82666 0.649414 0.0727539 0.662109 0.0180664 0.533203 0.01855468 0.649414 0.0727539 0.773926 0.06689447 0.662109 0.0180664 0.793457 0.585449 0.740723 0.528809 0.70459 0.537109 0.793457 0.585449 0.828125 0.586426 0.740723 0.528809 0.704102 0.979004 0.672852 0.975586 0.672852 0.981934 0.704102 0.979004 0.694824 0.975586 0.672852 0.975586 0.560547 0.245117 0.560547 0.328613 0.529785 0.328613 0.560547 0.245117 0.529785 0.245117 0.560547 0.328613 0.808105 0.06445306 0.802246 0.142578 0.773926 0.06689447 0.808105 0.06445306 0.874023 0.05615228 0.802246 0.142578 0.874023 0.05615228 0.869141 0.142578 0.802246 0.142578 0.874023 0.05615228 0.992676 0.05078125 0.869141 0.142578 0.247559 0.108398 0.23291 0.08496087 0.214355 0.129395 0.247559 0.108398 0.291992 0.08935546 0.23291 0.08496087 0.716797 0.979004 0.788574 0.978027 0.766602 0.98877 0.716797 0.979004 0.722168 0.977051 0.788574 0.978027 0.171875 0.1386719 0.187988 0.124512 0.181641 0.142578 0.171875 0.1386719 0.17041 0.1362299 0.187988 0.124512 0.722168 0.977051 0.766602 0.975586 0.788574 0.978027 0.722168 0.977051 0.722656 0.975586 0.766602 0.975586 0.788574 0.978027 0.722168 0.977051 0.766602 0.98877 0.788574 0.978027 0.766602 0.975586 0.722168 0.977051 0.0571289 0.199707 0.04882806 0.20459 0.02978515 0.163574 0.0571289 0.199707 0.09570306 0.2324219 0.04882806 0.20459 0.1855469 0.121582 0.187988 0.124512 0.17041 0.1362299 0.1855469 0.121582 0.203125 0.119629 0.187988 0.124512 0.766602 0.975586 0.722656 0.975586 0.722168 0.977051 0.766602 0.975586 0.768066 0.961914 0.722656 0.975586 0.722656 0.975586 0.766602 0.961914 0.766602 0.975586 0.722656 0.975586 0.722656 0.961914 0.766602 0.961914 0.671875 0.820801 0.592773 0.820801 0.622559 0.878906 0.671875 0.820801 0.678711 0.739258 0.592773 0.820801 0.224609 0.06689447 0.23291 0.08496087 0.205078 0.08740228 0.224609 0.06689447 0.259277 0.06005859 0.23291 0.08496087 0.206055 0.154785 0.200684 0.174316 0.222168 0.162109 0.206055 0.154785 0.187988 0.176758 0.200684 0.174316 0.659668 0.890137 0.766602 0.863281 0.737793 0.930664 0.659668 0.890137 0.671875 0.820801 0.766602 0.863281 0.259277 0.06005859 0.291992 0.08935546 0.23291 0.08496087 0.259277 0.06005859 0.287109 0.0703125 0.291992 0.08935546 0.34668 0.07568359 0.412598 0.100098 0.353027 0.102051 0.34668 0.07568359 0.412598 0.0727539 0.412598 0.100098 0.390625 0.02880859 0.387695 0.03369134 0.412598 0.04199218 0.390625 0.02880859 0.345215 0.0258789 0.387695 0.03369134 0.136719 0.671387 0.204102 0.82666 0.138184 0.81543 0.200684 0.1162109 0.225098 0.06005859 0.202148 0.08447265 0.672852 0.961914 0.672852 0.975586 0.694824 0.975586 0.226563 0.162598 0.217773 0.17627 0.212402 0.176758 0.678711 0.739258 0.766602 0.863281 0.671875 0.820801 0.54248 0.68457 0.493164 0.75293 0.493164 0.676758 0.395996 0.520508 0.324707 0.523438 0.407715 0.690918 0.276855 0.142578 0.321289 0.135742 0.288086 0.06298828 0.772461 0.765137 0.84375 0.782715 0.834473 0.893066 0.183594 0.179688 0.213379 0.202637 0.1855469 0.183105 0.217773 0.17627 0.212402 0.176758 0.213379 0.202637 0.200684 0.1162109 0.276855 0.142578 0.24707 0.150879 0.1855469 0.183105 0.17041 0.1362299 0.226563 0.162598 0.142578 0.42627 0.05664056 0.500488 0.09667968 0.51416 0.992676 0.05078125 0.992676 0.133789 0.869141 0.142578 0.288086 0.06298828 0.225098 0.06005859 0.266113 0.05322265 0.740723 0.528809 0.828125 0.586426 0.834473 0.583496 0.407715 0.690918 0.334473 0.828613 0.343262 0.681641 0.138184 0.81543 0.21582 0.9375 0.204102 0.82666</float_array>
          <technique_common>
            <accessor source="#meshId0_name-mesh-map-0-array" count="2640" stride="2">
              <param name="S" type="float"/>
              <param name="T" type="float"/>
            </accessor>
          </technique_common>
        </source>
        <source id="meshId0_name-mesh-colors-meshId0-color0" name="meshId0-color0">
          <float_array id="meshId0_name-mesh-colors-meshId0-color0-array" count="10560">0.8509804 0.8509804 0.8509804 1 0.4 0.4 0.4 1 0.8509804 0.8509804 0.8509804 1 0.8509804 0.8509804 0.8509804 1 0.4 0.4 0.4 1 0.4 0.4 0.4 1 0.4509804 0.4509804 0.4509804 1 0.4 0.4 0.4 1 0.8509804 0.8509804 0.8509804 1 0.4509804 0.4509804 0.4509804 1 0.5019608 0.5019608 0.5019608 1 0.4 0.4 0.4 1 0.4509804 0.4509804 0.4509804 1 0.5019608 0.5019608 0.5019608 1 0.4509804 0.4509804 0.4509804 1 0.4509804 0.4509804 0.4509804 1 0.5254902 0.5254902 0.5254902 1 0.5019608 0.5019608 0.5019608 1 0.4509804 0.4509804 0.4509804 1 0.5254902 0.5254902 0.5254902 1 0.4509804 0.4509804 0.4509804 1 0.4509804 0.4509804 0.4509804 1 0.5490196 0.5490196 0.5490196 1 0.5254902 0.5254902 0.5254902 1 0.4 0.4 0.4 1 0.5490196 0.5490196 0.5490196 1 0.4509804 0.4509804 0.4509804 1 0.4 0.4 0.4 1 0.5019608 0.5019608 0.5019608 1 0.5490196 0.5490196 0.5490196 1 0.6 0.6 0.6 1 0.5019608 0.5019608 0.5019608 1 0.4 0.4 0.4 1 0.6 0.6 0.6 1 0.8 0.8 0.8 1 0.5019608 0.5019608 0.5019608 1 0.8 0.8 0.8 1 0.8 0.8 0.8 1 0.6 0.6 0.6 1 0.8 0.8 0.8 1 0.9019608 0.9019608 0.9019608 1 0.8 0.8 0.8 1 0.8509804 0.8509804 0.8509804 1 0.9019608 0.9019608 0.9019608 1 0.8 0.8 0.8 1 0.8509804 0.8509804 0.8509804 1 0.9490196 0.9490196 0.9490196 1 0.9019608 0.9019608 0.9019608 1 0.9019608 0.9019608 0.9019608 1 0.9490196 0.9490196 0.9490196 1 0.8509804 0.8509804 0.8509804 1 0.9019608 0.9019608 0.9019608 1 0.9490196 0.9490196 0.9490196 1 0.9490196 0.9490196 0.9490196 1 0.9490196 0.9490196 0.9490196 1 0.9490196 0.9490196 0.9490196 1 0.9019608 0.9019608 0.9019608 1 0.9490196 0.9490196 0.9490196 1 1 1 1 1 0.9490196 0.9490196 0.9490196 1 1 1 1 1 1 1 1 1 0.9490196 0.9490196 0.9490196 1 1 1 1 1 1 1 1 1 1 1 1 1 1 1 1 1 1 1 1 1 1 1 1 1 1 1 1 1 0.9490196 0.9490196 0.9490196 1 1 1 1 1 0.8 0.8 0.8 1 0.9490196 0.9490196 0.9490196 1 1 1 1 1 0.8 0.8 0.8 1 0.8509804 0.8509804 0.8509804 1 0.9490196 0.9490196 0.9490196 1 0.8 0.8 0.8 1 0.8509804 0.8509804 0.8509804 1 0.8 0.8 0.8 1 0.8 0.8 0.8 1 0.8509804 0.8509804 0.8509804 1 0.8509804 0.8509804 0.8509804 1 0.7764706 0.7764706 0.7764706 1 0.8509804 0.8509804 0.8509804 1 0.8 0.8 0.8 1 0.7764706 0.7764706 0.7764706 1 0.8509804 0.8509804 0.8509804 1 0.8509804 0.8509804 0.8509804 1 0.7490196 0.7490196 0.7490196 1 0.8509804 0.8509804 0.8509804 1 0.7764706 0.7764706 0.7764706 1 0.7490196 0.7490196 0.7490196 1 0.8509804 0.8509804 0.8509804 1 0.8509804 0.8509804 0.8509804 1 0.7490196 0.7490196 0.7490196 1 0.8509804 0.8509804 0.8509804 1 0.7490196 0.7490196 0.7490196 1 0.7490196 0.7490196 0.7490196 1 0.9019608 0.9019608 0.9019608 1 0.8509804 0.8509804 0.8509804 1 0.8509804 0.8509804 0.8509804 1 0.9019608 0.9019608 0.9019608 1 0.7490196 0.7490196 0.7490196 1 0.8509804 0.8509804 0.8509804 1 0.9019608 0.9019608 0.9019608 1 0.9019608 0.9019608 0.9019608 1 0.8509804 0.8509804 0.8509804 1 0.9019608 0.9019608 0.9019608 1 0.8509804 0.8509804 0.8509804 1 0.8509804 0.8509804 0.8509804 1 0.9019608 0.9019608 0.9019608 1 0.9019608 0.9019608 0.9019608 1 0.8 0.8 0.8 1 0.9019608 0.9019608 0.9019608 1 0.8509804 0.8509804 0.8509804 1 0.8 0.8 0.8 1 0.9019608 0.9019608 0.9019608 1 0.9019608 0.9019608 0.9019608 1 0.8509804 0.8509804 0.8509804 1 0.9019608 0.9019608 0.9019608 1 0.8 0.8 0.8 1 0.8509804 0.8509804 0.8509804 1 0.9490196 0.9490196 0.9490196 1 0.9019608 0.9019608 0.9019608 1 0.9019608 0.9019608 0.9019608 1 0.9490196 0.9490196 0.9490196 1 0.8509804 0.8509804 0.8509804 1 0.9019608 0.9019608 0.9019608 1 0.9254902 0.9254902 0.9254902 1 0.9490196 0.9490196 0.9490196 1 0.8 0.8 0.8 1 0.9254902 0.9254902 0.9254902 1 0.9019608 0.9019608 0.9019608 1 0.8 0.8 0.8 1 0.8 0.8 0.8 1 0.9254902 0.9254902 0.9254902 1 0.5490196 0.5490196 0.5490196 1 0.8 0.8 0.8 1 0.8 0.8 0.8 1 0.5490196 0.5490196 0.5490196 1 0.5019608 0.5019608 0.5019608 1 0.8 0.8 0.8 1 0.8 0.8 0.8 1 0.8 0.8 0.8 1 0.5019608 0.5019608 0.5019608 1 0.8 0.8 0.8 1 0.9490196 0.9490196 0.9490196 1 0.8 0.8 0.8 1 0.9019608 0.9019608 0.9019608 1 0.9490196 0.9490196 0.9490196 1 0.8 0.8 0.8 1 0.9019608 0.9019608 0.9019608 1 0.9490196 0.9490196 0.9490196 1 0.9490196 0.9490196 0.9490196 1 0.9490196 0.9490196 0.9490196 1 0.9490196 0.9490196 0.9490196 1 0.9019608 0.9019608 0.9019608 1 0.9490196 0.9490196 0.9490196 1 0.9490196 0.9490196 0.9490196 1 0.9490196 0.9490196 0.9490196 1 0.9490196 0.9490196 0.9490196 1 0.9490196 0.9490196 0.9490196 1 0.9490196 0.9490196 0.9490196 1 0.9490196 0.9490196 0.9490196 1 0.9490196 0.9490196 0.9490196 1 0.9490196 0.9490196 0.9490196 1 1 1 1 1 0.9490196 0.9490196 0.9490196 1 0.9490196 0.9490196 0.9490196 1 1 1 1 1 1 1 1 1 0.9490196 0.9490196 0.9490196 1 1 1 1 1 1 1 1 1 1 1 1 1 1 1 1 1 1 1 1 1 1 1 1 1 0.9490196 0.9490196 0.9490196 1 1 1 1 1 1 1 1 1 0.9490196 0.9490196 0.9490196 1 0.9490196 0.9490196 0.9490196 1 1 1 1 1 0.8509804 0.8509804 0.8509804 1 0.9490196 0.9490196 0.9490196 1 0.9490196 0.9490196 0.9490196 1 0.8509804 0.8509804 0.8509804 1 0.9490196 0.9490196 0.9490196 1 0.9490196 0.9490196 0.9490196 1 0.8509804 0.8509804 0.8509804 1 0.9490196 0.9490196 0.9490196 1 0.8509804 0.8509804 0.8509804 1 0.8509804 0.8509804 0.8509804 1 0.9490196 0.9490196 0.9490196 1 0.9490196 0.9490196 0.9490196 1 0.8509804 0.8509804 0.8509804 1 0.9490196 0.9490196 0.9490196 1 0.8509804 0.8509804 0.8509804 1 0.8509804 0.8509804 0.8509804 1 0.9490196 0.9490196 0.9490196 1 0.9490196 0.9490196 0.9490196 1 0.8509804 0.8509804 0.8509804 1 0.9490196 0.9490196 0.9490196 1 0.8509804 0.8509804 0.8509804 1 0.8509804 0.8509804 0.8509804 1 1 1 1 1 0.9490196 0.9490196 0.9490196 1 0.9019608 0.9019608 0.9019608 1 1 1 1 1 0.8509804 0.8509804 0.8509804 1 0.9019608 0.9019608 0.9019608 1 1 1 1 1 1 1 1 1 0.9019608 0.9019608 0.9019608 1 1 1 1 1 0.9019608 0.9019608 0.9019608 1 0.9019608 0.9019608 0.9019608 1 0.9490196 0.9490196 0.9490196 1 1 1 1 1 0.9019608 0.9019608 0.9019608 1 0.9490196 0.9490196 0.9490196 1 0.9019608 0.9019608 0.9019608 1 0.9019608 0.9019608 0.9019608 1 0.9490196 0.9490196 0.9490196 1 0.9490196 0.9490196 0.9490196 1 0.9019608 0.9019608 0.9019608 1 0.9490196 0.9490196 0.9490196 1 0.9019608 0.9019608 0.9019608 1 0.9019608 0.9019608 0.9019608 1 0.9490196 0.9490196 0.9490196 1 0.9490196 0.9490196 0.9490196 1 0.9490196 0.9490196 0.9490196 1 0.9490196 0.9490196 0.9490196 1 0.9019608 0.9019608 0.9019608 1 0.9490196 0.9490196 0.9490196 1 0.9490196 0.9490196 0.9490196 1 0.9490196 0.9490196 0.9490196 1 0.9254902 0.9254902 0.9254902 1 0.9490196 0.9490196 0.9490196 1 0.9490196 0.9490196 0.9490196 1 0.9254902 0.9254902 0.9254902 1 0.9490196 0.9490196 0.9490196 1 0.9490196 0.9490196 0.9490196 1 0.8 0.8 0.8 1 0.9490196 0.9490196 0.9490196 1 0.9254902 0.9254902 0.9254902 1 0.8 0.8 0.8 1 0.5254902 0.5254902 0.5254902 1 0.5490196 0.5490196 0.5490196 1 0.8 0.8 0.8 1 0.8 0.8 0.8 1 0.5254902 0.5254902 0.5254902 1 0.9019608 0.9019608 0.9019608 1 0.8 0.8 0.8 1 0.8 0.8 0.8 1 0.9019608 0.9019608 0.9019608 1 0.8 0.8 0.8 1 0.8 0.8 0.8 1 0.8509804 0.8509804 0.8509804 1 0.8 0.8 0.8 1 0.9019608 0.9019608 0.9019608 1 0.8509804 0.8509804 0.8509804 1 0.8 0.8 0.8 1 0.8 0.8 0.8 1 0.8 0.8 0.8 1 0.8 0.8 0.8 1 0.8509804 0.8509804 0.8509804 1 0.8 0.8 0.8 1 0.7490196 0.7490196 0.7490196 1 0.8 0.8 0.8 1 0.8509804 0.8509804 0.8509804 1 0.7490196 0.7490196 0.7490196 1 0.8 0.8 0.8 1 0.8509804 0.8509804 0.8509804 1 0.7019608 0.7019608 0.7019608 1 0.7490196 0.7490196 0.7490196 1 0.8509804 0.8509804 0.8509804 1 0.7019608 0.7019608 0.7019608 1 0.8509804 0.8509804 0.8509804 1 0.8509804 0.8509804 0.8509804 1 0.7019608 0.7019608 0.7019608 1 0.7019608 0.7019608 0.7019608 1 0.7490196 0.7490196 0.7490196 1 0.7019608 0.7019608 0.7019608 1 0.8509804 0.8509804 0.8509804 1 0.7490196 0.7490196 0.7490196 1 0.6509804 0.6509804 0.6509804 1 0.7019608 0.7019608 0.7019608 1 0.7490196 0.7490196 0.7490196 1 0.6509804 0.6509804 0.6509804 1 0.7490196 0.7490196 0.7490196 1 0.7490196 0.7490196 0.7490196 1 0.6745098 0.6745098 0.6745098 1 0.6509804 0.6509804 0.6509804 1 0.7764706 0.7764706 0.7764706 1 0.6745098 0.6745098 0.6745098 1 0.7490196 0.7490196 0.7490196 1 0.7764706 0.7764706 0.7764706 1 0.7019608 0.7019608 0.7019608 1 0.6745098 0.6745098 0.6745098 1 0.8 0.8 0.8 1 0.7019608 0.7019608 0.7019608 1 0.7764706 0.7764706 0.7764706 1 0.8 0.8 0.8 1 0.8 0.8 0.8 1 0.7019608 0.7019608 0.7019608 1 0.8 0.8 0.8 1 0.8 0.8 0.8 1 0.8 0.8 0.8 1 0.8 0.8 0.8 1 0.9019608 0.9019608 0.9019608 1 0.8 0.8 0.8 1 1 1 1 1 0.9019608 0.9019608 0.9019608 1 0.8 0.8 0.8 1 1 1 1 1 1 1 1 1 0.9019608 0.9019608 0.9019608 1 0.8 0.8 0.8 1 0.5019608 0.5019608 0.5019608 1 0.5254902 0.5254902 0.5254902 1 0.8 0.8 0.8 1 0.5019608 0.5019608 0.5019608 1 0.5019608 0.5019608 0.5019608 1 0.8 0.8 0.8 1 0.5019608 0.5019608 0.5019608 1 0.8 0.8 0.8 1 0.8 0.8 0.8 1 0.5019608 0.5019608 0.5019608 1 0.5019608 0.5019608 0.5019608 1 0.8 0.8 0.8 1 0.5019608 0.5019608 0.5019608 1 0.8 0.8 0.8 1 0.8 0.8 0.8 1 0.5490196 0.5490196 0.5490196 1 0.5019608 0.5019608 0.5019608 1 0.7490196 0.7490196 0.7490196 1 0.5490196 0.5490196 0.5490196 1 0.8 0.8 0.8 1 0.7490196 0.7490196 0.7490196 1 0.5490196 0.5490196 0.5490196 1 0.5490196 0.5490196 0.5490196 1 0.7019608 0.7019608 0.7019608 1 0.5490196 0.5490196 0.5490196 1 0.7490196 0.7490196 0.7490196 1 0.7019608 0.7019608 0.7019608 1 0.4 0.4 0.4 1 0.5490196 0.5490196 0.5490196 1 0.7019608 0.7019608 0.7019608 1 0.4 0.4 0.4 1 0.7019608 0.7019608 0.7019608 1 0.7019608 0.7019608 0.7019608 1 0.4 0.4 0.4 1 0.4 0.4 0.4 1 0.6509804 0.6509804 0.6509804 1 0.4 0.4 0.4 1 0.7019608 0.7019608 0.7019608 1 0.6509804 0.6509804 0.6509804 1 0.4 0.4 0.4 1 0.4 0.4 0.4 1 0.6745098 0.6745098 0.6745098 1 0.4 0.4 0.4 1 0.6509804 0.6509804 0.6509804 1 0.6745098 0.6745098 0.6745098 1 0.4 0.4 0.4 1 0.4 0.4 0.4 1 0.7019608 0.7019608 0.7019608 1 0.4 0.4 0.4 1 0.6745098 0.6745098 0.6745098 1 0.7019608 0.7019608 0.7019608 1 0.6509804 0.6509804 0.6509804 1 0.4 0.4 0.4 1 0.8 0.8 0.8 1 0.6509804 0.6509804 0.6509804 1 0.7019608 0.7019608 0.7019608 1 0.8 0.8 0.8 1 0.8 0.8 0.8 1 0.6509804 0.6509804 0.6509804 1 0.9019608 0.9019608 0.9019608 1 0.8 0.8 0.8 1 0.8 0.8 0.8 1 0.9019608 0.9019608 0.9019608 1 0.9490196 0.9490196 0.9490196 1 0.8 0.8 0.8 1 1 1 1 1 0.9490196 0.9490196 0.9490196 1 0.9019608 0.9019608 0.9019608 1 1 1 1 1 0.9490196 0.9490196 0.9490196 1 0.9490196 0.9490196 0.9490196 1 0.4 0.4 0.4 1 0.8509804 0.8509804 0.8509804 1 0.8509804 0.8509804 0.8509804 1 0.4 0.4 0.4 1 0.4 0.4 0.4 1 0.8509804 0.8509804 0.8509804 1 0.4 0.4 0.4 1 0.4 0.4 0.4 1 0.4 0.4 0.4 1 0.4 0.4 0.4 1 0.7019608 0.7019608 0.7019608 1 0.4 0.4 0.4 1 0.5490196 0.5490196 0.5490196 1 0.7019608 0.7019608 0.7019608 1 0.4 0.4 0.4 1 0.5490196 0.5490196 0.5490196 1 0.8509804 0.8509804 0.8509804 1 0.7019608 0.7019608 0.7019608 1 0.7490196 0.7490196 0.7490196 1 0.8509804 0.8509804 0.8509804 1 0.5490196 0.5490196 0.5490196 1 0.7490196 0.7490196 0.7490196 1 0.9019608 0.9019608 0.9019608 1 0.8509804 0.8509804 0.8509804 1 0.8 0.8 0.8 1 0.9019608 0.9019608 0.9019608 1 0.7490196 0.7490196 0.7490196 1 0.8 0.8 0.8 1 0.8 0.8 0.8 1 0.9019608 0.9019608 0.9019608 1 0.8 0.8 0.8 1 0.8 0.8 0.8 1 0.8 0.8 0.8 1 0.8 0.8 0.8 1 0.8 0.8 0.8 1 0.8 0.8 0.8 1 0.7490196 0.7490196 0.7490196 1 0.8 0.8 0.8 1 0.8 0.8 0.8 1 0.7490196 0.7490196 0.7490196 1 0.7490196 0.7490196 0.7490196 1 0.8 0.8 0.8 1 0.7490196 0.7490196 0.7490196 1 0.7490196 0.7490196 0.7490196 1 0.7490196 0.7490196 0.7490196 1 0.7490196 0.7490196 0.7490196 1 0.7490196 0.7490196 0.7490196 1 0.7490196 0.7490196 0.7490196 1 0.7490196 0.7490196 0.7490196 1 0.7490196 0.7490196 0.7490196 1 0.7490196 0.7490196 0.7490196 1 0.7490196 0.7490196 0.7490196 1 0.8 0.8 0.8 1 0.7490196 0.7490196 0.7490196 1 0.6509804 0.6509804 0.6509804 1 0.8 0.8 0.8 1 0.7490196 0.7490196 0.7490196 1 0.4 0.4 0.4 1 0.7019608 0.7019608 0.7019608 1 0.4 0.4 0.4 1 0.4 0.4 0.4 1 0.6509804 0.6509804 0.6509804 1 0.7019608 0.7019608 0.7019608 1 0.4 0.4 0.4 1 0.6509804 0.6509804 0.6509804 1 0.4 0.4 0.4 1 0.4 0.4 0.4 1 0.4509804 0.4509804 0.4509804 1 0.6509804 0.6509804 0.6509804 1 0.4 0.4 0.4 1 0.4509804 0.4509804 0.4509804 1 0.4 0.4 0.4 1 0.4 0.4 0.4 1 0.4 0.4 0.4 1 0.4509804 0.4509804 0.4509804 1 0.4509804 0.4509804 0.4509804 1 0.4 0.4 0.4 1 0.4 0.4 0.4 1 0.4509804 0.4509804 0.4509804 1 0.4509804 0.4509804 0.4509804 1 0.4 0.4 0.4 1 0.5019608 0.5019608 0.5019608 1 0.4509804 0.4509804 0.4509804 1 0.4509804 0.4509804 0.4509804 1 0.5019608 0.5019608 0.5019608 1 0.7019608 0.7019608 0.7019608 1 0.4509804 0.4509804 0.4509804 1 0.8509804 0.8509804 0.8509804 1 0.7019608 0.7019608 0.7019608 1 0.5019608 0.5019608 0.5019608 1 0.8509804 0.8509804 0.8509804 1 0.8509804 0.8509804 0.8509804 1 0.7019608 0.7019608 0.7019608 1 0.9490196 0.9490196 0.9490196 1 0.8509804 0.8509804 0.8509804 1 0.8509804 0.8509804 0.8509804 1 0.9490196 0.9490196 0.9490196 1 0.9019608 0.9019608 0.9019608 1 0.8509804 0.8509804 0.8509804 1 0.8509804 0.8509804 0.8509804 1 0.9019608 0.9019608 0.9019608 1 0.9490196 0.9490196 0.9490196 1 0.8509804 0.8509804 0.8509804 1 0.4509804 0.4509804 0.4509804 1 0.9019608 0.9019608 0.9019608 1 0.5019608 0.5019608 0.5019608 1 0.4509804 0.4509804 0.4509804 1 0.8509804 0.8509804 0.8509804 1 0.5490196 0.5490196 0.5490196 1 0.4 0.4 0.4 1 0.6 0.6 0.6 1 0.5490196 0.5490196 0.5490196 1 0.4509804 0.4509804 0.4509804 1 0.4 0.4 0.4 1 0.4509804 0.4509804 0.4509804 1 0.4509804 0.4509804 0.4509804 1 0.5490196 0.5490196 0.5490196 1 0.4509804 0.4509804 0.4509804 1 0.4 0.4 0.4 1 0.4509804 0.4509804 0.4509804 1 0.4 0.4 0.4 1 0.4 0.4 0.4 1 0.4509804 0.4509804 0.4509804 1 0.4 0.4 0.4 1 0.7019608 0.7019608 0.7019608 1 0.4 0.4 0.4 1 0.6509804 0.6509804 0.6509804 1 0.7019608 0.7019608 0.7019608 1 0.4 0.4 0.4 1 0.6509804 0.6509804 0.6509804 1 0.8 0.8 0.8 1 0.7019608 0.7019608 0.7019608 1 0.5019608 0.5019608 0.5019608 1 0.8 0.8 0.8 1 0.6509804 0.6509804 0.6509804 1 0.5019608 0.5019608 0.5019608 1 0.9019608 0.9019608 0.9019608 1 0.8 0.8 0.8 1 0.7490196 0.7490196 0.7490196 1 0.9019608 0.9019608 0.9019608 1 0.5019608 0.5019608 0.5019608 1 0.7490196 0.7490196 0.7490196 1 0.8509804 0.8509804 0.8509804 1 0.9019608 0.9019608 0.9019608 1 0.4 0.4 0.4 1 0.8509804 0.8509804 0.8509804 1 0.7490196 0.7490196 0.7490196 1 0.4 0.4 0.4 1 0.4 0.4 0.4 1 0.8509804 0.8509804 0.8509804 1 0.4 0.4 0.4 1 0.4 0.4 0.4 1 0.4 0.4 0.4 1 0.6509804 0.6509804 0.6509804 1 0.9019608 0.9019608 0.9019608 1 0.4509804 0.4509804 0.4509804 1 0.6509804 0.6509804 0.6509804 1 0.8509804 0.8509804 0.8509804 1 0.9019608 0.9019608 0.9019608 1 0.5490196 0.5490196 0.5490196 1 0.8509804 0.8509804 0.8509804 1 0.6509804 0.6509804 0.6509804 1 0.5490196 0.5490196 0.5490196 1 0.7019608 0.7019608 0.7019608 1 0.8509804 0.8509804 0.8509804 1 0.6 0.6 0.6 1 0.7019608 0.7019608 0.7019608 1 0.5490196 0.5490196 0.5490196 1 0.6 0.6 0.6 1 0.5490196 0.5490196 0.5490196 1 0.7019608 0.7019608 0.7019608 1 0.4 0.4 0.4 1 0.5490196 0.5490196 0.5490196 1 0.6 0.6 0.6 1 0.4 0.4 0.4 1 0.7019608 0.7019608 0.7019608 1 0.5490196 0.5490196 0.5490196 1 0.5019608 0.5019608 0.5019608 1 0.7019608 0.7019608 0.7019608 1 0.4 0.4 0.4 1 0.5019608 0.5019608 0.5019608 1 0.7490196 0.7490196 0.7490196 1 0.7019608 0.7019608 0.7019608 1 0.6 0.6 0.6 1 0.7490196 0.7490196 0.7490196 1 0.5019608 0.5019608 0.5019608 1 0.6 0.6 0.6 1 0.7490196 0.7490196 0.7490196 1 0.7490196 0.7490196 0.7490196 1 0.6 0.6 0.6 1 0.7490196 0.7490196 0.7490196 1 0.6 0.6 0.6 1 0.6 0.6 0.6 1 0.5019608 0.5019608 0.5019608 1 0.7490196 0.7490196 0.7490196 1 0.5019608 0.5019608 0.5019608 1 0.4 0.4 0.4 1 0.5490196 0.5490196 0.5490196 1 0.5019608 0.5019608 0.5019608 1 0.4 0.4 0.4 1 0.4 0.4 0.4 1 0.4 0.4 0.4 1 0.4 0.4 0.4 1 0.5019608 0.5019608 0.5019608 1 0.4 0.4 0.4 1 0.7019608 0.7019608 0.7019608 1 0.4 0.4 0.4 1 0.7019608 0.7019608 0.7019608 1 0.7019608 0.7019608 0.7019608 1 0.4 0.4 0.4 1 0.7019608 0.7019608 0.7019608 1 0.8509804 0.8509804 0.8509804 1 0.7019608 0.7019608 0.7019608 1 0.8509804 0.8509804 0.8509804 1 0.8509804 0.8509804 0.8509804 1 0.7019608 0.7019608 0.7019608 1 0.8509804 0.8509804 0.8509804 1 0.9019608 0.9019608 0.9019608 1 0.8509804 0.8509804 0.8509804 1 0.9490196 0.9490196 0.9490196 1 0.9019608 0.9019608 0.9019608 1 0.8509804 0.8509804 0.8509804 1 0.9490196 0.9490196 0.9490196 1 0.9490196 0.9490196 0.9490196 1 0.9019608 0.9019608 0.9019608 1 0.8 0.8 0.8 1 0.9490196 0.9490196 0.9490196 1 0.9490196 0.9490196 0.9490196 1 0.8 0.8 0.8 1 0.8 0.8 0.8 1 0.9490196 0.9490196 0.9490196 1 0.4 0.4 0.4 1 0.8 0.8 0.8 1 0.8 0.8 0.8 1 0.4 0.4 0.4 1 0.5019608 0.5019608 0.5019608 1 0.8 0.8 0.8 1 0.8509804 0.8509804 0.8509804 1 0.8509804 0.8509804 0.8509804 1 0.8509804 0.8509804 0.8509804 1 0.8509804 0.8509804 0.8509804 1 0.8509804 0.8509804 0.8509804 1 0.8509804 0.8509804 0.8509804 1 0.8509804 0.8509804 0.8509804 1 0.8509804 0.8509804 0.8509804 1 0.8509804 0.8509804 0.8509804 1 0.8509804 0.8509804 0.8509804 1 0.8509804 0.8509804 0.8509804 1 0.8509804 0.8509804 0.8509804 1 0.8509804 0.8509804 0.8509804 1 0.8509804 0.8509804 0.8509804 1 0.8509804 0.8509804 0.8509804 1 0.8509804 0.8509804 0.8509804 1 0.8509804 0.8509804 0.8509804 1 0.8509804 0.8509804 0.8509804 1 0.8509804 0.8509804 0.8509804 1 0.8509804 0.8509804 0.8509804 1 0.8509804 0.8509804 0.8509804 1 0.8509804 0.8509804 0.8509804 1 0.8509804 0.8509804 0.8509804 1 0.8509804 0.8509804 0.8509804 1 0.8509804 0.8509804 0.8509804 1 0.8509804 0.8509804 0.8509804 1 0.8509804 0.8509804 0.8509804 1 0.8509804 0.8509804 0.8509804 1 0.8509804 0.8509804 0.8509804 1 0.8509804 0.8509804 0.8509804 1 0.8509804 0.8509804 0.8509804 1 0.8509804 0.8509804 0.8509804 1 0.8509804 0.8509804 0.8509804 1 0.8509804 0.8509804 0.8509804 1 0.8509804 0.8509804 0.8509804 1 0.8509804 0.8509804 0.8509804 1 0.8509804 0.8509804 0.8509804 1 0.8509804 0.8509804 0.8509804 1 0.8509804 0.8509804 0.8509804 1 0.8509804 0.8509804 0.8509804 1 0.8509804 0.8509804 0.8509804 1 0.8509804 0.8509804 0.8509804 1 0.8509804 0.8509804 0.8509804 1 0.8509804 0.8509804 0.8509804 1 0.8509804 0.8509804 0.8509804 1 0.8509804 0.8509804 0.8509804 1 0.8509804 0.8509804 0.8509804 1 0.8509804 0.8509804 0.8509804 1 0.8509804 0.8509804 0.8509804 1 0.8509804 0.8509804 0.8509804 1 0.8509804 0.8509804 0.8509804 1 0.8509804 0.8509804 0.8509804 1 0.8509804 0.8509804 0.8509804 1 0.8509804 0.8509804 0.8509804 1 0.8509804 0.8509804 0.8509804 1 0.8509804 0.8509804 0.8509804 1 0.8509804 0.8509804 0.8509804 1 0.8509804 0.8509804 0.8509804 1 0.8509804 0.8509804 0.8509804 1 0.8509804 0.8509804 0.8509804 1 0.8509804 0.8509804 0.8509804 1 0.8509804 0.8509804 0.8509804 1 0.8509804 0.8509804 0.8509804 1 0.8509804 0.8509804 0.8509804 1 0.8509804 0.8509804 0.8509804 1 0.8509804 0.8509804 0.8509804 1 0.8509804 0.8509804 0.8509804 1 0.8509804 0.8509804 0.8509804 1 0.8509804 0.8509804 0.8509804 1 0.8509804 0.8509804 0.8509804 1 0.8509804 0.8509804 0.8509804 1 0.8509804 0.8509804 0.8509804 1 0.8509804 0.8509804 0.8509804 1 0.8509804 0.8509804 0.8509804 1 0.8509804 0.8509804 0.8509804 1 0.8509804 0.8509804 0.8509804 1 0.8509804 0.8509804 0.8509804 1 0.8509804 0.8509804 0.8509804 1 0.8509804 0.8509804 0.8509804 1 0.4 0.4 0.4 1 0.8509804 0.8509804 0.8509804 1 0.8509804 0.8509804 0.8509804 1 0.4 0.4 0.4 1 0.4 0.4 0.4 1 0.7019608 0.7019608 0.7019608 1 0.4 0.4 0.4 1 0.8509804 0.8509804 0.8509804 1 0.7019608 0.7019608 0.7019608 1 0.7019608 0.7019608 0.7019608 1 0.4 0.4 0.4 1 0.9019608 0.9019608 0.9019608 1 0.7019608 0.7019608 0.7019608 1 0.7019608 0.7019608 0.7019608 1 0.9019608 0.9019608 0.9019608 1 0.8 0.8 0.8 1 0.7019608 0.7019608 0.7019608 1 0.9019608 0.9019608 0.9019608 1 0.8 0.8 0.8 1 0.9019608 0.9019608 0.9019608 1 0.9019608 0.9019608 0.9019608 1 0.8 0.8 0.8 1 0.8 0.8 0.8 1 0.8509804 0.8509804 0.8509804 1 0.8 0.8 0.8 1 0.9019608 0.9019608 0.9019608 1 0.8509804 0.8509804 0.8509804 1 0.7490196 0.7490196 0.7490196 1 0.8 0.8 0.8 1 0.8 0.8 0.8 1 0.7490196 0.7490196 0.7490196 1 0.8509804 0.8509804 0.8509804 1 0.8 0.8 0.8 1 0.7019608 0.7019608 0.7019608 1 0.7490196 0.7490196 0.7490196 1 0.6509804 0.6509804 0.6509804 1 0.7019608 0.7019608 0.7019608 1 0.8 0.8 0.8 1 0.6509804 0.6509804 0.6509804 1 0.8509804 0.8509804 0.8509804 1 0.7019608 0.7019608 0.7019608 1 0.6509804 0.6509804 0.6509804 1 0.8 0.8 0.8 1 0.8509804 0.8509804 0.8509804 1 0.4509804 0.4509804 0.4509804 1 0.8 0.8 0.8 1 0.6509804 0.6509804 0.6509804 1 0.4509804 0.4509804 0.4509804 1 0.5019608 0.5019608 0.5019608 1 0.8 0.8 0.8 1 0.4 0.4 0.4 1 0.5019608 0.5019608 0.5019608 1 0.4509804 0.4509804 0.4509804 1 0.4 0.4 0.4 1 0.6509804 0.6509804 0.6509804 1 0.5019608 0.5019608 0.5019608 1 0.5490196 0.5490196 0.5490196 1 0.6509804 0.6509804 0.6509804 1 0.4 0.4 0.4 1 0.5490196 0.5490196 0.5490196 1 0.7490196 0.7490196 0.7490196 1 0.6509804 0.6509804 0.6509804 1 0.5019608 0.5019608 0.5019608 1 0.7490196 0.7490196 0.7490196 1 0.5490196 0.5490196 0.5490196 1 0.5019608 0.5019608 0.5019608 1 0.7490196 0.7490196 0.7490196 1 0.7490196 0.7490196 0.7490196 1 0.7019608 0.7019608 0.7019608 1 0.7490196 0.7490196 0.7490196 1 0.5019608 0.5019608 0.5019608 1 0.7019608 0.7019608 0.7019608 1 0.5019608 0.5019608 0.5019608 1 0.7490196 0.7490196 0.7490196 1 0.7490196 0.7490196 0.7490196 1 0.5019608 0.5019608 0.5019608 1 0.7019608 0.7019608 0.7019608 1 0.8509804 0.8509804 0.8509804 1 0.8509804 0.8509804 0.8509804 1 0.8509804 0.8509804 0.8509804 1 0.8509804 0.8509804 0.8509804 1 0.8509804 0.8509804 0.8509804 1 0.8509804 0.8509804 0.8509804 1 0.8509804 0.8509804 0.8509804 1 0.8509804 0.8509804 0.8509804 1 0.8509804 0.8509804 0.8509804 1 0.8509804 0.8509804 0.8509804 1 0.8509804 0.8509804 0.8509804 1 0.8509804 0.8509804 0.8509804 1 0.8509804 0.8509804 0.8509804 1 0.8509804 0.8509804 0.8509804 1 0.8509804 0.8509804 0.8509804 1 0.8509804 0.8509804 0.8509804 1 0.8509804 0.8509804 0.8509804 1 0.8509804 0.8509804 0.8509804 1 0.8509804 0.8509804 0.8509804 1 0.8509804 0.8509804 0.8509804 1 0.8509804 0.8509804 0.8509804 1 0.8509804 0.8509804 0.8509804 1 0.8509804 0.8509804 0.8509804 1 0.8509804 0.8509804 0.8509804 1 0.8509804 0.8509804 0.8509804 1 0.8509804 0.8509804 0.8509804 1 0.8509804 0.8509804 0.8509804 1 0.8509804 0.8509804 0.8509804 1 0.8509804 0.8509804 0.8509804 1 0.8509804 0.8509804 0.8509804 1 0.8509804 0.8509804 0.8509804 1 0.8509804 0.8509804 0.8509804 1 0.8509804 0.8509804 0.8509804 1 0.8 0.8 0.8 1 0.5490196 0.5490196 0.5490196 1 0.4 0.4 0.4 1 0.8 0.8 0.8 1 0.8509804 0.8509804 0.8509804 1 0.5490196 0.5490196 0.5490196 1 0.9490196 0.9490196 0.9490196 1 0.8509804 0.8509804 0.8509804 1 0.8 0.8 0.8 1 0.9490196 0.9490196 0.9490196 1 0.8509804 0.8509804 0.8509804 1 0.8509804 0.8509804 0.8509804 1 0.8509804 0.8509804 0.8509804 1 0.8509804 0.8509804 0.8509804 1 0.9490196 0.9490196 0.9490196 1 0.8509804 0.8509804 0.8509804 1 0.8 0.8 0.8 1 0.8509804 0.8509804 0.8509804 1 0.7019608 0.7019608 0.7019608 1 0.8 0.8 0.8 1 0.8509804 0.8509804 0.8509804 1 0.7019608 0.7019608 0.7019608 1 0.6 0.6 0.6 1 0.8 0.8 0.8 1 0.6 0.6 0.6 1 0.6 0.6 0.6 1 0.7019608 0.7019608 0.7019608 1 0.8509804 0.8509804 0.8509804 1 0.8509804 0.8509804 0.8509804 1 0.8509804 0.8509804 0.8509804 1 0.8509804 0.8509804 0.8509804 1 0.8509804 0.8509804 0.8509804 1 0.8509804 0.8509804 0.8509804 1 0.8509804 0.8509804 0.8509804 1 0.8509804 0.8509804 0.8509804 1 0.8509804 0.8509804 0.8509804 1 0.8509804 0.8509804 0.8509804 1 0.8509804 0.8509804 0.8509804 1 0.8509804 0.8509804 0.8509804 1 0.4 0.4 0.4 1 0.8509804 0.8509804 0.8509804 1 0.8509804 0.8509804 0.8509804 1 0.4 0.4 0.4 1 0.8509804 0.8509804 0.8509804 1 0.8509804 0.8509804 0.8509804 1 0.4 0.4 0.4 1 0.8509804 0.8509804 0.8509804 1 0.4 0.4 0.4 1 0.4 0.4 0.4 1 0.8509804 0.8509804 0.8509804 1 0.8509804 0.8509804 0.8509804 1 0.8509804 0.8509804 0.8509804 1 0.8509804 0.8509804 0.8509804 1 0.4 0.4 0.4 1 0.7490196 0.7490196 0.7490196 1 0.7019608 0.7019608 0.7019608 1 0.8 0.8 0.8 1 0.7490196 0.7490196 0.7490196 1 0.5490196 0.5490196 0.5490196 1 0.7019608 0.7019608 0.7019608 1 0.6 0.6 0.6 1 0.5490196 0.5490196 0.5490196 1 0.7490196 0.7490196 0.7490196 1 0.6 0.6 0.6 1 0.4 0.4 0.4 1 0.5490196 0.5490196 0.5490196 1 0.4509804 0.4509804 0.4509804 1 0.4 0.4 0.4 1 0.6 0.6 0.6 1 0.4509804 0.4509804 0.4509804 1 0.4 0.4 0.4 1 0.4 0.4 0.4 1 0.4 0.4 0.4 1 0.4 0.4 0.4 1 0.4509804 0.4509804 0.4509804 1 0.4 0.4 0.4 1 0.4 0.4 0.4 1 0.4 0.4 0.4 1 0.4 0.4 0.4 1 0.4 0.4 0.4 1 0.4 0.4 0.4 1 0.9019608 0.9019608 0.9019608 1 0.9490196 0.9490196 0.9490196 1 0.8509804 0.8509804 0.8509804 1 0.9019608 0.9019608 0.9019608 1 1 1 1 1 0.9490196 0.9490196 0.9490196 1 0.9490196 0.9490196 0.9490196 1 1 1 1 1 0.9019608 0.9019608 0.9019608 1 0.9490196 0.9490196 0.9490196 1 0.8509804 0.8509804 0.8509804 1 1 1 1 1 0.8509804 0.8509804 0.8509804 1 0.8509804 0.8509804 0.8509804 1 0.9490196 0.9490196 0.9490196 1 0.8509804 0.8509804 0.8509804 1 0.7490196 0.7490196 0.7490196 1 0.8509804 0.8509804 0.8509804 1 0.7490196 0.7490196 0.7490196 1 0.7490196 0.7490196 0.7490196 1 0.8509804 0.8509804 0.8509804 1 0.7490196 0.7490196 0.7490196 1 0.6 0.6 0.6 1 0.7490196 0.7490196 0.7490196 1 0.6 0.6 0.6 1 0.6 0.6 0.6 1 0.7490196 0.7490196 0.7490196 1 0.5019608 0.5019608 0.5019608 1 0.5019608 0.5019608 0.5019608 1 0.4509804 0.4509804 0.4509804 1 0.5019608 0.5019608 0.5019608 1 0.5019608 0.5019608 0.5019608 1 0.5019608 0.5019608 0.5019608 1 0.4509804 0.4509804 0.4509804 1 0.5019608 0.5019608 0.5019608 1 0.5019608 0.5019608 0.5019608 1 0.4509804 0.4509804 0.4509804 1 0.4509804 0.4509804 0.4509804 1 0.5019608 0.5019608 0.5019608 1 0.4509804 0.4509804 0.4509804 1 0.4509804 0.4509804 0.4509804 1 0.4509804 0.4509804 0.4509804 1 0.4509804 0.4509804 0.4509804 1 0.4 0.4 0.4 1 0.4509804 0.4509804 0.4509804 1 0.4509804 0.4509804 0.4509804 1 0.4 0.4 0.4 1 0.4509804 0.4509804 0.4509804 1 0.4509804 0.4509804 0.4509804 1 0.4 0.4 0.4 1 0.4 0.4 0.4 1 0.4509804 0.4509804 0.4509804 1 0.4 0.4 0.4 1 0.4509804 0.4509804 0.4509804 1 0.4 0.4 0.4 1 0.4 0.4 0.4 1 0.4 0.4 0.4 1 0.4 0.4 0.4 1 0.4 0.4 0.4 1 0.4 0.4 0.4 1 0.4 0.4 0.4 1 0.4 0.4 0.4 1 0.4 0.4 0.4 1 0.4 0.4 0.4 1 0.4 0.4 0.4 1 0.4 0.4 0.4 1 0.6 0.6 0.6 1 0.4 0.4 0.4 1 0.4 0.4 0.4 1 0.6 0.6 0.6 1 0.6 0.6 0.6 1 0.4 0.4 0.4 1 0.7490196 0.7490196 0.7490196 1 0.6 0.6 0.6 1 0.6 0.6 0.6 1 0.7490196 0.7490196 0.7490196 1 0.8 0.8 0.8 1 0.6 0.6 0.6 1 0.8509804 0.8509804 0.8509804 1 0.8 0.8 0.8 1 0.7490196 0.7490196 0.7490196 1 0.4 0.4 0.4 1 0.5019608 0.5019608 0.5019608 1 0.4 0.4 0.4 1 0.4 0.4 0.4 1 0.8 0.8 0.8 1 0.5019608 0.5019608 0.5019608 1 0.7490196 0.7490196 0.7490196 1 0.8 0.8 0.8 1 0.4 0.4 0.4 1 0.7490196 0.7490196 0.7490196 1 0.8509804 0.8509804 0.8509804 1 0.8 0.8 0.8 1 0.5490196 0.5490196 0.5490196 1 0.8509804 0.8509804 0.8509804 1 0.7490196 0.7490196 0.7490196 1 0.5490196 0.5490196 0.5490196 1 0.8 0.8 0.8 1 0.8509804 0.8509804 0.8509804 1 0.6 0.6 0.6 1 0.8 0.8 0.8 1 0.5490196 0.5490196 0.5490196 1 0.6 0.6 0.6 1 0.7019608 0.7019608 0.7019608 1 0.8 0.8 0.8 1 0.4 0.4 0.4 1 0.7019608 0.7019608 0.7019608 1 0.6 0.6 0.6 1 0.8509804 0.8509804 0.8509804 1 0.8509804 0.8509804 0.8509804 1 0.8509804 0.8509804 0.8509804 1 0.8509804 0.8509804 0.8509804 1 0.8509804 0.8509804 0.8509804 1 0.8509804 0.8509804 0.8509804 1 0.8509804 0.8509804 0.8509804 1 0.8509804 0.8509804 0.8509804 1 0.8509804 0.8509804 0.8509804 1 0.8509804 0.8509804 0.8509804 1 0.8509804 0.8509804 0.8509804 1 0.8509804 0.8509804 0.8509804 1 0.8509804 0.8509804 0.8509804 1 0.8509804 0.8509804 0.8509804 1 0.8509804 0.8509804 0.8509804 1 0.8509804 0.8509804 0.8509804 1 0.8509804 0.8509804 0.8509804 1 0.8509804 0.8509804 0.8509804 1 0.8509804 0.8509804 0.8509804 1 0.8509804 0.8509804 0.8509804 1 0.8509804 0.8509804 0.8509804 1 0.8509804 0.8509804 0.8509804 1 0.8509804 0.8509804 0.8509804 1 0.8509804 0.8509804 0.8509804 1 0.8509804 0.8509804 0.8509804 1 0.8509804 0.8509804 0.8509804 1 0.8509804 0.8509804 0.8509804 1 0.8509804 0.8509804 0.8509804 1 0.8509804 0.8509804 0.8509804 1 0.8509804 0.8509804 0.8509804 1 0.8509804 0.8509804 0.8509804 1 0.8509804 0.8509804 0.8509804 1 0.8509804 0.8509804 0.8509804 1 0.8509804 0.8509804 0.8509804 1 0.8509804 0.8509804 0.8509804 1 0.8509804 0.8509804 0.8509804 1 0.8509804 0.8509804 0.8509804 1 0.8509804 0.8509804 0.8509804 1 0.8509804 0.8509804 0.8509804 1 0.8509804 0.8509804 0.8509804 1 0.8509804 0.8509804 0.8509804 1 0.8509804 0.8509804 0.8509804 1 0.8509804 0.8509804 0.8509804 1 0.8509804 0.8509804 0.8509804 1 0.8509804 0.8509804 0.8509804 1 0.8509804 0.8509804 0.8509804 1 0.8509804 0.8509804 0.8509804 1 0.8509804 0.8509804 0.8509804 1 0.7490196 0.7490196 0.7490196 1 0.6509804 0.6509804 0.6509804 1 0.7019608 0.7019608 0.7019608 1 0.7490196 0.7490196 0.7490196 1 0.6 0.6 0.6 1 0.6509804 0.6509804 0.6509804 1 0.6509804 0.6509804 0.6509804 1 0.6 0.6 0.6 1 0.7490196 0.7490196 0.7490196 1 0.6509804 0.6509804 0.6509804 1 0.6 0.6 0.6 1 0.6 0.6 0.6 1 0.6 0.6 0.6 1 0.6 0.6 0.6 1 0.6509804 0.6509804 0.6509804 1 0.6 0.6 0.6 1 0.6509804 0.6509804 0.6509804 1 0.6 0.6 0.6 1 0.7019608 0.7019608 0.7019608 1 0.6509804 0.6509804 0.6509804 1 0.6 0.6 0.6 1 0.7019608 0.7019608 0.7019608 1 0.6 0.6 0.6 1 0.6509804 0.6509804 0.6509804 1 0.4509804 0.4509804 0.4509804 1 0.5019608 0.5019608 0.5019608 1 0.4509804 0.4509804 0.4509804 1 0.4509804 0.4509804 0.4509804 1 0.4509804 0.4509804 0.4509804 1 0.5019608 0.5019608 0.5019608 1 0.4509804 0.4509804 0.4509804 1 0.4509804 0.4509804 0.4509804 1 0.4509804 0.4509804 0.4509804 1 0.4509804 0.4509804 0.4509804 1 0.4509804 0.4509804 0.4509804 1 0.4509804 0.4509804 0.4509804 1 0.4 0.4 0.4 1 0.4509804 0.4509804 0.4509804 1 0.4509804 0.4509804 0.4509804 1 0.4 0.4 0.4 1 0.4509804 0.4509804 0.4509804 1 0.4509804 0.4509804 0.4509804 1 0.4509804 0.4509804 0.4509804 1 0.4509804 0.4509804 0.4509804 1 0.4 0.4 0.4 1 0.4509804 0.4509804 0.4509804 1 0.4509804 0.4509804 0.4509804 1 0.4509804 0.4509804 0.4509804 1 0.9490196 0.9490196 0.9490196 1 0.9019608 0.9019608 0.9019608 1 0.9019608 0.9019608 0.9019608 1 0.9490196 0.9490196 0.9490196 1 0.9490196 0.9490196 0.9490196 1 0.9019608 0.9019608 0.9019608 1 0.9490196 0.9490196 0.9490196 1 0.9490196 0.9490196 0.9490196 1 0.9490196 0.9490196 0.9490196 1 0.9490196 0.9490196 0.9490196 1 0.9019608 0.9019608 0.9019608 1 0.9490196 0.9490196 0.9490196 1 0.8509804 0.8509804 0.8509804 1 0.9019608 0.9019608 0.9019608 1 0.9490196 0.9490196 0.9490196 1 0.8509804 0.8509804 0.8509804 1 0.8509804 0.8509804 0.8509804 1 0.9019608 0.9019608 0.9019608 1 0.6 0.6 0.6 1 0.8509804 0.8509804 0.8509804 1 0.8509804 0.8509804 0.8509804 1 0.6 0.6 0.6 1 0.6 0.6 0.6 1 0.8509804 0.8509804 0.8509804 1 0.9490196 0.9490196 0.9490196 1 0.9490196 0.9490196 0.9490196 1 0.9490196 0.9490196 0.9490196 1 0.9490196 0.9490196 0.9490196 1 1 1 1 1 0.9490196 0.9490196 0.9490196 1 1 1 1 1 1 1 1 1 0.9490196 0.9490196 0.9490196 1 1 1 1 1 1 1 1 1 1 1 1 1 1 1 1 1 1 1 1 1 1 1 1 1 1 1 1 1 0.9490196 0.9490196 0.9490196 1 1 1 1 1 0.9490196 0.9490196 0.9490196 1 0.9490196 0.9490196 0.9490196 1 1 1 1 1 0.7490196 0.7490196 0.7490196 1 0.8 0.8 0.8 1 0.8 0.8 0.8 1 0.7490196 0.7490196 0.7490196 1 0.7490196 0.7490196 0.7490196 1 0.8 0.8 0.8 1 0.7490196 0.7490196 0.7490196 1 0.7490196 0.7490196 0.7490196 1 0.7490196 0.7490196 0.7490196 1 0.7490196 0.7490196 0.7490196 1 0.7490196 0.7490196 0.7490196 1 0.7490196 0.7490196 0.7490196 1 0.7490196 0.7490196 0.7490196 1 0.7490196 0.7490196 0.7490196 1 0.7490196 0.7490196 0.7490196 1 0.7490196 0.7490196 0.7490196 1 0.7490196 0.7490196 0.7490196 1 0.7490196 0.7490196 0.7490196 1 0.6509804 0.6509804 0.6509804 1 0.7490196 0.7490196 0.7490196 1 0.7490196 0.7490196 0.7490196 1 0.4509804 0.4509804 0.4509804 1 0.5019608 0.5019608 0.5019608 1 0.5490196 0.5490196 0.5490196 1 0.4509804 0.4509804 0.4509804 1 0.4509804 0.4509804 0.4509804 1 0.5019608 0.5019608 0.5019608 1 0.4509804 0.4509804 0.4509804 1 0.4509804 0.4509804 0.4509804 1 0.4509804 0.4509804 0.4509804 1 0.4509804 0.4509804 0.4509804 1 0.4509804 0.4509804 0.4509804 1 0.4509804 0.4509804 0.4509804 1 0.4509804 0.4509804 0.4509804 1 0.4509804 0.4509804 0.4509804 1 0.4509804 0.4509804 0.4509804 1 0.4509804 0.4509804 0.4509804 1 0.4 0.4 0.4 1 0.4509804 0.4509804 0.4509804 1 0.4509804 0.4509804 0.4509804 1 0.4 0.4 0.4 1 0.4509804 0.4509804 0.4509804 1 0.6509804 0.6509804 0.6509804 1 0.4509804 0.4509804 0.4509804 1 0.6 0.6 0.6 1 0.6509804 0.6509804 0.6509804 1 0.5490196 0.5490196 0.5490196 1 0.4509804 0.4509804 0.4509804 1 0.6 0.6 0.6 1 0.5490196 0.5490196 0.5490196 1 0.6509804 0.6509804 0.6509804 1 0.6 0.6 0.6 1 0.4509804 0.4509804 0.4509804 1 0.5490196 0.5490196 0.5490196 1 0.5490196 0.5490196 0.5490196 1 0.4509804 0.4509804 0.4509804 1 0.6 0.6 0.6 1 0.5490196 0.5490196 0.5490196 1 0.4509804 0.4509804 0.4509804 1 0.4509804 0.4509804 0.4509804 1 0.5490196 0.5490196 0.5490196 1 0.4509804 0.4509804 0.4509804 1 0.5490196 0.5490196 0.5490196 1 0.8509804 0.8509804 0.8509804 1 0.9490196 0.9490196 0.9490196 1 0.9019608 0.9019608 0.9019608 1 0.8509804 0.8509804 0.8509804 1 0.8 0.8 0.8 1 0.9490196 0.9490196 0.9490196 1 0.6509804 0.6509804 0.6509804 1 0.8 0.8 0.8 1 0.8509804 0.8509804 0.8509804 1 0.6509804 0.6509804 0.6509804 1 0.5490196 0.5490196 0.5490196 1 0.8 0.8 0.8 1 0.4509804 0.4509804 0.4509804 1 0.5490196 0.5490196 0.5490196 1 0.6509804 0.6509804 0.6509804 1 0.4509804 0.4509804 0.4509804 1 0.4509804 0.4509804 0.4509804 1 0.5490196 0.5490196 0.5490196 1 0.4 0.4 0.4 1 0.4509804 0.4509804 0.4509804 1 0.4509804 0.4509804 0.4509804 1 0.9490196 0.9490196 0.9490196 1 0.8509804 0.8509804 0.8509804 1 0.8509804 0.8509804 0.8509804 1 0.9490196 0.9490196 0.9490196 1 0.9490196 0.9490196 0.9490196 1 0.8509804 0.8509804 0.8509804 1 0.9019608 0.9019608 0.9019608 1 0.9490196 0.9490196 0.9490196 1 0.9490196 0.9490196 0.9490196 1 0.9019608 0.9019608 0.9019608 1 0.9019608 0.9019608 0.9019608 1 0.9490196 0.9490196 0.9490196 1 0.8509804 0.8509804 0.8509804 1 0.9019608 0.9019608 0.9019608 1 0.9019608 0.9019608 0.9019608 1 0.8509804 0.8509804 0.8509804 1 0.8 0.8 0.8 1 0.9019608 0.9019608 0.9019608 1 0.7019608 0.7019608 0.7019608 1 0.8 0.8 0.8 1 0.8509804 0.8509804 0.8509804 1 0.4 0.4 0.4 1 0.6 0.6 0.6 1 0.6509804 0.6509804 0.6509804 1 0.4 0.4 0.4 1 0.7019608 0.7019608 0.7019608 1 0.6 0.6 0.6 1 0.6 0.6 0.6 1 0.7019608 0.7019608 0.7019608 1 0.4 0.4 0.4 1 0.6 0.6 0.6 1 0.4 0.4 0.4 1 0.7019608 0.7019608 0.7019608 1 0.4 0.4 0.4 1 0.4 0.4 0.4 1 0.6 0.6 0.6 1 0.4 0.4 0.4 1 0.4 0.4 0.4 1 0.4 0.4 0.4 1 0.4 0.4 0.4 1 0.4509804 0.4509804 0.4509804 1 0.4 0.4 0.4 1 0.4 0.4 0.4 1 0.6 0.6 0.6 1 0.4509804 0.4509804 0.4509804 1 0.4509804 0.4509804 0.4509804 1 0.6 0.6 0.6 1 0.4 0.4 0.4 1 0.4509804 0.4509804 0.4509804 1 0.7019608 0.7019608 0.7019608 1 0.6 0.6 0.6 1 0.4 0.4 0.4 1 0.7019608 0.7019608 0.7019608 1 0.4509804 0.4509804 0.4509804 1 0.4 0.4 0.4 1 0.7019608 0.7019608 0.7019608 1 0.7019608 0.7019608 0.7019608 1 0.5019608 0.5019608 0.5019608 1 0.4 0.4 0.4 1 0.4 0.4 0.4 1 0.5019608 0.5019608 0.5019608 1 0.4 0.4 0.4 1 0.4 0.4 0.4 1 0.5490196 0.5490196 0.5490196 1 0.4 0.4 0.4 1 0.5019608 0.5019608 0.5019608 1 0.5490196 0.5490196 0.5490196 1 0.4 0.4 0.4 1 0.4 0.4 0.4 1 0.5490196 0.5490196 0.5490196 1 0.4 0.4 0.4 1 0.5490196 0.5490196 0.5490196 1 0.5490196 0.5490196 0.5490196 1 0.4 0.4 0.4 1 0.4 0.4 0.4 1 0.4 0.4 0.4 1 0.8509804 0.8509804 0.8509804 1 0.4 0.4 0.4 1 0.4 0.4 0.4 1 0.4 0.4 0.4 1 0.8509804 0.8509804 0.8509804 1 0.4 0.4 0.4 1 0.4 0.4 0.4 1 0.4 0.4 0.4 1 0.4 0.4 0.4 1 0.4 0.4 0.4 1 0.4 0.4 0.4 1 0.4 0.4 0.4 1 0.4 0.4 0.4 1 0.4 0.4 0.4 1 0.4 0.4 0.4 1 0.4 0.4 0.4 1 0.4 0.4 0.4 1 0.4509804 0.4509804 0.4509804 1 0.4509804 0.4509804 0.4509804 1 0.4509804 0.4509804 0.4509804 1 0.4509804 0.4509804 0.4509804 1 0.5019608 0.5019608 0.5019608 1 0.4509804 0.4509804 0.4509804 1 0.4509804 0.4509804 0.4509804 1 0.5019608 0.5019608 0.5019608 1 0.4509804 0.4509804 0.4509804 1 0.4509804 0.4509804 0.4509804 1 0.5019608 0.5019608 0.5019608 1 0.5019608 0.5019608 0.5019608 1 0.4509804 0.4509804 0.4509804 1 0.5019608 0.5019608 0.5019608 1 0.4509804 0.4509804 0.4509804 1 0.4509804 0.4509804 0.4509804 1 0.5490196 0.5490196 0.5490196 1 0.5019608 0.5019608 0.5019608 1 0.8509804 0.8509804 0.8509804 1 0.8509804 0.8509804 0.8509804 1 0.8509804 0.8509804 0.8509804 1 0.8509804 0.8509804 0.8509804 1 0.8509804 0.8509804 0.8509804 1 0.8509804 0.8509804 0.8509804 1 0.8509804 0.8509804 0.8509804 1 0.8509804 0.8509804 0.8509804 1 0.8509804 0.8509804 0.8509804 1 0.8509804 0.8509804 0.8509804 1 0.8509804 0.8509804 0.8509804 1 0.8509804 0.8509804 0.8509804 1 0.8509804 0.8509804 0.8509804 1 0.8509804 0.8509804 0.8509804 1 0.8509804 0.8509804 0.8509804 1 0.8509804 0.8509804 0.8509804 1 0.8509804 0.8509804 0.8509804 1 0.8509804 0.8509804 0.8509804 1 0.4 0.4 0.4 1 0.7019608 0.7019608 0.7019608 1 0.5490196 0.5490196 0.5490196 1 0.4 0.4 0.4 1 0.5490196 0.5490196 0.5490196 1 0.7019608 0.7019608 0.7019608 1 0.4 0.4 0.4 1 0.5490196 0.5490196 0.5490196 1 0.4 0.4 0.4 1 0.4 0.4 0.4 1 0.4509804 0.4509804 0.4509804 1 0.5490196 0.5490196 0.5490196 1 0.4 0.4 0.4 1 0.4509804 0.4509804 0.4509804 1 0.4 0.4 0.4 1 0.4 0.4 0.4 1 0.4 0.4 0.4 1 0.4509804 0.4509804 0.4509804 1 0.4509804 0.4509804 0.4509804 1 0.4 0.4 0.4 1 0.4 0.4 0.4 1 0.4509804 0.4509804 0.4509804 1 0.4509804 0.4509804 0.4509804 1 0.4 0.4 0.4 1 0.6509804 0.6509804 0.6509804 1 0.4509804 0.4509804 0.4509804 1 0.4509804 0.4509804 0.4509804 1 0.6509804 0.6509804 0.6509804 1 0.5490196 0.5490196 0.5490196 1 0.4509804 0.4509804 0.4509804 1 0.7490196 0.7490196 0.7490196 1 0.5490196 0.5490196 0.5490196 1 0.6509804 0.6509804 0.6509804 1 0.7490196 0.7490196 0.7490196 1 0.7019608 0.7019608 0.7019608 1 0.5490196 0.5490196 0.5490196 1 0.9490196 0.9490196 0.9490196 1 0.9490196 0.9490196 0.9490196 1 0.9490196 0.9490196 0.9490196 1 0.9490196 0.9490196 0.9490196 1 0.9490196 0.9490196 0.9490196 1 0.9490196 0.9490196 0.9490196 1 0.9490196 0.9490196 0.9490196 1 0.9490196 0.9490196 0.9490196 1 0.9490196 0.9490196 0.9490196 1 0.9490196 0.9490196 0.9490196 1 0.9490196 0.9490196 0.9490196 1 0.9490196 0.9490196 0.9490196 1 0.9490196 0.9490196 0.9490196 1 0.9490196 0.9490196 0.9490196 1 0.9490196 0.9490196 0.9490196 1 0.9490196 0.9490196 0.9490196 1 1 1 1 1 0.9490196 0.9490196 0.9490196 1 0.7019608 0.7019608 0.7019608 1 0.9019608 0.9019608 0.9019608 1 0.7019608 0.7019608 0.7019608 1 0.7019608 0.7019608 0.7019608 1 0.9490196 0.9490196 0.9490196 1 0.9019608 0.9019608 0.9019608 1 0.8509804 0.8509804 0.8509804 1 0.9490196 0.9490196 0.9490196 1 0.7019608 0.7019608 0.7019608 1 0.8509804 0.8509804 0.8509804 1 0.9490196 0.9490196 0.9490196 1 0.9490196 0.9490196 0.9490196 1 0.7490196 0.7490196 0.7490196 1 0.9490196 0.9490196 0.9490196 1 0.8509804 0.8509804 0.8509804 1 0.7490196 0.7490196 0.7490196 1 0.8509804 0.8509804 0.8509804 1 0.9490196 0.9490196 0.9490196 1 0.7490196 0.7490196 0.7490196 1 0.6 0.6 0.6 1 0.7490196 0.7490196 0.7490196 1 0.7490196 0.7490196 0.7490196 1 0.6509804 0.6509804 0.6509804 1 0.6 0.6 0.6 1 0.8509804 0.8509804 0.8509804 1 0.6509804 0.6509804 0.6509804 1 0.7490196 0.7490196 0.7490196 1 0.8509804 0.8509804 0.8509804 1 0.7490196 0.7490196 0.7490196 1 0.6509804 0.6509804 0.6509804 1 0.9019608 0.9019608 0.9019608 1 0.7490196 0.7490196 0.7490196 1 0.8509804 0.8509804 0.8509804 1 0.9019608 0.9019608 0.9019608 1 0.9490196 0.9490196 0.9490196 1 0.7490196 0.7490196 0.7490196 1 0.4 0.4 0.4 1 0.4509804 0.4509804 0.4509804 1 0.5019608 0.5019608 0.5019608 1 0.4 0.4 0.4 1 0.4 0.4 0.4 1 0.4509804 0.4509804 0.4509804 1 0.4 0.4 0.4 1 0.4 0.4 0.4 1 0.4 0.4 0.4 1 0.4 0.4 0.4 1 0.4 0.4 0.4 1 0.4 0.4 0.4 1 0.5019608 0.5019608 0.5019608 1 0.4 0.4 0.4 1 0.4 0.4 0.4 1 0.5019608 0.5019608 0.5019608 1 0.6509804 0.6509804 0.6509804 1 0.4 0.4 0.4 1 0.5019608 0.5019608 0.5019608 1 0.6 0.6 0.6 1 0.6 0.6 0.6 1 0.5019608 0.5019608 0.5019608 1 0.5019608 0.5019608 0.5019608 1 0.6 0.6 0.6 1 0.4 0.4 0.4 1 0.5019608 0.5019608 0.5019608 1 0.5019608 0.5019608 0.5019608 1 0.4 0.4 0.4 1 0.4 0.4 0.4 1 0.5019608 0.5019608 0.5019608 1 0.4 0.4 0.4 1 0.4 0.4 0.4 1 0.4 0.4 0.4 1 0.7490196 0.7490196 0.7490196 1 0.6509804 0.6509804 0.6509804 1 0.6 0.6 0.6 1 0.7490196 0.7490196 0.7490196 1 0.7019608 0.7019608 0.7019608 1 0.6509804 0.6509804 0.6509804 1 0.7490196 0.7490196 0.7490196 1 0.7019608 0.7019608 0.7019608 1 0.7490196 0.7490196 0.7490196 1 0.7490196 0.7490196 0.7490196 1 0.7019608 0.7019608 0.7019608 1 0.7019608 0.7019608 0.7019608 1 0.7490196 0.7490196 0.7490196 1 0.7019608 0.7019608 0.7019608 1 0.7490196 0.7490196 0.7490196 1 0.8509804 0.8509804 0.8509804 1 0.8509804 0.8509804 0.8509804 1 0.8509804 0.8509804 0.8509804 1 0.8509804 0.8509804 0.8509804 1 0.8509804 0.8509804 0.8509804 1 0.8509804 0.8509804 0.8509804 1 0.8509804 0.8509804 0.8509804 1 0.8509804 0.8509804 0.8509804 1 0.8509804 0.8509804 0.8509804 1 0.8509804 0.8509804 0.8509804 1 0.8509804 0.8509804 0.8509804 1 0.8509804 0.8509804 0.8509804 1 0.8509804 0.8509804 0.8509804 1 0.8509804 0.8509804 0.8509804 1 0.8509804 0.8509804 0.8509804 1 0.4 0.4 0.4 1 0.5019608 0.5019608 0.5019608 1 0.5490196 0.5490196 0.5490196 1 0.4 0.4 0.4 1 0.5019608 0.5019608 0.5019608 1 0.5019608 0.5019608 0.5019608 1 0.4 0.4 0.4 1 0.5019608 0.5019608 0.5019608 1 0.4 0.4 0.4 1 0.4 0.4 0.4 1 0.4509804 0.4509804 0.4509804 1 0.5019608 0.5019608 0.5019608 1 0.4 0.4 0.4 1 0.4509804 0.4509804 0.4509804 1 0.4 0.4 0.4 1 0.6509804 0.6509804 0.6509804 1 0.7019608 0.7019608 0.7019608 1 0.8509804 0.8509804 0.8509804 1 0.6509804 0.6509804 0.6509804 1 0.5490196 0.5490196 0.5490196 1 0.7019608 0.7019608 0.7019608 1 0.7019608 0.7019608 0.7019608 1 0.5490196 0.5490196 0.5490196 1 0.6509804 0.6509804 0.6509804 1 0.7019608 0.7019608 0.7019608 1 0.4509804 0.4509804 0.4509804 1 0.5490196 0.5490196 0.5490196 1 0.5490196 0.5490196 0.5490196 1 0.4509804 0.4509804 0.4509804 1 0.7019608 0.7019608 0.7019608 1 0.4 0.4 0.4 1 0.7490196 0.7490196 0.7490196 1 0.7019608 0.7019608 0.7019608 1 0.4 0.4 0.4 1 0.7490196 0.7490196 0.7490196 1 0.7490196 0.7490196 0.7490196 1 0.4 0.4 0.4 1 0.7490196 0.7490196 0.7490196 1 0.4 0.4 0.4 1 0.4 0.4 0.4 1 0.8509804 0.8509804 0.8509804 1 0.7490196 0.7490196 0.7490196 1 0.6 0.6 0.6 1 0.8509804 0.8509804 0.8509804 1 0.4 0.4 0.4 1 0.4 0.4 0.4 1 0.4 0.4 0.4 1 0.4 0.4 0.4 1 0.4 0.4 0.4 1 0.4 0.4 0.4 1 0.4 0.4 0.4 1 0.6 0.6 0.6 1 0.4 0.4 0.4 1 0.4 0.4 0.4 1 0.6 0.6 0.6 1 0.6 0.6 0.6 1 0.4 0.4 0.4 1 0.8 0.8 0.8 1 0.6 0.6 0.6 1 0.6 0.6 0.6 1 0.8509804 0.8509804 0.8509804 1 0.8509804 0.8509804 0.8509804 1 0.9019608 0.9019608 0.9019608 1 0.8509804 0.8509804 0.8509804 1 0.8 0.8 0.8 1 0.8509804 0.8509804 0.8509804 1 0.7490196 0.7490196 0.7490196 1 0.8 0.8 0.8 1 0.8509804 0.8509804 0.8509804 1 0.7490196 0.7490196 0.7490196 1 0.7490196 0.7490196 0.7490196 1 0.8 0.8 0.8 1 0.7490196 0.7490196 0.7490196 1 0.7490196 0.7490196 0.7490196 1 0.7490196 0.7490196 0.7490196 1 0.7019608 0.7019608 0.7019608 1 0.8 0.8 0.8 1 0.6 0.6 0.6 1 0.7019608 0.7019608 0.7019608 1 0.8509804 0.8509804 0.8509804 1 0.8 0.8 0.8 1 0.5019608 0.5019608 0.5019608 1 0.8509804 0.8509804 0.8509804 1 0.7019608 0.7019608 0.7019608 1 0.5019608 0.5019608 0.5019608 1 0.8509804 0.8509804 0.8509804 1 0.8509804 0.8509804 0.8509804 1 0.5490196 0.5490196 0.5490196 1 0.8509804 0.8509804 0.8509804 1 0.5019608 0.5019608 0.5019608 1 0.8509804 0.8509804 0.8509804 1 0.8509804 0.8509804 0.8509804 1 0.8509804 0.8509804 0.8509804 1 0.8509804 0.8509804 0.8509804 1 0.8509804 0.8509804 0.8509804 1 0.8509804 0.8509804 0.8509804 1 0.8509804 0.8509804 0.8509804 1 0.8509804 0.8509804 0.8509804 1 0.8509804 0.8509804 0.8509804 1 0.8509804 0.8509804 0.8509804 1 0.8509804 0.8509804 0.8509804 1 0.8509804 0.8509804 0.8509804 1 0.8509804 0.8509804 0.8509804 1 0.8509804 0.8509804 0.8509804 1 0.8509804 0.8509804 0.8509804 1 0.4 0.4 0.4 1 0.6 0.6 0.6 1 0.7019608 0.7019608 0.7019608 1 0.4 0.4 0.4 1 0.7490196 0.7490196 0.7490196 1 0.6 0.6 0.6 1 0.6 0.6 0.6 1 0.7490196 0.7490196 0.7490196 1 0.4 0.4 0.4 1 0.6 0.6 0.6 1 0.8 0.8 0.8 1 0.7490196 0.7490196 0.7490196 1 0.8 0.8 0.8 1 0.8 0.8 0.8 1 0.6 0.6 0.6 1 1 1 1 1 0.9490196 0.9490196 0.9490196 1 0.9490196 0.9490196 0.9490196 1 1 1 1 1 1 1 1 1 0.9490196 0.9490196 0.9490196 1 1 1 1 1 1 1 1 1 1 1 1 1 1 1 1 1 1 1 1 1 1 1 1 1 0.9490196 0.9490196 0.9490196 1 1 1 1 1 1 1 1 1 0.6509804 0.6509804 0.6509804 1 0.4 0.4 0.4 1 0.4 0.4 0.4 1 0.6509804 0.6509804 0.6509804 1 0.7490196 0.7490196 0.7490196 1 0.4 0.4 0.4 1 0.8 0.8 0.8 1 0.7490196 0.7490196 0.7490196 1 0.6509804 0.6509804 0.6509804 1 0.8 0.8 0.8 1 0.9019608 0.9019608 0.9019608 1 0.7490196 0.7490196 0.7490196 1 0.9490196 0.9490196 0.9490196 1 0.9019608 0.9019608 0.9019608 1 0.8 0.8 0.8 1 0.8 0.8 0.8 1 0.8509804 0.8509804 0.8509804 1 0.8509804 0.8509804 0.8509804 1 0.8 0.8 0.8 1 0.8509804 0.8509804 0.8509804 1 0.8509804 0.8509804 0.8509804 1 0.8509804 0.8509804 0.8509804 1 0.8509804 0.8509804 0.8509804 1 0.8 0.8 0.8 1 0.8509804 0.8509804 0.8509804 1 0.8509804 0.8509804 0.8509804 1 0.8509804 0.8509804 0.8509804 1 0.8509804 0.8509804 0.8509804 1 0.8509804 0.8509804 0.8509804 1 0.8509804 0.8509804 0.8509804 1 0.8509804 0.8509804 0.8509804 1 0.8509804 0.8509804 0.8509804 1 0.8509804 0.8509804 0.8509804 1 0.8509804 0.8509804 0.8509804 1 0.8509804 0.8509804 0.8509804 1 0.8509804 0.8509804 0.8509804 1 0.8509804 0.8509804 0.8509804 1 0.8509804 0.8509804 0.8509804 1 0.8509804 0.8509804 0.8509804 1 0.8509804 0.8509804 0.8509804 1 0.8509804 0.8509804 0.8509804 1 0.8509804 0.8509804 0.8509804 1 0.8509804 0.8509804 0.8509804 1 0.8509804 0.8509804 0.8509804 1 0.8509804 0.8509804 0.8509804 1 0.6 0.6 0.6 1 0.5019608 0.5019608 0.5019608 1 0.7019608 0.7019608 0.7019608 1 0.6 0.6 0.6 1 0.4 0.4 0.4 1 0.5019608 0.5019608 0.5019608 1 0.4509804 0.4509804 0.4509804 1 0.4 0.4 0.4 1 0.6 0.6 0.6 1 0.4509804 0.4509804 0.4509804 1 0.4 0.4 0.4 1 0.4 0.4 0.4 1 0.4 0.4 0.4 1 0.4 0.4 0.4 1 0.4509804 0.4509804 0.4509804 1 0.9490196 0.9490196 0.9490196 1 0.7019608 0.7019608 0.7019608 1 0.8509804 0.8509804 0.8509804 1 0.9490196 0.9490196 0.9490196 1 0.7019608 0.7019608 0.7019608 1 0.7019608 0.7019608 0.7019608 1 0.7490196 0.7490196 0.7490196 1 0.7019608 0.7019608 0.7019608 1 0.9490196 0.9490196 0.9490196 1 0.7490196 0.7490196 0.7490196 1 0.8509804 0.8509804 0.8509804 1 0.7019608 0.7019608 0.7019608 1 0.8509804 0.8509804 0.8509804 1 0.8509804 0.8509804 0.8509804 1 0.7490196 0.7490196 0.7490196 1 0.5019608 0.5019608 0.5019608 1 0.7490196 0.7490196 0.7490196 1 0.7019608 0.7019608 0.7019608 1 0.5019608 0.5019608 0.5019608 1 0.7490196 0.7490196 0.7490196 1 0.7490196 0.7490196 0.7490196 1 0.5490196 0.5490196 0.5490196 1 0.7490196 0.7490196 0.7490196 1 0.5019608 0.5019608 0.5019608 1 0.5490196 0.5490196 0.5490196 1 0.7019608 0.7019608 0.7019608 1 0.7490196 0.7490196 0.7490196 1 0.4509804 0.4509804 0.4509804 1 0.7019608 0.7019608 0.7019608 1 0.5490196 0.5490196 0.5490196 1 0.8509804 0.8509804 0.8509804 1 0.4 0.4 0.4 1 0.4509804 0.4509804 0.4509804 1 0.8509804 0.8509804 0.8509804 1 0.4 0.4 0.4 1 0.4 0.4 0.4 1 0.8509804 0.8509804 0.8509804 1 0.4 0.4 0.4 1 0.8509804 0.8509804 0.8509804 1 0.8509804 0.8509804 0.8509804 1 0.4 0.4 0.4 1 0.4 0.4 0.4 1 0.4 0.4 0.4 1 0.4 0.4 0.4 1 0.8509804 0.8509804 0.8509804 1 0.8 0.8 0.8 1 0.8509804 0.8509804 0.8509804 1 0.9490196 0.9490196 0.9490196 1 0.8 0.8 0.8 1 0.7490196 0.7490196 0.7490196 1 0.8509804 0.8509804 0.8509804 1 0.7019608 0.7019608 0.7019608 1 0.7490196 0.7490196 0.7490196 1 0.8 0.8 0.8 1 0.7019608 0.7019608 0.7019608 1 0.6 0.6 0.6 1 0.7490196 0.7490196 0.7490196 1 0.6 0.6 0.6 1 0.6 0.6 0.6 1 0.7019608 0.7019608 0.7019608 1 0.8 0.8 0.8 1 0.8 0.8 0.8 1 0.5019608 0.5019608 0.5019608 1 0.8 0.8 0.8 1 0.9490196 0.9490196 0.9490196 1 0.8 0.8 0.8 1 0.8509804 0.8509804 0.8509804 1 0.9490196 0.9490196 0.9490196 1 0.8 0.8 0.8 1 0.8509804 0.8509804 0.8509804 1 0.9019608 0.9019608 0.9019608 1 0.9490196 0.9490196 0.9490196 1 0.8509804 0.8509804 0.8509804 1 0.9019608 0.9019608 0.9019608 1 0.8509804 0.8509804 0.8509804 1 0.8509804 0.8509804 0.8509804 1 0.7019608 0.7019608 0.7019608 1 0.8509804 0.8509804 0.8509804 1 0.8509804 0.8509804 0.8509804 1 0.7019608 0.7019608 0.7019608 1 0.7019608 0.7019608 0.7019608 1 0.8509804 0.8509804 0.8509804 1 0.7019608 0.7019608 0.7019608 1 0.8509804 0.8509804 0.8509804 1 0.8509804 0.8509804 0.8509804 1 0.8509804 0.8509804 0.8509804 1 0.7019608 0.7019608 0.7019608 1 0.5490196 0.5490196 0.5490196 1 0.6509804 0.6509804 0.6509804 1 0.7490196 0.7490196 0.7490196 1 0.5490196 0.5490196 0.5490196 1 0.4 0.4 0.4 1 0.6509804 0.6509804 0.6509804 1 0.4 0.4 0.4 1 0.4 0.4 0.4 1 0.5490196 0.5490196 0.5490196 1 0.4 0.4 0.4 1 0.4 0.4 0.4 1 0.4 0.4 0.4 1 0.7019608 0.7019608 0.7019608 1 0.8 0.8 0.8 1 0.7490196 0.7490196 0.7490196 1 0.7019608 0.7019608 0.7019608 1 0.7490196 0.7490196 0.7490196 1 0.8 0.8 0.8 1 0.6509804 0.6509804 0.6509804 1 0.7490196 0.7490196 0.7490196 1 0.7019608 0.7019608 0.7019608 1 0.6509804 0.6509804 0.6509804 1 0.6509804 0.6509804 0.6509804 1 0.7490196 0.7490196 0.7490196 1 0.6509804 0.6509804 0.6509804 1 0.7490196 0.7490196 0.7490196 1 0.7490196 0.7490196 0.7490196 1 0.6509804 0.6509804 0.6509804 1 0.7490196 0.7490196 0.7490196 1 0.7490196 0.7490196 0.7490196 1 0.6509804 0.6509804 0.6509804 1 0.7490196 0.7490196 0.7490196 1 0.6509804 0.6509804 0.6509804 1 0.6509804 0.6509804 0.6509804 1 0.6509804 0.6509804 0.6509804 1 0.7490196 0.7490196 0.7490196 1 0.9490196 0.9490196 0.9490196 1 0.9490196 0.9490196 0.9490196 1 0.9490196 0.9490196 0.9490196 1 0.9490196 0.9490196 0.9490196 1 0.9490196 0.9490196 0.9490196 1 0.9490196 0.9490196 0.9490196 1 0.9490196 0.9490196 0.9490196 1 0.9490196 0.9490196 0.9490196 1 0.9490196 0.9490196 0.9490196 1 0.9490196 0.9490196 0.9490196 1 1 1 1 1 0.9490196 0.9490196 0.9490196 1 0.8509804 0.8509804 0.8509804 1 0.8509804 0.8509804 0.8509804 1 0.8509804 0.8509804 0.8509804 1 0.8509804 0.8509804 0.8509804 1 0.8509804 0.8509804 0.8509804 1 0.8509804 0.8509804 0.8509804 1 0.8509804 0.8509804 0.8509804 1 0.8509804 0.8509804 0.8509804 1 0.8509804 0.8509804 0.8509804 1 0.8509804 0.8509804 0.8509804 1 0.8509804 0.8509804 0.8509804 1 0.8509804 0.8509804 0.8509804 1 0.8 0.8 0.8 1 0.9490196 0.9490196 0.9490196 1 0.8509804 0.8509804 0.8509804 1 0.8 0.8 0.8 1 0.8509804 0.8509804 0.8509804 1 0.9490196 0.9490196 0.9490196 1 0.5019608 0.5019608 0.5019608 1 0.8509804 0.8509804 0.8509804 1 0.8 0.8 0.8 1 0.5019608 0.5019608 0.5019608 1 0.6509804 0.6509804 0.6509804 1 0.8509804 0.8509804 0.8509804 1 0.7490196 0.7490196 0.7490196 1 0.6 0.6 0.6 1 0.6509804 0.6509804 0.6509804 1 0.7490196 0.7490196 0.7490196 1 0.7019608 0.7019608 0.7019608 1 0.6 0.6 0.6 1 0.9490196 0.9490196 0.9490196 1 0.7019608 0.7019608 0.7019608 1 0.7490196 0.7490196 0.7490196 1 0.9490196 0.9490196 0.9490196 1 0.9019608 0.9019608 0.9019608 1 0.7019608 0.7019608 0.7019608 1 0.8509804 0.8509804 0.8509804 1 0.7019608 0.7019608 0.7019608 1 0.9019608 0.9019608 0.9019608 1 0.8509804 0.8509804 0.8509804 1 0.6509804 0.6509804 0.6509804 1 0.7019608 0.7019608 0.7019608 1 0.6 0.6 0.6 1 0.6509804 0.6509804 0.6509804 1 0.8509804 0.8509804 0.8509804 1 0.6 0.6 0.6 1 0.5490196 0.5490196 0.5490196 1 0.6509804 0.6509804 0.6509804 1 1 1 1 1 0.9490196 0.9490196 0.9490196 1 0.9490196 0.9490196 0.9490196 1 1 1 1 1 1 1 1 1 0.9490196 0.9490196 0.9490196 1 1 1 1 1 1 1 1 1 1 1 1 1 1 1 1 1 1 1 1 1 1 1 1 1 0.4 0.4 0.4 1 0.4 0.4 0.4 1 0.5490196 0.5490196 0.5490196 1 0.4 0.4 0.4 1 0.4 0.4 0.4 1 0.4 0.4 0.4 1 0.4 0.4 0.4 1 0.4 0.4 0.4 1 0.4 0.4 0.4 1 0.4 0.4 0.4 1 0.4 0.4 0.4 1 0.4 0.4 0.4 1 0.4 0.4 0.4 1 0.4 0.4 0.4 1 0.5019608 0.5019608 0.5019608 1 0.4 0.4 0.4 1 0.4 0.4 0.4 1 0.4 0.4 0.4 1 0.4509804 0.4509804 0.4509804 1 0.4 0.4 0.4 1 0.4 0.4 0.4 1 0.4509804 0.4509804 0.4509804 1 0.4 0.4 0.4 1 0.4 0.4 0.4 1 0.4 0.4 0.4 1 0.4 0.4 0.4 1 0.4 0.4 0.4 1 0.4 0.4 0.4 1 0.4 0.4 0.4 1 0.4 0.4 0.4 1 0.4 0.4 0.4 1 0.4 0.4 0.4 1 0.4 0.4 0.4 1 0.4 0.4 0.4 1 0.4 0.4 0.4 1 0.4 0.4 0.4 1 0.7019608 0.7019608 0.7019608 1 0.7019608 0.7019608 0.7019608 1 0.5490196 0.5490196 0.5490196 1 0.7019608 0.7019608 0.7019608 1 0.7490196 0.7490196 0.7490196 1 0.7019608 0.7019608 0.7019608 1 0.7490196 0.7490196 0.7490196 1 0.7490196 0.7490196 0.7490196 1 0.7019608 0.7019608 0.7019608 1 0.7490196 0.7490196 0.7490196 1 0.7490196 0.7490196 0.7490196 1 0.7490196 0.7490196 0.7490196 1 0.7490196 0.7490196 0.7490196 1 0.7490196 0.7490196 0.7490196 1 0.8509804 0.8509804 0.8509804 1 0.7490196 0.7490196 0.7490196 1 0.8 0.8 0.8 1 0.7490196 0.7490196 0.7490196 1 1 1 1 1 0.8 0.8 0.8 1 0.7490196 0.7490196 0.7490196 1 1 1 1 1 0.8509804 0.8509804 0.8509804 1 0.8 0.8 0.8 1 0.8 0.8 0.8 1 0.7019608 0.7019608 0.7019608 1 0.7490196 0.7490196 0.7490196 1 0.8 0.8 0.8 1 0.6509804 0.6509804 0.6509804 1 0.7019608 0.7019608 0.7019608 1 0.8509804 0.8509804 0.8509804 1 0.6509804 0.6509804 0.6509804 1 0.8 0.8 0.8 1 0.8509804 0.8509804 0.8509804 1 0.7490196 0.7490196 0.7490196 1 0.6509804 0.6509804 0.6509804 1 0.5254902 0.5254902 0.5254902 1 0.7019608 0.7019608 0.7019608 1 0.6509804 0.6509804 0.6509804 1 0.5254902 0.5254902 0.5254902 1 0.6509804 0.6509804 0.6509804 1 0.7019608 0.7019608 0.7019608 1 0.4 0.4 0.4 1 0.6509804 0.6509804 0.6509804 1 0.5254902 0.5254902 0.5254902 1 0.4 0.4 0.4 1 0.5019608 0.5019608 0.5019608 1 0.6509804 0.6509804 0.6509804 1 0.8509804 0.8509804 0.8509804 1 0.4509804 0.4509804 0.4509804 1 0.4509804 0.4509804 0.4509804 1 0.8509804 0.8509804 0.8509804 1 0.4509804 0.4509804 0.4509804 1 0.4509804 0.4509804 0.4509804 1 0.8509804 0.8509804 0.8509804 1 0.4509804 0.4509804 0.4509804 1 0.8509804 0.8509804 0.8509804 1 0.8509804 0.8509804 0.8509804 1 0.8509804 0.8509804 0.8509804 1 0.4509804 0.4509804 0.4509804 1 0.5019608 0.5019608 0.5019608 1 0.6509804 0.6509804 0.6509804 1 0.6509804 0.6509804 0.6509804 1 0.5019608 0.5019608 0.5019608 1 0.6509804 0.6509804 0.6509804 1 0.6509804 0.6509804 0.6509804 1 0.5019608 0.5019608 0.5019608 1 0.6509804 0.6509804 0.6509804 1 0.5019608 0.5019608 0.5019608 1 0.5019608 0.5019608 0.5019608 1 0.5019608 0.5019608 0.5019608 1 0.6509804 0.6509804 0.6509804 1 0.8509804 0.8509804 0.8509804 1 0.8509804 0.8509804 0.8509804 1 0.8509804 0.8509804 0.8509804 1 0.8509804 0.8509804 0.8509804 1 0.8509804 0.8509804 0.8509804 1 0.8509804 0.8509804 0.8509804 1 0.8509804 0.8509804 0.8509804 1 0.8509804 0.8509804 0.8509804 1 0.8509804 0.8509804 0.8509804 1 0.8509804 0.8509804 0.8509804 1 0.8509804 0.8509804 0.8509804 1 0.8509804 0.8509804 0.8509804 1 0.8509804 0.8509804 0.8509804 1 0.8509804 0.8509804 0.8509804 1 0.8509804 0.8509804 0.8509804 1 0.8509804 0.8509804 0.8509804 1 0.8509804 0.8509804 0.8509804 1 0.8509804 0.8509804 0.8509804 1 0.8509804 0.8509804 0.8509804 1 0.8509804 0.8509804 0.8509804 1 0.8509804 0.8509804 0.8509804 1 0.8509804 0.8509804 0.8509804 1 0.8509804 0.8509804 0.8509804 1 0.8509804 0.8509804 0.8509804 1 0.8509804 0.8509804 0.8509804 1 0.7490196 0.7490196 0.7490196 1 0.8509804 0.8509804 0.8509804 1 0.8509804 0.8509804 0.8509804 1 0.7490196 0.7490196 0.7490196 1 0.7490196 0.7490196 0.7490196 1 0.8509804 0.8509804 0.8509804 1 0.7490196 0.7490196 0.7490196 1 0.8509804 0.8509804 0.8509804 1 0.8509804 0.8509804 0.8509804 1 0.7490196 0.7490196 0.7490196 1 0.7490196 0.7490196 0.7490196 1 0.8509804 0.8509804 0.8509804 1 0.8509804 0.8509804 0.8509804 1 0.8509804 0.8509804 0.8509804 1 0.8509804 0.8509804 0.8509804 1 0.8509804 0.8509804 0.8509804 1 0.8509804 0.8509804 0.8509804 1 0.8509804 0.8509804 0.8509804 1 0.8509804 0.8509804 0.8509804 1 0.8509804 0.8509804 0.8509804 1 0.8509804 0.8509804 0.8509804 1 0.8509804 0.8509804 0.8509804 1 0.8509804 0.8509804 0.8509804 1 0.8509804 0.8509804 0.8509804 1 0.8509804 0.8509804 0.8509804 1 0.8509804 0.8509804 0.8509804 1 0.8509804 0.8509804 0.8509804 1 0.8509804 0.8509804 0.8509804 1 0.8509804 0.8509804 0.8509804 1 0.8509804 0.8509804 0.8509804 1 0.8509804 0.8509804 0.8509804 1 0.8509804 0.8509804 0.8509804 1 0.8509804 0.8509804 0.8509804 1 0.8509804 0.8509804 0.8509804 1 0.8509804 0.8509804 0.8509804 1 0.8509804 0.8509804 0.8509804 1 0.8509804 0.8509804 0.8509804 1 0.8509804 0.8509804 0.8509804 1 0.8509804 0.8509804 0.8509804 1 0.8509804 0.8509804 0.8509804 1 0.8509804 0.8509804 0.8509804 1 0.8509804 0.8509804 0.8509804 1 0.8509804 0.8509804 0.8509804 1 0.8509804 0.8509804 0.8509804 1 0.8509804 0.8509804 0.8509804 1 0.8509804 0.8509804 0.8509804 1 0.8509804 0.8509804 0.8509804 1 0.8509804 0.8509804 0.8509804 1 0.9490196 0.9490196 0.9490196 1 0.9019608 0.9019608 0.9019608 1 0.8509804 0.8509804 0.8509804 1 0.8509804 0.8509804 0.8509804 1 0.9490196 0.9490196 0.9490196 1 0.4 0.4 0.4 1 0.8509804 0.8509804 0.8509804 1 0.8509804 0.8509804 0.8509804 1 0.4 0.4 0.4 1 0.4 0.4 0.4 1 0.8509804 0.8509804 0.8509804 1 0.8509804 0.8509804 0.8509804 1 0.7019608 0.7019608 0.7019608 1 0.7019608 0.7019608 0.7019608 1 0.8509804 0.8509804 0.8509804 1 0.8509804 0.8509804 0.8509804 1 0.7019608 0.7019608 0.7019608 1 0.9019608 0.9019608 0.9019608 1 0.8509804 0.8509804 0.8509804 1 0.8509804 0.8509804 0.8509804 1 0.9019608 0.9019608 0.9019608 1 0.9490196 0.9490196 0.9490196 1 0.8509804 0.8509804 0.8509804 1 0.8509804 0.8509804 0.8509804 1 0.6 0.6 0.6 1 0.7019608 0.7019608 0.7019608 1 0.8509804 0.8509804 0.8509804 1 0.7490196 0.7490196 0.7490196 1 0.6 0.6 0.6 1 0.9490196 0.9490196 0.9490196 1 0.7490196 0.7490196 0.7490196 1 0.8509804 0.8509804 0.8509804 1 0.9490196 0.9490196 0.9490196 1 0.8509804 0.8509804 0.8509804 1 0.7490196 0.7490196 0.7490196 1 0.7490196 0.7490196 0.7490196 1 0.7019608 0.7019608 0.7019608 1 0.6509804 0.6509804 0.6509804 1 0.7490196 0.7490196 0.7490196 1 0.7490196 0.7490196 0.7490196 1 0.7019608 0.7019608 0.7019608 1 0.7490196 0.7490196 0.7490196 1 0.7490196 0.7490196 0.7490196 1 0.7490196 0.7490196 0.7490196 1 0.7490196 0.7490196 0.7490196 1 0.6 0.6 0.6 1 0.7490196 0.7490196 0.7490196 1 0.8509804 0.8509804 0.8509804 1 0.8509804 0.8509804 0.8509804 1 0.8509804 0.8509804 0.8509804 1 0.8509804 0.8509804 0.8509804 1 0.8509804 0.8509804 0.8509804 1 0.8509804 0.8509804 0.8509804 1 0.8509804 0.8509804 0.8509804 1 0.8509804 0.8509804 0.8509804 1 0.8509804 0.8509804 0.8509804 1 0.8509804 0.8509804 0.8509804 1 0.8509804 0.8509804 0.8509804 1 0.8509804 0.8509804 0.8509804 1 0.4 0.4 0.4 1 0.5490196 0.5490196 0.5490196 1 0.7490196 0.7490196 0.7490196 1 0.4 0.4 0.4 1 0.4 0.4 0.4 1 0.5490196 0.5490196 0.5490196 1 0.4 0.4 0.4 1 0.4 0.4 0.4 1 0.4 0.4 0.4 1 0.4 0.4 0.4 1 0.6 0.6 0.6 1 0.4 0.4 0.4 1 0.9019608 0.9019608 0.9019608 1 0.9490196 0.9490196 0.9490196 1 0.9490196 0.9490196 0.9490196 1 0.9019608 0.9019608 0.9019608 1 0.9019608 0.9019608 0.9019608 1 0.9490196 0.9490196 0.9490196 1 0.8509804 0.8509804 0.8509804 1 0.9019608 0.9019608 0.9019608 1 0.9019608 0.9019608 0.9019608 1 0.8509804 0.8509804 0.8509804 1 0.7490196 0.7490196 0.7490196 1 0.9019608 0.9019608 0.9019608 1 0.8509804 0.8509804 0.8509804 1 0.8509804 0.8509804 0.8509804 1 0.8509804 0.8509804 0.8509804 1 0.8509804 0.8509804 0.8509804 1 0.8509804 0.8509804 0.8509804 1 0.8509804 0.8509804 0.8509804 1 0.8509804 0.8509804 0.8509804 1 0.8509804 0.8509804 0.8509804 1 0.8509804 0.8509804 0.8509804 1 0.8509804 0.8509804 0.8509804 1 0.8509804 0.8509804 0.8509804 1 0.8509804 0.8509804 0.8509804 1 0.8 0.8 0.8 1 0.8509804 0.8509804 0.8509804 1 0.9019608 0.9019608 0.9019608 1 0.8 0.8 0.8 1 0.7490196 0.7490196 0.7490196 1 0.8509804 0.8509804 0.8509804 1 0.8 0.8 0.8 1 0.7490196 0.7490196 0.7490196 1 0.8 0.8 0.8 1 0.8 0.8 0.8 1 0.7019608 0.7019608 0.7019608 1 0.7490196 0.7490196 0.7490196 1 0.8509804 0.8509804 0.8509804 1 0.8509804 0.8509804 0.8509804 1 0.8509804 0.8509804 0.8509804 1 0.8509804 0.8509804 0.8509804 1 0.8509804 0.8509804 0.8509804 1 0.8509804 0.8509804 0.8509804 1 0.8509804 0.8509804 0.8509804 1 0.8509804 0.8509804 0.8509804 1 0.8509804 0.8509804 0.8509804 1 0.7490196 0.7490196 0.7490196 1 0.6 0.6 0.6 1 0.4 0.4 0.4 1 0.7490196 0.7490196 0.7490196 1 0.7490196 0.7490196 0.7490196 1 0.6 0.6 0.6 1 0.9019608 0.9019608 0.9019608 1 0.7490196 0.7490196 0.7490196 1 0.7490196 0.7490196 0.7490196 1 0.8509804 0.8509804 0.8509804 1 0.7490196 0.7490196 0.7490196 1 0.8509804 0.8509804 0.8509804 1 0.8509804 0.8509804 0.8509804 1 0.7019608 0.7019608 0.7019608 1 0.7490196 0.7490196 0.7490196 1 0.8 0.8 0.8 1 0.7019608 0.7019608 0.7019608 1 0.8509804 0.8509804 0.8509804 1 0.4 0.4 0.4 1 0.4 0.4 0.4 1 0.4 0.4 0.4 1 0.4 0.4 0.4 1 0.4 0.4 0.4 1 0.4 0.4 0.4 1 0.4 0.4 0.4 1 0.4 0.4 0.4 1 0.4 0.4 0.4 1 0.8509804 0.8509804 0.8509804 1 0.8509804 0.8509804 0.8509804 1 0.8509804 0.8509804 0.8509804 1 0.8509804 0.8509804 0.8509804 1 0.8509804 0.8509804 0.8509804 1 0.8509804 0.8509804 0.8509804 1 0.8509804 0.8509804 0.8509804 1 0.8509804 0.8509804 0.8509804 1 0.8509804 0.8509804 0.8509804 1 0.7490196 0.7490196 0.7490196 1 0.4509804 0.4509804 0.4509804 1 0.6 0.6 0.6 1 0.7490196 0.7490196 0.7490196 1 0.5019608 0.5019608 0.5019608 1 0.4509804 0.4509804 0.4509804 1 0.8509804 0.8509804 0.8509804 1 0.5019608 0.5019608 0.5019608 1 0.7490196 0.7490196 0.7490196 1 0.4 0.4 0.4 1 0.4509804 0.4509804 0.4509804 1 0.4 0.4 0.4 1 0.4 0.4 0.4 1 0.5490196 0.5490196 0.5490196 1 0.4509804 0.4509804 0.4509804 1 0.4509804 0.4509804 0.4509804 1 0.5490196 0.5490196 0.5490196 1 0.4 0.4 0.4 1 0.8509804 0.8509804 0.8509804 1 0.8509804 0.8509804 0.8509804 1 0.8509804 0.8509804 0.8509804 1 0.8509804 0.8509804 0.8509804 1 0.8509804 0.8509804 0.8509804 1 0.8509804 0.8509804 0.8509804 1 0.8509804 0.8509804 0.8509804 1 0.8509804 0.8509804 0.8509804 1 0.8509804 0.8509804 0.8509804 1 0.8509804 0.8509804 0.8509804 1 0.7490196 0.7490196 0.7490196 1 0.7490196 0.7490196 0.7490196 1 0.8509804 0.8509804 0.8509804 1 0.8509804 0.8509804 0.8509804 1 0.7490196 0.7490196 0.7490196 1 0.7019608 0.7019608 0.7019608 1 0.8509804 0.8509804 0.8509804 1 0.8509804 0.8509804 0.8509804 1 0.8509804 0.8509804 0.8509804 1 0.8509804 0.8509804 0.8509804 1 0.8509804 0.8509804 0.8509804 1 0.8509804 0.8509804 0.8509804 1 0.8509804 0.8509804 0.8509804 1 0.8509804 0.8509804 0.8509804 1 0.8509804 0.8509804 0.8509804 1 0.8509804 0.8509804 0.8509804 1 0.8509804 0.8509804 0.8509804 1 0.6 0.6 0.6 1 0.7019608 0.7019608 0.7019608 1 0.8 0.8 0.8 1 0.6 0.6 0.6 1 0.4 0.4 0.4 1 0.7019608 0.7019608 0.7019608 1 0.4 0.4 0.4 1 0.4 0.4 0.4 1 0.6 0.6 0.6 1 0.5490196 0.5490196 0.5490196 1 0.7019608 0.7019608 0.7019608 1 0.8 0.8 0.8 1 0.5490196 0.5490196 0.5490196 1 0.6 0.6 0.6 1 0.7019608 0.7019608 0.7019608 1 0.4509804 0.4509804 0.4509804 1 0.6 0.6 0.6 1 0.5490196 0.5490196 0.5490196 1 0.4 0.4 0.4 1 0.4 0.4 0.4 1 0.4509804 0.4509804 0.4509804 1 0.4 0.4 0.4 1 0.5490196 0.5490196 0.5490196 1 0.4 0.4 0.4 1 0.5019608 0.5019608 0.5019608 1 0.5490196 0.5490196 0.5490196 1 0.4 0.4 0.4 1 0.6509804 0.6509804 0.6509804 1 0.6509804 0.6509804 0.6509804 1 0.4509804 0.4509804 0.4509804 1 0.6509804 0.6509804 0.6509804 1 0.7490196 0.7490196 0.7490196 1 0.6509804 0.6509804 0.6509804 1 0.8509804 0.8509804 0.8509804 1 0.7490196 0.7490196 0.7490196 1 0.6509804 0.6509804 0.6509804 1 0.7490196 0.7490196 0.7490196 1 0.5490196 0.5490196 0.5490196 1 0.7019608 0.7019608 0.7019608 1 0.7490196 0.7490196 0.7490196 1 0.6 0.6 0.6 1 0.5490196 0.5490196 0.5490196 1 0.6 0.6 0.6 1 0.5490196 0.5490196 0.5490196 1 0.4509804 0.4509804 0.4509804 1 0.6 0.6 0.6 1 0.7019608 0.7019608 0.7019608 1 0.5490196 0.5490196 0.5490196 1 0.6 0.6 0.6 1 0.6 0.6 0.6 1 0.6509804 0.6509804 0.6509804 1 0.6 0.6 0.6 1 0.7490196 0.7490196 0.7490196 1 0.6 0.6 0.6 1 0.5019608 0.5019608 0.5019608 1 0.6509804 0.6509804 0.6509804 1 0.6509804 0.6509804 0.6509804 1 0.5019608 0.5019608 0.5019608 1 0.4509804 0.4509804 0.4509804 1 0.6509804 0.6509804 0.6509804 1 0.4509804 0.4509804 0.4509804 1 0.7019608 0.7019608 0.7019608 1 0.6509804 0.6509804 0.6509804 1 0.4509804 0.4509804 0.4509804 1 0.6235294 0.6235294 0.6235294 1 0.7019608 0.7019608 0.7019608 1 0.6235294 0.6235294 0.6235294 1 0.7490196 0.7490196 0.7490196 1 0.7019608 0.7019608 0.7019608 1 0.6235294 0.6235294 0.6235294 1 0.7019608 0.7019608 0.7019608 1 0.7490196 0.7490196 0.7490196 1 0.5019608 0.5019608 0.5019608 1 0.4 0.4 0.4 1 0.5019608 0.5019608 0.5019608 1 0.5019608 0.5019608 0.5019608 1 0.5019608 0.5019608 0.5019608 1 0.4 0.4 0.4 1 0.7019608 0.7019608 0.7019608 1 0.7490196 0.7490196 0.7490196 1 0.8 0.8 0.8 1 0.7019608 0.7019608 0.7019608 1 0.6 0.6 0.6 1 0.7490196 0.7490196 0.7490196 1 0.4 0.4 0.4 1 0.4 0.4 0.4 1 0.4 0.4 0.4 1 0.4 0.4 0.4 1 0.4 0.4 0.4 1 0.4 0.4 0.4 1 0.8509804 0.8509804 0.8509804 1 0.4509804 0.4509804 0.4509804 1 0.8509804 0.8509804 0.8509804 1 0.8509804 0.8509804 0.8509804 1 0.8509804 0.8509804 0.8509804 1 0.4509804 0.4509804 0.4509804 1 0.6 0.6 0.6 1 0.4 0.4 0.4 1 0.4 0.4 0.4 1 0.6 0.6 0.6 1 0.4 0.4 0.4 1 0.4 0.4 0.4 1 0.4509804 0.4509804 0.4509804 1 0.5019608 0.5019608 0.5019608 1 0.4 0.4 0.4 1 0.4509804 0.4509804 0.4509804 1 0.5490196 0.5490196 0.5490196 1 0.5019608 0.5019608 0.5019608 1 0.9490196 0.9490196 0.9490196 1 1 1 1 1 1 1 1 1 0.9490196 0.9490196 0.9490196 1 0.9490196 0.9490196 0.9490196 1 1 1 1 1 0.8509804 0.8509804 0.8509804 1 0.8509804 0.8509804 0.8509804 1 0.8509804 0.8509804 0.8509804 1 0.8509804 0.8509804 0.8509804 1 0.8509804 0.8509804 0.8509804 1 0.8509804 0.8509804 0.8509804 1 0.8509804 0.8509804 0.8509804 1 0.8509804 0.8509804 0.8509804 1 0.8509804 0.8509804 0.8509804 1 0.8509804 0.8509804 0.8509804 1 0.8509804 0.8509804 0.8509804 1 0.8509804 0.8509804 0.8509804 1 0.8509804 0.8509804 0.8509804 1 0.8509804 0.8509804 0.8509804 1 0.8509804 0.8509804 0.8509804 1 0.8509804 0.8509804 0.8509804 1 0.8509804 0.8509804 0.8509804 1 0.8509804 0.8509804 0.8509804 1 0.8 0.8 0.8 1 0.8 0.8 0.8 1 0.7490196 0.7490196 0.7490196 1 0.8 0.8 0.8 1 0.8509804 0.8509804 0.8509804 1 0.8 0.8 0.8 1 0.6 0.6 0.6 1 0.5490196 0.5490196 0.5490196 1 0.6 0.6 0.6 1 0.6 0.6 0.6 1 0.5019608 0.5019608 0.5019608 1 0.5490196 0.5490196 0.5490196 1 0.4 0.4 0.4 1 0.4509804 0.4509804 0.4509804 1 0.4509804 0.4509804 0.4509804 1 0.4 0.4 0.4 1 0.4 0.4 0.4 1 0.4509804 0.4509804 0.4509804 1 0.8509804 0.8509804 0.8509804 1 0.8509804 0.8509804 0.8509804 1 0.8509804 0.8509804 0.8509804 1 0.8509804 0.8509804 0.8509804 1 0.8509804 0.8509804 0.8509804 1 0.8509804 0.8509804 0.8509804 1 0.8509804 0.8509804 0.8509804 1 0.4 0.4 0.4 1 0.4 0.4 0.4 1 0.8509804 0.8509804 0.8509804 1 0.8509804 0.8509804 0.8509804 1 0.4 0.4 0.4 1 0.8509804 0.8509804 0.8509804 1 0.8509804 0.8509804 0.8509804 1 0.8509804 0.8509804 0.8509804 1 0.8509804 0.8509804 0.8509804 1 0.8509804 0.8509804 0.8509804 1 0.8509804 0.8509804 0.8509804 1 0.7019608 0.7019608 0.7019608 1 0.8 0.8 0.8 1 0.6 0.6 0.6 1 0.7019608 0.7019608 0.7019608 1 0.7019608 0.7019608 0.7019608 1 0.8 0.8 0.8 1 0.7019608 0.7019608 0.7019608 1 0.5490196 0.5490196 0.5490196 1 0.6 0.6 0.6 1 0.7019608 0.7019608 0.7019608 1 0.6509804 0.6509804 0.6509804 1 0.5490196 0.5490196 0.5490196 1 0.8509804 0.8509804 0.8509804 1 0.8509804 0.8509804 0.8509804 1 0.8509804 0.8509804 0.8509804 1 0.8509804 0.8509804 0.8509804 1 0.8509804 0.8509804 0.8509804 1 0.8509804 0.8509804 0.8509804 1 0.7019608 0.7019608 0.7019608 1 0.8 0.8 0.8 1 0.7490196 0.7490196 0.7490196 1 0.7019608 0.7019608 0.7019608 1 0.7019608 0.7019608 0.7019608 1 0.8 0.8 0.8 1 0.7019608 0.7019608 0.7019608 1 0.4 0.4 0.4 1 0.7019608 0.7019608 0.7019608 1 0.7019608 0.7019608 0.7019608 1 0.6509804 0.6509804 0.6509804 1 0.4 0.4 0.4 1 0.6509804 0.6509804 0.6509804 1 0.4 0.4 0.4 1 0.4 0.4 0.4 1 0.6509804 0.6509804 0.6509804 1 0.7490196 0.7490196 0.7490196 1 0.4 0.4 0.4 1 0.8509804 0.8509804 0.8509804 1 0.8509804 0.8509804 0.8509804 1 0.9490196 0.9490196 0.9490196 1 0.8509804 0.8509804 0.8509804 1 0.6509804 0.6509804 0.6509804 1 0.8509804 0.8509804 0.8509804 1 0.8509804 0.8509804 0.8509804 1 0.4 0.4 0.4 1 0.4 0.4 0.4 1 0.8509804 0.8509804 0.8509804 1 0.8509804 0.8509804 0.8509804 1 0.4 0.4 0.4 1 0.8509804 0.8509804 0.8509804 1 0.8509804 0.8509804 0.8509804 1 0.9490196 0.9490196 0.9490196 1 0.8509804 0.8509804 0.8509804 1 0.4 0.4 0.4 1 0.8509804 0.8509804 0.8509804 1 0.8509804 0.8509804 0.8509804 1 0.6 0.6 0.6 1 0.4 0.4 0.4 1 0.8509804 0.8509804 0.8509804 1 0.8509804 0.8509804 0.8509804 1 0.6 0.6 0.6 1 0.4 0.4 0.4 1 0.8509804 0.8509804 0.8509804 1 0.4 0.4 0.4 1 0.4 0.4 0.4 1 0.6 0.6 0.6 1 0.8509804 0.8509804 0.8509804 1 0.5019608 0.5019608 0.5019608 1 0.4 0.4 0.4 1 0.5019608 0.5019608 0.5019608 1 0.5019608 0.5019608 0.5019608 1 0.4509804 0.4509804 0.4509804 1 0.4 0.4 0.4 1 0.5019608 0.5019608 0.5019608 1 0.8509804 0.8509804 0.8509804 1 0.4 0.4 0.4 1 0.5019608 0.5019608 0.5019608 1 0.8509804 0.8509804 0.8509804 1 0.8509804 0.8509804 0.8509804 1 0.6 0.6 0.6 1 0.8509804 0.8509804 0.8509804 1 0.8509804 0.8509804 0.8509804 1 0.6 0.6 0.6 1 0.8 0.8 0.8 1 0.8509804 0.8509804 0.8509804 1 0.8509804 0.8509804 0.8509804 1 0.7490196 0.7490196 0.7490196 1 0.6 0.6 0.6 1 0.8509804 0.8509804 0.8509804 1 0.8509804 0.8509804 0.8509804 1 0.7490196 0.7490196 0.7490196 1 0.4 0.4 0.4 1 0.4 0.4 0.4 1 0.4 0.4 0.4 1 0.4 0.4 0.4 1 0.7019608 0.7019608 0.7019608 1 0.4 0.4 0.4 1 0.8509804 0.8509804 0.8509804 1 0.8509804 0.8509804 0.8509804 1 0.9019608 0.9019608 0.9019608 1 0.8509804 0.8509804 0.8509804 1 0.7019608 0.7019608 0.7019608 1 0.8509804 0.8509804 0.8509804 1 0.8509804 0.8509804 0.8509804 1 0.8 0.8 0.8 1 0.7019608 0.7019608 0.7019608 1 0.8509804 0.8509804 0.8509804 1 0.8509804 0.8509804 0.8509804 1 0.8 0.8 0.8 1 0.8509804 0.8509804 0.8509804 1 0.7019608 0.7019608 0.7019608 1 0.8509804 0.8509804 0.8509804 1 0.8509804 0.8509804 0.8509804 1 0.4 0.4 0.4 1 0.7019608 0.7019608 0.7019608 1 0.7019608 0.7019608 0.7019608 1 0.7019608 0.7019608 0.7019608 1 0.8509804 0.8509804 0.8509804 1 0.7019608 0.7019608 0.7019608 1 0.5490196 0.5490196 0.5490196 1 0.7019608 0.7019608 0.7019608 1 0.5490196 0.5490196 0.5490196 1 0.4 0.4 0.4 1 0.4509804 0.4509804 0.4509804 1 0.5490196 0.5490196 0.5490196 1 0.5019608 0.5019608 0.5019608 1 0.4 0.4 0.4 1 0.6 0.6 0.6 1 0.7490196 0.7490196 0.7490196 1 0.5019608 0.5019608 0.5019608 1 0.6 0.6 0.6 1 0.6 0.6 0.6 1 0.7490196 0.7490196 0.7490196 1 0.8509804 0.8509804 0.8509804 1 0.8509804 0.8509804 0.8509804 1 0.8509804 0.8509804 0.8509804 1 0.4509804 0.4509804 0.4509804 1 0.5490196 0.5490196 0.5490196 1 0.6509804 0.6509804 0.6509804 1 0.8509804 0.8509804 0.8509804 1 0.8509804 0.8509804 0.8509804 1 0.8509804 0.8509804 0.8509804 1 0.4 0.4 0.4 1 0.4 0.4 0.4 1 0.6509804 0.6509804 0.6509804 1 0.7019608 0.7019608 0.7019608 1 0.7019608 0.7019608 0.7019608 1 0.4 0.4 0.4 1 0.4 0.4 0.4 1 0.4 0.4 0.4 1 0.6 0.6 0.6 1 0.8509804 0.8509804 0.8509804 1 0.8509804 0.8509804 0.8509804 1 0.8509804 0.8509804 0.8509804 1 0.4509804 0.4509804 0.4509804 1 0.4 0.4 0.4 1 0.4 0.4 0.4 1 0.9490196 0.9490196 0.9490196 1 1 1 1 1 0.7490196 0.7490196 0.7490196 1 0.7490196 0.7490196 0.7490196 1 0.5019608 0.5019608 0.5019608 1 0.4 0.4 0.4 1 0.4 0.4 0.4 1 0.6 0.6 0.6 1 0.5490196 0.5490196 0.5490196 1 0.5019608 0.5019608 0.5019608 1 0.4 0.4 0.4 1 0.4 0.4 0.4 1 0.4 0.4 0.4 1 0.4 0.4 0.4 1 0.4 0.4 0.4 1 0.8509804 0.8509804 0.8509804 1 0.8509804 0.8509804 0.8509804 1 0.8509804 0.8509804 0.8509804 1 0.7490196 0.7490196 0.7490196 1 0.6 0.6 0.6 1 0.4 0.4 0.4 1 0.4509804 0.4509804 0.4509804 1 0.6 0.6 0.6 1 0.6 0.6 0.6 1 0.5490196 0.5490196 0.5490196 1 0.6509804 0.6509804 0.6509804 1 0.5490196 0.5490196 0.5490196 1 0.8509804 0.8509804 0.8509804 1 0.8509804 0.8509804 0.8509804 1 0.8509804 0.8509804 0.8509804 1 0.8509804 0.8509804 0.8509804 1 0.8509804 0.8509804 0.8509804 1 0.8509804 0.8509804 0.8509804 1</float_array>
          <technique_common>
            <accessor source="#meshId0_name-mesh-colors-meshId0-color0-array" count="2640" stride="4">
              <param name="R" type="float"/>
              <param name="G" type="float"/>
              <param name="B" type="float"/>
              <param name="A" type="float"/>
            </accessor>
          </technique_common>
        </source>
        <vertices id="meshId0_name-mesh-vertices">
          <input semantic="POSITION" source="#meshId0_name-mesh-positions"/>
        </vertices>
        <triangles material="m1Face_v-material" count="880">
          <input semantic="VERTEX" source="#meshId0_name-mesh-vertices" offset="0"/>
          <input semantic="NORMAL" source="#meshId0_name-mesh-normals" offset="1"/>
          <input semantic="TEXCOORD" source="#meshId0_name-mesh-map-0" offset="2" set="0"/>
          <input semantic="COLOR" source="#meshId0_name-mesh-colors-meshId0-color0" offset="3" set="0"/>
          <p>2 0 0 0 1 1 1 1 0 2 2 2 2 0 3 3 3 3 4 4 1 1 5 5 4 4 6 6 3 3 7 7 2 0 8 8 4 4 9 9 5 5 10 10 3 3 11 11 6 6 12 12 5 5 13 13 4 4 14 14 6 6 15 15 7 7 16 16 5 5 17 17 8 8 18 18 7 7 19 19 6 6 20 20 8 8 21 21 9 9 22 22 7 7 23 23 10 10 24 24 9 9 25 25 8 8 26 26 10 10 27 27 11 11 28 28 9 9 29 29 12 12 30 30 11 11 31 31 10 10 32 32 12 12 33 33 13 13 34 34 11 11 35 35 14 14 36 36 13 13 37 37 12 12 38 38 14 14 39 39 15 15 40 40 13 13 41 41 16 16 42 42 15 15 43 43 14 14 44 44 16 16 45 45 17 17 46 46 15 15 47 47 18 18 48 48 17 17 49 49 16 16 50 50 18 18 51 51 19 19 52 52 17 17 53 53 20 20 54 54 19 19 55 55 18 18 56 56 20 20 57 57 21 21 58 58 19 19 59 59 22 22 60 60 21 21 61 61 20 20 62 62 22 22 63 63 23 23 64 64 21 21 65 65 24 24 66 66 23 23 67 67 22 22 68 68 24 24 69 69 25 25 70 70 23 23 71 71 26 26 72 72 25 25 73 73 24 24 74 74 26 26 75 75 27 27 76 76 25 25 77 77 28 28 78 78 27 27 79 79 26 26 80 80 28 28 81 81 29 29 82 82 27 27 83 83 30 30 84 84 29 29 85 85 28 28 86 86 30 30 87 87 31 31 88 88 29 29 89 89 32 32 90 90 31 31 91 91 30 30 92 92 32 32 93 93 33 33 94 94 31 31 95 95 34 34 96 96 33 33 97 97 32 32 98 98 34 34 99 99 35 35 100 100 33 33 101 101 36 36 102 102 35 35 103 103 34 34 104 104 36 36 105 105 37 37 106 106 35 35 107 107 38 38 108 108 37 37 109 109 36 36 110 110 38 38 111 111 39 39 112 112 37 37 113 113 40 40 114 114 39 39 115 115 38 38 116 116 40 40 117 117 41 41 118 118 39 39 119 119 42 42 120 120 41 41 121 121 40 40 122 122 42 42 123 123 43 43 124 124 41 41 125 125 44 44 126 126 43 43 127 127 42 42 128 128 44 44 129 129 45 45 130 130 43 43 131 131 46 46 132 132 45 45 133 133 44 44 134 134 46 46 135 135 47 47 136 136 45 45 137 137 9 9 138 138 47 47 139 139 46 46 140 140 9 9 141 141 11 11 142 142 47 47 143 143 13 13 144 144 47 47 145 145 11 11 146 146 13 13 147 147 48 48 148 148 47 47 149 149 15 15 150 150 48 48 151 151 13 13 152 152 15 15 153 153 49 49 154 154 48 48 155 155 17 17 156 156 49 49 157 157 15 15 158 158 17 17 159 159 50 50 160 160 49 49 161 161 19 19 162 162 50 50 163 163 17 17 164 164 19 19 165 165 51 51 166 166 50 50 167 167 21 21 168 168 51 51 169 169 19 19 170 170 21 21 171 171 52 52 172 172 51 51 173 173 23 23 174 174 52 52 175 175 21 21 176 176 23 23 177 177 53 53 178 178 52 52 179 179 25 25 180 180 53 53 181 181 23 23 182 182 25 25 183 183 54 54 184 184 53 53 185 185 27 27 186 186 54 54 187 187 25 25 188 188 27 27 189 189 55 55 190 190 54 54 191 191 29 29 192 192 55 55 193 193 27 27 194 194 29 29 195 195 56 56 196 196 55 55 197 197 31 31 198 198 56 56 199 199 29 29 200 200 31 31 201 201 57 57 202 202 56 56 203 203 33 33 204 204 57 57 205 205 31 31 206 206 33 33 207 207 58 58 208 208 57 57 209 209 35 35 210 210 58 58 211 211 33 33 212 212 35 35 213 213 59 59 214 214 58 58 215 215 37 37 216 216 59 59 217 217 35 35 218 218 37 37 219 219 60 60 220 220 59 59 221 221 39 39 222 222 60 60 223 223 37 37 224 224 39 39 225 225 61 61 226 226 60 60 227 227 41 41 228 228 61 61 229 229 39 39 230 230 41 41 231 231 62 62 232 232 61 61 233 233 43 43 234 234 62 62 235 235 41 41 236 236 43 43 237 237 63 63 238 238 62 62 239 239 45 45 240 240 63 63 241 241 43 43 242 242 45 45 243 243 48 48 244 244 63 63 245 245 47 47 246 246 48 48 247 247 45 45 248 248 46 46 249 249 7 7 250 250 9 9 251 251 46 46 252 252 64 64 253 253 7 7 254 254 44 44 255 255 64 64 256 256 46 46 257 257 44 44 258 258 65 65 259 259 64 64 260 260 42 42 261 261 65 65 262 262 44 44 263 263 42 42 264 264 66 66 265 265 65 65 266 266 40 40 267 267 66 66 268 268 42 42 269 269 40 40 270 270 67 67 271 271 66 66 272 272 38 38 273 273 67 67 274 274 40 40 275 275 38 38 276 276 68 68 277 277 67 67 278 278 36 36 279 279 68 68 280 280 38 38 281 281 36 36 282 282 69 69 283 283 68 68 284 284 34 34 285 285 69 69 286 286 36 36 287 287 34 34 288 288 70 70 289 289 69 69 290 290 32 32 291 291 70 70 292 292 34 34 293 293 32 32 294 294 71 71 295 295 70 70 296 296 30 30 297 297 71 71 298 298 32 32 299 299 30 30 300 300 72 72 301 301 71 71 302 302 28 28 303 303 72 72 304 304 30 30 305 305 28 28 306 306 73 73 307 307 72 72 308 308 26 26 309 309 73 73 310 310 28 28 311 311 26 26 312 312 74 74 313 313 73 73 314 314 24 24 315 315 74 74 316 316 26 26 317 317 24 24 318 318 22 22 319 319 74 74 320 320 64 64 321 321 5 5 322 322 7 7 323 323 64 64 324 324 75 75 325 325 5 5 326 326 65 65 327 327 75 75 328 328 64 64 329 329 65 65 330 330 76 76 331 331 75 75 332 332 66 66 333 333 76 76 334 334 65 65 335 335 66 66 336 336 77 77 337 337 76 76 338 338 67 67 339 339 77 77 340 340 66 66 341 341 67 67 342 342 78 78 343 343 77 77 344 344 68 68 345 345 78 78 346 346 67 67 347 347 68 68 348 348 79 79 349 349 78 78 350 350 69 69 351 351 79 79 352 352 68 68 353 353 69 69 354 354 80 80 355 355 79 79 356 356 70 70 357 357 80 80 358 358 69 69 359 359 70 70 360 360 81 81 361 361 80 80 362 362 71 71 363 363 81 81 364 364 70 70 365 365 71 71 366 366 82 82 367 367 81 81 368 368 72 72 369 369 82 82 370 370 71 71 371 371 72 72 372 372 83 83 373 373 82 82 374 374 73 73 375 375 83 83 376 376 72 72 377 377 73 73 378 378 84 84 379 379 83 83 380 380 74 74 381 381 84 84 382 382 73 73 383 383 74 74 384 384 85 85 385 385 84 84 386 386 22 22 387 387 85 85 388 388 74 74 389 389 22 22 390 390 20 20 391 391 85 85 392 392 88 86 393 393 87 87 394 394 86 88 395 395 88 86 396 396 89 89 397 397 87 87 398 398 90 90 399 399 89 89 400 400 88 86 401 401 90 90 402 402 91 91 403 403 89 89 404 404 92 92 405 405 91 91 406 406 90 90 407 407 92 92 408 408 93 93 409 409 91 91 410 410 94 94 411 411 93 93 412 412 92 92 413 413 94 94 414 414 95 95 415 415 93 93 416 416 96 96 417 417 95 95 418 418 94 94 419 419 96 96 420 420 97 97 421 421 95 95 422 422 98 98 423 423 97 97 424 424 96 96 425 425 98 98 426 426 99 99 427 427 97 97 428 428 100 100 429 429 99 99 430 430 98 98 431 431 100 100 432 432 101 101 433 433 99 99 434 434 102 102 435 435 101 101 436 436 100 100 437 437 102 102 438 438 103 103 439 439 101 101 440 440 104 104 441 441 103 103 442 442 102 102 443 443 104 104 444 444 105 105 445 445 103 103 446 446 106 106 447 447 105 105 448 448 104 104 449 449 109 107 450 450 108 108 451 451 107 109 452 452 109 107 453 453 110 110 454 454 108 108 455 455 111 111 456 456 110 110 457 457 109 107 458 458 111 111 459 459 112 112 460 460 110 110 461 461 113 113 462 462 112 112 463 463 111 111 464 464 113 113 465 465 114 114 466 466 112 112 467 467 115 115 468 468 114 114 469 469 113 113 470 470 115 115 471 471 116 116 472 472 114 114 473 473 117 117 474 474 116 116 475 475 115 115 476 476 117 117 477 477 118 118 478 478 116 116 479 479 119 119 480 480 118 118 481 481 117 117 482 482 119 119 483 483 120 120 484 484 118 118 485 485 121 121 486 486 120 120 487 487 119 119 488 488 121 121 489 489 122 122 490 490 120 120 491 491 123 123 492 492 122 122 493 493 121 121 494 494 123 123 495 495 124 124 496 496 122 122 497 497 125 125 498 498 124 124 499 499 123 123 500 500 128 126 501 501 127 127 502 502 126 128 503 503 128 126 504 504 129 129 505 505 127 127 506 506 130 130 507 507 129 129 508 508 128 126 509 509 130 130 510 510 131 131 511 511 129 129 512 512 132 132 513 513 131 131 514 514 130 130 515 515 132 132 516 516 133 133 517 517 131 131 518 518 134 134 519 519 133 133 520 520 132 132 521 521 134 134 522 522 135 135 523 523 133 133 524 524 136 136 525 525 135 135 526 526 134 134 527 527 136 136 528 528 137 137 529 529 135 135 530 530 138 138 531 531 137 137 532 532 136 136 533 533 138 138 534 534 139 139 535 535 137 137 536 536 140 140 537 537 139 139 538 538 138 138 539 539 140 140 540 540 141 141 541 541 139 139 542 542 142 142 543 543 141 141 544 544 140 140 545 545 143 143 546 546 122 122 547 547 124 124 548 548 143 143 549 549 144 144 550 550 122 122 551 551 145 145 552 552 144 144 553 553 143 143 554 554 145 145 555 555 146 146 556 556 144 144 557 557 147 147 558 558 146 146 559 559 145 145 560 560 147 147 561 561 148 148 562 562 146 146 563 563 149 149 564 564 148 148 565 565 147 147 566 566 149 149 567 567 150 150 568 568 148 148 569 569 151 151 570 570 150 150 571 571 149 149 572 572 151 151 573 573 152 152 574 574 150 150 575 575 153 153 576 576 152 152 577 577 151 151 578 578 153 153 579 579 154 154 580 580 152 152 581 581 155 155 582 582 154 154 583 583 153 153 584 584 155 155 585 585 156 156 586 586 154 154 587 587 159 157 588 588 158 158 589 589 157 159 590 590 159 157 591 591 160 160 592 592 158 158 593 593 107 109 594 594 160 160 595 595 159 157 596 596 107 109 597 597 161 161 598 598 160 160 599 599 108 108 600 600 161 161 601 601 107 109 602 602 108 108 603 603 162 162 604 604 161 161 605 605 163 163 606 606 162 162 607 607 108 108 608 608 163 163 609 609 164 164 610 610 162 162 611 611 165 165 612 612 164 164 613 613 163 163 614 614 165 165 615 615 166 166 616 616 164 164 617 617 167 167 618 618 166 166 619 619 165 165 620 620 167 167 621 621 168 168 622 622 166 166 623 623 169 169 624 624 168 168 625 625 167 167 626 626 169 169 627 627 170 170 628 628 168 168 629 629 173 171 630 630 172 172 631 631 171 173 632 632 173 171 633 633 174 174 634 634 172 172 635 635 175 175 636 636 174 174 637 637 173 171 638 638 175 175 639 639 176 176 640 640 174 174 641 641 177 177 642 642 176 176 643 643 175 175 644 644 177 177 645 645 178 178 646 646 176 176 647 647 179 179 648 648 178 178 649 649 177 177 650 650 179 179 651 651 180 180 652 652 178 178 653 653 181 181 654 654 180 180 655 655 179 179 656 656 181 181 657 657 182 182 658 658 180 180 659 659 183 183 660 660 182 182 661 661 181 181 662 662 183 183 663 663 184 184 664 664 182 182 665 665 185 185 666 666 184 184 667 667 183 183 668 668 188 186 669 669 187 187 670 670 186 188 671 671 188 186 672 672 189 189 673 673 187 187 674 674 190 190 675 675 189 189 676 676 188 186 677 677 190 190 678 678 191 191 679 679 189 189 680 680 192 192 681 681 191 191 682 682 190 190 683 683 192 192 684 684 193 193 685 685 191 191 686 686 194 194 687 687 193 193 688 688 192 192 689 689 194 194 690 690 195 195 691 691 193 193 692 692 196 196 693 693 195 195 694 694 194 194 695 695 196 196 696 696 197 197 697 697 195 195 698 698 198 198 699 699 197 197 700 700 196 196 701 701 198 198 702 702 199 199 703 703 197 197 704 704 200 200 705 705 199 199 706 706 198 198 707 707 203 201 708 708 202 202 709 709 201 203 710 710 203 201 711 711 204 204 712 712 202 202 713 713 205 205 714 714 204 204 715 715 203 201 716 716 205 205 717 717 206 206 718 718 204 204 719 719 207 207 720 720 206 206 721 721 205 205 722 722 207 207 723 723 208 208 724 724 206 206 725 725 209 209 726 726 208 208 727 727 207 207 728 728 209 209 729 729 210 210 730 730 208 208 731 731 211 211 732 732 210 210 733 733 209 209 734 734 211 211 735 735 212 212 736 736 210 210 737 737 105 105 738 738 212 212 739 739 211 211 740 740 105 105 741 741 213 213 742 742 212 212 743 743 106 106 744 744 213 213 745 745 105 105 746 746 110 110 747 747 163 163 748 748 108 108 749 749 110 110 750 750 214 214 751 751 163 163 752 752 112 112 753 753 214 214 754 754 110 110 755 755 112 112 756 756 215 215 757 757 214 214 758 758 216 216 759 759 215 215 760 760 112 112 761 761 216 216 762 762 217 217 763 763 215 215 764 764 218 218 765 765 217 217 766 766 216 216 767 767 218 218 768 768 219 219 769 769 217 217 770 770 220 220 771 771 219 219 772 772 218 218 773 773 220 220 774 774 221 221 775 775 219 219 776 776 222 222 777 777 221 221 778 778 220 220 779 779 222 222 780 780 156 156 781 781 221 221 782 782 154 154 783 783 156 156 784 784 222 222 785 785 183 183 786 786 223 223 787 787 185 185 788 788 183 183 789 789 224 224 790 790 223 223 791 791 181 181 792 792 224 224 793 793 183 183 794 794 181 181 795 795 225 225 796 796 224 224 797 797 179 179 798 798 225 225 799 799 181 181 800 800 179 179 801 801 226 226 802 802 225 225 803 803 227 227 804 804 226 226 805 805 179 179 806 806 227 227 807 807 228 228 808 808 226 226 809 809 229 229 810 810 228 228 811 811 227 227 812 812 229 229 813 813 230 230 814 814 228 228 815 815 231 231 816 816 230 230 817 817 229 229 818 818 167 167 819 819 232 232 820 820 169 169 821 821 167 167 822 822 233 233 823 823 232 232 824 824 165 165 825 825 233 233 826 826 167 167 827 827 165 165 828 828 234 234 829 829 233 233 830 830 235 235 831 831 234 234 832 832 165 165 833 833 235 235 834 834 236 236 835 835 234 234 836 836 237 237 837 837 236 236 838 838 235 235 839 839 237 237 840 840 238 238 841 841 236 236 842 842 239 239 843 843 238 238 844 844 237 237 845 845 242 240 846 846 241 241 847 847 240 242 848 848 242 240 849 849 243 243 850 850 241 241 851 851 244 244 852 852 243 243 853 853 242 240 854 854 244 244 855 855 245 245 856 856 243 243 857 857 246 246 858 858 245 245 859 859 244 244 860 860 246 246 861 861 247 247 862 862 245 245 863 863 248 248 864 864 247 247 865 865 246 246 866 866 248 248 867 867 249 249 868 868 247 247 869 869 250 250 870 870 249 249 871 871 248 248 872 872 101 101 873 873 251 251 874 874 99 99 875 875 101 101 876 876 252 252 877 877 251 251 878 878 253 253 879 879 252 252 880 880 101 101 881 881 253 253 882 882 254 254 883 883 252 252 884 884 255 255 885 885 254 254 886 886 253 253 887 887 255 255 888 888 256 256 889 889 254 254 890 890 257 257 891 891 256 256 892 892 255 255 893 893 257 257 894 894 258 258 895 895 256 256 896 896 259 259 897 897 258 258 898 898 257 257 899 899 95 95 900 900 260 260 901 901 93 93 902 902 95 95 903 903 261 261 904 904 260 260 905 905 262 262 906 906 261 261 907 907 95 95 908 908 262 262 909 909 263 263 910 910 261 261 911 911 264 264 912 912 263 263 913 913 262 262 914 914 264 264 915 915 265 265 916 916 263 263 917 917 266 266 918 918 265 265 919 919 264 264 920 920 266 266 921 921 267 267 922 922 265 265 923 923 268 268 924 924 267 267 925 925 266 266 926 926 271 269 927 927 270 270 928 928 269 271 929 929 271 269 930 930 272 272 931 931 270 270 932 932 273 273 933 933 272 272 934 934 271 269 935 935 273 273 936 936 274 274 937 937 272 272 938 938 275 275 939 939 274 274 940 940 273 273 941 941 275 275 942 942 276 276 943 943 274 274 944 944 277 277 945 945 276 276 946 946 275 275 947 947 277 277 948 948 278 278 949 949 276 276 950 950 279 279 951 951 278 278 952 952 277 277 953 953 82 82 954 954 280 280 955 955 81 81 956 956 82 82 957 957 281 281 958 958 280 280 959 959 282 282 960 960 281 281 961 961 82 82 962 962 282 282 963 963 283 283 964 964 281 281 965 965 284 284 966 966 283 283 967 967 282 282 968 968 284 284 969 969 285 285 970 970 283 283 971 971 286 286 972 972 285 285 973 973 284 284 974 974 286 286 975 975 14 14 976 976 285 285 977 977 16 16 978 978 14 14 979 979 286 286 980 980 287 287 981 981 170 170 982 982 158 158 983 983 287 287 984 984 288 288 985 985 170 170 986 986 289 289 987 987 288 288 988 988 287 287 989 989 289 289 990 990 290 290 991 991 288 288 992 992 291 291 993 993 290 290 994 994 289 289 995 995 291 291 996 996 292 292 997 997 290 290 998 998 293 293 999 999 292 292 1000 1000 291 291 1001 1001 293 293 1002 1002 161 161 1003 1003 292 292 1004 1004 160 160 1005 1005 161 161 1006 1006 293 293 1007 1007 294 294 1008 1008 195 195 1009 1009 197 197 1010 1010 294 294 1011 1011 295 295 1012 1012 195 195 1013 1013 296 296 1014 1014 295 295 1015 1015 294 294 1016 1016 296 296 1017 1017 297 297 1018 1018 295 295 1019 1019 298 298 1020 1020 297 297 1021 1021 296 296 1022 1022 298 298 1023 1023 191 191 1024 1024 297 297 1025 1025 299 299 1026 1026 191 191 1027 1027 298 298 1028 1028 299 299 1029 1029 189 189 1030 1030 191 191 1031 1031 188 186 1032 1032 192 192 1033 1033 190 190 1034 1034 188 186 1035 1035 300 300 1036 1036 192 192 1037 1037 301 301 1038 1038 300 300 1039 1039 188 186 1040 1040 301 301 1041 1041 302 302 1042 1042 300 300 1043 1043 303 303 1044 1044 302 302 1045 1045 301 301 1046 1046 303 303 1047 1047 304 304 1048 1048 302 302 1049 1049 305 305 1050 1050 304 304 1051 1051 303 303 1052 1052 305 305 1053 1053 200 200 1054 1054 304 304 1055 1055 308 306 1056 1056 307 307 1057 1057 306 308 1058 1058 308 306 1059 1059 309 309 1060 1060 307 307 1061 1061 310 310 1062 1062 309 309 1063 1063 308 306 1064 1064 310 310 1065 1065 311 311 1066 1066 309 309 1067 1067 312 312 1068 1068 311 311 1069 1069 310 310 1070 1070 312 312 1071 1071 313 313 1072 1072 311 311 1073 1073 314 314 1074 1074 313 313 1075 1075 312 312 1076 1076 314 314 1077 1077 315 315 1078 1078 313 313 1079 1079 316 316 1080 1080 271 269 1081 1081 269 271 1082 1082 316 316 1083 1083 273 273 1084 1084 271 269 1085 1085 317 317 1086 1086 273 273 1087 1087 316 316 1088 1088 317 317 1089 1089 275 275 1090 1090 273 273 1091 1091 318 318 1092 1092 275 275 1093 1093 317 317 1094 1094 318 318 1095 1095 277 277 1096 1096 275 275 1097 1097 319 319 1098 1098 277 277 1099 1099 318 318 1100 1100 319 319 1101 1101 279 279 1102 1102 277 277 1103 1103 320 320 1104 1104 209 209 1105 1105 207 207 1106 1106 320 320 1107 1107 321 321 1108 1108 209 209 1109 1109 322 322 1110 1110 321 321 1111 1111 320 320 1112 1112 322 322 1113 1113 323 323 1114 1114 321 321 1115 1115 324 324 1116 1116 323 323 1117 1117 322 322 1118 1118 324 324 1119 1119 325 325 1120 1120 323 323 1121 1121 326 326 1122 1122 325 325 1123 1123 324 324 1124 1124 326 326 1125 1125 327 327 1126 1126 325 325 1127 1127 328 328 1128 1128 61 61 1129 1129 62 62 1130 1130 328 328 1131 1131 329 329 1132 1132 61 61 1133 1133 52 52 1134 1134 329 329 1135 1135 328 328 1136 1136 52 52 1137 1137 330 330 1138 1138 329 329 1139 1139 331 331 1140 1140 330 330 1141 1141 52 52 1142 1142 331 331 1143 1143 57 57 1144 1144 330 330 1145 1145 56 56 1146 1146 57 57 1147 1147 331 331 1148 1148 332 332 1149 1149 98 98 1150 1150 96 96 1151 1151 332 332 1152 1152 100 100 1153 1153 98 98 1154 1154 333 333 1155 1155 100 100 1156 1156 332 332 1157 1157 333 333 1158 1158 102 102 1159 1159 100 100 1160 1160 334 334 1161 1161 102 102 1162 1162 333 333 1163 1163 334 334 1164 1164 104 104 1165 1165 102 102 1166 1166 106 106 1167 1167 104 104 1168 1168 334 334 1169 1169 337 335 1170 1170 336 336 1171 1171 335 337 1172 1172 337 335 1173 1173 338 338 1174 1174 336 336 1175 1175 339 339 1176 1176 338 338 1177 1177 337 335 1178 1178 339 339 1179 1179 340 340 1180 1180 338 338 1181 1181 341 341 1182 1182 340 340 1183 1183 339 339 1184 1184 341 341 1185 1185 342 342 1186 1186 340 340 1187 1187 343 343 1188 1188 342 342 1189 1189 341 341 1190 1190 344 344 1191 1191 255 255 1192 1192 253 253 1193 1193 344 344 1194 1194 345 345 1195 1195 255 255 1196 1196 346 346 1197 1197 345 345 1198 1198 344 344 1199 1199 346 346 1200 1200 347 347 1201 1201 345 345 1202 1202 348 348 1203 1203 347 347 1204 1204 346 346 1205 1205 348 348 1206 1206 349 349 1207 1207 347 347 1208 1208 350 350 1209 1209 349 349 1210 1210 348 348 1211 1211 351 351 1212 1212 262 262 1213 1213 95 95 1214 1214 351 351 1215 1215 352 352 1216 1216 262 262 1217 1217 353 353 1218 1218 352 352 1219 1219 351 351 1220 1220 353 353 1221 1221 354 354 1222 1222 352 352 1223 1223 355 355 1224 1224 354 354 1225 1225 353 353 1226 1226 355 355 1227 1227 356 356 1228 1228 354 354 1229 1229 357 357 1230 1230 356 356 1231 1231 355 355 1232 1232 121 121 1233 1233 358 358 1234 1234 123 123 1235 1235 121 121 1236 1236 359 359 1237 1237 358 358 1238 1238 360 360 1239 1239 359 359 1240 1240 121 121 1241 1241 360 360 1242 1242 137 137 1243 1243 359 359 1244 1244 361 361 1245 1245 137 137 1246 1246 360 360 1247 1247 361 361 1248 1248 135 135 1249 1249 137 137 1250 1250 133 133 1251 1251 135 135 1252 1252 361 361 1253 1253 364 362 1254 1254 363 363 1255 1255 362 364 1256 1256 364 362 1257 1257 365 365 1258 1258 363 363 1259 1259 366 366 1260 1260 365 365 1261 1261 364 362 1262 1262 366 366 1263 1263 367 367 1264 1264 365 365 1265 1265 368 368 1266 1266 367 367 1267 1267 366 366 1268 1268 368 368 1269 1269 369 369 1270 1270 367 367 1271 1271 370 370 1272 1272 115 115 1273 1273 113 113 1274 1274 370 370 1275 1275 371 371 1276 1276 115 115 1277 1277 372 372 1278 1278 371 371 1279 1279 370 370 1280 1280 372 372 1281 1281 373 373 1282 1282 371 371 1283 1283 131 131 1284 1284 373 373 1285 1285 372 372 1286 1286 131 131 1287 1287 133 133 1288 1288 373 373 1289 1289 76 76 1290 1290 1 1 1291 1291 3 3 1292 1292 76 76 1293 1293 374 374 1294 1294 1 1 1295 1295 77 77 1296 1296 374 374 1297 1297 76 76 1298 1298 77 77 1299 1299 375 375 1300 1300 374 374 1301 1301 78 78 1302 1302 375 375 1303 1303 77 77 1304 1304 78 78 1305 1305 79 79 1306 1306 375 375 1307 1307 374 374 1308 1308 0 2 1309 1309 1 1 1310 1310 374 374 1311 1311 376 376 1312 1312 0 2 1313 1313 375 375 1314 1314 376 376 1315 1315 374 374 1316 1316 375 375 1317 1317 377 377 1318 1318 376 376 1319 1319 79 79 1320 1320 377 377 1321 1321 375 375 1322 1322 79 79 1323 1323 80 80 1324 1324 377 377 1325 1325 341 341 1326 1326 378 378 1327 1327 343 343 1328 1328 341 341 1329 1329 379 379 1330 1330 378 378 1331 1331 339 339 1332 1332 379 379 1333 1333 341 341 1334 1334 339 339 1335 1335 380 380 1336 1336 379 379 1337 1337 337 335 1338 1338 380 380 1339 1339 339 339 1340 1340 337 335 1341 1341 335 337 1342 1342 380 380 1343 1343 381 381 1344 1344 228 228 1345 1345 230 230 1346 1346 381 381 1347 1347 382 382 1348 1348 228 228 1349 1349 383 383 1350 1350 382 382 1351 1351 381 381 1352 1352 383 383 1353 1353 384 384 1354 1354 382 382 1355 1355 224 224 1356 1356 384 384 1357 1357 383 383 1358 1358 224 224 1359 1359 225 225 1360 1360 384 384 1361 1361 254 254 1362 1362 251 251 1363 1363 252 252 1364 1364 254 254 1365 1365 385 385 1366 1366 251 251 1367 1367 256 256 1368 1368 385 385 1369 1369 254 254 1370 1370 256 256 1371 1371 386 386 1372 1372 385 385 1373 1373 258 258 1374 1374 386 386 1375 1375 256 256 1376 1376 258 258 1377 1377 387 387 1378 1378 386 386 1379 1379 355 355 1380 1380 387 387 1381 1381 357 357 1382 1382 355 355 1383 1383 386 386 1384 1384 387 387 1385 1385 388 388 1386 1386 386 386 1387 1387 355 355 1388 1388 388 388 1389 1389 385 385 1390 1390 386 386 1391 1391 389 389 1392 1392 385 385 1393 1393 388 388 1394 1394 389 389 1395 1395 251 251 1396 1396 385 385 1397 1397 49 49 1398 1398 63 63 1399 1399 48 48 1400 1400 49 49 1401 1401 390 390 1402 1402 63 63 1403 1403 50 50 1404 1404 390 390 1405 1405 49 49 1406 1406 50 50 1407 1407 391 391 1408 1408 390 390 1409 1409 51 51 1410 1410 391 391 1411 1411 50 50 1412 1412 51 51 1413 1413 52 52 1414 1414 391 391 1415 1415 392 392 1416 1416 207 207 1417 1417 205 205 1418 1418 392 392 1419 1419 320 320 1420 1420 207 207 1421 1421 393 393 1422 1422 320 320 1423 1423 392 392 1424 1424 393 393 1425 1425 322 322 1426 1426 320 320 1427 1427 394 394 1428 1428 322 322 1429 1429 393 393 1430 1430 394 394 1431 1431 324 324 1432 1432 322 322 1433 1433 395 395 1434 1434 253 253 1435 1435 101 101 1436 1436 395 395 1437 1437 344 344 1438 1438 253 253 1439 1439 396 396 1440 1440 344 344 1441 1441 395 395 1442 1442 396 396 1443 1443 397 397 1444 1444 344 344 1445 1445 209 209 1446 1446 397 397 1447 1447 396 396 1448 1448 209 209 1449 1449 321 321 1450 1450 397 397 1451 1451 142 142 1452 1452 130 130 1453 1453 398 398 1454 1454 142 142 1455 1455 132 132 1456 1456 130 130 1457 1457 140 140 1458 1458 132 132 1459 1459 142 142 1460 1460 140 140 1461 1461 399 399 1462 1462 132 132 1463 1463 136 136 1464 1464 399 399 1465 1465 140 140 1466 1466 136 136 1467 1467 134 134 1468 1468 399 399 1469 1469 402 400 1470 1470 401 401 1471 1471 400 402 1472 1472 402 400 1473 1473 403 403 1474 1474 401 401 1475 1475 127 127 1476 1476 403 403 1477 1477 402 400 1478 1478 127 127 1479 1479 404 404 1480 1480 403 403 1481 1481 405 405 1482 1482 404 404 1483 1483 127 127 1484 1484 408 406 1485 1485 407 407 1486 1486 406 408 1487 1487 408 406 1488 1488 409 409 1489 1489 407 407 1490 1490 410 410 1491 1491 409 409 1492 1492 408 406 1493 1493 410 410 1494 1494 411 411 1495 1495 409 409 1496 1496 412 412 1497 1497 411 411 1498 1498 410 410 1499 1499 240 242 1500 1500 414 413 1501 1501 413 414 1502 1502 240 242 1503 1503 415 415 1504 1504 414 413 1505 1505 241 241 1506 1506 415 415 1507 1507 240 242 1508 1508 241 241 1509 1509 416 416 1510 1510 415 415 1511 1511 417 417 1512 1512 416 416 1513 1513 241 241 1514 1514 418 418 1515 1515 380 380 1516 1516 335 337 1517 1517 418 418 1518 1518 379 379 1519 1519 380 380 1520 1520 419 419 1521 1521 379 379 1522 1522 418 418 1523 1523 419 419 1524 1524 378 378 1525 1525 379 379 1526 1526 420 420 1527 1527 378 378 1528 1528 419 419 1529 1529 217 217 1530 1530 237 237 1531 1531 235 235 1532 1532 217 217 1533 1533 421 421 1534 1534 237 237 1535 1535 422 422 1536 1536 421 421 1537 1537 217 217 1538 1538 422 422 1539 1539 423 423 1540 1540 421 421 1541 1541 424 424 1542 1542 423 423 1543 1543 422 422 1544 1544 427 425 1545 1545 426 426 1546 1546 425 427 1547 1547 427 425 1548 1548 428 428 1549 1549 426 426 1550 1550 429 429 1551 1551 428 428 1552 1552 427 425 1553 1553 429 429 1554 1554 430 430 1555 1555 428 428 1556 1556 431 431 1557 1557 430 430 1558 1558 429 429 1559 1559 283 283 1560 1560 432 432 1561 1561 281 281 1562 1562 283 283 1563 1563 433 433 1564 1564 432 432 1565 1565 285 285 1566 1566 433 433 1567 1567 283 283 1568 1568 285 285 1569 1569 12 12 1570 1570 433 433 1571 1571 14 14 1572 1572 12 12 1573 1573 285 285 1574 1574 396 396 1575 1575 211 211 1576 1576 209 209 1577 1577 396 396 1578 1578 434 434 1579 1579 211 211 1580 1580 395 395 1581 1581 434 434 1582 1582 396 396 1583 1583 395 395 1584 1584 103 103 1585 1585 434 434 1586 1586 101 101 1587 1587 103 103 1588 1588 395 395 1589 1589 435 435 1590 1590 236 236 1591 1591 238 238 1592 1592 435 435 1593 1593 234 234 1594 1594 236 236 1595 1595 436 436 1596 1596 234 234 1597 1597 435 435 1598 1598 436 436 1599 1599 233 233 1600 1600 234 234 1601 1601 232 232 1602 1602 233 233 1603 1603 436 436 1604 1604 437 437 1605 1605 180 180 1606 1606 182 182 1607 1607 437 437 1608 1608 178 178 1609 1609 180 180 1610 1610 438 438 1611 1611 178 178 1612 1612 437 437 1613 1613 438 438 1614 1614 176 176 1615 1615 178 178 1616 1616 439 439 1617 1617 176 176 1618 1618 438 438 1619 1619 367 367 1620 1620 440 440 1621 1621 365 365 1622 1622 367 367 1623 1623 441 441 1624 1624 440 440 1625 1625 442 442 1626 1626 441 441 1627 1627 367 367 1628 1628 442 442 1629 1629 210 210 1630 1630 441 441 1631 1631 208 208 1632 1632 210 210 1633 1633 442 442 1634 1634 329 329 1635 1635 60 60 1636 1636 61 61 1637 1637 329 329 1638 1638 59 59 1639 1639 60 60 1640 1640 330 330 1641 1641 59 59 1642 1642 329 329 1643 1643 330 330 1644 1644 58 58 1645 1645 59 59 1646 1646 57 57 1647 1647 58 58 1648 1648 330 330 1649 1649 83 83 1650 1650 282 282 1651 1651 82 82 1652 1652 83 83 1653 1653 443 443 1654 1654 282 282 1655 1655 84 84 1656 1656 443 443 1657 1657 83 83 1658 1658 84 84 1659 1659 444 444 1660 1660 443 443 1661 1661 85 85 1662 1662 444 444 1663 1663 84 84 1664 1664 447 445 1665 1665 446 446 1666 1666 445 447 1667 1667 447 445 1668 1668 448 448 1669 1669 446 446 1670 1670 449 449 1671 1671 448 448 1672 1672 447 445 1673 1673 449 449 1674 1674 450 450 1675 1675 448 448 1676 1676 451 451 1677 1677 450 450 1678 1678 449 449 1679 1679 303 303 1680 1680 452 452 1681 1681 305 305 1682 1682 303 303 1683 1683 453 453 1684 1684 452 452 1685 1685 301 301 1686 1686 453 453 1687 1687 303 303 1688 1688 301 301 1689 1689 186 188 1690 1690 453 453 1691 1691 188 186 1692 1692 186 188 1693 1693 301 301 1694 1694 455 454 1695 1695 159 157 1696 1696 454 455 1697 1697 455 454 1698 1698 456 456 1699 1699 159 157 1700 1700 457 457 1701 1701 456 456 1702 1702 455 454 1703 1703 457 457 1704 1704 458 458 1705 1705 456 456 1706 1706 404 404 1707 1707 458 458 1708 1708 457 457 1709 1709 260 260 1710 1710 91 91 1711 1711 93 93 1712 1712 260 260 1713 1713 459 459 1714 1714 91 91 1715 1715 460 460 1716 1716 459 459 1717 1717 260 260 1718 1718 460 460 1719 1719 461 461 1720 1720 459 459 1721 1721 462 462 1722 1722 461 461 1723 1723 460 460 1724 1724 220 220 1725 1725 154 154 1726 1726 222 222 1727 1727 220 220 1728 1728 463 463 1729 1729 154 154 1730 1730 464 464 1731 1731 463 463 1732 1732 220 220 1733 1733 464 464 1734 1734 118 118 1735 1735 463 463 1736 1736 116 116 1737 1737 118 118 1738 1738 464 464 1739 1739 465 465 1740 1740 10 10 1741 1741 8 8 1742 1742 465 465 1743 1743 466 466 1744 1744 10 10 1745 1745 467 467 1746 1746 466 466 1747 1747 465 465 1748 1748 467 467 1749 1749 433 433 1750 1750 466 466 1751 1751 432 432 1752 1752 433 433 1753 1753 467 467 1754 1754 352 352 1755 1755 264 264 1756 1756 262 262 1757 1757 352 352 1758 1758 266 266 1759 1759 264 264 1760 1760 468 468 1761 1761 266 266 1762 1762 352 352 1763 1763 468 468 1764 1764 268 268 1765 1765 266 266 1766 1766 469 469 1767 1767 268 268 1768 1768 468 468 1769 1769 288 288 1770 1770 168 168 1771 1771 170 170 1772 1772 288 288 1773 1773 166 166 1774 1774 168 168 1775 1775 290 290 1776 1776 166 166 1777 1777 288 288 1778 1778 290 290 1779 1779 164 164 1780 1780 166 166 1781 1781 162 162 1782 1782 164 164 1783 1783 290 290 1784 1784 470 470 1785 1785 205 205 1786 1786 203 201 1787 1787 470 470 1788 1788 392 392 1789 1789 205 205 1790 1790 471 471 1791 1791 392 392 1792 1792 470 470 1793 1793 471 471 1794 1794 472 472 1795 1795 392 392 1796 1796 92 92 1797 1797 362 364 1798 1798 94 94 1799 1799 92 92 1800 1800 364 362 1801 1801 362 364 1802 1802 90 90 1803 1803 364 362 1804 1804 92 92 1805 1805 90 90 1806 1806 368 368 1807 1807 364 362 1808 1808 473 473 1809 1809 96 96 1810 1810 94 94 1811 1811 473 473 1812 1812 332 332 1813 1813 96 96 1814 1814 474 474 1815 1815 332 332 1816 1816 473 473 1817 1817 474 474 1818 1818 475 475 1819 1819 332 332 1820 1820 475 475 1821 1821 333 333 1822 1822 332 332 1823 1823 475 475 1824 1824 334 334 1825 1825 333 333 1826 1826 476 476 1827 1827 334 334 1828 1828 475 475 1829 1829 476 476 1830 1830 106 106 1831 1831 334 334 1832 1832 390 390 1833 1833 62 62 1834 1834 63 63 1835 1835 390 390 1836 1836 328 328 1837 1837 62 62 1838 1838 391 391 1839 1839 328 328 1840 1840 390 390 1841 1841 391 391 1842 1842 52 52 1843 1843 328 328 1844 1844 479 477 1845 1845 478 478 1846 1846 477 479 1847 1847 479 477 1848 1848 480 480 1849 1849 478 478 1850 1850 481 481 1851 1851 480 480 1852 1852 479 477 1853 1853 481 481 1854 1854 482 482 1855 1855 480 480 1856 1856 214 214 1857 1857 165 165 1858 1858 163 163 1859 1859 214 214 1860 1860 483 483 1861 1861 165 165 1862 1862 215 215 1863 1863 483 483 1864 1864 214 214 1865 1865 215 215 1866 1866 217 217 1867 1867 483 483 1868 1868 397 397 1869 1869 346 346 1870 1870 344 344 1871 1871 397 397 1872 1872 484 484 1873 1873 346 346 1874 1874 321 321 1875 1875 484 484 1876 1876 397 397 1877 1877 321 321 1878 1878 323 323 1879 1879 484 484 1880 1880 325 325 1881 1881 484 484 1882 1882 323 323 1883 1883 325 325 1884 1884 485 485 1885 1885 484 484 1886 1886 327 327 1887 1887 485 485 1888 1888 325 325 1889 1889 327 327 1890 1890 350 350 1891 1891 485 485 1892 1892 331 331 1893 1893 55 55 1894 1894 56 56 1895 1895 331 331 1896 1896 486 486 1897 1897 55 55 1898 1898 52 52 1899 1899 486 486 1900 1900 331 331 1901 1901 52 52 1902 1902 53 53 1903 1903 486 486 1904 1904 487 487 1905 1905 418 418 1906 1906 335 337 1907 1907 487 487 1908 1908 419 419 1909 1909 418 418 1910 1910 488 488 1911 1911 419 419 1912 1912 487 487 1913 1913 488 488 1914 1914 420 420 1915 1915 419 419 1916 1916 490 489 1917 1917 489 490 1918 1918 270 270 1919 1919 490 489 1920 1920 491 491 1921 1921 489 490 1922 1922 274 274 1923 1923 491 491 1924 1924 490 489 1925 1925 274 274 1926 1926 276 276 1927 1927 491 491 1928 1928 491 491 1929 1929 492 492 1930 1930 489 490 1931 1931 491 491 1932 1932 493 493 1933 1933 492 492 1934 1934 276 276 1935 1935 493 493 1936 1936 491 491 1937 1937 276 276 1938 1938 278 278 1939 1939 493 493 1940 1940 150 150 1941 1941 118 118 1942 1942 148 148 1943 1943 150 150 1944 1944 463 463 1945 1945 118 118 1946 1946 152 152 1947 1947 463 463 1948 1948 150 150 1949 1949 152 152 1950 1950 154 154 1951 1951 463 463 1952 1952 460 460 1953 1953 494 494 1954 1954 462 462 1955 1955 460 460 1956 1956 495 495 1957 1957 494 494 1958 1958 261 261 1959 1959 495 495 1960 1960 460 460 1961 1961 261 261 1962 1962 263 263 1963 1963 495 495 1964 1964 495 495 1965 1965 496 496 1966 1966 494 494 1967 1967 495 495 1968 1968 497 497 1969 1969 496 496 1970 1970 263 263 1971 1971 497 497 1972 1972 495 495 1973 1973 263 263 1974 1974 265 265 1975 1975 497 497 1976 1976 498 498 1977 1977 306 308 1978 1978 307 307 1979 1979 498 498 1980 1980 499 499 1981 1981 306 308 1982 1982 500 500 1983 1983 499 499 1984 1984 498 498 1985 1985 500 500 1986 1986 501 501 1987 1987 499 499 1988 1988 502 502 1989 1989 6 6 1990 1990 4 4 1991 1991 502 502 1992 1992 8 8 1993 1993 6 6 1994 1994 503 503 1995 1995 8 8 1996 1996 502 502 1997 1997 503 503 1998 1998 465 465 1999 1999 8 8 2000 2000 501 501 2001 2001 504 504 2002 2002 499 499 2003 2003 501 501 2004 2004 505 505 2005 2005 504 504 2006 2006 506 506 2007 2007 505 505 2008 2008 501 501 2009 2009 506 506 2010 2010 507 507 2011 2011 505 505 2012 2012 508 508 2013 2013 304 304 2014 2014 200 200 2015 2015 508 508 2016 2016 509 509 2017 2017 304 304 2018 2018 198 198 2019 2019 509 509 2020 2020 508 508 2021 2021 198 198 2022 2022 196 196 2023 2023 509 509 2024 2024 510 510 2025 2025 197 197 2026 2026 199 199 2027 2027 510 510 2028 2028 294 294 2029 2029 197 197 2030 2030 511 511 2031 2031 294 294 2032 2032 510 510 2033 2033 511 511 2034 2034 512 512 2035 2035 294 294 2036 2036 515 513 2037 2037 514 514 2038 2038 513 515 2039 2039 515 513 2040 2040 516 516 2041 2041 514 514 2042 2042 517 517 2043 2043 516 516 2044 2044 515 513 2045 2045 517 517 2046 2046 518 518 2047 2047 516 516 2048 2048 521 519 2049 2049 520 520 2050 2050 519 521 2051 2051 521 519 2052 2052 522 522 2053 2053 520 520 2054 2054 523 523 2055 2055 522 522 2056 2056 521 519 2057 2057 523 523 2058 2058 524 524 2059 2059 522 522 2060 2060 525 525 2061 2061 182 182 2062 2062 184 184 2063 2063 525 525 2064 2064 437 437 2065 2065 182 182 2066 2066 526 526 2067 2067 437 437 2068 2068 525 525 2069 2069 526 526 2070 2070 439 439 2071 2071 437 437 2072 2072 528 527 2073 2073 519 521 2074 2074 527 528 2075 2075 528 527 2076 2076 521 519 2077 2077 519 521 2078 2078 529 529 2079 2079 521 519 2080 2080 528 527 2081 2081 529 529 2082 2082 523 523 2083 2083 521 519 2084 2084 139 139 2085 2085 359 359 2086 2086 137 137 2087 2087 139 139 2088 2088 530 530 2089 2089 359 359 2090 2090 141 141 2091 2091 530 530 2092 2092 139 139 2093 2093 141 141 2094 2094 531 531 2095 2095 530 530 2096 2096 361 361 2097 2097 373 373 2098 2098 133 133 2099 2099 361 361 2100 2100 532 532 2101 2101 373 373 2102 2102 360 360 2103 2103 532 532 2104 2104 361 361 2105 2105 360 360 2106 2106 121 121 2107 2107 532 532 2108 2108 532 532 2109 2109 371 371 2110 2110 373 373 2111 2111 532 532 2112 2112 533 533 2113 2113 371 371 2114 2114 121 121 2115 2115 533 533 2116 2116 532 532 2117 2117 121 121 2118 2118 119 119 2119 2119 533 533 2120 2120 219 219 2121 2121 422 422 2122 2122 217 217 2123 2123 219 219 2124 2124 534 534 2125 2125 422 422 2126 2126 221 221 2127 2127 534 534 2128 2128 219 219 2129 2129 221 221 2130 2130 535 535 2131 2131 534 534 2132 2132 537 536 2133 2133 527 528 2134 2134 536 537 2135 2135 537 536 2136 2136 528 527 2137 2137 527 528 2138 2138 538 538 2139 2139 528 527 2140 2140 537 536 2141 2141 538 538 2142 2142 529 529 2143 2143 528 527 2144 2144 287 287 2145 2145 291 291 2146 2146 289 289 2147 2147 287 287 2148 2148 539 539 2149 2149 291 291 2150 2150 160 160 2151 2151 539 539 2152 2152 287 287 2153 2153 160 160 2154 2154 293 293 2155 2155 539 539 2156 2156 18 18 2157 2157 85 85 2158 2158 20 20 2159 2159 18 18 2160 2160 444 444 2161 2161 85 85 2162 2162 16 16 2163 2163 444 444 2164 2164 18 18 2165 2165 16 16 2166 2166 286 286 2167 2167 444 444 2168 2168 480 480 2169 2169 536 537 2170 2170 478 478 2171 2171 480 480 2172 2172 537 536 2173 2173 536 537 2174 2174 482 482 2175 2175 537 536 2176 2176 480 480 2177 2177 482 482 2178 2178 538 538 2179 2179 537 536 2180 2180 97 97 2181 2181 351 351 2182 2182 95 95 2183 2183 97 97 2184 2184 389 389 2185 2185 351 351 2186 2186 99 99 2187 2187 389 389 2188 2188 97 97 2189 2189 99 99 2190 2190 251 251 2191 2191 389 389 2192 2192 509 509 2193 2193 302 302 2194 2194 304 304 2195 2195 509 509 2196 2196 194 194 2197 2197 302 302 2198 2198 196 196 2199 2199 194 194 2200 2200 509 509 2201 2201 443 443 2202 2202 284 284 2203 2203 282 282 2204 2204 443 443 2205 2205 286 286 2206 2206 284 284 2207 2207 444 444 2208 2208 286 286 2209 2209 443 443 2210 2210 541 540 2211 2211 426 426 2212 2212 540 541 2213 2213 541 540 2214 2214 425 427 2215 2215 426 426 2216 2216 542 542 2217 2217 425 427 2218 2218 541 540 2219 2219 493 493 2220 2220 543 543 2221 2221 492 492 2222 2222 493 493 2223 2223 544 544 2224 2224 543 543 2225 2225 278 278 2226 2226 544 544 2227 2227 493 493 2228 2228 229 229 2229 2229 171 173 2230 2230 231 231 2231 2231 229 229 2232 2232 173 171 2233 2233 171 173 2234 2234 175 175 2235 2235 173 171 2236 2236 229 229 2237 2237 533 533 2238 2238 115 115 2239 2239 371 371 2240 2240 533 533 2241 2241 117 117 2242 2242 115 115 2243 2243 119 119 2244 2244 117 117 2245 2245 533 533 2246 2246 257 257 2247 2247 347 347 2248 2248 259 259 2249 2249 257 257 2250 2250 345 345 2251 2251 347 347 2252 2252 255 255 2253 2253 345 345 2254 2254 257 257 2255 2255 382 382 2256 2256 226 226 2257 2257 228 228 2258 2258 382 382 2259 2259 225 225 2260 2260 226 226 2261 2261 384 384 2262 2262 225 225 2263 2263 382 382 2264 2264 393 393 2265 2265 545 545 2266 2266 394 394 2267 2267 393 393 2268 2268 472 472 2269 2269 545 545 2270 2270 392 392 2271 2271 472 472 2272 2272 393 393 2273 2273 176 176 2274 2274 172 172 2275 2275 174 174 2276 2276 176 176 2277 2277 546 546 2278 2278 172 172 2279 2279 439 439 2280 2280 546 546 2281 2281 176 176 2282 2282 442 442 2283 2283 206 206 2284 2284 208 208 2285 2285 442 442 2286 2286 369 369 2287 2287 206 206 2288 2288 367 367 2289 2289 369 369 2290 2290 442 442 2291 2291 354 354 2292 2292 468 468 2293 2293 352 352 2294 2294 354 354 2295 2295 469 469 2296 2296 468 468 2297 2297 356 356 2298 2298 469 469 2299 2299 354 354 2300 2300 114 114 2301 2301 216 216 2302 2302 112 112 2303 2303 114 114 2304 2304 218 218 2305 2305 216 216 2306 2306 220 220 2307 2307 218 218 2308 2308 114 114 2309 2309 353 353 2310 2310 388 388 2311 2311 355 355 2312 2312 353 353 2313 2313 389 389 2314 2314 388 388 2315 2315 351 351 2316 2316 389 389 2317 2317 353 353 2318 2318 534 534 2319 2319 424 424 2320 2320 422 422 2321 2321 534 534 2322 2322 535 535 2323 2323 424 424 2324 2324 239 239 2325 2325 421 421 2326 2326 423 423 2327 2327 239 239 2328 2328 237 237 2329 2329 421 421 2330 2330 315 315 2331 2331 547 547 2332 2332 313 313 2333 2333 315 315 2334 2334 548 548 2335 2335 547 547 2336 2336 507 507 2337 2337 549 549 2338 2338 505 505 2339 2339 507 507 2340 2340 550 550 2341 2341 549 549 2342 2342 550 550 2343 2343 551 551 2344 2344 549 549 2345 2345 550 550 2346 2346 552 552 2347 2347 551 551 2348 2348 552 552 2349 2349 553 553 2350 2350 551 551 2351 2351 552 552 2352 2352 554 554 2353 2353 553 553 2354 2354 75 75 2355 2355 3 3 2356 2356 5 5 2357 2357 75 75 2358 2358 76 76 2359 2359 3 3 2360 2360 556 555 2361 2361 548 548 2362 2362 555 556 2363 2363 556 555 2364 2364 547 547 2365 2365 548 548 2366 2366 80 80 2367 2367 280 280 2368 2368 377 377 2369 2369 80 80 2370 2370 81 81 2371 2371 280 280 2372 2372 557 557 2373 2373 4 4 2374 2374 2 0 2375 2375 557 557 2376 2376 502 502 2377 2377 4 4 2378 2378 12 12 2379 2379 466 466 2380 2380 433 433 2381 2381 12 12 2382 2382 10 10 2383 2383 466 466 2384 2384 457 457 2385 2385 403 403 2386 2386 404 404 2387 2387 457 457 2388 2388 558 558 2389 2389 403 403 2390 2390 54 54 2391 2391 486 486 2392 2392 53 53 2393 2393 54 54 2394 2394 55 55 2395 2395 486 486 2396 2396 512 512 2397 2397 296 296 2398 2398 294 294 2399 2399 512 512 2400 2400 298 298 2401 2401 296 296 2402 2402 191 191 2403 2403 295 295 2404 2404 297 297 2405 2405 191 191 2406 2406 193 193 2407 2407 295 295 2408 2408 300 300 2409 2409 194 194 2410 2410 192 192 2411 2411 300 300 2412 2412 302 302 2413 2413 194 194 2414 2414 105 105 2415 2415 434 434 2416 2416 103 103 2417 2417 105 105 2418 2418 211 211 2419 2419 434 434 2420 2420 560 559 2421 2421 558 558 2422 2422 559 560 2423 2423 560 559 2424 2424 403 403 2425 2425 558 558 2426 2426 561 561 2427 2427 347 347 2428 2428 349 349 2429 2429 561 561 2430 2430 259 259 2431 2431 347 347 2432 2432 563 562 2433 2433 416 416 2434 2434 562 563 2435 2435 563 562 2436 2436 415 415 2437 2437 416 416 2438 2438 244 244 2439 2439 564 564 2440 2440 246 246 2441 2441 244 244 2442 2442 565 565 2443 2443 564 564 2444 2444 177 177 2445 2445 227 227 2446 2446 179 179 2447 2447 177 177 2448 2448 175 175 2449 2449 227 227 2450 2450 567 566 2451 2451 542 542 2452 2452 566 567 2453 2453 567 566 2454 2454 425 427 2455 2455 542 542 2456 2456 484 484 2457 2457 348 348 2458 2458 346 346 2459 2459 484 484 2460 2460 485 485 2461 2461 348 348 2462 2462 247 247 2463 2463 243 243 2464 2464 245 245 2465 2465 247 247 2466 2466 417 417 2467 2467 243 243 2468 2468 554 554 2469 2469 555 556 2470 2470 553 553 2471 2471 554 554 2472 2472 556 555 2473 2473 555 556 2474 2474 411 411 2475 2475 568 568 2476 2476 409 409 2477 2477 411 411 2478 2478 569 569 2479 2479 568 568 2480 2480 569 569 2481 2481 570 570 2482 2482 568 568 2483 2483 569 569 2484 2484 571 571 2485 2485 570 570 2486 2486 483 483 2487 2487 235 235 2488 2488 165 165 2489 2489 483 483 2490 2490 217 217 2491 2491 235 235 2492 2492 565 565 2493 2493 572 572 2494 2494 564 564 2495 2495 565 565 2496 2496 573 573 2497 2497 572 572 2498 2498 530 530 2499 2499 358 358 2500 2500 359 359 2501 2501 530 530 2502 2502 531 531 2503 2503 358 358 2504 2504 573 573 2505 2505 574 574 2506 2506 572 572 2507 2507 573 573 2508 2508 575 575 2509 2509 574 574 2510 2510 576 576 2511 2511 250 250 2512 2512 248 248 2513 2513 576 576 2514 2514 577 577 2515 2515 250 250 2516 2516 272 272 2517 2517 490 489 2518 2518 270 270 2519 2519 272 272 2520 2520 274 274 2521 2521 490 489 2522 2522 125 125 2523 2523 358 358 2524 2524 531 531 2525 2525 125 125 2526 2526 123 123 2527 2527 358 358 2528 2528 577 577 2529 2529 445 447 2530 2530 250 250 2531 2531 577 577 2532 2532 447 445 2533 2533 445 447 2534 2534 575 575 2535 2535 514 514 2536 2536 574 574 2537 2537 575 575 2538 2538 513 515 2539 2539 514 514 2540 2540 204 204 2541 2541 369 369 2542 2542 202 202 2543 2543 204 204 2544 2544 206 206 2545 2545 369 369 2546 2546 144 144 2547 2547 120 120 2548 2548 122 122 2549 2549 144 144 2550 2550 146 146 2551 2551 120 120 2552 2552 162 162 2553 2553 292 292 2554 2554 161 161 2555 2555 162 162 2556 2556 290 290 2557 2557 292 292 2558 2558 87 87 2559 2559 459 459 2560 2560 461 461 2561 2561 87 87 2562 2562 89 89 2563 2563 459 459 2564 2564 146 146 2565 2565 118 118 2566 2566 120 120 2567 2567 146 146 2568 2568 148 148 2569 2569 118 118 2570 2570 464 464 2571 2571 114 114 2572 2572 116 116 2573 2573 464 464 2574 2574 220 220 2575 2575 114 114 2576 2576 578 578 2577 2577 221 221 2578 2578 156 156 2579 2579 578 578 2580 2580 535 535 2581 2581 221 221 2582 2582 193 193 2583 2583 195 195 2584 2584 295 295 2585 2585 130 130 2586 2586 128 126 2587 2587 579 579 2588 2588 241 241 2589 2589 243 243 2590 2590 417 417 2591 2591 132 132 2592 2592 399 399 2593 2593 134 134 2594 2594 91 91 2595 2595 459 459 2596 2596 89 89 2597 2597 364 362 2598 2598 368 368 2599 2599 366 366 2600 2600 223 223 2601 2601 224 224 2602 2602 383 383 2603 2603 129 129 2604 2604 405 405 2605 2605 127 127 2606 2606 260 260 2607 2607 261 261 2608 2608 460 460 2609 2609 138 138 2610 2610 136 136 2611 2611 140 140 2612 2612 539 539 2613 2613 293 293 2614 2614 291 291 2615 2615 159 157 2616 2616 456 456 2617 2617 107 109 2618 2618 287 287 2619 2619 158 158 2620 2620 160 160 2621 2621 437 437 2622 2622 439 439 2623 2623 438 438 2624 2624 571 571 2625 2625 580 580 2626 2626 570 570 2627 2627 457 457 2628 2628 455 454 2629 2629 581 581 2630 2630 348 348 2631 2631 485 485 2632 2632 350 350 2633 2633 200 200 2634 2634 198 198 2635 2635 508 508 2636 2636 175 175 2637 2637 229 229 2638 2638 227 227 2639 2639</p>
        </triangles>
      </mesh>
    </geometry>
  </library_geometries>
  <library_controllers>
    <controller id="skeleton_root_mesh-3-skin" name="skeleton_root">
      <skin source="#meshId3_name-mesh">
        <bind_shape_matrix>1 0 0 0 0 1 -7.10543e-15 0 0 7.10543e-15 1 0 0 0 0 1</bind_shape_matrix>
        <source id="skeleton_root_mesh-3-skin-joints">
          <Name_array id="skeleton_root_mesh-3-skin-joints-array" count="1">MarioRolling</Name_array>
          <technique_common>
            <accessor source="#skeleton_root_mesh-3-skin-joints-array" count="1" stride="1">
              <param name="JOINT" type="name"/>
            </accessor>
          </technique_common>
        </source>
        <source id="skeleton_root_mesh-3-skin-bind_poses">
          <float_array id="skeleton_root_mesh-3-skin-bind_poses-array" count="16">9.999999 0 0 0 0 7.54979e-7 9.999999 0 0 -9.999999 7.54979e-7 0 0 0 0 1</float_array>
          <technique_common>
            <accessor source="#skeleton_root_mesh-3-skin-bind_poses-array" count="1" stride="16">
              <param name="TRANSFORM" type="float4x4"/>
            </accessor>
          </technique_common>
        </source>
        <source id="skeleton_root_mesh-3-skin-weights">
          <float_array id="skeleton_root_mesh-3-skin-weights-array" count="380">1 1 1 1 1 1 1 1 1 1 1 1 1 1 1 1 1 1 1 1 1 1 1 1 1 1 1 1 1 1 1 1 1 1 1 1 1 1 1 1 1 1 1 1 1 1 1 1 1 1 1 1 1 1 1 1 1 1 1 1 1 1 1 1 1 1 1 1 1 1 1 1 1 1 1 1 1 1 1 1 1 1 1 1 1 1 1 1 1 1 1 1 1 1 1 1 1 1 1 1 1 1 1 1 1 1 1 1 1 1 1 1 1 1 1 1 1 1 1 1 1 1 1 1 1 1 1 1 1 1 1 1 1 1 1 1 1 1 1 1 1 1 1 1 1 1 1 1 1 1 1 1 1 1 1 1 1 1 1 1 1 1 1 1 1 1 1 1 1 1 1 1 1 1 1 1 1 1 1 1 1 1 1 1 1 1 1 1 1 1 1 1 1 1 1 1 1 1 1 1 1 1 1 1 1 1 1 1 1 1 1 1 1 1 1 1 1 1 1 1 1 1 1 1 1 1 1 1 1 1 1 1 1 1 1 1 1 1 1 1 1 1 1 1 1 1 1 1 1 1 1 1 1 1 1 1 1 1 1 1 1 1 1 1 1 1 1 1 1 1 1 1 1 1 1 1 1 1 1 1 1 1 1 1 1 1 1 1 1 1 1 1 1 1 1 1 1 1 1 1 1 1 1 1 1 1 1 1 1 1 1 1 1 1 1 1 1 1 1 1 1 1 1 1 1 1 1 1 1 1 1 1 1 1 1 1 1 1 1 1 1 1 1 1 1 1 1 1 1 1 1 1 1 1 1 1 1 1 1 1 1 1 1 1 1 1 1 1 1 1 1 1 1 1 1 1 1 1 1 1</float_array>
          <technique_common>
            <accessor source="#skeleton_root_mesh-3-skin-weights-array" count="380" stride="1">
              <param name="WEIGHT" type="float"/>
            </accessor>
          </technique_common>
        </source>
        <joints>
          <input semantic="JOINT" source="#skeleton_root_mesh-3-skin-joints"/>
          <input semantic="INV_BIND_MATRIX" source="#skeleton_root_mesh-3-skin-bind_poses"/>
        </joints>
        <vertex_weights count="380">
          <input semantic="JOINT" source="#skeleton_root_mesh-3-skin-joints" offset="0"/>
          <input semantic="WEIGHT" source="#skeleton_root_mesh-3-skin-weights" offset="1"/>
          <vcount>1 1 1 1 1 1 1 1 1 1 1 1 1 1 1 1 1 1 1 1 1 1 1 1 1 1 1 1 1 1 1 1 1 1 1 1 1 1 1 1 1 1 1 1 1 1 1 1 1 1 1 1 1 1 1 1 1 1 1 1 1 1 1 1 1 1 1 1 1 1 1 1 1 1 1 1 1 1 1 1 1 1 1 1 1 1 1 1 1 1 1 1 1 1 1 1 1 1 1 1 1 1 1 1 1 1 1 1 1 1 1 1 1 1 1 1 1 1 1 1 1 1 1 1 1 1 1 1 1 1 1 1 1 1 1 1 1 1 1 1 1 1 1 1 1 1 1 1 1 1 1 1 1 1 1 1 1 1 1 1 1 1 1 1 1 1 1 1 1 1 1 1 1 1 1 1 1 1 1 1 1 1 1 1 1 1 1 1 1 1 1 1 1 1 1 1 1 1 1 1 1 1 1 1 1 1 1 1 1 1 1 1 1 1 1 1 1 1 1 1 1 1 1 1 1 1 1 1 1 1 1 1 1 1 1 1 1 1 1 1 1 1 1 1 1 1 1 1 1 1 1 1 1 1 1 1 1 1 1 1 1 1 1 1 1 1 1 1 1 1 1 1 1 1 1 1 1 1 1 1 1 1 1 1 1 1 1 1 1 1 1 1 1 1 1 1 1 1 1 1 1 1 1 1 1 1 1 1 1 1 1 1 1 1 1 1 1 1 1 1 1 1 1 1 1 1 1 1 1 1 1 1 1 1 1 1 1 1 1 1 1 1 1 1 1 1 1 1 1 1 1 1 1 1 1 1 1 1 1 1 1 1 1 1 1 1 1 1 1 1 1 1 1 1 1 1 1 1 1 1 </vcount>
          <v>0 0 0 1 0 2 0 3 0 4 0 5 0 6 0 7 0 8 0 9 0 10 0 11 0 12 0 13 0 14 0 15 0 16 0 17 0 18 0 19 0 20 0 21 0 22 0 23 0 24 0 25 0 26 0 27 0 28 0 29 0 30 0 31 0 32 0 33 0 34 0 35 0 36 0 37 0 38 0 39 0 40 0 41 0 42 0 43 0 44 0 45 0 46 0 47 0 48 0 49 0 50 0 51 0 52 0 53 0 54 0 55 0 56 0 57 0 58 0 59 0 60 0 61 0 62 0 63 0 64 0 65 0 66 0 67 0 68 0 69 0 70 0 71 0 72 0 73 0 74 0 75 0 76 0 77 0 78 0 79 0 80 0 81 0 82 0 83 0 84 0 85 0 86 0 87 0 88 0 89 0 90 0 91 0 92 0 93 0 94 0 95 0 96 0 97 0 98 0 99 0 100 0 101 0 102 0 103 0 104 0 105 0 106 0 107 0 108 0 109 0 110 0 111 0 112 0 113 0 114 0 115 0 116 0 117 0 118 0 119 0 120 0 121 0 122 0 123 0 124 0 125 0 126 0 127 0 128 0 129 0 130 0 131 0 132 0 133 0 134 0 135 0 136 0 137 0 138 0 139 0 140 0 141 0 142 0 143 0 144 0 145 0 146 0 147 0 148 0 149 0 150 0 151 0 152 0 153 0 154 0 155 0 156 0 157 0 158 0 159 0 160 0 161 0 162 0 163 0 164 0 165 0 166 0 167 0 168 0 169 0 170 0 171 0 172 0 173 0 174 0 175 0 176 0 177 0 178 0 179 0 180 0 181 0 182 0 183 0 184 0 185 0 186 0 187 0 188 0 189 0 190 0 191 0 192 0 193 0 194 0 195 0 196 0 197 0 198 0 199 0 200 0 201 0 202 0 203 0 204 0 205 0 206 0 207 0 208 0 209 0 210 0 211 0 212 0 213 0 214 0 215 0 216 0 217 0 218 0 219 0 220 0 221 0 222 0 223 0 224 0 225 0 226 0 227 0 228 0 229 0 230 0 231 0 232 0 233 0 234 0 235 0 236 0 237 0 238 0 239 0 240 0 241 0 242 0 243 0 244 0 245 0 246 0 247 0 248 0 249 0 250 0 251 0 252 0 253 0 254 0 255 0 256 0 257 0 258 0 259 0 260 0 261 0 262 0 263 0 264 0 265 0 266 0 267 0 268 0 269 0 270 0 271 0 272 0 273 0 274 0 275 0 276 0 277 0 278 0 279 0 280 0 281 0 282 0 283 0 284 0 285 0 286 0 287 0 288 0 289 0 290 0 291 0 292 0 293 0 294 0 295 0 296 0 297 0 298 0 299 0 300 0 301 0 302 0 303 0 304 0 305 0 306 0 307 0 308 0 309 0 310 0 311 0 312 0 313 0 314 0 315 0 316 0 317 0 318 0 319 0 320 0 321 0 322 0 323 0 324 0 325 0 326 0 327 0 328 0 329 0 330 0 331 0 332 0 333 0 334 0 335 0 336 0 337 0 338 0 339 0 340 0 341 0 342 0 343 0 344 0 345 0 346 0 347 0 348 0 349 0 350 0 351 0 352 0 353 0 354 0 355 0 356 0 357 0 358 0 359 0 360 0 361 0 362 0 363 0 364 0 365 0 366 0 367 0 368 0 369 0 370 0 371 0 372 0 373 0 374 0 375 0 376 0 377 0 378 0 379</v>
        </vertex_weights>
      </skin>
    </controller>
    <controller id="skeleton_root_mesh-2-skin" name="skeleton_root">
      <skin source="#meshId2_name-mesh">
        <bind_shape_matrix>1 0 0 0 0 1 -7.10543e-15 0 0 7.10543e-15 1 0 0 0 0 1</bind_shape_matrix>
        <source id="skeleton_root_mesh-2-skin-joints">
          <Name_array id="skeleton_root_mesh-2-skin-joints-array" count="1">MarioRolling</Name_array>
          <technique_common>
            <accessor source="#skeleton_root_mesh-2-skin-joints-array" count="1" stride="1">
              <param name="JOINT" type="name"/>
            </accessor>
          </technique_common>
        </source>
        <source id="skeleton_root_mesh-2-skin-bind_poses">
          <float_array id="skeleton_root_mesh-2-skin-bind_poses-array" count="16">9.999999 0 0 0 0 7.54979e-7 9.999999 0 0 -9.999999 7.54979e-7 0 0 0 0 1</float_array>
          <technique_common>
            <accessor source="#skeleton_root_mesh-2-skin-bind_poses-array" count="1" stride="16">
              <param name="TRANSFORM" type="float4x4"/>
            </accessor>
          </technique_common>
        </source>
        <source id="skeleton_root_mesh-2-skin-weights">
          <float_array id="skeleton_root_mesh-2-skin-weights-array" count="286">1 1 1 1 1 1 1 1 1 1 1 1 1 1 1 1 1 1 1 1 1 1 1 1 1 1 1 1 1 1 1 1 1 1 1 1 1 1 1 1 1 1 1 1 1 1 1 1 1 1 1 1 1 1 1 1 1 1 1 1 1 1 1 1 1 1 1 1 1 1 1 1 1 1 1 1 1 1 1 1 1 1 1 1 1 1 1 1 1 1 1 1 1 1 1 1 1 1 1 1 1 1 1 1 1 1 1 1 1 1 1 1 1 1 1 1 1 1 1 1 1 1 1 1 1 1 1 1 1 1 1 1 1 1 1 1 1 1 1 1 1 1 1 1 1 1 1 1 1 1 1 1 1 1 1 1 1 1 1 1 1 1 1 1 1 1 1 1 1 1 1 1 1 1 1 1 1 1 1 1 1 1 1 1 1 1 1 1 1 1 1 1 1 1 1 1 1 1 1 1 1 1 1 1 1 1 1 1 1 1 1 1 1 1 1 1 1 1 1 1 1 1 1 1 1 1 1 1 1 1 1 1 1 1 1 1 1 1 1 1 1 1 1 1 1 1 1 1 1 1 1 1 1 1 1 1 1 1 1 1 1 1 1 1 1 1 1 1 1 1 1 1 1 1 1 1 1 1 1 1 1 1 1 1 1 1</float_array>
          <technique_common>
            <accessor source="#skeleton_root_mesh-2-skin-weights-array" count="286" stride="1">
              <param name="WEIGHT" type="float"/>
            </accessor>
          </technique_common>
        </source>
        <joints>
          <input semantic="JOINT" source="#skeleton_root_mesh-2-skin-joints"/>
          <input semantic="INV_BIND_MATRIX" source="#skeleton_root_mesh-2-skin-bind_poses"/>
        </joints>
        <vertex_weights count="286">
          <input semantic="JOINT" source="#skeleton_root_mesh-2-skin-joints" offset="0"/>
          <input semantic="WEIGHT" source="#skeleton_root_mesh-2-skin-weights" offset="1"/>
          <vcount>1 1 1 1 1 1 1 1 1 1 1 1 1 1 1 1 1 1 1 1 1 1 1 1 1 1 1 1 1 1 1 1 1 1 1 1 1 1 1 1 1 1 1 1 1 1 1 1 1 1 1 1 1 1 1 1 1 1 1 1 1 1 1 1 1 1 1 1 1 1 1 1 1 1 1 1 1 1 1 1 1 1 1 1 1 1 1 1 1 1 1 1 1 1 1 1 1 1 1 1 1 1 1 1 1 1 1 1 1 1 1 1 1 1 1 1 1 1 1 1 1 1 1 1 1 1 1 1 1 1 1 1 1 1 1 1 1 1 1 1 1 1 1 1 1 1 1 1 1 1 1 1 1 1 1 1 1 1 1 1 1 1 1 1 1 1 1 1 1 1 1 1 1 1 1 1 1 1 1 1 1 1 1 1 1 1 1 1 1 1 1 1 1 1 1 1 1 1 1 1 1 1 1 1 1 1 1 1 1 1 1 1 1 1 1 1 1 1 1 1 1 1 1 1 1 1 1 1 1 1 1 1 1 1 1 1 1 1 1 1 1 1 1 1 1 1 1 1 1 1 1 1 1 1 1 1 1 1 1 1 1 1 1 1 1 1 1 1 1 1 1 1 1 1 1 1 1 1 1 1 1 1 1 1 1 1 </vcount>
          <v>0 0 0 1 0 2 0 3 0 4 0 5 0 6 0 7 0 8 0 9 0 10 0 11 0 12 0 13 0 14 0 15 0 16 0 17 0 18 0 19 0 20 0 21 0 22 0 23 0 24 0 25 0 26 0 27 0 28 0 29 0 30 0 31 0 32 0 33 0 34 0 35 0 36 0 37 0 38 0 39 0 40 0 41 0 42 0 43 0 44 0 45 0 46 0 47 0 48 0 49 0 50 0 51 0 52 0 53 0 54 0 55 0 56 0 57 0 58 0 59 0 60 0 61 0 62 0 63 0 64 0 65 0 66 0 67 0 68 0 69 0 70 0 71 0 72 0 73 0 74 0 75 0 76 0 77 0 78 0 79 0 80 0 81 0 82 0 83 0 84 0 85 0 86 0 87 0 88 0 89 0 90 0 91 0 92 0 93 0 94 0 95 0 96 0 97 0 98 0 99 0 100 0 101 0 102 0 103 0 104 0 105 0 106 0 107 0 108 0 109 0 110 0 111 0 112 0 113 0 114 0 115 0 116 0 117 0 118 0 119 0 120 0 121 0 122 0 123 0 124 0 125 0 126 0 127 0 128 0 129 0 130 0 131 0 132 0 133 0 134 0 135 0 136 0 137 0 138 0 139 0 140 0 141 0 142 0 143 0 144 0 145 0 146 0 147 0 148 0 149 0 150 0 151 0 152 0 153 0 154 0 155 0 156 0 157 0 158 0 159 0 160 0 161 0 162 0 163 0 164 0 165 0 166 0 167 0 168 0 169 0 170 0 171 0 172 0 173 0 174 0 175 0 176 0 177 0 178 0 179 0 180 0 181 0 182 0 183 0 184 0 185 0 186 0 187 0 188 0 189 0 190 0 191 0 192 0 193 0 194 0 195 0 196 0 197 0 198 0 199 0 200 0 201 0 202 0 203 0 204 0 205 0 206 0 207 0 208 0 209 0 210 0 211 0 212 0 213 0 214 0 215 0 216 0 217 0 218 0 219 0 220 0 221 0 222 0 223 0 224 0 225 0 226 0 227 0 228 0 229 0 230 0 231 0 232 0 233 0 234 0 235 0 236 0 237 0 238 0 239 0 240 0 241 0 242 0 243 0 244 0 245 0 246 0 247 0 248 0 249 0 250 0 251 0 252 0 253 0 254 0 255 0 256 0 257 0 258 0 259 0 260 0 261 0 262 0 263 0 264 0 265 0 266 0 267 0 268 0 269 0 270 0 271 0 272 0 273 0 274 0 275 0 276 0 277 0 278 0 279 0 280 0 281 0 282 0 283 0 284 0 285</v>
        </vertex_weights>
      </skin>
    </controller>
    <controller id="skeleton_root_mesh-1-skin" name="skeleton_root">
      <skin source="#meshId1_name-mesh">
        <bind_shape_matrix>1 0 0 0 0 1 -7.10543e-15 0 0 7.10543e-15 1 0 0 0 0 1</bind_shape_matrix>
        <source id="skeleton_root_mesh-1-skin-joints">
          <Name_array id="skeleton_root_mesh-1-skin-joints-array" count="1">MarioRolling</Name_array>
          <technique_common>
            <accessor source="#skeleton_root_mesh-1-skin-joints-array" count="1" stride="1">
              <param name="JOINT" type="name"/>
            </accessor>
          </technique_common>
        </source>
        <source id="skeleton_root_mesh-1-skin-bind_poses">
          <float_array id="skeleton_root_mesh-1-skin-bind_poses-array" count="16">9.999999 0 0 0 0 7.54979e-7 9.999999 0 0 -9.999999 7.54979e-7 0 0 0 0 1</float_array>
          <technique_common>
            <accessor source="#skeleton_root_mesh-1-skin-bind_poses-array" count="1" stride="16">
              <param name="TRANSFORM" type="float4x4"/>
            </accessor>
          </technique_common>
        </source>
        <source id="skeleton_root_mesh-1-skin-weights">
          <float_array id="skeleton_root_mesh-1-skin-weights-array" count="1611">1 1 1 1 1 1 1 1 1 1 1 1 1 1 1 1 1 1 1 1 1 1 1 1 1 1 1 1 1 1 1 1 1 1 1 1 1 1 1 1 1 1 1 1 1 1 1 1 1 1 1 1 1 1 1 1 1 1 1 1 1 1 1 1 1 1 1 1 1 1 1 1 1 1 1 1 1 1 1 1 1 1 1 1 1 1 1 1 1 1 1 1 1 1 1 1 1 1 1 1 1 1 1 1 1 1 1 1 1 1 1 1 1 1 1 1 1 1 1 1 1 1 1 1 1 1 1 1 1 1 1 1 1 1 1 1 1 1 1 1 1 1 1 1 1 1 1 1 1 1 1 1 1 1 1 1 1 1 1 1 1 1 1 1 1 1 1 1 1 1 1 1 1 1 1 1 1 1 1 1 1 1 1 1 1 1 1 1 1 1 1 1 1 1 1 1 1 1 1 1 1 1 1 1 1 1 1 1 1 1 1 1 1 1 1 1 1 1 1 1 1 1 1 1 1 1 1 1 1 1 1 1 1 1 1 1 1 1 1 1 1 1 1 1 1 1 1 1 1 1 1 1 1 1 1 1 1 1 1 1 1 1 1 1 1 1 1 1 1 1 1 1 1 1 1 1 1 1 1 1 1 1 1 1 1 1 1 1 1 1 1 1 1 1 1 1 1 1 1 1 1 1 1 1 1 1 1 1 1 1 1 1 1 1 1 1 1 1 1 1 1 1 1 1 1 1 1 1 1 1 1 1 1 1 1 1 1 1 1 1 1 1 1 1 1 1 1 1 1 1 1 1 1 1 1 1 1 1 1 1 1 1 1 1 1 1 1 1 1 1 1 1 1 1 1 1 1 1 1 1 1 1 1 1 1 1 1 1 1 1 1 1 1 1 1 1 1 1 1 1 1 1 1 1 1 1 1 1 1 1 1 1 1 1 1 1 1 1 1 1 1 1 1 1 1 1 1 1 1 1 1 1 1 1 1 1 1 1 1 1 1 1 1 1 1 1 1 1 1 1 1 1 1 1 1 1 1 1 1 1 1 1 1 1 1 1 1 1 1 1 1 1 1 1 1 1 1 1 1 1 1 1 1 1 1 1 1 1 1 1 1 1 1 1 1 1 1 1 1 1 1 1 1 1 1 1 1 1 1 1 1 1 1 1 1 1 1 1 1 1 1 1 1 1 1 1 1 1 1 1 1 1 1 1 1 1 1 1 1 1 1 1 1 1 1 1 1 1 1 1 1 1 1 1 1 1 1 1 1 1 1 1 1 1 1 1 1 1 1 1 1 1 1 1 1 1 1 1 1 1 1 1 1 1 1 1 1 1 1 1 1 1 1 1 1 1 1 1 1 1 1 1 1 1 1 1 1 1 1 1 1 1 1 1 1 1 1 1 1 1 1 1 1 1 1 1 1 1 1 1 1 1 1 1 1 1 1 1 1 1 1 1 1 1 1 1 1 1 1 1 1 1 1 1 1 1 1 1 1 1 1 1 1 1 1 1 1 1 1 1 1 1 1 1 1 1 1 1 1 1 1 1 1 1 1 1 1 1 1 1 1 1 1 1 1 1 1 1 1 1 1 1 1 1 1 1 1 1 1 1 1 1 1 1 1 1 1 1 1 1 1 1 1 1 1 1 1 1 1 1 1 1 1 1 1 1 1 1 1 1 1 1 1 1 1 1 1 1 1 1 1 1 1 1 1 1 1 1 1 1 1 1 1 1 1 1 1 1 1 1 1 1 1 1 1 1 1 1 1 1 1 1 1 1 1 1 1 1 1 1 1 1 1 1 1 1 1 1 1 1 1 1 1 1 1 1 1 1 1 1 1 1 1 1 1 1 1 1 1 1 1 1 1 1 1 1 1 1 1 1 1 1 1 1 1 1 1 1 1 1 1 1 1 1 1 1 1 1 1 1 1 1 1 1 1 1 1 1 1 1 1 1 1 1 1 1 1 1 1 1 1 1 1 1 1 1 1 1 1 1 1 1 1 1 1 1 1 1 1 1 1 1 1 1 1 1 1 1 1 1 1 1 1 1 1 1 1 1 1 1 1 1 1 1 1 1 1 1 1 1 1 1 1 1 1 1 1 1 1 1 1 1 1 1 1 1 1 1 1 1 1 1 1 1 1 1 1 1 1 1 1 1 1 1 1 1 1 1 1 1 1 1 1 1 1 1 1 1 1 1 1 1 1 1 1 1 1 1 1 1 1 1 1 1 1 1 1 1 1 1 1 1 1 1 1 1 1 1 1 1 1 1 1 1 1 1 1 1 1 1 1 1 1 1 1 1 1 1 1 1 1 1 1 1 1 1 1 1 1 1 1 1 1 1 1 1 1 1 1 1 1 1 1 1 1 1 1 1 1 1 1 1 1 1 1 1 1 1 1 1 1 1 1 1 1 1 1 1 1 1 1 1 1 1 1 1 1 1 1 1 1 1 1 1 1 1 1 1 1 1 1 1 1 1 1 1 1 1 1 1 1 1 1 1 1 1 1 1 1 1 1 1 1 1 1 1 1 1 1 1 1 1 1 1 1 1 1 1 1 1 1 1 1 1 1 1 1 1 1 1 1 1 1 1 1 1 1 1 1 1 1 1 1 1 1 1 1 1 1 1 1 1 1 1 1 1 1 1 1 1 1 1 1 1 1 1 1 1 1 1 1 1 1 1 1 1 1 1 1 1 1 1 1 1 1 1 1 1 1 1 1 1 1 1 1 1 1 1 1 1 1 1 1 1 1 1 1 1 1 1 1 1 1 1 1 1 1 1 1 1 1 1 1 1 1 1 1 1 1 1 1 1 1 1 1 1 1 1 1 1 1 1 1 1 1 1 1 1 1 1 1 1 1 1 1 1 1 1 1 1 1 1 1 1 1 1 1 1 1 1 1 1 1 1 1 1 1 1 1 1 1 1 1 1 1 1 1 1 1 1 1 1 1 1 1 1 1 1 1 1 1 1 1 1 1 1 1 1 1 1 1 1 1 1 1 1 1 1 1 1 1 1 1 1 1 1 1 1 1 1 1 1 1 1 1 1 1 1 1 1 1 1 1 1 1 1 1 1 1 1 1 1 1 1 1 1 1 1 1 1 1 1 1 1 1 1 1 1 1 1 1 1 1 1 1 1 1 1 1 1 1 1 1 1 1 1 1 1 1 1 1 1 1 1 1 1 1 1 1 1 1 1 1 1 1 1 1 1 1 1 1 1 1 1 1 1 1 1 1 1 1 1 1 1 1 1 1 1 1 1 1 1 1 1 1 1 1 1 1 1 1 1 1 1 1 1 1 1 1 1 1 1 1 1 1 1 1 1 1 1 1 1 1 1 1 1 1 1 1 1 1 1 1 1 1 1 1 1 1 1 1 1 1 1 1 1 1 1 1 1 1 1 1 1 1 1 1 1 1 1 1 1 1 1 1 1 1 1 1 1 1 1 1 1 1 1 1 1 1 1 1 1 1 1 1 1 1 1 1 1 1 1 1 1 1 1 1 1 1 1 1 1 1 1 1 1 1 1 1 1 1 1 1 1 1 1 1 1 1 1 1 1 1 1 1 1 1 1 1 1 1 1 1 1 1 1 1 1 1 1 1 1 1 1 1 1 1 1 1 1 1 1 1 1 1 1 1 1 1 1 1</float_array>
          <technique_common>
            <accessor source="#skeleton_root_mesh-1-skin-weights-array" count="1611" stride="1">
              <param name="WEIGHT" type="float"/>
            </accessor>
          </technique_common>
        </source>
        <joints>
          <input semantic="JOINT" source="#skeleton_root_mesh-1-skin-joints"/>
          <input semantic="INV_BIND_MATRIX" source="#skeleton_root_mesh-1-skin-bind_poses"/>
        </joints>
        <vertex_weights count="1611">
          <input semantic="JOINT" source="#skeleton_root_mesh-1-skin-joints" offset="0"/>
          <input semantic="WEIGHT" source="#skeleton_root_mesh-1-skin-weights" offset="1"/>
          <vcount>1 1 1 1 1 1 1 1 1 1 1 1 1 1 1 1 1 1 1 1 1 1 1 1 1 1 1 1 1 1 1 1 1 1 1 1 1 1 1 1 1 1 1 1 1 1 1 1 1 1 1 1 1 1 1 1 1 1 1 1 1 1 1 1 1 1 1 1 1 1 1 1 1 1 1 1 1 1 1 1 1 1 1 1 1 1 1 1 1 1 1 1 1 1 1 1 1 1 1 1 1 1 1 1 1 1 1 1 1 1 1 1 1 1 1 1 1 1 1 1 1 1 1 1 1 1 1 1 1 1 1 1 1 1 1 1 1 1 1 1 1 1 1 1 1 1 1 1 1 1 1 1 1 1 1 1 1 1 1 1 1 1 1 1 1 1 1 1 1 1 1 1 1 1 1 1 1 1 1 1 1 1 1 1 1 1 1 1 1 1 1 1 1 1 1 1 1 1 1 1 1 1 1 1 1 1 1 1 1 1 1 1 1 1 1 1 1 1 1 1 1 1 1 1 1 1 1 1 1 1 1 1 1 1 1 1 1 1 1 1 1 1 1 1 1 1 1 1 1 1 1 1 1 1 1 1 1 1 1 1 1 1 1 1 1 1 1 1 1 1 1 1 1 1 1 1 1 1 1 1 1 1 1 1 1 1 1 1 1 1 1 1 1 1 1 1 1 1 1 1 1 1 1 1 1 1 1 1 1 1 1 1 1 1 1 1 1 1 1 1 1 1 1 1 1 1 1 1 1 1 1 1 1 1 1 1 1 1 1 1 1 1 1 1 1 1 1 1 1 1 1 1 1 1 1 1 1 1 1 1 1 1 1 1 1 1 1 1 1 1 1 1 1 1 1 1 1 1 1 1 1 1 1 1 1 1 1 1 1 1 1 1 1 1 1 1 1 1 1 1 1 1 1 1 1 1 1 1 1 1 1 1 1 1 1 1 1 1 1 1 1 1 1 1 1 1 1 1 1 1 1 1 1 1 1 1 1 1 1 1 1 1 1 1 1 1 1 1 1 1 1 1 1 1 1 1 1 1 1 1 1 1 1 1 1 1 1 1 1 1 1 1 1 1 1 1 1 1 1 1 1 1 1 1 1 1 1 1 1 1 1 1 1 1 1 1 1 1 1 1 1 1 1 1 1 1 1 1 1 1 1 1 1 1 1 1 1 1 1 1 1 1 1 1 1 1 1 1 1 1 1 1 1 1 1 1 1 1 1 1 1 1 1 1 1 1 1 1 1 1 1 1 1 1 1 1 1 1 1 1 1 1 1 1 1 1 1 1 1 1 1 1 1 1 1 1 1 1 1 1 1 1 1 1 1 1 1 1 1 1 1 1 1 1 1 1 1 1 1 1 1 1 1 1 1 1 1 1 1 1 1 1 1 1 1 1 1 1 1 1 1 1 1 1 1 1 1 1 1 1 1 1 1 1 1 1 1 1 1 1 1 1 1 1 1 1 1 1 1 1 1 1 1 1 1 1 1 1 1 1 1 1 1 1 1 1 1 1 1 1 1 1 1 1 1 1 1 1 1 1 1 1 1 1 1 1 1 1 1 1 1 1 1 1 1 1 1 1 1 1 1 1 1 1 1 1 1 1 1 1 1 1 1 1 1 1 1 1 1 1 1 1 1 1 1 1 1 1 1 1 1 1 1 1 1 1 1 1 1 1 1 1 1 1 1 1 1 1 1 1 1 1 1 1 1 1 1 1 1 1 1 1 1 1 1 1 1 1 1 1 1 1 1 1 1 1 1 1 1 1 1 1 1 1 1 1 1 1 1 1 1 1 1 1 1 1 1 1 1 1 1 1 1 1 1 1 1 1 1 1 1 1 1 1 1 1 1 1 1 1 1 1 1 1 1 1 1 1 1 1 1 1 1 1 1 1 1 1 1 1 1 1 1 1 1 1 1 1 1 1 1 1 1 1 1 1 1 1 1 1 1 1 1 1 1 1 1 1 1 1 1 1 1 1 1 1 1 1 1 1 1 1 1 1 1 1 1 1 1 1 1 1 1 1 1 1 1 1 1 1 1 1 1 1 1 1 1 1 1 1 1 1 1 1 1 1 1 1 1 1 1 1 1 1 1 1 1 1 1 1 1 1 1 1 1 1 1 1 1 1 1 1 1 1 1 1 1 1 1 1 1 1 1 1 1 1 1 1 1 1 1 1 1 1 1 1 1 1 1 1 1 1 1 1 1 1 1 1 1 1 1 1 1 1 1 1 1 1 1 1 1 1 1 1 1 1 1 1 1 1 1 1 1 1 1 1 1 1 1 1 1 1 1 1 1 1 1 1 1 1 1 1 1 1 1 1 1 1 1 1 1 1 1 1 1 1 1 1 1 1 1 1 1 1 1 1 1 1 1 1 1 1 1 1 1 1 1 1 1 1 1 1 1 1 1 1 1 1 1 1 1 1 1 1 1 1 1 1 1 1 1 1 1 1 1 1 1 1 1 1 1 1 1 1 1 1 1 1 1 1 1 1 1 1 1 1 1 1 1 1 1 1 1 1 1 1 1 1 1 1 1 1 1 1 1 1 1 1 1 1 1 1 1 1 1 1 1 1 1 1 1 1 1 1 1 1 1 1 1 1 1 1 1 1 1 1 1 1 1 1 1 1 1 1 1 1 1 1 1 1 1 1 1 1 1 1 1 1 1 1 1 1 1 1 1 1 1 1 1 1 1 1 1 1 1 1 1 1 1 1 1 1 1 1 1 1 1 1 1 1 1 1 1 1 1 1 1 1 1 1 1 1 1 1 1 1 1 1 1 1 1 1 1 1 1 1 1 1 1 1 1 1 1 1 1 1 1 1 1 1 1 1 1 1 1 1 1 1 1 1 1 1 1 1 1 1 1 1 1 1 1 1 1 1 1 1 1 1 1 1 1 1 1 1 1 1 1 1 1 1 1 1 1 1 1 1 1 1 1 1 1 1 1 1 1 1 1 1 1 1 1 1 1 1 1 1 1 1 1 1 1 1 1 1 1 1 1 1 1 1 1 1 1 1 1 1 1 1 1 1 1 1 1 1 1 1 1 1 1 1 1 1 1 1 1 1 1 1 1 1 1 1 1 1 1 1 1 1 1 1 1 1 1 1 1 1 1 1 1 1 1 1 1 1 1 1 1 1 1 1 1 1 1 1 1 1 1 1 1 1 1 1 1 1 1 1 1 1 1 1 1 1 1 1 1 1 1 1 1 1 1 1 1 1 1 1 1 1 1 1 1 1 1 1 1 1 1 1 1 1 1 1 1 1 1 1 1 1 1 1 1 1 1 1 1 1 1 1 1 1 1 1 1 1 1 1 1 1 1 1 1 1 1 1 1 1 1 1 1 1 1 1 1 1 1 1 1 1 1 1 1 1 1 1 1 1 1 1 1 1 1 1 1 1 1 1 1 1 1 1 1 1 1 1 1 1 1 1 1 1 1 1 1 1 1 1 1 1 1 1 1 1 1 1 1 1 1 1 1 1 1 1 1 1 1 1 1 1 1 1 1 1 1 1 1 1 1 1 1 1 1 1 1 1 1 1 1 1 1 1 1 1 1 1 1 1 1 1 1 1 1 1 1 1 1 1 1 1 1 1 1 1 1 1 1 1 1 1 1 1 1 1 1 1 1 1 1 1 1 1 1 </vcount>
          <v>0 0 0 1 0 2 0 3 0 4 0 5 0 6 0 7 0 8 0 9 0 10 0 11 0 12 0 13 0 14 0 15 0 16 0 17 0 18 0 19 0 20 0 21 0 22 0 23 0 24 0 25 0 26 0 27 0 28 0 29 0 30 0 31 0 32 0 33 0 34 0 35 0 36 0 37 0 38 0 39 0 40 0 41 0 42 0 43 0 44 0 45 0 46 0 47 0 48 0 49 0 50 0 51 0 52 0 53 0 54 0 55 0 56 0 57 0 58 0 59 0 60 0 61 0 62 0 63 0 64 0 65 0 66 0 67 0 68 0 69 0 70 0 71 0 72 0 73 0 74 0 75 0 76 0 77 0 78 0 79 0 80 0 81 0 82 0 83 0 84 0 85 0 86 0 87 0 88 0 89 0 90 0 91 0 92 0 93 0 94 0 95 0 96 0 97 0 98 0 99 0 100 0 101 0 102 0 103 0 104 0 105 0 106 0 107 0 108 0 109 0 110 0 111 0 112 0 113 0 114 0 115 0 116 0 117 0 118 0 119 0 120 0 121 0 122 0 123 0 124 0 125 0 126 0 127 0 128 0 129 0 130 0 131 0 132 0 133 0 134 0 135 0 136 0 137 0 138 0 139 0 140 0 141 0 142 0 143 0 144 0 145 0 146 0 147 0 148 0 149 0 150 0 151 0 152 0 153 0 154 0 155 0 156 0 157 0 158 0 159 0 160 0 161 0 162 0 163 0 164 0 165 0 166 0 167 0 168 0 169 0 170 0 171 0 172 0 173 0 174 0 175 0 176 0 177 0 178 0 179 0 180 0 181 0 182 0 183 0 184 0 185 0 186 0 187 0 188 0 189 0 190 0 191 0 192 0 193 0 194 0 195 0 196 0 197 0 198 0 199 0 200 0 201 0 202 0 203 0 204 0 205 0 206 0 207 0 208 0 209 0 210 0 211 0 212 0 213 0 214 0 215 0 216 0 217 0 218 0 219 0 220 0 221 0 222 0 223 0 224 0 225 0 226 0 227 0 228 0 229 0 230 0 231 0 232 0 233 0 234 0 235 0 236 0 237 0 238 0 239 0 240 0 241 0 242 0 243 0 244 0 245 0 246 0 247 0 248 0 249 0 250 0 251 0 252 0 253 0 254 0 255 0 256 0 257 0 258 0 259 0 260 0 261 0 262 0 263 0 264 0 265 0 266 0 267 0 268 0 269 0 270 0 271 0 272 0 273 0 274 0 275 0 276 0 277 0 278 0 279 0 280 0 281 0 282 0 283 0 284 0 285 0 286 0 287 0 288 0 289 0 290 0 291 0 292 0 293 0 294 0 295 0 296 0 297 0 298 0 299 0 300 0 301 0 302 0 303 0 304 0 305 0 306 0 307 0 308 0 309 0 310 0 311 0 312 0 313 0 314 0 315 0 316 0 317 0 318 0 319 0 320 0 321 0 322 0 323 0 324 0 325 0 326 0 327 0 328 0 329 0 330 0 331 0 332 0 333 0 334 0 335 0 336 0 337 0 338 0 339 0 340 0 341 0 342 0 343 0 344 0 345 0 346 0 347 0 348 0 349 0 350 0 351 0 352 0 353 0 354 0 355 0 356 0 357 0 358 0 359 0 360 0 361 0 362 0 363 0 364 0 365 0 366 0 367 0 368 0 369 0 370 0 371 0 372 0 373 0 374 0 375 0 376 0 377 0 378 0 379 0 380 0 381 0 382 0 383 0 384 0 385 0 386 0 387 0 388 0 389 0 390 0 391 0 392 0 393 0 394 0 395 0 396 0 397 0 398 0 399 0 400 0 401 0 402 0 403 0 404 0 405 0 406 0 407 0 408 0 409 0 410 0 411 0 412 0 413 0 414 0 415 0 416 0 417 0 418 0 419 0 420 0 421 0 422 0 423 0 424 0 425 0 426 0 427 0 428 0 429 0 430 0 431 0 432 0 433 0 434 0 435 0 436 0 437 0 438 0 439 0 440 0 441 0 442 0 443 0 444 0 445 0 446 0 447 0 448 0 449 0 450 0 451 0 452 0 453 0 454 0 455 0 456 0 457 0 458 0 459 0 460 0 461 0 462 0 463 0 464 0 465 0 466 0 467 0 468 0 469 0 470 0 471 0 472 0 473 0 474 0 475 0 476 0 477 0 478 0 479 0 480 0 481 0 482 0 483 0 484 0 485 0 486 0 487 0 488 0 489 0 490 0 491 0 492 0 493 0 494 0 495 0 496 0 497 0 498 0 499 0 500 0 501 0 502 0 503 0 504 0 505 0 506 0 507 0 508 0 509 0 510 0 511 0 512 0 513 0 514 0 515 0 516 0 517 0 518 0 519 0 520 0 521 0 522 0 523 0 524 0 525 0 526 0 527 0 528 0 529 0 530 0 531 0 532 0 533 0 534 0 535 0 536 0 537 0 538 0 539 0 540 0 541 0 542 0 543 0 544 0 545 0 546 0 547 0 548 0 549 0 550 0 551 0 552 0 553 0 554 0 555 0 556 0 557 0 558 0 559 0 560 0 561 0 562 0 563 0 564 0 565 0 566 0 567 0 568 0 569 0 570 0 571 0 572 0 573 0 574 0 575 0 576 0 577 0 578 0 579 0 580 0 581 0 582 0 583 0 584 0 585 0 586 0 587 0 588 0 589 0 590 0 591 0 592 0 593 0 594 0 595 0 596 0 597 0 598 0 599 0 600 0 601 0 602 0 603 0 604 0 605 0 606 0 607 0 608 0 609 0 610 0 611 0 612 0 613 0 614 0 615 0 616 0 617 0 618 0 619 0 620 0 621 0 622 0 623 0 624 0 625 0 626 0 627 0 628 0 629 0 630 0 631 0 632 0 633 0 634 0 635 0 636 0 637 0 638 0 639 0 640 0 641 0 642 0 643 0 644 0 645 0 646 0 647 0 648 0 649 0 650 0 651 0 652 0 653 0 654 0 655 0 656 0 657 0 658 0 659 0 660 0 661 0 662 0 663 0 664 0 665 0 666 0 667 0 668 0 669 0 670 0 671 0 672 0 673 0 674 0 675 0 676 0 677 0 678 0 679 0 680 0 681 0 682 0 683 0 684 0 685 0 686 0 687 0 688 0 689 0 690 0 691 0 692 0 693 0 694 0 695 0 696 0 697 0 698 0 699 0 700 0 701 0 702 0 703 0 704 0 705 0 706 0 707 0 708 0 709 0 710 0 711 0 712 0 713 0 714 0 715 0 716 0 717 0 718 0 719 0 720 0 721 0 722 0 723 0 724 0 725 0 726 0 727 0 728 0 729 0 730 0 731 0 732 0 733 0 734 0 735 0 736 0 737 0 738 0 739 0 740 0 741 0 742 0 743 0 744 0 745 0 746 0 747 0 748 0 749 0 750 0 751 0 752 0 753 0 754 0 755 0 756 0 757 0 758 0 759 0 760 0 761 0 762 0 763 0 764 0 765 0 766 0 767 0 768 0 769 0 770 0 771 0 772 0 773 0 774 0 775 0 776 0 777 0 778 0 779 0 780 0 781 0 782 0 783 0 784 0 785 0 786 0 787 0 788 0 789 0 790 0 791 0 792 0 793 0 794 0 795 0 796 0 797 0 798 0 799 0 800 0 801 0 802 0 803 0 804 0 805 0 806 0 807 0 808 0 809 0 810 0 811 0 812 0 813 0 814 0 815 0 816 0 817 0 818 0 819 0 820 0 821 0 822 0 823 0 824 0 825 0 826 0 827 0 828 0 829 0 830 0 831 0 832 0 833 0 834 0 835 0 836 0 837 0 838 0 839 0 840 0 841 0 842 0 843 0 844 0 845 0 846 0 847 0 848 0 849 0 850 0 851 0 852 0 853 0 854 0 855 0 856 0 857 0 858 0 859 0 860 0 861 0 862 0 863 0 864 0 865 0 866 0 867 0 868 0 869 0 870 0 871 0 872 0 873 0 874 0 875 0 876 0 877 0 878 0 879 0 880 0 881 0 882 0 883 0 884 0 885 0 886 0 887 0 888 0 889 0 890 0 891 0 892 0 893 0 894 0 895 0 896 0 897 0 898 0 899 0 900 0 901 0 902 0 903 0 904 0 905 0 906 0 907 0 908 0 909 0 910 0 911 0 912 0 913 0 914 0 915 0 916 0 917 0 918 0 919 0 920 0 921 0 922 0 923 0 924 0 925 0 926 0 927 0 928 0 929 0 930 0 931 0 932 0 933 0 934 0 935 0 936 0 937 0 938 0 939 0 940 0 941 0 942 0 943 0 944 0 945 0 946 0 947 0 948 0 949 0 950 0 951 0 952 0 953 0 954 0 955 0 956 0 957 0 958 0 959 0 960 0 961 0 962 0 963 0 964 0 965 0 966 0 967 0 968 0 969 0 970 0 971 0 972 0 973 0 974 0 975 0 976 0 977 0 978 0 979 0 980 0 981 0 982 0 983 0 984 0 985 0 986 0 987 0 988 0 989 0 990 0 991 0 992 0 993 0 994 0 995 0 996 0 997 0 998 0 999 0 1000 0 1001 0 1002 0 1003 0 1004 0 1005 0 1006 0 1007 0 1008 0 1009 0 1010 0 1011 0 1012 0 1013 0 1014 0 1015 0 1016 0 1017 0 1018 0 1019 0 1020 0 1021 0 1022 0 1023 0 1024 0 1025 0 1026 0 1027 0 1028 0 1029 0 1030 0 1031 0 1032 0 1033 0 1034 0 1035 0 1036 0 1037 0 1038 0 1039 0 1040 0 1041 0 1042 0 1043 0 1044 0 1045 0 1046 0 1047 0 1048 0 1049 0 1050 0 1051 0 1052 0 1053 0 1054 0 1055 0 1056 0 1057 0 1058 0 1059 0 1060 0 1061 0 1062 0 1063 0 1064 0 1065 0 1066 0 1067 0 1068 0 1069 0 1070 0 1071 0 1072 0 1073 0 1074 0 1075 0 1076 0 1077 0 1078 0 1079 0 1080 0 1081 0 1082 0 1083 0 1084 0 1085 0 1086 0 1087 0 1088 0 1089 0 1090 0 1091 0 1092 0 1093 0 1094 0 1095 0 1096 0 1097 0 1098 0 1099 0 1100 0 1101 0 1102 0 1103 0 1104 0 1105 0 1106 0 1107 0 1108 0 1109 0 1110 0 1111 0 1112 0 1113 0 1114 0 1115 0 1116 0 1117 0 1118 0 1119 0 1120 0 1121 0 1122 0 1123 0 1124 0 1125 0 1126 0 1127 0 1128 0 1129 0 1130 0 1131 0 1132 0 1133 0 1134 0 1135 0 1136 0 1137 0 1138 0 1139 0 1140 0 1141 0 1142 0 1143 0 1144 0 1145 0 1146 0 1147 0 1148 0 1149 0 1150 0 1151 0 1152 0 1153 0 1154 0 1155 0 1156 0 1157 0 1158 0 1159 0 1160 0 1161 0 1162 0 1163 0 1164 0 1165 0 1166 0 1167 0 1168 0 1169 0 1170 0 1171 0 1172 0 1173 0 1174 0 1175 0 1176 0 1177 0 1178 0 1179 0 1180 0 1181 0 1182 0 1183 0 1184 0 1185 0 1186 0 1187 0 1188 0 1189 0 1190 0 1191 0 1192 0 1193 0 1194 0 1195 0 1196 0 1197 0 1198 0 1199 0 1200 0 1201 0 1202 0 1203 0 1204 0 1205 0 1206 0 1207 0 1208 0 1209 0 1210 0 1211 0 1212 0 1213 0 1214 0 1215 0 1216 0 1217 0 1218 0 1219 0 1220 0 1221 0 1222 0 1223 0 1224 0 1225 0 1226 0 1227 0 1228 0 1229 0 1230 0 1231 0 1232 0 1233 0 1234 0 1235 0 1236 0 1237 0 1238 0 1239 0 1240 0 1241 0 1242 0 1243 0 1244 0 1245 0 1246 0 1247 0 1248 0 1249 0 1250 0 1251 0 1252 0 1253 0 1254 0 1255 0 1256 0 1257 0 1258 0 1259 0 1260 0 1261 0 1262 0 1263 0 1264 0 1265 0 1266 0 1267 0 1268 0 1269 0 1270 0 1271 0 1272 0 1273 0 1274 0 1275 0 1276 0 1277 0 1278 0 1279 0 1280 0 1281 0 1282 0 1283 0 1284 0 1285 0 1286 0 1287 0 1288 0 1289 0 1290 0 1291 0 1292 0 1293 0 1294 0 1295 0 1296 0 1297 0 1298 0 1299 0 1300 0 1301 0 1302 0 1303 0 1304 0 1305 0 1306 0 1307 0 1308 0 1309 0 1310 0 1311 0 1312 0 1313 0 1314 0 1315 0 1316 0 1317 0 1318 0 1319 0 1320 0 1321 0 1322 0 1323 0 1324 0 1325 0 1326 0 1327 0 1328 0 1329 0 1330 0 1331 0 1332 0 1333 0 1334 0 1335 0 1336 0 1337 0 1338 0 1339 0 1340 0 1341 0 1342 0 1343 0 1344 0 1345 0 1346 0 1347 0 1348 0 1349 0 1350 0 1351 0 1352 0 1353 0 1354 0 1355 0 1356 0 1357 0 1358 0 1359 0 1360 0 1361 0 1362 0 1363 0 1364 0 1365 0 1366 0 1367 0 1368 0 1369 0 1370 0 1371 0 1372 0 1373 0 1374 0 1375 0 1376 0 1377 0 1378 0 1379 0 1380 0 1381 0 1382 0 1383 0 1384 0 1385 0 1386 0 1387 0 1388 0 1389 0 1390 0 1391 0 1392 0 1393 0 1394 0 1395 0 1396 0 1397 0 1398 0 1399 0 1400 0 1401 0 1402 0 1403 0 1404 0 1405 0 1406 0 1407 0 1408 0 1409 0 1410 0 1411 0 1412 0 1413 0 1414 0 1415 0 1416 0 1417 0 1418 0 1419 0 1420 0 1421 0 1422 0 1423 0 1424 0 1425 0 1426 0 1427 0 1428 0 1429 0 1430 0 1431 0 1432 0 1433 0 1434 0 1435 0 1436 0 1437 0 1438 0 1439 0 1440 0 1441 0 1442 0 1443 0 1444 0 1445 0 1446 0 1447 0 1448 0 1449 0 1450 0 1451 0 1452 0 1453 0 1454 0 1455 0 1456 0 1457 0 1458 0 1459 0 1460 0 1461 0 1462 0 1463 0 1464 0 1465 0 1466 0 1467 0 1468 0 1469 0 1470 0 1471 0 1472 0 1473 0 1474 0 1475 0 1476 0 1477 0 1478 0 1479 0 1480 0 1481 0 1482 0 1483 0 1484 0 1485 0 1486 0 1487 0 1488 0 1489 0 1490 0 1491 0 1492 0 1493 0 1494 0 1495 0 1496 0 1497 0 1498 0 1499 0 1500 0 1501 0 1502 0 1503 0 1504 0 1505 0 1506 0 1507 0 1508 0 1509 0 1510 0 1511 0 1512 0 1513 0 1514 0 1515 0 1516 0 1517 0 1518 0 1519 0 1520 0 1521 0 1522 0 1523 0 1524 0 1525 0 1526 0 1527 0 1528 0 1529 0 1530 0 1531 0 1532 0 1533 0 1534 0 1535 0 1536 0 1537 0 1538 0 1539 0 1540 0 1541 0 1542 0 1543 0 1544 0 1545 0 1546 0 1547 0 1548 0 1549 0 1550 0 1551 0 1552 0 1553 0 1554 0 1555 0 1556 0 1557 0 1558 0 1559 0 1560 0 1561 0 1562 0 1563 0 1564 0 1565 0 1566 0 1567 0 1568 0 1569 0 1570 0 1571 0 1572 0 1573 0 1574 0 1575 0 1576 0 1577 0 1578 0 1579 0 1580 0 1581 0 1582 0 1583 0 1584 0 1585 0 1586 0 1587 0 1588 0 1589 0 1590 0 1591 0 1592 0 1593 0 1594 0 1595 0 1596 0 1597 0 1598 0 1599 0 1600 0 1601 0 1602 0 1603 0 1604 0 1605 0 1606 0 1607 0 1608 0 1609 0 1610</v>
        </vertex_weights>
      </skin>
    </controller>
    <controller id="skeleton_root_mesh-0-skin" name="skeleton_root">
      <skin source="#meshId0_name-mesh">
        <bind_shape_matrix>1 0 0 0 0 1 -7.10543e-15 0 0 7.10543e-15 1 0 0 0 0 1</bind_shape_matrix>
        <source id="skeleton_root_mesh-0-skin-joints">
          <Name_array id="skeleton_root_mesh-0-skin-joints-array" count="1">MarioRolling</Name_array>
          <technique_common>
            <accessor source="#skeleton_root_mesh-0-skin-joints-array" count="1" stride="1">
              <param name="JOINT" type="name"/>
            </accessor>
          </technique_common>
        </source>
        <source id="skeleton_root_mesh-0-skin-bind_poses">
          <float_array id="skeleton_root_mesh-0-skin-bind_poses-array" count="16">9.999999 0 0 0 0 7.54979e-7 9.999999 0 0 -9.999999 7.54979e-7 0 0 0 0 1</float_array>
          <technique_common>
            <accessor source="#skeleton_root_mesh-0-skin-bind_poses-array" count="1" stride="16">
              <param name="TRANSFORM" type="float4x4"/>
            </accessor>
          </technique_common>
        </source>
        <source id="skeleton_root_mesh-0-skin-weights">
          <float_array id="skeleton_root_mesh-0-skin-weights-array" count="582">1 1 1 1 1 1 1 1 1 1 1 1 1 1 1 1 1 1 1 1 1 1 1 1 1 1 1 1 1 1 1 1 1 1 1 1 1 1 1 1 1 1 1 1 1 1 1 1 1 1 1 1 1 1 1 1 1 1 1 1 1 1 1 1 1 1 1 1 1 1 1 1 1 1 1 1 1 1 1 1 1 1 1 1 1 1 1 1 1 1 1 1 1 1 1 1 1 1 1 1 1 1 1 1 1 1 1 1 1 1 1 1 1 1 1 1 1 1 1 1 1 1 1 1 1 1 1 1 1 1 1 1 1 1 1 1 1 1 1 1 1 1 1 1 1 1 1 1 1 1 1 1 1 1 1 1 1 1 1 1 1 1 1 1 1 1 1 1 1 1 1 1 1 1 1 1 1 1 1 1 1 1 1 1 1 1 1 1 1 1 1 1 1 1 1 1 1 1 1 1 1 1 1 1 1 1 1 1 1 1 1 1 1 1 1 1 1 1 1 1 1 1 1 1 1 1 1 1 1 1 1 1 1 1 1 1 1 1 1 1 1 1 1 1 1 1 1 1 1 1 1 1 1 1 1 1 1 1 1 1 1 1 1 1 1 1 1 1 1 1 1 1 1 1 1 1 1 1 1 1 1 1 1 1 1 1 1 1 1 1 1 1 1 1 1 1 1 1 1 1 1 1 1 1 1 1 1 1 1 1 1 1 1 1 1 1 1 1 1 1 1 1 1 1 1 1 1 1 1 1 1 1 1 1 1 1 1 1 1 1 1 1 1 1 1 1 1 1 1 1 1 1 1 1 1 1 1 1 1 1 1 1 1 1 1 1 1 1 1 1 1 1 1 1 1 1 1 1 1 1 1 1 1 1 1 1 1 1 1 1 1 1 1 1 1 1 1 1 1 1 1 1 1 1 1 1 1 1 1 1 1 1 1 1 1 1 1 1 1 1 1 1 1 1 1 1 1 1 1 1 1 1 1 1 1 1 1 1 1 1 1 1 1 1 1 1 1 1 1 1 1 1 1 1 1 1 1 1 1 1 1 1 1 1 1 1 1 1 1 1 1 1 1 1 1 1 1 1 1 1 1 1 1 1 1 1 1 1 1 1 1 1 1 1 1 1 1 1 1 1 1 1 1 1 1 1 1 1 1 1 1 1 1 1 1 1 1 1 1 1 1 1 1 1 1 1 1 1 1 1 1 1 1 1 1 1 1 1 1 1 1 1 1 1 1 1 1 1 1 1 1 1 1 1 1 1 1 1 1 1 1 1 1 1 1 1 1 1 1 1 1 1 1 1 1 1 1 1 1 1 1 1</float_array>
          <technique_common>
            <accessor source="#skeleton_root_mesh-0-skin-weights-array" count="582" stride="1">
              <param name="WEIGHT" type="float"/>
            </accessor>
          </technique_common>
        </source>
        <joints>
          <input semantic="JOINT" source="#skeleton_root_mesh-0-skin-joints"/>
          <input semantic="INV_BIND_MATRIX" source="#skeleton_root_mesh-0-skin-bind_poses"/>
        </joints>
        <vertex_weights count="582">
          <input semantic="JOINT" source="#skeleton_root_mesh-0-skin-joints" offset="0"/>
          <input semantic="WEIGHT" source="#skeleton_root_mesh-0-skin-weights" offset="1"/>
          <vcount>1 1 1 1 1 1 1 1 1 1 1 1 1 1 1 1 1 1 1 1 1 1 1 1 1 1 1 1 1 1 1 1 1 1 1 1 1 1 1 1 1 1 1 1 1 1 1 1 1 1 1 1 1 1 1 1 1 1 1 1 1 1 1 1 1 1 1 1 1 1 1 1 1 1 1 1 1 1 1 1 1 1 1 1 1 1 1 1 1 1 1 1 1 1 1 1 1 1 1 1 1 1 1 1 1 1 1 1 1 1 1 1 1 1 1 1 1 1 1 1 1 1 1 1 1 1 1 1 1 1 1 1 1 1 1 1 1 1 1 1 1 1 1 1 1 1 1 1 1 1 1 1 1 1 1 1 1 1 1 1 1 1 1 1 1 1 1 1 1 1 1 1 1 1 1 1 1 1 1 1 1 1 1 1 1 1 1 1 1 1 1 1 1 1 1 1 1 1 1 1 1 1 1 1 1 1 1 1 1 1 1 1 1 1 1 1 1 1 1 1 1 1 1 1 1 1 1 1 1 1 1 1 1 1 1 1 1 1 1 1 1 1 1 1 1 1 1 1 1 1 1 1 1 1 1 1 1 1 1 1 1 1 1 1 1 1 1 1 1 1 1 1 1 1 1 1 1 1 1 1 1 1 1 1 1 1 1 1 1 1 1 1 1 1 1 1 1 1 1 1 1 1 1 1 1 1 1 1 1 1 1 1 1 1 1 1 1 1 1 1 1 1 1 1 1 1 1 1 1 1 1 1 1 1 1 1 1 1 1 1 1 1 1 1 1 1 1 1 1 1 1 1 1 1 1 1 1 1 1 1 1 1 1 1 1 1 1 1 1 1 1 1 1 1 1 1 1 1 1 1 1 1 1 1 1 1 1 1 1 1 1 1 1 1 1 1 1 1 1 1 1 1 1 1 1 1 1 1 1 1 1 1 1 1 1 1 1 1 1 1 1 1 1 1 1 1 1 1 1 1 1 1 1 1 1 1 1 1 1 1 1 1 1 1 1 1 1 1 1 1 1 1 1 1 1 1 1 1 1 1 1 1 1 1 1 1 1 1 1 1 1 1 1 1 1 1 1 1 1 1 1 1 1 1 1 1 1 1 1 1 1 1 1 1 1 1 1 1 1 1 1 1 1 1 1 1 1 1 1 1 1 1 1 1 1 1 1 1 1 1 1 1 1 1 1 1 1 1 1 1 1 1 1 1 1 1 1 1 1 1 1 1 1 1 1 1 1 1 1 1 1 1 1 1 1 1 1 1 1 1 1 1 1 1 1 1 1 1 1 1 1 1 1 1 1 1 1 1 1 1 1 1 </vcount>
          <v>0 0 0 1 0 2 0 3 0 4 0 5 0 6 0 7 0 8 0 9 0 10 0 11 0 12 0 13 0 14 0 15 0 16 0 17 0 18 0 19 0 20 0 21 0 22 0 23 0 24 0 25 0 26 0 27 0 28 0 29 0 30 0 31 0 32 0 33 0 34 0 35 0 36 0 37 0 38 0 39 0 40 0 41 0 42 0 43 0 44 0 45 0 46 0 47 0 48 0 49 0 50 0 51 0 52 0 53 0 54 0 55 0 56 0 57 0 58 0 59 0 60 0 61 0 62 0 63 0 64 0 65 0 66 0 67 0 68 0 69 0 70 0 71 0 72 0 73 0 74 0 75 0 76 0 77 0 78 0 79 0 80 0 81 0 82 0 83 0 84 0 85 0 86 0 87 0 88 0 89 0 90 0 91 0 92 0 93 0 94 0 95 0 96 0 97 0 98 0 99 0 100 0 101 0 102 0 103 0 104 0 105 0 106 0 107 0 108 0 109 0 110 0 111 0 112 0 113 0 114 0 115 0 116 0 117 0 118 0 119 0 120 0 121 0 122 0 123 0 124 0 125 0 126 0 127 0 128 0 129 0 130 0 131 0 132 0 133 0 134 0 135 0 136 0 137 0 138 0 139 0 140 0 141 0 142 0 143 0 144 0 145 0 146 0 147 0 148 0 149 0 150 0 151 0 152 0 153 0 154 0 155 0 156 0 157 0 158 0 159 0 160 0 161 0 162 0 163 0 164 0 165 0 166 0 167 0 168 0 169 0 170 0 171 0 172 0 173 0 174 0 175 0 176 0 177 0 178 0 179 0 180 0 181 0 182 0 183 0 184 0 185 0 186 0 187 0 188 0 189 0 190 0 191 0 192 0 193 0 194 0 195 0 196 0 197 0 198 0 199 0 200 0 201 0 202 0 203 0 204 0 205 0 206 0 207 0 208 0 209 0 210 0 211 0 212 0 213 0 214 0 215 0 216 0 217 0 218 0 219 0 220 0 221 0 222 0 223 0 224 0 225 0 226 0 227 0 228 0 229 0 230 0 231 0 232 0 233 0 234 0 235 0 236 0 237 0 238 0 239 0 240 0 241 0 242 0 243 0 244 0 245 0 246 0 247 0 248 0 249 0 250 0 251 0 252 0 253 0 254 0 255 0 256 0 257 0 258 0 259 0 260 0 261 0 262 0 263 0 264 0 265 0 266 0 267 0 268 0 269 0 270 0 271 0 272 0 273 0 274 0 275 0 276 0 277 0 278 0 279 0 280 0 281 0 282 0 283 0 284 0 285 0 286 0 287 0 288 0 289 0 290 0 291 0 292 0 293 0 294 0 295 0 296 0 297 0 298 0 299 0 300 0 301 0 302 0 303 0 304 0 305 0 306 0 307 0 308 0 309 0 310 0 311 0 312 0 313 0 314 0 315 0 316 0 317 0 318 0 319 0 320 0 321 0 322 0 323 0 324 0 325 0 326 0 327 0 328 0 329 0 330 0 331 0 332 0 333 0 334 0 335 0 336 0 337 0 338 0 339 0 340 0 341 0 342 0 343 0 344 0 345 0 346 0 347 0 348 0 349 0 350 0 351 0 352 0 353 0 354 0 355 0 356 0 357 0 358 0 359 0 360 0 361 0 362 0 363 0 364 0 365 0 366 0 367 0 368 0 369 0 370 0 371 0 372 0 373 0 374 0 375 0 376 0 377 0 378 0 379 0 380 0 381 0 382 0 383 0 384 0 385 0 386 0 387 0 388 0 389 0 390 0 391 0 392 0 393 0 394 0 395 0 396 0 397 0 398 0 399 0 400 0 401 0 402 0 403 0 404 0 405 0 406 0 407 0 408 0 409 0 410 0 411 0 412 0 413 0 414 0 415 0 416 0 417 0 418 0 419 0 420 0 421 0 422 0 423 0 424 0 425 0 426 0 427 0 428 0 429 0 430 0 431 0 432 0 433 0 434 0 435 0 436 0 437 0 438 0 439 0 440 0 441 0 442 0 443 0 444 0 445 0 446 0 447 0 448 0 449 0 450 0 451 0 452 0 453 0 454 0 455 0 456 0 457 0 458 0 459 0 460 0 461 0 462 0 463 0 464 0 465 0 466 0 467 0 468 0 469 0 470 0 471 0 472 0 473 0 474 0 475 0 476 0 477 0 478 0 479 0 480 0 481 0 482 0 483 0 484 0 485 0 486 0 487 0 488 0 489 0 490 0 491 0 492 0 493 0 494 0 495 0 496 0 497 0 498 0 499 0 500 0 501 0 502 0 503 0 504 0 505 0 506 0 507 0 508 0 509 0 510 0 511 0 512 0 513 0 514 0 515 0 516 0 517 0 518 0 519 0 520 0 521 0 522 0 523 0 524 0 525 0 526 0 527 0 528 0 529 0 530 0 531 0 532 0 533 0 534 0 535 0 536 0 537 0 538 0 539 0 540 0 541 0 542 0 543 0 544 0 545 0 546 0 547 0 548 0 549 0 550 0 551 0 552 0 553 0 554 0 555 0 556 0 557 0 558 0 559 0 560 0 561 0 562 0 563 0 564 0 565 0 566 0 567 0 568 0 569 0 570 0 571 0 572 0 573 0 574 0 575 0 576 0 577 0 578 0 579 0 580 0 581</v>
        </vertex_weights>
      </skin>
    </controller>
  </library_controllers>
  <library_visual_scenes>
    <visual_scene id="Startup" name="Startup">
      <node id="skeleton_root" name="skeleton_root" type="NODE">
        <matrix sid="transform">0.1 0 0 0 0 7.54979e-9 -0.1 0 0 0.1 7.54979e-9 0 0 0 0 1</matrix>
        <node id="skeleton_root_MarioRolling" name="MarioRolling" sid="MarioRolling" type="JOINT">
          <matrix sid="transform">1 0 0 0 0 1 0 0 0 0 1 0 0 0 0 1</matrix>
          <extra>
            <technique profile="blender">
              <tip_x sid="tip_x" type="float">0</tip_x>
              <tip_y sid="tip_y" type="float">1</tip_y>
              <tip_z sid="tip_z" type="float">0</tip_z>
            </technique>
          </extra>
        </node>
        <node id="mesh-0" name="mesh-0" type="NODE">
          <matrix sid="transform">1 0 0 0 0 1 0 0 0 0 1 0 0 0 0 1</matrix>
          <instance_controller url="#skeleton_root_mesh-0-skin">
            <skeleton>#skeleton_root_MarioRolling</skeleton>
            <bind_material>
              <technique_common>
                <instance_material symbol="m1Face_v-material" target="#m1Face_v-material">
                  <bind_vertex_input semantic="meshId0-tex0" input_semantic="TEXCOORD" input_set="0"/>
                </instance_material>
              </technique_common>
            </bind_material>
          </instance_controller>
        </node>
        <node id="mesh-1" name="mesh-1" type="NODE">
          <matrix sid="transform">1 0 0 0 0 1 0 0 0 0 1 0 0 0 0 1</matrix>
          <instance_controller url="#skeleton_root_mesh-1-skin">
            <skeleton>#skeleton_root_MarioRolling</skeleton>
            <bind_material>
              <technique_common>
                <instance_material symbol="m3Rock_v-material" target="#m3Rock_v-material">
                  <bind_vertex_input semantic="meshId1-tex0" input_semantic="TEXCOORD" input_set="0"/>
                </instance_material>
              </technique_common>
            </bind_material>
          </instance_controller>
        </node>
        <node id="mesh-2" name="mesh-2" type="NODE">
          <matrix sid="transform">1 0 0 0 0 1 0 0 0 0 1 0 0 0 0 1</matrix>
          <instance_controller url="#skeleton_root_mesh-2-skin">
            <skeleton>#skeleton_root_MarioRolling</skeleton>
            <bind_material>
              <technique_common>
                <instance_material symbol="m0Cap_v-material" target="#m0Cap_v-material">
                  <bind_vertex_input semantic="meshId2-tex0" input_semantic="TEXCOORD" input_set="0"/>
                </instance_material>
              </technique_common>
            </bind_material>
          </instance_controller>
        </node>
        <node id="mesh-3" name="mesh-3" type="NODE">
          <matrix sid="transform">1 0 0 0 0 1 0 0 0 0 1 0 0 0 0 1</matrix>
          <instance_controller url="#skeleton_root_mesh-3-skin">
            <skeleton>#skeleton_root_MarioRolling</skeleton>
            <bind_material>
              <technique_common>
                <instance_material symbol="m2Hand_v-material" target="#m2Hand_v-material">
                  <bind_vertex_input semantic="meshId3-tex0" input_semantic="TEXCOORD" input_set="0"/>
                </instance_material>
              </technique_common>
            </bind_material>
          </instance_controller>
        </node>
      </node>
    </visual_scene>
  </library_visual_scenes>
  <scene>
    <instance_visual_scene url="#Startup"/>
  </scene>
</COLLADA>