<?xml version="1.0"?>
<COLLADA xmlns="http://www.collada.org/2005/11/COLLADASchema" version="1.4.1">
    <asset>
        <contributor>
            <authoring_tool>J3D Ripoff Exporter</authoring_tool>
        </contributor>
        <created>2025-09-13T18:41:29.478Z</created>
        <modified>2025-09-13T18:41:29.478Z</modified>
		<unit meter="0.01" name="centimeter" ></unit>
        <up_axis>Y_UP</up_axis>
    </asset>
    <library_images>
        <image id="tex0">
            <init_from>TogezoBody.png</init_from>
        </image>
        <image id="tex1">
            <init_from>TogezoEye.1.png</init_from>
        </image>
        <image id="tex2">
            <init_from>TogezoEye.2.png</init_from>
        </image>
        <image id="tex3">
            <init_from>TogezoEye.3.png</init_from>
        </image>
        <image id="tex4">
            <init_from>TogezoEye.1.png</init_from>
        </image>
        <image id="tex5">
            <init_from>TogezoBody.png</init_from>
        </image>
        <image id="tex6">
            <init_from>TogezoBody.png</init_from>
        </image>
        <image id="tex7">
            <init_from>Hilight.png</init_from>
        </image>
        <image id="tex_vc">
            <init_from>vertexColors.png</init_from>
        </image>
    </library_images>
    <library_effects>
        <effect id="effect0">
            <profile_COMMON>
                <newparam sid="surface0">
                    <surface type="2D">
                        <init_from>tex6</init_from>
                    </surface>
                </newparam>
                <newparam sid="sampler0">
                    <sampler2D>
                        <source>surface0</source>
                    </sampler2D>
                </newparam>
                <technique sid="COMMON">
                    <blinn>
                        <diffuse>
                            <texture texture="sampler0" texcoord="UVSET0"></texture>
                        </diffuse>
                    </blinn>
                </technique>
            </profile_COMMON>
        </effect>
        <effect id="effect1">
            <profile_COMMON>
                <newparam sid="surface1">
                    <surface type="2D">
                        <init_from>tex5</init_from>
                    </surface>
                </newparam>
                <newparam sid="sampler1">
                    <sampler2D>
                        <source>surface1</source>
                    </sampler2D>
                </newparam>
                <technique sid="COMMON">
                    <blinn>
                        <diffuse>
                            <texture texture="sampler1" texcoord="UVSET0"></texture>
                        </diffuse>
                    </blinn>
                </technique>
            </profile_COMMON>
        </effect>
        <effect id="effect2">
            <profile_COMMON>
                <newparam sid="surface2">
                    <surface type="2D">
                        <init_from>tex4</init_from>
                    </surface>
                </newparam>
                <newparam sid="sampler2">
                    <sampler2D>
                        <source>surface2</source>
                    </sampler2D>
                </newparam>
                <technique sid="COMMON">
                    <blinn>
                        <diffuse>
                            <texture texture="sampler2" texcoord="UVSET0"></texture>
                        </diffuse>
                    </blinn>
                </technique>
            </profile_COMMON>
        </effect>
        <effect id="effect_vc">
            <profile_COMMON>
                <newparam sid="surface_vc">
                    <surface type="2D">
                        <init_from>tex_vc</init_from>
                    </surface>
                </newparam>
                <newparam sid="sampler_vc">
                    <sampler2D>
                        <source>surface_vc</source>
                    </sampler2D>
                </newparam>
                <technique sid="COMMON">
                    <blinn>
                        <diffuse>
                            <texture texture="sampler_vc" texcoord="UVSET0"></texture>
                        </diffuse>
                    </blinn>
                </technique>
            </profile_COMMON>
        </effect>
    </library_effects>
    <library_materials>
        <material id="mat0" name="BodyEnv_v">
            <instance_effect url="#effect0"></instance_effect>
        </material>
        <material id="mat1" name="Body_v">
            <instance_effect url="#effect1"></instance_effect>
        </material>
        <material id="mat2" name="Eye_v">
            <instance_effect url="#effect2"></instance_effect>
        </material>
        <material id="mat_vc" name="vertexColors">
            <instance_effect url="#effect_vc"></instance_effect>
        </material>
    </library_materials>
    <library_geometries>
        <geometry id="mesh0">
            <mesh>
                <source id="points0">
                    <float_array id="pointarray0" count="63">31.606328982580926 76.99458866287023 67.18019796920811 31.407225022717075 62.92427616287023 69.57473876667736 22.64966570725748 79.46724491287023 74.85640859579988 23.642001702685832 62.16255741287023 77.95401727839644 11.306176010619934 79.75240116287023 80.28663989036129 11.829874362124164 61.41646366287023 85.72802104137222 0.0015975084806558024 79.90083866287023 82.56061931595707 0.0018793336199579922 61.04927616287023 88.43952555920197 -11.826375610693782 61.41646366287023 85.72915508326167 0.0019340133147594803 55.87740116287023 89.58015055789133 -12.170151452072368 48.61958866287023 85.19010906269321 -31.60460844478697 76.99458866287023 67.1832281980481 -22.647209240694448 79.46724491287023 74.85858005381672 -31.405274905108644 62.92427616287023 69.57774989507601 -23.639248242985964 62.16255741287023 77.9562838641015 -32.34666093003022 53.96333866287023 69.9996700240654 -24.9517362568872 48.48286991287023 78.20634678291509 32.34865149563206 53.96333866287023 69.99656863671848 24.954513685768354 48.48286991287023 78.2039543590083 12.173598519955608 48.61958866287023 85.1889420631795 -11.303198963400915 79.75240116287023 80.28772374677742</float_array>
                    <technique_common>
                        <accessor count="21" source="#pointarray0" stride="3">
                            <param name="X" type="float"/>
                            <param name="Y" type="float"/>
                            <param name="Z" type="float"/>
                        </accessor>
                    </technique_common>
                </source>
                <source id="uvs0">
                    <float_array id="uvarray0" count="24">1.0263671875 0.90240478515625 1.045166015625 0.44561767578125 0.66156005859375 1.01171875 0.70416259765625 0.38134765625 0.295166015625 1.027099609375 0.32403564453125 0.35919189453125 0.00799560546875 1.009521484375 0.00799560546875 0.37042236328125 0.02642822265625 0.206298828125 0.35748291015625 0.034912109375 1.04595947265625 0.17266845703125 0.767333984375 0.03912353515625</float_array>
                    <technique_common>
                        <accessor count="12" source="#uvarray0" stride="2">
                            <param name="S" type="float"/>
                            <param name="T" type="float"/>
                        </accessor>
                    </technique_common>
                </source>
                <vertices id="vertices0">
                    <input semantic="POSITION" source="#points0"/>
                </vertices>
                <polylist count="24" material="Material1">
                    <input offset="0" semantic="VERTEX" source="#vertices0"/>
                    <input offset="1" semantic="TEXCOORD" source="#uvs0" set="0"/>
                    <vcount>3 3 3 3 3 3 3 3 3 3 3 3 3 3 3 3 3 3 3 3 3 3 3 3</vcount>
                    <p>2 2 1 1 0 0 3 3 1 1 2 2 4 4 3 3 2 2 5 5 3 3 4 4 6 6 5 5 4 4 7 7 5 5 6 6 8 5 7 7 6 6 9 8 7 7 8 5 10 9 9 8 8 5 13 1 12 2 11 0 14 3 12 2 13 1 15 10 14 3 13 1 16 11 14 3 15 10 3 3 17 10 1 1 18 11 17 10 3 3 19 9 18 11 3 3 20 4 8 5 6 6 14 3 8 5 20 4 12 2 14 3 20 4 9 8 5 5 7 7 19 9 5 5 9 8 10 9 14 3 16 11 8 5 14 3 10 9 3 3 5 5 19 9</p>
                </polylist>
            </mesh>
        </geometry>
        <geometry id="mesh0_VC">
            <mesh>
                <source id="points0_VC">
                    <float_array id="pointarray0_VC" count="63">31.606328982580926 76.99458866287023 67.18019796920811 31.407225022717075 62.92427616287023 69.57473876667736 22.64966570725748 79.46724491287023 74.85640859579988 23.642001702685832 62.16255741287023 77.95401727839644 11.306176010619934 79.75240116287023 80.28663989036129 11.829874362124164 61.41646366287023 85.72802104137222 0.0015975084806558024 79.90083866287023 82.56061931595707 0.0018793336199579922 61.04927616287023 88.43952555920197 -11.826375610693782 61.41646366287023 85.72915508326167 0.0019340133147594803 55.87740116287023 89.58015055789133 -12.170151452072368 48.61958866287023 85.19010906269321 -31.60460844478697 76.99458866287023 67.1832281980481 -22.647209240694448 79.46724491287023 74.85858005381672 -31.405274905108644 62.92427616287023 69.57774989507601 -23.639248242985964 62.16255741287023 77.9562838641015 -32.34666093003022 53.96333866287023 69.9996700240654 -24.9517362568872 48.48286991287023 78.20634678291509 32.34865149563206 53.96333866287023 69.99656863671848 24.954513685768354 48.48286991287023 78.2039543590083 12.173598519955608 48.61958866287023 85.1889420631795 -11.303198963400915 79.75240116287023 80.28772374677742</float_array>
                    <technique_common>
                        <accessor count="21" source="#pointarray0_VC" stride="3">
                            <param name="X" type="float"/>
                            <param name="Y" type="float"/>
                            <param name="Z" type="float"/>
                        </accessor>
                    </technique_common>
                </source>
                <source id="uvs0_VC">
                    <float_array id="uvarray0_VC" count="54">0.064453125 0.998046875 0.123046875 0.751953125 0.064453125 0.751953125 0.029296875 0.751953125 0.017578125 0.998046875 0.017578125 0.751953125 0.033203125 0.751953125 0.044921875 0.751953125 0.033203125 0.998046875 0.048828125 0.751953125 0.060546875 0.751953125 0.048828125 0.998046875 0.908203125 0.623046875 0.919921875 0.564453125 0.908203125 0.564453125 0.966796875 0.564453125 0.939453125 0.564453125 0.939453125 0.623046875 0.345703125 0.408203125 0.357421875 0.408203125 0.345703125 0.435546875 0.923828125 0.623046875 0.935546875 0.564453125 0.923828125 0.564453125 0.982421875 0.564453125 0.970703125 0.564453125 0.970703125 0.623046875</float_array>
                    <technique_common>
                        <accessor count="27" source="#uvarray0_VC" stride="2">
                            <param name="S" type="float"/>
                            <param name="T" type="float"/>
                        </accessor>
                    </technique_common>
                </source>
                <vertices id="vertices0_VC">
                    <input semantic="POSITION" source="#points0_VC"/>
                </vertices>
                <polylist count="24" material="Material1">
                    <input offset="0" semantic="VERTEX" source="#vertices0_VC"/>
                    <input offset="1" semantic="TEXCOORD" source="#uvs0_VC" set="0"/>
                    <vcount>3 3 3 3 3 3 3 3 3 3 3 3 3 3 3 3 3 3 3 3 3 3 3 3</vcount>
                    <p>2 0 1 1 0 0 3 2 1 1 2 0 4 3 3 4 2 5 5 6 3 7 4 8 6 8 5 6 4 8 7 9 5 10 6 11 8 10 7 9 6 11 9 12 7 13 8 14 10 12 9 12 8 14 13 1 12 0 11 0 14 2 12 0 13 1 15 15 14 16 13 17 16 18 14 19 15 20 3 16 17 15 1 17 18 18 17 20 3 19 19 21 18 22 3 23 20 8 8 6 6 8 14 7 8 6 20 8 12 5 14 4 20 3 9 12 5 14 7 13 19 12 5 14 9 12 10 21 14 23 16 22 8 24 14 25 10 26 3 25 5 24 19 26</p>
                </polylist>
            </mesh>
        </geometry>
        <geometry id="mesh1">
            <mesh>
                <source id="points1">
                    <float_array id="pointarray1" count="1485">0 100.28584842849523 76.0234375 24.875 96.11006717849523 72.97265625 27.59765625 97.72334842849523 77.94140625 51.52734375 81.32100467849523 59.47265625 55.234375 81.09444217849523 61.72265625 69.3671875 67.32100467849523 39.0078125 73.62109375 66.96553592849523 40.93359375 79.64453125 56.40694217849523 8.83984375 83.19921875 55.48897342849523 8.86328125 75.68359375 54.19209842849523 -25.578125 79.59765625 53.36787967849523 -25.515625 60.06640625 57.52412967849523 -52.60546875 63.92578125 56.97725467849523 -55.703125 32.94140625 63.96553592849523 -72.83203125 34.6015625 63.68428592849523 -76.7890625 0 66.48897342849523 -84.8203125 0 62.95381717849523 -90.78515625 -34.6015625 63.68428592849523 -76.7890625 -37.44140625 59.38741092849523 -82.3671875 -67.6640625 52.00459842849523 -60.63671875 -37.703125 52.61787967849523 -85.57421875 -68.75390625 44.62178592849523 -62.21484375 -36.0234375 43.91084842849523 -83.578125 -64.578125 36.36006717849523 -60.625 -32.07421875 40.36006717849523 -76.82421875 -56.734375 34.66084842849523 -58.7578125 0 89.70381717849523 -0.40234375 -70.13671875 30.85225467849523 -24.40234375 -71.8203125 34.22334842849523 13.12890625 -81.75390625 35.06319217849523 11.99609375 -71.28125 47.82881717849523 49.4609375 -87.546875 42.46162967849523 10.84765625 -76.9375 55.38741092849523 49.16015625 -89.15234375 50.42256717849523 9.64453125 -77.85546875 62.01631717849523 45.90625 -83.19921875 55.48897342849523 8.86328125 -73.62109375 66.96553592849523 40.93359375 -79.64453125 56.40694217849523 8.83984375 -69.3671875 67.32100467849523 39.0078125 0 56.88741092849523 -94.15625 37.703125 52.61787967849523 -85.57421875 0 47.83662967849523 -92.65625 36.0234375 43.91084842849523 -83.578125 0 43.45772342849523 -87.015625 32.07421875 40.36006717849523 -76.82421875 56.734375 34.66084842849523 -58.7578125 70.13671875 30.85225467849523 -24.40234375 79.54296875 31.80928592849523 -25.12890625 81.75390625 35.06319217849523 11.99609375 84.67578125 39.98897342849523 -26.125 87.546875 42.46162967849523 10.84765625 84.0390625 47.66866092849523 -25.71875 89.15234375 50.42256717849523 9.64453125 77.85546875 62.01631717849523 45.90625 -41.203125 70.47334842849523 35.46484375 0 70.05147342849523 26.9140625 -36.05859375 40.65303592849523 42.49609375 -22.484375 28.58272342849523 46.47265625 -38.8671875 39.96162967849523 38.7265625 -23.234375 26.36397342849523 42.65234375 -38.1875 39.09053592849523 34.9609375 -23.48828125 26.98116092849523 37.75390625 -24.2734375 20.58272342849523 11.9609375 0 23.86006717849523 38.58984375 0 17.57491092849523 12.47265625 24.2734375 20.58272342849523 11.9609375 25.73046875 18.84444217849523 -10.96875 50.64453125 28.54756717849523 -10.96875 24.4921875 21.91866092849523 -36.52734375 46.93359375 31.98897342849523 -36.52734375 31.70703125 41.21162967849523 -55.08984375 34.390625 59.96162967849523 -58.23046875 15.03125 62.79366092849523 -63.24609375 71.8203125 34.22334842849523 13.12890625 60.5859375 46.61787967849523 49.1328125 71.28125 47.82881717849523 49.4609375 45.30078125 59.11787967849523 69.39453125 53.03515625 61.48116092849523 71.5625 25.94140625 75.09444217849523 88.34765625 29.51953125 85.74287967849523 89.0703125 0 91.14131717849523 93.71875 29.58984375 94.14522342849523 84.42578125 0 98.97725467849523 88.421875 0 102.18819217849523 80.92578125 -27.59765625 97.72334842849523 77.94140625 -24.875 96.11006717849523 72.97265625 -51.52734375 81.32100467849523 59.47265625 34.37521549587396 77.72505741287023 53.730846467868645 33.94140625 63.86787967849523 32.48046875 35.164398402651386 62.86568241287023 56.242527388618356 36.71484375 57.00069217849523 33.66796875 39.41438004636353 50.57661991287023 55.85951115101732 38.72265625 41.37890625 56.71875 35.37208393615883 46.18990116287023 69.8909549481966 34.16896118465201 38.51411991287023 69.93788762398519 26.04057383931541 36.11568241287023 80.76249604800277 26.704253580688764 32.26802616287023 72.77808922310827 14.497712589376096 30.36958866287023 83.00523689644743 15.551259117683307 27.87349491287023 59.20440511380378 0.001024869759070356 26.39693241287023 70.61530682968277 0.000529569098967836 25.84615116287023 60.28327559155471 -15.550303346579652 27.87349491287023 59.205896071783265 0 27.91475467849523 46.0078125 -20.45703125 31.91084842849523 43.58203125 36.831718919709324 54.569751984029715 -53.38385941767494 38.7710833096591 40.21203198518532 -59.14623229457104 44.94700856073603 54.94891824984293 -48.908565015287145 52.51337542981758 41.468044072594424 -53.400611022986126 56.37871350789965 41.64067758735757 -40.34632672779185 55.213076736172795 27.343670662398125 -54.86364270312602 59.65031862271964 27.20187095136116 -41.055224995195935 61.30859375 18.38671875 -41.41796875 55.72650168606002 27.047769081878428 -31.225684783610717 56.95703125 19.15234375 -32.05078125 39.80670893378727 26.232047479814653 -24.470290509241465 40.390625 20.51953125 -24.89453125 23.90484545982444 25.659453766710698 -31.334091071768956 23.99609375 19.15234375 -32.05078125 20.257546601017534 25.54040148997339 -41.18196699861804 19.73828125 18.38671875 -41.41796875 22.1328125 70.08272342849523 81.48046875 0 74.09053592849523 84.68359375 0 79.93037967849523 92.6484375 -25.94140625 75.09444217849523 88.34765625 -29.51953125 85.74287967849523 89.0703125 -29.58984375 94.14522342849523 84.42578125 -59.34765625 76.79756717849523 67.8125 -55.234375 81.09444217849523 61.72265625 -22.1328125 70.08272342849523 81.48046875 -45.30078125 59.11787967849523 69.39453125 -53.03515625 61.48116092849523 71.5625 -59.125 69.62959842849523 71.0078125 -21.723473118119863 5.926759246873999 -30.21575640661012 -23.99609375 19.15234375 -32.05078125 -19.73828125 18.38671875 -41.41796875 -20.258293470031667 25.537129665667663 -41.182114101784485 -23.7265625 16.6015625 -55.3359375 -24.349055892308435 26.039964369769052 -54.963668125903915 -40.66796875 16.2421875 -61.74609375 -39.74418161981532 27.04268154682824 -60.85264130589583 -57.5546875 16.6015625 -55.3359375 -55.21344923617404 27.344281790259572 -54.863586534622044 -61.30859375 18.38671875 -41.41796875 -59.650691122720886 27.20248207922259 -41.05516882669196 -55.72687418606128 27.048380209739868 -31.225628615106743 -52.74764036103307 41.51501603050363 -30.659997829149262 -39.80708143378853 26.2326586076761 -24.470234340737484 -24.23322869255169 0.00298971334596132 -36.74527534777767 -27.854332059389026 0.004398799507093543 -18.69311191407877 -24.808389566852867 4.204282086371947 -16.928210586474126 -31.404533913626707 0.04200939306387852 -6.717679598637446 -28.766360148388202 11.357237400384882 -12.133571698458272 -34.73395120380633 16.112170766509628 -18.483414503038112 -40.390625 20.51953125 -24.89453125 -23.905592328838573 25.656181942404963 -31.33423817493541 -38.67291051198727 40.918345234847635 -24.31555841230817 -36.83322682005005 54.33963390910645 -26.679659694105943 -44.736783977814056 54.83794583642511 -30.725417577986164 -32.34666093003022 53.96333866287023 69.9996700240654 -24.9517362568872 48.48286991287023 78.20634678291509 -26.978930384433912 43.48677616287023 81.32753771686856 -12.170151452072368 48.61958866287023 85.19010906269321 -13.162082405788885 46.40474491287023 90.54171912038814 0.0019340133147594803 55.87740116287023 89.58015055789133 0.002096928843791311 50.94771366287023 92.97858805398639 13.166042563958959 46.40474491287023 90.54045699318621 0.0022182728240357093 43.66255741287023 95.50983805107786 14.15435021637464 41.58443241287023 91.09119086596846 14.83786606574999 35.21724491287023 89.46615809747061 26.982007053562636 43.48677616287023 81.32495091788229 -41.3181082469208 6.090084678069161 -59.85289517263065 -57.26330549996918 6.05136534927653 -54.59355984348035 -54.37842598393042 0.0014657276095846328 -51.98445138411622 -61.317791872986845 6.00220547717506 -42.133711912143 -59.38353583249717 0.0006098256541449132 -36.74482365863516 -61.2962914315884 5.926353675436317 -30.21512885349808 -58.971747355071784 4.205360636349248 -17.3852511303679 -59.298874738142615 13.456060280956898 -28.271977973105884 -53.93670408960733 11.35935371810222 -12.133048245584355 -46.6169459097463 16.110377818996838 -18.483313547884052 -52.30161838467246 0.04082602748369624 -6.717398947553832 -31.60460844478697 76.99458866287023 67.1832281980481 -31.405274905108644 62.92427616287023 69.57774989507601 -35.163726516538546 62.86568241287023 56.24589880377317 -35.370103482555336 46.18990116287023 69.89434621282965 -26.03755110084457 36.11568241287023 80.76499258804076 -14.83400890015574 35.21724491287023 89.46758051857236 -14.494474877310626 30.36958866287023 83.00662673444336 0.0021418710586966435 35.75630741287023 93.91608805290915 0.0017739066741592328 29.24068241287023 86.24030681172896 -26.70199635794514 32.26802616287023 72.78064943128405 -33.25739899340821 34.13911991287023 57.862994919411314 -34.16697623682703 38.51411991287023 69.94116353693333 -38.72265625 41.37890625 56.71875 -39.413744863059534 50.57661991287023 55.863290042253944 -36.71484375 57.00069217849523 33.66796875 -58.0390625 54.41475467849523 -36.52734375 -46.93359375 31.98897342849523 -36.52734375 -34.390625 59.96162967849523 -58.23046875 -31.70703125 41.21162967849523 -55.08984375 -15.03125 62.79366092849523 -63.24609375 -17.83984375 37.97334842849523 -58.85546875 0 35.42256717849523 -59.8671875 -24.4921875 21.91866092849523 -36.52734375 0 19.62959842849523 -36.52734375 0 16.34834842849523 -10.96875 -9.95703125 43.56319217849523 -59.09375 0 34.56709842849523 -55.59375 0 33.76631717849523 -74.484375 9.95703125 43.56319217849523 -59.09375 7.2578125 40.18037967849523 -75.51171875 0 54.89522342849523 -61.12890625 0 47.15694217849523 -75.765625 -7.2578125 40.18037967849523 -75.51171875 0 38.43819217849523 -97.73828125 -43.55859375 67.58272342849523 32.57421875 -61.82421875 55.27803592849523 7.73046875 -50.50390625 29.95772342849523 10.7890625 -50.64453125 28.54756717849523 -10.96875 -25.73046875 18.84444217849523 -10.96875 21.723100618118615 5.926148119012538 -30.215812575114114 21.32092430233036 6.00045323990895 -42.13448355065953 23.7265625 16.6015625 -55.3359375 24.348683392307187 26.039353241907598 -54.9637242944079 24.891449958237853 40.275416613420276 -53.490880734876 28.234665103409714 54.244215583019916 -48.961377545912136 0 23.30537967849523 43.671875 23.234375 26.36397342849523 42.65234375 22.484375 28.58272342849523 46.47265625 38.8671875 39.96162967849523 38.7265625 36.05859375 40.65303592849523 42.49609375 43.55859375 67.58272342849523 32.57421875 41.203125 70.47334842849523 35.46484375 67.6640625 52.00459842849523 -60.63671875 68.75390625 44.62178592849523 -62.21484375 64.578125 36.36006717849523 -60.625 -47.33600529635812 54.940501200405286 -39.15732552245277 -56.37908600790091 41.64128871521902 -40.34627055928787 -44.947381060737285 54.94952937770438 -48.908508846783164 -52.5098596606794 41.46828134672889 -53.400574489978496 -38.771455809660345 40.21264311304677 -59.14617612606706 39.74380911981408 27.042070418966794 -60.85269747439982 57.5546875 16.6015625 -55.3359375 40.66796875 16.2421875 -61.74609375 57.262932999967944 6.050754221415083 -54.59361601198432 41.31773574691957 6.089473550207707 -59.852951341134634 54.378053483929186 0.0008545997481448353 -51.9845075526202 37.44140625 59.38741092849523 -82.3671875 61.3174193729856 6.0015943493136135 -42.13376808064697 59.29850223814136 13.455449153095458 -28.272034141609858 61.29980720072657 5.926116401301854 -30.21516538650571 58.97137485507053 4.204749508487801 -17.38530729887188 59.38705160163535 0.00037255151968196287 -36.74486019164279 56.601338313027966 0.002320262690247432 -19.017436331608856 -75.68359375 54.19209842849523 -25.578125 -79.59765625 53.36787967849523 -25.515625 -60.06640625 57.52412967849523 -52.60546875 -63.92578125 56.97725467849523 -55.703125 -32.94140625 63.96553592849523 -72.83203125 -14.15033725110205 41.58443241287023 91.09254774634014 0 25.74287967849523 47.4453125 52.300871515658315 0.044097851789452136 -6.717251844387363 53.94021985874549 11.359116443967757 -12.13308477859199 46.61657340974504 16.1097666911354 -18.483369716388037 76.9375 55.38741092849523 49.16015625 31.606328982580926 76.99458866287023 67.18019796920811 22.64966570725748 79.46724491287023 74.85640859579988 17.340836765765946 87.17036991287023 69.95041308672927 11.306176010619934 79.75240116287023 80.28663989036129 0.001135914481732282 89.80318241287023 72.9317130770211 0.0015975084806558024 79.90083866287023 82.56061931595707 -11.303198963400915 79.75240116287023 80.28772374677742 -24.8918224582391 40.27602774128173 -53.49082456637201 -28.23503760341097 54.24482671088136 -48.96132137740815 -21.293504011698698 40.11921711988419 -40.45782108193426 -27.08203125 54.08662967849523 -39.21875 -84.0390625 47.66866092849523 -25.71875 -56.95703125 19.15234375 -32.05078125 38.1875 39.09053592849523 34.9609375 61.82421875 55.27803592849523 7.73046875 50.50390625 29.95772342849523 10.7890625 -40.83960666011851 13.582069846040554 -9.051908575182281 -41.68028821462415 0.34176832205022123 -4.253157246345317 -24.644085330427387 40.3013444589201 -30.559708764319048 -29.612439574588333 54.19612269163497 -30.931376213539927 -35.46875 42.05928592849523 41.17578125 27.853959559387775 0.0037876716456395343 -18.693168082582762 24.808017066851612 4.203670958510493 -16.92826675497812 31.404161413625445 0.04139826520242451 -6.717735767141427 28.765613279374058 11.360509224690631 -12.133424595291817 34.737466972944496 16.111933492375158 -18.483451036045757 -21.723473118119863 5.926759246873999 -30.21575640661012 -21.32129680233161 6.001064367770397 -42.134427382155536 -25.370585635789762 6.0495247048224385 -54.594179075964924 -29.027349817233336 0.0015668992869564136 -51.984861711469655 -84.67578125 39.98897342849523 -26.125 47.335632796356855 54.93989007254385 -39.15738169095675 52.747267861031816 41.51440490264219 -30.660053997653236 44.736411477812794 54.83733470856366 -30.725473746490145 36.83285432004879 54.339022781245006 -26.679715862609925 23.48828125 26.98116092849523 37.75390625 -17.338850694385588 87.17036991287023 69.95207557416231 -34.37478442512932 77.72505741287023 53.734142230295035 -33.94140625 63.86787967849523 32.48046875 35.46875 42.05928592849523 41.17578125 33.25822593016246 34.13911991287023 57.859806269263785 58.0390625 54.41475467849523 -36.52734375 64.41796875 51.45772342849523 -10.96875 41.68380398376231 0.3415310479157583 -4.253193779352955 46.8732627531531 0.0023012643073982986 -14.413644559144824 36.53258384149662 0.003466544171558894 -14.413753087713342 24.232856192550443 0.002378585484493101 -36.74533151628167 24.643712830426125 40.300733331058645 -30.559764932823036 21.293131511697442 40.11860599202274 -40.45787725043826 29.611692705574185 54.1993945159407 -30.93122911037347 27.08203125 54.08662967849523 -39.21875 -60.5859375 46.61787967849523 49.1328125 -79.54296875 31.80928592849523 -25.12890625 38.672538011986006 40.91773410698618 -24.315614580812156 31.407225022717075 62.92427616287023 69.57473876667736 32.34865149563206 53.96333866287023 69.99656863671848 17.83984375 37.97334842849523 -58.85546875 59.125 69.62959842849523 71.0078125 59.34765625 76.79756717849523 67.8125 12.173598519955608 48.61958866287023 85.1889420631795 24.954513685768354 48.48286991287023 78.2039543590083 -36.53295634149787 0.004077672033020008 -14.413696919209354 -46.87363525315436 0.002912392168852307 -14.413588390640847 -56.60171081302923 0.002931390551694335 -19.017380163104878 29.0269773172321 0.0009557714254952998 -51.98491787997364 25.369838766775644 6.052796529128173 -54.59403197279847 21.723100618118615 5.926148119012538 -30.215812575114114 40.83923416011724 13.581458718179107 -9.051964743686263 -22.647209240694448 79.46724491287023 74.85858005381672 36.35788226665262 58.938236229943804 -38.84262964987847 -41.68028821462415 0.34176832205022123 -4.253157246345317 -34.73395120380633 16.112170766509628 -18.483414503038112 -36.53295634149787 0.004077672033020008 -14.413696919209354 -31.404533913626707 0.04200939306387852 -6.717679598637446 20.45703125 31.91084842849523 43.58203125 -21.723473118119863 5.926759246873999 -30.21575640661012 -36.35825476665388 58.93884735780525 -38.84257348137449 -36.83209141971057 54.57036311189116 -53.38380324917095 41.68380398376231 0.3415310479157583 -4.253193779352955 46.61657340974504 16.1097666911354 -18.483369716388037 46.8732627531531 0.0023012643073982986 -14.413644559144824 52.300871515658315 0.044097851789452136 -6.717251844387363 36.53258384149662 0.003466544171558894 -14.413753087713342 34.737466972944496 16.111933492375158 -18.483451036045757 31.404161413625445 0.04139826520242451 -6.717735767141427 21.723100618118615 5.926148119012538 -30.215812575114114 -64.41796875 51.45772342849523 -10.96875 -46.87363525315436 0.002912392168852307 -14.413588390640847 -46.6169459097463 16.110377818996838 -18.483313547884052 -52.30161838467246 0.04082602748369624 -6.717398947553832 0 63.34444217849523 -64.8984375 0 67.09444217849523 -79.75 -64.13390480789269 -0.0008797313311958987 50.396747555120456 -66.91509099682946 0.00014626040822918185 32.666151784598256 -66.49964114171947 4.200914451974668 51.41507452763798 -68.829115186979 5.92617481424589 38.33917073398557 -66.82928429799593 13.453425576683124 39.18505266837569 -68.8515989967409 6.002227016645598 26.407148017479575 -68.83984375 18.38671875 25.3203125 -65.0859375 16.6015625 11.6640625 -62.74322238077232 27.34527394769499 10.570892131029819 -47.277069156467235 27.047214957210528 4.627125637539223 -46.30263951332158 40.21606226092108 5.186065044234358 -31.87833351894453 26.041945388008855 10.657695989185234 -32.58121142429919 40.27939469139453 10.765478404804453 -27.78752967696352 25.537071845353346 24.515739475165244 -29.01954880395697 40.1209107705088 23.673803661275546 -32.335014433636985 40.29997712178129 33.4368317709839 -37.14399086262258 54.19460907022335 30.5950693745623 -44.36387168903919 54.33916094162877 34.826527312172004 -44.07203966595252 57.31077595367346 29.297005609244344 -52.266830885372514 54.835700098740055 30.70953154257284 -43.88805117953122 58.93902996511362 21.99234660350048 -54.86664223497502 54.93974477517649 22.262356930711924 -52.474816564541555 54.952448259514455 12.50921247884536 -63.71039637515069 41.64058578472379 23.57516039016273 -59.88776663465098 41.469277883054374 10.688917007897201 28.85005648970351 5.999448001803195 26.407268271675488 35.50761928730482 0.0022188244347063346 17.429856653052163 32.90089258631822 6.051902313793562 13.939813348932585 48.84408879116458 6.092278947449891 8.675033291143723 31.2578125 16.6015625 11.6640625 48.21875 15.88671875 5.125 31.87701845951431 26.04200126046696 10.659190723492463 47.27518815740419 27.04710036579116 4.6271470689182586 46.3009271013606 40.21595950274188 5.186101560865996 62.74191032144461 27.34505900650285 10.569437956904048 59.88658951918882 41.469088644789075 10.687651529228408 63.71044871352389 41.64043915853393 23.573529570729807 52.473931016826036 54.952334688070984 12.508573770240398 54.86668597327827 54.9396678462595 22.2614903281079 43.8881042596764 58.93904758729145 21.992502568698914 52.26767868264791 54.83569581558358 30.70891326007785 44.07277457087792 57.310835096235664 29.29715362396721 44.36510749595582 54.33925017860865 34.826665040982576 37.14482220764616 54.19473655037808 30.595895981388324 32.33599492605873 40.300163497259504 33.438198682075466 29.019597393416404 40.12106853394128 23.675487615455655 27.787530792213683 25.537245370428394 24.517626953364164 32.58003130984554 40.27944504398434 10.766822079894688 -59.82880475618781 0.036805714935645995 62.69075590675246 -61.46937008817153 11.354373128350908 55.62553045075603 -54.14425493887698 16.10561518236679 48.58661968265109 -64.48828125 19.15234375 34.578125 -63.25810501220272 27.04601574573124 34.25235356035936 -67.18147514139596 27.20156918290757 24.404029103085428 -60.12041404772195 41.51382004015873 33.16980313978907 27.26953125 18.38671875 25.3203125 31.52734375 19.15234375 34.578125 31.436726093479166 25.65676881846221 34.348561178056784 47.921875 20.51953125 41.53125 47.3376082211664 26.227272467913963 41.12485917035072 64.48828125 19.15234375 34.578125 63.25904701183916 27.045936126599344 34.250851980787424 68.83984375 18.38671875 25.3203125 67.18148000702823 27.2013970535465 24.402152779540184 -31.762237810509017 0.002866039592333891 32.66409784106862 -35.385751738341156 -0.00005855643289010004 50.71685889633592 -32.33966526765927 4.20160544003096 51.87613762335411 -38.93353607445881 0.03881789094750587 62.689498673423564 -36.29655646539283 11.354632388600926 55.624214782444426 -42.26606325300265 16.108345752296813 48.585759179809905 -31.52734375 19.15234375 34.578125 -47.921875 20.51953125 41.53125 -31.43578709424523 25.656569192760976 34.34702210424535 -47.3360184182292 26.227172068676012 41.12483868001695 -46.205389044187626 40.91286193329971 39.52026190873673 -27.26953125 18.38671875 25.3203125 -62.63040835181333 0.0008577280392714215 17.43006516250348 -64.79468398642678 6.051421248470703 13.939972946820484 -48.8457675603232 6.09238337409176 8.675037615601276 -48.1953125 16.2421875 5.3046875 -31.2578125 16.6015625 11.6640625 -44.36442053300685 54.570182955129695 8.087727255796887 -35.76783900838011 54.2477918908272 12.557418712495057 -34.61933243762208 54.08341922259063 22.320396421210273 44.363110337514925 54.57011430356421 8.087863689876272 35.76695196021515 54.24782491637637 12.558376225286676 34.61937430056233 54.08351995339896 22.321464304998674 46.20695454957306 40.91296275877747 39.520303421229144 60.12137959652818 41.51376150662754 33.16851512591113 54.14646713311304 16.105700017984987 48.58605113364928 66.83057730366053 13.453343809451098 39.18329102852148 61.47221140250497 11.354435376547471 55.62429189495563 66.50201856246028 4.200907786341176 51.41339888549502 59.83222023800566 0.03692404891596368 62.68974048928156 64.13614840475486 -0.0008716915413202742 50.39532216975489 66.91564498496976 0.0000252505268178993 32.664461446035915 68.83026166060843 5.926070539148704 38.33726298002713 68.85160909578829 6.002052090013166 26.40523772622609 36.29939777188211 11.354915081384036 55.625375021444235 42.26827544353736 16.108534606776978 48.586322524809745 48.36981531126345 13.574973973684529 58.38637834183716 49.21370121462162 0.33632343767020956 65.11047254039163 28.85005648970351 5.999448001803195 26.407268271675488 31.76279178769529 0.003052870705374744 32.66575731203605 29.255125487334947 5.926283859802027 38.33901550820626 32.342086787032294 4.201900654764344 51.87771718621947 31.52734375 19.15234375 34.578125 62.62951047055611 0.0006842774843605071 17.428783190024486 64.79350649800234 6.0512082359762545 13.938449018023105 -35.508517177013545 0.0021547623987032694 17.42855410314847 -28.85004640312117 5.999272623068883 26.405366672124718 -29.253979026037626 5.92604156530048 38.337152022578294 -31.52734375 19.15234375 34.578125 54.40549266426741 0.0001780007977600917 55.000924173177324 44.061658596565486 -0.00014097549899361184 55.00141667333388 35.388025978454394 0.0002031371028436979 50.71817300629151 65.0859375 16.6015625 11.6640625 -49.21005248026994 0.3360978217224826 65.11047784216787 -44.05897615603482 -0.0003520087861588195 55.00092907991613 -54.40281022051346 0.00005755131691387305 55.001422278555744 -48.366691402552185 13.574780676246512 58.38638142751445 -49.21005248026994 0.3360978217224826 65.11047784216787 -54.40281022051346 0.00005755131691387305 55.001422278555744 -54.14425493887698 16.10561518236679 48.58661968265109 -59.82880475618781 0.036805714935645995 62.69075590675246 -42.26606325300265 16.108345752296813 48.585759179809905 -44.05897615603482 -0.0003520087861588195 55.00092907991613 -38.93353607445881 0.03881789094750587 62.689498673423564 49.21370121462162 0.33632343767020956 65.11047254039163 54.14646713311304 16.105700017984987 48.58605113364928 54.40549266426741 0.0001780007977600917 55.000924173177324 59.83222023800566 0.03692404891596368 62.68974048928156 44.061658596565486 -0.00014097549899361184 55.00141667333388 42.26827544353736 16.108534606776978 48.586322524809745 38.93695154976546 0.039119209014813805 62.69047441973351 38.93695154976546 0.039119209014813805 62.69047441973351 -28.85004640312117 5.999272623068883 26.405366672124718 -32.90207008468079 6.0518360347868025 13.938298133011847</float_array>
                    <technique_common>
                        <accessor count="495" source="#pointarray1" stride="3">
                            <param name="X" type="float"/>
                            <param name="Y" type="float"/>
                            <param name="Z" type="float"/>
                        </accessor>
                    </technique_common>
                </source>
                <source id="uvs1">
                    <float_array id="uvarray1" count="302">0.940673828125 0.370361328125 0.8465576171875 0.34765625 0.82000732421875 0.38031005859375 0.697509765625 0.22247314453125 0.65777587890625 0.2445068359375 0.653564453125 0.11761474609375 0.611083984375 0.126953125 0.6439208984375 0.00445556640625 0.5980224609375 0.007568359375 0.98907470703125 0.42242431640625 0.990234375 0.45733642578125 0.798583984375 0.4080810546875 0.61871337890625 0.26318359375 0.77545166015625 0.43658447265625 0.585205078125 0.2803955078125 0.98748779296875 0.00518798828125 0.51446533203125 0.00933837890625 0.53033447265625 0.1441650390625 0.55615234375 0.00885009765625 0.5712890625 0.136474609375 0.9908447265625 0.491943359375 0.98907470703125 0.3824462890625 0.48931884765625 0.932373046875 0.18878173828125 1.0037841796875 0.37432861328125 0.9327392578125 0.12799072265625 0.93194580078125 0.37432861328125 0.8779296875 0.12799072265625 0.877197265625 0.37432861328125 0.83770751953125 0.12799072265625 0.837890625 0.12799072265625 0.64532470703125 0.0107421875 0.83770751953125 0.01043701171875 0.64532470703125 0.12799072265625 0.4722900390625 0.37432861328125 0.4722900390625 0.12799072265625 0.265625 0.37432861328125 0.265625 0.2509765625 0.12091064453125 0.48773193359375 0.11676025390625 0.1292724609375 0.0921630859375 0.990234375 0.45782470703125 0.8336181640625 0.55401611328125 0.84393310546875 0.544677734375 0.83184814453125 0.54364013671875 0.84381103515625 0.54052734375 0.8331298828125 0.53460693359375 0.83319091796875 0.5311279296875 0.82586669921875 0.53424072265625 0.8271484375 0.53118896484375 0.81671142578125 0.529296875 0.8233642578125 0.524169921875 0.81756591796875 0.52264404296875 0.831298828125 0.52215576171875 0.827880859375 0.5198974609375 0.833984375 0.5206298828125 0.84014892578125 0.5213623046875 0.8408203125 0.52301025390625 0.61236572265625 0.9007568359375 0.6424560546875 0.791748046875 0.611328125 0.8614501953125 0.6102294921875 0.791748046875 0.5794677734375 0.791748046875 0.6102294921875 0.69091796875 0.5794677734375 0.69091796875 0.5794677734375 0.58563232421875 0.5426025390625 0.69091796875 0.5513916015625 0.58563232421875 0.52410888671875 0.69091796875 0.519775390625 0.58441162109375 0.531982421875 0.5494384765625 0.6102294921875 0.5745849609375 0.65301513671875 0.5528564453125 0.64495849609375 0.69091796875 0.5426025390625 0.791748046875 0.56060791015625 0.53131103515625 0.5118408203125 0.5289306640625 0.51129150390625 0.53662109375 0.5067138671875 0.5272216796875 0.509033203125 0.55487060546875 0.50994873046875 0.55340576171875 0.5255126953125 0.791748046875 0.5389404296875 0.8609619140625 0.55023193359375 0.86090087890625 0.8265380859375 0.5426025390625 0.81939697265625 0.53424072265625 0.81719970703125 0.53271484375 0.81427001953125 0.5352783203125 0.8138427734375 0.5333251953125 0.81170654296875 0.53704833984375 0.81060791015625 0.53363037109375 0.80950927734375 0.5301513671875 0.81341552734375 0.53143310546875 0.81280517578125 0.52783203125 0.65032958984375 0.540771484375 0.6102294921875 0.54071044921875 0.60009765625 0.5316162109375 0.5794677734375 0.54058837890625 0.53485107421875 0.54046630859375 0.52911376953125 0.55841064453125 0.8291015625 0.5533447265625 0.8270263671875 0.5455322265625 0.8099365234375 0.5264892578125 0.81475830078125 0.52142333984375 0.83233642578125 0.5247802734375 0.48931884765625 0.265625 0.13031005859375 0.11785888671875 0.01214599609375 0.115234375 0.0103759765625 0.265625 0.010498046875 0.4722900390625 0.586181640625 0.79107666015625 0.65020751953125 0.79083251953125 0.63775634765625 0.661865234375 0.5830078125 0.6875 0.522216796875 0.7913818359375 0.5262451171875 0.7362060546875 0.55615234375 0.51123046875 0.48931884765625 0.875732421875 0.48931884765625 0.64532470703125 0.37432861328125 0.64532470703125 0.01025390625 0.87890625 0.5794677734375 0.86077880859375 0.01031494140625 0.9322509765625 0.82232666015625 0.55548095703125 0.82293701171875 0.561279296875 0.81964111328125 0.553955078125 0.822265625 0.5616455078125 0.8177490234375 0.5543212890625 0.5078125 0.55938720703125 0.50579833984375 0.52789306640625 0.8436279296875 0.53485107421875 0.48931884765625 0.4722900390625 0.83648681640625 0.5592041015625 0.8734130859375 0.5863037109375 0.79083251953125 0.5869140625 0.9564208984375 0.62091064453125 0.7052001953125 0.62109375 0.67449951171875 0.7562255859375 0.92352294921875 0.55694580078125 0.97265625 0.8721923828125 0.6927490234375 0.87506103515625 0.9912109375 0.7562255859375 0.50958251953125 0.53826904296875 0.7352294921875 0.55401611328125 0.00921630859375 0.08746337890625 0.6810302734375 0.53729248046875 0.55877685546875 0.90020751953125 0.58709716796875 0.9166259765625 0.5989990234375 0.5316162109375 0.540283203125 0.572021484375 0.6922607421875 0.87188720703125 0.68634033203125 0.53729248046875</float_array>
                    <technique_common>
                        <accessor count="151" source="#uvarray1" stride="2">
                            <param name="S" type="float"/>
                            <param name="T" type="float"/>
                        </accessor>
                    </technique_common>
                </source>
                <vertices id="vertices1">
                    <input semantic="POSITION" source="#points1"/>
                </vertices>
                <polylist count="820" material="Material1">
                    <input offset="0" semantic="VERTEX" source="#vertices1"/>
                    <input offset="1" semantic="TEXCOORD" source="#uvs1" set="0"/>
                    <vcount>3 3 3 3 3 3 3 3 3 3 3 3 3 3 3 3 3 3 3 3 3 3 3 3 3 3 3 3 3 3 3 3 3 3 3 3 3 3 3 3 3 3 3 3 3 3 3 3 3 3 3 3 3 3 3 3 3 3 3 3 3 3 3 3 3 3 3 3 3 3 3 3 3 3 3 3 3 3 3 3 3 3 3 3 3 3 3 3 3 3 3 3 3 3 3 3 3 3 3 3 3 3 3 3 3 3 3 3 3 3 3 3 3 3 3 3 3 3 3 3 3 3 3 3 3 3 3 3 3 3 3 3 3 3 3 3 3 3 3 3 3 3 3 3 3 3 3 3 3 3 3 3 3 3 3 3 3 3 3 3 3 3 3 3 3 3 3 3 3 3 3 3 3 3 3 3 3 3 3 3 3 3 3 3 3 3 3 3 3 3 3 3 3 3 3 3 3 3 3 3 3 3 3 3 3 3 3 3 3 3 3 3 3 3 3 3 3 3 3 3 3 3 3 3 3 3 3 3 3 3 3 3 3 3 3 3 3 3 3 3 3 3 3 3 3 3 3 3 3 3 3 3 3 3 3 3 3 3 3 3 3 3 3 3 3 3 3 3 3 3 3 3 3 3 3 3 3 3 3 3 3 3 3 3 3 3 3 3 3 3 3 3 3 3 3 3 3 3 3 3 3 3 3 3 3 3 3 3 3 3 3 3 3 3 3 3 3 3 3 3 3 3 3 3 3 3 3 3 3 3 3 3 3 3 3 3 3 3 3 3 3 3 3 3 3 3 3 3 3 3 3 3 3 3 3 3 3 3 3 3 3 3 3 3 3 3 3 3 3 3 3 3 3 3 3 3 3 3 3 3 3 3 3 3 3 3 3 3 3 3 3 3 3 3 3 3 3 3 3 3 3 3 3 3 3 3 3 3 3 3 3 3 3 3 3 3 3 3 3 3 3 3 3 3 3 3 3 3 3 3 3 3 3 3 3 3 3 3 3 3 3 3 3 3 3 3 3 3 3 3 3 3 3 3 3 3 3 3 3 3 3 3 3 3 3 3 3 3 3 3 3 3 3 3 3 3 3 3 3 3 3 3 3 3 3 3 3 3 3 3 3 3 3 3 3 3 3 3 3 3 3 3 3 3 3 3 3 3 3 3 3 3 3 3 3 3 3 3 3 3 3 3 3 3 3 3 3 3 3 3 3 3 3 3 3 3 3 3 3 3 3 3 3 3 3 3 3 3 3 3 3 3 3 3 3 3 3 3 3 3 3 3 3 3 3 3 3 3 3 3 3 3 3 3 3 3 3 3 3 3 3 3 3 3 3 3 3 3 3 3 3 3 3 3 3 3 3 3 3 3 3 3 3 3 3 3 3 3 3 3 3 3 3 3 3 3 3 3 3 3 3 3 3 3 3 3 3 3 3 3 3 3 3 3 3 3 3 3 3 3 3 3 3 3 3 3 3 3 3 3 3 3 3 3 3 3 3 3 3 3 3 3 3 3 3 3 3 3 3 3 3 3 3 3 3 3 3 3 3 3 3 3 3 3 3 3 3 3 3 3 3 3 3 3 3 3 3 3 3 3 3 3 3 3 3 3 3 3 3 3 3 3 3 3 3 3 3 3 3 3 3 3 3 3 3 3 3 3 3 3 3 3 3 3 3 3 3 3 3 3 3 3 3 3 3 3 3 3 3 3 3 3 3 3 3 3 3 3 3 3 3 3 3 3 3 3 3 3 3 3 3 3 3 3 3 3 3 3 3 3 3 3 3 3 3 3 3 3 3 3 3 3 3 3 3 3 3 3 3 3 3 3 3 3 3 3 3 3 3 3 3 3 3 3 3 3 3 3 3 3</vcount>
                    <p>2 2 1 1 0 0 3 3 1 1 2 2 4 4 3 3 2 2 5 5 3 3 4 4 6 6 5 5 4 4 7 7 5 5 6 6 8 8 7 7 6 6 9 5 7 7 8 8 10 6 9 5 8 8 11 3 9 5 10 6 12 4 11 3 10 6 13 1 11 3 12 4 14 2 13 1 12 4 15 9 13 1 14 2 16 10 15 9 14 2 17 2 15 9 16 10 18 11 17 2 16 10 19 12 17 2 18 11 20 13 19 12 18 11 21 14 19 12 20 13 22 11 21 14 20 13 23 4 21 14 22 11 24 1 23 4 22 11 25 3 23 4 24 1 26 15 25 3 24 1 27 5 25 3 26 15 28 7 27 5 26 15 29 8 27 5 28 7 30 6 29 8 28 7 31 16 29 8 30 6 32 17 31 16 30 6 33 18 31 16 32 17 34 19 33 18 32 17 35 8 33 18 34 19 36 6 35 8 34 19 37 7 35 8 36 6 38 5 37 7 36 6 16 10 20 13 18 11 39 20 20 13 16 10 40 13 39 20 16 10 41 9 39 20 40 13 42 11 41 9 40 13 43 21 41 9 42 11 44 1 43 21 42 11 26 15 43 21 44 1 45 3 26 15 44 1 46 5 26 15 45 3 47 6 46 5 45 3 48 8 46 5 47 6 49 17 48 8 47 6 50 16 48 8 49 17 51 19 50 16 49 17 52 18 50 16 51 19 8 8 52 18 51 19 53 19 52 18 8 8 6 6 53 19 8 8 4 4 53 19 6 6 56 24 55 23 54 22 57 25 55 23 56 24 58 26 57 25 56 24 59 27 57 25 58 26 60 28 59 27 58 26 61 29 59 27 60 28 62 30 61 29 60 28 63 31 61 29 62 30 64 32 63 31 62 30 65 30 63 31 64 32 66 33 65 30 64 32 67 34 65 30 66 33 68 35 67 34 66 33 69 36 67 34 68 35 70 37 69 36 68 35 71 38 69 36 70 37 72 39 71 38 70 37 73 7 26 15 46 5 74 5 26 15 73 7 75 6 74 5 73 7 76 3 74 5 75 6 77 4 76 3 75 6 78 11 76 3 77 4 79 13 78 11 77 4 80 20 78 11 79 13 81 11 80 20 79 13 82 20 80 20 81 11 2 2 82 20 81 11 83 40 82 20 2 2 0 0 83 40 2 2 84 2 83 40 0 0 85 1 84 2 0 0 86 3 84 2 85 1 89 43 88 42 87 41 90 44 88 42 89 43 91 45 90 44 89 43 92 46 90 44 91 45 93 47 92 46 91 45 94 48 92 46 93 47 95 49 94 48 93 47 96 50 94 48 95 49 97 51 96 50 95 49 98 52 96 50 97 51 99 53 98 52 97 51 100 54 98 52 99 53 101 52 100 54 99 53 102 55 100 54 101 52 103 56 102 55 101 52 106 59 105 58 104 57 107 60 105 58 106 59 108 61 107 60 106 59 109 62 107 60 108 61 110 63 109 62 108 61 111 64 109 62 110 63 112 65 111 64 110 63 113 66 111 64 112 65 114 67 113 66 112 65 115 68 113 66 114 67 116 65 115 68 114 67 117 66 115 68 116 65 118 63 117 66 116 65 119 64 117 66 118 63 76 3 26 15 74 5 120 1 26 15 76 3 78 11 120 1 76 3 121 21 120 1 78 11 122 9 121 21 78 11 123 11 121 21 122 9 80 20 123 11 122 9 124 13 123 11 80 20 125 11 124 13 80 20 126 12 124 13 125 11 84 2 126 12 125 11 127 4 126 12 84 2 86 3 127 4 84 2 38 5 127 4 86 3 121 21 26 15 120 1 128 1 26 15 121 21 123 11 128 1 121 21 129 3 128 1 123 11 130 4 129 3 123 11 30 6 129 3 130 4 131 14 30 6 130 4 32 17 30 6 131 14 126 12 32 17 131 14 34 19 32 17 126 12 127 4 34 19 126 12 36 6 34 19 127 4 38 5 36 6 127 4 134 64 133 66 132 69 135 63 133 66 134 64 136 70 135 63 134 64 137 62 135 63 136 70 138 71 137 62 136 70 139 72 137 62 138 71 140 70 139 72 138 71 141 62 139 72 140 70 142 64 141 62 140 70 143 63 141 62 142 64 144 65 143 63 142 64 145 73 143 63 144 65 146 67 145 73 144 65 149 76 148 75 147 74 150 77 148 75 149 76 151 78 150 77 149 76 152 79 150 77 151 78 133 66 152 79 151 78 153 68 152 79 133 66 154 65 153 68 133 66 146 67 153 68 154 65 155 80 146 67 154 65 145 73 146 67 155 80 156 81 145 73 155 80 157 82 145 73 156 81 160 85 159 84 158 83 161 86 159 84 160 85 162 87 161 86 160 85 163 88 161 86 162 87 164 89 163 88 162 87 165 87 163 88 164 89 166 90 165 87 164 89 167 91 165 87 166 90 168 92 167 91 166 90 169 85 167 91 168 92 95 49 169 85 168 92 93 47 169 85 95 49 170 93 138 71 136 70 171 94 138 71 170 93 172 95 171 94 170 93 173 96 171 94 172 95 174 74 173 96 172 95 175 97 173 96 174 74 176 76 175 97 174 74 177 98 175 97 176 76 178 78 177 98 176 76 179 79 177 98 178 78 180 77 179 79 178 78 183 43 182 100 181 99 158 83 182 100 183 43 184 47 158 83 183 43 160 85 158 83 184 47 185 49 160 85 184 47 186 92 160 85 185 49 187 51 186 92 185 49 188 101 186 92 187 51 189 102 188 101 187 51 97 51 188 101 189 102 99 53 97 51 189 102 187 51 99 53 189 102 101 52 99 53 187 51 190 50 101 52 187 51 191 103 101 52 190 50 192 48 191 103 190 50 193 46 191 103 192 48 184 47 193 46 192 48 194 45 193 46 184 47 183 43 194 45 184 47 195 44 194 45 183 43 198 38 197 36 196 104 199 37 197 36 198 38 200 39 199 37 198 38 201 105 199 37 200 39 202 106 201 105 200 39 203 35 201 105 202 106 204 107 203 35 202 106 205 108 203 35 204 107 68 35 205 108 204 107 208 111 207 110 206 109 209 109 207 110 208 111 210 112 209 109 208 111 211 113 209 109 210 112 212 114 211 113 210 112 213 112 211 113 212 114 214 115 213 112 212 114 208 111 213 112 214 115 210 112 208 111 214 115 216 117 60 28 215 116 217 118 60 28 216 117 218 34 217 118 216 117 62 30 217 118 218 34 219 33 62 30 218 34 64 32 62 30 219 33 205 108 64 32 219 33 66 33 64 32 205 108 68 35 66 33 205 108 119 64 221 96 220 69 222 70 221 96 119 64 118 63 222 70 119 64 223 62 222 70 118 63 224 60 223 62 118 63 105 58 223 62 224 60 225 59 105 58 224 60 104 57 105 58 225 59 63 31 59 27 61 29 226 119 59 27 63 31 227 27 226 119 63 31 228 25 226 119 227 27 229 26 228 25 227 27 230 24 228 25 229 26 231 116 230 24 229 26 232 22 230 24 231 116 51 19 10 6 8 8 233 12 10 6 51 19 49 17 233 12 51 19 234 14 233 12 49 17 47 6 234 14 49 17 235 4 234 14 47 6 45 3 235 4 47 6 44 1 235 4 45 3 236 120 145 73 157 82 237 61 145 73 236 120 238 59 237 61 236 120 239 60 237 61 238 59 240 58 239 60 238 59 141 62 239 60 240 58 139 72 141 62 240 58 109 62 105 58 107 60 241 72 105 58 109 62 242 70 241 72 109 62 243 71 241 72 242 70 244 94 243 71 242 70 245 93 243 71 244 94 246 95 245 93 244 94 42 11 235 4 44 1 234 14 235 4 42 11 40 13 234 14 42 11 233 12 234 14 40 13 247 11 233 12 40 13 14 2 233 12 247 11 16 10 14 2 247 11 111 64 242 70 109 62 248 96 242 70 111 64 249 98 248 96 111 64 250 97 248 96 249 98 251 76 250 97 249 98 252 74 250 97 251 76 253 75 252 74 251 76 254 5 35 8 37 7 255 6 35 8 254 5 256 3 255 6 254 5 257 4 255 6 256 3 258 1 257 4 256 3 17 2 257 4 258 1 15 9 17 2 258 1 168 92 97 51 95 49 188 101 97 51 168 92 166 90 188 101 168 92 186 92 188 101 166 90 259 91 186 92 166 90 160 85 186 92 259 91 162 87 160 85 259 91 55 23 230 24 232 22 228 25 230 24 55 23 260 121 228 25 55 23 226 119 228 25 260 121 57 25 226 119 260 121 59 27 226 119 57 25 251 76 261 77 253 75 262 78 261 77 251 76 249 98 262 78 251 76 263 79 262 78 249 98 113 66 263 79 249 98 115 68 263 79 113 66 48 8 73 7 46 5 75 6 73 7 48 8 50 16 75 6 48 8 264 17 75 6 50 16 52 18 264 17 50 16 53 19 264 17 52 18 267 123 266 122 265 99 268 124 266 122 267 123 269 125 268 124 267 123 270 126 268 124 269 125 271 124 270 126 269 125 240 58 137 62 139 72 272 60 137 62 240 58 273 59 272 60 240 58 274 61 272 60 273 59 275 120 274 61 273 59 19 12 257 4 17 2 255 6 257 4 19 12 276 19 255 6 19 12 35 8 255 6 276 19 33 18 35 8 276 19 177 98 173 96 175 97 142 64 173 96 177 98 277 66 142 64 177 98 144 65 142 64 277 66 146 67 144 65 277 66 278 28 231 116 229 26 279 117 231 116 278 28 280 118 279 117 278 28 67 34 279 117 280 118 65 30 67 34 280 118 179 79 277 66 177 98 153 68 277 66 179 79 281 127 153 68 179 79 152 79 153 68 281 127 282 128 152 79 281 127 135 63 154 65 133 66 283 73 154 65 135 63 274 61 283 73 135 63 284 82 283 73 274 61 275 120 284 82 274 61 191 103 103 56 101 52 285 129 103 56 191 103 193 46 285 129 191 103 195 44 285 129 193 46 194 45 195 44 193 46 288 77 287 76 286 75 289 78 287 76 288 77 290 79 289 78 288 77 117 66 289 78 290 79 115 68 117 66 290 79 292 96 134 64 291 69 136 70 134 64 292 96 293 94 136 70 292 96 170 93 136 70 293 94 294 95 170 93 293 94 276 19 31 16 33 18 295 17 31 16 276 19 19 12 295 17 276 19 21 14 295 17 19 12 296 120 108 61 106 59 297 73 108 61 296 120 298 82 297 73 296 120 299 81 297 73 298 82 278 28 65 30 280 118 300 29 65 30 278 28 227 27 300 29 278 28 63 31 300 29 227 27 302 41 181 99 301 123 183 43 181 99 302 41 303 42 183 43 302 41 195 44 183 43 303 42 92 46 304 129 90 44 305 103 304 129 92 46 94 48 305 103 92 46 96 50 305 103 94 48 306 104 69 36 71 38 67 34 69 36 306 104 307 130 67 34 306 104 279 117 67 34 307 130 310 133 309 132 308 131 253 134 309 132 310 133 286 135 253 134 310 133 311 136 253 134 286 135 312 73 118 63 116 65 313 61 118 63 312 73 314 82 313 61 312 73 315 120 313 61 314 82 129 3 26 15 128 1 316 5 26 15 129 3 30 6 316 5 129 3 28 7 316 5 30 6 295 17 29 8 31 16 317 6 29 8 295 17 21 14 317 6 295 17 23 4 317 6 21 14 312 73 299 81 314 82 318 80 299 81 312 73 116 65 318 80 312 73 114 67 318 80 116 65 265 99 87 41 267 123 89 43 87 41 265 99 319 100 89 43 265 99 320 83 89 43 319 100 197 36 218 34 196 104 203 35 218 34 197 36 199 37 203 35 197 36 201 105 203 35 199 37 202 106 68 35 204 107 321 105 68 35 202 106 72 39 321 105 202 106 70 37 321 105 72 39 322 14 79 13 77 4 323 12 79 13 322 14 264 17 323 12 322 14 53 19 323 12 264 17 140 70 173 96 142 64 171 94 173 96 140 70 138 71 171 94 140 70 317 6 27 5 29 8 25 3 27 5 317 6 23 4 25 3 317 6 237 61 143 63 145 73 141 62 143 63 237 61 239 60 141 62 237 61 169 85 165 87 167 91 324 86 165 87 169 85 325 84 324 86 169 85 327 132 326 133 282 131 328 134 326 133 327 132 180 137 328 134 327 132 311 74 330 94 329 95 221 96 330 94 311 74 331 69 221 96 311 74 41 9 20 13 39 20 22 11 20 13 41 9 43 21 22 11 41 9 330 94 245 93 329 95 222 70 245 93 330 94 221 96 222 70 330 94 332 127 290 79 308 128 115 68 290 79 332 127 263 79 115 68 332 127 313 61 224 60 118 63 225 59 224 60 313 61 315 120 225 59 313 61 301 123 271 124 269 125 333 122 271 124 301 123 181 99 333 122 301 123 334 57 104 120 225 59 106 82 104 120 334 57 296 81 106 82 334 57 252 140 329 139 246 138 311 136 329 139 252 140 253 134 311 136 252 140 297 73 110 63 108 61 112 65 110 63 297 73 114 67 112 65 297 73 215 116 56 24 54 22 58 26 56 24 215 116 60 28 58 26 215 116 124 13 130 4 123 11 131 14 130 4 124 13 126 12 131 14 124 13 323 12 81 11 79 13 2 2 81 11 323 12 4 4 2 2 323 12 243 71 222 70 223 62 245 93 222 70 243 71 84 2 82 20 83 40 125 11 82 20 84 2 337 141 336 79 335 128 338 77 336 79 337 141 326 133 148 135 150 142 328 134 148 135 326 133 293 94 147 74 294 95 292 96 147 74 293 94 89 43 93 47 91 45 320 83 93 47 89 43 102 55 98 52 100 54 339 56 98 52 102 55 340 69 147 74 292 96 149 76 147 74 340 69 98 52 305 103 96 50 339 56 305 103 98 52 149 76 133 66 151 78 132 69 133 66 149 76 342 120 341 57 273 59 238 82 341 57 342 120 345 141 344 79 343 128 346 77 344 79 345 141 348 79 347 141 343 128 349 77 347 141 348 79 294 139 174 140 172 138 147 136 174 140 294 139 320 83 169 85 93 47 325 84 169 85 320 83 147 136 328 134 174 140 148 135 328 134 147 136 156 81 283 73 284 82 155 80 283 73 156 81 166 90 162 87 259 91 164 89 162 87 166 90 342 57 240 58 238 59 273 59 240 58 342 57 311 74 287 76 331 69 286 75 287 76 311 74 272 60 135 63 137 62 274 61 135 63 272 60 328 75 176 76 174 74 180 77 176 76 328 75 350 69 117 66 119 64 287 76 117 66 350 69 192 48 185 49 184 47 190 50 185 49 192 48 241 72 223 62 105 58 243 71 223 62 241 72 252 74 248 96 250 97 246 95 248 96 252 74 318 80 297 73 299 81 114 67 297 73 318 80 244 94 248 96 246 95 242 70 248 96 244 94 206 109 213 112 208 111 211 113 213 112 206 109 351 130 218 34 216 117 196 104 218 34 351 130 353 79 352 141 335 128 354 77 352 141 353 79 203 35 219 33 218 34 205 108 219 33 203 35 355 143 202 106 200 39 72 39 202 106 355 143 356 21 15 9 258 1 13 1 15 9 356 21 24 1 43 21 26 15 22 11 43 21 24 1 12 4 233 12 14 2 10 6 233 12 12 4 322 14 75 6 264 17 77 4 75 6 322 14 190 50 187 51 185 49 261 137 309 132 253 134 217 118 62 30 60 28 80 20 82 20 125 11 236 81 341 57 238 82 172 144 170 144 294 144 249 98 111 64 113 66 289 78 117 66 287 76 227 27 278 28 229 26 308 128 263 79 332 127 263 79 261 77 262 78 146 67 277 66 153 68 300 29 63 31 65 30 40 13 16 10 247 11 282 128 281 127 179 79 212 114 210 112 214 115 304 129 305 103 339 56 180 77 178 78 176 76 246 144 329 144 245 144 155 80 154 65 283 73 55 23 57 25 260 121 26 15 316 5 28 7 68 35 321 105 70 37 78 11 80 20 122 9 286 135 310 133 288 142 4 4 323 12 53 19 324 86 163 88 165 87 359 76 358 74 357 75 360 97 358 74 359 76 361 98 360 97 359 76 362 96 360 97 361 98 363 64 362 96 361 98 364 70 362 96 363 64 365 62 364 70 363 64 366 72 364 70 365 62 367 58 366 72 365 62 368 62 366 72 367 58 369 60 368 62 367 58 370 63 368 62 369 60 371 61 370 63 369 60 372 73 370 63 371 61 373 82 372 73 371 61 374 81 372 73 373 82 375 145 374 81 373 82 376 82 374 81 375 145 377 146 376 82 375 145 378 120 376 82 377 146 379 59 378 120 377 146 380 61 378 120 379 59 381 60 380 61 379 59 365 62 380 61 381 60 367 58 365 62 381 60 384 94 383 147 382 96 385 93 383 147 384 94 386 70 385 93 384 94 387 71 385 93 386 70 388 62 387 71 386 70 389 72 387 71 388 62 390 58 389 72 388 62 391 62 389 72 390 58 392 60 391 62 390 58 393 61 391 62 392 60 394 59 393 61 392 60 395 120 393 61 394 59 396 146 395 120 394 59 397 82 395 120 396 146 398 145 397 82 396 146 399 81 397 82 398 145 400 82 399 81 398 145 401 73 399 81 400 82 402 61 401 73 400 82 403 63 401 73 402 61 404 60 403 63 402 61 388 62 403 63 404 60 390 58 388 62 404 60 405 77 359 76 357 75 406 78 359 76 405 77 407 79 406 78 405 77 361 98 406 78 407 79 408 66 361 98 407 79 363 64 361 98 408 66 409 65 363 64 408 66 410 63 363 64 409 65 411 73 410 63 409 65 380 61 410 63 411 73 378 120 380 61 411 73 413 148 403 63 412 64 414 65 403 63 413 148 415 68 414 65 413 148 416 67 414 65 415 68 417 66 416 67 415 68 418 65 416 67 417 66 419 64 418 65 417 66 420 63 418 65 419 64 391 62 420 63 419 64 393 61 420 63 391 62 423 76 422 75 421 74 424 77 422 75 423 76 425 78 424 77 423 76 426 79 424 77 425 78 427 148 426 79 425 78 428 68 426 79 427 148 429 65 428 68 427 148 430 67 428 68 429 65 431 80 430 67 429 65 411 73 430 67 431 80 411 73 376 82 378 120 374 81 376 82 411 73 431 80 374 81 411 73 372 73 374 81 431 80 429 65 372 73 431 80 370 63 372 73 429 65 427 148 370 63 429 65 432 64 370 63 427 148 362 96 358 74 360 97 433 95 358 74 362 96 434 94 433 95 362 96 435 93 433 95 434 94 436 71 435 93 434 94 437 70 435 93 436 71 368 62 437 70 436 71 370 63 437 70 368 62 379 59 367 58 381 60 438 57 367 58 379 59 377 146 438 57 379 59 439 59 438 57 377 146 440 120 439 59 377 146 371 61 439 59 440 120 373 82 371 61 440 120 390 58 394 59 392 60 441 57 394 59 390 58 442 59 441 57 390 58 396 146 441 57 442 59 443 120 396 146 442 59 398 145 396 146 443 120 400 82 398 145 443 120 414 65 401 73 403 63 444 80 401 73 414 65 416 67 444 80 414 65 445 73 444 80 416 67 418 65 445 73 416 67 420 63 445 73 418 65 446 79 417 66 415 68 447 98 417 66 446 79 448 78 447 98 446 79 449 76 447 98 448 78 450 77 449 76 448 78 451 75 449 76 450 77 452 74 449 76 451 75 453 97 449 76 452 74 454 96 453 97 452 74 447 98 453 97 454 96 419 64 447 98 454 96 417 66 447 98 419 64 456 79 413 148 455 78 415 68 413 148 456 79 457 127 415 68 456 79 446 79 415 68 457 127 458 128 446 79 457 127 460 74 459 96 383 147 461 97 459 96 460 74 462 76 461 97 460 74 463 148 461 97 462 76 455 78 463 148 462 76 464 95 454 96 452 74 465 94 454 96 464 95 385 93 465 94 464 95 387 71 465 94 385 93 364 70 434 94 362 96 436 71 434 94 364 70 366 72 436 71 364 70 368 62 436 71 366 72 467 96 421 74 466 147 468 97 421 74 467 96 432 64 468 97 467 96 469 148 468 97 432 64 459 96 386 70 384 94 412 64 386 70 459 96 461 97 412 64 459 96 463 148 412 64 461 97 471 133 470 132 458 131 451 134 470 132 471 133 472 135 451 134 471 133 460 136 451 134 472 135 452 140 383 149 464 138 460 136 383 149 452 140 451 134 460 136 452 140 439 59 367 58 438 57 369 60 367 58 439 59 371 61 369 60 439 59 473 70 454 96 465 94 419 64 454 96 473 70 391 62 419 64 473 70 476 132 475 133 474 131 357 134 475 133 476 132 405 137 357 134 476 132 477 127 474 128 426 79 407 79 474 128 477 127 428 68 407 79 477 127 480 79 479 141 478 128 481 77 479 141 480 79 483 141 482 79 478 128 484 77 482 79 483 141 408 66 428 68 430 67 407 79 428 68 408 66 475 133 422 135 424 142 357 134 422 135 475 133 487 141 486 79 485 128 488 77 486 79 487 141 490 79 489 141 485 128 491 77 489 141 490 79 472 75 462 76 460 74 492 77 462 76 472 75 492 77 455 78 462 76 456 79 455 78 492 77 387 71 473 70 465 94 389 72 473 70 387 71 466 147 494 94 493 96 435 93 494 94 466 147 386 70 403 63 388 62 412 64 403 63 386 70 444 80 399 81 401 73 445 73 399 81 444 80 393 61 445 73 420 63 395 120 445 73 393 61 445 73 397 82 399 81 395 120 397 82 445 73 402 61 443 120 442 59 400 82 443 120 402 61 404 60 442 59 390 58 402 61 442 59 404 60 421 136 357 134 358 140 422 135 357 134 421 136 432 64 437 70 370 63 467 96 437 70 432 64 494 94 437 70 467 96 435 93 437 70 494 94 410 63 365 62 363 64 380 61 365 62 410 63 466 149 358 140 433 138 421 136 358 140 466 149 440 120 375 145 373 82 377 146 375 145 440 120 468 97 423 76 421 74 469 148 423 76 468 97 409 65 430 67 411 73 408 66 430 67 409 65 433 150 435 150 466 150 464 150 383 150 385 150 456 79 458 128 457 127 361 98 359 76 406 78 469 148 425 78 423 76 396 146 394 59 441 57 446 79 450 77 448 78 472 135 471 133 492 142 428 68 477 127 426 79 450 137 470 132 451 134 447 98 449 76 453 97 473 70 389 72 391 62</p>
                </polylist>
            </mesh>
        </geometry>
        <geometry id="mesh1_VC">
            <mesh>
                <source id="points1_VC">
                    <float_array id="pointarray1_VC" count="1485">0 100.28584842849523 76.0234375 24.875 96.11006717849523 72.97265625 27.59765625 97.72334842849523 77.94140625 51.52734375 81.32100467849523 59.47265625 55.234375 81.09444217849523 61.72265625 69.3671875 67.32100467849523 39.0078125 73.62109375 66.96553592849523 40.93359375 79.64453125 56.40694217849523 8.83984375 83.19921875 55.48897342849523 8.86328125 75.68359375 54.19209842849523 -25.578125 79.59765625 53.36787967849523 -25.515625 60.06640625 57.52412967849523 -52.60546875 63.92578125 56.97725467849523 -55.703125 32.94140625 63.96553592849523 -72.83203125 34.6015625 63.68428592849523 -76.7890625 0 66.48897342849523 -84.8203125 0 62.95381717849523 -90.78515625 -34.6015625 63.68428592849523 -76.7890625 -37.44140625 59.38741092849523 -82.3671875 -67.6640625 52.00459842849523 -60.63671875 -37.703125 52.61787967849523 -85.57421875 -68.75390625 44.62178592849523 -62.21484375 -36.0234375 43.91084842849523 -83.578125 -64.578125 36.36006717849523 -60.625 -32.07421875 40.36006717849523 -76.82421875 -56.734375 34.66084842849523 -58.7578125 0 89.70381717849523 -0.40234375 -70.13671875 30.85225467849523 -24.40234375 -71.8203125 34.22334842849523 13.12890625 -81.75390625 35.06319217849523 11.99609375 -71.28125 47.82881717849523 49.4609375 -87.546875 42.46162967849523 10.84765625 -76.9375 55.38741092849523 49.16015625 -89.15234375 50.42256717849523 9.64453125 -77.85546875 62.01631717849523 45.90625 -83.19921875 55.48897342849523 8.86328125 -73.62109375 66.96553592849523 40.93359375 -79.64453125 56.40694217849523 8.83984375 -69.3671875 67.32100467849523 39.0078125 0 56.88741092849523 -94.15625 37.703125 52.61787967849523 -85.57421875 0 47.83662967849523 -92.65625 36.0234375 43.91084842849523 -83.578125 0 43.45772342849523 -87.015625 32.07421875 40.36006717849523 -76.82421875 56.734375 34.66084842849523 -58.7578125 70.13671875 30.85225467849523 -24.40234375 79.54296875 31.80928592849523 -25.12890625 81.75390625 35.06319217849523 11.99609375 84.67578125 39.98897342849523 -26.125 87.546875 42.46162967849523 10.84765625 84.0390625 47.66866092849523 -25.71875 89.15234375 50.42256717849523 9.64453125 77.85546875 62.01631717849523 45.90625 -41.203125 70.47334842849523 35.46484375 0 70.05147342849523 26.9140625 -36.05859375 40.65303592849523 42.49609375 -22.484375 28.58272342849523 46.47265625 -38.8671875 39.96162967849523 38.7265625 -23.234375 26.36397342849523 42.65234375 -38.1875 39.09053592849523 34.9609375 -23.48828125 26.98116092849523 37.75390625 -24.2734375 20.58272342849523 11.9609375 0 23.86006717849523 38.58984375 0 17.57491092849523 12.47265625 24.2734375 20.58272342849523 11.9609375 25.73046875 18.84444217849523 -10.96875 50.64453125 28.54756717849523 -10.96875 24.4921875 21.91866092849523 -36.52734375 46.93359375 31.98897342849523 -36.52734375 31.70703125 41.21162967849523 -55.08984375 34.390625 59.96162967849523 -58.23046875 15.03125 62.79366092849523 -63.24609375 71.8203125 34.22334842849523 13.12890625 60.5859375 46.61787967849523 49.1328125 71.28125 47.82881717849523 49.4609375 45.30078125 59.11787967849523 69.39453125 53.03515625 61.48116092849523 71.5625 25.94140625 75.09444217849523 88.34765625 29.51953125 85.74287967849523 89.0703125 0 91.14131717849523 93.71875 29.58984375 94.14522342849523 84.42578125 0 98.97725467849523 88.421875 0 102.18819217849523 80.92578125 -27.59765625 97.72334842849523 77.94140625 -24.875 96.11006717849523 72.97265625 -51.52734375 81.32100467849523 59.47265625 34.37521549587396 77.72505741287023 53.730846467868645 33.94140625 63.86787967849523 32.48046875 35.164398402651386 62.86568241287023 56.242527388618356 36.71484375 57.00069217849523 33.66796875 39.41438004636353 50.57661991287023 55.85951115101732 38.72265625 41.37890625 56.71875 35.37208393615883 46.18990116287023 69.8909549481966 34.16896118465201 38.51411991287023 69.93788762398519 26.04057383931541 36.11568241287023 80.76249604800277 26.704253580688764 32.26802616287023 72.77808922310827 14.497712589376096 30.36958866287023 83.00523689644743 15.551259117683307 27.87349491287023 59.20440511380378 0.001024869759070356 26.39693241287023 70.61530682968277 0.000529569098967836 25.84615116287023 60.28327559155471 -15.550303346579652 27.87349491287023 59.205896071783265 0 27.91475467849523 46.0078125 -20.45703125 31.91084842849523 43.58203125 36.831718919709324 54.569751984029715 -53.38385941767494 38.7710833096591 40.21203198518532 -59.14623229457104 44.94700856073603 54.94891824984293 -48.908565015287145 52.51337542981758 41.468044072594424 -53.400611022986126 56.37871350789965 41.64067758735757 -40.34632672779185 55.213076736172795 27.343670662398125 -54.86364270312602 59.65031862271964 27.20187095136116 -41.055224995195935 61.30859375 18.38671875 -41.41796875 55.72650168606002 27.047769081878428 -31.225684783610717 56.95703125 19.15234375 -32.05078125 39.80670893378727 26.232047479814653 -24.470290509241465 40.390625 20.51953125 -24.89453125 23.90484545982444 25.659453766710698 -31.334091071768956 23.99609375 19.15234375 -32.05078125 20.257546601017534 25.54040148997339 -41.18196699861804 19.73828125 18.38671875 -41.41796875 22.1328125 70.08272342849523 81.48046875 0 74.09053592849523 84.68359375 0 79.93037967849523 92.6484375 -25.94140625 75.09444217849523 88.34765625 -29.51953125 85.74287967849523 89.0703125 -29.58984375 94.14522342849523 84.42578125 -59.34765625 76.79756717849523 67.8125 -55.234375 81.09444217849523 61.72265625 -22.1328125 70.08272342849523 81.48046875 -45.30078125 59.11787967849523 69.39453125 -53.03515625 61.48116092849523 71.5625 -59.125 69.62959842849523 71.0078125 -21.723473118119863 5.926759246873999 -30.21575640661012 -23.99609375 19.15234375 -32.05078125 -19.73828125 18.38671875 -41.41796875 -20.258293470031667 25.537129665667663 -41.182114101784485 -23.7265625 16.6015625 -55.3359375 -24.349055892308435 26.039964369769052 -54.963668125903915 -40.66796875 16.2421875 -61.74609375 -39.74418161981532 27.04268154682824 -60.85264130589583 -57.5546875 16.6015625 -55.3359375 -55.21344923617404 27.344281790259572 -54.863586534622044 -61.30859375 18.38671875 -41.41796875 -59.650691122720886 27.20248207922259 -41.05516882669196 -55.72687418606128 27.048380209739868 -31.225628615106743 -52.74764036103307 41.51501603050363 -30.659997829149262 -39.80708143378853 26.2326586076761 -24.470234340737484 -24.23322869255169 0.00298971334596132 -36.74527534777767 -27.854332059389026 0.004398799507093543 -18.69311191407877 -24.808389566852867 4.204282086371947 -16.928210586474126 -31.404533913626707 0.04200939306387852 -6.717679598637446 -28.766360148388202 11.357237400384882 -12.133571698458272 -34.73395120380633 16.112170766509628 -18.483414503038112 -40.390625 20.51953125 -24.89453125 -23.905592328838573 25.656181942404963 -31.33423817493541 -38.67291051198727 40.918345234847635 -24.31555841230817 -36.83322682005005 54.33963390910645 -26.679659694105943 -44.736783977814056 54.83794583642511 -30.725417577986164 -32.34666093003022 53.96333866287023 69.9996700240654 -24.9517362568872 48.48286991287023 78.20634678291509 -26.978930384433912 43.48677616287023 81.32753771686856 -12.170151452072368 48.61958866287023 85.19010906269321 -13.162082405788885 46.40474491287023 90.54171912038814 0.0019340133147594803 55.87740116287023 89.58015055789133 0.002096928843791311 50.94771366287023 92.97858805398639 13.166042563958959 46.40474491287023 90.54045699318621 0.0022182728240357093 43.66255741287023 95.50983805107786 14.15435021637464 41.58443241287023 91.09119086596846 14.83786606574999 35.21724491287023 89.46615809747061 26.982007053562636 43.48677616287023 81.32495091788229 -41.3181082469208 6.090084678069161 -59.85289517263065 -57.26330549996918 6.05136534927653 -54.59355984348035 -54.37842598393042 0.0014657276095846328 -51.98445138411622 -61.317791872986845 6.00220547717506 -42.133711912143 -59.38353583249717 0.0006098256541449132 -36.74482365863516 -61.2962914315884 5.926353675436317 -30.21512885349808 -58.971747355071784 4.205360636349248 -17.3852511303679 -59.298874738142615 13.456060280956898 -28.271977973105884 -53.93670408960733 11.35935371810222 -12.133048245584355 -46.6169459097463 16.110377818996838 -18.483313547884052 -52.30161838467246 0.04082602748369624 -6.717398947553832 -31.60460844478697 76.99458866287023 67.1832281980481 -31.405274905108644 62.92427616287023 69.57774989507601 -35.163726516538546 62.86568241287023 56.24589880377317 -35.370103482555336 46.18990116287023 69.89434621282965 -26.03755110084457 36.11568241287023 80.76499258804076 -14.83400890015574 35.21724491287023 89.46758051857236 -14.494474877310626 30.36958866287023 83.00662673444336 0.0021418710586966435 35.75630741287023 93.91608805290915 0.0017739066741592328 29.24068241287023 86.24030681172896 -26.70199635794514 32.26802616287023 72.78064943128405 -33.25739899340821 34.13911991287023 57.862994919411314 -34.16697623682703 38.51411991287023 69.94116353693333 -38.72265625 41.37890625 56.71875 -39.413744863059534 50.57661991287023 55.863290042253944 -36.71484375 57.00069217849523 33.66796875 -58.0390625 54.41475467849523 -36.52734375 -46.93359375 31.98897342849523 -36.52734375 -34.390625 59.96162967849523 -58.23046875 -31.70703125 41.21162967849523 -55.08984375 -15.03125 62.79366092849523 -63.24609375 -17.83984375 37.97334842849523 -58.85546875 0 35.42256717849523 -59.8671875 -24.4921875 21.91866092849523 -36.52734375 0 19.62959842849523 -36.52734375 0 16.34834842849523 -10.96875 -9.95703125 43.56319217849523 -59.09375 0 34.56709842849523 -55.59375 0 33.76631717849523 -74.484375 9.95703125 43.56319217849523 -59.09375 7.2578125 40.18037967849523 -75.51171875 0 54.89522342849523 -61.12890625 0 47.15694217849523 -75.765625 -7.2578125 40.18037967849523 -75.51171875 0 38.43819217849523 -97.73828125 -43.55859375 67.58272342849523 32.57421875 -61.82421875 55.27803592849523 7.73046875 -50.50390625 29.95772342849523 10.7890625 -50.64453125 28.54756717849523 -10.96875 -25.73046875 18.84444217849523 -10.96875 21.723100618118615 5.926148119012538 -30.215812575114114 21.32092430233036 6.00045323990895 -42.13448355065953 23.7265625 16.6015625 -55.3359375 24.348683392307187 26.039353241907598 -54.9637242944079 24.891449958237853 40.275416613420276 -53.490880734876 28.234665103409714 54.244215583019916 -48.961377545912136 0 23.30537967849523 43.671875 23.234375 26.36397342849523 42.65234375 22.484375 28.58272342849523 46.47265625 38.8671875 39.96162967849523 38.7265625 36.05859375 40.65303592849523 42.49609375 43.55859375 67.58272342849523 32.57421875 41.203125 70.47334842849523 35.46484375 67.6640625 52.00459842849523 -60.63671875 68.75390625 44.62178592849523 -62.21484375 64.578125 36.36006717849523 -60.625 -47.33600529635812 54.940501200405286 -39.15732552245277 -56.37908600790091 41.64128871521902 -40.34627055928787 -44.947381060737285 54.94952937770438 -48.908508846783164 -52.5098596606794 41.46828134672889 -53.400574489978496 -38.771455809660345 40.21264311304677 -59.14617612606706 39.74380911981408 27.042070418966794 -60.85269747439982 57.5546875 16.6015625 -55.3359375 40.66796875 16.2421875 -61.74609375 57.262932999967944 6.050754221415083 -54.59361601198432 41.31773574691957 6.089473550207707 -59.852951341134634 54.378053483929186 0.0008545997481448353 -51.9845075526202 37.44140625 59.38741092849523 -82.3671875 61.3174193729856 6.0015943493136135 -42.13376808064697 59.29850223814136 13.455449153095458 -28.272034141609858 61.29980720072657 5.926116401301854 -30.21516538650571 58.97137485507053 4.204749508487801 -17.38530729887188 59.38705160163535 0.00037255151968196287 -36.74486019164279 56.601338313027966 0.002320262690247432 -19.017436331608856 -75.68359375 54.19209842849523 -25.578125 -79.59765625 53.36787967849523 -25.515625 -60.06640625 57.52412967849523 -52.60546875 -63.92578125 56.97725467849523 -55.703125 -32.94140625 63.96553592849523 -72.83203125 -14.15033725110205 41.58443241287023 91.09254774634014 0 25.74287967849523 47.4453125 52.300871515658315 0.044097851789452136 -6.717251844387363 53.94021985874549 11.359116443967757 -12.13308477859199 46.61657340974504 16.1097666911354 -18.483369716388037 76.9375 55.38741092849523 49.16015625 31.606328982580926 76.99458866287023 67.18019796920811 22.64966570725748 79.46724491287023 74.85640859579988 17.340836765765946 87.17036991287023 69.95041308672927 11.306176010619934 79.75240116287023 80.28663989036129 0.001135914481732282 89.80318241287023 72.9317130770211 0.0015975084806558024 79.90083866287023 82.56061931595707 -11.303198963400915 79.75240116287023 80.28772374677742 -24.8918224582391 40.27602774128173 -53.49082456637201 -28.23503760341097 54.24482671088136 -48.96132137740815 -21.293504011698698 40.11921711988419 -40.45782108193426 -27.08203125 54.08662967849523 -39.21875 -84.0390625 47.66866092849523 -25.71875 -56.95703125 19.15234375 -32.05078125 38.1875 39.09053592849523 34.9609375 61.82421875 55.27803592849523 7.73046875 50.50390625 29.95772342849523 10.7890625 -40.83960666011851 13.582069846040554 -9.051908575182281 -41.68028821462415 0.34176832205022123 -4.253157246345317 -24.644085330427387 40.3013444589201 -30.559708764319048 -29.612439574588333 54.19612269163497 -30.931376213539927 -35.46875 42.05928592849523 41.17578125 27.853959559387775 0.0037876716456395343 -18.693168082582762 24.808017066851612 4.203670958510493 -16.92826675497812 31.404161413625445 0.04139826520242451 -6.717735767141427 28.765613279374058 11.360509224690631 -12.133424595291817 34.737466972944496 16.111933492375158 -18.483451036045757 -21.723473118119863 5.926759246873999 -30.21575640661012 -21.32129680233161 6.001064367770397 -42.134427382155536 -25.370585635789762 6.0495247048224385 -54.594179075964924 -29.027349817233336 0.0015668992869564136 -51.984861711469655 -84.67578125 39.98897342849523 -26.125 47.335632796356855 54.93989007254385 -39.15738169095675 52.747267861031816 41.51440490264219 -30.660053997653236 44.736411477812794 54.83733470856366 -30.725473746490145 36.83285432004879 54.339022781245006 -26.679715862609925 23.48828125 26.98116092849523 37.75390625 -17.338850694385588 87.17036991287023 69.95207557416231 -34.37478442512932 77.72505741287023 53.734142230295035 -33.94140625 63.86787967849523 32.48046875 35.46875 42.05928592849523 41.17578125 33.25822593016246 34.13911991287023 57.859806269263785 58.0390625 54.41475467849523 -36.52734375 64.41796875 51.45772342849523 -10.96875 41.68380398376231 0.3415310479157583 -4.253193779352955 46.8732627531531 0.0023012643073982986 -14.413644559144824 36.53258384149662 0.003466544171558894 -14.413753087713342 24.232856192550443 0.002378585484493101 -36.74533151628167 24.643712830426125 40.300733331058645 -30.559764932823036 21.293131511697442 40.11860599202274 -40.45787725043826 29.611692705574185 54.1993945159407 -30.93122911037347 27.08203125 54.08662967849523 -39.21875 -60.5859375 46.61787967849523 49.1328125 -79.54296875 31.80928592849523 -25.12890625 38.672538011986006 40.91773410698618 -24.315614580812156 31.407225022717075 62.92427616287023 69.57473876667736 32.34865149563206 53.96333866287023 69.99656863671848 17.83984375 37.97334842849523 -58.85546875 59.125 69.62959842849523 71.0078125 59.34765625 76.79756717849523 67.8125 12.173598519955608 48.61958866287023 85.1889420631795 24.954513685768354 48.48286991287023 78.2039543590083 -36.53295634149787 0.004077672033020008 -14.413696919209354 -46.87363525315436 0.002912392168852307 -14.413588390640847 -56.60171081302923 0.002931390551694335 -19.017380163104878 29.0269773172321 0.0009557714254952998 -51.98491787997364 25.369838766775644 6.052796529128173 -54.59403197279847 21.723100618118615 5.926148119012538 -30.215812575114114 40.83923416011724 13.581458718179107 -9.051964743686263 -22.647209240694448 79.46724491287023 74.85858005381672 36.35788226665262 58.938236229943804 -38.84262964987847 -41.68028821462415 0.34176832205022123 -4.253157246345317 -34.73395120380633 16.112170766509628 -18.483414503038112 -36.53295634149787 0.004077672033020008 -14.413696919209354 -31.404533913626707 0.04200939306387852 -6.717679598637446 20.45703125 31.91084842849523 43.58203125 -21.723473118119863 5.926759246873999 -30.21575640661012 -36.35825476665388 58.93884735780525 -38.84257348137449 -36.83209141971057 54.57036311189116 -53.38380324917095 41.68380398376231 0.3415310479157583 -4.253193779352955 46.61657340974504 16.1097666911354 -18.483369716388037 46.8732627531531 0.0023012643073982986 -14.413644559144824 52.300871515658315 0.044097851789452136 -6.717251844387363 36.53258384149662 0.003466544171558894 -14.413753087713342 34.737466972944496 16.111933492375158 -18.483451036045757 31.404161413625445 0.04139826520242451 -6.717735767141427 21.723100618118615 5.926148119012538 -30.215812575114114 -64.41796875 51.45772342849523 -10.96875 -46.87363525315436 0.002912392168852307 -14.413588390640847 -46.6169459097463 16.110377818996838 -18.483313547884052 -52.30161838467246 0.04082602748369624 -6.717398947553832 0 63.34444217849523 -64.8984375 0 67.09444217849523 -79.75 -64.13390480789269 -0.0008797313311958987 50.396747555120456 -66.91509099682946 0.00014626040822918185 32.666151784598256 -66.49964114171947 4.200914451974668 51.41507452763798 -68.829115186979 5.92617481424589 38.33917073398557 -66.82928429799593 13.453425576683124 39.18505266837569 -68.8515989967409 6.002227016645598 26.407148017479575 -68.83984375 18.38671875 25.3203125 -65.0859375 16.6015625 11.6640625 -62.74322238077232 27.34527394769499 10.570892131029819 -47.277069156467235 27.047214957210528 4.627125637539223 -46.30263951332158 40.21606226092108 5.186065044234358 -31.87833351894453 26.041945388008855 10.657695989185234 -32.58121142429919 40.27939469139453 10.765478404804453 -27.78752967696352 25.537071845353346 24.515739475165244 -29.01954880395697 40.1209107705088 23.673803661275546 -32.335014433636985 40.29997712178129 33.4368317709839 -37.14399086262258 54.19460907022335 30.5950693745623 -44.36387168903919 54.33916094162877 34.826527312172004 -44.07203966595252 57.31077595367346 29.297005609244344 -52.266830885372514 54.835700098740055 30.70953154257284 -43.88805117953122 58.93902996511362 21.99234660350048 -54.86664223497502 54.93974477517649 22.262356930711924 -52.474816564541555 54.952448259514455 12.50921247884536 -63.71039637515069 41.64058578472379 23.57516039016273 -59.88776663465098 41.469277883054374 10.688917007897201 28.85005648970351 5.999448001803195 26.407268271675488 35.50761928730482 0.0022188244347063346 17.429856653052163 32.90089258631822 6.051902313793562 13.939813348932585 48.84408879116458 6.092278947449891 8.675033291143723 31.2578125 16.6015625 11.6640625 48.21875 15.88671875 5.125 31.87701845951431 26.04200126046696 10.659190723492463 47.27518815740419 27.04710036579116 4.6271470689182586 46.3009271013606 40.21595950274188 5.186101560865996 62.74191032144461 27.34505900650285 10.569437956904048 59.88658951918882 41.469088644789075 10.687651529228408 63.71044871352389 41.64043915853393 23.573529570729807 52.473931016826036 54.952334688070984 12.508573770240398 54.86668597327827 54.9396678462595 22.2614903281079 43.8881042596764 58.93904758729145 21.992502568698914 52.26767868264791 54.83569581558358 30.70891326007785 44.07277457087792 57.310835096235664 29.29715362396721 44.36510749595582 54.33925017860865 34.826665040982576 37.14482220764616 54.19473655037808 30.595895981388324 32.33599492605873 40.300163497259504 33.438198682075466 29.019597393416404 40.12106853394128 23.675487615455655 27.787530792213683 25.537245370428394 24.517626953364164 32.58003130984554 40.27944504398434 10.766822079894688 -59.82880475618781 0.036805714935645995 62.69075590675246 -61.46937008817153 11.354373128350908 55.62553045075603 -54.14425493887698 16.10561518236679 48.58661968265109 -64.48828125 19.15234375 34.578125 -63.25810501220272 27.04601574573124 34.25235356035936 -67.18147514139596 27.20156918290757 24.404029103085428 -60.12041404772195 41.51382004015873 33.16980313978907 27.26953125 18.38671875 25.3203125 31.52734375 19.15234375 34.578125 31.436726093479166 25.65676881846221 34.348561178056784 47.921875 20.51953125 41.53125 47.3376082211664 26.227272467913963 41.12485917035072 64.48828125 19.15234375 34.578125 63.25904701183916 27.045936126599344 34.250851980787424 68.83984375 18.38671875 25.3203125 67.18148000702823 27.2013970535465 24.402152779540184 -31.762237810509017 0.002866039592333891 32.66409784106862 -35.385751738341156 -0.00005855643289010004 50.71685889633592 -32.33966526765927 4.20160544003096 51.87613762335411 -38.93353607445881 0.03881789094750587 62.689498673423564 -36.29655646539283 11.354632388600926 55.624214782444426 -42.26606325300265 16.108345752296813 48.585759179809905 -31.52734375 19.15234375 34.578125 -47.921875 20.51953125 41.53125 -31.43578709424523 25.656569192760976 34.34702210424535 -47.3360184182292 26.227172068676012 41.12483868001695 -46.205389044187626 40.91286193329971 39.52026190873673 -27.26953125 18.38671875 25.3203125 -62.63040835181333 0.0008577280392714215 17.43006516250348 -64.79468398642678 6.051421248470703 13.939972946820484 -48.8457675603232 6.09238337409176 8.675037615601276 -48.1953125 16.2421875 5.3046875 -31.2578125 16.6015625 11.6640625 -44.36442053300685 54.570182955129695 8.087727255796887 -35.76783900838011 54.2477918908272 12.557418712495057 -34.61933243762208 54.08341922259063 22.320396421210273 44.363110337514925 54.57011430356421 8.087863689876272 35.76695196021515 54.24782491637637 12.558376225286676 34.61937430056233 54.08351995339896 22.321464304998674 46.20695454957306 40.91296275877747 39.520303421229144 60.12137959652818 41.51376150662754 33.16851512591113 54.14646713311304 16.105700017984987 48.58605113364928 66.83057730366053 13.453343809451098 39.18329102852148 61.47221140250497 11.354435376547471 55.62429189495563 66.50201856246028 4.200907786341176 51.41339888549502 59.83222023800566 0.03692404891596368 62.68974048928156 64.13614840475486 -0.0008716915413202742 50.39532216975489 66.91564498496976 0.0000252505268178993 32.664461446035915 68.83026166060843 5.926070539148704 38.33726298002713 68.85160909578829 6.002052090013166 26.40523772622609 36.29939777188211 11.354915081384036 55.625375021444235 42.26827544353736 16.108534606776978 48.586322524809745 48.36981531126345 13.574973973684529 58.38637834183716 49.21370121462162 0.33632343767020956 65.11047254039163 28.85005648970351 5.999448001803195 26.407268271675488 31.76279178769529 0.003052870705374744 32.66575731203605 29.255125487334947 5.926283859802027 38.33901550820626 32.342086787032294 4.201900654764344 51.87771718621947 31.52734375 19.15234375 34.578125 62.62951047055611 0.0006842774843605071 17.428783190024486 64.79350649800234 6.0512082359762545 13.938449018023105 -35.508517177013545 0.0021547623987032694 17.42855410314847 -28.85004640312117 5.999272623068883 26.405366672124718 -29.253979026037626 5.92604156530048 38.337152022578294 -31.52734375 19.15234375 34.578125 54.40549266426741 0.0001780007977600917 55.000924173177324 44.061658596565486 -0.00014097549899361184 55.00141667333388 35.388025978454394 0.0002031371028436979 50.71817300629151 65.0859375 16.6015625 11.6640625 -49.21005248026994 0.3360978217224826 65.11047784216787 -44.05897615603482 -0.0003520087861588195 55.00092907991613 -54.40281022051346 0.00005755131691387305 55.001422278555744 -48.366691402552185 13.574780676246512 58.38638142751445 -49.21005248026994 0.3360978217224826 65.11047784216787 -54.40281022051346 0.00005755131691387305 55.001422278555744 -54.14425493887698 16.10561518236679 48.58661968265109 -59.82880475618781 0.036805714935645995 62.69075590675246 -42.26606325300265 16.108345752296813 48.585759179809905 -44.05897615603482 -0.0003520087861588195 55.00092907991613 -38.93353607445881 0.03881789094750587 62.689498673423564 49.21370121462162 0.33632343767020956 65.11047254039163 54.14646713311304 16.105700017984987 48.58605113364928 54.40549266426741 0.0001780007977600917 55.000924173177324 59.83222023800566 0.03692404891596368 62.68974048928156 44.061658596565486 -0.00014097549899361184 55.00141667333388 42.26827544353736 16.108534606776978 48.586322524809745 38.93695154976546 0.039119209014813805 62.69047441973351 38.93695154976546 0.039119209014813805 62.69047441973351 -28.85004640312117 5.999272623068883 26.405366672124718 -32.90207008468079 6.0518360347868025 13.938298133011847</float_array>
                    <technique_common>
                        <accessor count="495" source="#pointarray1_VC" stride="3">
                            <param name="X" type="float"/>
                            <param name="Y" type="float"/>
                            <param name="Z" type="float"/>
                        </accessor>
                    </technique_common>
                </source>
                <source id="uvs1_VC">
                    <float_array id="uvarray1_VC" count="864">0.986328125 0.564453125 0.986328125 0.623046875 0.998046875 0.564453125 0.376953125 0.748046875 0.435546875 0.626953125 0.376953125 0.626953125 0.361328125 0.626953125 0.361328125 0.748046875 0.373046875 0.626953125 0.466796875 0.626953125 0.439453125 0.748046875 0.439453125 0.626953125 0.919921875 0.501953125 0.908203125 0.560546875 0.908203125 0.501953125 0.923828125 0.501953125 0.923828125 0.560546875 0.935546875 0.501953125 0.470703125 0.748046875 0.482421875 0.626953125 0.470703125 0.626953125 0.376953125 0.998046875 0.404296875 0.501953125 0.376953125 0.501953125 0.376953125 0.623046875 0.486328125 0.626953125 0.486328125 0.748046875 0.498046875 0.626953125 0.001953125 0.998046875 0.373046875 0.501953125 0.361328125 0.623046875 0.361328125 0.501953125 0.361328125 0.435546875 0.361328125 0.408203125 0.373046875 0.408203125 0.908203125 0.564453125 0.908203125 0.623046875 0.970703125 0.564453125 0.982421875 0.564453125 0.970703125 0.623046875 0.408203125 0.501953125 0.408203125 0.623046875 0.419921875 0.501953125 0.435546875 0.501953125 0.423828125 0.623046875 0.423828125 0.501953125 0.376953125 0.435546875 0.388671875 0.408203125 0.376953125 0.408203125 0.439453125 0.501953125 0.439453125 0.623046875 0.498046875 0.501953125 0.001953125 0.501953125 0.501953125 0.876953125 0.501953125 0.998046875 0.529296875 0.876953125 0.564453125 0.876953125 0.623046875 0.876953125 0.564453125 0.998046875 0.951171875 0.501953125 0.939453125 0.560546875 0.939453125 0.501953125 0.392578125 0.408203125 0.392578125 0.435546875 0.404296875 0.408203125 0.533203125 0.876953125 0.544921875 0.876953125 0.533203125 0.998046875 0.548828125 0.998046875 0.548828125 0.876953125 0.560546875 0.876953125 0.685546875 0.876953125 0.626953125 0.876953125 0.626953125 0.998046875 0.689453125 0.876953125 0.689453125 0.998046875 0.716796875 0.876953125 0.732421875 0.876953125 0.720703125 0.998046875 0.720703125 0.876953125 0.408203125 0.408203125 0.408203125 0.435546875 0.419921875 0.408203125 0.748046875 0.876953125 0.736328125 0.998046875 0.736328125 0.876953125 0.955078125 0.560546875 0.966796875 0.501953125 0.955078125 0.501953125 0.126953125 0.751953125 0.248046875 0.751953125 0.126953125 0.998046875 0.751953125 0.876953125 0.751953125 0.998046875 0.779296875 0.876953125 0.783203125 0.998046875 0.810546875 0.876953125 0.783203125 0.876953125 0.970703125 0.501953125 0.970703125 0.560546875 0.982421875 0.501953125 0.986328125 0.560546875 0.998046875 0.501953125 0.986328125 0.501953125 0.029296875 0.439453125 0.001953125 0.498046875 0.001953125 0.439453125 0.814453125 0.876953125 0.841796875 0.876953125 0.814453125 0.998046875 0.935546875 0.876953125 0.876953125 0.998046875 0.876953125 0.876953125 0.283203125 0.998046875 0.283203125 0.751953125 0.845703125 0.998046875 0.845703125 0.876953125 0.873046875 0.876953125 0.951171875 0.876953125 0.939453125 0.876953125 0.939453125 0.998046875 0.970703125 0.876953125 0.970703125 0.998046875 0.998046875 0.876953125 0.560546875 0.751953125 0.501953125 0.873046875 0.501953125 0.751953125 0.955078125 0.876953125 0.955078125 0.998046875 0.966796875 0.876953125 0.423828125 0.435546875 0.423828125 0.408203125 0.435546875 0.408203125 0.564453125 0.751953125 0.564453125 0.873046875 0.576171875 0.751953125 0.439453125 0.408203125 0.439453125 0.435546875 0.451171875 0.408203125 0.783203125 0.873046875 0.810546875 0.751953125 0.685546875 0.751953125 0.626953125 0.751953125 0.626953125 0.873046875 0.748046875 0.751953125 0.689453125 0.873046875 0.689453125 0.751953125 0.033203125 0.439453125 0.033203125 0.498046875 0.060546875 0.439453125 0.091796875 0.439453125 0.064453125 0.439453125 0.064453125 0.498046875 0.095703125 0.439453125 0.107421875 0.439453125 0.095703125 0.498046875 0.623046875 0.751953125 0.595703125 0.751953125 0.595703125 0.873046875 0.779296875 0.751953125 0.751953125 0.873046875 0.751953125 0.751953125 0.783203125 0.751953125 0.126953125 0.439453125 0.154296875 0.439453125 0.126953125 0.498046875 0.455078125 0.408203125 0.455078125 0.435546875 0.466796875 0.408203125 0.009765625 0.998046875 0.009765625 0.876953125 0.111328125 0.498046875 0.123046875 0.439453125 0.111328125 0.439453125 0.814453125 0.751953125 0.841796875 0.751953125 0.814453125 0.873046875 0.580078125 0.873046875 0.580078125 0.751953125 0.591796875 0.751953125 0.845703125 0.751953125 0.857421875 0.751953125 0.845703125 0.873046875 0.904296875 0.751953125 0.876953125 0.751953125 0.876953125 0.873046875 0.158203125 0.439453125 0.158203125 0.498046875 0.169921875 0.439453125 0.873046875 0.751953125 0.861328125 0.751953125 0.861328125 0.873046875 0.470703125 0.435546875 0.482421875 0.408203125 0.470703125 0.408203125 0.935546875 0.751953125 0.908203125 0.751953125 0.908203125 0.873046875 0.939453125 0.873046875 0.966796875 0.751953125 0.939453125 0.751953125 0.970703125 0.751953125 0.982421875 0.751953125 0.970703125 0.873046875 0.173828125 0.498046875 0.173828125 0.439453125 0.185546875 0.439453125 0.189453125 0.439453125 0.216796875 0.439453125 0.189453125 0.498046875 0.248046875 0.439453125 0.220703125 0.439453125 0.220703125 0.498046875 0.251953125 0.498046875 0.279296875 0.439453125 0.251953125 0.439453125 0.294921875 0.439453125 0.283203125 0.498046875 0.283203125 0.439453125 0.986328125 0.751953125 0.986328125 0.873046875 0.998046875 0.751953125 0.501953125 0.626953125 0.560546875 0.626953125 0.501953125 0.748046875 0.310546875 0.439453125 0.298828125 0.439453125 0.298828125 0.498046875 0.576171875 0.626953125 0.564453125 0.626953125 0.564453125 0.748046875 0.314453125 0.498046875 0.326171875 0.439453125 0.314453125 0.439453125 0.330078125 0.498046875 0.341796875 0.439453125 0.330078125 0.439453125 0.357421875 0.439453125 0.345703125 0.439453125 0.345703125 0.498046875 0.486328125 0.408203125 0.498046875 0.408203125 0.486328125 0.435546875 0.345703125 0.404296875 0.345703125 0.376953125 0.357421875 0.376953125 0.595703125 0.748046875 0.595703125 0.626953125 0.623046875 0.626953125 0.935546875 0.564453125 0.923828125 0.623046875 0.373046875 0.376953125 0.361328125 0.404296875 0.361328125 0.376953125 0.580078125 0.748046875 0.580078125 0.626953125 0.591796875 0.626953125 0.654296875 0.626953125 0.626953125 0.626953125 0.626953125 0.748046875 0.373046875 0.439453125 0.361328125 0.439453125 0.361328125 0.498046875 0.376953125 0.376953125 0.376953125 0.404296875 0.388671875 0.376953125 0.376953125 0.439453125 0.388671875 0.439453125 0.376953125 0.498046875 0.669921875 0.626953125 0.658203125 0.748046875 0.658203125 0.626953125 0.392578125 0.498046875 0.404296875 0.439453125 0.392578125 0.439453125 0.689453125 0.748046875 0.689453125 0.626953125 0.748046875 0.626953125 0.251953125 0.751953125 0.263671875 0.751953125 0.251953125 0.998046875 0.673828125 0.748046875 0.685546875 0.626953125 0.673828125 0.626953125 0.435546875 0.439453125 0.408203125 0.439453125 0.408203125 0.498046875 0.310546875 0.751953125 0.373046875 0.751953125 0.314453125 0.998046875 0.314453125 0.751953125 0.439453125 0.498046875 0.439453125 0.439453125 0.451171875 0.439453125 0.751953125 0.626953125 0.751953125 0.748046875 0.810546875 0.626953125 0.814453125 0.748046875 0.814453125 0.626953125 0.873046875 0.626953125 0.501953125 0.501953125 0.513671875 0.501953125 0.904296875 0.626953125 0.876953125 0.748046875 0.876953125 0.626953125 0.404296875 0.376953125 0.392578125 0.376953125 0.392578125 0.404296875 0.009765625 0.748046875 0.009765625 0.689453125 0.998046875 0.626953125 0.939453125 0.748046875 0.939453125 0.626953125 0.908203125 0.626953125 0.908203125 0.748046875 0.935546875 0.626953125 0.501953125 0.623046875 0.408203125 0.404296875 0.408203125 0.376953125 0.419921875 0.376953125 0.435546875 0.376953125 0.423828125 0.376953125 0.423828125 0.404296875 0.439453125 0.376953125 0.439453125 0.404296875 0.451171875 0.376953125 0.455078125 0.439453125 0.455078125 0.498046875 0.466796875 0.439453125 0.517578125 0.623046875 0.529296875 0.501953125 0.517578125 0.501953125 0.470703125 0.439453125 0.470703125 0.498046875 0.482421875 0.439453125 0.009765625 0.873046875 0.009765625 0.751953125 0.544921875 0.501953125 0.533203125 0.501953125 0.533203125 0.623046875 0.486328125 0.498046875 0.486328125 0.439453125 0.498046875 0.439453125 0.564453125 0.501953125 0.564453125 0.623046875 0.591796875 0.501953125 0.623046875 0.501953125 0.595703125 0.501953125 0.595703125 0.623046875 0.560546875 0.501953125 0.548828125 0.501953125 0.548828125 0.623046875 0.626953125 0.501953125 0.638671875 0.501953125 0.626953125 0.623046875 0.029296875 0.376953125 0.001953125 0.435546875 0.001953125 0.376953125 0.498046875 0.376953125 0.470703125 0.376953125 0.470703125 0.404296875 0.033203125 0.435546875 0.060546875 0.376953125 0.033203125 0.376953125 0.064453125 0.376953125 0.076171875 0.376953125 0.064453125 0.435546875 0.080078125 0.376953125 0.080078125 0.435546875 0.091796875 0.376953125 0.642578125 0.501953125 0.642578125 0.623046875 0.654296875 0.501953125 0.095703125 0.435546875 0.095703125 0.376953125 0.107421875 0.376953125 0.154296875 0.376953125 0.126953125 0.376953125 0.126953125 0.435546875 0.689453125 0.501953125 0.748046875 0.501953125 0.689453125 0.623046875 0.123046875 0.376953125 0.111328125 0.435546875 0.111328125 0.376953125 0.685546875 0.501953125 0.658203125 0.623046875 0.658203125 0.501953125 0.763671875 0.501953125 0.751953125 0.623046875 0.751953125 0.501953125 0.158203125 0.435546875 0.169921875 0.376953125 0.158203125 0.376953125 0.185546875 0.376953125 0.173828125 0.435546875 0.173828125 0.376953125 0.810546875 0.501953125 0.783203125 0.623046875 0.783203125 0.501953125 0.779296875 0.501953125 0.767578125 0.623046875 0.767578125 0.501953125 0.189453125 0.435546875 0.201171875 0.376953125 0.189453125 0.376953125 0.455078125 0.404296875 0.466796875 0.376953125 0.455078125 0.376953125 0.205078125 0.376953125 0.205078125 0.435546875 0.216796875 0.376953125 0.220703125 0.376953125 0.248046875 0.376953125 0.220703125 0.435546875 0.251953125 0.435546875 0.251953125 0.376953125 0.279296875 0.376953125 0.283203125 0.376953125 0.294921875 0.376953125 0.283203125 0.435546875 0.298828125 0.435546875 0.298828125 0.376953125 0.310546875 0.376953125 0.814453125 0.501953125 0.873046875 0.501953125 0.814453125 0.623046875 0.314453125 0.376953125 0.314453125 0.435546875 0.341796875 0.376953125 0.009765625 0.685546875 0.009765625 0.626953125</float_array>
                    <technique_common>
                        <accessor count="432" source="#uvarray1_VC" stride="2">
                            <param name="S" type="float"/>
                            <param name="T" type="float"/>
                        </accessor>
                    </technique_common>
                </source>
                <vertices id="vertices1_VC">
                    <input semantic="POSITION" source="#points1_VC"/>
                </vertices>
                <polylist count="820" material="Material1">
                    <input offset="0" semantic="VERTEX" source="#vertices1_VC"/>
                    <input offset="1" semantic="TEXCOORD" source="#uvs1_VC" set="0"/>
                    <vcount>3 3 3 3 3 3 3 3 3 3 3 3 3 3 3 3 3 3 3 3 3 3 3 3 3 3 3 3 3 3 3 3 3 3 3 3 3 3 3 3 3 3 3 3 3 3 3 3 3 3 3 3 3 3 3 3 3 3 3 3 3 3 3 3 3 3 3 3 3 3 3 3 3 3 3 3 3 3 3 3 3 3 3 3 3 3 3 3 3 3 3 3 3 3 3 3 3 3 3 3 3 3 3 3 3 3 3 3 3 3 3 3 3 3 3 3 3 3 3 3 3 3 3 3 3 3 3 3 3 3 3 3 3 3 3 3 3 3 3 3 3 3 3 3 3 3 3 3 3 3 3 3 3 3 3 3 3 3 3 3 3 3 3 3 3 3 3 3 3 3 3 3 3 3 3 3 3 3 3 3 3 3 3 3 3 3 3 3 3 3 3 3 3 3 3 3 3 3 3 3 3 3 3 3 3 3 3 3 3 3 3 3 3 3 3 3 3 3 3 3 3 3 3 3 3 3 3 3 3 3 3 3 3 3 3 3 3 3 3 3 3 3 3 3 3 3 3 3 3 3 3 3 3 3 3 3 3 3 3 3 3 3 3 3 3 3 3 3 3 3 3 3 3 3 3 3 3 3 3 3 3 3 3 3 3 3 3 3 3 3 3 3 3 3 3 3 3 3 3 3 3 3 3 3 3 3 3 3 3 3 3 3 3 3 3 3 3 3 3 3 3 3 3 3 3 3 3 3 3 3 3 3 3 3 3 3 3 3 3 3 3 3 3 3 3 3 3 3 3 3 3 3 3 3 3 3 3 3 3 3 3 3 3 3 3 3 3 3 3 3 3 3 3 3 3 3 3 3 3 3 3 3 3 3 3 3 3 3 3 3 3 3 3 3 3 3 3 3 3 3 3 3 3 3 3 3 3 3 3 3 3 3 3 3 3 3 3 3 3 3 3 3 3 3 3 3 3 3 3 3 3 3 3 3 3 3 3 3 3 3 3 3 3 3 3 3 3 3 3 3 3 3 3 3 3 3 3 3 3 3 3 3 3 3 3 3 3 3 3 3 3 3 3 3 3 3 3 3 3 3 3 3 3 3 3 3 3 3 3 3 3 3 3 3 3 3 3 3 3 3 3 3 3 3 3 3 3 3 3 3 3 3 3 3 3 3 3 3 3 3 3 3 3 3 3 3 3 3 3 3 3 3 3 3 3 3 3 3 3 3 3 3 3 3 3 3 3 3 3 3 3 3 3 3 3 3 3 3 3 3 3 3 3 3 3 3 3 3 3 3 3 3 3 3 3 3 3 3 3 3 3 3 3 3 3 3 3 3 3 3 3 3 3 3 3 3 3 3 3 3 3 3 3 3 3 3 3 3 3 3 3 3 3 3 3 3 3 3 3 3 3 3 3 3 3 3 3 3 3 3 3 3 3 3 3 3 3 3 3 3 3 3 3 3 3 3 3 3 3 3 3 3 3 3 3 3 3 3 3 3 3 3 3 3 3 3 3 3 3 3 3 3 3 3 3 3 3 3 3 3 3 3 3 3 3 3 3 3 3 3 3 3 3 3 3 3 3 3 3 3 3 3 3 3 3 3 3 3 3 3 3 3 3 3 3 3 3 3 3 3 3 3 3 3 3 3 3 3 3 3 3 3 3 3 3 3 3 3 3 3 3 3 3 3 3 3 3 3 3 3 3 3 3 3 3 3 3 3 3 3 3 3 3 3 3 3 3 3 3 3 3 3 3 3 3 3 3 3 3 3 3 3 3 3 3 3 3 3 3 3 3 3 3 3 3 3 3 3 3 3 3 3 3 3 3 3 3 3 3 3 3 3 3 3 3 3 3 3 3 3</vcount>
                    <p>2 0 1 1 0 1 3 1 1 1 2 0 4 2 3 1 2 0 5 3 3 3 4 4 6 5 5 3 4 4 7 3 5 3 6 5 8 6 7 7 6 8 9 7 7 7 8 6 10 8 9 7 8 6 11 3 9 3 10 5 12 9 11 10 10 11 13 10 11 10 12 9 14 12 13 13 12 14 15 15 13 16 14 17 16 18 15 19 14 20 17 20 15 19 16 18 18 18 17 20 16 18 19 18 17 20 18 18 20 21 19 21 18 21 21 21 19 21 20 21 22 21 21 21 20 21 23 22 21 23 22 23 24 24 23 22 22 23 25 25 23 26 24 27 26 25 25 25 24 27 27 28 25 28 26 28 28 28 27 28 26 28 29 29 27 30 28 30 30 31 29 29 28 30 31 32 29 33 30 34 32 32 31 32 30 34 33 21 31 21 32 21 34 21 33 21 32 21 35 35 33 36 34 36 36 37 35 38 34 39 37 7 35 6 36 8 38 3 37 3 36 5 16 21 20 21 18 21 39 21 20 21 16 21 40 21 39 21 16 21 41 21 39 21 40 21 42 21 41 21 40 21 43 40 41 41 42 41 44 42 43 40 42 41 26 25 43 25 44 27 45 25 26 25 44 27 46 28 26 28 45 28 47 43 46 44 45 44 48 45 46 44 47 43 49 46 48 47 47 48 50 32 48 33 49 32 51 21 50 21 49 21 52 21 50 21 51 21 8 35 52 36 51 36 53 36 52 36 8 35 6 37 53 39 8 38 4 49 53 50 6 51 56 28 55 52 54 52 57 28 55 52 56 28 58 28 57 28 56 28 59 53 57 54 58 54 60 54 59 53 58 54 61 55 59 53 60 54 62 56 61 57 60 58 63 59 61 60 62 61 64 62 63 63 62 64 65 64 63 63 64 62 66 65 65 66 64 67 67 68 65 69 66 70 68 71 67 72 66 73 69 72 67 72 68 71 70 72 69 72 68 71 71 52 69 28 70 28 72 52 71 52 70 28 73 28 26 28 46 28 74 28 26 28 73 28 75 31 74 30 73 30 76 30 74 30 75 31 77 74 76 75 75 76 78 77 76 78 77 79 79 80 78 81 77 82 80 80 78 81 79 80 81 21 80 21 79 21 82 21 80 21 81 21 2 83 82 84 81 84 83 85 82 84 2 83 0 86 83 87 2 88 84 88 83 87 0 86 85 1 84 0 0 1 86 1 84 0 85 1 89 89 88 90 87 91 90 90 88 90 89 89 91 89 90 90 89 89 92 92 90 93 91 94 93 95 92 96 91 97 94 98 92 99 93 100 95 101 94 102 93 103 96 104 94 105 95 106 97 107 96 108 95 107 98 109 96 108 97 107 99 110 98 111 97 112 100 111 98 111 99 110 101 111 100 111 99 110 102 113 100 114 101 114 103 113 102 113 101 114 106 28 105 28 104 28 107 28 105 28 106 28 108 28 107 28 106 28 109 115 107 116 108 116 110 117 109 115 108 116 111 118 109 119 110 120 112 121 111 122 110 123 113 124 111 125 112 126 114 72 113 71 112 72 115 72 113 71 114 72 116 28 115 28 114 28 117 28 115 28 116 28 118 28 117 28 116 28 119 28 117 28 118 28 76 28 26 28 74 28 120 28 26 28 76 28 78 77 120 78 76 78 121 78 120 78 78 77 122 127 121 128 78 129 123 129 121 128 122 127 80 130 123 131 122 132 124 80 123 81 80 80 125 21 124 21 80 21 126 21 124 21 125 21 84 83 126 84 125 84 127 133 126 134 84 135 86 1 127 2 84 0 38 3 127 4 86 3 121 28 26 28 120 28 128 28 26 28 121 28 123 77 128 78 121 78 129 78 128 78 123 77 130 79 129 78 123 77 30 76 129 75 130 74 131 136 30 137 130 138 32 32 30 34 131 32 126 21 32 21 131 21 34 21 32 21 126 21 127 49 34 50 126 50 36 51 34 50 127 49 38 3 36 5 127 4 134 139 133 139 132 140 135 28 133 28 134 28 136 141 135 142 134 142 137 142 135 142 136 141 138 143 137 142 136 141 139 144 137 145 138 146 140 147 139 148 138 149 141 150 139 151 140 152 142 153 141 154 140 155 143 120 141 119 142 118 144 121 143 123 142 122 145 116 143 117 144 116 146 28 145 28 144 28 149 156 148 157 147 157 150 157 148 157 149 156 151 158 150 157 149 156 152 159 150 160 151 161 133 139 152 140 151 162 153 139 152 140 133 139 154 28 153 28 133 28 146 28 153 28 154 28 155 28 146 28 154 28 145 28 146 28 155 28 156 28 145 28 155 28 157 28 145 28 156 28 160 163 159 164 158 165 161 166 159 167 160 168 162 169 161 169 160 170 163 21 161 21 162 21 164 21 163 21 162 21 165 21 163 21 164 21 166 21 165 21 164 21 167 21 165 21 166 21 168 21 167 21 166 21 169 170 167 169 168 169 95 169 169 170 168 169 93 171 169 172 95 173 170 174 138 175 136 176 171 174 138 175 170 174 172 177 171 178 170 178 173 179 171 178 172 177 174 177 173 179 172 177 175 180 173 181 174 182 176 183 175 184 174 185 177 186 175 187 176 188 178 189 177 190 176 191 179 192 177 193 178 194 180 160 179 159 178 161 183 195 182 196 181 197 158 198 182 199 183 200 184 201 158 202 183 203 160 204 158 205 184 206 185 173 160 172 184 171 186 169 160 170 185 169 187 21 186 21 185 21 188 21 186 21 187 21 189 21 188 21 187 21 97 21 188 21 189 21 99 110 97 112 189 112 187 112 99 110 189 112 101 111 99 110 187 112 190 108 101 109 187 107 191 207 101 208 190 209 192 210 191 211 190 212 193 213 191 214 192 215 184 100 193 99 192 98 194 97 193 96 184 95 183 97 194 97 184 95 195 90 194 89 183 89 198 52 197 28 196 52 199 28 197 28 198 52 200 52 199 28 198 52 201 28 199 28 200 52 202 28 201 28 200 52 203 71 201 72 202 72 204 125 203 124 202 126 205 216 203 217 204 218 68 217 205 216 204 218 208 219 207 220 206 220 209 220 207 220 208 219 210 221 209 220 208 219 211 68 209 68 210 70 212 68 211 68 210 70 213 70 211 68 212 68 214 222 213 223 212 224 208 225 213 226 214 227 210 226 208 225 214 227 216 52 60 28 215 52 217 28 60 28 216 52 218 28 217 28 216 52 62 5 217 3 218 3 219 70 62 69 218 68 64 67 62 66 219 65 205 228 64 229 219 230 66 230 64 229 205 228 68 231 66 232 205 233 119 234 221 235 220 236 222 237 221 238 119 239 118 142 222 141 119 142 223 142 222 141 118 142 224 28 223 28 118 28 105 28 223 28 224 28 225 28 105 28 224 28 104 28 105 28 225 28 63 240 59 241 61 242 226 243 59 244 63 245 227 244 226 243 63 245 228 246 226 247 227 248 229 54 228 54 227 53 230 28 228 28 229 28 231 52 230 28 229 28 232 52 230 28 231 52 51 39 10 37 8 38 233 50 10 51 51 50 49 21 233 21 51 21 234 21 233 21 49 21 47 249 234 250 49 250 235 251 234 252 47 253 45 254 235 255 47 256 44 27 235 26 45 25 236 28 145 28 157 28 237 28 145 28 236 28 238 28 237 28 236 28 239 28 237 28 238 28 240 28 239 28 238 28 141 115 239 116 240 116 139 257 141 258 240 259 109 115 105 116 107 116 241 257 105 259 109 258 242 152 241 151 109 150 243 149 241 148 242 147 244 174 243 175 242 174 245 174 243 175 244 174 246 177 245 178 244 178 42 23 235 22 44 24 234 23 235 22 42 23 40 21 234 21 42 21 233 21 234 21 40 21 247 21 233 21 40 21 14 20 233 18 247 18 16 18 14 20 247 18 111 153 242 155 109 154 248 260 242 261 111 262 249 263 248 264 111 265 250 266 248 267 249 268 251 188 250 187 249 186 252 185 250 184 251 183 253 185 252 185 251 183 254 7 35 6 37 7 255 8 35 6 254 7 256 3 255 5 254 3 257 9 255 11 256 10 258 10 257 9 256 10 17 12 257 14 258 13 15 15 17 17 258 16 168 21 97 21 95 21 188 21 97 21 168 21 166 21 188 21 168 21 186 21 188 21 166 21 259 21 186 21 166 21 160 170 186 169 259 169 162 169 160 170 259 169 55 52 230 28 232 52 228 28 230 28 55 52 260 28 228 28 55 52 226 6 228 7 260 7 57 7 226 6 260 7 59 248 226 247 57 246 251 183 261 185 253 185 262 269 261 270 251 271 249 190 262 189 251 191 263 192 262 194 249 193 113 272 263 273 249 274 115 275 263 276 113 277 48 29 73 30 46 30 75 31 73 30 48 29 50 32 75 34 48 33 264 32 75 34 50 32 52 21 264 21 50 21 53 21 264 21 52 21 267 91 266 90 265 90 268 278 266 279 267 280 269 280 268 278 267 280 270 278 268 278 269 280 271 278 270 278 269 280 240 145 137 145 139 144 272 28 137 28 240 28 273 28 272 28 240 28 274 28 272 28 273 28 275 28 274 28 273 28 19 281 257 282 17 283 255 284 257 285 19 286 276 50 255 51 19 50 35 38 255 37 276 39 33 36 35 35 276 36 177 268 173 267 175 266 142 265 173 264 177 263 277 217 142 218 177 216 144 126 142 125 277 124 146 72 144 72 277 71 278 28 231 52 229 28 279 52 231 52 278 28 280 28 279 52 278 28 67 28 279 52 280 28 65 5 67 3 280 3 179 273 277 272 177 274 153 275 277 277 179 276 281 162 153 139 179 140 152 140 153 139 281 162 282 160 152 159 281 161 135 28 154 28 133 28 283 28 154 28 135 28 274 28 283 28 135 28 284 28 283 28 274 28 275 28 284 28 274 28 191 287 103 113 101 114 285 113 103 113 191 287 193 288 285 289 191 290 195 289 285 289 193 288 194 94 195 93 193 92 288 157 287 156 286 157 289 158 287 156 288 157 290 159 289 161 288 160 117 139 289 162 290 140 115 139 117 139 290 140 292 235 134 234 291 236 136 237 134 239 292 238 293 291 136 292 292 293 170 294 136 295 293 296 294 297 170 298 293 299 276 21 31 21 33 21 295 21 31 21 276 21 19 21 295 21 276 21 21 21 295 21 19 21 296 28 108 28 106 28 297 28 108 28 296 28 298 28 297 28 296 28 299 28 297 28 298 28 278 3 65 5 280 3 300 57 65 56 278 58 227 53 300 55 278 54 63 240 300 242 227 241 302 91 181 90 301 91 183 89 181 90 302 91 303 90 183 89 302 91 195 90 183 89 303 90 92 288 304 289 90 289 305 290 304 289 92 288 94 215 305 214 92 213 96 212 305 211 94 210 306 52 69 28 71 52 67 28 69 28 306 52 307 52 67 28 306 52 279 52 67 28 307 52 310 157 309 157 308 157 253 157 309 157 310 157 286 157 253 157 310 157 311 157 253 157 286 157 312 28 118 28 116 28 313 28 118 28 312 28 314 28 313 28 312 28 315 28 313 28 314 28 129 28 26 28 128 28 316 28 26 28 129 28 30 31 316 30 129 30 28 30 316 30 30 31 295 32 29 33 31 32 317 48 29 47 295 46 21 250 317 249 295 250 23 251 317 253 21 252 312 28 299 28 314 28 318 28 299 28 312 28 116 28 318 28 312 28 114 28 318 28 116 28 265 90 87 91 267 91 89 89 87 91 265 90 319 196 89 195 265 197 320 198 89 200 319 199 197 28 218 28 196 52 203 71 218 72 197 72 199 72 203 71 197 72 201 72 203 71 199 72 202 126 68 124 204 125 321 72 68 71 202 72 72 52 321 28 202 28 70 28 321 28 72 52 322 300 79 300 77 301 323 21 79 21 322 21 264 21 323 21 322 21 53 21 323 21 264 21 140 261 173 260 142 262 171 178 173 179 140 178 138 175 171 174 140 174 317 43 27 44 29 45 25 44 27 44 317 43 23 255 25 254 317 256 237 116 143 117 145 116 141 115 143 117 237 116 239 116 141 115 237 116 169 170 165 169 167 169 324 169 165 169 169 170 325 167 324 166 169 168 327 157 326 157 282 157 328 157 326 157 327 157 180 157 328 157 327 157 311 297 330 299 329 297 221 302 330 303 311 304 331 305 221 306 311 307 41 21 20 21 39 21 22 21 20 21 41 21 43 40 22 41 41 41 330 299 245 298 329 297 222 295 245 294 330 296 221 293 222 292 330 291 332 161 290 159 308 160 115 139 290 140 332 162 263 140 115 139 332 162 313 28 224 28 118 28 225 28 224 28 313 28 315 28 225 28 313 28 301 280 271 278 269 280 333 279 271 278 301 280 181 90 333 90 301 91 334 28 104 28 225 28 106 28 104 28 334 28 296 28 106 28 334 28 252 157 329 157 246 157 311 157 329 157 252 157 253 157 311 157 252 157 297 116 110 117 108 116 112 116 110 117 297 116 114 28 112 28 297 28 215 52 56 28 54 52 58 28 56 28 215 52 60 28 58 28 215 52 124 80 130 82 123 81 131 300 130 301 124 300 126 21 131 21 124 21 323 21 81 21 79 21 2 83 81 84 323 84 4 133 2 135 323 134 243 143 222 141 223 142 245 174 222 176 243 175 84 83 82 84 83 85 125 84 82 84 84 83 337 308 336 309 335 308 338 308 336 309 337 308 326 157 148 157 150 157 328 157 148 157 326 157 293 299 147 297 294 297 292 302 147 304 293 303 89 97 93 95 91 97 320 202 93 201 89 203 102 113 98 114 100 114 339 113 98 114 102 113 340 305 147 307 292 306 149 156 147 157 340 156 98 208 305 207 96 209 339 113 305 287 98 114 149 310 133 311 151 312 132 313 133 314 149 315 342 28 341 28 273 28 238 28 341 28 342 28 345 308 344 309 343 308 346 308 344 309 345 308 348 309 347 308 343 308 349 308 347 308 348 309 294 157 174 157 172 157 147 157 174 157 294 157 320 205 169 204 93 206 325 164 169 163 320 165 147 157 328 157 174 157 148 157 328 157 147 157 156 28 283 28 284 28 155 28 283 28 156 28 166 21 162 21 259 21 164 21 162 21 166 21 342 28 240 28 238 28 273 28 240 28 342 28 311 157 287 156 331 156 286 157 287 156 311 157 272 28 135 28 137 28 274 28 135 28 272 28 328 185 176 183 174 185 180 185 176 183 328 185 350 140 117 139 119 139 287 315 117 314 350 313 192 102 185 101 184 103 190 104 185 106 192 105 241 144 223 145 105 145 243 146 223 145 241 144 252 182 248 181 250 180 246 177 248 179 252 177 318 28 297 28 299 28 114 28 297 28 318 28 244 178 248 179 246 177 242 178 248 179 244 178 206 220 213 221 208 219 211 68 213 70 206 68 351 52 218 28 216 52 196 52 218 28 351 52 353 309 352 308 335 308 354 308 352 308 353 309 203 71 219 73 218 72 205 233 219 232 203 231 355 52 202 28 200 52 72 52 202 28 355 52 356 16 15 15 258 16 13 16 15 15 356 16 24 27 43 25 26 25 22 41 43 40 24 42 12 282 233 281 14 283 10 284 233 286 12 285 322 32 75 34 264 32 77 138 75 137 322 136 190 108 187 107 185 107 261 157 309 157 253 157 217 3 62 5 60 3 80 21 82 21 125 21 236 28 341 28 238 28 172 177 170 178 294 177 249 216 111 218 113 217 289 312 117 311 287 310 227 53 278 54 229 54 308 160 263 159 332 161 263 159 261 160 262 161 146 72 277 71 153 72 300 60 63 59 65 61 40 21 16 21 247 21 282 160 281 161 179 159 212 224 210 223 214 222 304 113 305 287 339 113 180 270 178 269 176 271 246 177 329 177 245 178 155 28 154 28 283 28 55 52 57 28 260 28 26 28 316 28 28 28 68 71 321 72 70 72 78 131 80 130 122 132 286 157 310 157 288 157 4 49 323 50 53 50 324 21 163 21 165 21 359 180 358 182 357 182 360 300 358 316 359 301 361 317 360 318 359 319 362 320 360 321 361 322 363 323 362 324 361 325 364 326 362 327 363 328 365 329 364 330 363 331 366 329 364 330 365 329 367 28 366 28 365 28 368 28 366 28 367 28 369 28 368 28 367 28 370 28 368 28 369 28 371 28 370 28 369 28 372 332 370 333 371 333 373 334 372 332 371 333 374 333 372 332 373 334 375 72 374 72 373 71 376 28 374 28 375 28 377 28 376 28 375 28 378 28 376 28 377 28 379 28 378 28 377 28 380 335 378 336 379 336 381 336 380 335 379 336 365 336 380 335 381 336 367 28 365 28 381 28 384 337 383 338 382 339 385 340 383 341 384 342 386 343 385 344 384 345 387 71 385 73 386 72 388 72 387 71 386 72 389 72 387 71 388 72 390 28 389 28 388 28 391 28 389 28 390 28 392 28 391 28 390 28 393 335 391 336 392 336 394 336 393 335 392 336 395 336 393 335 394 336 396 28 395 28 394 28 397 28 395 28 396 28 398 28 397 28 396 28 399 28 397 28 398 28 400 71 399 72 398 72 401 332 399 333 400 334 402 333 401 332 400 334 403 333 401 332 402 333 404 28 403 28 402 28 388 28 403 28 404 28 390 28 388 28 404 28 405 182 359 180 357 182 406 346 359 347 405 348 407 349 406 350 405 351 361 352 406 353 407 354 408 354 361 352 407 354 363 354 361 352 408 354 409 355 363 356 408 356 410 357 363 356 409 355 411 358 410 359 409 360 380 361 410 362 411 363 378 364 380 365 411 366 413 367 403 368 412 368 414 369 403 368 413 367 415 370 414 371 413 372 416 371 414 371 415 370 417 373 416 374 415 375 418 376 416 377 417 378 419 356 418 355 417 356 420 357 418 355 419 356 391 379 420 380 419 381 393 382 420 383 391 384 423 385 422 386 421 386 424 386 422 386 423 385 425 387 424 386 423 385 426 388 424 389 425 390 427 391 426 392 425 393 428 394 426 395 427 396 429 371 428 370 427 372 430 371 428 370 429 371 431 371 430 371 429 371 411 371 430 371 431 371 411 332 376 333 378 333 374 333 376 333 411 332 431 332 374 333 411 332 372 332 374 333 431 332 429 371 372 371 431 371 370 333 372 332 429 332 427 367 370 368 429 369 432 368 370 368 427 367 362 179 358 177 360 178 433 177 358 177 362 179 434 397 433 398 362 399 435 400 433 401 434 402 436 403 435 404 434 405 437 72 435 73 436 71 368 72 437 72 436 71 370 28 437 28 368 28 379 28 367 28 381 28 438 28 367 28 379 28 377 28 438 28 379 28 439 28 438 28 377 28 440 28 439 28 377 28 371 28 439 28 440 28 373 71 371 72 440 72 390 28 394 28 392 28 441 28 394 28 390 28 442 28 441 28 390 28 396 28 441 28 442 28 443 28 396 28 442 28 398 28 396 28 443 28 400 71 398 72 443 72 414 332 401 332 403 333 444 371 401 371 414 371 416 371 444 371 414 371 445 371 444 371 416 371 418 376 445 377 416 377 420 359 445 358 418 360 446 373 417 373 415 375 447 352 417 354 446 354 448 353 447 352 446 354 449 406 447 407 448 408 450 348 449 347 448 346 451 182 449 180 450 182 452 182 449 180 451 182 453 300 449 301 452 316 454 179 453 178 452 177 447 322 453 321 454 320 419 323 447 325 454 324 417 354 447 352 419 354 456 392 413 391 455 393 415 394 413 396 456 395 457 409 415 410 456 411 446 411 415 410 457 409 458 389 446 388 457 390 460 412 459 413 383 412 461 413 459 413 460 412 462 414 461 413 460 412 463 413 461 413 462 414 455 415 463 416 462 417 464 177 454 179 452 177 465 397 454 399 464 398 385 400 465 402 464 401 387 403 465 405 385 404 364 418 434 419 362 420 436 421 434 422 364 423 366 424 436 425 364 426 368 72 436 71 366 72 467 413 421 412 466 412 468 413 421 412 467 413 432 72 468 71 467 71 469 71 468 71 432 72 459 427 386 428 384 429 412 72 386 72 459 71 461 71 412 72 459 71 463 71 412 72 461 71 471 157 470 157 458 157 451 157 470 157 471 157 472 157 451 157 471 157 460 157 451 157 472 157 452 157 383 157 464 157 460 157 383 157 452 157 451 157 460 157 452 157 439 28 367 28 438 28 369 28 367 28 439 28 371 28 369 28 439 28 473 418 454 420 465 419 419 328 454 327 473 326 391 329 419 331 473 330 476 157 475 157 474 157 357 157 475 157 476 157 405 157 357 157 476 157 477 390 474 389 426 388 407 388 474 389 477 390 428 410 407 411 477 409 480 430 479 431 478 431 481 431 479 431 480 430 483 431 482 430 478 431 484 431 482 430 483 431 408 373 428 375 430 374 407 373 428 375 408 373 475 157 422 157 424 157 357 157 422 157 475 157 487 431 486 430 485 431 488 431 486 430 487 431 490 430 489 431 485 431 491 431 489 431 490 430 472 386 462 385 460 386 492 386 462 385 472 386 492 386 455 387 462 385 456 388 455 390 492 389 387 421 473 423 465 422 389 424 473 426 387 425 466 338 494 337 493 339 435 340 494 342 466 341 386 28 403 28 388 28 412 28 403 28 386 28 444 332 399 333 401 332 445 332 399 333 444 332 393 361 445 363 420 362 395 364 445 366 393 365 445 332 397 333 399 333 395 333 397 333 445 332 402 28 443 28 442 28 400 71 443 72 402 72 404 28 442 28 390 28 402 28 442 28 404 28 421 157 357 157 358 157 422 157 357 157 421 157 432 28 437 28 370 28 467 71 437 72 432 72 494 429 437 428 467 427 435 344 437 343 494 345 410 380 365 379 363 381 380 382 365 384 410 383 466 157 358 157 433 157 421 157 358 157 466 157 440 72 375 72 373 71 377 28 375 28 440 28 468 413 423 414 421 412 469 413 423 414 468 413 409 376 430 377 411 377 408 378 430 377 409 376 433 401 435 400 466 401 464 401 383 401 385 400 456 388 458 389 457 390 361 407 359 406 406 408 469 416 425 415 423 417 396 28 394 28 441 28 446 349 450 351 448 350 472 157 471 157 492 157 428 410 477 409 426 411 450 157 470 157 451 157 447 317 449 319 453 318 473 330 389 329 391 329</p>
                </polylist>
            </mesh>
        </geometry>
        <geometry id="mesh2">
            <mesh>
                <source id="points2">
                    <float_array id="pointarray2" count="477">-66.79296875 87.53584842849523 -22.1171875 -75.68359375 54.19209842849523 -25.578125 -64.86328125 76.19991092849523 -36.36328125 -60.06640625 57.52412967849523 -52.60546875 -55.65625 77.17647342849523 -51.18359375 -32.94140625 63.96553592849523 -72.83203125 -42.45703125 87.34444217849523 -57.37890625 -15.921875 96.07881717849523 -67.921875 -36.05078125 104.74287967849523 -52.05078125 -21.6875 108.40303592849523 -57.86328125 -39.67578125 114.59834842849523 -38.16796875 -15.22265625 119.28975467849523 -47.28125 -15.32421875 131.73506717849523 -20.30859375 0 123.48897342849523 -42.11328125 0 131.11787967849523 -26.63671875 15.32421875 131.73506717849523 -20.30859375 47.69921875 119.04756717849523 10.22265625 48.28515625 113.35616092849523 -23.93359375 59.89453125 107.78584842849523 3.70703125 59.9296875 102.92256717849523 -18.0625 68.1015625 92.20772342849523 10.1015625 76.515625 75.56319217849523 9.7265625 68.78515625 83.44209842849523 25.3828125 69.3671875 67.32100467849523 39.0078125 61.2109375 86.03194217849523 41.10546875 51.52734375 81.32100467849523 59.47265625 44.11328125 100.20381717849523 56.25390625 24.875 96.11006717849523 72.97265625 16.51171875 110.12959842849523 63.875 0 107.36787967849523 69.671875 0 132.52022342849523 31.3828125 -16.375 128.56319217849523 36.6875 -23.796875 130.77022342849523 22.64453125 -23.26171875 119.36787967849523 50.21875 -40.71875 113.14522342849523 41.94140625 -16.51171875 110.12959842849523 63.875 -44.11328125 100.20381717849523 56.25390625 -24.875 96.11006717849523 72.97265625 -51.52734375 81.32100467849523 59.47265625 -48.28515625 113.35616092849523 -23.93359375 -21.67578125 133.09053592849523 -5.0703125 -47.69921875 119.04756717849523 10.22265625 -39.69140625 121.27803592849523 26.03125 -15.20703125 134.79366092849523 9.99609375 0 135.26241092849523 16.32421875 23.796875 130.77022342849523 22.64453125 16.375 128.56319217849523 36.6875 23.26171875 119.36787967849523 50.21875 21.67578125 133.09053592849523 -5.0703125 39.69140625 121.27803592849523 26.03125 40.71875 113.14522342849523 41.94140625 -59.89453125 107.78584842849523 3.70703125 -68.1015625 92.20772342849523 10.1015625 -59.9296875 102.92256717849523 -18.0625 -76.515625 75.56319217849523 9.7265625 0 93.53584842849523 -73.41796875 0 67.09444217849523 -79.75 15.921875 96.07881717849523 -67.921875 32.94140625 63.96553592849523 -72.83203125 42.45703125 87.34444217849523 -57.37890625 55.65625 77.17647342849523 -51.18359375 50.80078125 98.60616092849523 47.1796875 47.69921875 119.04756717849523 10.22265625 59.89453125 107.78584842849523 3.70703125 90.921875 134.48533611465245 36.83916848897934 68.1015625 92.20772342849523 10.1015625 68.78515625 83.44209842849523 25.3828125 0 100.28584842849523 76.0234375 -16.375 128.56319217849523 36.6875 0 132.52022342849523 31.3828125 0 160.99314861465245 74.85869973897934 16.375 128.56319217849523 36.6875 23.26171875 119.36787967849523 50.21875 21.6875 108.40303592849523 -57.86328125 15.22265625 119.28975467849523 -47.28125 0 138.95017986465245 -91.04364401102066 0 123.48897342849523 -42.11328125 -15.22265625 119.28975467849523 -47.28125 0 135.26241092849523 16.32421875 -15.20703125 134.79366092849523 9.99609375 0 177.73142986465245 -11.30926901102066 -21.67578125 133.09053592849523 -5.0703125 -15.32421875 131.73506717849523 -20.30859375 -15.921875 96.07881717849523 -67.921875 0 93.53584842849523 -73.41796875 15.921875 96.07881717849523 -67.921875 15.22265625 119.28975467849523 -47.28125 39.67578125 114.59834842849523 -38.16796875 -66.79296875 87.53584842849523 -22.1171875 -64.86328125 76.19991092849523 -36.36328125 -85.2734375 123.48924236465245 -57.61786276102066 -55.65625 77.17647342849523 -51.18359375 -50.80078125 98.60616092849523 47.1796875 -90.921875 134.48533611465245 36.83916848897934 -40.71875 113.14522342849523 41.94140625 -39.69140625 121.27803592849523 26.03125 39.67578125 114.59834842849523 -38.16796875 36.05078125 104.74287967849523 -52.05078125 85.2734375 123.48924236465245 -57.61786276102066 42.45703125 87.34444217849523 -57.37890625 66.79296875 87.53584842849523 -22.1171875 64.86328125 76.19991092849523 -36.36328125 55.65625 77.17647342849523 -51.18359375 60.06640625 57.52412967849523 -52.60546875 64.86328125 76.19991092849523 -36.36328125 75.68359375 54.19209842849523 -25.578125 66.79296875 87.53584842849523 -22.1171875 -47.69921875 119.04756717849523 10.22265625 -59.89453125 107.78584842849523 3.70703125 -68.1015625 92.20772342849523 10.1015625 -39.67578125 114.59834842849523 -38.16796875 -36.05078125 104.74287967849523 -52.05078125 -42.45703125 87.34444217849523 -57.37890625 0.5000239686067612 58.76021366287023 49.736376634492245 -0.4999760302441955 58.76021366287023 49.73642457285481 0.4999762175034243 58.76021366287023 48.740282885636795 -0.5000237813475324 58.76021366287023 48.740330823999365 -79.64453125 56.40694217849523 8.83984375 -69.3671875 67.32100467849523 39.0078125 79.64453125 56.40694217849523 8.83984375 -50.80078125 98.60616092849523 47.1796875 -61.2109375 86.03194217849523 41.10546875 -68.78515625 83.44209842849523 25.3828125 21.6875 108.40303592849523 -57.86328125 36.05078125 104.74287967849523 -52.05078125 -23.26171875 119.36787967849523 50.21875 -16.51171875 110.12959842849523 63.875 0 107.36787967849523 69.671875 16.51171875 110.12959842849523 63.875 39.69140625 121.27803592849523 26.03125 40.71875 113.14522342849523 41.94140625 50.80078125 98.60616092849523 47.1796875 -21.6875 108.40303592849523 -57.86328125 15.20703125 134.79366092849523 9.99609375 15.20703125 134.79366092849523 9.99609375 21.67578125 133.09053592849523 -5.0703125 15.32421875 131.73506717849523 -20.30859375 0 131.11787967849523 -26.63671875 -48.28515625 113.35616092849523 -23.93359375 -59.9296875 102.92256717849523 -18.0625 -68.78515625 83.44209842849523 25.3828125 -61.2109375 86.03194217849523 41.10546875 -68.78515625 83.44209842849523 25.3828125 59.9296875 102.92256717849523 -18.0625 66.79296875 87.53584842849523 -22.1171875 48.28515625 113.35616092849523 -23.93359375 39.67578125 114.59834842849523 -38.16796875 42.45703125 87.34444217849523 -57.37890625 55.65625 77.17647342849523 -51.18359375 68.78515625 83.44209842849523 25.3828125 61.2109375 86.03194217849523 41.10546875 61.2109375 86.03194217849523 41.10546875 50.80078125 98.60616092849523 47.1796875 -66.79296875 87.53584842849523 -22.1171875 -50.80078125 98.60616092849523 47.1796875 -61.2109375 86.03194217849523 41.10546875 -39.67578125 114.59834842849523 -38.16796875 -55.65625 77.17647342849523 -51.18359375 -42.45703125 87.34444217849523 -57.37890625</float_array>
                    <technique_common>
                        <accessor count="159" source="#pointarray2" stride="3">
                            <param name="X" type="float"/>
                            <param name="Y" type="float"/>
                            <param name="Z" type="float"/>
                        </accessor>
                    </technique_common>
                </source>
                <source id="uvs2">
                    <float_array id="uvarray2" count="248">0.81854248046875 0.97393798828125 0.81689453125 0.97515869140625 0.81884765625 0.97674560546875 0.81964111328125 0.9801025390625 0.8204345703125 0.97943115234375 0.824462890625 0.98370361328125 0.82281494140625 0.98040771484375 0.82763671875 0.9822998046875 0.82403564453125 0.97918701171875 0.82659912109375 0.980224609375 0.82342529296875 0.9764404296875 0.82781982421875 0.97808837890625 0.82794189453125 0.97296142578125 0.83062744140625 0.9771728515625 0.8306884765625 0.97418212890625 0.83349609375 0.97308349609375 0.83953857421875 0.96795654296875 0.8394775390625 0.9742431640625 0.84173583984375 0.96942138671875 0.84161376953125 0.97344970703125 0.84320068359375 0.96856689453125 0.8447265625 0.968994140625 0.8433837890625 0.96600341796875 0.84356689453125 0.96380615234375 0.84210205078125 0.96307373046875 0.84039306640625 0.95977783203125 0.83905029296875 0.9599609375 0.83563232421875 0.9569091796875 0.83404541015625 0.958251953125 0.8310546875 0.95721435546875 0.8309326171875 0.96368408203125 0.82794189453125 0.96270751953125 0.8265380859375 0.9652099609375 0.8267822265625 0.96038818359375 0.82354736328125 0.96197509765625 0.82806396484375 0.9581298828125 0.822998046875 0.9595947265625 0.8265380859375 0.95672607421875 0.8216552734375 0.9593505859375 0.8218994140625 0.973876953125 0.82684326171875 0.97015380859375 0.8221435546875 0.96759033203125 0.82366943359375 0.96466064453125 0.82806396484375 0.9674072265625 0.83087158203125 0.96630859375 0.835205078125 0.96539306640625 0.83392333984375 0.96282958984375 0.835205078125 0.96063232421875 0.834716796875 0.9703369140625 0.838134765625 0.96502685546875 0.83837890625 0.9622802734375 0.81988525390625 0.96893310546875 0.81842041015625 0.968017578125 0.81982421875 0.97296142578125 0.81689453125 0.9683837890625 0.83050537109375 0.9833984375 0.8304443359375 0.98504638671875 0.83343505859375 0.982421875 0.83648681640625 0.9840087890625 0.8382568359375 0.98077392578125 0.8406982421875 0.97991943359375 0.8402099609375 0.961669921875 0.7769775390625 0.29339599609375 0.70135498046875 0.215576171875 0.54290771484375 0.44964599609375 0.77783203125 0.29449462890625 0.7039794921875 0.21295166015625 0.83111572265625 0.9561767578125 0.77740478515625 0.29473876953125 0.69927978515625 0.21868896484375 0.70123291015625 0.21575927734375 0.69049072265625 0.23162841796875 0.76092529296875 0.3056640625 0.69146728515625 0.23016357421875 0.68963623046875 0.23291015625 0.7607421875 0.3057861328125 0.6904296875 0.23175048828125 0.7623291015625 0.3046875 0.77093505859375 0.29901123046875 0.689453125 0.233154296875 0.8333740234375 0.97821044921875 0.837890625 0.97674560546875 0.76580810546875 0.2899169921875 0.70098876953125 0.21612548828125 0.77972412109375 0.293212890625 0.7017822265625 0.22845458984375 0.78021240234375 0.29290771484375 0.71514892578125 0.2330322265625 0.6998291015625 0.23846435546875 0.77862548828125 0.2939453125 0.7186279296875 0.2342529296875 0.84149169921875 0.9805908203125 0.84246826171875 0.977294921875 0.84442138671875 0.97576904296875 0.84283447265625 0.9744873046875 1 0 0 0 1 1 0 1 0.8162841796875 0.9688720703125 0.81829833984375 0.9632568359375 0.84527587890625 0.96954345703125 0.82171630859375 0.96124267578125 0.81982421875 0.9625244140625 0.818359375 0.96539306640625 0.83453369140625 0.98040771484375 0.837158203125 0.97943115234375 0.77935791015625 0.29345703125 0.69891357421875 0.21923828125 0.8336181640625 0.967529296875 0.6905517578125 0.2315673828125 0.74737548828125 0.2906494140625 0.691162109375 0.23175048828125 0.7650146484375 0.2813720703125 0.70355224609375 0.2122802734375 0.77593994140625 0.2957763671875 0.7071533203125 0.22381591796875 0.779052734375 0.293701171875 0.76397705078125 0.30364990234375 0.69146728515625 0.230224609375 0.70574951171875 0.20904541015625 0.77197265625 0.28656005859375 0.77734375 0.290771484375 0.6964111328125 0.22283935546875</float_array>
                    <technique_common>
                        <accessor count="124" source="#uvarray2" stride="2">
                            <param name="S" type="float"/>
                            <param name="T" type="float"/>
                        </accessor>
                    </technique_common>
                </source>
                <vertices id="vertices2">
                    <input semantic="POSITION" source="#points2"/>
                </vertices>
                <polylist count="156" material="Material1">
                    <input offset="0" semantic="VERTEX" source="#vertices2"/>
                    <input offset="1" semantic="TEXCOORD" source="#uvs2" set="0"/>
                    <vcount>3 3 3 3 3 3 3 3 3 3 3 3 3 3 3 3 3 3 3 3 3 3 3 3 3 3 3 3 3 3 3 3 3 3 3 3 3 3 3 3 3 3 3 3 3 3 3 3 3 3 3 3 3 3 3 3 3 3 3 3 3 3 3 3 3 3 3 3 3 3 3 3 3 3 3 3 3 3 3 3 3 3 3 3 3 3 3 3 3 3 3 3 3 3 3 3 3 3 3 3 3 3 3 3 3 3 3 3 3 3 3 3 3 3 3 3 3 3 3 3 3 3 3 3 3 3 3 3 3 3 3 3 3 3 3 3 3 3 3 3 3 3 3 3 3 3 3 3 3 3 3 3 3 3 3 3</vcount>
                    <p>2 2 1 1 0 0 3 3 1 1 2 2 4 4 3 3 2 2 5 5 3 3 4 4 6 6 5 5 4 4 7 7 5 5 6 6 8 8 7 7 6 6 9 9 7 7 8 8 10 10 9 9 8 8 11 11 9 9 10 10 12 12 11 11 10 10 13 13 11 11 12 12 14 14 13 13 12 12 15 15 13 13 14 14 18 18 17 17 16 16 19 19 17 17 18 18 20 20 19 19 18 18 21 21 19 19 20 20 22 22 21 21 20 20 23 23 21 21 22 22 24 24 23 23 22 22 25 25 23 23 24 24 26 26 25 25 24 24 27 27 25 25 26 26 28 28 27 27 26 26 29 29 27 27 28 28 32 32 31 31 30 30 33 33 31 31 32 32 34 34 33 33 32 32 35 35 33 33 34 34 36 36 35 35 34 34 37 37 35 35 36 36 38 38 37 37 36 36 39 39 12 12 10 10 40 40 12 12 39 39 41 41 40 40 39 39 32 32 40 40 41 41 42 42 32 32 41 41 34 34 32 32 42 42 32 32 43 43 40 40 44 44 43 43 32 32 30 30 44 44 32 32 45 45 44 44 30 30 46 46 45 45 30 30 47 47 45 45 46 46 48 48 17 17 15 15 16 16 17 17 48 48 45 45 16 16 48 48 49 49 16 16 45 45 50 50 49 49 45 45 53 53 52 52 51 51 54 54 52 52 53 53 0 0 54 54 53 53 1 1 54 54 0 0 57 57 56 56 55 55 58 58 56 56 57 57 59 59 58 58 57 57 60 60 58 58 59 59 26 26 50 50 28 28 61 61 50 50 26 26 24 24 61 61 26 26 64 64 63 63 62 62 65 65 63 63 64 64 66 66 65 65 64 64 29 29 67 67 27 27 37 37 67 67 29 29 35 35 37 37 29 29 70 64 69 69 68 68 71 68 69 69 70 64 72 70 71 68 70 64 75 64 74 72 73 71 76 73 74 72 75 64 77 72 76 73 75 64 80 64 79 75 78 74 81 76 79 75 80 64 82 77 81 76 80 64 75 64 84 79 83 78 85 78 84 79 75 64 73 71 85 78 75 64 15 15 86 80 13 13 87 81 86 80 15 15 17 17 87 81 15 15 90 64 89 83 88 82 91 84 89 83 90 64 94 86 93 64 92 85 95 87 93 64 94 86 98 64 97 89 96 88 99 90 97 89 98 64 101 83 98 64 100 82 102 84 98 64 101 83 7 7 56 56 5 5 55 55 56 56 7 7 39 39 51 51 41 41 53 53 51 51 39 39 60 60 103 91 58 58 104 92 103 91 60 60 104 92 105 93 103 91 106 94 105 93 104 92 108 63 93 64 107 62 109 65 93 64 108 63 111 89 90 64 110 88 112 90 90 64 111 89 115 97 114 96 113 95 116 98 114 96 115 97 116 97 113 96 115 98 114 95 113 96 116 97 117 99 54 54 1 1 118 100 54 54 117 99 119 101 21 21 23 23 105 93 21 21 119 101 106 94 21 21 105 93 19 19 21 21 106 94 47 47 50 50 45 45 28 28 50 50 47 47 120 102 36 36 34 34 121 103 36 36 120 102 118 100 121 103 122 104 38 38 121 103 118 100 124 106 57 57 123 105 59 59 57 57 124 106 54 54 122 104 52 52 118 100 122 104 54 54 125 70 70 64 68 68 126 107 70 64 125 70 127 108 70 64 126 107 128 107 70 64 127 108 130 86 64 64 129 87 131 85 64 64 130 86 87 81 123 105 86 80 124 106 123 105 87 81 132 71 75 64 83 78 77 72 75 64 132 71 133 109 45 45 48 48 44 44 45 45 133 109 134 75 80 64 78 74 135 76 80 64 134 75 136 77 80 64 135 76 137 110 80 64 136 77 90 64 139 112 138 111 93 64 109 65 140 66 93 64 142 114 141 113 144 115 98 64 143 76 64 64 62 117 129 116 98 64 146 119 145 118 121 103 38 38 36 36 98 64 148 121 147 120 98 64 145 111 143 112 64 64 150 113 149 114 70 64 128 107 72 70 64 64 152 123 151 122 153 115 139 76 90 64 93 64 95 116 107 117 93 64 155 122 154 123 90 64 138 118 156 119 90 64 158 120 157 121 80 64 137 110 82 77</p>
                </polylist>
            </mesh>
        </geometry>
        <geometry id="mesh2_VC">
            <mesh>
                <source id="points2_VC">
                    <float_array id="pointarray2_VC" count="477">-66.79296875 87.53584842849523 -22.1171875 -75.68359375 54.19209842849523 -25.578125 -64.86328125 76.19991092849523 -36.36328125 -60.06640625 57.52412967849523 -52.60546875 -55.65625 77.17647342849523 -51.18359375 -32.94140625 63.96553592849523 -72.83203125 -42.45703125 87.34444217849523 -57.37890625 -15.921875 96.07881717849523 -67.921875 -36.05078125 104.74287967849523 -52.05078125 -21.6875 108.40303592849523 -57.86328125 -39.67578125 114.59834842849523 -38.16796875 -15.22265625 119.28975467849523 -47.28125 -15.32421875 131.73506717849523 -20.30859375 0 123.48897342849523 -42.11328125 0 131.11787967849523 -26.63671875 15.32421875 131.73506717849523 -20.30859375 47.69921875 119.04756717849523 10.22265625 48.28515625 113.35616092849523 -23.93359375 59.89453125 107.78584842849523 3.70703125 59.9296875 102.92256717849523 -18.0625 68.1015625 92.20772342849523 10.1015625 76.515625 75.56319217849523 9.7265625 68.78515625 83.44209842849523 25.3828125 69.3671875 67.32100467849523 39.0078125 61.2109375 86.03194217849523 41.10546875 51.52734375 81.32100467849523 59.47265625 44.11328125 100.20381717849523 56.25390625 24.875 96.11006717849523 72.97265625 16.51171875 110.12959842849523 63.875 0 107.36787967849523 69.671875 0 132.52022342849523 31.3828125 -16.375 128.56319217849523 36.6875 -23.796875 130.77022342849523 22.64453125 -23.26171875 119.36787967849523 50.21875 -40.71875 113.14522342849523 41.94140625 -16.51171875 110.12959842849523 63.875 -44.11328125 100.20381717849523 56.25390625 -24.875 96.11006717849523 72.97265625 -51.52734375 81.32100467849523 59.47265625 -48.28515625 113.35616092849523 -23.93359375 -21.67578125 133.09053592849523 -5.0703125 -47.69921875 119.04756717849523 10.22265625 -39.69140625 121.27803592849523 26.03125 -15.20703125 134.79366092849523 9.99609375 0 135.26241092849523 16.32421875 23.796875 130.77022342849523 22.64453125 16.375 128.56319217849523 36.6875 23.26171875 119.36787967849523 50.21875 21.67578125 133.09053592849523 -5.0703125 39.69140625 121.27803592849523 26.03125 40.71875 113.14522342849523 41.94140625 -59.89453125 107.78584842849523 3.70703125 -68.1015625 92.20772342849523 10.1015625 -59.9296875 102.92256717849523 -18.0625 -76.515625 75.56319217849523 9.7265625 0 93.53584842849523 -73.41796875 0 67.09444217849523 -79.75 15.921875 96.07881717849523 -67.921875 32.94140625 63.96553592849523 -72.83203125 42.45703125 87.34444217849523 -57.37890625 55.65625 77.17647342849523 -51.18359375 50.80078125 98.60616092849523 47.1796875 47.69921875 119.04756717849523 10.22265625 59.89453125 107.78584842849523 3.70703125 90.921875 134.48533611465245 36.83916848897934 68.1015625 92.20772342849523 10.1015625 68.78515625 83.44209842849523 25.3828125 0 100.28584842849523 76.0234375 -16.375 128.56319217849523 36.6875 0 132.52022342849523 31.3828125 0 160.99314861465245 74.85869973897934 16.375 128.56319217849523 36.6875 23.26171875 119.36787967849523 50.21875 21.6875 108.40303592849523 -57.86328125 15.22265625 119.28975467849523 -47.28125 0 138.95017986465245 -91.04364401102066 0 123.48897342849523 -42.11328125 -15.22265625 119.28975467849523 -47.28125 0 135.26241092849523 16.32421875 -15.20703125 134.79366092849523 9.99609375 0 177.73142986465245 -11.30926901102066 -21.67578125 133.09053592849523 -5.0703125 -15.32421875 131.73506717849523 -20.30859375 -15.921875 96.07881717849523 -67.921875 0 93.53584842849523 -73.41796875 15.921875 96.07881717849523 -67.921875 15.22265625 119.28975467849523 -47.28125 39.67578125 114.59834842849523 -38.16796875 -66.79296875 87.53584842849523 -22.1171875 -64.86328125 76.19991092849523 -36.36328125 -85.2734375 123.48924236465245 -57.61786276102066 -55.65625 77.17647342849523 -51.18359375 -50.80078125 98.60616092849523 47.1796875 -90.921875 134.48533611465245 36.83916848897934 -40.71875 113.14522342849523 41.94140625 -39.69140625 121.27803592849523 26.03125 39.67578125 114.59834842849523 -38.16796875 36.05078125 104.74287967849523 -52.05078125 85.2734375 123.48924236465245 -57.61786276102066 42.45703125 87.34444217849523 -57.37890625 66.79296875 87.53584842849523 -22.1171875 64.86328125 76.19991092849523 -36.36328125 55.65625 77.17647342849523 -51.18359375 60.06640625 57.52412967849523 -52.60546875 64.86328125 76.19991092849523 -36.36328125 75.68359375 54.19209842849523 -25.578125 66.79296875 87.53584842849523 -22.1171875 -47.69921875 119.04756717849523 10.22265625 -59.89453125 107.78584842849523 3.70703125 -68.1015625 92.20772342849523 10.1015625 -39.67578125 114.59834842849523 -38.16796875 -36.05078125 104.74287967849523 -52.05078125 -42.45703125 87.34444217849523 -57.37890625 0.5000239686067612 58.76021366287023 49.736376634492245 -0.4999760302441955 58.76021366287023 49.73642457285481 0.4999762175034243 58.76021366287023 48.740282885636795 -0.5000237813475324 58.76021366287023 48.740330823999365 -79.64453125 56.40694217849523 8.83984375 -69.3671875 67.32100467849523 39.0078125 79.64453125 56.40694217849523 8.83984375 -50.80078125 98.60616092849523 47.1796875 -61.2109375 86.03194217849523 41.10546875 -68.78515625 83.44209842849523 25.3828125 21.6875 108.40303592849523 -57.86328125 36.05078125 104.74287967849523 -52.05078125 -23.26171875 119.36787967849523 50.21875 -16.51171875 110.12959842849523 63.875 0 107.36787967849523 69.671875 16.51171875 110.12959842849523 63.875 39.69140625 121.27803592849523 26.03125 40.71875 113.14522342849523 41.94140625 50.80078125 98.60616092849523 47.1796875 -21.6875 108.40303592849523 -57.86328125 15.20703125 134.79366092849523 9.99609375 15.20703125 134.79366092849523 9.99609375 21.67578125 133.09053592849523 -5.0703125 15.32421875 131.73506717849523 -20.30859375 0 131.11787967849523 -26.63671875 -48.28515625 113.35616092849523 -23.93359375 -59.9296875 102.92256717849523 -18.0625 -68.78515625 83.44209842849523 25.3828125 -61.2109375 86.03194217849523 41.10546875 -68.78515625 83.44209842849523 25.3828125 59.9296875 102.92256717849523 -18.0625 66.79296875 87.53584842849523 -22.1171875 48.28515625 113.35616092849523 -23.93359375 39.67578125 114.59834842849523 -38.16796875 42.45703125 87.34444217849523 -57.37890625 55.65625 77.17647342849523 -51.18359375 68.78515625 83.44209842849523 25.3828125 61.2109375 86.03194217849523 41.10546875 61.2109375 86.03194217849523 41.10546875 50.80078125 98.60616092849523 47.1796875 -66.79296875 87.53584842849523 -22.1171875 -50.80078125 98.60616092849523 47.1796875 -61.2109375 86.03194217849523 41.10546875 -39.67578125 114.59834842849523 -38.16796875 -55.65625 77.17647342849523 -51.18359375 -42.45703125 87.34444217849523 -57.37890625</float_array>
                    <technique_common>
                        <accessor count="159" source="#pointarray2_VC" stride="3">
                            <param name="X" type="float"/>
                            <param name="Y" type="float"/>
                            <param name="Z" type="float"/>
                        </accessor>
                    </technique_common>
                </source>
                <source id="uvs2_VC">
                    <float_array id="uvarray2_VC" count="136">0.009765625 0.623046875 0.009765625 0.564453125 0.376953125 0.998046875 0.376953125 0.751953125 0.435546875 0.751953125 0.876953125 0.501953125 0.888671875 0.501953125 0.876953125 0.623046875 0.267578125 0.998046875 0.279296875 0.751953125 0.267578125 0.751953125 0.439453125 0.751953125 0.451171875 0.751953125 0.439453125 0.998046875 0.455078125 0.998046875 0.466796875 0.751953125 0.455078125 0.751953125 0.470703125 0.751953125 0.482421875 0.751953125 0.470703125 0.998046875 0.486328125 0.998046875 0.498046875 0.751953125 0.486328125 0.751953125 0.029296875 0.501953125 0.017578125 0.501953125 0.017578125 0.748046875 0.033203125 0.748046875 0.044921875 0.501953125 0.033203125 0.501953125 0.123046875 0.501953125 0.064453125 0.501953125 0.064453125 0.748046875 0.048828125 0.501953125 0.048828125 0.748046875 0.060546875 0.501953125 0.126953125 0.501953125 0.126953125 0.748046875 0.138671875 0.501953125 0.142578125 0.748046875 0.142578125 0.501953125 0.154296875 0.501953125 0.248046875 0.501953125 0.189453125 0.501953125 0.189453125 0.748046875 0.158203125 0.501953125 0.158203125 0.748046875 0.169921875 0.501953125 0.185546875 0.501953125 0.173828125 0.748046875 0.173828125 0.501953125 0.251953125 0.748046875 0.263671875 0.501953125 0.251953125 0.501953125 0.283203125 0.748046875 0.310546875 0.501953125 0.283203125 0.501953125 0.314453125 0.501953125 0.314453125 0.748046875 0.341796875 0.501953125 0.267578125 0.748046875 0.279296875 0.501953125 0.267578125 0.501953125 0.892578125 0.623046875 0.892578125 0.501953125 0.904296875 0.501953125 0.345703125 0.748046875 0.357421875 0.501953125 0.345703125 0.501953125</float_array>
                    <technique_common>
                        <accessor count="68" source="#uvarray2_VC" stride="2">
                            <param name="S" type="float"/>
                            <param name="T" type="float"/>
                        </accessor>
                    </technique_common>
                </source>
                <vertices id="vertices2_VC">
                    <input semantic="POSITION" source="#points2_VC"/>
                </vertices>
                <polylist count="156" material="Material1">
                    <input offset="0" semantic="VERTEX" source="#vertices2_VC"/>
                    <input offset="1" semantic="TEXCOORD" source="#uvs2_VC" set="0"/>
                    <vcount>3 3 3 3 3 3 3 3 3 3 3 3 3 3 3 3 3 3 3 3 3 3 3 3 3 3 3 3 3 3 3 3 3 3 3 3 3 3 3 3 3 3 3 3 3 3 3 3 3 3 3 3 3 3 3 3 3 3 3 3 3 3 3 3 3 3 3 3 3 3 3 3 3 3 3 3 3 3 3 3 3 3 3 3 3 3 3 3 3 3 3 3 3 3 3 3 3 3 3 3 3 3 3 3 3 3 3 3 3 3 3 3 3 3 3 3 3 3 3 3 3 3 3 3 3 3 3 3 3 3 3 3 3 3 3 3 3 3 3 3 3 3 3 3 3 3 3 3 3 3 3 3 3 3 3 3</vcount>
                    <p>2 0 1 1 0 0 3 1 1 1 2 0 4 0 3 1 2 0 5 1 3 1 4 0 6 0 5 1 4 0 7 0 5 1 6 0 8 0 7 0 6 0 9 0 7 0 8 0 10 0 9 0 8 0 11 0 9 0 10 0 12 0 11 0 10 0 13 0 11 0 12 0 14 0 13 0 12 0 15 0 13 0 14 0 18 0 17 0 16 0 19 0 17 0 18 0 20 0 19 0 18 0 21 0 19 0 20 0 22 0 21 0 20 0 23 1 21 0 22 0 24 0 23 1 22 0 25 1 23 1 24 0 26 0 25 1 24 0 27 1 25 1 26 0 28 0 27 1 26 0 29 0 27 1 28 0 32 0 31 0 30 0 33 0 31 0 32 0 34 0 33 0 32 0 35 0 33 0 34 0 36 0 35 0 34 0 37 1 35 0 36 0 38 1 37 1 36 0 39 0 12 0 10 0 40 0 12 0 39 0 41 0 40 0 39 0 32 0 40 0 41 0 42 0 32 0 41 0 34 0 32 0 42 0 32 0 43 0 40 0 44 0 43 0 32 0 30 0 44 0 32 0 45 0 44 0 30 0 46 0 45 0 30 0 47 0 45 0 46 0 48 0 17 0 15 0 16 0 17 0 48 0 45 0 16 0 48 0 49 0 16 0 45 0 50 0 49 0 45 0 53 0 52 0 51 0 54 0 52 0 53 0 0 0 54 0 53 0 1 1 54 0 0 0 57 0 56 1 55 0 58 1 56 1 57 0 59 0 58 1 57 0 60 0 58 1 59 0 26 0 50 0 28 0 61 0 50 0 26 0 24 0 61 0 26 0 64 2 63 3 62 3 65 4 63 3 64 2 66 5 65 6 64 7 29 0 67 1 27 1 37 1 67 1 29 0 35 0 37 1 29 0 70 8 69 9 68 10 71 10 69 9 70 8 72 11 71 12 70 13 75 14 74 15 73 16 76 17 74 18 75 19 77 18 76 17 75 19 80 14 79 15 78 15 81 16 79 15 80 14 82 16 81 16 80 14 75 20 84 21 83 22 85 22 84 21 75 20 73 23 85 24 75 25 15 0 86 0 13 0 87 0 86 0 15 0 17 0 87 0 15 0 90 26 89 27 88 28 91 29 89 30 90 31 94 32 93 33 92 34 95 35 93 36 94 37 98 38 97 39 96 40 99 41 97 42 98 43 101 27 98 26 100 28 102 29 98 31 101 30 7 0 56 1 5 1 55 0 56 1 7 0 39 0 51 0 41 0 53 0 51 0 39 0 60 0 103 1 58 1 104 0 103 1 60 0 104 0 105 1 103 1 106 0 105 1 104 0 108 3 93 2 107 3 109 4 93 2 108 3 111 39 90 38 110 40 112 41 90 43 111 42 115 2 114 2 113 2 116 2 114 2 115 2 116 2 113 2 115 2 114 2 113 2 116 2 117 1 54 0 1 1 118 1 54 0 117 1 119 1 21 0 23 1 105 1 21 0 119 1 106 0 21 0 105 1 19 0 21 0 106 0 47 0 50 0 45 0 28 0 50 0 47 0 120 0 36 0 34 0 121 0 36 0 120 0 118 1 121 0 122 0 38 1 121 0 118 1 124 0 57 0 123 0 59 0 57 0 124 0 54 0 122 0 52 0 118 1 122 0 54 0 125 11 70 13 68 12 126 44 70 45 125 46 127 47 70 48 126 49 128 49 70 48 127 47 130 37 64 36 129 35 131 34 64 33 130 32 87 0 123 0 86 0 124 0 123 0 87 0 132 23 75 25 83 24 77 15 75 14 132 16 133 0 45 0 48 0 44 0 45 0 133 0 134 15 80 14 78 15 135 16 80 14 134 15 136 16 80 14 135 16 137 16 80 14 136 16 90 50 139 51 138 52 93 7 109 6 140 5 93 53 142 54 141 55 144 56 98 57 143 58 64 59 62 60 129 61 98 19 146 17 145 17 121 0 38 1 36 0 98 62 148 63 147 64 98 50 145 52 143 51 64 53 150 55 149 54 70 45 128 44 72 46 64 65 152 66 151 67 153 56 139 58 90 57 93 59 95 61 107 60 93 65 155 67 154 66 90 19 138 17 156 17 90 62 158 64 157 63 80 14 137 16 82 16</p>
                </polylist>
            </mesh>
        </geometry>
    </library_geometries>
    <library_controllers>
        <controller id="controller0">
            <skin source="#mesh0">
                <bind_shape_matrix>1 0 0 0 0 1 0 0 0 0 1 0 0 0 0 1</bind_shape_matrix>
                <source id="joints0">
                    <Name_array id="JointArr0" count="15">jointnode-1 jointnode0 jointnode1 jointnode2 jointnode3 jointnode4 jointnode5 jointnode6 jointnode7 jointnode8 jointnode9 jointnode10 jointnode11 jointnode12 jointnode13</Name_array>
                    <technique_common>
                        <accessor source="#JointArr0" count="15">
                            <param name="JOINT" type="Name" />
                        </accessor>
                    </technique_common>
                </source>
                <source id="matrices0">
                    <float_array id="MatArr0" count="240">1 0 0 0 0 1 0 0 0 0 1 0 0 0 0 1 1 0 0 0 0 1 0 0 0 0 1 0 0 0 0 1 1 0 0 0 0 1 0 0 0 0 1 0 0 0 0 1 1 0 0 0 0 1 0 -62.8650016784668 0 0 1 0 0 0 0 1 1 0 0 0 0 1 0 -62.86787967849523 0 0 1 0 0 0 0 1 0.09583846729774084 -0.9940357548007287 -0.052037547634041344 40.15126773619116 0.000016372301136057664 0.052279763566300264 -0.9986324779684462 -42.48857131538213 0.9953968996927645 0.09570655410784043 0.005026687063600176 -42.80792403840509 0 0 0 1 0.09583846729774084 -0.9940357548007287 -0.052037547634041344 12.181850164169683 0.000016372301136057664 0.052279763566300264 -0.9986324779684462 -42.488571315382124 0.9953968996927645 0.09570655410784043 0.005026687063600176 -42.80792403840509 0 0 0 1 -0.0958384672977406 -0.994035754800729 -0.052037547634041524 40.59715494217823 -0.000016372301135745424 0.052279763566300215 -0.9986324779684466 -42.48854717940859 0.9953968996927647 -0.09570655410784028 -0.005026687063599792 42.85132234503473 0 0 0 1 -0.0958384672977406 -0.994035754800729 -0.052037547634041524 12.627737370156748 -0.000016372301135745424 0.052279763566300215 -0.9986324779684466 -42.48854717940859 0.9953968996927647 -0.09570655410784028 -0.005026687063599792 42.851322345034724 0 0 0 1 0.061590389508531684 -0.9939133900396834 0.09133891295615387 41.39970187924017 0.00004459103038596294 0.09151538878611992 0.9958036611837524 -26.741313946928685 -0.9981015088315556 -0.061327862470086196 0.005680788063538111 48.93117288981132 0 0 0 1.0000000000000002 0.061590389508531684 -0.9939133900396834 0.09133891295615387 13.43028430721868 0.00004459103038596294 0.09151538878611992 0.9958036611837524 -26.74131394692869 -0.9981015088315556 -0.061327862470086196 0.005680788063538111 48.93117288981132 0 0 0 1.0000000000000002 -0.061590389508531226 -0.9939133900396832 0.09133891295615379 41.39970187924017 0.000051103673724676114 0.09150950845089327 0.995804201262221 -26.73662246341284 -0.9981015085193496 0.06133663638397827 -0.005585313643629462 -48.93373653451914 0 0 0 0.9999999999999998 -0.061590389508531226 -0.9939133900396832 0.09133891295615379 13.43028430721869 0.000051103673724676114 0.09150950845089327 0.995804201262221 -26.73662246341284 -0.9981015085193496 0.06133663638397827 -0.005585313643629462 -48.93373653451914 0 0 0 0.9999999999999998 0.00004793836256566929 0 0.9999999988509566 -49.236400547673284 0 1 0 -58.76021366287023 -0.9999999988509566 0 0.00004793836256566929 -0.0023603124235949814 0 0 0 1 1 0 0 0 0 1 0 -89.70408611465245 0 0 1 0.4030190110206604 0 0 0 1</float_array>
                    <technique_common>
                        <accessor source="#MatArr0" count="15" stride="16">
                            <param type="float4x4" />
                        </accessor>
                    </technique_common>
                </source>
                <source id="weights0">
                    <float_array id="WeightArr0" count="4">1 0.5 0.0050929998978972435 0.994907021522522</float_array>
                    <technique_common>
                        <accessor source="#WeightArr0" count="1">
                            <param type="float" />
                        </accessor>
                    </technique_common>
                </source>
                <joints>
                    <input semantic="JOINT" source="#joints0" />
                    <input semantic="INV_BIND_MATRIX" source="#matrices0" />
                </joints>
                <vertex_weights count="21">
                    <input semantic="JOINT" offset="0" source="#joints0" />
                    <input semantic="WEIGHT" offset="1" source="#weights0" />
                    <vcount>1 1 1 1 1 1 1 1 1 1 1 1 1 1 1 1 1 1 1 1 1</vcount>
                    <v>13 0 13 0 13 0 13 0 13 0 13 0 13 0 13 0 13 0 13 0 13 0 13 0 13 0 13 0 13 0 13 0 13 0 13 0 13 0 13 0 13 0</v>
                </vertex_weights>
            </skin>
        </controller>
        <controller id="controller0_VC">
            <skin source="#mesh0_VC">
                <bind_shape_matrix>1 0 0 0 0 1 0 0 0 0 1 0 0 0 0 1</bind_shape_matrix>
                <source id="joints0_VC">
                    <Name_array id="JointArr0_VC" count="15">jointnode-1 jointnode0 jointnode1 jointnode2 jointnode3 jointnode4 jointnode5 jointnode6 jointnode7 jointnode8 jointnode9 jointnode10 jointnode11 jointnode12 jointnode13</Name_array>
                    <technique_common>
                        <accessor source="#JointArr0_VC" count="15">
                            <param name="JOINT" type="Name" />
                        </accessor>
                    </technique_common>
                </source>
                <source id="matrices0_VC">
                    <float_array id="MatArr0_VC" count="240">1 0 0 0 0 1 0 0 0 0 1 0 0 0 0 1 1 0 0 0 0 1 0 0 0 0 1 0 0 0 0 1 1 0 0 0 0 1 0 0 0 0 1 0 0 0 0 1 1 0 0 0 0 1 0 -62.8650016784668 0 0 1 0 0 0 0 1 1 0 0 0 0 1 0 -62.86787967849523 0 0 1 0 0 0 0 1 0.09583846729774084 -0.9940357548007287 -0.052037547634041344 40.15126773619116 0.000016372301136057664 0.052279763566300264 -0.9986324779684462 -42.48857131538213 0.9953968996927645 0.09570655410784043 0.005026687063600176 -42.80792403840509 0 0 0 1 0.09583846729774084 -0.9940357548007287 -0.052037547634041344 12.181850164169683 0.000016372301136057664 0.052279763566300264 -0.9986324779684462 -42.488571315382124 0.9953968996927645 0.09570655410784043 0.005026687063600176 -42.80792403840509 0 0 0 1 -0.0958384672977406 -0.994035754800729 -0.052037547634041524 40.59715494217823 -0.000016372301135745424 0.052279763566300215 -0.9986324779684466 -42.48854717940859 0.9953968996927647 -0.09570655410784028 -0.005026687063599792 42.85132234503473 0 0 0 1 -0.0958384672977406 -0.994035754800729 -0.052037547634041524 12.627737370156748 -0.000016372301135745424 0.052279763566300215 -0.9986324779684466 -42.48854717940859 0.9953968996927647 -0.09570655410784028 -0.005026687063599792 42.851322345034724 0 0 0 1 0.061590389508531684 -0.9939133900396834 0.09133891295615387 41.39970187924017 0.00004459103038596294 0.09151538878611992 0.9958036611837524 -26.741313946928685 -0.9981015088315556 -0.061327862470086196 0.005680788063538111 48.93117288981132 0 0 0 1.0000000000000002 0.061590389508531684 -0.9939133900396834 0.09133891295615387 13.43028430721868 0.00004459103038596294 0.09151538878611992 0.9958036611837524 -26.74131394692869 -0.9981015088315556 -0.061327862470086196 0.005680788063538111 48.93117288981132 0 0 0 1.0000000000000002 -0.061590389508531226 -0.9939133900396832 0.09133891295615379 41.39970187924017 0.000051103673724676114 0.09150950845089327 0.995804201262221 -26.73662246341284 -0.9981015085193496 0.06133663638397827 -0.005585313643629462 -48.93373653451914 0 0 0 0.9999999999999998 -0.061590389508531226 -0.9939133900396832 0.09133891295615379 13.43028430721869 0.000051103673724676114 0.09150950845089327 0.995804201262221 -26.73662246341284 -0.9981015085193496 0.06133663638397827 -0.005585313643629462 -48.93373653451914 0 0 0 0.9999999999999998 0.00004793836256566929 0 0.9999999988509566 -49.236400547673284 0 1 0 -58.76021366287023 -0.9999999988509566 0 0.00004793836256566929 -0.0023603124235949814 0 0 0 1 1 0 0 0 0 1 0 -89.70408611465245 0 0 1 0.4030190110206604 0 0 0 1</float_array>
                    <technique_common>
                        <accessor source="#MatArr0_VC" count="15" stride="16">
                            <param type="float4x4" />
                        </accessor>
                    </technique_common>
                </source>
                <source id="weights0_VC">
                    <float_array id="WeightArr0_VC" count="4">1 0.5 0.0050929998978972435 0.994907021522522</float_array>
                    <technique_common>
                        <accessor source="#WeightArr0_VC" count="1">
                            <param type="float" />
                        </accessor>
                    </technique_common>
                </source>
                <joints>
                    <input semantic="JOINT" source="#joints0_VC" />
                    <input semantic="INV_BIND_MATRIX" source="#matrices0_VC" />
                </joints>
                <vertex_weights count="21">
                    <input semantic="JOINT" offset="0" source="#joints0_VC" />
                    <input semantic="WEIGHT" offset="1" source="#weights0_VC" />
                    <vcount>1 1 1 1 1 1 1 1 1 1 1 1 1 1 1 1 1 1 1 1 1</vcount>
                    <v>13 0 13 0 13 0 13 0 13 0 13 0 13 0 13 0 13 0 13 0 13 0 13 0 13 0 13 0 13 0 13 0 13 0 13 0 13 0 13 0 13 0</v>
                </vertex_weights>
            </skin>
        </controller>
        <controller id="controller1">
            <skin source="#mesh1">
                <bind_shape_matrix>1 0 0 0 0 1 0 0 0 0 1 0 0 0 0 1</bind_shape_matrix>
                <source id="joints1">
                    <Name_array id="JointArr1" count="15">jointnode-1 jointnode0 jointnode1 jointnode2 jointnode3 jointnode4 jointnode5 jointnode6 jointnode7 jointnode8 jointnode9 jointnode10 jointnode11 jointnode12 jointnode13</Name_array>
                    <technique_common>
                        <accessor source="#JointArr1" count="15">
                            <param name="JOINT" type="Name" />
                        </accessor>
                    </technique_common>
                </source>
                <source id="matrices1">
                    <float_array id="MatArr1" count="240">1 0 0 0 0 1 0 0 0 0 1 0 0 0 0 1 1 0 0 0 0 1 0 0 0 0 1 0 0 0 0 1 1 0 0 0 0 1 0 0 0 0 1 0 0 0 0 1 1 0 0 0 0 1 0 -62.8650016784668 0 0 1 0 0 0 0 1 1 0 0 0 0 1 0 -62.86787967849523 0 0 1 0 0 0 0 1 0.09583846729774084 -0.9940357548007287 -0.052037547634041344 40.15126773619116 0.000016372301136057664 0.052279763566300264 -0.9986324779684462 -42.48857131538213 0.9953968996927645 0.09570655410784043 0.005026687063600176 -42.80792403840509 0 0 0 1 0.09583846729774084 -0.9940357548007287 -0.052037547634041344 12.181850164169683 0.000016372301136057664 0.052279763566300264 -0.9986324779684462 -42.488571315382124 0.9953968996927645 0.09570655410784043 0.005026687063600176 -42.80792403840509 0 0 0 1 -0.0958384672977406 -0.994035754800729 -0.052037547634041524 40.59715494217823 -0.000016372301135745424 0.052279763566300215 -0.9986324779684466 -42.48854717940859 0.9953968996927647 -0.09570655410784028 -0.005026687063599792 42.85132234503473 0 0 0 1 -0.0958384672977406 -0.994035754800729 -0.052037547634041524 12.627737370156748 -0.000016372301135745424 0.052279763566300215 -0.9986324779684466 -42.48854717940859 0.9953968996927647 -0.09570655410784028 -0.005026687063599792 42.851322345034724 0 0 0 1 0.061590389508531684 -0.9939133900396834 0.09133891295615387 41.39970187924017 0.00004459103038596294 0.09151538878611992 0.9958036611837524 -26.741313946928685 -0.9981015088315556 -0.061327862470086196 0.005680788063538111 48.93117288981132 0 0 0 1.0000000000000002 0.061590389508531684 -0.9939133900396834 0.09133891295615387 13.43028430721868 0.00004459103038596294 0.09151538878611992 0.9958036611837524 -26.74131394692869 -0.9981015088315556 -0.061327862470086196 0.005680788063538111 48.93117288981132 0 0 0 1.0000000000000002 -0.061590389508531226 -0.9939133900396832 0.09133891295615379 41.39970187924017 0.000051103673724676114 0.09150950845089327 0.995804201262221 -26.73662246341284 -0.9981015085193496 0.06133663638397827 -0.005585313643629462 -48.93373653451914 0 0 0 0.9999999999999998 -0.061590389508531226 -0.9939133900396832 0.09133891295615379 13.43028430721869 0.000051103673724676114 0.09150950845089327 0.995804201262221 -26.73662246341284 -0.9981015085193496 0.06133663638397827 -0.005585313643629462 -48.93373653451914 0 0 0 0.9999999999999998 0.00004793836256566929 0 0.9999999988509566 -49.236400547673284 0 1 0 -58.76021366287023 -0.9999999988509566 0 0.00004793836256566929 -0.0023603124235949814 0 0 0 1 1 0 0 0 0 1 0 -89.70408611465245 0 0 1 0.4030190110206604 0 0 0 1</float_array>
                    <technique_common>
                        <accessor source="#MatArr1" count="15" stride="16">
                            <param type="float4x4" />
                        </accessor>
                    </technique_common>
                </source>
                <source id="weights1">
                    <float_array id="WeightArr1" count="4">1 0.5 0.0050929998978972435 0.994907021522522</float_array>
                    <technique_common>
                        <accessor source="#WeightArr1" count="1">
                            <param type="float" />
                        </accessor>
                    </technique_common>
                </source>
                <joints>
                    <input semantic="JOINT" source="#joints1" />
                    <input semantic="INV_BIND_MATRIX" source="#matrices1" />
                </joints>
                <vertex_weights count="495">
                    <input semantic="JOINT" offset="0" source="#joints1" />
                    <input semantic="WEIGHT" offset="1" source="#weights1" />
                    <vcount>1 1 1 1 1 1 1 1 1 1 1 1 1 1 1 1 1 1 1 1 1 1 1 1 1 1 1 1 1 1 1 1 1 1 1 1 1 1 1 1 1 1 1 1 1 1 1 1 1 1 1 1 1 1 1 1 1 1 1 1 1 1 1 1 1 1 1 1 1 1 1 1 1 1 1 1 1 1 1 1 1 1 1 1 1 1 1 1 1 1 1 1 2 1 1 1 1 1 1 1 1 1 1 1 1 1 1 1 1 1 1 2 1 2 1 2 1 2 1 2 1 1 1 1 1 1 1 1 1 1 1 1 1 2 2 1 2 1 2 1 2 1 2 1 1 1 1 1 1 1 1 1 1 2 1 1 1 1 1 1 1 1 1 1 1 1 1 1 1 1 1 1 1 1 1 1 1 1 1 1 1 1 1 1 1 1 1 1 1 1 1 1 1 2 1 1 1 1 1 1 1 1 1 1 1 1 1 1 1 1 1 1 1 1 1 1 1 1 1 1 1 1 2 1 1 1 1 1 1 1 1 1 1 1 1 1 1 1 1 1 1 1 2 2 1 1 1 1 1 1 1 1 1 1 1 1 1 1 1 1 1 1 1 1 1 1 1 1 1 1 1 1 1 1 1 1 1 2 1 1 1 1 1 1 1 1 1 1 1 1 1 1 1 1 1 1 1 1 1 1 1 1 1 1 1 1 1 1 1 1 1 1 1 1 1 1 1 1 1 1 1 1 1 1 1 1 1 1 1 1 1 1 1 1 1 1 1 1 1 1 1 1 1 1 1 1 1 1 1 1 1 1 1 1 1 1 1 1 1 1 1 1 1 2 2 1 1 1 1 1 1 1 1 1 1 1 1 1 1 1 1 1 1 1 1 1 2 2 1 1 1 1 1 1 1 1 1 1 1 1 1 1 1 1 1 1 1 1 2 1 1 1 2 2 1 2 1 2 1 2 1 1 1 1 1 1 1 2 2 1 1 1 2 1 1 1 2 2 1 1 1 1 1 1 1 1 1 1 1 1 1 1 1 1 1 1 1 1 1 1 1 1 1 2 1 1 1 1 1 2 1 1 1 2 1 1 1 1 1 1 1 1 1 1 1 1 1 1 1 1 1 1 1 1 1</vcount>
                    <v>4 0 4 0 4 0 4 0 4 0 4 0 4 0 4 0 4 0 4 0 4 0 4 0 4 0 4 0 4 0 4 0 4 0 4 0 4 0 4 0 4 0 4 0 4 0 4 0 4 0 4 0 4 0 4 0 4 0 4 0 4 0 4 0 4 0 4 0 4 0 4 0 4 0 4 0 4 0 4 0 4 0 4 0 4 0 4 0 4 0 4 0 4 0 4 0 4 0 4 0 4 0 4 0 4 0 4 0 4 0 4 0 4 0 4 0 4 0 4 0 4 0 4 0 4 0 4 0 4 0 4 0 4 0 4 0 4 0 4 0 4 0 4 0 4 0 4 0 4 0 4 0 4 0 4 0 4 0 4 0 4 0 4 0 4 0 4 0 4 0 4 0 4 0 13 0 4 0 13 0 4 0 13 0 4 2 13 3 13 0 13 0 13 0 13 0 13 0 13 0 13 0 13 0 13 0 4 0 4 0 5 0 5 0 5 0 5 0 5 0 5 0 5 0 5 1 6 1 5 0 5 1 6 1 5 0 5 1 6 1 5 0 5 1 6 1 5 0 5 1 6 1 4 0 4 0 4 0 4 0 4 0 4 0 4 0 4 0 4 0 4 0 4 0 4 0 8 0 7 1 8 1 7 1 8 1 7 0 7 1 8 1 7 0 7 1 8 1 7 0 7 1 8 1 7 0 7 1 8 1 7 0 7 0 7 0 7 0 8 0 8 0 8 0 8 0 8 0 8 0 7 1 8 1 7 0 7 0 7 0 7 0 13 0 13 0 13 0 13 0 13 0 13 0 13 0 13 0 13 0 13 0 13 0 13 0 8 0 8 0 8 0 8 0 8 0 8 0 8 0 8 0 8 0 8 0 8 0 13 0 13 0 13 0 13 0 13 0 13 0 13 0 13 0 13 0 13 0 13 0 13 0 4 2 13 3 13 0 4 0 4 0 4 0 4 0 4 0 4 0 4 0 4 0 4 0 4 0 4 0 4 0 4 0 4 0 4 0 4 0 4 0 4 0 4 0 4 0 4 0 4 0 4 0 4 0 4 0 6 0 6 0 5 1 6 1 5 0 5 0 5 0 4 0 4 0 4 0 4 0 4 0 4 0 4 0 4 0 4 0 4 0 7 0 7 0 7 0 7 0 7 0 5 0 5 1 6 1 5 1 6 1 6 0 6 0 6 0 4 0 6 0 6 0 6 0 6 0 6 0 6 0 4 0 4 0 4 0 4 0 4 0 13 0 4 0 6 0 6 0 6 0 4 0 13 0 13 0 13 0 13 0 13 0 13 0 13 0 7 0 7 0 7 0 4 0 4 0 7 1 8 1 4 0 4 0 4 0 8 0 8 0 7 0 7 0 4 0 6 0 6 0 6 0 6 0 6 0 8 0 8 0 8 0 8 0 4 0 5 0 5 0 5 0 5 0 4 0 13 0 13 0 4 0 4 0 13 0 4 0 4 0 6 0 6 0 6 0 6 0 5 0 5 0 5 0 4 0 4 0 4 0 5 0 13 0 13 0 4 0 4 0 4 0 13 0 13 0 8 0 8 0 8 0 6 0 6 0 6 0 6 0 13 0 5 0 8 0 8 0 8 0 8 0 4 0 8 0 7 0 7 0 6 0 6 0 6 0 6 0 6 0 6 0 6 0 6 0 4 0 8 0 8 0 8 0 4 0 4 0 12 0 12 0 12 0 12 0 12 0 12 0 11 1 12 1 11 1 12 1 11 0 11 0 11 0 11 0 11 0 11 0 11 0 11 0 11 0 11 0 11 0 11 0 11 0 11 0 11 0 11 0 11 0 10 0 10 0 10 0 10 0 9 1 10 1 9 1 10 1 9 0 9 0 9 0 9 0 9 0 9 0 9 0 9 0 9 0 9 0 9 0 9 0 9 0 9 0 9 0 9 0 9 0 12 0 12 0 12 0 11 1 12 1 11 0 11 0 11 0 9 1 10 1 9 1 10 1 9 0 9 1 10 1 9 0 9 1 10 1 9 0 9 1 10 1 9 0 12 0 12 0 12 0 12 0 12 0 12 0 11 1 12 1 11 1 12 1 11 0 11 0 11 0 11 1 12 1 12 0 12 0 12 0 11 1 12 1 11 1 12 1 11 0 11 0 11 0 9 0 9 0 9 0 9 0 9 0 10 0 10 0 10 0 10 0 10 0 10 0 10 0 10 0 10 0 10 0 10 0 10 0 10 0 10 0 10 0 10 0 10 0 9 1 10 1 10 0 10 0 12 0 12 0 12 0 11 1 12 1 10 0 10 0 10 0 9 1 10 1 12 0 12 0 12 0 12 0 12 0 12 0 12 0 12 0 12 0 12 0 12 0 10 0 10 0 10 0 10 0 10 0 10 0 10 0 10 0 12 0 12 0</v>
                </vertex_weights>
            </skin>
        </controller>
        <controller id="controller1_VC">
            <skin source="#mesh1_VC">
                <bind_shape_matrix>1 0 0 0 0 1 0 0 0 0 1 0 0 0 0 1</bind_shape_matrix>
                <source id="joints1_VC">
                    <Name_array id="JointArr1_VC" count="15">jointnode-1 jointnode0 jointnode1 jointnode2 jointnode3 jointnode4 jointnode5 jointnode6 jointnode7 jointnode8 jointnode9 jointnode10 jointnode11 jointnode12 jointnode13</Name_array>
                    <technique_common>
                        <accessor source="#JointArr1_VC" count="15">
                            <param name="JOINT" type="Name" />
                        </accessor>
                    </technique_common>
                </source>
                <source id="matrices1_VC">
                    <float_array id="MatArr1_VC" count="240">1 0 0 0 0 1 0 0 0 0 1 0 0 0 0 1 1 0 0 0 0 1 0 0 0 0 1 0 0 0 0 1 1 0 0 0 0 1 0 0 0 0 1 0 0 0 0 1 1 0 0 0 0 1 0 -62.8650016784668 0 0 1 0 0 0 0 1 1 0 0 0 0 1 0 -62.86787967849523 0 0 1 0 0 0 0 1 0.09583846729774084 -0.9940357548007287 -0.052037547634041344 40.15126773619116 0.000016372301136057664 0.052279763566300264 -0.9986324779684462 -42.48857131538213 0.9953968996927645 0.09570655410784043 0.005026687063600176 -42.80792403840509 0 0 0 1 0.09583846729774084 -0.9940357548007287 -0.052037547634041344 12.181850164169683 0.000016372301136057664 0.052279763566300264 -0.9986324779684462 -42.488571315382124 0.9953968996927645 0.09570655410784043 0.005026687063600176 -42.80792403840509 0 0 0 1 -0.0958384672977406 -0.994035754800729 -0.052037547634041524 40.59715494217823 -0.000016372301135745424 0.052279763566300215 -0.9986324779684466 -42.48854717940859 0.9953968996927647 -0.09570655410784028 -0.005026687063599792 42.85132234503473 0 0 0 1 -0.0958384672977406 -0.994035754800729 -0.052037547634041524 12.627737370156748 -0.000016372301135745424 0.052279763566300215 -0.9986324779684466 -42.48854717940859 0.9953968996927647 -0.09570655410784028 -0.005026687063599792 42.851322345034724 0 0 0 1 0.061590389508531684 -0.9939133900396834 0.09133891295615387 41.39970187924017 0.00004459103038596294 0.09151538878611992 0.9958036611837524 -26.741313946928685 -0.9981015088315556 -0.061327862470086196 0.005680788063538111 48.93117288981132 0 0 0 1.0000000000000002 0.061590389508531684 -0.9939133900396834 0.09133891295615387 13.43028430721868 0.00004459103038596294 0.09151538878611992 0.9958036611837524 -26.74131394692869 -0.9981015088315556 -0.061327862470086196 0.005680788063538111 48.93117288981132 0 0 0 1.0000000000000002 -0.061590389508531226 -0.9939133900396832 0.09133891295615379 41.39970187924017 0.000051103673724676114 0.09150950845089327 0.995804201262221 -26.73662246341284 -0.9981015085193496 0.06133663638397827 -0.005585313643629462 -48.93373653451914 0 0 0 0.9999999999999998 -0.061590389508531226 -0.9939133900396832 0.09133891295615379 13.43028430721869 0.000051103673724676114 0.09150950845089327 0.995804201262221 -26.73662246341284 -0.9981015085193496 0.06133663638397827 -0.005585313643629462 -48.93373653451914 0 0 0 0.9999999999999998 0.00004793836256566929 0 0.9999999988509566 -49.236400547673284 0 1 0 -58.76021366287023 -0.9999999988509566 0 0.00004793836256566929 -0.0023603124235949814 0 0 0 1 1 0 0 0 0 1 0 -89.70408611465245 0 0 1 0.4030190110206604 0 0 0 1</float_array>
                    <technique_common>
                        <accessor source="#MatArr1_VC" count="15" stride="16">
                            <param type="float4x4" />
                        </accessor>
                    </technique_common>
                </source>
                <source id="weights1_VC">
                    <float_array id="WeightArr1_VC" count="4">1 0.5 0.0050929998978972435 0.994907021522522</float_array>
                    <technique_common>
                        <accessor source="#WeightArr1_VC" count="1">
                            <param type="float" />
                        </accessor>
                    </technique_common>
                </source>
                <joints>
                    <input semantic="JOINT" source="#joints1_VC" />
                    <input semantic="INV_BIND_MATRIX" source="#matrices1_VC" />
                </joints>
                <vertex_weights count="495">
                    <input semantic="JOINT" offset="0" source="#joints1_VC" />
                    <input semantic="WEIGHT" offset="1" source="#weights1_VC" />
                    <vcount>1 1 1 1 1 1 1 1 1 1 1 1 1 1 1 1 1 1 1 1 1 1 1 1 1 1 1 1 1 1 1 1 1 1 1 1 1 1 1 1 1 1 1 1 1 1 1 1 1 1 1 1 1 1 1 1 1 1 1 1 1 1 1 1 1 1 1 1 1 1 1 1 1 1 1 1 1 1 1 1 1 1 1 1 1 1 1 1 1 1 1 1 2 1 1 1 1 1 1 1 1 1 1 1 1 1 1 1 1 1 1 2 1 2 1 2 1 2 1 2 1 1 1 1 1 1 1 1 1 1 1 1 1 2 2 1 2 1 2 1 2 1 2 1 1 1 1 1 1 1 1 1 1 2 1 1 1 1 1 1 1 1 1 1 1 1 1 1 1 1 1 1 1 1 1 1 1 1 1 1 1 1 1 1 1 1 1 1 1 1 1 1 1 2 1 1 1 1 1 1 1 1 1 1 1 1 1 1 1 1 1 1 1 1 1 1 1 1 1 1 1 1 2 1 1 1 1 1 1 1 1 1 1 1 1 1 1 1 1 1 1 1 2 2 1 1 1 1 1 1 1 1 1 1 1 1 1 1 1 1 1 1 1 1 1 1 1 1 1 1 1 1 1 1 1 1 1 2 1 1 1 1 1 1 1 1 1 1 1 1 1 1 1 1 1 1 1 1 1 1 1 1 1 1 1 1 1 1 1 1 1 1 1 1 1 1 1 1 1 1 1 1 1 1 1 1 1 1 1 1 1 1 1 1 1 1 1 1 1 1 1 1 1 1 1 1 1 1 1 1 1 1 1 1 1 1 1 1 1 1 1 1 1 2 2 1 1 1 1 1 1 1 1 1 1 1 1 1 1 1 1 1 1 1 1 1 2 2 1 1 1 1 1 1 1 1 1 1 1 1 1 1 1 1 1 1 1 1 2 1 1 1 2 2 1 2 1 2 1 2 1 1 1 1 1 1 1 2 2 1 1 1 2 1 1 1 2 2 1 1 1 1 1 1 1 1 1 1 1 1 1 1 1 1 1 1 1 1 1 1 1 1 1 2 1 1 1 1 1 2 1 1 1 2 1 1 1 1 1 1 1 1 1 1 1 1 1 1 1 1 1 1 1 1 1</vcount>
                    <v>4 0 4 0 4 0 4 0 4 0 4 0 4 0 4 0 4 0 4 0 4 0 4 0 4 0 4 0 4 0 4 0 4 0 4 0 4 0 4 0 4 0 4 0 4 0 4 0 4 0 4 0 4 0 4 0 4 0 4 0 4 0 4 0 4 0 4 0 4 0 4 0 4 0 4 0 4 0 4 0 4 0 4 0 4 0 4 0 4 0 4 0 4 0 4 0 4 0 4 0 4 0 4 0 4 0 4 0 4 0 4 0 4 0 4 0 4 0 4 0 4 0 4 0 4 0 4 0 4 0 4 0 4 0 4 0 4 0 4 0 4 0 4 0 4 0 4 0 4 0 4 0 4 0 4 0 4 0 4 0 4 0 4 0 4 0 4 0 4 0 4 0 4 0 13 0 4 0 13 0 4 0 13 0 4 2 13 3 13 0 13 0 13 0 13 0 13 0 13 0 13 0 13 0 13 0 4 0 4 0 5 0 5 0 5 0 5 0 5 0 5 0 5 0 5 1 6 1 5 0 5 1 6 1 5 0 5 1 6 1 5 0 5 1 6 1 5 0 5 1 6 1 4 0 4 0 4 0 4 0 4 0 4 0 4 0 4 0 4 0 4 0 4 0 4 0 8 0 7 1 8 1 7 1 8 1 7 0 7 1 8 1 7 0 7 1 8 1 7 0 7 1 8 1 7 0 7 1 8 1 7 0 7 0 7 0 7 0 8 0 8 0 8 0 8 0 8 0 8 0 7 1 8 1 7 0 7 0 7 0 7 0 13 0 13 0 13 0 13 0 13 0 13 0 13 0 13 0 13 0 13 0 13 0 13 0 8 0 8 0 8 0 8 0 8 0 8 0 8 0 8 0 8 0 8 0 8 0 13 0 13 0 13 0 13 0 13 0 13 0 13 0 13 0 13 0 13 0 13 0 13 0 4 2 13 3 13 0 4 0 4 0 4 0 4 0 4 0 4 0 4 0 4 0 4 0 4 0 4 0 4 0 4 0 4 0 4 0 4 0 4 0 4 0 4 0 4 0 4 0 4 0 4 0 4 0 4 0 6 0 6 0 5 1 6 1 5 0 5 0 5 0 4 0 4 0 4 0 4 0 4 0 4 0 4 0 4 0 4 0 4 0 7 0 7 0 7 0 7 0 7 0 5 0 5 1 6 1 5 1 6 1 6 0 6 0 6 0 4 0 6 0 6 0 6 0 6 0 6 0 6 0 4 0 4 0 4 0 4 0 4 0 13 0 4 0 6 0 6 0 6 0 4 0 13 0 13 0 13 0 13 0 13 0 13 0 13 0 7 0 7 0 7 0 4 0 4 0 7 1 8 1 4 0 4 0 4 0 8 0 8 0 7 0 7 0 4 0 6 0 6 0 6 0 6 0 6 0 8 0 8 0 8 0 8 0 4 0 5 0 5 0 5 0 5 0 4 0 13 0 13 0 4 0 4 0 13 0 4 0 4 0 6 0 6 0 6 0 6 0 5 0 5 0 5 0 4 0 4 0 4 0 5 0 13 0 13 0 4 0 4 0 4 0 13 0 13 0 8 0 8 0 8 0 6 0 6 0 6 0 6 0 13 0 5 0 8 0 8 0 8 0 8 0 4 0 8 0 7 0 7 0 6 0 6 0 6 0 6 0 6 0 6 0 6 0 6 0 4 0 8 0 8 0 8 0 4 0 4 0 12 0 12 0 12 0 12 0 12 0 12 0 11 1 12 1 11 1 12 1 11 0 11 0 11 0 11 0 11 0 11 0 11 0 11 0 11 0 11 0 11 0 11 0 11 0 11 0 11 0 11 0 11 0 10 0 10 0 10 0 10 0 9 1 10 1 9 1 10 1 9 0 9 0 9 0 9 0 9 0 9 0 9 0 9 0 9 0 9 0 9 0 9 0 9 0 9 0 9 0 9 0 9 0 12 0 12 0 12 0 11 1 12 1 11 0 11 0 11 0 9 1 10 1 9 1 10 1 9 0 9 1 10 1 9 0 9 1 10 1 9 0 9 1 10 1 9 0 12 0 12 0 12 0 12 0 12 0 12 0 11 1 12 1 11 1 12 1 11 0 11 0 11 0 11 1 12 1 12 0 12 0 12 0 11 1 12 1 11 1 12 1 11 0 11 0 11 0 9 0 9 0 9 0 9 0 9 0 10 0 10 0 10 0 10 0 10 0 10 0 10 0 10 0 10 0 10 0 10 0 10 0 10 0 10 0 10 0 10 0 10 0 9 1 10 1 10 0 10 0 12 0 12 0 12 0 11 1 12 1 10 0 10 0 10 0 9 1 10 1 12 0 12 0 12 0 12 0 12 0 12 0 12 0 12 0 12 0 12 0 12 0 10 0 10 0 10 0 10 0 10 0 10 0 10 0 10 0 12 0 12 0</v>
                </vertex_weights>
            </skin>
        </controller>
        <controller id="controller2">
            <skin source="#mesh2">
                <bind_shape_matrix>1 0 0 0 0 1 0 0 0 0 1 0 0 0 0 1</bind_shape_matrix>
                <source id="joints2">
                    <Name_array id="JointArr2" count="15">jointnode-1 jointnode0 jointnode1 jointnode2 jointnode3 jointnode4 jointnode5 jointnode6 jointnode7 jointnode8 jointnode9 jointnode10 jointnode11 jointnode12 jointnode13</Name_array>
                    <technique_common>
                        <accessor source="#JointArr2" count="15">
                            <param name="JOINT" type="Name" />
                        </accessor>
                    </technique_common>
                </source>
                <source id="matrices2">
                    <float_array id="MatArr2" count="240">1 0 0 0 0 1 0 0 0 0 1 0 0 0 0 1 1 0 0 0 0 1 0 0 0 0 1 0 0 0 0 1 1 0 0 0 0 1 0 0 0 0 1 0 0 0 0 1 1 0 0 0 0 1 0 -62.8650016784668 0 0 1 0 0 0 0 1 1 0 0 0 0 1 0 -62.86787967849523 0 0 1 0 0 0 0 1 0.09583846729774084 -0.9940357548007287 -0.052037547634041344 40.15126773619116 0.000016372301136057664 0.052279763566300264 -0.9986324779684462 -42.48857131538213 0.9953968996927645 0.09570655410784043 0.005026687063600176 -42.80792403840509 0 0 0 1 0.09583846729774084 -0.9940357548007287 -0.052037547634041344 12.181850164169683 0.000016372301136057664 0.052279763566300264 -0.9986324779684462 -42.488571315382124 0.9953968996927645 0.09570655410784043 0.005026687063600176 -42.80792403840509 0 0 0 1 -0.0958384672977406 -0.994035754800729 -0.052037547634041524 40.59715494217823 -0.000016372301135745424 0.052279763566300215 -0.9986324779684466 -42.48854717940859 0.9953968996927647 -0.09570655410784028 -0.005026687063599792 42.85132234503473 0 0 0 1 -0.0958384672977406 -0.994035754800729 -0.052037547634041524 12.627737370156748 -0.000016372301135745424 0.052279763566300215 -0.9986324779684466 -42.48854717940859 0.9953968996927647 -0.09570655410784028 -0.005026687063599792 42.851322345034724 0 0 0 1 0.061590389508531684 -0.9939133900396834 0.09133891295615387 41.39970187924017 0.00004459103038596294 0.09151538878611992 0.9958036611837524 -26.741313946928685 -0.9981015088315556 -0.061327862470086196 0.005680788063538111 48.93117288981132 0 0 0 1.0000000000000002 0.061590389508531684 -0.9939133900396834 0.09133891295615387 13.43028430721868 0.00004459103038596294 0.09151538878611992 0.9958036611837524 -26.74131394692869 -0.9981015088315556 -0.061327862470086196 0.005680788063538111 48.93117288981132 0 0 0 1.0000000000000002 -0.061590389508531226 -0.9939133900396832 0.09133891295615379 41.39970187924017 0.000051103673724676114 0.09150950845089327 0.995804201262221 -26.73662246341284 -0.9981015085193496 0.06133663638397827 -0.005585313643629462 -48.93373653451914 0 0 0 0.9999999999999998 -0.061590389508531226 -0.9939133900396832 0.09133891295615379 13.43028430721869 0.000051103673724676114 0.09150950845089327 0.995804201262221 -26.73662246341284 -0.9981015085193496 0.06133663638397827 -0.005585313643629462 -48.93373653451914 0 0 0 0.9999999999999998 0.00004793836256566929 0 0.9999999988509566 -49.236400547673284 0 1 0 -58.76021366287023 -0.9999999988509566 0 0.00004793836256566929 -0.0023603124235949814 0 0 0 1 1 0 0 0 0 1 0 -89.70408611465245 0 0 1 0.4030190110206604 0 0 0 1</float_array>
                    <technique_common>
                        <accessor source="#MatArr2" count="15" stride="16">
                            <param type="float4x4" />
                        </accessor>
                    </technique_common>
                </source>
                <source id="weights2">
                    <float_array id="WeightArr2" count="4">1 0.5 0.0050929998978972435 0.994907021522522</float_array>
                    <technique_common>
                        <accessor source="#WeightArr2" count="1">
                            <param type="float" />
                        </accessor>
                    </technique_common>
                </source>
                <joints>
                    <input semantic="JOINT" source="#joints2" />
                    <input semantic="INV_BIND_MATRIX" source="#matrices2" />
                </joints>
                <vertex_weights count="159">
                    <input semantic="JOINT" offset="0" source="#joints2" />
                    <input semantic="WEIGHT" offset="1" source="#weights2" />
                    <vcount>1 1 1 1 1 1 1 1 1 1 1 1 1 1 1 1 1 1 1 1 1 1 1 1 1 1 1 1 1 1 1 1 1 1 1 1 1 1 1 1 1 1 1 1 1 1 1 1 1 1 1 1 1 1 1 1 1 1 1 1 1 1 1 1 1 1 1 1 1 1 1 1 1 1 1 1 1 1 1 1 1 1 1 1 1 1 1 1 1 1 1 1 1 1 1 1 1 1 1 1 1 1 1 1 1 1 1 1 1 1 1 1 1 1 1 1 1 1 1 1 1 1 1 1 1 1 1 1 1 1 1 1 1 1 1 1 1 1 1 1 1 1 1 1 1 1 1 1 1 1 1 1 1 1 1 1 1 1 1</vcount>
                    <v>4 0 4 0 4 0 4 0 4 0 4 0 4 0 4 0 4 0 4 0 4 0 4 0 4 0 4 0 4 0 4 0 4 0 4 0 4 0 4 0 4 0 4 0 4 0 4 0 4 0 4 0 4 0 4 0 4 0 4 0 4 0 4 0 4 0 4 0 4 0 4 0 4 0 4 0 4 0 4 0 4 0 4 0 4 0 4 0 4 0 4 0 4 0 4 0 4 0 4 0 4 0 4 0 4 0 4 0 4 0 4 0 4 0 4 0 4 0 4 0 4 0 4 0 4 0 4 0 14 0 4 0 4 0 4 0 4 0 4 0 14 0 4 0 4 0 4 0 4 0 14 0 4 0 4 0 4 0 4 0 14 0 4 0 4 0 4 0 4 0 4 0 4 0 4 0 4 0 4 0 14 0 4 0 4 0 14 0 4 0 4 0 4 0 4 0 14 0 4 0 4 0 4 0 4 0 4 0 4 0 4 0 4 0 4 0 4 0 4 0 4 0 4 0 4 0 13 0 13 0 13 0 13 0 4 0 4 0 4 0 4 0 4 0 4 0 4 0 4 0 4 0 4 0 4 0 4 0 4 0 4 0 4 0 4 0 4 0 4 0 4 0 4 0 4 0 4 0 4 0 4 0 4 0 4 0 4 0 4 0 4 0 4 0 4 0 4 0 4 0 4 0 4 0 4 0 4 0 4 0 4 0 4 0 4 0 4 0</v>
                </vertex_weights>
            </skin>
        </controller>
        <controller id="controller2_VC">
            <skin source="#mesh2_VC">
                <bind_shape_matrix>1 0 0 0 0 1 0 0 0 0 1 0 0 0 0 1</bind_shape_matrix>
                <source id="joints2_VC">
                    <Name_array id="JointArr2_VC" count="15">jointnode-1 jointnode0 jointnode1 jointnode2 jointnode3 jointnode4 jointnode5 jointnode6 jointnode7 jointnode8 jointnode9 jointnode10 jointnode11 jointnode12 jointnode13</Name_array>
                    <technique_common>
                        <accessor source="#JointArr2_VC" count="15">
                            <param name="JOINT" type="Name" />
                        </accessor>
                    </technique_common>
                </source>
                <source id="matrices2_VC">
                    <float_array id="MatArr2_VC" count="240">1 0 0 0 0 1 0 0 0 0 1 0 0 0 0 1 1 0 0 0 0 1 0 0 0 0 1 0 0 0 0 1 1 0 0 0 0 1 0 0 0 0 1 0 0 0 0 1 1 0 0 0 0 1 0 -62.8650016784668 0 0 1 0 0 0 0 1 1 0 0 0 0 1 0 -62.86787967849523 0 0 1 0 0 0 0 1 0.09583846729774084 -0.9940357548007287 -0.052037547634041344 40.15126773619116 0.000016372301136057664 0.052279763566300264 -0.9986324779684462 -42.48857131538213 0.9953968996927645 0.09570655410784043 0.005026687063600176 -42.80792403840509 0 0 0 1 0.09583846729774084 -0.9940357548007287 -0.052037547634041344 12.181850164169683 0.000016372301136057664 0.052279763566300264 -0.9986324779684462 -42.488571315382124 0.9953968996927645 0.09570655410784043 0.005026687063600176 -42.80792403840509 0 0 0 1 -0.0958384672977406 -0.994035754800729 -0.052037547634041524 40.59715494217823 -0.000016372301135745424 0.052279763566300215 -0.9986324779684466 -42.48854717940859 0.9953968996927647 -0.09570655410784028 -0.005026687063599792 42.85132234503473 0 0 0 1 -0.0958384672977406 -0.994035754800729 -0.052037547634041524 12.627737370156748 -0.000016372301135745424 0.052279763566300215 -0.9986324779684466 -42.48854717940859 0.9953968996927647 -0.09570655410784028 -0.005026687063599792 42.851322345034724 0 0 0 1 0.061590389508531684 -0.9939133900396834 0.09133891295615387 41.39970187924017 0.00004459103038596294 0.09151538878611992 0.9958036611837524 -26.741313946928685 -0.9981015088315556 -0.061327862470086196 0.005680788063538111 48.93117288981132 0 0 0 1.0000000000000002 0.061590389508531684 -0.9939133900396834 0.09133891295615387 13.43028430721868 0.00004459103038596294 0.09151538878611992 0.9958036611837524 -26.74131394692869 -0.9981015088315556 -0.061327862470086196 0.005680788063538111 48.93117288981132 0 0 0 1.0000000000000002 -0.061590389508531226 -0.9939133900396832 0.09133891295615379 41.39970187924017 0.000051103673724676114 0.09150950845089327 0.995804201262221 -26.73662246341284 -0.9981015085193496 0.06133663638397827 -0.005585313643629462 -48.93373653451914 0 0 0 0.9999999999999998 -0.061590389508531226 -0.9939133900396832 0.09133891295615379 13.43028430721869 0.000051103673724676114 0.09150950845089327 0.995804201262221 -26.73662246341284 -0.9981015085193496 0.06133663638397827 -0.005585313643629462 -48.93373653451914 0 0 0 0.9999999999999998 0.00004793836256566929 0 0.9999999988509566 -49.236400547673284 0 1 0 -58.76021366287023 -0.9999999988509566 0 0.00004793836256566929 -0.0023603124235949814 0 0 0 1 1 0 0 0 0 1 0 -89.70408611465245 0 0 1 0.4030190110206604 0 0 0 1</float_array>
                    <technique_common>
                        <accessor source="#MatArr2_VC" count="15" stride="16">
                            <param type="float4x4" />
                        </accessor>
                    </technique_common>
                </source>
                <source id="weights2_VC">
                    <float_array id="WeightArr2_VC" count="4">1 0.5 0.0050929998978972435 0.994907021522522</float_array>
                    <technique_common>
                        <accessor source="#WeightArr2_VC" count="1">
                            <param type="float" />
                        </accessor>
                    </technique_common>
                </source>
                <joints>
                    <input semantic="JOINT" source="#joints2_VC" />
                    <input semantic="INV_BIND_MATRIX" source="#matrices2_VC" />
                </joints>
                <vertex_weights count="159">
                    <input semantic="JOINT" offset="0" source="#joints2_VC" />
                    <input semantic="WEIGHT" offset="1" source="#weights2_VC" />
                    <vcount>1 1 1 1 1 1 1 1 1 1 1 1 1 1 1 1 1 1 1 1 1 1 1 1 1 1 1 1 1 1 1 1 1 1 1 1 1 1 1 1 1 1 1 1 1 1 1 1 1 1 1 1 1 1 1 1 1 1 1 1 1 1 1 1 1 1 1 1 1 1 1 1 1 1 1 1 1 1 1 1 1 1 1 1 1 1 1 1 1 1 1 1 1 1 1 1 1 1 1 1 1 1 1 1 1 1 1 1 1 1 1 1 1 1 1 1 1 1 1 1 1 1 1 1 1 1 1 1 1 1 1 1 1 1 1 1 1 1 1 1 1 1 1 1 1 1 1 1 1 1 1 1 1 1 1 1 1 1 1</vcount>
                    <v>4 0 4 0 4 0 4 0 4 0 4 0 4 0 4 0 4 0 4 0 4 0 4 0 4 0 4 0 4 0 4 0 4 0 4 0 4 0 4 0 4 0 4 0 4 0 4 0 4 0 4 0 4 0 4 0 4 0 4 0 4 0 4 0 4 0 4 0 4 0 4 0 4 0 4 0 4 0 4 0 4 0 4 0 4 0 4 0 4 0 4 0 4 0 4 0 4 0 4 0 4 0 4 0 4 0 4 0 4 0 4 0 4 0 4 0 4 0 4 0 4 0 4 0 4 0 4 0 14 0 4 0 4 0 4 0 4 0 4 0 14 0 4 0 4 0 4 0 4 0 14 0 4 0 4 0 4 0 4 0 14 0 4 0 4 0 4 0 4 0 4 0 4 0 4 0 4 0 4 0 14 0 4 0 4 0 14 0 4 0 4 0 4 0 4 0 14 0 4 0 4 0 4 0 4 0 4 0 4 0 4 0 4 0 4 0 4 0 4 0 4 0 4 0 4 0 13 0 13 0 13 0 13 0 4 0 4 0 4 0 4 0 4 0 4 0 4 0 4 0 4 0 4 0 4 0 4 0 4 0 4 0 4 0 4 0 4 0 4 0 4 0 4 0 4 0 4 0 4 0 4 0 4 0 4 0 4 0 4 0 4 0 4 0 4 0 4 0 4 0 4 0 4 0 4 0 4 0 4 0 4 0 4 0 4 0 4 0</v>
                </vertex_weights>
            </skin>
        </controller>
    </library_controllers>
    <library_visual_scenes>
        <visual_scene id="VisualSceneNode">
            <node id="node0" name="m0" type="NODE">
                <instance_controller url="#controller0">
                    <skeleton>#jointnode-1</skeleton>
                    <bind_material>
                        <technique_common>
                            <instance_material symbol="Material1" target="#mat2">
                                <bind_vertex_input semantic="UVSET0" input_semantic="TEXCOORD" input_set="0"></bind_vertex_input>
                            </instance_material>
                        </technique_common>
                    </bind_material>
                </instance_controller>
            </node>
            <node id="node0_VC" name="m0_VC" type="NODE">
                <instance_controller url="#controller0_VC">
                    <skeleton>#jointnode-1</skeleton>
                    <bind_material>
                        <technique_common>
                            <instance_material symbol="Material1" target="#mat_vc">
                                <bind_vertex_input semantic="UVSET0" input_semantic="TEXCOORD" input_set="0"></bind_vertex_input>
                            </instance_material>
                        </technique_common>
                    </bind_material>
                </instance_controller>
            </node>
            <node id="node1" name="m1" type="NODE">
                <instance_controller url="#controller1">
                    <skeleton>#jointnode-1</skeleton>
                    <bind_material>
                        <technique_common>
                            <instance_material symbol="Material1" target="#mat1">
                                <bind_vertex_input semantic="UVSET0" input_semantic="TEXCOORD" input_set="0"></bind_vertex_input>
                            </instance_material>
                        </technique_common>
                    </bind_material>
                </instance_controller>
            </node>
            <node id="node1_VC" name="m1_VC" type="NODE">
                <instance_controller url="#controller1_VC">
                    <skeleton>#jointnode-1</skeleton>
                    <bind_material>
                        <technique_common>
                            <instance_material symbol="Material1" target="#mat_vc">
                                <bind_vertex_input semantic="UVSET0" input_semantic="TEXCOORD" input_set="0"></bind_vertex_input>
                            </instance_material>
                        </technique_common>
                    </bind_material>
                </instance_controller>
            </node>
            <node id="node2" name="m2" type="NODE">
                <instance_controller url="#controller2">
                    <skeleton>#jointnode-1</skeleton>
                    <bind_material>
                        <technique_common>
                            <instance_material symbol="Material1" target="#mat0">
                                <bind_vertex_input semantic="UVSET0" input_semantic="TEXCOORD" input_set="0"></bind_vertex_input>
                            </instance_material>
                        </technique_common>
                    </bind_material>
                </instance_controller>
            </node>
            <node id="node2_VC" name="m2_VC" type="NODE">
                <instance_controller url="#controller2_VC">
                    <skeleton>#jointnode-1</skeleton>
                    <bind_material>
                        <technique_common>
                            <instance_material symbol="Material1" target="#mat_vc">
                                <bind_vertex_input semantic="UVSET0" input_semantic="TEXCOORD" input_set="0"></bind_vertex_input>
                            </instance_material>
                        </technique_common>
                    </bind_material>
                </instance_controller>
            </node>
            <node id="jointnode-1" name="root" sid="jointnode-1" type="JOINT">
                <node id="jointnode0" name="AllRoot" sid="jointnode0" type="JOINT">
                    <node id="jointnode1" name="Root" sid="jointnode1" type="JOINT">
                        <node id="jointnode2" name="Center" sid="jointnode2" type="JOINT">
                            <translate>0 62.8650016784668 0</translate>
                            <node id="jointnode3" name="JointRoot" sid="jointnode3" type="JOINT">
                                <translate>0 0.0028780000284314156 0</translate>
                                <node id="jointnode4" name="BLegL1" sid="jointnode4" type="JOINT">
                                    <translate>38.76353454589844 -16.637792587280273 -40.125911712646484</translate>
                                    <rotate>0 0 1 -84.4929349650563</rotate>
                                    <rotate>0 1 0 2.9828791161839656</rotate>
                                    <rotate>1 0 0 -89.71160008545182</rotate>
                                    <node id="jointnode5" name="BLegL2" sid="jointnode5" type="JOINT">
                                        <translate>27.969417572021484 0 0</translate>
                                    </node>
                                </node>
                                <node id="jointnode6" name="BLegR1" sid="jointnode6" type="JOINT">
                                    <translate>-38.763999938964844 -16.190412521362305 -40.10246658325195</translate>
                                    <rotate>0 0 1 -95.5070650349437</rotate>
                                    <rotate>0 1 0 2.9828791161839656</rotate>
                                    <rotate>1 0 0 -90.28839991454817</rotate>
                                    <node id="jointnode7" name="BLegR2" sid="jointnode7" type="JOINT">
                                        <translate>27.969417572021484 0 0</translate>
                                    </node>
                                </node>
                                <node id="jointnode8" name="FLegL1" sid="jointnode8" type="JOINT">
                                    <translate>46.28964614868164 -16.272075653076172 22.569726943969727</translate>
                                    <rotate>0 0 1 -86.45405438398389</rotate>
                                    <rotate>0 1 0 -5.240638447218238</rotate>
                                    <rotate>1 0 0 89.67314676351207</rotate>
                                    <node id="jointnode9" name="FLegL2" sid="jointnode9" type="JOINT">
                                        <translate>27.969417572021484 0 0</translate>
                                    </node>
                                </node>
                                <node id="jointnode10" name="FLegR1" sid="jointnode10" type="JOINT">
                                    <translate>-46.28964614868164 -16.272075653076172 22.569726943969727</translate>
                                    <rotate>0 0 1 -93.54594561601611</rotate>
                                    <rotate>0 1 0 -5.240638447218238</rotate>
                                    <rotate>1 0 0 90.32135990478224</rotate>
                                    <node id="jointnode11" name="FLegR2" sid="jointnode11" type="JOINT">
                                        <translate>27.969417572021484 0 0</translate>
                                    </node>
                                </node>
                                <node id="jointnode12" name="Head" sid="jointnode12" type="JOINT">
                                    <translate>0 -4.107666015625 49.23640060424805</translate>
                                    <rotate>0 1 0 -89.99725333414716</rotate>
                                </node>
                                <node id="jointnode13" name="Needle" sid="jointnode13" type="JOINT">
                                    <translate>0 26.836206436157227 -0.4030190110206604</translate>
                                </node>
                            </node>
                        </node>
                    </node>
                </node>
            </node>
        </visual_scene>
    </library_visual_scenes>
    <scene>
        <instance_visual_scene url="#VisualSceneNode"></instance_visual_scene>
    </scene>
</COLLADA>
