<?xml version="1.0"?>
<COLLADA xmlns="http://www.collada.org/2005/11/COLLADASchema" version="1.4.1">
    <asset>
        <contributor>
            <authoring_tool>J3D Ripoff Exporter</authoring_tool>
        </contributor>
        <created>2025-09-13T18:42:22.668Z</created>
        <modified>2025-09-13T18:42:22.668Z</modified>
		<unit meter="0.01" name="centimeter" ></unit>
        <up_axis>Y_UP</up_axis>
    </asset>
    <library_images>
        <image id="tex0">
            <init_from>TogezoBody2.png</init_from>
        </image>
        <image id="tex1">
            <init_from>Hilight.png</init_from>
        </image>
        <image id="tex_vc">
            <init_from>vertexColors_ball.png</init_from>
        </image>
    </library_images>
    <library_effects>
        <effect id="effect0">
            <profile_COMMON>
                <newparam sid="surface0">
                    <surface type="2D">
                        <init_from>tex0</init_from>
                    </surface>
                </newparam>
                <newparam sid="sampler0">
                    <sampler2D>
                        <source>surface0</source>
                    </sampler2D>
                </newparam>
                <technique sid="COMMON">
                    <blinn>
                        <diffuse>
                            <texture texture="sampler0" texcoord="UVSET0"></texture>
                        </diffuse>
                    </blinn>
                </technique>
            </profile_COMMON>
        </effect>
        <effect id="effect_vc">
            <profile_COMMON>
                <newparam sid="surface_vc">
                    <surface type="2D">
                        <init_from>tex_vc</init_from>
                    </surface>
                </newparam>
                <newparam sid="sampler_vc">
                    <sampler2D>
                        <source>surface_vc</source>
                    </sampler2D>
                </newparam>
                <technique sid="COMMON">
                    <blinn>
                        <diffuse>
                            <texture texture="sampler_vc" texcoord="UVSET0"></texture>
                        </diffuse>
                    </blinn>
                </technique>
            </profile_COMMON>
        </effect>
    </library_effects>
    <library_materials>
        <material id="mat0" name="BodyEnv_v">
            <instance_effect url="#effect0"></instance_effect>
        </material>
        <material id="mat_vc" name="vertexColors">
            <instance_effect url="#effect_vc"></instance_effect>
        </material>
    </library_materials>
    <library_geometries>
        <geometry id="mesh0">
            <mesh>
                <source id="points0">
                    <float_array id="pointarray0" count="1662">-44.26563499999975 102.81282806396484 44.265625 -48.60938499999975 106.07064056396484 36.45703125 -40.91016624999975 110.52376556396484 40.91015625 -44.26563499999975 113.87923431396484 33.19921875 -36.45704124999975 118.22298431396484 36.45703125 -39.47657249999975 122.24642181396484 26.31640625 -28.929697499999747 127.47298431396484 28.9296875 -30.925791249999747 131.46517181396484 15.4609375 -16.699228749999747 136.42220306396484 16.69921875 -17.183603749999747 138.35970306396484 0 -0.000009999999747378752 140.47689056396484 0 -0.000009999999747378752 138.35970306396484 -17.18359375 16.699208750000253 136.42220306396484 -16.69921875 15.460927500000253 131.46517181396484 -30.92578125 28.929677500000253 127.47298431396484 -28.9296875 26.316396250000253 122.24642181396484 -39.4765625 36.45702125000025 118.22298431396484 -36.45703125 33.19920875000025 113.87923431396484 -44.265625 40.91014625000025 110.52376556396484 -40.91015625 44.26561500000025 102.81282806396484 -44.265625 48.60936500000025 106.07064056396484 -36.45703125 52.63280250000025 95.93001556396484 -39.4765625 57.85936500000025 98.54329681396484 -28.9296875 61.85155250000025 85.07454681396484 -30.92578125 66.80858375000025 86.31282806396484 -16.69921875 68.74608375000025 69.61360931396484 -17.18359375 70.86327125000025 69.61360931396484 0 68.74608375000025 52.430015563964844 0 66.80858375000025 52.914390563964844 16.69921875 61.85155250000025 38.687828063964844 15.4609375 57.85936500000025 40.683921813964844 28.9296875 52.63280250000025 30.137046813964844 26.31640625 48.60936500000025 33.156578063964844 36.45703125 44.26561500000025 25.347984313964844 33.19921875 40.91014625000025 28.703453063964844 40.91015625 36.45702125000025 21.004234313964844 36.45703125 33.19920875000025 25.347984313964844 44.265625 26.316396250000253 16.980796813964844 39.4765625 23.621083750000253 22.371421813964844 47.2421875 13.894521250000253 14.023765563964844 41.69140625 12.332021250000253 20.273765563964844 49.33984375 -0.000009999999747378752 12.926109313964844 42.515625 -0.000009999999747378752 19.508140563964844 50.10546875 -13.894541249999747 14.023765563964844 41.69140625 -12.332041249999747 20.273765563964844 49.33984375 -26.316416249999747 16.980796813964844 39.4765625 -23.621103749999747 22.371421813964844 47.2421875 -36.45704124999975 21.004234313964844 36.45703125 -33.19922874999975 25.347984313964844 44.265625 -44.26563499999975 25.347984313964844 33.19921875 -40.91016624999975 28.703453063964844 40.91015625 -44.26563499999975 36.414390563964844 44.265625 -36.45704124999975 33.156578063964844 48.609375 -39.47657249999975 43.297203063964844 52.6328125 -28.929697499999747 40.683921813964844 57.859375 -30.925791249999747 54.152671813964844 61.8515625 -16.699228749999747 52.914390563964844 66.80859375 -17.183603749999747 69.61360931396484 68.74609375 -0.000009999999747378752 69.61360931396484 70.86328125 -0.000009999999747378752 86.79720306396484 68.74609375 16.699208750000253 86.31282806396484 66.80859375 15.460927500000253 100.53939056396484 61.8515625 28.929677500000253 98.54329681396484 57.859375 26.316396250000253 109.09017181396484 52.6328125 36.45702125000025 106.07064056396484 48.609375 33.19920875000025 113.87923431396484 44.265625 40.91014625000025 110.52376556396484 40.91015625 44.26561500000025 113.87923431396484 33.19921875 44.26561500000025 102.81282806396484 44.265625 48.60936500000025 106.07064056396484 36.45703125 47.24217750000025 93.23470306396484 47.2421875 52.63280250000025 95.93001556396484 39.4765625 49.33983375000025 81.94564056396484 49.33984375 55.58983375000025 83.50814056396484 41.69140625 50.10545875000025 69.61360931396484 50.10546875 56.68749000000025 69.61360931396484 42.515625 49.33983375000025 57.281578063964844 49.33984375 55.58983375000025 55.719078063964844 41.69140625 47.24217750000025 45.992515563964844 47.2421875 52.63280250000025 43.297203063964844 39.4765625 44.26561500000025 36.414390563964844 44.265625 13.894521250000253 111.30501556396484 55.58984375 -0.000009999999747378752 101.30110931396484 63.37890625 -0.000009999999747378752 112.12923431396484 56.6875 -15.460947499999747 100.53939056396484 61.8515625 -13.894541249999747 111.30501556396484 55.58984375 -28.929697499999747 98.54329681396484 57.859375 -26.316416249999747 109.09017181396484 52.6328125 -39.47657249999975 95.93001556396484 52.6328125 -36.45704124999975 106.07064056396484 48.609375 -47.24219749999975 93.23470306396484 47.2421875 -52.63282249999975 95.93001556396484 39.4765625 -57.85938499999975 98.54329681396484 28.9296875 -52.63282249999975 109.09017181396484 26.31640625 -61.85157249999975 100.53939056396484 15.4609375 -55.58985374999975 111.30501556396484 13.89453125 -63.37891624999975 101.30110931396484 0 -56.68750999999975 112.12923431396484 0 -61.85157249999975 100.53939056396484 -15.4609375 -55.58985374999975 111.30501556396484 -13.89453125 -57.85938499999975 98.54329681396484 -28.9296875 -52.63282249999975 109.09017181396484 -26.31640625 -52.63282249999975 95.93001556396484 -39.4765625 -48.60938499999975 106.07064056396484 -36.45703125 -47.24219749999975 93.23470306396484 -47.2421875 -44.26563499999975 102.81282806396484 -44.265625 -39.47657249999975 95.93001556396484 -52.6328125 -36.45704124999975 106.07064056396484 -48.609375 -28.929697499999747 98.54329681396484 -57.859375 -26.316416249999747 109.09017181396484 -52.6328125 -15.460947499999747 100.53939056396484 -61.8515625 -13.894541249999747 111.30501556396484 -55.58984375 -0.000009999999747378752 101.30110931396484 -63.37890625 -0.000009999999747378752 112.12923431396484 -56.6875 15.460927500000253 100.53939056396484 -61.8515625 13.894521250000253 111.30501556396484 -55.58984375 28.929677500000253 98.54329681396484 -57.859375 26.316396250000253 109.09017181396484 -52.6328125 39.47655250000025 95.93001556396484 -52.6328125 36.45702125000025 106.07064056396484 -48.609375 47.24217750000025 93.23470306396484 -47.2421875 -41.69141624999975 55.719078063964844 55.58984375 -47.24219749999975 45.992515563964844 47.2421875 -49.33985374999975 57.281578063964844 49.33984375 -52.63282249999975 43.297203063964844 39.4765625 -55.58985374999975 55.719078063964844 41.69140625 -57.85938499999975 40.683921813964844 28.9296875 -61.85157249999975 54.152671813964844 30.92578125 -61.85157249999975 38.687828063964844 15.4609375 -66.80860374999975 52.914390563964844 16.69921875 -63.37891624999975 37.926109313964844 0 -68.74610374999975 52.430015563964844 0 -61.85157249999975 38.687828063964844 -15.4609375 -66.80860374999975 52.914390563964844 -16.69921875 -57.85938499999975 40.683921813964844 -28.9296875 -61.85157249999975 54.152671813964844 -30.92578125 -52.63282249999975 43.297203063964844 -39.4765625 -55.58985374999975 55.719078063964844 -41.69140625 -47.24219749999975 45.992515563964844 -47.2421875 -49.33985374999975 57.281578063964844 -49.33984375 -39.47657249999975 43.297203063964844 -52.6328125 -41.69141624999975 55.719078063964844 -55.58984375 -28.929697499999747 40.683921813964844 -57.859375 -30.925791249999747 54.152671813964844 -61.8515625 -15.460947499999747 38.687828063964844 -61.8515625 -16.699228749999747 52.914390563964844 -66.80859375 -0.000009999999747378752 37.926109313964844 -63.37890625 -0.000009999999747378752 52.430015563964844 -68.74609375 15.460927500000253 38.687828063964844 -61.8515625 16.699208750000253 52.914390563964844 -66.80859375 28.929677500000253 40.683921813964844 -57.859375 30.925771250000253 54.152671813964844 -61.8515625 39.47655250000025 43.297203063964844 -52.6328125 41.69139625000025 55.719078063964844 -55.58984375 47.24217750000025 45.992515563964844 -47.2421875 49.33983375000025 57.281578063964844 -49.33984375 52.63280250000025 43.297203063964844 -39.4765625 55.58983375000025 55.719078063964844 -41.69140625 57.85936500000025 40.683921813964844 -28.9296875 61.85155250000025 54.152671813964844 -30.92578125 61.85155250000025 38.687828063964844 -15.4609375 66.80858375000025 52.914390563964844 -16.69921875 63.37889625000025 37.926109313964844 0 -16.699228749999747 86.31282806396484 66.80859375 -30.925791249999747 85.07454681396484 61.8515625 -41.69141624999975 83.50814056396484 55.58984375 -49.33985374999975 81.94564056396484 49.33984375 -55.58985374999975 83.50814056396484 41.69140625 -61.85157249999975 85.07454681396484 30.92578125 -66.80860374999975 86.31282806396484 16.69921875 -68.74610374999975 86.79720306396484 0 -66.80860374999975 86.31282806396484 -16.69921875 -61.85157249999975 85.07454681396484 -30.92578125 -55.58985374999975 83.50814056396484 -41.69140625 -49.33985374999975 81.94564056396484 -49.33984375 -41.69141624999975 83.50814056396484 -55.58984375 -30.925791249999747 85.07454681396484 -61.8515625 -16.699228749999747 86.31282806396484 -66.80859375 -0.000009999999747378752 86.79720306396484 -68.74609375 16.699208750000253 86.31282806396484 -66.80859375 30.925771250000253 85.07454681396484 -61.8515625 41.69139625000025 83.50814056396484 -55.58984375 49.33983375000025 81.94564056396484 -49.33984375 55.58983375000025 83.50814056396484 -41.69140625 -31.687509999999747 69.61360931396484 63.37890625 -42.51563499999975 69.61360931396484 56.6875 -50.10547874999975 69.61360931396484 50.10546875 -56.68750999999975 69.61360931396484 42.515625 -63.37891624999975 69.61360931396484 31.6875 -68.74610374999975 69.61360931396484 17.18359375 -70.86329124999975 69.61360931396484 0 -68.74610374999975 69.61360931396484 -17.18359375 -63.37891624999975 69.61360931396484 -31.6875 -56.68750999999975 69.61360931396484 -42.515625 -50.10547874999975 69.61360931396484 -50.10546875 -42.51563499999975 69.61360931396484 -56.6875 -31.687509999999747 69.61360931396484 -63.37890625 -17.183603749999747 69.61360931396484 -68.74609375 -0.000009999999747378752 69.61360931396484 -70.86328125 17.183583750000253 69.61360931396484 -68.74609375 31.687490000000253 69.61360931396484 -63.37890625 42.51561500000025 69.61360931396484 -56.6875 50.10545875000025 69.61360931396484 -50.10546875 56.68749000000025 69.61360931396484 -42.515625 63.37889625000025 69.61360931396484 -31.6875 -48.60938499999975 33.156578063964844 36.45703125 -52.63282249999975 30.137046813964844 26.31640625 -55.58985374999975 27.922203063964844 13.89453125 -56.68750999999975 27.097984313964844 0 -55.58985374999975 27.922203063964844 -13.89453125 -52.63282249999975 30.137046813964844 -26.31640625 -48.60938499999975 33.156578063964844 -36.45703125 -44.26563499999975 36.414390563964844 -44.265625 -36.45704124999975 33.156578063964844 -48.609375 -26.316416249999747 30.137046813964844 -52.6328125 -13.894541249999747 27.922203063964844 -55.58984375 -0.000009999999747378752 27.097984313964844 -56.6875 13.894521250000253 27.922203063964844 -55.58984375 26.316396250000253 30.137046813964844 -52.6328125 36.45702125000025 33.156578063964844 -48.609375 44.26561500000025 36.414390563964844 -44.265625 48.60936500000025 33.156578063964844 -36.45703125 52.63280250000025 30.137046813964844 -26.31640625 55.58983375000025 27.922203063964844 -13.89453125 56.68749000000025 27.097984313964844 0 55.58983375000025 27.922203063964844 13.89453125 -47.24219749999975 22.371421813964844 23.62109375 -49.33985374999975 20.273765563964844 12.33203125 -50.10547874999975 19.508140563964844 0 -49.33985374999975 20.273765563964844 -12.33203125 -47.24219749999975 22.371421813964844 -23.62109375 -44.26563499999975 25.347984313964844 -33.19921875 -40.91016624999975 28.703453063964844 -40.91015625 -33.19922874999975 25.347984313964844 -44.265625 -23.621103749999747 22.371421813964844 -47.2421875 -12.332041249999747 20.273765563964844 -49.33984375 -0.000009999999747378752 19.508140563964844 -50.10546875 12.332021250000253 20.273765563964844 -49.33984375 23.621083750000253 22.371421813964844 -47.2421875 33.19920875000025 25.347984313964844 -44.265625 40.91014625000025 28.703453063964844 -40.91015625 44.26561500000025 25.347984313964844 -33.19921875 47.24217750000025 22.371421813964844 -23.62109375 49.33983375000025 20.273765563964844 -12.33203125 50.10545875000025 19.508140563964844 0 49.33983375000025 20.273765563964844 12.33203125 47.24217750000025 22.371421813964844 23.62109375 -47.24219749999975 116.85579681396484 23.62109375 -41.69141624999975 125.20345306396484 13.89453125 -31.687509999999747 132.99251556396484 0 -16.699228749999747 136.42220306396484 -16.69921875 -0.000009999999747378752 132.99251556396484 -31.6875 13.894521250000253 125.20345306396484 -41.69140625 23.621083750000253 116.85579681396484 -47.2421875 39.47655250000025 95.93001556396484 52.6328125 30.925771250000253 85.07454681396484 61.8515625 17.183583750000253 69.61360931396484 68.74609375 -0.000009999999747378752 52.430015563964844 68.74609375 -15.460947499999747 38.687828063964844 61.8515625 -26.316416249999747 30.137046813964844 52.6328125 -49.33985374999975 118.95345306396484 12.33203125 -42.51563499999975 126.30110931396484 0 -30.925791249999747 131.46517181396484 -15.4609375 -15.460947499999747 131.46517181396484 -30.92578125 -0.000009999999747378752 126.30110931396484 -42.515625 12.332021250000253 118.95345306396484 -49.33984375 61.85155250000025 54.152671813964844 30.92578125 63.37889625000025 69.61360931396484 31.6875 68.74608375000025 69.61360931396484 17.18359375 66.80858375000025 86.31282806396484 16.69921875 68.74608375000025 86.79720306396484 0 63.37889625000025 101.30110931396484 0 61.85155250000025 100.53939056396484 -15.4609375 55.58983375000025 111.30501556396484 -13.89453125 52.63280250000025 109.09017181396484 -26.31640625 47.24217750000025 116.85579681396484 -23.62109375 44.26561500000025 113.87923431396484 -33.19921875 39.47655250000025 122.24642181396484 -26.31640625 39.47655250000025 16.980796813964844 26.31640625 41.69139625000025 14.023765563964844 13.89453125 42.51561500000025 12.926109313964844 0 41.69139625000025 14.023765563964844 -13.89453125 39.47655250000025 16.980796813964844 -26.31640625 36.45702125000025 21.004234313964844 -36.45703125 61.85155250000025 85.07454681396484 30.92578125 61.85155250000025 100.53939056396484 15.4609375 56.68749000000025 112.12923431396484 0 49.33983375000025 118.95345306396484 -12.33203125 41.69139625000025 125.20345306396484 -13.89453125 30.925771250000253 131.46517181396484 -15.4609375 57.85936500000025 98.54329681396484 28.9296875 55.58983375000025 111.30501556396484 13.89453125 50.10545875000025 119.71907806396484 0 42.51561500000025 126.30110931396484 0 31.687490000000253 132.99251556396484 0 17.183583750000253 138.35970306396484 0 52.63280250000025 109.09017181396484 26.31640625 49.33983375000025 118.95345306396484 12.33203125 41.69139625000025 125.20345306396484 13.89453125 30.925771250000253 131.46517181396484 15.4609375 16.699208750000253 136.42220306396484 16.69921875 -0.000009999999747378752 138.35970306396484 17.18359375 47.24217750000025 116.85579681396484 23.62109375 39.47655250000025 122.24642181396484 26.31640625 28.929677500000253 127.47298431396484 28.9296875 15.460927500000253 131.46517181396484 30.92578125 -0.000009999999747378752 132.99251556396484 31.6875 -15.460947499999747 131.46517181396484 30.92578125 36.45702125000025 118.22298431396484 36.45703125 26.316396250000253 122.24642181396484 39.4765625 13.894521250000253 125.20345306396484 41.69140625 -0.000009999999747378752 126.30110931396484 42.515625 -13.894541249999747 125.20345306396484 41.69140625 -26.316416249999747 122.24642181396484 39.4765625 23.621083750000253 116.85579681396484 47.2421875 12.332021250000253 118.95345306396484 49.33984375 -0.000009999999747378752 119.71907806396484 50.10546875 -12.332041249999747 118.95345306396484 49.33984375 -23.621103749999747 116.85579681396484 47.2421875 -33.19922874999975 113.87923431396484 44.265625 -39.47657249999975 16.980796813964844 26.31640625 -41.69141624999975 14.023765563964844 13.89453125 -42.51563499999975 12.926109313964844 0 -41.69141624999975 14.023765563964844 -13.89453125 -39.47657249999975 16.980796813964844 -26.31640625 -36.45704124999975 21.004234313964844 -36.45703125 -28.929697499999747 11.754234313964844 28.9296875 -30.925791249999747 7.762046813964844 15.4609375 -31.687509999999747 6.234703063964844 0 -30.925791249999747 7.762046813964844 -15.4609375 -28.929697499999747 11.754234313964844 -28.9296875 -26.316416249999747 16.980796813964844 -39.4765625 -15.460947499999747 7.762046813964844 30.92578125 -16.699228749999747 2.8050155639648438 16.69921875 -17.183603749999747 0.8675155639648438 0 -16.699228749999747 2.8050155639648438 -16.69921875 -15.460947499999747 7.762046813964844 -30.92578125 -13.894541249999747 14.023765563964844 -41.69140625 -0.000009999999747378752 6.234703063964844 31.6875 -0.000009999999747378752 0.8675155639648438 17.18359375 -0.000009999999747378752 -1.2496719360351562 0 -0.000009999999747378752 0.8675155639648438 -17.18359375 -0.000009999999747378752 6.234703063964844 -31.6875 -0.000009999999747378752 12.926109313964844 -42.515625 15.460927500000253 7.762046813964844 30.92578125 16.699208750000253 2.8050155639648438 16.69921875 17.183583750000253 0.8675155639648438 0 16.699208750000253 2.8050155639648438 -16.69921875 15.460927500000253 7.762046813964844 -30.92578125 13.894521250000253 14.023765563964844 -41.69140625 28.929677500000253 11.754234313964844 28.9296875 30.925771250000253 7.762046813964844 15.4609375 31.687490000000253 6.234703063964844 0 30.925771250000253 7.762046813964844 -15.4609375 28.929677500000253 11.754234313964844 -28.9296875 26.316396250000253 16.980796813964844 -39.4765625 41.69139625000025 83.50814056396484 55.58984375 31.687490000000253 69.61360931396484 63.37890625 16.699208750000253 52.914390563964844 66.80859375 -0.000009999999747378752 37.926109313964844 63.37890625 -13.894541249999747 27.922203063964844 55.58984375 -50.10547874999975 119.71907806396484 0 -41.69141624999975 125.20345306396484 -13.89453125 -28.929697499999747 127.47298431396484 -28.9296875 -13.894541249999747 125.20345306396484 -41.69140625 -0.000009999999747378752 119.71907806396484 -50.10546875 42.51561500000025 69.61360931396484 56.6875 30.925771250000253 54.152671813964844 61.8515625 15.460927500000253 38.687828063964844 61.8515625 -0.000009999999747378752 27.097984313964844 56.6875 -49.33985374999975 118.95345306396484 -12.33203125 -39.47657249999975 122.24642181396484 -26.31640625 -26.316416249999747 122.24642181396484 -39.4765625 -12.332041249999747 118.95345306396484 -49.33984375 41.69139625000025 55.719078063964844 55.58984375 28.929677500000253 40.683921813964844 57.859375 13.894521250000253 27.922203063964844 55.58984375 -47.24219749999975 116.85579681396484 -23.62109375 -36.45704124999975 118.22298431396484 -36.45703125 -23.621103749999747 116.85579681396484 -47.2421875 39.47655250000025 43.297203063964844 52.6328125 26.316396250000253 30.137046813964844 52.6328125 -44.26563499999975 113.87923431396484 -33.19921875 -33.19922874999975 113.87923431396484 -44.265625 36.45702125000025 33.156578063964844 48.609375 -40.91016624999975 110.52376556396484 -40.91015625 55.44920875000025 94.24642181396484 -37.41015625 56.64061500000025 103.08626556396484 -27.4296875 64.21874000000025 133.27767181396484 -64.0390625 51.23045875000025 114.04329681396484 -21.9609375 41.28905250000025 122.93001556396484 -23.09375 27.480458750000253 103.21907806396484 56.53515625 37.42577125000025 94.32845306396484 55.40234375 39.35545875000025 108.62923431396484 39.24609375 48.10936500000025 90.90267181396484 48.09375 55.44920875000025 94.24642181396484 37.41015625 17.390615000000253 2.2073593139648438 -12.63671875 21.496083750000253 2.2073593139648438 0 -0.000009999999747378752 2.2073593139648438 0 17.390615000000253 2.2073593139648438 12.63671875 6.640615000000253 2.2073593139648438 20.4453125 -67.40625999999975 91.10970306396484 0 -67.40625999999975 87.00423431396484 -12.63671875 -67.40625999999975 69.61360931396484 0 -67.40625999999975 76.25423431396484 -20.4453125 -67.40625999999975 62.972984313964844 -20.4453125 -6.640634999999747 2.2073593139648438 20.4453125 -17.390634999999747 2.2073593139648438 12.63671875 -21.496103749999747 2.2073593139648438 0 39.35545875000025 108.62923431396484 -39.24609375 48.10936500000025 90.90267181396484 -48.09375 -30.605478749999747 126.35970306396484 -30.3984375 -23.265634999999747 123.01595306396484 -41.08203125 -39.35547874999975 108.62923431396484 -39.24609375 -22.074228749999747 114.17610931396484 -51.06640625 -27.480478749999747 103.21907806396484 -56.53515625 -55.44922874999975 94.24642181396484 -37.41015625 -56.64063499999975 103.08626556396484 -27.4296875 -51.23047874999975 114.04329681396484 -21.9609375 -41.28907249999975 122.93001556396484 -23.09375 -23.265634999999747 16.211265563964844 -41.08203125 -30.605478749999747 12.867515563964844 -30.3984375 -39.35547874999975 30.597984313964844 -39.24609375 -41.28907249999975 16.297203063964844 -23.09375 -51.23047874999975 25.183921813964844 -21.9609375 -21.496103749999747 137.01985931396484 0 -17.390634999999747 137.01985931396484 -12.63671875 -0.000009999999747378752 180.42220306396484 0 -6.640634999999747 137.01985931396484 -20.4453125 6.640615000000253 137.01985931396484 -20.4453125 30.605458750000253 12.867515563964844 -30.3984375 23.265615000000253 16.211265563964844 -41.08203125 39.35545875000025 30.597984313964844 -39.24609375 22.074208750000253 25.051109313964844 -51.06640625 27.480458750000253 36.008140563964844 -56.53515625 37.42577125000025 44.898765563964844 -55.40234375 48.10936500000025 48.324546813964844 -48.09375 55.44920875000025 44.980796813964844 -37.41015625 56.64061500000025 36.140953063964844 -27.4296875 51.23045875000025 25.183921813964844 -21.9609375 41.28905250000025 16.297203063964844 -23.09375 -0.000009999999747378752 91.10970306396484 67.40625 -12.636728749999747 87.00423431396484 67.40625 -0.000009999999747378752 69.61360931396484 67.40625 -20.445322499999747 76.25423431396484 67.40625 -20.445322499999747 62.972984313964844 67.40625 -12.636728749999747 52.222984313964844 67.40625 -0.000009999999747378752 48.117515563964844 67.40625 12.636708750000253 52.222984313964844 67.40625 -12.636728749999747 87.00423431396484 -67.40625 -0.000009999999747378752 91.10970306396484 -67.40625 -0.000009999999747378752 69.61360931396484 -67.40625 12.636708750000253 87.00423431396484 -67.40625 20.445302500000253 76.25423431396484 -67.40625 20.445302500000253 62.972984313964844 -67.40625 12.636708750000253 52.222984313964844 -67.40625 -0.000009999999747378752 48.117515563964844 -67.40625 -12.636728749999747 52.222984313964844 -67.40625 -20.445322499999747 62.972984313964844 -67.40625 -20.445322499999747 76.25423431396484 -67.40625 -110.80860374999975 69.61360931396484 0 -67.40625999999975 87.00423431396484 12.63671875 -67.40625999999975 76.25423431396484 20.4453125 -67.40625999999975 62.972984313964844 20.4453125 -67.40625999999975 52.222984313964844 12.63671875 -67.40625999999975 48.117515563964844 0 -56.64063499999975 36.140953063964844 -27.4296875 -55.44922874999975 44.980796813964844 -37.41015625 -48.10938499999975 48.324546813964844 -48.09375 -67.40625999999975 52.222984313964844 -12.63671875 23.265615000000253 123.01595306396484 -41.08203125 30.605458750000253 126.35970306396484 -30.3984375 -17.390634999999747 2.2073593139648438 -12.63671875 -6.640634999999747 2.2073593139648438 -20.4453125 6.640615000000253 2.2073593139648438 -20.4453125 -64.21875999999975 5.949546813964844 -64.0390625 -22.074228749999747 25.051109313964844 -51.06640625 -27.480478749999747 36.008140563964844 -56.53515625 -37.42579124999975 44.898765563964844 -55.40234375 17.390615000000253 137.01985931396484 -12.63671875 21.496083750000253 137.01985931396484 0 17.390615000000253 137.01985931396484 12.63671875 6.640615000000253 137.01985931396484 20.4453125 -6.640634999999747 137.01985931396484 20.4453125 -17.390634999999747 137.01985931396484 12.63671875 -51.23047874999975 114.04329681396484 21.9609375 -56.64063499999975 103.08626556396484 27.4296875 -39.35547874999975 108.62923431396484 39.24609375 -55.44922874999975 94.24642181396484 37.41015625 -48.10938499999975 90.90267181396484 48.09375 30.605458750000253 126.35970306396484 30.3984375 23.265615000000253 123.01595306396484 41.08203125 22.074208750000253 114.17610931396484 51.06640625 67.40624000000025 87.00423431396484 -12.63671875 67.40624000000025 91.10970306396484 0 67.40624000000025 69.61360931396484 0 67.40624000000025 87.00423431396484 12.63671875 67.40624000000025 76.25423431396484 20.4453125 67.40624000000025 62.972984313964844 20.4453125 67.40624000000025 52.222984313964844 12.63671875 67.40624000000025 48.117515563964844 0 67.40624000000025 52.222984313964844 -12.63671875 67.40624000000025 62.972984313964844 -20.4453125 67.40624000000025 76.25423431396484 -20.4453125 23.265615000000253 16.211265563964844 41.08203125 30.605458750000253 12.867515563964844 30.3984375 39.35545875000025 30.597984313964844 39.24609375 41.28905250000025 16.297203063964844 23.09375 51.23045875000025 25.183921813964844 21.9609375 -0.000009999999747378752 137.01985931396484 0 -0.000009999999747378752 69.61360931396484 110.80859375 12.636708750000253 87.00423431396484 67.40625 20.445302500000253 76.25423431396484 67.40625 -37.42579124999975 94.32845306396484 -55.40234375 -48.10938499999975 90.90267181396484 -48.09765625 20.445302500000253 62.972984313964844 67.40625 64.21874000000025 5.949546813964844 64.0390625 22.074208750000253 25.051109313964844 51.06640625 27.480458750000253 36.008140563964844 56.53515625 37.42577125000025 44.898765563964844 55.40234375 48.10936500000025 48.324546813964844 48.09375 55.44920875000025 44.980796813964844 37.41015625 56.64061500000025 36.140953063964844 27.4296875 -23.265634999999747 123.01595306396484 41.08203125 -30.605478749999747 126.35970306396484 30.3984375 -41.28907249999975 122.93001556396484 23.09375 22.074208750000253 114.17610931396484 -51.06640625 27.480458750000253 103.21907806396484 -56.53515625 -55.44922874999975 44.980796813964844 37.41015625 -56.64063499999975 36.140953063964844 27.4296875 -39.35547874999975 30.597984313964844 39.24609375 -51.23047874999975 25.183921813964844 21.9609375 -41.28907249999975 16.297203063964844 23.09375 -30.605478749999747 12.867515563964844 30.3984375 -23.265634999999747 16.211265563964844 41.08203125 -22.074228749999747 25.051109313964844 51.06640625 -27.480478749999747 36.008140563964844 56.53515625 -37.42579124999975 44.898765563964844 55.40234375 -48.10938499999975 48.324546813964844 48.09375 -64.21875999999975 133.27767181396484 64.0390625 -22.074228749999747 114.17610931396484 51.06640625 -27.480478749999747 103.21907806396484 56.53515625 -37.42579124999975 94.32845306396484 55.40234375 56.64061500000025 103.08626556396484 27.4296875 51.23045875000025 114.04329681396484 21.9609375 41.28905250000025 122.93001556396484 23.09375 37.42577125000025 94.32845306396484 -55.40234375 -0.000009999999747378752 -41.194984436035156 0 -64.21875999999975 5.949546813964844 64.0390625 64.21874000000025 133.27767181396484 64.0390625 -64.21875999999975 133.27767181396484 -64.0390625 64.21874000000025 5.949546813964844 -64.0390625 -0.000009999999747378752 69.61360931396484 -110.80859375 110.80858375000025 69.61360931396484 0</float_array>
                    <technique_common>
                        <accessor count="554" source="#pointarray0" stride="3">
                            <param name="X" type="float"/>
                            <param name="Y" type="float"/>
                            <param name="Z" type="float"/>
                        </accessor>
                    </technique_common>
                </source>
                <source id="uvs0">
                    <float_array id="uvarray0" count="28">0.77197265625 0.96295166015625 0.72802734375 0.25079345703125 0.72052001953125 0.24249267578125 0.57080078125 0.40887451171875 0.71295166015625 0.2342529296875 0.7054443359375 0.22601318359375 0.73797607421875 0.25677490234375 0.77325439453125 0.3004150390625 0.76568603515625 0.2921142578125 0.7581787109375 0.28387451171875 0.7506103515625 0.27557373046875 0.74310302734375 0.267333984375 0.735595703125 0.259033203125 0.69793701171875 0.21771240234375</float_array>
                    <technique_common>
                        <accessor count="14" source="#uvarray0" stride="2">
                            <param name="S" type="float"/>
                            <param name="T" type="float"/>
                        </accessor>
                    </technique_common>
                </source>
                <vertices id="vertices0">
                    <input semantic="POSITION" source="#points0"/>
                </vertices>
                <polylist count="1048" material="Material1">
                    <input offset="0" semantic="VERTEX" source="#vertices0"/>
                    <input offset="1" semantic="TEXCOORD" source="#uvs0" set="0"/>
                    <vcount>3 3 3 3 3 3 3 3 3 3 3 3 3 3 3 3 3 3 3 3 3 3 3 3 3 3 3 3 3 3 3 3 3 3 3 3 3 3 3 3 3 3 3 3 3 3 3 3 3 3 3 3 3 3 3 3 3 3 3 3 3 3 3 3 3 3 3 3 3 3 3 3 3 3 3 3 3 3 3 3 3 3 3 3 3 3 3 3 3 3 3 3 3 3 3 3 3 3 3 3 3 3 3 3 3 3 3 3 3 3 3 3 3 3 3 3 3 3 3 3 3 3 3 3 3 3 3 3 3 3 3 3 3 3 3 3 3 3 3 3 3 3 3 3 3 3 3 3 3 3 3 3 3 3 3 3 3 3 3 3 3 3 3 3 3 3 3 3 3 3 3 3 3 3 3 3 3 3 3 3 3 3 3 3 3 3 3 3 3 3 3 3 3 3 3 3 3 3 3 3 3 3 3 3 3 3 3 3 3 3 3 3 3 3 3 3 3 3 3 3 3 3 3 3 3 3 3 3 3 3 3 3 3 3 3 3 3 3 3 3 3 3 3 3 3 3 3 3 3 3 3 3 3 3 3 3 3 3 3 3 3 3 3 3 3 3 3 3 3 3 3 3 3 3 3 3 3 3 3 3 3 3 3 3 3 3 3 3 3 3 3 3 3 3 3 3 3 3 3 3 3 3 3 3 3 3 3 3 3 3 3 3 3 3 3 3 3 3 3 3 3 3 3 3 3 3 3 3 3 3 3 3 3 3 3 3 3 3 3 3 3 3 3 3 3 3 3 3 3 3 3 3 3 3 3 3 3 3 3 3 3 3 3 3 3 3 3 3 3 3 3 3 3 3 3 3 3 3 3 3 3 3 3 3 3 3 3 3 3 3 3 3 3 3 3 3 3 3 3 3 3 3 3 3 3 3 3 3 3 3 3 3 3 3 3 3 3 3 3 3 3 3 3 3 3 3 3 3 3 3 3 3 3 3 3 3 3 3 3 3 3 3 3 3 3 3 3 3 3 3 3 3 3 3 3 3 3 3 3 3 3 3 3 3 3 3 3 3 3 3 3 3 3 3 3 3 3 3 3 3 3 3 3 3 3 3 3 3 3 3 3 3 3 3 3 3 3 3 3 3 3 3 3 3 3 3 3 3 3 3 3 3 3 3 3 3 3 3 3 3 3 3 3 3 3 3 3 3 3 3 3 3 3 3 3 3 3 3 3 3 3 3 3 3 3 3 3 3 3 3 3 3 3 3 3 3 3 3 3 3 3 3 3 3 3 3 3 3 3 3 3 3 3 3 3 3 3 3 3 3 3 3 3 3 3 3 3 3 3 3 3 3 3 3 3 3 3 3 3 3 3 3 3 3 3 3 3 3 3 3 3 3 3 3 3 3 3 3 3 3 3 3 3 3 3 3 3 3 3 3 3 3 3 3 3 3 3 3 3 3 3 3 3 3 3 3 3 3 3 3 3 3 3 3 3 3 3 3 3 3 3 3 3 3 3 3 3 3 3 3 3 3 3 3 3 3 3 3 3 3 3 3 3 3 3 3 3 3 3 3 3 3 3 3 3 3 3 3 3 3 3 3 3 3 3 3 3 3 3 3 3 3 3 3 3 3 3 3 3 3 3 3 3 3 3 3 3 3 3 3 3 3 3 3 3 3 3 3 3 3 3 3 3 3 3 3 3 3 3 3 3 3 3 3 3 3 3 3 3 3 3 3 3 3 3 3 3 3 3 3 3 3 3 3 3 3 3 3 3 3 3 3 3 3 3 3 3 3 3 3 3 3 3 3 3 3 3 3 3 3 3 3 3 3 3 3 3 3 3 3 3 3 3 3 3 3 3 3 3 3 3 3 3 3 3 3 3 3 3 3 3 3 3 3 3 3 3 3 3 3 3 3 3 3 3 3 3 3 3 3 3 3 3 3 3 3 3 3 3 3 3 3 3 3 3 3 3 3 3 3 3 3 3 3 3 3 3 3 3 3 3 3 3 3 3 3 3 3 3 3 3 3 3 3 3 3 3 3 3 3 3 3 3 3 3 3 3 3 3 3 3 3 3 3 3 3 3 3 3 3 3 3 3 3 3 3 3 3 3 3 3 3 3 3 3 3 3 3 3 3 3 3 3 3 3 3 3 3 3 3 3 3 3 3 3 3 3 3 3 3 3 3 3 3 3 3 3 3 3 3 3 3 3 3 3 3 3 3 3 3 3 3 3 3 3 3 3 3 3 3 3 3 3 3 3 3 3 3 3 3 3 3 3 3 3 3 3 3 3 3 3 3 3 3 3 3 3 3 3 3 3 3 3 3 3 3 3 3 3 3 3 3 3 3 3 3 3 3 3 3 3 3 3 3 3 3 3 3</vcount>
                    <p>2 0 1 0 0 0 3 0 1 0 2 0 4 0 3 0 2 0 5 0 3 0 4 0 6 0 5 0 4 0 7 0 5 0 6 0 8 0 7 0 6 0 9 0 7 0 8 0 10 0 9 0 8 0 11 0 9 0 10 0 12 0 11 0 10 0 13 0 11 0 12 0 14 0 13 0 12 0 15 0 13 0 14 0 16 0 15 0 14 0 17 0 15 0 16 0 18 0 17 0 16 0 19 0 17 0 18 0 20 0 19 0 18 0 21 0 19 0 20 0 22 0 21 0 20 0 23 0 21 0 22 0 24 0 23 0 22 0 25 0 23 0 24 0 26 0 25 0 24 0 27 0 25 0 26 0 28 0 27 0 26 0 29 0 27 0 28 0 30 0 29 0 28 0 31 0 29 0 30 0 32 0 31 0 30 0 33 0 31 0 32 0 34 0 33 0 32 0 35 0 33 0 34 0 36 0 35 0 34 0 37 0 35 0 36 0 38 0 37 0 36 0 39 0 37 0 38 0 40 0 39 0 38 0 41 0 39 0 40 0 42 0 41 0 40 0 43 0 41 0 42 0 44 0 43 0 42 0 45 0 43 0 44 0 46 0 45 0 44 0 47 0 45 0 46 0 48 0 47 0 46 0 49 0 47 0 48 0 50 0 49 0 48 0 51 0 49 0 50 0 52 0 51 0 50 0 53 0 51 0 52 0 54 0 53 0 52 0 55 0 53 0 54 0 56 0 55 0 54 0 57 0 55 0 56 0 58 0 57 0 56 0 59 0 57 0 58 0 60 0 59 0 58 0 61 0 59 0 60 0 62 0 61 0 60 0 63 0 61 0 62 0 64 0 63 0 62 0 65 0 63 0 64 0 66 0 65 0 64 0 67 0 65 0 66 0 68 0 67 0 66 0 69 0 67 0 68 0 70 0 69 0 68 0 71 0 69 0 70 0 72 0 71 0 70 0 73 0 71 0 72 0 74 0 73 0 72 0 75 0 73 0 74 0 76 0 75 0 74 0 77 0 75 0 76 0 78 0 77 0 76 0 79 0 77 0 78 0 80 0 79 0 78 0 32 0 79 0 80 0 34 0 32 0 80 0 81 0 61 0 63 0 82 0 61 0 81 0 83 0 82 0 81 0 84 0 82 0 83 0 85 0 84 0 83 0 86 0 84 0 85 0 87 0 86 0 85 0 88 0 86 0 87 0 89 0 88 0 87 0 90 0 88 0 89 0 0 0 90 0 89 0 91 0 90 0 0 0 1 0 91 0 0 0 92 0 91 0 1 0 93 0 92 0 1 0 94 0 92 0 93 0 95 0 94 0 93 0 96 0 94 0 95 0 97 0 96 0 95 0 98 0 96 0 97 0 99 0 98 0 97 0 100 0 98 0 99 0 101 0 100 0 99 0 102 0 100 0 101 0 103 0 102 0 101 0 104 0 102 0 103 0 105 0 104 0 103 0 106 0 104 0 105 0 107 0 106 0 105 0 108 0 106 0 107 0 109 0 108 0 107 0 110 0 108 0 109 0 111 0 110 0 109 0 112 0 110 0 111 0 113 0 112 0 111 0 114 0 112 0 113 0 115 0 114 0 113 0 116 0 114 0 115 0 117 0 116 0 115 0 118 0 116 0 117 0 119 0 118 0 117 0 120 0 118 0 119 0 19 0 120 0 119 0 21 0 120 0 19 0 121 0 53 0 55 0 122 0 53 0 121 0 123 0 122 0 121 0 124 0 122 0 123 0 125 0 124 0 123 0 126 0 124 0 125 0 127 0 126 0 125 0 128 0 126 0 127 0 129 0 128 0 127 0 130 0 128 0 129 0 131 0 130 0 129 0 132 0 130 0 131 0 133 0 132 0 131 0 134 0 132 0 133 0 135 0 134 0 133 0 136 0 134 0 135 0 137 0 136 0 135 0 138 0 136 0 137 0 139 0 138 0 137 0 140 0 138 0 139 0 141 0 140 0 139 0 142 0 140 0 141 0 143 0 142 0 141 0 144 0 142 0 143 0 145 0 144 0 143 0 146 0 144 0 145 0 147 0 146 0 145 0 148 0 146 0 147 0 149 0 148 0 147 0 150 0 148 0 149 0 151 0 150 0 149 0 152 0 150 0 151 0 153 0 152 0 151 0 154 0 152 0 153 0 155 0 154 0 153 0 156 0 154 0 155 0 157 0 156 0 155 0 158 0 156 0 157 0 159 0 158 0 157 0 160 0 158 0 159 0 161 0 160 0 159 0 162 0 160 0 161 0 27 0 162 0 161 0 29 0 162 0 27 0 82 0 59 0 61 0 163 0 59 0 82 0 84 0 163 0 82 0 164 0 163 0 84 0 86 0 164 0 84 0 165 0 164 0 86 0 88 0 165 0 86 0 166 0 165 0 88 0 90 0 166 0 88 0 167 0 166 0 90 0 91 0 167 0 90 0 168 0 167 0 91 0 92 0 168 0 91 0 169 0 168 0 92 0 94 0 169 0 92 0 170 0 169 0 94 0 96 0 170 0 94 0 171 0 170 0 96 0 98 0 171 0 96 0 172 0 171 0 98 0 100 0 172 0 98 0 173 0 172 0 100 0 102 0 173 0 100 0 174 0 173 0 102 0 104 0 174 0 102 0 175 0 174 0 104 0 106 0 175 0 104 0 176 0 175 0 106 0 108 0 176 0 106 0 177 0 176 0 108 0 110 0 177 0 108 0 178 0 177 0 110 0 112 0 178 0 110 0 179 0 178 0 112 0 114 0 179 0 112 0 180 0 179 0 114 0 116 0 180 0 114 0 181 0 180 0 116 0 118 0 181 0 116 0 182 0 181 0 118 0 120 0 182 0 118 0 183 0 182 0 120 0 21 0 183 0 120 0 23 0 183 0 21 0 163 0 57 0 59 0 184 0 57 0 163 0 164 0 184 0 163 0 185 0 184 0 164 0 165 0 185 0 164 0 186 0 185 0 165 0 166 0 186 0 165 0 187 0 186 0 166 0 167 0 187 0 166 0 188 0 187 0 167 0 168 0 188 0 167 0 189 0 188 0 168 0 169 0 189 0 168 0 190 0 189 0 169 0 170 0 190 0 169 0 191 0 190 0 170 0 171 0 191 0 170 0 192 0 191 0 171 0 172 0 192 0 171 0 193 0 192 0 172 0 173 0 193 0 172 0 194 0 193 0 173 0 174 0 194 0 173 0 195 0 194 0 174 0 175 0 195 0 174 0 196 0 195 0 175 0 176 0 196 0 175 0 197 0 196 0 176 0 177 0 197 0 176 0 198 0 197 0 177 0 178 0 198 0 177 0 199 0 198 0 178 0 179 0 199 0 178 0 200 0 199 0 179 0 180 0 200 0 179 0 201 0 200 0 180 0 181 0 201 0 180 0 202 0 201 0 181 0 182 0 202 0 181 0 203 0 202 0 182 0 183 0 203 0 182 0 204 0 203 0 183 0 23 0 204 0 183 0 25 0 204 0 23 0 184 0 55 0 57 0 121 0 55 0 184 0 185 0 121 0 184 0 123 0 121 0 185 0 186 0 123 0 185 0 125 0 123 0 186 0 187 0 125 0 186 0 127 0 125 0 187 0 188 0 127 0 187 0 129 0 127 0 188 0 189 0 129 0 188 0 131 0 129 0 189 0 190 0 131 0 189 0 133 0 131 0 190 0 191 0 133 0 190 0 135 0 133 0 191 0 192 0 135 0 191 0 137 0 135 0 192 0 193 0 137 0 192 0 139 0 137 0 193 0 194 0 139 0 193 0 141 0 139 0 194 0 195 0 141 0 194 0 143 0 141 0 195 0 196 0 143 0 195 0 145 0 143 0 196 0 197 0 145 0 196 0 147 0 145 0 197 0 198 0 147 0 197 0 149 0 147 0 198 0 199 0 149 0 198 0 151 0 149 0 199 0 200 0 151 0 199 0 153 0 151 0 200 0 201 0 153 0 200 0 155 0 153 0 201 0 202 0 155 0 201 0 157 0 155 0 202 0 203 0 157 0 202 0 159 0 157 0 203 0 204 0 159 0 203 0 161 0 159 0 204 0 25 0 161 0 204 0 27 0 161 0 25 0 122 0 51 0 53 0 205 0 51 0 122 0 124 0 205 0 122 0 206 0 205 0 124 0 126 0 206 0 124 0 207 0 206 0 126 0 128 0 207 0 126 0 208 0 207 0 128 0 130 0 208 0 128 0 209 0 208 0 130 0 132 0 209 0 130 0 210 0 209 0 132 0 134 0 210 0 132 0 211 0 210 0 134 0 136 0 211 0 134 0 212 0 211 0 136 0 138 0 212 0 136 0 213 0 212 0 138 0 140 0 213 0 138 0 214 0 213 0 140 0 142 0 214 0 140 0 215 0 214 0 142 0 144 0 215 0 142 0 216 0 215 0 144 0 146 0 216 0 144 0 217 0 216 0 146 0 148 0 217 0 146 0 218 0 217 0 148 0 150 0 218 0 148 0 219 0 218 0 150 0 152 0 219 0 150 0 220 0 219 0 152 0 154 0 220 0 152 0 221 0 220 0 154 0 156 0 221 0 154 0 222 0 221 0 156 0 158 0 222 0 156 0 223 0 222 0 158 0 160 0 223 0 158 0 224 0 223 0 160 0 162 0 224 0 160 0 225 0 224 0 162 0 29 0 225 0 162 0 31 0 225 0 29 0 205 0 49 0 51 0 226 0 49 0 205 0 206 0 226 0 205 0 227 0 226 0 206 0 207 0 227 0 206 0 228 0 227 0 207 0 208 0 228 0 207 0 229 0 228 0 208 0 209 0 229 0 208 0 230 0 229 0 209 0 210 0 230 0 209 0 231 0 230 0 210 0 211 0 231 0 210 0 232 0 231 0 211 0 212 0 232 0 211 0 233 0 232 0 212 0 213 0 233 0 212 0 234 0 233 0 213 0 214 0 234 0 213 0 235 0 234 0 214 0 215 0 235 0 214 0 236 0 235 0 215 0 216 0 236 0 215 0 237 0 236 0 216 0 217 0 237 0 216 0 238 0 237 0 217 0 218 0 238 0 217 0 239 0 238 0 218 0 219 0 239 0 218 0 240 0 239 0 219 0 220 0 240 0 219 0 241 0 240 0 220 0 221 0 241 0 220 0 242 0 241 0 221 0 222 0 242 0 221 0 243 0 242 0 222 0 223 0 243 0 222 0 244 0 243 0 223 0 224 0 244 0 223 0 245 0 244 0 224 0 225 0 245 0 224 0 246 0 245 0 225 0 31 0 246 0 225 0 33 0 246 0 31 0 3 0 93 0 1 0 247 0 93 0 3 0 5 0 247 0 3 0 248 0 247 0 5 0 7 0 248 0 5 0 249 0 248 0 7 0 9 0 249 0 7 0 250 0 249 0 9 0 11 0 250 0 9 0 251 0 250 0 11 0 13 0 251 0 11 0 252 0 251 0 13 0 15 0 252 0 13 0 253 0 252 0 15 0 17 0 253 0 15 0 119 0 253 0 17 0 19 0 119 0 17 0 64 0 68 0 66 0 254 0 68 0 64 0 62 0 254 0 64 0 255 0 254 0 62 0 60 0 255 0 62 0 256 0 255 0 60 0 58 0 256 0 60 0 257 0 256 0 58 0 56 0 257 0 58 0 258 0 257 0 56 0 54 0 258 0 56 0 259 0 258 0 54 0 52 0 259 0 54 0 48 0 259 0 52 0 50 0 48 0 52 0 247 0 95 0 93 0 260 0 95 0 247 0 248 0 260 0 247 0 261 0 260 0 248 0 249 0 261 0 248 0 262 0 261 0 249 0 250 0 262 0 249 0 263 0 262 0 250 0 251 0 263 0 250 0 264 0 263 0 251 0 252 0 264 0 251 0 265 0 264 0 252 0 253 0 265 0 252 0 117 0 265 0 253 0 119 0 117 0 253 0 266 0 77 0 79 0 267 0 77 0 266 0 268 0 267 0 266 0 269 0 267 0 268 0 270 0 269 0 268 0 271 0 269 0 270 0 272 0 271 0 270 0 273 0 271 0 272 0 274 0 273 0 272 0 275 0 273 0 274 0 276 0 275 0 274 0 277 0 275 0 276 0 16 0 277 0 276 0 14 0 277 0 16 0 278 0 33 0 35 0 246 0 33 0 278 0 279 0 246 0 278 0 245 0 246 0 279 0 280 0 245 0 279 0 244 0 245 0 280 0 281 0 244 0 280 0 243 0 244 0 281 0 282 0 243 0 281 0 242 0 243 0 282 0 283 0 242 0 282 0 241 0 242 0 283 0 239 0 241 0 283 0 240 0 241 0 239 0 30 0 79 0 32 0 266 0 79 0 30 0 28 0 266 0 30 0 268 0 266 0 28 0 26 0 268 0 28 0 270 0 268 0 26 0 24 0 270 0 26 0 272 0 270 0 24 0 22 0 272 0 24 0 274 0 272 0 22 0 20 0 274 0 22 0 276 0 274 0 20 0 18 0 276 0 20 0 16 0 276 0 18 0 267 0 75 0 77 0 284 0 75 0 267 0 269 0 284 0 267 0 285 0 284 0 269 0 271 0 285 0 269 0 286 0 285 0 271 0 273 0 286 0 271 0 287 0 286 0 273 0 275 0 287 0 273 0 288 0 287 0 275 0 277 0 288 0 275 0 289 0 288 0 277 0 14 0 289 0 277 0 12 0 289 0 14 0 284 0 73 0 75 0 290 0 73 0 284 0 285 0 290 0 284 0 291 0 290 0 285 0 286 0 291 0 285 0 292 0 291 0 286 0 287 0 292 0 286 0 293 0 292 0 287 0 288 0 293 0 287 0 294 0 293 0 288 0 289 0 294 0 288 0 295 0 294 0 289 0 12 0 295 0 289 0 10 0 295 0 12 0 290 0 71 0 73 0 296 0 71 0 290 0 291 0 296 0 290 0 297 0 296 0 291 0 292 0 297 0 291 0 298 0 297 0 292 0 293 0 298 0 292 0 299 0 298 0 293 0 294 0 299 0 293 0 300 0 299 0 294 0 295 0 300 0 294 0 301 0 300 0 295 0 10 0 301 0 295 0 8 0 301 0 10 0 296 0 69 0 71 0 302 0 69 0 296 0 297 0 302 0 296 0 303 0 302 0 297 0 298 0 303 0 297 0 304 0 303 0 298 0 299 0 304 0 298 0 305 0 304 0 299 0 300 0 305 0 299 0 306 0 305 0 300 0 301 0 306 0 300 0 307 0 306 0 301 0 8 0 307 0 301 0 6 0 307 0 8 0 302 0 67 0 69 0 308 0 67 0 302 0 303 0 308 0 302 0 309 0 308 0 303 0 304 0 309 0 303 0 310 0 309 0 304 0 305 0 310 0 304 0 311 0 310 0 305 0 306 0 311 0 305 0 312 0 311 0 306 0 307 0 312 0 306 0 313 0 312 0 307 0 6 0 313 0 307 0 4 0 313 0 6 0 308 0 65 0 67 0 314 0 65 0 308 0 309 0 314 0 308 0 315 0 314 0 309 0 310 0 315 0 309 0 316 0 315 0 310 0 311 0 316 0 310 0 317 0 316 0 311 0 312 0 317 0 311 0 318 0 317 0 312 0 313 0 318 0 312 0 319 0 318 0 313 0 4 0 319 0 313 0 2 0 319 0 4 0 226 0 47 0 49 0 320 0 47 0 226 0 227 0 320 0 226 0 321 0 320 0 227 0 228 0 321 0 227 0 322 0 321 0 228 0 229 0 322 0 228 0 323 0 322 0 229 0 230 0 323 0 229 0 324 0 323 0 230 0 231 0 324 0 230 0 325 0 324 0 231 0 232 0 325 0 231 0 233 0 325 0 232 0 320 0 45 0 47 0 326 0 45 0 320 0 321 0 326 0 320 0 327 0 326 0 321 0 322 0 327 0 321 0 328 0 327 0 322 0 323 0 328 0 322 0 329 0 328 0 323 0 324 0 329 0 323 0 330 0 329 0 324 0 325 0 330 0 324 0 331 0 330 0 325 0 233 0 331 0 325 0 234 0 331 0 233 0 326 0 43 0 45 0 332 0 43 0 326 0 327 0 332 0 326 0 333 0 332 0 327 0 328 0 333 0 327 0 334 0 333 0 328 0 329 0 334 0 328 0 335 0 334 0 329 0 330 0 335 0 329 0 336 0 335 0 330 0 331 0 336 0 330 0 337 0 336 0 331 0 234 0 337 0 331 0 235 0 337 0 234 0 332 0 41 0 43 0 338 0 41 0 332 0 333 0 338 0 332 0 339 0 338 0 333 0 334 0 339 0 333 0 340 0 339 0 334 0 335 0 340 0 334 0 341 0 340 0 335 0 336 0 341 0 335 0 342 0 341 0 336 0 337 0 342 0 336 0 343 0 342 0 337 0 235 0 343 0 337 0 236 0 343 0 235 0 338 0 39 0 41 0 344 0 39 0 338 0 339 0 344 0 338 0 345 0 344 0 339 0 340 0 345 0 339 0 346 0 345 0 340 0 341 0 346 0 340 0 347 0 346 0 341 0 342 0 347 0 341 0 348 0 347 0 342 0 343 0 348 0 342 0 349 0 348 0 343 0 236 0 349 0 343 0 237 0 349 0 236 0 344 0 37 0 39 0 350 0 37 0 344 0 345 0 350 0 344 0 351 0 350 0 345 0 346 0 351 0 345 0 352 0 351 0 346 0 347 0 352 0 346 0 353 0 352 0 347 0 348 0 353 0 347 0 354 0 353 0 348 0 349 0 354 0 348 0 355 0 354 0 349 0 237 0 355 0 349 0 238 0 355 0 237 0 350 0 35 0 37 0 278 0 35 0 350 0 351 0 278 0 350 0 279 0 278 0 351 0 352 0 279 0 351 0 280 0 279 0 352 0 353 0 280 0 352 0 281 0 280 0 353 0 354 0 281 0 353 0 282 0 281 0 354 0 355 0 282 0 354 0 283 0 282 0 355 0 238 0 283 0 355 0 239 0 283 0 238 0 314 0 63 0 65 0 81 0 63 0 314 0 315 0 81 0 314 0 83 0 81 0 315 0 316 0 83 0 315 0 85 0 83 0 316 0 317 0 85 0 316 0 87 0 85 0 317 0 318 0 87 0 317 0 89 0 87 0 318 0 319 0 89 0 318 0 0 0 89 0 319 0 2 0 0 0 319 0 254 0 70 0 68 0 356 0 70 0 254 0 255 0 356 0 254 0 357 0 356 0 255 0 256 0 357 0 255 0 358 0 357 0 256 0 257 0 358 0 256 0 359 0 358 0 257 0 258 0 359 0 257 0 360 0 359 0 258 0 259 0 360 0 258 0 46 0 360 0 259 0 48 0 46 0 259 0 260 0 97 0 95 0 361 0 97 0 260 0 261 0 361 0 260 0 362 0 361 0 261 0 262 0 362 0 261 0 363 0 362 0 262 0 263 0 363 0 262 0 364 0 363 0 263 0 264 0 364 0 263 0 365 0 364 0 264 0 265 0 365 0 264 0 115 0 365 0 265 0 117 0 115 0 265 0 356 0 72 0 70 0 366 0 72 0 356 0 357 0 366 0 356 0 367 0 366 0 357 0 358 0 367 0 357 0 368 0 367 0 358 0 359 0 368 0 358 0 369 0 368 0 359 0 360 0 369 0 359 0 44 0 369 0 360 0 46 0 44 0 360 0 361 0 99 0 97 0 370 0 99 0 361 0 362 0 370 0 361 0 371 0 370 0 362 0 363 0 371 0 362 0 372 0 371 0 363 0 364 0 372 0 363 0 373 0 372 0 364 0 365 0 373 0 364 0 113 0 373 0 365 0 115 0 113 0 365 0 366 0 74 0 72 0 374 0 74 0 366 0 367 0 374 0 366 0 375 0 374 0 367 0 368 0 375 0 367 0 376 0 375 0 368 0 369 0 376 0 368 0 42 0 376 0 369 0 44 0 42 0 369 0 370 0 101 0 99 0 377 0 101 0 370 0 371 0 377 0 370 0 378 0 377 0 371 0 372 0 378 0 371 0 379 0 378 0 372 0 373 0 379 0 372 0 111 0 379 0 373 0 113 0 111 0 373 0 374 0 76 0 74 0 380 0 76 0 374 0 375 0 380 0 374 0 381 0 380 0 375 0 376 0 381 0 375 0 40 0 381 0 376 0 42 0 40 0 376 0 377 0 103 0 101 0 382 0 103 0 377 0 378 0 382 0 377 0 383 0 382 0 378 0 379 0 383 0 378 0 109 0 383 0 379 0 111 0 109 0 379 0 380 0 78 0 76 0 384 0 78 0 380 0 381 0 384 0 380 0 38 0 384 0 381 0 40 0 38 0 381 0 382 0 105 0 103 0 385 0 105 0 382 0 383 0 385 0 382 0 107 0 385 0 383 0 109 0 107 0 383 0 388 3 387 2 386 1 389 4 387 2 388 3 390 5 389 4 388 3 393 6 392 6 391 6 394 6 392 6 393 6 395 6 394 6 393 6 398 6 397 6 396 6 399 6 397 6 398 6 400 6 399 6 398 6 403 6 402 6 401 6 404 6 402 6 403 6 405 6 404 6 403 6 398 6 406 6 400 6 407 6 406 6 398 6 408 6 407 6 398 6 409 6 387 6 389 6 386 6 387 6 409 6 410 6 386 6 409 6 413 6 412 6 411 6 414 6 412 6 413 6 415 6 414 6 413 6 413 6 417 6 416 6 418 6 417 6 413 6 419 6 418 6 413 6 422 6 421 6 420 6 423 6 421 6 422 6 424 6 423 6 422 6 427 3 426 2 425 1 428 4 426 2 427 3 429 5 428 4 427 3 432 6 431 6 430 6 433 6 431 6 432 6 434 6 433 6 432 6 432 6 435 6 434 6 436 6 435 6 432 6 437 6 436 6 432 6 432 6 438 6 437 6 439 6 438 6 432 6 440 6 439 6 432 6 443 6 442 6 441 6 444 6 442 6 443 6 445 6 444 6 443 6 443 6 446 6 445 6 447 6 446 6 443 6 448 6 447 6 443 6 451 6 450 6 449 6 452 6 450 6 451 6 453 6 452 6 451 6 451 6 454 6 453 6 455 6 454 6 451 6 456 6 455 6 451 6 451 6 457 6 456 6 458 6 457 6 451 6 459 6 458 6 451 6 460 3 401 8 402 7 461 9 401 8 460 3 462 10 461 9 460 3 460 3 463 11 462 10 464 12 463 11 460 3 465 1 464 12 460 3 422 6 466 6 424 6 467 6 466 6 422 6 468 6 467 6 422 6 460 3 469 2 465 1 405 4 469 2 460 3 404 5 405 4 460 3 409 6 471 6 470 6 390 6 471 6 409 6 389 6 390 6 409 6 398 6 472 6 408 6 473 6 472 6 398 6 474 6 473 6 398 6 403 6 469 6 405 6 465 6 469 6 403 6 464 6 465 6 403 6 475 3 420 8 421 7 476 9 420 8 475 3 477 10 476 9 475 3 475 3 478 11 477 10 468 12 478 11 475 3 467 1 468 12 475 3 475 3 466 2 467 1 424 4 466 2 475 3 423 5 424 4 475 3 427 3 480 8 479 7 481 9 480 8 427 3 482 10 481 9 427 3 427 3 483 11 482 10 484 12 483 11 427 3 425 1 484 12 427 3 487 6 486 6 485 6 488 6 486 6 487 6 489 6 488 6 487 6 393 6 491 6 490 6 492 6 491 6 393 6 391 6 492 6 393 6 495 6 494 6 493 6 496 6 494 6 495 6 497 6 496 6 495 6 495 6 498 6 497 6 499 6 498 6 495 6 500 6 499 6 495 6 495 6 501 6 500 6 502 6 501 6 495 6 503 6 502 6 495 6 506 6 505 6 504 6 507 6 505 6 506 6 508 6 507 6 506 6 509 6 479 6 480 6 429 6 479 6 509 6 428 6 429 6 509 6 510 3 441 8 442 7 511 9 441 8 510 3 512 10 511 9 510 3 413 6 513 6 415 6 514 6 513 6 413 6 416 6 514 6 413 6 510 3 515 11 512 10 448 12 515 11 510 3 447 1 448 12 510 3 510 3 446 2 447 1 445 4 446 2 510 3 444 5 445 4 510 3 516 3 504 8 505 7 517 9 504 8 516 3 518 10 517 9 516 3 516 3 519 11 518 10 520 12 519 11 516 3 521 1 520 12 516 3 516 3 522 2 521 1 508 4 522 2 516 3 507 5 508 4 516 3 487 6 524 6 523 6 525 6 524 6 487 6 485 6 525 6 487 6 388 3 470 8 471 7 526 9 470 8 388 3 527 10 526 9 388 3 384 0 80 0 78 0 36 0 80 0 384 0 38 0 36 0 384 0 506 6 522 6 508 6 521 6 522 6 506 6 520 6 521 6 506 6 530 6 529 6 528 6 531 6 529 6 530 6 532 6 531 6 530 6 530 6 534 6 533 6 535 6 534 6 530 6 536 6 535 6 530 6 530 6 537 6 536 6 538 6 537 6 530 6 528 6 538 6 530 6 509 6 426 6 428 6 425 6 426 6 509 6 484 6 425 6 509 6 539 3 523 8 524 7 540 9 523 8 539 3 541 10 540 9 539 3 539 3 542 11 541 10 489 12 542 11 539 3 488 1 489 12 539 3 539 3 486 2 488 1 485 4 486 2 539 3 525 5 485 4 539 3 393 6 543 6 395 6 544 6 543 6 393 6 545 6 544 6 393 6 388 3 546 11 527 10 410 12 546 11 388 3 386 1 410 12 388 3 397 8 547 3 396 7 399 9 547 3 397 8 400 10 547 3 399 9 406 11 547 3 400 10 407 12 547 3 406 11 408 1 547 3 407 12 472 2 547 3 408 1 473 4 547 3 472 2 511 6 443 6 441 6 512 6 443 6 511 6 515 6 443 6 512 6 448 6 443 6 515 6 474 5 547 3 473 4 396 13 547 3 474 5 534 8 548 3 533 7 535 9 548 3 534 8 536 10 548 3 535 9 537 11 548 3 536 10 529 2 548 3 528 1 531 4 548 3 529 2 532 5 548 3 531 4 533 13 548 3 532 5 491 8 549 3 490 7 492 9 549 3 491 8 391 10 549 3 492 9 392 11 549 3 391 10 394 12 549 3 392 11 395 1 549 3 394 12 543 2 549 3 395 1 544 4 549 3 543 2 545 5 549 3 544 4 490 13 549 3 545 5 412 8 550 3 411 7 414 9 550 3 412 8 415 10 550 3 414 9 513 11 550 3 415 10 514 12 550 3 513 11 416 1 550 3 514 12 417 2 550 3 416 1 418 4 550 3 417 2 419 5 550 3 418 4 411 13 550 3 419 5 431 8 551 3 430 7 433 9 551 3 431 8 434 10 551 3 433 9 435 11 551 3 434 10 436 12 551 3 435 11 437 1 551 3 436 12 438 2 551 3 437 1 439 4 551 3 438 2 440 5 551 3 439 4 430 13 551 3 440 5 450 8 552 3 449 7 452 9 552 3 450 8 453 10 552 3 452 9 454 11 552 3 453 10 457 2 552 3 456 1 458 4 552 3 457 2 459 5 552 3 458 4 449 13 552 3 459 5 461 6 403 6 401 6 462 6 403 6 461 6 463 6 403 6 462 6 464 6 403 6 463 6 481 6 509 6 480 6 482 6 509 6 481 6 483 6 509 6 482 6 484 6 509 6 483 6 538 12 548 3 537 11 528 1 548 3 538 12 517 6 506 6 504 6 518 6 506 6 517 6 519 6 506 6 518 6 520 6 506 6 519 6 540 6 487 6 523 6 541 6 487 6 540 6 542 6 487 6 541 6 489 6 487 6 542 6 526 6 409 6 470 6 527 6 409 6 526 6 546 6 409 6 527 6 410 6 409 6 546 6 494 8 553 3 493 7 496 9 553 3 494 8 497 10 553 3 496 9 498 11 553 3 497 10 455 12 552 3 454 11 456 1 552 3 455 12 499 12 553 3 498 11 500 1 553 3 499 12 501 2 553 3 500 1 502 4 553 3 501 2 476 6 422 6 420 6 477 6 422 6 476 6 478 6 422 6 477 6 468 6 422 6 478 6 503 5 553 3 502 4 493 13 553 3 503 5 411 6 419 6 413 6 505 13 507 5 516 3 493 6 503 6 495 6 449 6 459 6 451 6 396 6 474 6 398 6 479 13 429 5 427 3 402 13 404 5 460 3 533 6 532 6 530 6 442 13 444 5 510 3 430 6 440 6 432 6 385 0 107 0 105 0 421 13 423 5 475 3 471 13 390 5 388 3 524 13 525 5 539 3 490 6 545 6 393 6 36 0 34 0 80 0</p>
                </polylist>
            </mesh>
        </geometry>
        <geometry id="mesh0_VC">
            <mesh>
                <source id="points0_VC">
                    <float_array id="pointarray0_VC" count="1662">-44.26563499999975 102.81282806396484 44.265625 -48.60938499999975 106.07064056396484 36.45703125 -40.91016624999975 110.52376556396484 40.91015625 -44.26563499999975 113.87923431396484 33.19921875 -36.45704124999975 118.22298431396484 36.45703125 -39.47657249999975 122.24642181396484 26.31640625 -28.929697499999747 127.47298431396484 28.9296875 -30.925791249999747 131.46517181396484 15.4609375 -16.699228749999747 136.42220306396484 16.69921875 -17.183603749999747 138.35970306396484 0 -0.000009999999747378752 140.47689056396484 0 -0.000009999999747378752 138.35970306396484 -17.18359375 16.699208750000253 136.42220306396484 -16.69921875 15.460927500000253 131.46517181396484 -30.92578125 28.929677500000253 127.47298431396484 -28.9296875 26.316396250000253 122.24642181396484 -39.4765625 36.45702125000025 118.22298431396484 -36.45703125 33.19920875000025 113.87923431396484 -44.265625 40.91014625000025 110.52376556396484 -40.91015625 44.26561500000025 102.81282806396484 -44.265625 48.60936500000025 106.07064056396484 -36.45703125 52.63280250000025 95.93001556396484 -39.4765625 57.85936500000025 98.54329681396484 -28.9296875 61.85155250000025 85.07454681396484 -30.92578125 66.80858375000025 86.31282806396484 -16.69921875 68.74608375000025 69.61360931396484 -17.18359375 70.86327125000025 69.61360931396484 0 68.74608375000025 52.430015563964844 0 66.80858375000025 52.914390563964844 16.69921875 61.85155250000025 38.687828063964844 15.4609375 57.85936500000025 40.683921813964844 28.9296875 52.63280250000025 30.137046813964844 26.31640625 48.60936500000025 33.156578063964844 36.45703125 44.26561500000025 25.347984313964844 33.19921875 40.91014625000025 28.703453063964844 40.91015625 36.45702125000025 21.004234313964844 36.45703125 33.19920875000025 25.347984313964844 44.265625 26.316396250000253 16.980796813964844 39.4765625 23.621083750000253 22.371421813964844 47.2421875 13.894521250000253 14.023765563964844 41.69140625 12.332021250000253 20.273765563964844 49.33984375 -0.000009999999747378752 12.926109313964844 42.515625 -0.000009999999747378752 19.508140563964844 50.10546875 -13.894541249999747 14.023765563964844 41.69140625 -12.332041249999747 20.273765563964844 49.33984375 -26.316416249999747 16.980796813964844 39.4765625 -23.621103749999747 22.371421813964844 47.2421875 -36.45704124999975 21.004234313964844 36.45703125 -33.19922874999975 25.347984313964844 44.265625 -44.26563499999975 25.347984313964844 33.19921875 -40.91016624999975 28.703453063964844 40.91015625 -44.26563499999975 36.414390563964844 44.265625 -36.45704124999975 33.156578063964844 48.609375 -39.47657249999975 43.297203063964844 52.6328125 -28.929697499999747 40.683921813964844 57.859375 -30.925791249999747 54.152671813964844 61.8515625 -16.699228749999747 52.914390563964844 66.80859375 -17.183603749999747 69.61360931396484 68.74609375 -0.000009999999747378752 69.61360931396484 70.86328125 -0.000009999999747378752 86.79720306396484 68.74609375 16.699208750000253 86.31282806396484 66.80859375 15.460927500000253 100.53939056396484 61.8515625 28.929677500000253 98.54329681396484 57.859375 26.316396250000253 109.09017181396484 52.6328125 36.45702125000025 106.07064056396484 48.609375 33.19920875000025 113.87923431396484 44.265625 40.91014625000025 110.52376556396484 40.91015625 44.26561500000025 113.87923431396484 33.19921875 44.26561500000025 102.81282806396484 44.265625 48.60936500000025 106.07064056396484 36.45703125 47.24217750000025 93.23470306396484 47.2421875 52.63280250000025 95.93001556396484 39.4765625 49.33983375000025 81.94564056396484 49.33984375 55.58983375000025 83.50814056396484 41.69140625 50.10545875000025 69.61360931396484 50.10546875 56.68749000000025 69.61360931396484 42.515625 49.33983375000025 57.281578063964844 49.33984375 55.58983375000025 55.719078063964844 41.69140625 47.24217750000025 45.992515563964844 47.2421875 52.63280250000025 43.297203063964844 39.4765625 44.26561500000025 36.414390563964844 44.265625 13.894521250000253 111.30501556396484 55.58984375 -0.000009999999747378752 101.30110931396484 63.37890625 -0.000009999999747378752 112.12923431396484 56.6875 -15.460947499999747 100.53939056396484 61.8515625 -13.894541249999747 111.30501556396484 55.58984375 -28.929697499999747 98.54329681396484 57.859375 -26.316416249999747 109.09017181396484 52.6328125 -39.47657249999975 95.93001556396484 52.6328125 -36.45704124999975 106.07064056396484 48.609375 -47.24219749999975 93.23470306396484 47.2421875 -52.63282249999975 95.93001556396484 39.4765625 -57.85938499999975 98.54329681396484 28.9296875 -52.63282249999975 109.09017181396484 26.31640625 -61.85157249999975 100.53939056396484 15.4609375 -55.58985374999975 111.30501556396484 13.89453125 -63.37891624999975 101.30110931396484 0 -56.68750999999975 112.12923431396484 0 -61.85157249999975 100.53939056396484 -15.4609375 -55.58985374999975 111.30501556396484 -13.89453125 -57.85938499999975 98.54329681396484 -28.9296875 -52.63282249999975 109.09017181396484 -26.31640625 -52.63282249999975 95.93001556396484 -39.4765625 -48.60938499999975 106.07064056396484 -36.45703125 -47.24219749999975 93.23470306396484 -47.2421875 -44.26563499999975 102.81282806396484 -44.265625 -39.47657249999975 95.93001556396484 -52.6328125 -36.45704124999975 106.07064056396484 -48.609375 -28.929697499999747 98.54329681396484 -57.859375 -26.316416249999747 109.09017181396484 -52.6328125 -15.460947499999747 100.53939056396484 -61.8515625 -13.894541249999747 111.30501556396484 -55.58984375 -0.000009999999747378752 101.30110931396484 -63.37890625 -0.000009999999747378752 112.12923431396484 -56.6875 15.460927500000253 100.53939056396484 -61.8515625 13.894521250000253 111.30501556396484 -55.58984375 28.929677500000253 98.54329681396484 -57.859375 26.316396250000253 109.09017181396484 -52.6328125 39.47655250000025 95.93001556396484 -52.6328125 36.45702125000025 106.07064056396484 -48.609375 47.24217750000025 93.23470306396484 -47.2421875 -41.69141624999975 55.719078063964844 55.58984375 -47.24219749999975 45.992515563964844 47.2421875 -49.33985374999975 57.281578063964844 49.33984375 -52.63282249999975 43.297203063964844 39.4765625 -55.58985374999975 55.719078063964844 41.69140625 -57.85938499999975 40.683921813964844 28.9296875 -61.85157249999975 54.152671813964844 30.92578125 -61.85157249999975 38.687828063964844 15.4609375 -66.80860374999975 52.914390563964844 16.69921875 -63.37891624999975 37.926109313964844 0 -68.74610374999975 52.430015563964844 0 -61.85157249999975 38.687828063964844 -15.4609375 -66.80860374999975 52.914390563964844 -16.69921875 -57.85938499999975 40.683921813964844 -28.9296875 -61.85157249999975 54.152671813964844 -30.92578125 -52.63282249999975 43.297203063964844 -39.4765625 -55.58985374999975 55.719078063964844 -41.69140625 -47.24219749999975 45.992515563964844 -47.2421875 -49.33985374999975 57.281578063964844 -49.33984375 -39.47657249999975 43.297203063964844 -52.6328125 -41.69141624999975 55.719078063964844 -55.58984375 -28.929697499999747 40.683921813964844 -57.859375 -30.925791249999747 54.152671813964844 -61.8515625 -15.460947499999747 38.687828063964844 -61.8515625 -16.699228749999747 52.914390563964844 -66.80859375 -0.000009999999747378752 37.926109313964844 -63.37890625 -0.000009999999747378752 52.430015563964844 -68.74609375 15.460927500000253 38.687828063964844 -61.8515625 16.699208750000253 52.914390563964844 -66.80859375 28.929677500000253 40.683921813964844 -57.859375 30.925771250000253 54.152671813964844 -61.8515625 39.47655250000025 43.297203063964844 -52.6328125 41.69139625000025 55.719078063964844 -55.58984375 47.24217750000025 45.992515563964844 -47.2421875 49.33983375000025 57.281578063964844 -49.33984375 52.63280250000025 43.297203063964844 -39.4765625 55.58983375000025 55.719078063964844 -41.69140625 57.85936500000025 40.683921813964844 -28.9296875 61.85155250000025 54.152671813964844 -30.92578125 61.85155250000025 38.687828063964844 -15.4609375 66.80858375000025 52.914390563964844 -16.69921875 63.37889625000025 37.926109313964844 0 -16.699228749999747 86.31282806396484 66.80859375 -30.925791249999747 85.07454681396484 61.8515625 -41.69141624999975 83.50814056396484 55.58984375 -49.33985374999975 81.94564056396484 49.33984375 -55.58985374999975 83.50814056396484 41.69140625 -61.85157249999975 85.07454681396484 30.92578125 -66.80860374999975 86.31282806396484 16.69921875 -68.74610374999975 86.79720306396484 0 -66.80860374999975 86.31282806396484 -16.69921875 -61.85157249999975 85.07454681396484 -30.92578125 -55.58985374999975 83.50814056396484 -41.69140625 -49.33985374999975 81.94564056396484 -49.33984375 -41.69141624999975 83.50814056396484 -55.58984375 -30.925791249999747 85.07454681396484 -61.8515625 -16.699228749999747 86.31282806396484 -66.80859375 -0.000009999999747378752 86.79720306396484 -68.74609375 16.699208750000253 86.31282806396484 -66.80859375 30.925771250000253 85.07454681396484 -61.8515625 41.69139625000025 83.50814056396484 -55.58984375 49.33983375000025 81.94564056396484 -49.33984375 55.58983375000025 83.50814056396484 -41.69140625 -31.687509999999747 69.61360931396484 63.37890625 -42.51563499999975 69.61360931396484 56.6875 -50.10547874999975 69.61360931396484 50.10546875 -56.68750999999975 69.61360931396484 42.515625 -63.37891624999975 69.61360931396484 31.6875 -68.74610374999975 69.61360931396484 17.18359375 -70.86329124999975 69.61360931396484 0 -68.74610374999975 69.61360931396484 -17.18359375 -63.37891624999975 69.61360931396484 -31.6875 -56.68750999999975 69.61360931396484 -42.515625 -50.10547874999975 69.61360931396484 -50.10546875 -42.51563499999975 69.61360931396484 -56.6875 -31.687509999999747 69.61360931396484 -63.37890625 -17.183603749999747 69.61360931396484 -68.74609375 -0.000009999999747378752 69.61360931396484 -70.86328125 17.183583750000253 69.61360931396484 -68.74609375 31.687490000000253 69.61360931396484 -63.37890625 42.51561500000025 69.61360931396484 -56.6875 50.10545875000025 69.61360931396484 -50.10546875 56.68749000000025 69.61360931396484 -42.515625 63.37889625000025 69.61360931396484 -31.6875 -48.60938499999975 33.156578063964844 36.45703125 -52.63282249999975 30.137046813964844 26.31640625 -55.58985374999975 27.922203063964844 13.89453125 -56.68750999999975 27.097984313964844 0 -55.58985374999975 27.922203063964844 -13.89453125 -52.63282249999975 30.137046813964844 -26.31640625 -48.60938499999975 33.156578063964844 -36.45703125 -44.26563499999975 36.414390563964844 -44.265625 -36.45704124999975 33.156578063964844 -48.609375 -26.316416249999747 30.137046813964844 -52.6328125 -13.894541249999747 27.922203063964844 -55.58984375 -0.000009999999747378752 27.097984313964844 -56.6875 13.894521250000253 27.922203063964844 -55.58984375 26.316396250000253 30.137046813964844 -52.6328125 36.45702125000025 33.156578063964844 -48.609375 44.26561500000025 36.414390563964844 -44.265625 48.60936500000025 33.156578063964844 -36.45703125 52.63280250000025 30.137046813964844 -26.31640625 55.58983375000025 27.922203063964844 -13.89453125 56.68749000000025 27.097984313964844 0 55.58983375000025 27.922203063964844 13.89453125 -47.24219749999975 22.371421813964844 23.62109375 -49.33985374999975 20.273765563964844 12.33203125 -50.10547874999975 19.508140563964844 0 -49.33985374999975 20.273765563964844 -12.33203125 -47.24219749999975 22.371421813964844 -23.62109375 -44.26563499999975 25.347984313964844 -33.19921875 -40.91016624999975 28.703453063964844 -40.91015625 -33.19922874999975 25.347984313964844 -44.265625 -23.621103749999747 22.371421813964844 -47.2421875 -12.332041249999747 20.273765563964844 -49.33984375 -0.000009999999747378752 19.508140563964844 -50.10546875 12.332021250000253 20.273765563964844 -49.33984375 23.621083750000253 22.371421813964844 -47.2421875 33.19920875000025 25.347984313964844 -44.265625 40.91014625000025 28.703453063964844 -40.91015625 44.26561500000025 25.347984313964844 -33.19921875 47.24217750000025 22.371421813964844 -23.62109375 49.33983375000025 20.273765563964844 -12.33203125 50.10545875000025 19.508140563964844 0 49.33983375000025 20.273765563964844 12.33203125 47.24217750000025 22.371421813964844 23.62109375 -47.24219749999975 116.85579681396484 23.62109375 -41.69141624999975 125.20345306396484 13.89453125 -31.687509999999747 132.99251556396484 0 -16.699228749999747 136.42220306396484 -16.69921875 -0.000009999999747378752 132.99251556396484 -31.6875 13.894521250000253 125.20345306396484 -41.69140625 23.621083750000253 116.85579681396484 -47.2421875 39.47655250000025 95.93001556396484 52.6328125 30.925771250000253 85.07454681396484 61.8515625 17.183583750000253 69.61360931396484 68.74609375 -0.000009999999747378752 52.430015563964844 68.74609375 -15.460947499999747 38.687828063964844 61.8515625 -26.316416249999747 30.137046813964844 52.6328125 -49.33985374999975 118.95345306396484 12.33203125 -42.51563499999975 126.30110931396484 0 -30.925791249999747 131.46517181396484 -15.4609375 -15.460947499999747 131.46517181396484 -30.92578125 -0.000009999999747378752 126.30110931396484 -42.515625 12.332021250000253 118.95345306396484 -49.33984375 61.85155250000025 54.152671813964844 30.92578125 63.37889625000025 69.61360931396484 31.6875 68.74608375000025 69.61360931396484 17.18359375 66.80858375000025 86.31282806396484 16.69921875 68.74608375000025 86.79720306396484 0 63.37889625000025 101.30110931396484 0 61.85155250000025 100.53939056396484 -15.4609375 55.58983375000025 111.30501556396484 -13.89453125 52.63280250000025 109.09017181396484 -26.31640625 47.24217750000025 116.85579681396484 -23.62109375 44.26561500000025 113.87923431396484 -33.19921875 39.47655250000025 122.24642181396484 -26.31640625 39.47655250000025 16.980796813964844 26.31640625 41.69139625000025 14.023765563964844 13.89453125 42.51561500000025 12.926109313964844 0 41.69139625000025 14.023765563964844 -13.89453125 39.47655250000025 16.980796813964844 -26.31640625 36.45702125000025 21.004234313964844 -36.45703125 61.85155250000025 85.07454681396484 30.92578125 61.85155250000025 100.53939056396484 15.4609375 56.68749000000025 112.12923431396484 0 49.33983375000025 118.95345306396484 -12.33203125 41.69139625000025 125.20345306396484 -13.89453125 30.925771250000253 131.46517181396484 -15.4609375 57.85936500000025 98.54329681396484 28.9296875 55.58983375000025 111.30501556396484 13.89453125 50.10545875000025 119.71907806396484 0 42.51561500000025 126.30110931396484 0 31.687490000000253 132.99251556396484 0 17.183583750000253 138.35970306396484 0 52.63280250000025 109.09017181396484 26.31640625 49.33983375000025 118.95345306396484 12.33203125 41.69139625000025 125.20345306396484 13.89453125 30.925771250000253 131.46517181396484 15.4609375 16.699208750000253 136.42220306396484 16.69921875 -0.000009999999747378752 138.35970306396484 17.18359375 47.24217750000025 116.85579681396484 23.62109375 39.47655250000025 122.24642181396484 26.31640625 28.929677500000253 127.47298431396484 28.9296875 15.460927500000253 131.46517181396484 30.92578125 -0.000009999999747378752 132.99251556396484 31.6875 -15.460947499999747 131.46517181396484 30.92578125 36.45702125000025 118.22298431396484 36.45703125 26.316396250000253 122.24642181396484 39.4765625 13.894521250000253 125.20345306396484 41.69140625 -0.000009999999747378752 126.30110931396484 42.515625 -13.894541249999747 125.20345306396484 41.69140625 -26.316416249999747 122.24642181396484 39.4765625 23.621083750000253 116.85579681396484 47.2421875 12.332021250000253 118.95345306396484 49.33984375 -0.000009999999747378752 119.71907806396484 50.10546875 -12.332041249999747 118.95345306396484 49.33984375 -23.621103749999747 116.85579681396484 47.2421875 -33.19922874999975 113.87923431396484 44.265625 -39.47657249999975 16.980796813964844 26.31640625 -41.69141624999975 14.023765563964844 13.89453125 -42.51563499999975 12.926109313964844 0 -41.69141624999975 14.023765563964844 -13.89453125 -39.47657249999975 16.980796813964844 -26.31640625 -36.45704124999975 21.004234313964844 -36.45703125 -28.929697499999747 11.754234313964844 28.9296875 -30.925791249999747 7.762046813964844 15.4609375 -31.687509999999747 6.234703063964844 0 -30.925791249999747 7.762046813964844 -15.4609375 -28.929697499999747 11.754234313964844 -28.9296875 -26.316416249999747 16.980796813964844 -39.4765625 -15.460947499999747 7.762046813964844 30.92578125 -16.699228749999747 2.8050155639648438 16.69921875 -17.183603749999747 0.8675155639648438 0 -16.699228749999747 2.8050155639648438 -16.69921875 -15.460947499999747 7.762046813964844 -30.92578125 -13.894541249999747 14.023765563964844 -41.69140625 -0.000009999999747378752 6.234703063964844 31.6875 -0.000009999999747378752 0.8675155639648438 17.18359375 -0.000009999999747378752 -1.2496719360351562 0 -0.000009999999747378752 0.8675155639648438 -17.18359375 -0.000009999999747378752 6.234703063964844 -31.6875 -0.000009999999747378752 12.926109313964844 -42.515625 15.460927500000253 7.762046813964844 30.92578125 16.699208750000253 2.8050155639648438 16.69921875 17.183583750000253 0.8675155639648438 0 16.699208750000253 2.8050155639648438 -16.69921875 15.460927500000253 7.762046813964844 -30.92578125 13.894521250000253 14.023765563964844 -41.69140625 28.929677500000253 11.754234313964844 28.9296875 30.925771250000253 7.762046813964844 15.4609375 31.687490000000253 6.234703063964844 0 30.925771250000253 7.762046813964844 -15.4609375 28.929677500000253 11.754234313964844 -28.9296875 26.316396250000253 16.980796813964844 -39.4765625 41.69139625000025 83.50814056396484 55.58984375 31.687490000000253 69.61360931396484 63.37890625 16.699208750000253 52.914390563964844 66.80859375 -0.000009999999747378752 37.926109313964844 63.37890625 -13.894541249999747 27.922203063964844 55.58984375 -50.10547874999975 119.71907806396484 0 -41.69141624999975 125.20345306396484 -13.89453125 -28.929697499999747 127.47298431396484 -28.9296875 -13.894541249999747 125.20345306396484 -41.69140625 -0.000009999999747378752 119.71907806396484 -50.10546875 42.51561500000025 69.61360931396484 56.6875 30.925771250000253 54.152671813964844 61.8515625 15.460927500000253 38.687828063964844 61.8515625 -0.000009999999747378752 27.097984313964844 56.6875 -49.33985374999975 118.95345306396484 -12.33203125 -39.47657249999975 122.24642181396484 -26.31640625 -26.316416249999747 122.24642181396484 -39.4765625 -12.332041249999747 118.95345306396484 -49.33984375 41.69139625000025 55.719078063964844 55.58984375 28.929677500000253 40.683921813964844 57.859375 13.894521250000253 27.922203063964844 55.58984375 -47.24219749999975 116.85579681396484 -23.62109375 -36.45704124999975 118.22298431396484 -36.45703125 -23.621103749999747 116.85579681396484 -47.2421875 39.47655250000025 43.297203063964844 52.6328125 26.316396250000253 30.137046813964844 52.6328125 -44.26563499999975 113.87923431396484 -33.19921875 -33.19922874999975 113.87923431396484 -44.265625 36.45702125000025 33.156578063964844 48.609375 -40.91016624999975 110.52376556396484 -40.91015625 55.44920875000025 94.24642181396484 -37.41015625 56.64061500000025 103.08626556396484 -27.4296875 64.21874000000025 133.27767181396484 -64.0390625 51.23045875000025 114.04329681396484 -21.9609375 41.28905250000025 122.93001556396484 -23.09375 27.480458750000253 103.21907806396484 56.53515625 37.42577125000025 94.32845306396484 55.40234375 39.35545875000025 108.62923431396484 39.24609375 48.10936500000025 90.90267181396484 48.09375 55.44920875000025 94.24642181396484 37.41015625 17.390615000000253 2.2073593139648438 -12.63671875 21.496083750000253 2.2073593139648438 0 -0.000009999999747378752 2.2073593139648438 0 17.390615000000253 2.2073593139648438 12.63671875 6.640615000000253 2.2073593139648438 20.4453125 -67.40625999999975 91.10970306396484 0 -67.40625999999975 87.00423431396484 -12.63671875 -67.40625999999975 69.61360931396484 0 -67.40625999999975 76.25423431396484 -20.4453125 -67.40625999999975 62.972984313964844 -20.4453125 -6.640634999999747 2.2073593139648438 20.4453125 -17.390634999999747 2.2073593139648438 12.63671875 -21.496103749999747 2.2073593139648438 0 39.35545875000025 108.62923431396484 -39.24609375 48.10936500000025 90.90267181396484 -48.09375 -30.605478749999747 126.35970306396484 -30.3984375 -23.265634999999747 123.01595306396484 -41.08203125 -39.35547874999975 108.62923431396484 -39.24609375 -22.074228749999747 114.17610931396484 -51.06640625 -27.480478749999747 103.21907806396484 -56.53515625 -55.44922874999975 94.24642181396484 -37.41015625 -56.64063499999975 103.08626556396484 -27.4296875 -51.23047874999975 114.04329681396484 -21.9609375 -41.28907249999975 122.93001556396484 -23.09375 -23.265634999999747 16.211265563964844 -41.08203125 -30.605478749999747 12.867515563964844 -30.3984375 -39.35547874999975 30.597984313964844 -39.24609375 -41.28907249999975 16.297203063964844 -23.09375 -51.23047874999975 25.183921813964844 -21.9609375 -21.496103749999747 137.01985931396484 0 -17.390634999999747 137.01985931396484 -12.63671875 -0.000009999999747378752 180.42220306396484 0 -6.640634999999747 137.01985931396484 -20.4453125 6.640615000000253 137.01985931396484 -20.4453125 30.605458750000253 12.867515563964844 -30.3984375 23.265615000000253 16.211265563964844 -41.08203125 39.35545875000025 30.597984313964844 -39.24609375 22.074208750000253 25.051109313964844 -51.06640625 27.480458750000253 36.008140563964844 -56.53515625 37.42577125000025 44.898765563964844 -55.40234375 48.10936500000025 48.324546813964844 -48.09375 55.44920875000025 44.980796813964844 -37.41015625 56.64061500000025 36.140953063964844 -27.4296875 51.23045875000025 25.183921813964844 -21.9609375 41.28905250000025 16.297203063964844 -23.09375 -0.000009999999747378752 91.10970306396484 67.40625 -12.636728749999747 87.00423431396484 67.40625 -0.000009999999747378752 69.61360931396484 67.40625 -20.445322499999747 76.25423431396484 67.40625 -20.445322499999747 62.972984313964844 67.40625 -12.636728749999747 52.222984313964844 67.40625 -0.000009999999747378752 48.117515563964844 67.40625 12.636708750000253 52.222984313964844 67.40625 -12.636728749999747 87.00423431396484 -67.40625 -0.000009999999747378752 91.10970306396484 -67.40625 -0.000009999999747378752 69.61360931396484 -67.40625 12.636708750000253 87.00423431396484 -67.40625 20.445302500000253 76.25423431396484 -67.40625 20.445302500000253 62.972984313964844 -67.40625 12.636708750000253 52.222984313964844 -67.40625 -0.000009999999747378752 48.117515563964844 -67.40625 -12.636728749999747 52.222984313964844 -67.40625 -20.445322499999747 62.972984313964844 -67.40625 -20.445322499999747 76.25423431396484 -67.40625 -110.80860374999975 69.61360931396484 0 -67.40625999999975 87.00423431396484 12.63671875 -67.40625999999975 76.25423431396484 20.4453125 -67.40625999999975 62.972984313964844 20.4453125 -67.40625999999975 52.222984313964844 12.63671875 -67.40625999999975 48.117515563964844 0 -56.64063499999975 36.140953063964844 -27.4296875 -55.44922874999975 44.980796813964844 -37.41015625 -48.10938499999975 48.324546813964844 -48.09375 -67.40625999999975 52.222984313964844 -12.63671875 23.265615000000253 123.01595306396484 -41.08203125 30.605458750000253 126.35970306396484 -30.3984375 -17.390634999999747 2.2073593139648438 -12.63671875 -6.640634999999747 2.2073593139648438 -20.4453125 6.640615000000253 2.2073593139648438 -20.4453125 -64.21875999999975 5.949546813964844 -64.0390625 -22.074228749999747 25.051109313964844 -51.06640625 -27.480478749999747 36.008140563964844 -56.53515625 -37.42579124999975 44.898765563964844 -55.40234375 17.390615000000253 137.01985931396484 -12.63671875 21.496083750000253 137.01985931396484 0 17.390615000000253 137.01985931396484 12.63671875 6.640615000000253 137.01985931396484 20.4453125 -6.640634999999747 137.01985931396484 20.4453125 -17.390634999999747 137.01985931396484 12.63671875 -51.23047874999975 114.04329681396484 21.9609375 -56.64063499999975 103.08626556396484 27.4296875 -39.35547874999975 108.62923431396484 39.24609375 -55.44922874999975 94.24642181396484 37.41015625 -48.10938499999975 90.90267181396484 48.09375 30.605458750000253 126.35970306396484 30.3984375 23.265615000000253 123.01595306396484 41.08203125 22.074208750000253 114.17610931396484 51.06640625 67.40624000000025 87.00423431396484 -12.63671875 67.40624000000025 91.10970306396484 0 67.40624000000025 69.61360931396484 0 67.40624000000025 87.00423431396484 12.63671875 67.40624000000025 76.25423431396484 20.4453125 67.40624000000025 62.972984313964844 20.4453125 67.40624000000025 52.222984313964844 12.63671875 67.40624000000025 48.117515563964844 0 67.40624000000025 52.222984313964844 -12.63671875 67.40624000000025 62.972984313964844 -20.4453125 67.40624000000025 76.25423431396484 -20.4453125 23.265615000000253 16.211265563964844 41.08203125 30.605458750000253 12.867515563964844 30.3984375 39.35545875000025 30.597984313964844 39.24609375 41.28905250000025 16.297203063964844 23.09375 51.23045875000025 25.183921813964844 21.9609375 -0.000009999999747378752 137.01985931396484 0 -0.000009999999747378752 69.61360931396484 110.80859375 12.636708750000253 87.00423431396484 67.40625 20.445302500000253 76.25423431396484 67.40625 -37.42579124999975 94.32845306396484 -55.40234375 -48.10938499999975 90.90267181396484 -48.09765625 20.445302500000253 62.972984313964844 67.40625 64.21874000000025 5.949546813964844 64.0390625 22.074208750000253 25.051109313964844 51.06640625 27.480458750000253 36.008140563964844 56.53515625 37.42577125000025 44.898765563964844 55.40234375 48.10936500000025 48.324546813964844 48.09375 55.44920875000025 44.980796813964844 37.41015625 56.64061500000025 36.140953063964844 27.4296875 -23.265634999999747 123.01595306396484 41.08203125 -30.605478749999747 126.35970306396484 30.3984375 -41.28907249999975 122.93001556396484 23.09375 22.074208750000253 114.17610931396484 -51.06640625 27.480458750000253 103.21907806396484 -56.53515625 -55.44922874999975 44.980796813964844 37.41015625 -56.64063499999975 36.140953063964844 27.4296875 -39.35547874999975 30.597984313964844 39.24609375 -51.23047874999975 25.183921813964844 21.9609375 -41.28907249999975 16.297203063964844 23.09375 -30.605478749999747 12.867515563964844 30.3984375 -23.265634999999747 16.211265563964844 41.08203125 -22.074228749999747 25.051109313964844 51.06640625 -27.480478749999747 36.008140563964844 56.53515625 -37.42579124999975 44.898765563964844 55.40234375 -48.10938499999975 48.324546813964844 48.09375 -64.21875999999975 133.27767181396484 64.0390625 -22.074228749999747 114.17610931396484 51.06640625 -27.480478749999747 103.21907806396484 56.53515625 -37.42579124999975 94.32845306396484 55.40234375 56.64061500000025 103.08626556396484 27.4296875 51.23045875000025 114.04329681396484 21.9609375 41.28905250000025 122.93001556396484 23.09375 37.42577125000025 94.32845306396484 -55.40234375 -0.000009999999747378752 -41.194984436035156 0 -64.21875999999975 5.949546813964844 64.0390625 64.21874000000025 133.27767181396484 64.0390625 -64.21875999999975 133.27767181396484 -64.0390625 64.21874000000025 5.949546813964844 -64.0390625 -0.000009999999747378752 69.61360931396484 -110.80859375 110.80858375000025 69.61360931396484 0</float_array>
                    <technique_common>
                        <accessor count="554" source="#pointarray0_VC" stride="3">
                            <param name="X" type="float"/>
                            <param name="Y" type="float"/>
                            <param name="Z" type="float"/>
                        </accessor>
                    </technique_common>
                </source>
                <source id="uvs0_VC">
                    <float_array id="uvarray0_VC" count="6">0.625 0.9921875 0.125 0.9921875 0.125 0.0078125</float_array>
                    <technique_common>
                        <accessor count="3" source="#uvarray0_VC" stride="2">
                            <param name="S" type="float"/>
                            <param name="T" type="float"/>
                        </accessor>
                    </technique_common>
                </source>
                <vertices id="vertices0_VC">
                    <input semantic="POSITION" source="#points0_VC"/>
                </vertices>
                <polylist count="1048" material="Material1">
                    <input offset="0" semantic="VERTEX" source="#vertices0_VC"/>
                    <input offset="1" semantic="TEXCOORD" source="#uvs0_VC" set="0"/>
                    <vcount>3 3 3 3 3 3 3 3 3 3 3 3 3 3 3 3 3 3 3 3 3 3 3 3 3 3 3 3 3 3 3 3 3 3 3 3 3 3 3 3 3 3 3 3 3 3 3 3 3 3 3 3 3 3 3 3 3 3 3 3 3 3 3 3 3 3 3 3 3 3 3 3 3 3 3 3 3 3 3 3 3 3 3 3 3 3 3 3 3 3 3 3 3 3 3 3 3 3 3 3 3 3 3 3 3 3 3 3 3 3 3 3 3 3 3 3 3 3 3 3 3 3 3 3 3 3 3 3 3 3 3 3 3 3 3 3 3 3 3 3 3 3 3 3 3 3 3 3 3 3 3 3 3 3 3 3 3 3 3 3 3 3 3 3 3 3 3 3 3 3 3 3 3 3 3 3 3 3 3 3 3 3 3 3 3 3 3 3 3 3 3 3 3 3 3 3 3 3 3 3 3 3 3 3 3 3 3 3 3 3 3 3 3 3 3 3 3 3 3 3 3 3 3 3 3 3 3 3 3 3 3 3 3 3 3 3 3 3 3 3 3 3 3 3 3 3 3 3 3 3 3 3 3 3 3 3 3 3 3 3 3 3 3 3 3 3 3 3 3 3 3 3 3 3 3 3 3 3 3 3 3 3 3 3 3 3 3 3 3 3 3 3 3 3 3 3 3 3 3 3 3 3 3 3 3 3 3 3 3 3 3 3 3 3 3 3 3 3 3 3 3 3 3 3 3 3 3 3 3 3 3 3 3 3 3 3 3 3 3 3 3 3 3 3 3 3 3 3 3 3 3 3 3 3 3 3 3 3 3 3 3 3 3 3 3 3 3 3 3 3 3 3 3 3 3 3 3 3 3 3 3 3 3 3 3 3 3 3 3 3 3 3 3 3 3 3 3 3 3 3 3 3 3 3 3 3 3 3 3 3 3 3 3 3 3 3 3 3 3 3 3 3 3 3 3 3 3 3 3 3 3 3 3 3 3 3 3 3 3 3 3 3 3 3 3 3 3 3 3 3 3 3 3 3 3 3 3 3 3 3 3 3 3 3 3 3 3 3 3 3 3 3 3 3 3 3 3 3 3 3 3 3 3 3 3 3 3 3 3 3 3 3 3 3 3 3 3 3 3 3 3 3 3 3 3 3 3 3 3 3 3 3 3 3 3 3 3 3 3 3 3 3 3 3 3 3 3 3 3 3 3 3 3 3 3 3 3 3 3 3 3 3 3 3 3 3 3 3 3 3 3 3 3 3 3 3 3 3 3 3 3 3 3 3 3 3 3 3 3 3 3 3 3 3 3 3 3 3 3 3 3 3 3 3 3 3 3 3 3 3 3 3 3 3 3 3 3 3 3 3 3 3 3 3 3 3 3 3 3 3 3 3 3 3 3 3 3 3 3 3 3 3 3 3 3 3 3 3 3 3 3 3 3 3 3 3 3 3 3 3 3 3 3 3 3 3 3 3 3 3 3 3 3 3 3 3 3 3 3 3 3 3 3 3 3 3 3 3 3 3 3 3 3 3 3 3 3 3 3 3 3 3 3 3 3 3 3 3 3 3 3 3 3 3 3 3 3 3 3 3 3 3 3 3 3 3 3 3 3 3 3 3 3 3 3 3 3 3 3 3 3 3 3 3 3 3 3 3 3 3 3 3 3 3 3 3 3 3 3 3 3 3 3 3 3 3 3 3 3 3 3 3 3 3 3 3 3 3 3 3 3 3 3 3 3 3 3 3 3 3 3 3 3 3 3 3 3 3 3 3 3 3 3 3 3 3 3 3 3 3 3 3 3 3 3 3 3 3 3 3 3 3 3 3 3 3 3 3 3 3 3 3 3 3 3 3 3 3 3 3 3 3 3 3 3 3 3 3 3 3 3 3 3 3 3 3 3 3 3 3 3 3 3 3 3 3 3 3 3 3 3 3 3 3 3 3 3 3 3 3 3 3 3 3 3 3 3 3 3 3 3 3 3 3 3 3 3 3 3 3 3 3 3 3 3 3 3 3 3 3 3 3 3 3 3 3 3 3 3 3 3 3 3 3 3 3 3 3 3 3 3 3 3 3 3 3 3 3 3 3 3 3 3 3 3 3 3 3 3 3 3 3 3 3 3 3 3 3 3 3 3 3 3 3 3 3 3 3 3 3 3 3 3 3 3 3 3 3 3 3 3 3 3 3 3 3 3 3 3 3 3 3 3 3 3 3 3 3 3 3 3 3 3 3 3 3 3 3 3 3 3 3 3 3 3 3 3 3 3 3 3 3 3 3 3 3 3 3 3 3 3 3 3 3 3 3 3 3 3 3 3 3 3 3 3 3 3 3 3 3 3 3 3 3 3 3 3 3 3 3 3 3 3 3 3 3 3 3</vcount>
                    <p>2 0 1 0 0 0 3 0 1 0 2 0 4 0 3 0 2 0 5 0 3 0 4 0 6 0 5 0 4 0 7 0 5 0 6 0 8 0 7 0 6 0 9 0 7 0 8 0 10 0 9 0 8 0 11 0 9 0 10 0 12 0 11 0 10 0 13 0 11 0 12 0 14 0 13 0 12 0 15 0 13 0 14 0 16 0 15 0 14 0 17 0 15 0 16 0 18 0 17 0 16 0 19 0 17 0 18 0 20 0 19 0 18 0 21 0 19 0 20 0 22 0 21 0 20 0 23 0 21 0 22 0 24 0 23 0 22 0 25 0 23 0 24 0 26 0 25 0 24 0 27 0 25 0 26 0 28 0 27 0 26 0 29 0 27 0 28 0 30 0 29 0 28 0 31 0 29 0 30 0 32 0 31 0 30 0 33 0 31 0 32 0 34 0 33 0 32 0 35 0 33 0 34 0 36 0 35 0 34 0 37 0 35 0 36 0 38 0 37 0 36 0 39 0 37 0 38 0 40 0 39 0 38 0 41 0 39 0 40 0 42 0 41 0 40 0 43 0 41 0 42 0 44 0 43 0 42 0 45 0 43 0 44 0 46 0 45 0 44 0 47 0 45 0 46 0 48 0 47 0 46 0 49 0 47 0 48 0 50 0 49 0 48 0 51 0 49 0 50 0 52 0 51 0 50 0 53 0 51 0 52 0 54 0 53 0 52 0 55 0 53 0 54 0 56 0 55 0 54 0 57 0 55 0 56 0 58 0 57 0 56 0 59 0 57 0 58 0 60 0 59 0 58 0 61 0 59 0 60 0 62 0 61 0 60 0 63 0 61 0 62 0 64 0 63 0 62 0 65 0 63 0 64 0 66 0 65 0 64 0 67 0 65 0 66 0 68 0 67 0 66 0 69 0 67 0 68 0 70 0 69 0 68 0 71 0 69 0 70 0 72 0 71 0 70 0 73 0 71 0 72 0 74 0 73 0 72 0 75 0 73 0 74 0 76 0 75 0 74 0 77 0 75 0 76 0 78 0 77 0 76 0 79 0 77 0 78 0 80 0 79 0 78 0 32 0 79 0 80 0 34 0 32 0 80 0 81 0 61 0 63 0 82 0 61 0 81 0 83 0 82 0 81 0 84 0 82 0 83 0 85 0 84 0 83 0 86 0 84 0 85 0 87 0 86 0 85 0 88 0 86 0 87 0 89 0 88 0 87 0 90 0 88 0 89 0 0 0 90 0 89 0 91 0 90 0 0 0 1 0 91 0 0 0 92 0 91 0 1 0 93 0 92 0 1 0 94 0 92 0 93 0 95 0 94 0 93 0 96 0 94 0 95 0 97 0 96 0 95 0 98 0 96 0 97 0 99 0 98 0 97 0 100 0 98 0 99 0 101 0 100 0 99 0 102 0 100 0 101 0 103 0 102 0 101 0 104 0 102 0 103 0 105 0 104 0 103 0 106 0 104 0 105 0 107 0 106 0 105 0 108 0 106 0 107 0 109 0 108 0 107 0 110 0 108 0 109 0 111 0 110 0 109 0 112 0 110 0 111 0 113 0 112 0 111 0 114 0 112 0 113 0 115 0 114 0 113 0 116 0 114 0 115 0 117 0 116 0 115 0 118 0 116 0 117 0 119 0 118 0 117 0 120 0 118 0 119 0 19 0 120 0 119 0 21 0 120 0 19 0 121 0 53 0 55 0 122 0 53 0 121 0 123 0 122 0 121 0 124 0 122 0 123 0 125 0 124 0 123 0 126 0 124 0 125 0 127 0 126 0 125 0 128 0 126 0 127 0 129 0 128 0 127 0 130 0 128 0 129 0 131 0 130 0 129 0 132 0 130 0 131 0 133 0 132 0 131 0 134 0 132 0 133 0 135 0 134 0 133 0 136 0 134 0 135 0 137 0 136 0 135 0 138 0 136 0 137 0 139 0 138 0 137 0 140 0 138 0 139 0 141 0 140 0 139 0 142 0 140 0 141 0 143 0 142 0 141 0 144 0 142 0 143 0 145 0 144 0 143 0 146 0 144 0 145 0 147 0 146 0 145 0 148 0 146 0 147 0 149 0 148 0 147 0 150 0 148 0 149 0 151 0 150 0 149 0 152 0 150 0 151 0 153 0 152 0 151 0 154 0 152 0 153 0 155 0 154 0 153 0 156 0 154 0 155 0 157 0 156 0 155 0 158 0 156 0 157 0 159 0 158 0 157 0 160 0 158 0 159 0 161 0 160 0 159 0 162 0 160 0 161 0 27 0 162 0 161 0 29 0 162 0 27 0 82 0 59 0 61 0 163 0 59 0 82 0 84 0 163 0 82 0 164 0 163 0 84 0 86 0 164 0 84 0 165 0 164 0 86 0 88 0 165 0 86 0 166 0 165 0 88 0 90 0 166 0 88 0 167 0 166 0 90 0 91 0 167 0 90 0 168 0 167 0 91 0 92 0 168 0 91 0 169 0 168 0 92 0 94 0 169 0 92 0 170 0 169 0 94 0 96 0 170 0 94 0 171 0 170 0 96 0 98 0 171 0 96 0 172 0 171 0 98 0 100 0 172 0 98 0 173 0 172 0 100 0 102 0 173 0 100 0 174 0 173 0 102 0 104 0 174 0 102 0 175 0 174 0 104 0 106 0 175 0 104 0 176 0 175 0 106 0 108 0 176 0 106 0 177 0 176 0 108 0 110 0 177 0 108 0 178 0 177 0 110 0 112 0 178 0 110 0 179 0 178 0 112 0 114 0 179 0 112 0 180 0 179 0 114 0 116 0 180 0 114 0 181 0 180 0 116 0 118 0 181 0 116 0 182 0 181 0 118 0 120 0 182 0 118 0 183 0 182 0 120 0 21 0 183 0 120 0 23 0 183 0 21 0 163 0 57 0 59 0 184 0 57 0 163 0 164 0 184 0 163 0 185 0 184 0 164 0 165 0 185 0 164 0 186 0 185 0 165 0 166 0 186 0 165 0 187 0 186 0 166 0 167 0 187 0 166 0 188 0 187 0 167 0 168 0 188 0 167 0 189 0 188 0 168 0 169 0 189 0 168 0 190 0 189 0 169 0 170 0 190 0 169 0 191 0 190 0 170 0 171 0 191 0 170 0 192 0 191 0 171 0 172 0 192 0 171 0 193 0 192 0 172 0 173 0 193 0 172 0 194 0 193 0 173 0 174 0 194 0 173 0 195 0 194 0 174 0 175 0 195 0 174 0 196 0 195 0 175 0 176 0 196 0 175 0 197 0 196 0 176 0 177 0 197 0 176 0 198 0 197 0 177 0 178 0 198 0 177 0 199 0 198 0 178 0 179 0 199 0 178 0 200 0 199 0 179 0 180 0 200 0 179 0 201 0 200 0 180 0 181 0 201 0 180 0 202 0 201 0 181 0 182 0 202 0 181 0 203 0 202 0 182 0 183 0 203 0 182 0 204 0 203 0 183 0 23 0 204 0 183 0 25 0 204 0 23 0 184 0 55 0 57 0 121 0 55 0 184 0 185 0 121 0 184 0 123 0 121 0 185 0 186 0 123 0 185 0 125 0 123 0 186 0 187 0 125 0 186 0 127 0 125 0 187 0 188 0 127 0 187 0 129 0 127 0 188 0 189 0 129 0 188 0 131 0 129 0 189 0 190 0 131 0 189 0 133 0 131 0 190 0 191 0 133 0 190 0 135 0 133 0 191 0 192 0 135 0 191 0 137 0 135 0 192 0 193 0 137 0 192 0 139 0 137 0 193 0 194 0 139 0 193 0 141 0 139 0 194 0 195 0 141 0 194 0 143 0 141 0 195 0 196 0 143 0 195 0 145 0 143 0 196 0 197 0 145 0 196 0 147 0 145 0 197 0 198 0 147 0 197 0 149 0 147 0 198 0 199 0 149 0 198 0 151 0 149 0 199 0 200 0 151 0 199 0 153 0 151 0 200 0 201 0 153 0 200 0 155 0 153 0 201 0 202 0 155 0 201 0 157 0 155 0 202 0 203 0 157 0 202 0 159 0 157 0 203 0 204 0 159 0 203 0 161 0 159 0 204 0 25 0 161 0 204 0 27 0 161 0 25 0 122 0 51 0 53 0 205 0 51 0 122 0 124 0 205 0 122 0 206 0 205 0 124 0 126 0 206 0 124 0 207 0 206 0 126 0 128 0 207 0 126 0 208 0 207 0 128 0 130 0 208 0 128 0 209 0 208 0 130 0 132 0 209 0 130 0 210 0 209 0 132 0 134 0 210 0 132 0 211 0 210 0 134 0 136 0 211 0 134 0 212 0 211 0 136 0 138 0 212 0 136 0 213 0 212 0 138 0 140 0 213 0 138 0 214 0 213 0 140 0 142 0 214 0 140 0 215 0 214 0 142 0 144 0 215 0 142 0 216 0 215 0 144 0 146 0 216 0 144 0 217 0 216 0 146 0 148 0 217 0 146 0 218 0 217 0 148 0 150 0 218 0 148 0 219 0 218 0 150 0 152 0 219 0 150 0 220 0 219 0 152 0 154 0 220 0 152 0 221 0 220 0 154 0 156 0 221 0 154 0 222 0 221 0 156 0 158 0 222 0 156 0 223 0 222 0 158 0 160 0 223 0 158 0 224 0 223 0 160 0 162 0 224 0 160 0 225 0 224 0 162 0 29 0 225 0 162 0 31 0 225 0 29 0 205 0 49 0 51 0 226 0 49 0 205 0 206 0 226 0 205 0 227 0 226 0 206 0 207 0 227 0 206 0 228 0 227 0 207 0 208 0 228 0 207 0 229 0 228 0 208 0 209 0 229 0 208 0 230 0 229 0 209 0 210 0 230 0 209 0 231 0 230 0 210 0 211 0 231 0 210 0 232 0 231 0 211 0 212 0 232 0 211 0 233 0 232 0 212 0 213 0 233 0 212 0 234 0 233 0 213 0 214 0 234 0 213 0 235 0 234 0 214 0 215 0 235 0 214 0 236 0 235 0 215 0 216 0 236 0 215 0 237 0 236 0 216 0 217 0 237 0 216 0 238 0 237 0 217 0 218 0 238 0 217 0 239 0 238 0 218 0 219 0 239 0 218 0 240 0 239 0 219 0 220 0 240 0 219 0 241 0 240 0 220 0 221 0 241 0 220 0 242 0 241 0 221 0 222 0 242 0 221 0 243 0 242 0 222 0 223 0 243 0 222 0 244 0 243 0 223 0 224 0 244 0 223 0 245 0 244 0 224 0 225 0 245 0 224 0 246 0 245 0 225 0 31 0 246 0 225 0 33 0 246 0 31 0 3 0 93 0 1 0 247 0 93 0 3 0 5 0 247 0 3 0 248 0 247 0 5 0 7 0 248 0 5 0 249 0 248 0 7 0 9 0 249 0 7 0 250 0 249 0 9 0 11 0 250 0 9 0 251 0 250 0 11 0 13 0 251 0 11 0 252 0 251 0 13 0 15 0 252 0 13 0 253 0 252 0 15 0 17 0 253 0 15 0 119 0 253 0 17 0 19 0 119 0 17 0 64 0 68 0 66 0 254 0 68 0 64 0 62 0 254 0 64 0 255 0 254 0 62 0 60 0 255 0 62 0 256 0 255 0 60 0 58 0 256 0 60 0 257 0 256 0 58 0 56 0 257 0 58 0 258 0 257 0 56 0 54 0 258 0 56 0 259 0 258 0 54 0 52 0 259 0 54 0 48 0 259 0 52 0 50 0 48 0 52 0 247 0 95 0 93 0 260 0 95 0 247 0 248 0 260 0 247 0 261 0 260 0 248 0 249 0 261 0 248 0 262 0 261 0 249 0 250 0 262 0 249 0 263 0 262 0 250 0 251 0 263 0 250 0 264 0 263 0 251 0 252 0 264 0 251 0 265 0 264 0 252 0 253 0 265 0 252 0 117 0 265 0 253 0 119 0 117 0 253 0 266 0 77 0 79 0 267 0 77 0 266 0 268 0 267 0 266 0 269 0 267 0 268 0 270 0 269 0 268 0 271 0 269 0 270 0 272 0 271 0 270 0 273 0 271 0 272 0 274 0 273 0 272 0 275 0 273 0 274 0 276 0 275 0 274 0 277 0 275 0 276 0 16 0 277 0 276 0 14 0 277 0 16 0 278 0 33 0 35 0 246 0 33 0 278 0 279 0 246 0 278 0 245 0 246 0 279 0 280 0 245 0 279 0 244 0 245 0 280 0 281 0 244 0 280 0 243 0 244 0 281 0 282 0 243 0 281 0 242 0 243 0 282 0 283 0 242 0 282 0 241 0 242 0 283 0 239 0 241 0 283 0 240 0 241 0 239 0 30 0 79 0 32 0 266 0 79 0 30 0 28 0 266 0 30 0 268 0 266 0 28 0 26 0 268 0 28 0 270 0 268 0 26 0 24 0 270 0 26 0 272 0 270 0 24 0 22 0 272 0 24 0 274 0 272 0 22 0 20 0 274 0 22 0 276 0 274 0 20 0 18 0 276 0 20 0 16 0 276 0 18 0 267 0 75 0 77 0 284 0 75 0 267 0 269 0 284 0 267 0 285 0 284 0 269 0 271 0 285 0 269 0 286 0 285 0 271 0 273 0 286 0 271 0 287 0 286 0 273 0 275 0 287 0 273 0 288 0 287 0 275 0 277 0 288 0 275 0 289 0 288 0 277 0 14 0 289 0 277 0 12 0 289 0 14 0 284 0 73 0 75 0 290 0 73 0 284 0 285 0 290 0 284 0 291 0 290 0 285 0 286 0 291 0 285 0 292 0 291 0 286 0 287 0 292 0 286 0 293 0 292 0 287 0 288 0 293 0 287 0 294 0 293 0 288 0 289 0 294 0 288 0 295 0 294 0 289 0 12 0 295 0 289 0 10 0 295 0 12 0 290 0 71 0 73 0 296 0 71 0 290 0 291 0 296 0 290 0 297 0 296 0 291 0 292 0 297 0 291 0 298 0 297 0 292 0 293 0 298 0 292 0 299 0 298 0 293 0 294 0 299 0 293 0 300 0 299 0 294 0 295 0 300 0 294 0 301 0 300 0 295 0 10 0 301 0 295 0 8 0 301 0 10 0 296 0 69 0 71 0 302 0 69 0 296 0 297 0 302 0 296 0 303 0 302 0 297 0 298 0 303 0 297 0 304 0 303 0 298 0 299 0 304 0 298 0 305 0 304 0 299 0 300 0 305 0 299 0 306 0 305 0 300 0 301 0 306 0 300 0 307 0 306 0 301 0 8 0 307 0 301 0 6 0 307 0 8 0 302 0 67 0 69 0 308 0 67 0 302 0 303 0 308 0 302 0 309 0 308 0 303 0 304 0 309 0 303 0 310 0 309 0 304 0 305 0 310 0 304 0 311 0 310 0 305 0 306 0 311 0 305 0 312 0 311 0 306 0 307 0 312 0 306 0 313 0 312 0 307 0 6 0 313 0 307 0 4 0 313 0 6 0 308 0 65 0 67 0 314 0 65 0 308 0 309 0 314 0 308 0 315 0 314 0 309 0 310 0 315 0 309 0 316 0 315 0 310 0 311 0 316 0 310 0 317 0 316 0 311 0 312 0 317 0 311 0 318 0 317 0 312 0 313 0 318 0 312 0 319 0 318 0 313 0 4 0 319 0 313 0 2 0 319 0 4 0 226 0 47 0 49 0 320 0 47 0 226 0 227 0 320 0 226 0 321 0 320 0 227 0 228 0 321 0 227 0 322 0 321 0 228 0 229 0 322 0 228 0 323 0 322 0 229 0 230 0 323 0 229 0 324 0 323 0 230 0 231 0 324 0 230 0 325 0 324 0 231 0 232 0 325 0 231 0 233 0 325 0 232 0 320 0 45 0 47 0 326 0 45 0 320 0 321 0 326 0 320 0 327 0 326 0 321 0 322 0 327 0 321 0 328 0 327 0 322 0 323 0 328 0 322 0 329 0 328 0 323 0 324 0 329 0 323 0 330 0 329 0 324 0 325 0 330 0 324 0 331 0 330 0 325 0 233 0 331 0 325 0 234 0 331 0 233 0 326 0 43 0 45 0 332 0 43 0 326 0 327 0 332 0 326 0 333 0 332 0 327 0 328 0 333 0 327 0 334 0 333 0 328 0 329 0 334 0 328 0 335 0 334 0 329 0 330 0 335 0 329 0 336 0 335 0 330 0 331 0 336 0 330 0 337 0 336 0 331 0 234 0 337 0 331 0 235 0 337 0 234 0 332 0 41 0 43 0 338 0 41 0 332 0 333 0 338 0 332 0 339 0 338 0 333 0 334 0 339 0 333 0 340 0 339 0 334 0 335 0 340 0 334 0 341 0 340 0 335 0 336 0 341 0 335 0 342 0 341 0 336 0 337 0 342 0 336 0 343 0 342 0 337 0 235 0 343 0 337 0 236 0 343 0 235 0 338 0 39 0 41 0 344 0 39 0 338 0 339 0 344 0 338 0 345 0 344 0 339 0 340 0 345 0 339 0 346 0 345 0 340 0 341 0 346 0 340 0 347 0 346 0 341 0 342 0 347 0 341 0 348 0 347 0 342 0 343 0 348 0 342 0 349 0 348 0 343 0 236 0 349 0 343 0 237 0 349 0 236 0 344 0 37 0 39 0 350 0 37 0 344 0 345 0 350 0 344 0 351 0 350 0 345 0 346 0 351 0 345 0 352 0 351 0 346 0 347 0 352 0 346 0 353 0 352 0 347 0 348 0 353 0 347 0 354 0 353 0 348 0 349 0 354 0 348 0 355 0 354 0 349 0 237 0 355 0 349 0 238 0 355 0 237 0 350 0 35 0 37 0 278 0 35 0 350 0 351 0 278 0 350 0 279 0 278 0 351 0 352 0 279 0 351 0 280 0 279 0 352 0 353 0 280 0 352 0 281 0 280 0 353 0 354 0 281 0 353 0 282 0 281 0 354 0 355 0 282 0 354 0 283 0 282 0 355 0 238 0 283 0 355 0 239 0 283 0 238 0 314 0 63 0 65 0 81 0 63 0 314 0 315 0 81 0 314 0 83 0 81 0 315 0 316 0 83 0 315 0 85 0 83 0 316 0 317 0 85 0 316 0 87 0 85 0 317 0 318 0 87 0 317 0 89 0 87 0 318 0 319 0 89 0 318 0 0 0 89 0 319 0 2 0 0 0 319 0 254 0 70 0 68 0 356 0 70 0 254 0 255 0 356 0 254 0 357 0 356 0 255 0 256 0 357 0 255 0 358 0 357 0 256 0 257 0 358 0 256 0 359 0 358 0 257 0 258 0 359 0 257 0 360 0 359 0 258 0 259 0 360 0 258 0 46 0 360 0 259 0 48 0 46 0 259 0 260 0 97 0 95 0 361 0 97 0 260 0 261 0 361 0 260 0 362 0 361 0 261 0 262 0 362 0 261 0 363 0 362 0 262 0 263 0 363 0 262 0 364 0 363 0 263 0 264 0 364 0 263 0 365 0 364 0 264 0 265 0 365 0 264 0 115 0 365 0 265 0 117 0 115 0 265 0 356 0 72 0 70 0 366 0 72 0 356 0 357 0 366 0 356 0 367 0 366 0 357 0 358 0 367 0 357 0 368 0 367 0 358 0 359 0 368 0 358 0 369 0 368 0 359 0 360 0 369 0 359 0 44 0 369 0 360 0 46 0 44 0 360 0 361 0 99 0 97 0 370 0 99 0 361 0 362 0 370 0 361 0 371 0 370 0 362 0 363 0 371 0 362 0 372 0 371 0 363 0 364 0 372 0 363 0 373 0 372 0 364 0 365 0 373 0 364 0 113 0 373 0 365 0 115 0 113 0 365 0 366 0 74 0 72 0 374 0 74 0 366 0 367 0 374 0 366 0 375 0 374 0 367 0 368 0 375 0 367 0 376 0 375 0 368 0 369 0 376 0 368 0 42 0 376 0 369 0 44 0 42 0 369 0 370 0 101 0 99 0 377 0 101 0 370 0 371 0 377 0 370 0 378 0 377 0 371 0 372 0 378 0 371 0 379 0 378 0 372 0 373 0 379 0 372 0 111 0 379 0 373 0 113 0 111 0 373 0 374 0 76 0 74 0 380 0 76 0 374 0 375 0 380 0 374 0 381 0 380 0 375 0 376 0 381 0 375 0 40 0 381 0 376 0 42 0 40 0 376 0 377 0 103 0 101 0 382 0 103 0 377 0 378 0 382 0 377 0 383 0 382 0 378 0 379 0 383 0 378 0 109 0 383 0 379 0 111 0 109 0 379 0 380 0 78 0 76 0 384 0 78 0 380 0 381 0 384 0 380 0 38 0 384 0 381 0 40 0 38 0 381 0 382 0 105 0 103 0 385 0 105 0 382 0 383 0 385 0 382 0 107 0 385 0 383 0 109 0 107 0 383 0 388 1 387 2 386 2 389 2 387 2 388 1 390 2 389 2 388 1 393 2 392 2 391 2 394 2 392 2 393 2 395 2 394 2 393 2 398 2 397 2 396 2 399 2 397 2 398 2 400 2 399 2 398 2 403 2 402 2 401 2 404 2 402 2 403 2 405 2 404 2 403 2 398 2 406 2 400 2 407 2 406 2 398 2 408 2 407 2 398 2 409 2 387 2 389 2 386 2 387 2 409 2 410 2 386 2 409 2 413 2 412 2 411 2 414 2 412 2 413 2 415 2 414 2 413 2 413 2 417 2 416 2 418 2 417 2 413 2 419 2 418 2 413 2 422 2 421 2 420 2 423 2 421 2 422 2 424 2 423 2 422 2 427 1 426 2 425 2 428 2 426 2 427 1 429 2 428 2 427 1 432 2 431 2 430 2 433 2 431 2 432 2 434 2 433 2 432 2 432 2 435 2 434 2 436 2 435 2 432 2 437 2 436 2 432 2 432 2 438 2 437 2 439 2 438 2 432 2 440 2 439 2 432 2 443 2 442 2 441 2 444 2 442 2 443 2 445 2 444 2 443 2 443 2 446 2 445 2 447 2 446 2 443 2 448 2 447 2 443 2 451 2 450 2 449 2 452 2 450 2 451 2 453 2 452 2 451 2 451 2 454 2 453 2 455 2 454 2 451 2 456 2 455 2 451 2 451 2 457 2 456 2 458 2 457 2 451 2 459 2 458 2 451 2 460 1 401 2 402 2 461 2 401 2 460 1 462 2 461 2 460 1 460 1 463 2 462 2 464 2 463 2 460 1 465 2 464 2 460 1 422 2 466 2 424 2 467 2 466 2 422 2 468 2 467 2 422 2 460 1 469 2 465 2 405 2 469 2 460 1 404 2 405 2 460 1 409 2 471 2 470 2 390 2 471 2 409 2 389 2 390 2 409 2 398 2 472 2 408 2 473 2 472 2 398 2 474 2 473 2 398 2 403 2 469 2 405 2 465 2 469 2 403 2 464 2 465 2 403 2 475 1 420 2 421 2 476 2 420 2 475 1 477 2 476 2 475 1 475 1 478 2 477 2 468 2 478 2 475 1 467 2 468 2 475 1 475 1 466 2 467 2 424 2 466 2 475 1 423 2 424 2 475 1 427 1 480 2 479 2 481 2 480 2 427 1 482 2 481 2 427 1 427 1 483 2 482 2 484 2 483 2 427 1 425 2 484 2 427 1 487 2 486 2 485 2 488 2 486 2 487 2 489 2 488 2 487 2 393 2 491 2 490 2 492 2 491 2 393 2 391 2 492 2 393 2 495 2 494 2 493 2 496 2 494 2 495 2 497 2 496 2 495 2 495 2 498 2 497 2 499 2 498 2 495 2 500 2 499 2 495 2 495 2 501 2 500 2 502 2 501 2 495 2 503 2 502 2 495 2 506 2 505 2 504 2 507 2 505 2 506 2 508 2 507 2 506 2 509 2 479 2 480 2 429 2 479 2 509 2 428 2 429 2 509 2 510 1 441 2 442 2 511 2 441 2 510 1 512 2 511 2 510 1 413 2 513 2 415 2 514 2 513 2 413 2 416 2 514 2 413 2 510 1 515 2 512 2 448 2 515 2 510 1 447 2 448 2 510 1 510 1 446 2 447 2 445 2 446 2 510 1 444 2 445 2 510 1 516 1 504 2 505 2 517 2 504 2 516 1 518 2 517 2 516 1 516 1 519 2 518 2 520 2 519 2 516 1 521 2 520 2 516 1 516 1 522 2 521 2 508 2 522 2 516 1 507 2 508 2 516 1 487 2 524 2 523 2 525 2 524 2 487 2 485 2 525 2 487 2 388 1 470 2 471 2 526 2 470 2 388 1 527 2 526 2 388 1 384 0 80 0 78 0 36 0 80 0 384 0 38 0 36 0 384 0 506 2 522 2 508 2 521 2 522 2 506 2 520 2 521 2 506 2 530 2 529 2 528 2 531 2 529 2 530 2 532 2 531 2 530 2 530 2 534 2 533 2 535 2 534 2 530 2 536 2 535 2 530 2 530 2 537 2 536 2 538 2 537 2 530 2 528 2 538 2 530 2 509 2 426 2 428 2 425 2 426 2 509 2 484 2 425 2 509 2 539 1 523 2 524 2 540 2 523 2 539 1 541 2 540 2 539 1 539 1 542 2 541 2 489 2 542 2 539 1 488 2 489 2 539 1 539 1 486 2 488 2 485 2 486 2 539 1 525 2 485 2 539 1 393 2 543 2 395 2 544 2 543 2 393 2 545 2 544 2 393 2 388 1 546 2 527 2 410 2 546 2 388 1 386 2 410 2 388 1 397 2 547 1 396 2 399 2 547 1 397 2 400 2 547 1 399 2 406 2 547 1 400 2 407 2 547 1 406 2 408 2 547 1 407 2 472 2 547 1 408 2 473 2 547 1 472 2 511 2 443 2 441 2 512 2 443 2 511 2 515 2 443 2 512 2 448 2 443 2 515 2 474 2 547 1 473 2 396 2 547 1 474 2 534 2 548 1 533 2 535 2 548 1 534 2 536 2 548 1 535 2 537 2 548 1 536 2 529 2 548 1 528 2 531 2 548 1 529 2 532 2 548 1 531 2 533 2 548 1 532 2 491 2 549 1 490 2 492 2 549 1 491 2 391 2 549 1 492 2 392 2 549 1 391 2 394 2 549 1 392 2 395 2 549 1 394 2 543 2 549 1 395 2 544 2 549 1 543 2 545 2 549 1 544 2 490 2 549 1 545 2 412 2 550 1 411 2 414 2 550 1 412 2 415 2 550 1 414 2 513 2 550 1 415 2 514 2 550 1 513 2 416 2 550 1 514 2 417 2 550 1 416 2 418 2 550 1 417 2 419 2 550 1 418 2 411 2 550 1 419 2 431 2 551 1 430 2 433 2 551 1 431 2 434 2 551 1 433 2 435 2 551 1 434 2 436 2 551 1 435 2 437 2 551 1 436 2 438 2 551 1 437 2 439 2 551 1 438 2 440 2 551 1 439 2 430 2 551 1 440 2 450 2 552 1 449 2 452 2 552 1 450 2 453 2 552 1 452 2 454 2 552 1 453 2 457 2 552 1 456 2 458 2 552 1 457 2 459 2 552 1 458 2 449 2 552 1 459 2 461 2 403 2 401 2 462 2 403 2 461 2 463 2 403 2 462 2 464 2 403 2 463 2 481 2 509 2 480 2 482 2 509 2 481 2 483 2 509 2 482 2 484 2 509 2 483 2 538 2 548 1 537 2 528 2 548 1 538 2 517 2 506 2 504 2 518 2 506 2 517 2 519 2 506 2 518 2 520 2 506 2 519 2 540 2 487 2 523 2 541 2 487 2 540 2 542 2 487 2 541 2 489 2 487 2 542 2 526 2 409 2 470 2 527 2 409 2 526 2 546 2 409 2 527 2 410 2 409 2 546 2 494 2 553 1 493 2 496 2 553 1 494 2 497 2 553 1 496 2 498 2 553 1 497 2 455 2 552 1 454 2 456 2 552 1 455 2 499 2 553 1 498 2 500 2 553 1 499 2 501 2 553 1 500 2 502 2 553 1 501 2 476 2 422 2 420 2 477 2 422 2 476 2 478 2 422 2 477 2 468 2 422 2 478 2 503 2 553 1 502 2 493 2 553 1 503 2 411 2 419 2 413 2 505 2 507 2 516 1 493 2 503 2 495 2 449 2 459 2 451 2 396 2 474 2 398 2 479 2 429 2 427 1 402 2 404 2 460 1 533 2 532 2 530 2 442 2 444 2 510 1 430 2 440 2 432 2 385 0 107 0 105 0 421 2 423 2 475 1 471 2 390 2 388 1 524 2 525 2 539 1 490 2 545 2 393 2 36 0 34 0 80 0</p>
                </polylist>
            </mesh>
        </geometry>
    </library_geometries>
    <library_controllers>
        <controller id="controller0">
            <skin source="#mesh0">
                <bind_shape_matrix>1 0 0 0 0 1 0 0 0 0 1 0 0 0 0 1</bind_shape_matrix>
                <source id="joints0">
                    <Name_array id="JointArr0" count="2">jointnode-1 jointnode0</Name_array>
                    <technique_common>
                        <accessor source="#JointArr0" count="2">
                            <param name="JOINT" type="Name" />
                        </accessor>
                    </technique_common>
                </source>
                <source id="matrices0">
                    <float_array id="MatArr0" count="32">1 0 0 0 0 1 0 0 0 0 1 0 0 0 0 1 1 0 0 0.000009999999747378752 0 1 0 -69.61360931396484 0 0 1 0 0 0 0 1</float_array>
                    <technique_common>
                        <accessor source="#MatArr0" count="2" stride="16">
                            <param type="float4x4" />
                        </accessor>
                    </technique_common>
                </source>
                <source id="weights0">
                    <float_array id="WeightArr0" count="1">1</float_array>
                    <technique_common>
                        <accessor source="#WeightArr0" count="1">
                            <param type="float" />
                        </accessor>
                    </technique_common>
                </source>
                <joints>
                    <input semantic="JOINT" source="#joints0" />
                    <input semantic="INV_BIND_MATRIX" source="#matrices0" />
                </joints>
                <vertex_weights count="554">
                    <input semantic="JOINT" offset="0" source="#joints0" />
                    <input semantic="WEIGHT" offset="1" source="#weights0" />
                    <vcount>1 1 1 1 1 1 1 1 1 1 1 1 1 1 1 1 1 1 1 1 1 1 1 1 1 1 1 1 1 1 1 1 1 1 1 1 1 1 1 1 1 1 1 1 1 1 1 1 1 1 1 1 1 1 1 1 1 1 1 1 1 1 1 1 1 1 1 1 1 1 1 1 1 1 1 1 1 1 1 1 1 1 1 1 1 1 1 1 1 1 1 1 1 1 1 1 1 1 1 1 1 1 1 1 1 1 1 1 1 1 1 1 1 1 1 1 1 1 1 1 1 1 1 1 1 1 1 1 1 1 1 1 1 1 1 1 1 1 1 1 1 1 1 1 1 1 1 1 1 1 1 1 1 1 1 1 1 1 1 1 1 1 1 1 1 1 1 1 1 1 1 1 1 1 1 1 1 1 1 1 1 1 1 1 1 1 1 1 1 1 1 1 1 1 1 1 1 1 1 1 1 1 1 1 1 1 1 1 1 1 1 1 1 1 1 1 1 1 1 1 1 1 1 1 1 1 1 1 1 1 1 1 1 1 1 1 1 1 1 1 1 1 1 1 1 1 1 1 1 1 1 1 1 1 1 1 1 1 1 1 1 1 1 1 1 1 1 1 1 1 1 1 1 1 1 1 1 1 1 1 1 1 1 1 1 1 1 1 1 1 1 1 1 1 1 1 1 1 1 1 1 1 1 1 1 1 1 1 1 1 1 1 1 1 1 1 1 1 1 1 1 1 1 1 1 1 1 1 1 1 1 1 1 1 1 1 1 1 1 1 1 1 1 1 1 1 1 1 1 1 1 1 1 1 1 1 1 1 1 1 1 1 1 1 1 1 1 1 1 1 1 1 1 1 1 1 1 1 1 1 1 1 1 1 1 1 1 1 1 1 1 1 1 1 1 1 1 1 1 1 1 1 1 1 1 1 1 1 1 1 1 1 1 1 1 1 1 1 1 1 1 1 1 1 1 1 1 1 1 1 1 1 1 1 1 1 1 1 1 1 1 1 1 1 1 1 1 1 1 1 1 1 1 1 1 1 1 1 1 1 1 1 1 1 1 1 1 1 1 1 1 1 1 1 1 1 1 1 1 1 1 1 1 1 1 1 1 1 1 1 1 1 1 1 1 1 1 1 1 1 1 1 1 1 1 1 1 1 1 1 1 1 1 1 1 1 1 1 1 1 1 1 1 1 1 1 1 1 1 1 1 1 1 1 1 1 1 1 1 1 1 1 1 1 1 1 1 1 1 1 1 1 1 1</vcount>
                    <v>1 0 1 0 1 0 1 0 1 0 1 0 1 0 1 0 1 0 1 0 1 0 1 0 1 0 1 0 1 0 1 0 1 0 1 0 1 0 1 0 1 0 1 0 1 0 1 0 1 0 1 0 1 0 1 0 1 0 1 0 1 0 1 0 1 0 1 0 1 0 1 0 1 0 1 0 1 0 1 0 1 0 1 0 1 0 1 0 1 0 1 0 1 0 1 0 1 0 1 0 1 0 1 0 1 0 1 0 1 0 1 0 1 0 1 0 1 0 1 0 1 0 1 0 1 0 1 0 1 0 1 0 1 0 1 0 1 0 1 0 1 0 1 0 1 0 1 0 1 0 1 0 1 0 1 0 1 0 1 0 1 0 1 0 1 0 1 0 1 0 1 0 1 0 1 0 1 0 1 0 1 0 1 0 1 0 1 0 1 0 1 0 1 0 1 0 1 0 1 0 1 0 1 0 1 0 1 0 1 0 1 0 1 0 1 0 1 0 1 0 1 0 1 0 1 0 1 0 1 0 1 0 1 0 1 0 1 0 1 0 1 0 1 0 1 0 1 0 1 0 1 0 1 0 1 0 1 0 1 0 1 0 1 0 1 0 1 0 1 0 1 0 1 0 1 0 1 0 1 0 1 0 1 0 1 0 1 0 1 0 1 0 1 0 1 0 1 0 1 0 1 0 1 0 1 0 1 0 1 0 1 0 1 0 1 0 1 0 1 0 1 0 1 0 1 0 1 0 1 0 1 0 1 0 1 0 1 0 1 0 1 0 1 0 1 0 1 0 1 0 1 0 1 0 1 0 1 0 1 0 1 0 1 0 1 0 1 0 1 0 1 0 1 0 1 0 1 0 1 0 1 0 1 0 1 0 1 0 1 0 1 0 1 0 1 0 1 0 1 0 1 0 1 0 1 0 1 0 1 0 1 0 1 0 1 0 1 0 1 0 1 0 1 0 1 0 1 0 1 0 1 0 1 0 1 0 1 0 1 0 1 0 1 0 1 0 1 0 1 0 1 0 1 0 1 0 1 0 1 0 1 0 1 0 1 0 1 0 1 0 1 0 1 0 1 0 1 0 1 0 1 0 1 0 1 0 1 0 1 0 1 0 1 0 1 0 1 0 1 0 1 0 1 0 1 0 1 0 1 0 1 0 1 0 1 0 1 0 1 0 1 0 1 0 1 0 1 0 1 0 1 0 1 0 1 0 1 0 1 0 1 0 1 0 1 0 1 0 1 0 1 0 1 0 1 0 1 0 1 0 1 0 1 0 1 0 1 0 1 0 1 0 1 0 1 0 1 0 1 0 1 0 1 0 1 0 1 0 1 0 1 0 1 0 1 0 1 0 1 0 1 0 1 0 1 0 1 0 1 0 1 0 1 0 1 0 1 0 1 0 1 0 1 0 1 0 1 0 1 0 1 0 1 0 1 0 1 0 1 0 1 0 1 0 1 0 1 0 1 0 1 0 1 0 1 0 1 0 1 0 1 0 1 0 1 0 1 0 1 0 1 0 1 0 1 0 1 0 1 0 1 0 1 0 1 0 1 0 1 0 1 0 1 0 1 0 1 0 1 0 1 0 1 0 1 0 1 0 1 0 1 0 1 0 1 0 1 0 1 0 1 0 1 0 1 0 1 0 1 0 1 0 1 0 1 0 1 0 1 0 1 0 1 0 1 0 1 0 1 0 1 0 1 0 1 0 1 0 1 0 1 0 1 0 1 0 1 0 1 0 1 0 1 0 1 0 1 0 1 0 1 0 1 0 1 0 1 0 1 0 1 0 1 0 1 0 1 0 1 0 1 0 1 0 1 0 1 0 1 0 1 0 1 0 1 0 1 0 1 0 1 0 1 0 1 0 1 0 1 0 1 0 1 0 1 0 1 0 1 0 1 0 1 0 1 0 1 0 1 0 1 0 1 0 1 0 1 0 1 0 1 0 1 0 1 0 1 0 1 0 1 0 1 0 1 0 1 0 1 0 1 0 1 0 1 0 1 0 1 0 1 0 1 0 1 0 1 0 1 0 1 0 1 0 1 0 1 0 1 0 1 0 1 0 1 0 1 0 1 0 1 0 1 0 1 0 1 0 1 0 1 0 1 0 1 0 1 0 1 0 1 0 1 0 1 0 1 0 1 0 1 0 1 0 1 0 1 0 1 0 1 0 1 0 1 0 1 0 1 0 1 0 1 0 1 0 1 0 1 0 1 0 1 0 1 0 1 0 1 0 1 0 1 0 1 0 1 0 1 0 1 0 1 0 1 0 1 0 1 0 1 0 1 0 1 0 1 0 1 0 1 0 1 0 1 0 1 0 1 0 1 0 1 0 1 0 1 0 1 0 1 0 1 0 1 0 1 0 1 0 1 0 1 0 1 0 1 0 1 0 1 0 1 0 1 0 1 0 1 0 1 0 1 0 1 0 1 0 1 0 1 0 1 0 1 0 1 0 1 0 1 0 1 0 1 0 1 0 1 0 1 0 1 0 1 0 1 0</v>
                </vertex_weights>
            </skin>
        </controller>
        <controller id="controller0_VC">
            <skin source="#mesh0_VC">
                <bind_shape_matrix>1 0 0 0 0 1 0 0 0 0 1 0 0 0 0 1</bind_shape_matrix>
                <source id="joints0_VC">
                    <Name_array id="JointArr0_VC" count="2">jointnode-1 jointnode0</Name_array>
                    <technique_common>
                        <accessor source="#JointArr0_VC" count="2">
                            <param name="JOINT" type="Name" />
                        </accessor>
                    </technique_common>
                </source>
                <source id="matrices0_VC">
                    <float_array id="MatArr0_VC" count="32">1 0 0 0 0 1 0 0 0 0 1 0 0 0 0 1 1 0 0 0.000009999999747378752 0 1 0 -69.61360931396484 0 0 1 0 0 0 0 1</float_array>
                    <technique_common>
                        <accessor source="#MatArr0_VC" count="2" stride="16">
                            <param type="float4x4" />
                        </accessor>
                    </technique_common>
                </source>
                <source id="weights0_VC">
                    <float_array id="WeightArr0_VC" count="1">1</float_array>
                    <technique_common>
                        <accessor source="#WeightArr0_VC" count="1">
                            <param type="float" />
                        </accessor>
                    </technique_common>
                </source>
                <joints>
                    <input semantic="JOINT" source="#joints0_VC" />
                    <input semantic="INV_BIND_MATRIX" source="#matrices0_VC" />
                </joints>
                <vertex_weights count="554">
                    <input semantic="JOINT" offset="0" source="#joints0_VC" />
                    <input semantic="WEIGHT" offset="1" source="#weights0_VC" />
                    <vcount>1 1 1 1 1 1 1 1 1 1 1 1 1 1 1 1 1 1 1 1 1 1 1 1 1 1 1 1 1 1 1 1 1 1 1 1 1 1 1 1 1 1 1 1 1 1 1 1 1 1 1 1 1 1 1 1 1 1 1 1 1 1 1 1 1 1 1 1 1 1 1 1 1 1 1 1 1 1 1 1 1 1 1 1 1 1 1 1 1 1 1 1 1 1 1 1 1 1 1 1 1 1 1 1 1 1 1 1 1 1 1 1 1 1 1 1 1 1 1 1 1 1 1 1 1 1 1 1 1 1 1 1 1 1 1 1 1 1 1 1 1 1 1 1 1 1 1 1 1 1 1 1 1 1 1 1 1 1 1 1 1 1 1 1 1 1 1 1 1 1 1 1 1 1 1 1 1 1 1 1 1 1 1 1 1 1 1 1 1 1 1 1 1 1 1 1 1 1 1 1 1 1 1 1 1 1 1 1 1 1 1 1 1 1 1 1 1 1 1 1 1 1 1 1 1 1 1 1 1 1 1 1 1 1 1 1 1 1 1 1 1 1 1 1 1 1 1 1 1 1 1 1 1 1 1 1 1 1 1 1 1 1 1 1 1 1 1 1 1 1 1 1 1 1 1 1 1 1 1 1 1 1 1 1 1 1 1 1 1 1 1 1 1 1 1 1 1 1 1 1 1 1 1 1 1 1 1 1 1 1 1 1 1 1 1 1 1 1 1 1 1 1 1 1 1 1 1 1 1 1 1 1 1 1 1 1 1 1 1 1 1 1 1 1 1 1 1 1 1 1 1 1 1 1 1 1 1 1 1 1 1 1 1 1 1 1 1 1 1 1 1 1 1 1 1 1 1 1 1 1 1 1 1 1 1 1 1 1 1 1 1 1 1 1 1 1 1 1 1 1 1 1 1 1 1 1 1 1 1 1 1 1 1 1 1 1 1 1 1 1 1 1 1 1 1 1 1 1 1 1 1 1 1 1 1 1 1 1 1 1 1 1 1 1 1 1 1 1 1 1 1 1 1 1 1 1 1 1 1 1 1 1 1 1 1 1 1 1 1 1 1 1 1 1 1 1 1 1 1 1 1 1 1 1 1 1 1 1 1 1 1 1 1 1 1 1 1 1 1 1 1 1 1 1 1 1 1 1 1 1 1 1 1 1 1 1 1 1 1 1 1 1 1 1 1 1 1 1 1 1 1 1 1 1 1 1 1 1 1 1 1 1 1 1 1 1 1 1 1 1 1 1 1 1</vcount>
                    <v>1 0 1 0 1 0 1 0 1 0 1 0 1 0 1 0 1 0 1 0 1 0 1 0 1 0 1 0 1 0 1 0 1 0 1 0 1 0 1 0 1 0 1 0 1 0 1 0 1 0 1 0 1 0 1 0 1 0 1 0 1 0 1 0 1 0 1 0 1 0 1 0 1 0 1 0 1 0 1 0 1 0 1 0 1 0 1 0 1 0 1 0 1 0 1 0 1 0 1 0 1 0 1 0 1 0 1 0 1 0 1 0 1 0 1 0 1 0 1 0 1 0 1 0 1 0 1 0 1 0 1 0 1 0 1 0 1 0 1 0 1 0 1 0 1 0 1 0 1 0 1 0 1 0 1 0 1 0 1 0 1 0 1 0 1 0 1 0 1 0 1 0 1 0 1 0 1 0 1 0 1 0 1 0 1 0 1 0 1 0 1 0 1 0 1 0 1 0 1 0 1 0 1 0 1 0 1 0 1 0 1 0 1 0 1 0 1 0 1 0 1 0 1 0 1 0 1 0 1 0 1 0 1 0 1 0 1 0 1 0 1 0 1 0 1 0 1 0 1 0 1 0 1 0 1 0 1 0 1 0 1 0 1 0 1 0 1 0 1 0 1 0 1 0 1 0 1 0 1 0 1 0 1 0 1 0 1 0 1 0 1 0 1 0 1 0 1 0 1 0 1 0 1 0 1 0 1 0 1 0 1 0 1 0 1 0 1 0 1 0 1 0 1 0 1 0 1 0 1 0 1 0 1 0 1 0 1 0 1 0 1 0 1 0 1 0 1 0 1 0 1 0 1 0 1 0 1 0 1 0 1 0 1 0 1 0 1 0 1 0 1 0 1 0 1 0 1 0 1 0 1 0 1 0 1 0 1 0 1 0 1 0 1 0 1 0 1 0 1 0 1 0 1 0 1 0 1 0 1 0 1 0 1 0 1 0 1 0 1 0 1 0 1 0 1 0 1 0 1 0 1 0 1 0 1 0 1 0 1 0 1 0 1 0 1 0 1 0 1 0 1 0 1 0 1 0 1 0 1 0 1 0 1 0 1 0 1 0 1 0 1 0 1 0 1 0 1 0 1 0 1 0 1 0 1 0 1 0 1 0 1 0 1 0 1 0 1 0 1 0 1 0 1 0 1 0 1 0 1 0 1 0 1 0 1 0 1 0 1 0 1 0 1 0 1 0 1 0 1 0 1 0 1 0 1 0 1 0 1 0 1 0 1 0 1 0 1 0 1 0 1 0 1 0 1 0 1 0 1 0 1 0 1 0 1 0 1 0 1 0 1 0 1 0 1 0 1 0 1 0 1 0 1 0 1 0 1 0 1 0 1 0 1 0 1 0 1 0 1 0 1 0 1 0 1 0 1 0 1 0 1 0 1 0 1 0 1 0 1 0 1 0 1 0 1 0 1 0 1 0 1 0 1 0 1 0 1 0 1 0 1 0 1 0 1 0 1 0 1 0 1 0 1 0 1 0 1 0 1 0 1 0 1 0 1 0 1 0 1 0 1 0 1 0 1 0 1 0 1 0 1 0 1 0 1 0 1 0 1 0 1 0 1 0 1 0 1 0 1 0 1 0 1 0 1 0 1 0 1 0 1 0 1 0 1 0 1 0 1 0 1 0 1 0 1 0 1 0 1 0 1 0 1 0 1 0 1 0 1 0 1 0 1 0 1 0 1 0 1 0 1 0 1 0 1 0 1 0 1 0 1 0 1 0 1 0 1 0 1 0 1 0 1 0 1 0 1 0 1 0 1 0 1 0 1 0 1 0 1 0 1 0 1 0 1 0 1 0 1 0 1 0 1 0 1 0 1 0 1 0 1 0 1 0 1 0 1 0 1 0 1 0 1 0 1 0 1 0 1 0 1 0 1 0 1 0 1 0 1 0 1 0 1 0 1 0 1 0 1 0 1 0 1 0 1 0 1 0 1 0 1 0 1 0 1 0 1 0 1 0 1 0 1 0 1 0 1 0 1 0 1 0 1 0 1 0 1 0 1 0 1 0 1 0 1 0 1 0 1 0 1 0 1 0 1 0 1 0 1 0 1 0 1 0 1 0 1 0 1 0 1 0 1 0 1 0 1 0 1 0 1 0 1 0 1 0 1 0 1 0 1 0 1 0 1 0 1 0 1 0 1 0 1 0 1 0 1 0 1 0 1 0 1 0 1 0 1 0 1 0 1 0 1 0 1 0 1 0 1 0 1 0 1 0 1 0 1 0 1 0 1 0 1 0 1 0 1 0 1 0 1 0 1 0 1 0 1 0 1 0 1 0 1 0 1 0 1 0 1 0 1 0 1 0 1 0 1 0 1 0 1 0 1 0 1 0 1 0 1 0 1 0 1 0 1 0 1 0 1 0 1 0 1 0 1 0 1 0 1 0 1 0 1 0 1 0 1 0 1 0 1 0 1 0 1 0 1 0 1 0 1 0 1 0 1 0 1 0 1 0 1 0 1 0 1 0 1 0 1 0 1 0 1 0 1 0 1 0</v>
                </vertex_weights>
            </skin>
        </controller>
    </library_controllers>
    <library_visual_scenes>
        <visual_scene id="VisualSceneNode">
            <node id="node0" name="m0" type="NODE">
                <instance_controller url="#controller0">
                    <skeleton>#jointnode-1</skeleton>
                    <bind_material>
                        <technique_common>
                            <instance_material symbol="Material1" target="#mat0">
                                <bind_vertex_input semantic="UVSET0" input_semantic="TEXCOORD" input_set="0"></bind_vertex_input>
                            </instance_material>
                        </technique_common>
                    </bind_material>
                </instance_controller>
            </node>
            <node id="node0_VC" name="m0_VC" type="NODE">
                <instance_controller url="#controller0_VC">
                    <skeleton>#jointnode-1</skeleton>
                    <bind_material>
                        <technique_common>
                            <instance_material symbol="Material1" target="#mat_vc">
                                <bind_vertex_input semantic="UVSET0" input_semantic="TEXCOORD" input_set="0"></bind_vertex_input>
                            </instance_material>
                        </technique_common>
                    </bind_material>
                </instance_controller>
            </node>
            <node id="jointnode-1" name="root" sid="jointnode-1" type="JOINT">
                <node id="jointnode0" name="TogezoPaipoModel" sid="jointnode0" type="JOINT">
                    <translate>-0.000009999999747378752 69.61360931396484 0</translate>
                </node>
            </node>
        </visual_scene>
    </library_visual_scenes>
    <scene>
        <instance_visual_scene url="#VisualSceneNode"></instance_visual_scene>
    </scene>
</COLLADA>
