<?xml version="1.0" encoding="utf-8"?>
<COLLADA xmlns="http://www.collada.org/2005/11/COLLADASchema" version="1.4.1" xmlns:xsi="http://www.w3.org/2001/XMLSchema-instance">
  <asset>
    <contributor>
      <author>Blender User</author>
      <authoring_tool>Blender 4.3.0 commit date:2024-11-19, commit time:08:52, hash:2b18cad88b13</authoring_tool>
    </contributor>
    <created>2025-02-02T22:17:04</created>
    <modified>2025-02-02T22:17:04</modified>
    <unit name="meter" meter="1"/>
    <up_axis>Z_UP</up_axis>
  </asset>
  <library_effects>
    <effect id="m0BodyEnv_v-effect">
      <profile_COMMON>
        <newparam sid="TogezoBody_png-surface">
          <surface type="2D">
            <init_from>TogezoBody_png</init_from>
          </surface>
        </newparam>
        <newparam sid="TogezoBody_png-sampler">
          <sampler2D>
            <source>TogezoBody_png-surface</source>
          </sampler2D>
        </newparam>
        <technique sid="common">
          <lambert>
            <emission>
              <color sid="emission">0 0 0 1</color>
            </emission>
            <diffuse>
              <texture texture="TogezoBody_png-sampler" texcoord="meshId2-tex0"/>
            </diffuse>
            <index_of_refraction>
              <float sid="ior">1.5</float>
            </index_of_refraction>
          </lambert>
        </technique>
      </profile_COMMON>
    </effect>
    <effect id="m1Body_v-effect">
      <profile_COMMON>
        <newparam sid="TogezoBody_png-surface">
          <surface type="2D">
            <init_from>TogezoBody_png</init_from>
          </surface>
        </newparam>
        <newparam sid="TogezoBody_png-sampler">
          <sampler2D>
            <source>TogezoBody_png-surface</source>
          </sampler2D>
        </newparam>
        <technique sid="common">
          <lambert>
            <emission>
              <color sid="emission">0 0 0 1</color>
            </emission>
            <diffuse>
              <texture texture="TogezoBody_png-sampler" texcoord="meshId1-tex0"/>
            </diffuse>
            <index_of_refraction>
              <float sid="ior">1.5</float>
            </index_of_refraction>
          </lambert>
        </technique>
      </profile_COMMON>
    </effect>
    <effect id="m2Eye_v-effect">
      <profile_COMMON>
        <newparam sid="TogezoEye_1_png-surface">
          <surface type="2D">
            <init_from>TogezoEye_1_png</init_from>
          </surface>
        </newparam>
        <newparam sid="TogezoEye_1_png-sampler">
          <sampler2D>
            <source>TogezoEye_1_png-surface</source>
          </sampler2D>
        </newparam>
        <technique sid="common">
          <lambert>
            <emission>
              <color sid="emission">0 0 0 1</color>
            </emission>
            <diffuse>
              <texture texture="TogezoEye_1_png-sampler" texcoord="meshId0-tex0"/>
            </diffuse>
            <index_of_refraction>
              <float sid="ior">1.5</float>
            </index_of_refraction>
          </lambert>
        </technique>
      </profile_COMMON>
    </effect>
  </library_effects>
  <library_images>
    <image id="TogezoBody_png" name="TogezoBody_png">
      <init_from>TogezoBody.png</init_from>
    </image>
    <image id="TogezoEye_1_png" name="TogezoEye_1_png">
      <init_from>TogezoEye.1.png</init_from>
    </image>
  </library_images>
  <library_materials>
    <material id="m0BodyEnv_v-material" name="m0BodyEnv_v">
      <instance_effect url="#m0BodyEnv_v-effect"/>
    </material>
    <material id="m1Body_v-material" name="m1Body_v">
      <instance_effect url="#m1Body_v-effect"/>
    </material>
    <material id="m2Eye_v-material" name="m2Eye_v">
      <instance_effect url="#m2Eye_v-effect"/>
    </material>
  </library_materials>
  <library_geometries>
    <geometry id="meshId2_name-mesh" name="meshId2_name">
      <mesh>
        <source id="meshId2_name-mesh-positions">
          <float_array id="meshId2_name-mesh-positions-array" count="513">-66.79301 87.5358 -22.1172 -75.6836 54.1921 -25.5781 -64.8633 76.1999 -36.3633 -60.0664 57.5241 -52.6055 -55.6563 77.1765 -51.1836 -32.9414 63.9655 -72.832 -42.457 87.3444 -57.3789 -15.9219 96.0788 -67.9219 -36.0508 104.743 -52.0508 -21.6875 108.403 -57.8633 -39.6758 114.598 -38.168 -15.2227 119.29 -47.2813 -15.3242 131.735 -20.3086 0 123.489 -42.1133 0 131.118 -26.6367 15.3242 131.735 -20.3086 47.6992 119.048 10.2227 48.2852 113.356 -23.9336 59.8945 107.786 3.70703 59.9297 102.923 -18.0625 68.1016 92.2077 10.1016 76.5156 75.5632 9.72656 68.7852 83.4421 25.3828 69.3672 67.32101 39.0078 61.2109 86.0319 41.1055 51.5273 81.32101 59.4727 44.1133 100.204 56.2539 24.875 96.1101 72.9727 16.5117 110.13 63.875 0 107.368 69.6719 0 132.52 31.3828 -16.375 128.563 36.6875 -23.7969 130.77 22.6445 -23.2617 119.368 50.2188 -40.7188 113.145 41.9414 -16.5117 110.13 63.875 -44.1133 100.204 56.2539 -24.875 96.1101 72.9727 -51.5273 81.32101 59.4727 -48.2852 113.356 -23.9336 -21.6758 133.091 -5.07031 -47.6992 119.048 10.2227 -39.6914 121.278 26.0313 -15.207 134.794 9.99609 0 135.262 16.3242 23.7969 130.77 22.6445 16.375 128.563 36.6875 23.2617 119.368 50.2188 21.6758 133.091 -5.07031 39.6914 121.278 26.0313 40.7188 113.145 41.9414 -59.8945 107.786 3.70703 -68.1016 92.2077 10.1016 -59.9297 102.923 -18.0625 -76.5156 75.5632 9.72656 0 93.5358 -73.41801 0 67.0944 -79.75 15.9219 96.0788 -67.9219 32.9414 63.9655 -72.832 42.457 87.3444 -57.3789 55.6563 77.1765 -51.1836 50.8008 98.6062 47.1797 47.6992 119.048 10.2227 59.8945 107.786 3.70703 90.9219 134.485 36.8392 68.1016 92.2077 10.1016 68.7852 83.4421 25.3828 0 100.286 76.0234 -16.375 128.563 36.6875 0 132.52 31.3828 0 160.993 74.8587 16.375 128.563 36.6875 23.2617 119.368 50.2188 21.6875 108.403 -57.8633 15.2227 119.29 -47.2813 0 138.95 -91.0436 0 123.489 -42.1133 -15.2227 119.29 -47.2813 0 135.262 16.3242 -15.207 134.794 9.99609 0 177.731 -11.3093 -21.6758 133.091 -5.07031 -15.3242 131.735 -20.3086 -15.9219 96.0788 -67.9219 0 93.5358 -73.41801 15.9219 96.0788 -67.9219 15.2227 119.29 -47.2813 39.6758 114.598 -38.168 -66.79301 87.5358 -22.1172 -64.8633 76.1999 -36.3633 -85.2734 123.489 -57.6179 -55.6563 77.1765 -51.1836 -50.8008 98.6062 47.1797 -90.9219 134.485 36.8392 -40.7188 113.145 41.9414 -39.6914 121.278 26.0313 39.6758 114.598 -38.168 36.0508 104.743 -52.0508 85.2734 123.489 -57.6179 42.457 87.3444 -57.3789 66.79301 87.5358 -22.1172 64.8633 76.1999 -36.3633 55.6563 77.1765 -51.1836 60.0664 57.5241 -52.6055 64.8633 76.1999 -36.3633 75.6836 54.1921 -25.5781 66.79301 87.5358 -22.1172 -47.6992 119.048 10.2227 -59.8945 107.786 3.70703 -68.1016 92.2077 10.1016 -39.6758 114.598 -38.168 -36.0508 104.743 -52.0508 -42.457 87.3444 -57.3789 0.5 58.7602 49.7364 -0.5 58.7602 49.7364 0.5 58.7602 48.7403 -0.5 58.7602 48.7403 0.5 58.7602 48.7403 0.5 58.7602 49.7364 -0.5 58.7602 48.7403 -0.5 58.7602 49.7364 -79.6445 56.4069 8.83984 -69.3672 67.32101 39.0078 79.6445 56.4069 8.83984 -50.8008 98.6062 47.1797 -61.2109 86.0319 41.1055 -68.7852 83.4421 25.3828 21.6875 108.403 -57.8633 36.0508 104.743 -52.0508 -23.2617 119.368 50.2188 -16.5117 110.13 63.875 0 107.368 69.6719 16.5117 110.13 63.875 39.6914 121.278 26.0313 40.7188 113.145 41.9414 50.8008 98.6062 47.1797 -21.6875 108.403 -57.8633 15.207 134.794 9.99609 15.207 134.794 9.99609 21.6758 133.091 -5.07031 15.3242 131.735 -20.3086 0 131.118 -26.6367 -48.2852 113.356 -23.9336 -59.9297 102.923 -18.0625 -68.7852 83.4421 25.3828 -61.2109 86.0319 41.1055 -68.7852 83.4421 25.3828 59.9297 102.923 -18.0625 66.79301 87.5358 -22.1172 39.6914 121.278 26.0313 47.6992 119.048 10.2227 48.2852 113.356 -23.9336 39.6758 114.598 -38.168 42.457 87.3444 -57.3789 55.6563 77.1765 -51.1836 59.9297 102.923 -18.0625 48.2852 113.356 -23.9336 68.7852 83.4421 25.3828 61.2109 86.0319 41.1055 61.2109 86.0319 41.1055 50.8008 98.6062 47.1797 -59.9297 102.923 -18.0625 -66.79301 87.5358 -22.1172 -47.6992 119.048 10.2227 -39.6914 121.278 26.0313 -50.8008 98.6062 47.1797 -61.2109 86.0319 41.1055 -39.6758 114.598 -38.168 -48.2852 113.356 -23.9336 -55.6563 77.1765 -51.1836 -42.457 87.3444 -57.3789</float_array>
          <technique_common>
            <accessor source="#meshId2_name-mesh-positions-array" count="171" stride="3">
              <param name="X" type="float"/>
              <param name="Y" type="float"/>
              <param name="Z" type="float"/>
            </accessor>
          </technique_common>
        </source>
        <source id="meshId2_name-mesh-normals">
          <float_array id="meshId2_name-mesh-normals-array" count="546">-0.8675118 0.2305542 -0.4407585 -0.9312126 0.228219 -0.2841816 -0.9196978 0.3313007 -0.2107034 -0.7815271 0.2055743 -0.5890286 -0.6850499 0.2343789 -0.6897632 -0.47178 0.2773601 -0.8369558 -0.4894068 0.35342 -0.7972297 -0.3526326 0.319437 -0.8795512 -0.4360711 0.5608036 -0.7038049 -0.4107996 0.6295511 -0.6594764 -0.3920446 0.8044831 -0.4462153 -0.2649223 0.8448495 -0.4648069 -0.3403302 0.8817529 -0.3266302 0 0.903928 -0.4276847 9.40636e-7 0.9039141 -0.4277141 0.3403292 0.8817536 -0.3266294 0.7582545 0.6400887 -0.1238416 0.5603394 0.8096307 -0.1746937 0.5335971 0.8454914 -0.02045971 0.8402494 0.529207 -0.1179877 0.8973505 0.4412846 0.005499541 0.9519515 0.2993226 0.06476342 0.8871341 0.3560826 0.2935956 0.8919735 0.2688894 0.3634306 0.8197364 0.3432174 0.4585132 0.7266035 0.3505566 0.5908954 0.5862286 0.5629976 0.5825546 0.3977134 0.5577943 0.7284844 0.3831471 0.652381 0.6539093 1.01654e-6 0.6377251 0.7702642 -0.3567047 0.912041 0.2023438 -0.3057379 0.9049801 0.2958642 1.05985e-6 0.9760794 0.2174143 -0.4867075 0.7130923 0.5045942 -0.5000771 0.7242107 0.474807 -0.3831447 0.6523849 0.6539067 -0.5862273 0.5629971 0.5825565 -0.3977137 0.5577945 0.7284842 -0.7266042 0.3505558 0.5908951 -0.5603393 0.8096308 -0.1746938 -0.4538114 0.8877829 -0.07679003 -0.5335949 0.8454927 -0.02046078 -0.4528999 0.851962 0.2627596 -0.2489264 0.9604827 0.1245345 2.54135e-7 0.9801588 0.1982141 0.3567046 0.9120408 0.202345 0.3057365 0.9049804 0.2958648 0.4867085 0.713092 0.5045937 0.4538127 0.8877824 -0.07678961 0.4529002 0.8519617 0.2627601 0.5000779 0.7242108 0.4748063 -0.8402496 0.5292059 -0.1179912 -0.8973507 0.4412839 0.005499064 -0.7582546 0.6400883 -0.1238428 -0.9519515 0.2993227 0.06476384 0.3526322 0.3194373 -0.8795512 3.9523e-7 0.2506386 -0.9680808 0 0.2328879 -0.9725036 0.4717801 0.2773596 -0.836956 0.4894062 0.3534195 -0.7972305 0.6850498 0.2343796 -0.689763 0.7329462 0.5074444 0.4530897 0.7564684 0.597063 0.2669669 0.4920222 0.3925319 -0.777067 0.009647428 0.8579978 -0.513563 0.8522915 -0.1415662 -0.5035457 0.902094 -0.4165468 0.1127619 -2.27685e-6 0.6377245 0.7702645 1.98496e-6 0.8456051 0.5338091 0 0.8365598 -0.5478755 -0.6440501 0.696813 -0.3156757 0.64405 0.6968133 -0.3156753 0.9010451 0.3633561 0.2368336 -1.81794e-6 0.6981301 -0.715971 0.6293126 0.7669343 0.125608 0.9010465 0.3072916 -0.3060835 0 0.9535306 0.3012964 -0.6293128 0.7669341 0.1256084 1.71736e-6 0.9939455 -0.1098746 -0.6293267 0.5127248 0.5840046 0 0.5453858 0.8381853 -0.9010329 0.4317791 -0.04131263 -0.64406 0.3478702 -0.6813024 0 -0.3618133 -0.9322506 -0.6440279 -0.1637797 -0.7472645 0.6440275 -0.1637788 -0.7472651 0.2649223 0.8448496 -0.464807 0.3920506 0.8044803 -0.4462152 -0.7200361 0.5543959 -0.4173647 -0.8722178 -0.4560099 -0.1768929 -0.9147698 -0.07900077 0.3961756 -0.5009816 -0.4250798 -0.7538731 0.1888546 0.6253486 0.757148 -0.7564336 0.5970984 0.2669867 -0.1716017 0.0907287 0.9809797 0.2705794 0.9558681 0.1144691 0.7199567 0.5544976 -0.4173666 -0.2991262 0.5551549 -0.776097 -0.2574749 0.9514387 -0.1687341 0.018099 -0.02807146 -0.9994421 0.8722173 -0.4560113 -0.1768923 0.7199943 0.5543596 -0.4174849 0.9147646 -0.07901126 0.3961858 0.5009879 -0.42507 -0.7538744 0.7815274 0.2055732 -0.5890287 0.8675115 0.2305549 -0.4407587 0.9312125 0.2282198 -0.2841813 0.9196973 0.3313017 -0.210704 -0.4920218 0.3925316 -0.7770673 -0.7564526 0.5970878 0.2669564 -0.009645164 0.8579969 -0.5135644 -0.8522912 -0.1415669 -0.5035461 0.2991276 0.5551543 -0.7760969 -0.7199859 0.5543999 -0.417446 0.2574815 0.9514374 -0.1687314 -0.0181269 -0.02804785 -0.9994422 0 1 0 -0.9846237 0.1572403 0.07610207 -0.8919735 0.2688889 0.3634309 0.9846241 0.1572389 0.07610201 -0.7329468 0.5074444 0.4530885 -0.8197364 0.3432174 0.458513 -0.8871336 0.3560828 0.2935968 0.4360709 0.5608037 -0.703805 0.4107959 0.6295522 -0.6594777 -0.9010453 0.3633557 0.2368335 -0.6292905 0.03667467 0.7763043 0 -0.09627419 0.995355 0.6292905 0.03667485 0.7763044 -0.1888548 0.6253486 0.757148 0.7564757 0.5970068 0.2670719 -0.2705918 0.9558649 0.1144666 0.1716057 0.09073215 0.9809787 -0.9010475 0.3072513 -0.3061212 0.2489255 0.9604829 0.1245347 0.6293266 0.512725 0.5840044 0.9010323 0.4317801 -0.04131281 0.64406 0.3478706 -0.6813024 0 0.3123686 -0.949961 -0.7200091 0.5544494 -0.4173402 -0.5988798 0.4860185 0.6364975 -0.1190968 0.9070891 0.4037393 -0.9021118 -0.4165058 0.1127712 -0.7564454 0.5970652 0.2670273 -0.9020917 -0.4165265 0.112856 -0.6100083 -0.3097921 0.7293276 0.9147701 -0.07895326 0.3961845 0.7200603 0.5543673 -0.4173609 0.5989511 0.4859423 0.6364886 0.7564262 0.5971236 0.266951 0.009606897 0.8580191 -0.513528 -0.2705909 0.9558722 0.1144064 0.7200381 0.5544514 -0.4172875 -0.2574591 0.9514557 -0.1686624 0.1190793 0.9071109 0.4036954 0.7200027 0.5543895 -0.4174308 0.5009241 -0.4250686 -0.7539176 0.01816445 -0.0280922 -0.9994403 0.7200353 0.5544257 -0.4173266 0.11909 0.9070872 0.4037454 0.5988821 0.4860205 0.6364938 0.7564621 0.5970594 0.2669929 0.6100048 -0.3097978 0.7293281 0.9020956 -0.4165173 0.1128581 0.7564998 0.5970056 0.2670065 0.1716436 0.09068 0.9809769 0.6099406 -0.3097658 0.7293955 -0.9147559 -0.07898086 0.3962118 -0.5989304 0.4859254 0.6365211 -0.7200431 0.554399 -0.4173486 -0.7564424 0.5971185 0.2669165 0.2705891 0.9558727 0.1144068 -0.009618282 0.8580232 -0.5135208 -0.7564744 0.5970316 0.2670206 -0.609946 -0.3097571 0.7293946 -0.1716503 0.09068602 0.9809752 -0.7199272 0.5544657 -0.41746 -0.1190791 0.9071109 0.4036957 0.2574476 0.9514579 -0.1686674 -0.7200294 0.5543652 -0.4174171 -0.01812613 -0.02812451 -0.9994401 -0.5009312 -0.4250575 -0.7539192</float_array>
          <technique_common>
            <accessor source="#meshId2_name-mesh-normals-array" count="182" stride="3">
              <param name="X" type="float"/>
              <param name="Y" type="float"/>
              <param name="Z" type="float"/>
            </accessor>
          </technique_common>
        </source>
        <source id="meshId2_name-mesh-map-0">
          <float_array id="meshId2_name-mesh-map-0-array" count="936">0.818848 0.976746 0.816895 0.975159 0.818542 0.973938 0.818848 0.976746 0.819641 0.980103 0.816895 0.975159 0.820435 0.979431 0.819641 0.980103 0.818848 0.976746 0.820435 0.979431 0.824463 0.983704 0.819641 0.980103 0.822815 0.980408 0.824463 0.983704 0.820435 0.979431 0.822815 0.980408 0.827637 0.9823 0.824463 0.983704 0.824036 0.979187 0.827637 0.9823 0.822815 0.980408 0.824036 0.979187 0.826599 0.980225 0.827637 0.9823 0.823425 0.97644 0.826599 0.980225 0.824036 0.979187 0.823425 0.97644 0.82782 0.978088 0.826599 0.980225 0.827942 0.972961 0.82782 0.978088 0.823425 0.97644 0.827942 0.972961 0.830627 0.977173 0.82782 0.978088 0.830688 0.974182 0.830627 0.977173 0.827942 0.972961 0.830688 0.974182 0.833496 0.973083 0.830627 0.977173 0.841736 0.969421 0.839478 0.974243 0.839539 0.967957 0.841736 0.969421 0.841614 0.97345 0.839478 0.974243 0.843201 0.968567 0.841614 0.97345 0.841736 0.969421 0.843201 0.968567 0.844727 0.968994 0.841614 0.97345 0.843384 0.966003 0.844727 0.968994 0.843201 0.968567 0.843384 0.966003 0.843567 0.963806 0.844727 0.968994 0.842102 0.963074 0.843567 0.963806 0.843384 0.966003 0.842102 0.963074 0.840393 0.959778 0.843567 0.963806 0.83905 0.959961 0.840393 0.959778 0.842102 0.963074 0.83905 0.959961 0.835632 0.956909 0.840393 0.959778 0.834045 0.958252 0.835632 0.956909 0.83905 0.959961 0.834045 0.958252 0.831055 0.957214 0.835632 0.956909 0.826538 0.96521 0.827942 0.962708 0.830933 0.963684 0.826538 0.96521 0.826782 0.960388 0.827942 0.962708 0.823547 0.961975 0.826782 0.960388 0.826538 0.96521 0.823547 0.961975 0.828064 0.95813 0.826782 0.960388 0.822998 0.959595 0.828064 0.95813 0.823547 0.961975 0.822998 0.959595 0.826538 0.956726 0.828064 0.95813 0.821655 0.959351 0.826538 0.956726 0.822998 0.959595 0.821899 0.973877 0.827942 0.972961 0.823425 0.97644 0.821899 0.973877 0.826843 0.970154 0.827942 0.972961 0.822144 0.96759 0.826843 0.970154 0.821899 0.973877 0.822144 0.96759 0.826538 0.96521 0.826843 0.970154 0.823669 0.964661 0.826538 0.96521 0.822144 0.96759 0.823669 0.964661 0.823547 0.961975 0.826538 0.96521 0.826538 0.96521 0.828064 0.967407 0.826843 0.970154 0.826538 0.96521 0.830872 0.966309 0.828064 0.967407 0.830933 0.963684 0.830872 0.966309 0.826538 0.96521 0.830933 0.963684 0.835205 0.965393 0.830872 0.966309 0.833923 0.96283 0.835205 0.965393 0.830933 0.963684 0.833923 0.96283 0.835205 0.960632 0.835205 0.965393 0.834717 0.970337 0.839478 0.974243 0.833496 0.973083 0.834717 0.970337 0.839539 0.967957 0.839478 0.974243 0.835205 0.965393 0.839539 0.967957 0.834717 0.970337 0.835205 0.965393 0.838135 0.965027 0.839539 0.967957 0.838379 0.96228 0.838135 0.965027 0.835205 0.965393 0.819824 0.972961 0.81842 0.968018 0.819885 0.968933 0.819824 0.972961 0.816895 0.968384 0.81842 0.968018 0.818542 0.973938 0.816895 0.968384 0.819824 0.972961 0.818542 0.973938 0.816895 0.975159 0.816895 0.968384 0.833435 0.982422 0.830444 0.985046 0.830505 0.983398 0.833435 0.982422 0.836487 0.984009 0.830444 0.985046 0.838257 0.980774 0.836487 0.984009 0.833435 0.982422 0.838257 0.980774 0.840698 0.979919 0.836487 0.984009 0.83905 0.959961 0.838379 0.96228 0.834045 0.958252 0.83905 0.959961 0.84021 0.96167 0.838379 0.96228 0.842102 0.963074 0.84021 0.96167 0.83905 0.959961 0.542908 0.449646 0.701355 0.2155759 0.776978 0.293396 0.542908 0.449646 0.777832 0.294495 0.701355 0.2155759 0.703979 0.212952 0.777832 0.294495 0.542908 0.449646 0.831055 0.957214 0.831116 0.956177 0.835632 0.956909 0.831055 0.957214 0.826538 0.956726 0.831116 0.956177 0.828064 0.95813 0.826538 0.956726 0.831055 0.957214 0.542908 0.449646 0.69928 0.218689 0.777405 0.294739 0.542908 0.449646 0.777405 0.294739 0.69928 0.218689 0.701233 0.215759 0.777405 0.294739 0.542908 0.449646 0.542908 0.449646 0.760925 0.305664 0.690491 0.231628 0.542908 0.449646 0.691467 0.230164 0.760925 0.305664 0.760925 0.305664 0.691467 0.230164 0.542908 0.449646 0.542908 0.449646 0.760742 0.305786 0.689636 0.23291 0.542908 0.449646 0.69043 0.23175 0.760742 0.305786 0.762329 0.304688 0.69043 0.23175 0.542908 0.449646 0.542908 0.449646 0.689453 0.2331539 0.770935 0.299011 0.542908 0.449646 0.770935 0.299011 0.689453 0.2331539 0.690491 0.231628 0.770935 0.299011 0.542908 0.449646 0.833496 0.973083 0.833374 0.97821 0.830627 0.977173 0.833496 0.973083 0.837891 0.976746 0.833374 0.97821 0.839478 0.974243 0.837891 0.976746 0.833496 0.973083 0.542908 0.449646 0.700989 0.216125 0.765808 0.289917 0.542908 0.449646 0.779724 0.293213 0.700989 0.216125 0.780212 0.292908 0.542908 0.449646 0.701782 0.228455 0.780212 0.292908 0.715149 0.233032 0.542908 0.449646 0.542908 0.449646 0.778625 0.293945 0.699829 0.2384639 0.542908 0.449646 0.718628 0.234253 0.778625 0.293945 0.700989 0.216125 0.542908 0.449646 0.765808 0.289917 0.700989 0.216125 0.779724 0.293213 0.542908 0.449646 0.827637 0.9823 0.830444 0.985046 0.824463 0.983704 0.827637 0.9823 0.830505 0.983398 0.830444 0.985046 0.821899 0.973877 0.819885 0.968933 0.822144 0.96759 0.821899 0.973877 0.819824 0.972961 0.819885 0.968933 0.840698 0.979919 0.841492 0.980591 0.836487 0.984009 0.840698 0.979919 0.842468 0.977295 0.841492 0.980591 0.842468 0.977295 0.844421 0.975769 0.841492 0.980591 0.842468 0.977295 0.842834 0.974487 0.844421 0.975769 0.701355 0.2155759 0.542908 0.449646 0.776978 0.293396 0.701355 0.2155759 0.777832 0.294495 0.542908 0.449646 0.778625 0.293945 0.542908 0.449646 0.699829 0.2384639 0.778625 0.293945 0.718628 0.234253 0.542908 0.449646 1 1 0 0 1 0 1 1 0 1 0 0 1 1 0 0 0 1 1 1 1 0 0 0 0.816284 0.968872 0.816895 0.968384 0.816895 0.975159 0.816284 0.968872 0.818298 0.963257 0.816895 0.968384 0.845276 0.969543 0.844727 0.968994 0.843567 0.963806 0.845276 0.969543 0.844421 0.975769 0.844727 0.968994 0.842834 0.974487 0.844727 0.968994 0.844421 0.975769 0.842834 0.974487 0.841614 0.97345 0.844727 0.968994 0.835205 0.960632 0.838379 0.96228 0.835205 0.965393 0.835205 0.960632 0.834045 0.958252 0.838379 0.96228 0.821716 0.961243 0.822998 0.959595 0.823547 0.961975 0.821716 0.961243 0.819824 0.962524 0.822998 0.959595 0.818298 0.963257 0.819824 0.962524 0.818359 0.965393 0.818298 0.963257 0.821655 0.959351 0.819824 0.962524 0.837158 0.979431 0.833435 0.982422 0.834534 0.980408 0.837158 0.979431 0.838257 0.980774 0.833435 0.982422 0.816895 0.968384 0.818359 0.965393 0.81842 0.968018 0.816895 0.968384 0.818298 0.963257 0.818359 0.965393 0.701233 0.215759 0.542908 0.449646 0.777405 0.294739 0.701233 0.215759 0.779358 0.293457 0.542908 0.449646 0.698914 0.219238 0.542908 0.449646 0.779358 0.293457 0.698914 0.219238 0.779358 0.293457 0.542908 0.449646 0.780212 0.292908 0.542908 0.449646 0.715149 0.233032 0.780212 0.292908 0.701782 0.228455 0.542908 0.449646 0.837891 0.976746 0.834534 0.980408 0.833374 0.97821 0.837891 0.976746 0.837158 0.979431 0.834534 0.980408 0.690491 0.231628 0.542908 0.449646 0.770935 0.299011 0.690491 0.231628 0.760925 0.305664 0.542908 0.449646 0.833618 0.967529 0.835205 0.965393 0.834717 0.970337 0.833618 0.967529 0.830872 0.966309 0.835205 0.965393 0.760742 0.305786 0.542908 0.449646 0.689636 0.23291 0.760742 0.305786 0.69043 0.23175 0.542908 0.449646 0.762329 0.304688 0.542908 0.449646 0.69043 0.23175 0.762329 0.304688 0.690552 0.231567 0.542908 0.449646 0.542908 0.449646 0.691162 0.23175 0.747375 0.290649 0.542908 0.449646 0.777832 0.294495 0.703979 0.212952 0.542908 0.449646 0.703552 0.21228 0.765015 0.281372 0.77594 0.295776 0.542908 0.449646 0.69043 0.23175 0.542908 0.449646 0.779053 0.293701 0.707153 0.223816 0.542908 0.449646 0.691467 0.230225 0.763977 0.30365 0.819824 0.962524 0.821655 0.959351 0.822998 0.959595 0.542908 0.449646 0.771973 0.28656 0.70575 0.2090449 0.542908 0.449646 0.747375 0.290649 0.691162 0.23175 0.542908 0.449646 0.765015 0.281372 0.703552 0.21228 0.542908 0.449646 0.779358 0.293457 0.701233 0.215759 0.542908 0.449646 0.696411 0.2228389 0.777344 0.290771 0.77594 0.295776 0.69043 0.23175 0.542908 0.449646 0.542908 0.449646 0.707153 0.223816 0.779053 0.293701 0.542908 0.449646 0.777344 0.290771 0.696411 0.2228389 0.542908 0.449646 0.763977 0.30365 0.691467 0.230225 0.542908 0.449646 0.70575 0.2090449 0.771973 0.28656 0.542908 0.449646 0.690552 0.231567 0.762329 0.304688</float_array>
          <technique_common>
            <accessor source="#meshId2_name-mesh-map-0-array" count="468" stride="2">
              <param name="S" type="float"/>
              <param name="T" type="float"/>
            </accessor>
          </technique_common>
        </source>
        <source id="meshId2_name-mesh-colors-meshId2-color0" name="meshId2-color0">
          <float_array id="meshId2_name-mesh-colors-meshId2-color0-array" count="1872">0.8901961 0.8039216 0.7882353 1 0.8117647 0.7019608 0.6901961 1 0.8901961 0.8039216 0.7882353 1 0.8901961 0.8039216 0.7882353 1 0.8117647 0.7019608 0.6901961 1 0.8117647 0.7019608 0.6901961 1 0.8901961 0.8039216 0.7882353 1 0.8117647 0.7019608 0.6901961 1 0.8901961 0.8039216 0.7882353 1 0.8901961 0.8039216 0.7882353 1 0.8117647 0.7019608 0.6901961 1 0.8117647 0.7019608 0.6901961 1 0.8901961 0.8039216 0.7882353 1 0.8117647 0.7019608 0.6901961 1 0.8901961 0.8039216 0.7882353 1 0.8901961 0.8039216 0.7882353 1 0.8901961 0.8039216 0.7882353 1 0.8117647 0.7019608 0.6901961 1 0.8901961 0.8039216 0.7882353 1 0.8901961 0.8039216 0.7882353 1 0.8901961 0.8039216 0.7882353 1 0.8901961 0.8039216 0.7882353 1 0.8901961 0.8039216 0.7882353 1 0.8901961 0.8039216 0.7882353 1 0.8901961 0.8039216 0.7882353 1 0.8901961 0.8039216 0.7882353 1 0.8901961 0.8039216 0.7882353 1 0.8901961 0.8039216 0.7882353 1 0.8901961 0.8039216 0.7882353 1 0.8901961 0.8039216 0.7882353 1 0.8901961 0.8039216 0.7882353 1 0.8901961 0.8039216 0.7882353 1 0.8901961 0.8039216 0.7882353 1 0.8901961 0.8039216 0.7882353 1 0.8901961 0.8039216 0.7882353 1 0.8901961 0.8039216 0.7882353 1 0.8901961 0.8039216 0.7882353 1 0.8901961 0.8039216 0.7882353 1 0.8901961 0.8039216 0.7882353 1 0.8901961 0.8039216 0.7882353 1 0.8901961 0.8039216 0.7882353 1 0.8901961 0.8039216 0.7882353 1 0.8901961 0.8039216 0.7882353 1 0.8901961 0.8039216 0.7882353 1 0.8901961 0.8039216 0.7882353 1 0.8901961 0.8039216 0.7882353 1 0.8901961 0.8039216 0.7882353 1 0.8901961 0.8039216 0.7882353 1 0.8901961 0.8039216 0.7882353 1 0.8901961 0.8039216 0.7882353 1 0.8901961 0.8039216 0.7882353 1 0.8901961 0.8039216 0.7882353 1 0.8901961 0.8039216 0.7882353 1 0.8901961 0.8039216 0.7882353 1 0.8901961 0.8039216 0.7882353 1 0.8901961 0.8039216 0.7882353 1 0.8901961 0.8039216 0.7882353 1 0.8901961 0.8039216 0.7882353 1 0.8117647 0.7019608 0.6901961 1 0.8901961 0.8039216 0.7882353 1 0.8901961 0.8039216 0.7882353 1 0.8117647 0.7019608 0.6901961 1 0.8901961 0.8039216 0.7882353 1 0.8901961 0.8039216 0.7882353 1 0.8117647 0.7019608 0.6901961 1 0.8117647 0.7019608 0.6901961 1 0.8901961 0.8039216 0.7882353 1 0.8117647 0.7019608 0.6901961 1 0.8901961 0.8039216 0.7882353 1 0.8901961 0.8039216 0.7882353 1 0.8117647 0.7019608 0.6901961 1 0.8117647 0.7019608 0.6901961 1 0.8901961 0.8039216 0.7882353 1 0.8117647 0.7019608 0.6901961 1 0.8901961 0.8039216 0.7882353 1 0.8901961 0.8039216 0.7882353 1 0.8901961 0.8039216 0.7882353 1 0.8117647 0.7019608 0.6901961 1 0.8901961 0.8039216 0.7882353 1 0.8901961 0.8039216 0.7882353 1 0.8901961 0.8039216 0.7882353 1 0.8901961 0.8039216 0.7882353 1 0.8901961 0.8039216 0.7882353 1 0.8901961 0.8039216 0.7882353 1 0.8901961 0.8039216 0.7882353 1 0.8901961 0.8039216 0.7882353 1 0.8901961 0.8039216 0.7882353 1 0.8901961 0.8039216 0.7882353 1 0.8901961 0.8039216 0.7882353 1 0.8901961 0.8039216 0.7882353 1 0.8901961 0.8039216 0.7882353 1 0.8901961 0.8039216 0.7882353 1 0.8901961 0.8039216 0.7882353 1 0.8901961 0.8039216 0.7882353 1 0.8117647 0.7019608 0.6901961 1 0.8901961 0.8039216 0.7882353 1 0.8117647 0.7019608 0.6901961 1 0.8117647 0.7019608 0.6901961 1 0.8901961 0.8039216 0.7882353 1 0.8901961 0.8039216 0.7882353 1 0.8901961 0.8039216 0.7882353 1 0.8901961 0.8039216 0.7882353 1 0.8901961 0.8039216 0.7882353 1 0.8901961 0.8039216 0.7882353 1 0.8901961 0.8039216 0.7882353 1 0.8901961 0.8039216 0.7882353 1 0.8901961 0.8039216 0.7882353 1 0.8901961 0.8039216 0.7882353 1 0.8901961 0.8039216 0.7882353 1 0.8901961 0.8039216 0.7882353 1 0.8901961 0.8039216 0.7882353 1 0.8901961 0.8039216 0.7882353 1 0.8901961 0.8039216 0.7882353 1 0.8901961 0.8039216 0.7882353 1 0.8901961 0.8039216 0.7882353 1 0.8901961 0.8039216 0.7882353 1 0.8901961 0.8039216 0.7882353 1 0.8901961 0.8039216 0.7882353 1 0.8901961 0.8039216 0.7882353 1 0.8901961 0.8039216 0.7882353 1 0.8901961 0.8039216 0.7882353 1 0.8901961 0.8039216 0.7882353 1 0.8901961 0.8039216 0.7882353 1 0.8901961 0.8039216 0.7882353 1 0.8901961 0.8039216 0.7882353 1 0.8901961 0.8039216 0.7882353 1 0.8901961 0.8039216 0.7882353 1 0.8901961 0.8039216 0.7882353 1 0.8901961 0.8039216 0.7882353 1 0.8901961 0.8039216 0.7882353 1 0.8901961 0.8039216 0.7882353 1 0.8901961 0.8039216 0.7882353 1 0.8901961 0.8039216 0.7882353 1 0.8901961 0.8039216 0.7882353 1 0.8901961 0.8039216 0.7882353 1 0.8901961 0.8039216 0.7882353 1 0.8901961 0.8039216 0.7882353 1 0.8901961 0.8039216 0.7882353 1 0.8901961 0.8039216 0.7882353 1 0.8901961 0.8039216 0.7882353 1 0.8901961 0.8039216 0.7882353 1 0.8901961 0.8039216 0.7882353 1 0.8901961 0.8039216 0.7882353 1 0.8901961 0.8039216 0.7882353 1 0.8901961 0.8039216 0.7882353 1 0.8901961 0.8039216 0.7882353 1 0.8901961 0.8039216 0.7882353 1 0.8901961 0.8039216 0.7882353 1 0.8901961 0.8039216 0.7882353 1 0.8901961 0.8039216 0.7882353 1 0.8901961 0.8039216 0.7882353 1 0.8901961 0.8039216 0.7882353 1 0.8901961 0.8039216 0.7882353 1 0.8901961 0.8039216 0.7882353 1 0.8901961 0.8039216 0.7882353 1 0.8901961 0.8039216 0.7882353 1 0.8901961 0.8039216 0.7882353 1 0.8901961 0.8039216 0.7882353 1 0.8901961 0.8039216 0.7882353 1 0.8901961 0.8039216 0.7882353 1 0.8117647 0.7019608 0.6901961 1 0.8901961 0.8039216 0.7882353 1 0.8901961 0.8039216 0.7882353 1 0.8117647 0.7019608 0.6901961 1 0.8901961 0.8039216 0.7882353 1 0.8901961 0.8039216 0.7882353 1 0.8117647 0.7019608 0.6901961 1 0.8117647 0.7019608 0.6901961 1 0.8901961 0.8039216 0.7882353 1 0.8117647 0.7019608 0.6901961 1 0.8901961 0.8039216 0.7882353 1 0.8901961 0.8039216 0.7882353 1 0.8901961 0.8039216 0.7882353 1 0.8117647 0.7019608 0.6901961 1 0.8901961 0.8039216 0.7882353 1 0.8901961 0.8039216 0.7882353 1 0.8901961 0.8039216 0.7882353 1 0.8901961 0.8039216 0.7882353 1 0.8901961 0.8039216 0.7882353 1 0.8901961 0.8039216 0.7882353 1 0.8901961 0.8039216 0.7882353 1 0.8901961 0.8039216 0.7882353 1 0.8901961 0.8039216 0.7882353 1 0.8901961 0.8901961 0.8901961 1 0.7137255 0.6431373 0.6078432 1 0.7137255 0.6431373 0.6078432 1 0.8901961 0.8901961 0.8901961 1 0.7803922 0.7137255 0.6784314 1 0.7137255 0.6431373 0.6078432 1 0.7764706 0.7098039 0.6745098 1 0.7803922 0.7137255 0.6784314 1 0.8901961 0.8901961 0.8901961 1 0.8901961 0.8039216 0.7882353 1 0.8117647 0.7019608 0.6901961 1 0.8117647 0.7019608 0.6901961 1 0.8901961 0.8039216 0.7882353 1 0.8117647 0.7019608 0.6901961 1 0.8117647 0.7019608 0.6901961 1 0.8901961 0.8039216 0.7882353 1 0.8117647 0.7019608 0.6901961 1 0.8901961 0.8039216 0.7882353 1 0.8901961 0.8901961 0.8901961 1 0.7215687 0.6509804 0.6156863 1 0.7176471 0.6470589 0.6117647 1 0.8901961 0.8901961 0.8901961 1 0.7176471 0.6470589 0.6117647 1 0.7215687 0.6509804 0.6156863 1 0.7137255 0.6431373 0.6078432 1 0.7176471 0.6470589 0.6117647 1 0.8901961 0.8901961 0.8901961 1 0.8901961 0.8901961 0.8901961 1 0.7529412 0.682353 0.6470589 1 0.7490196 0.6784314 0.6431373 1 0.8901961 0.8901961 0.8901961 1 0.7450981 0.6745098 0.6392157 1 0.7529412 0.682353 0.6470589 1 0.7529412 0.682353 0.6470589 1 0.7450981 0.6745098 0.6392157 1 0.8901961 0.8901961 0.8901961 1 0.8901961 0.8901961 0.8901961 1 0.7529412 0.682353 0.6470589 1 0.7529412 0.682353 0.6470589 1 0.8901961 0.8901961 0.8901961 1 0.7490196 0.6784314 0.6431373 1 0.7529412 0.682353 0.6470589 1 0.7490196 0.6784314 0.6431373 1 0.7490196 0.6784314 0.6431373 1 0.8901961 0.8901961 0.8901961 1 0.8901961 0.8901961 0.8901961 1 0.7529412 0.682353 0.6470589 1 0.7294118 0.6588236 0.6235294 1 0.8901961 0.8901961 0.8901961 1 0.7294118 0.6588236 0.6235294 1 0.7529412 0.682353 0.6470589 1 0.7490196 0.6784314 0.6431373 1 0.7294118 0.6588236 0.6235294 1 0.8901961 0.8901961 0.8901961 1 0.8901961 0.8039216 0.7882353 1 0.8901961 0.8039216 0.7882353 1 0.8901961 0.8039216 0.7882353 1 0.8901961 0.8039216 0.7882353 1 0.8901961 0.8039216 0.7882353 1 0.8901961 0.8039216 0.7882353 1 0.8901961 0.8039216 0.7882353 1 0.8901961 0.8039216 0.7882353 1 0.8901961 0.8039216 0.7882353 1 0.8901961 0.8901961 0.8901961 1 0.7490196 0.6784314 0.6431373 1 0.7254902 0.654902 0.6196079 1 0.8901961 0.8901961 0.8901961 1 0.8078432 0.7411765 0.7058824 1 0.7490196 0.6784314 0.6431373 1 0.7098039 0.6392157 0.6039216 1 0.8901961 0.8901961 0.8901961 1 0.7254902 0.654902 0.6196079 1 0.7098039 0.6392157 0.6039216 1 0.7137255 0.6392157 0.6039216 1 0.8901961 0.8901961 0.8901961 1 0.8901961 0.8901961 0.8901961 1 0.7137255 0.6431373 0.6078432 1 0.7372549 0.6666667 0.6313726 1 0.8901961 0.8901961 0.8901961 1 0.7960785 0.7294118 0.6941177 1 0.7137255 0.6431373 0.6078432 1 0.7490196 0.6784314 0.6431373 1 0.8901961 0.8901961 0.8901961 1 0.7254902 0.654902 0.6196079 1 0.7490196 0.6784314 0.6431373 1 0.8078432 0.7411765 0.7058824 1 0.8901961 0.8901961 0.8901961 1 0.8901961 0.8039216 0.7882353 1 0.8117647 0.7019608 0.6901961 1 0.8117647 0.7019608 0.6901961 1 0.8901961 0.8039216 0.7882353 1 0.8901961 0.8039216 0.7882353 1 0.8117647 0.7019608 0.6901961 1 0.8901961 0.8039216 0.7882353 1 0.8901961 0.8039216 0.7882353 1 0.8901961 0.8039216 0.7882353 1 0.8901961 0.8039216 0.7882353 1 0.8901961 0.8039216 0.7882353 1 0.8901961 0.8039216 0.7882353 1 0.8901961 0.8039216 0.7882353 1 0.8117647 0.7019608 0.6901961 1 0.8117647 0.7019608 0.6901961 1 0.8901961 0.8039216 0.7882353 1 0.8901961 0.8039216 0.7882353 1 0.8117647 0.7019608 0.6901961 1 0.8901961 0.8039216 0.7882353 1 0.8117647 0.7019608 0.6901961 1 0.8117647 0.7019608 0.6901961 1 0.8901961 0.8039216 0.7882353 1 0.8901961 0.8039216 0.7882353 1 0.8117647 0.7019608 0.6901961 1 0.7137255 0.6431373 0.6078432 1 0.8901961 0.8901961 0.8901961 1 0.7137255 0.6431373 0.6078432 1 0.7137255 0.6431373 0.6078432 1 0.7803922 0.7137255 0.6784314 1 0.8901961 0.8901961 0.8901961 1 0.7137255 0.6431373 0.6078432 1 0.8901961 0.8901961 0.8901961 1 0.7372549 0.6666667 0.6313726 1 0.7137255 0.6431373 0.6078432 1 0.7960785 0.7294118 0.6941177 1 0.8901961 0.8901961 0.8901961 1 0.8901961 0.8901961 0.8901961 1 0.8901961 0.8901961 0.8901961 1 0.8901961 0.8901961 0.8901961 1 0.8901961 0.8901961 0.8901961 1 0.8901961 0.8901961 0.8901961 1 0.8901961 0.8901961 0.8901961 1 0.8901961 0.8901961 0.8901961 1 0.8901961 0.8901961 0.8901961 1 0.8901961 0.8901961 0.8901961 1 0.8901961 0.8901961 0.8901961 1 0.8901961 0.8901961 0.8901961 1 0.8901961 0.8901961 0.8901961 1 0.8117647 0.7019608 0.6901961 1 0.8901961 0.8039216 0.7882353 1 0.8117647 0.7019608 0.6901961 1 0.8117647 0.7019608 0.6901961 1 0.8117647 0.7019608 0.6901961 1 0.8901961 0.8039216 0.7882353 1 0.8117647 0.7019608 0.6901961 1 0.8901961 0.8039216 0.7882353 1 0.8117647 0.7019608 0.6901961 1 0.8117647 0.7019608 0.6901961 1 0.8117647 0.7019608 0.6901961 1 0.8901961 0.8039216 0.7882353 1 0.8901961 0.8039216 0.7882353 1 0.8901961 0.8039216 0.7882353 1 0.8117647 0.7019608 0.6901961 1 0.8901961 0.8039216 0.7882353 1 0.8901961 0.8039216 0.7882353 1 0.8901961 0.8039216 0.7882353 1 0.8901961 0.8039216 0.7882353 1 0.8901961 0.8039216 0.7882353 1 0.8901961 0.8039216 0.7882353 1 0.8901961 0.8039216 0.7882353 1 0.8901961 0.8039216 0.7882353 1 0.8901961 0.8039216 0.7882353 1 0.8901961 0.8039216 0.7882353 1 0.8901961 0.8039216 0.7882353 1 0.8901961 0.8039216 0.7882353 1 0.8901961 0.8039216 0.7882353 1 0.8901961 0.8039216 0.7882353 1 0.8901961 0.8039216 0.7882353 1 0.8117647 0.7019608 0.6901961 1 0.8901961 0.8039216 0.7882353 1 0.8901961 0.8039216 0.7882353 1 0.8117647 0.7019608 0.6901961 1 0.8117647 0.7019608 0.6901961 1 0.8901961 0.8039216 0.7882353 1 0.8901961 0.8039216 0.7882353 1 0.8901961 0.8039216 0.7882353 1 0.8901961 0.8039216 0.7882353 1 0.8901961 0.8039216 0.7882353 1 0.8901961 0.8039216 0.7882353 1 0.8901961 0.8039216 0.7882353 1 0.8901961 0.8039216 0.7882353 1 0.8901961 0.8039216 0.7882353 1 0.8901961 0.8039216 0.7882353 1 0.8901961 0.8039216 0.7882353 1 0.8117647 0.7019608 0.6901961 1 0.8901961 0.8039216 0.7882353 1 0.7137255 0.6431373 0.6078432 1 0.8901961 0.8901961 0.8901961 1 0.7176471 0.6470589 0.6117647 1 0.7137255 0.6431373 0.6078432 1 0.7137255 0.6431373 0.6039216 1 0.8901961 0.8901961 0.8901961 1 0.7215687 0.6509804 0.6156863 1 0.8901961 0.8901961 0.8901961 1 0.7137255 0.6431373 0.6039216 1 0.7215687 0.6509804 0.6156863 1 0.7137255 0.6431373 0.6039216 1 0.8901961 0.8901961 0.8901961 1 0.7098039 0.6392157 0.6039216 1 0.8901961 0.8901961 0.8901961 1 0.7137255 0.6392157 0.6039216 1 0.7098039 0.6392157 0.6039216 1 0.7254902 0.654902 0.6196079 1 0.8901961 0.8901961 0.8901961 1 0.8901961 0.8039216 0.7882353 1 0.8901961 0.8039216 0.7882353 1 0.8901961 0.8039216 0.7882353 1 0.8901961 0.8039216 0.7882353 1 0.8901961 0.8039216 0.7882353 1 0.8901961 0.8039216 0.7882353 1 0.7490196 0.6784314 0.6431373 1 0.8901961 0.8901961 0.8901961 1 0.7294118 0.6588236 0.6235294 1 0.7490196 0.6784314 0.6431373 1 0.7529412 0.682353 0.6470589 1 0.8901961 0.8901961 0.8901961 1 0.8901961 0.8039216 0.7882353 1 0.8901961 0.8039216 0.7882353 1 0.8901961 0.8039216 0.7882353 1 0.8901961 0.8039216 0.7882353 1 0.8901961 0.8039216 0.7882353 1 0.8901961 0.8039216 0.7882353 1 0.7529412 0.682353 0.6470589 1 0.8901961 0.8901961 0.8901961 1 0.7529412 0.682353 0.6470589 1 0.7529412 0.682353 0.6470589 1 0.7490196 0.6784314 0.6431373 1 0.8901961 0.8901961 0.8901961 1 0.7490196 0.6784314 0.6431373 1 0.8901961 0.8901961 0.8901961 1 0.7490196 0.6784314 0.6431373 1 0.7490196 0.6784314 0.6431373 1 0.7490196 0.6784314 0.6431373 1 0.8901961 0.8901961 0.8901961 1 0.8901961 0.8901961 0.8901961 1 0.7490196 0.6784314 0.6431373 1 0.7450981 0.6745098 0.6392157 1 0.8901961 0.8901961 0.8901961 1 0.7803922 0.7137255 0.6784314 1 0.7764706 0.7098039 0.6745098 1 0.8901961 0.8901961 0.8901961 1 0.7764706 0.7058824 0.6745098 1 0.7254902 0.654902 0.6196079 1 0.7215687 0.6509804 0.6117647 1 0.8901961 0.8901961 0.8901961 1 0.7490196 0.6784314 0.6431373 1 0.8901961 0.8901961 0.8901961 1 0.7137255 0.6431373 0.6078432 1 0.7137255 0.6392157 0.6039216 1 0.8901961 0.8901961 0.8901961 1 0.7450981 0.6745098 0.6392157 1 0.7450981 0.6745098 0.6392157 1 0.8901961 0.8039216 0.7882353 1 0.8117647 0.7019608 0.6901961 1 0.8901961 0.8039216 0.7882353 1 0.8901961 0.8901961 0.8901961 1 0.8117647 0.7450981 0.7098039 1 0.8235294 0.7568628 0.7215687 1 0.8901961 0.8901961 0.8901961 1 0.7450981 0.6745098 0.6392157 1 0.7490196 0.6784314 0.6431373 1 0.8901961 0.8901961 0.8901961 1 0.7254902 0.654902 0.6196079 1 0.7764706 0.7058824 0.6745098 1 0.8901961 0.8901961 0.8901961 1 0.7137255 0.6431373 0.6039216 1 0.7137255 0.6431373 0.6078432 1 0.8901961 0.8901961 0.8901961 1 0.7294118 0.6588236 0.6235294 1 0.7176471 0.6431373 0.6078432 1 0.7215687 0.6509804 0.6117647 1 0.7490196 0.6784314 0.6431373 1 0.8901961 0.8901961 0.8901961 1 0.8901961 0.8901961 0.8901961 1 0.7137255 0.6392157 0.6039216 1 0.7137255 0.6431373 0.6078432 1 0.8901961 0.8901961 0.8901961 1 0.7176471 0.6431373 0.6078432 1 0.7294118 0.6588236 0.6235294 1 0.8901961 0.8901961 0.8901961 1 0.7450981 0.6745098 0.6392157 1 0.7450981 0.6745098 0.6392157 1 0.8901961 0.8901961 0.8901961 1 0.8235294 0.7568628 0.7215687 1 0.8117647 0.7450981 0.7098039 1 0.8901961 0.8901961 0.8901961 1 0.7490196 0.6784314 0.6431373 1 0.7490196 0.6784314 0.6431373 1</float_array>
          <technique_common>
            <accessor source="#meshId2_name-mesh-colors-meshId2-color0-array" count="468" stride="4">
              <param name="R" type="float"/>
              <param name="G" type="float"/>
              <param name="B" type="float"/>
              <param name="A" type="float"/>
            </accessor>
          </technique_common>
        </source>
        <vertices id="meshId2_name-mesh-vertices">
          <input semantic="POSITION" source="#meshId2_name-mesh-positions"/>
        </vertices>
        <triangles material="m0BodyEnv_v-material" count="156">
          <input semantic="VERTEX" source="#meshId2_name-mesh-vertices" offset="0"/>
          <input semantic="NORMAL" source="#meshId2_name-mesh-normals" offset="1"/>
          <input semantic="TEXCOORD" source="#meshId2_name-mesh-map-0" offset="2" set="0"/>
          <input semantic="COLOR" source="#meshId2_name-mesh-colors-meshId2-color0" offset="3" set="0"/>
          <p>2 0 0 0 1 1 1 1 0 2 2 2 2 0 3 3 3 3 4 4 1 1 5 5 4 4 6 6 3 3 7 7 2 0 8 8 4 4 9 9 5 5 10 10 3 3 11 11 6 6 12 12 5 5 13 13 4 4 14 14 6 6 15 15 7 7 16 16 5 5 17 17 8 8 18 18 7 7 19 19 6 6 20 20 8 8 21 21 9 9 22 22 7 7 23 23 10 10 24 24 9 9 25 25 8 8 26 26 10 10 27 27 11 11 28 28 9 9 29 29 12 12 30 30 11 11 31 31 10 10 32 32 12 12 33 33 13 13 34 34 11 11 35 35 14 14 36 36 13 13 37 37 12 12 38 38 14 14 39 39 15 15 40 40 13 13 41 41 18 16 42 42 17 17 43 43 16 18 44 44 18 16 45 45 19 19 46 46 17 17 47 47 20 20 48 48 19 19 49 49 18 16 50 50 20 20 51 51 21 21 52 52 19 19 53 53 22 22 54 54 21 21 55 55 20 20 56 56 22 22 57 57 23 23 58 58 21 21 59 59 24 24 60 60 23 23 61 61 22 22 62 62 24 24 63 63 25 25 64 64 23 23 65 65 26 26 66 66 25 25 67 67 24 24 68 68 26 26 69 69 27 27 70 70 25 25 71 71 28 28 72 72 27 27 73 73 26 26 74 74 28 28 75 75 29 29 76 76 27 27 77 77 32 30 78 78 31 31 79 79 30 32 80 80 32 30 81 81 33 33 82 82 31 31 83 83 34 34 84 84 33 33 85 85 32 30 86 86 34 34 87 87 35 35 88 88 33 33 89 89 36 36 90 90 35 35 91 91 34 34 92 92 36 36 93 93 37 37 94 94 35 35 95 95 38 38 96 96 37 37 97 97 36 36 98 98 39 39 99 99 12 12 100 100 10 10 101 101 39 39 102 102 40 40 103 103 12 12 104 104 41 41 105 105 40 40 106 106 39 39 107 107 41 41 108 108 32 30 109 109 40 40 110 110 42 42 111 111 32 30 112 112 41 41 113 113 42 42 114 114 34 34 115 115 32 30 116 116 32 30 117 117 43 43 118 118 40 40 119 119 32 30 120 120 44 44 121 121 43 43 122 122 30 32 123 123 44 44 124 124 32 30 125 125 30 32 126 126 45 45 127 127 44 44 128 128 46 46 129 129 45 45 130 130 30 32 131 131 46 46 132 132 47 47 133 133 45 45 134 134 48 48 135 135 17 17 136 136 15 15 137 137 48 48 138 138 16 18 139 139 17 17 140 140 45 45 141 141 16 18 142 142 48 48 143 143 45 45 144 144 49 49 145 145 16 18 146 146 50 50 147 147 49 49 148 148 45 45 149 149 53 51 150 150 52 52 151 151 51 53 152 152 53 51 153 153 54 54 154 154 52 52 155 155 0 2 156 156 54 54 157 157 53 51 158 158 0 2 159 159 1 1 160 160 54 54 161 161 57 55 162 162 56 56 163 163 55 57 164 164 57 55 165 165 58 58 166 166 56 56 167 167 59 59 168 168 58 58 169 169 57 55 170 170 59 59 171 171 60 60 172 172 58 58 173 173 26 26 174 174 50 50 175 175 28 28 176 176 26 26 177 177 61 61 178 178 50 50 179 179 24 24 180 180 61 61 181 181 26 26 182 182 64 62 183 183 63 63 184 184 62 64 185 185 64 62 186 186 65 65 187 187 63 63 188 188 66 66 189 189 65 65 190 190 64 62 191 191 29 29 192 192 67 67 193 193 27 27 194 194 29 29 195 195 37 37 196 196 67 67 197 197 35 35 198 198 37 37 199 199 29 29 200 200 70 68 201 201 69 69 202 202 68 70 203 203 70 68 204 204 71 71 205 205 69 69 206 206 72 72 207 207 71 71 208 208 70 68 209 209 75 73 210 210 74 74 211 211 73 75 212 212 75 73 213 213 76 76 214 214 74 74 215 215 77 77 216 216 76 76 217 217 75 73 218 218 80 78 219 219 79 79 220 220 78 80 221 221 80 78 222 222 81 81 223 223 79 79 224 224 82 82 225 225 81 81 226 226 80 78 227 227 75 73 228 228 84 83 229 229 83 84 230 230 75 73 231 231 85 85 232 232 84 83 233 233 73 75 234 234 85 85 235 235 75 73 236 236 15 15 237 237 86 86 238 238 13 13 239 239 15 15 240 240 87 87 241 241 86 86 242 242 17 17 243 243 87 87 244 244 15 15 245 245 90 88 246 246 89 89 247 247 88 90 248 248 90 88 249 249 91 91 250 250 89 89 251 251 94 92 252 252 93 93 253 253 92 94 254 254 94 92 255 255 95 95 256 256 93 93 257 257 98 96 258 258 97 97 259 259 96 98 260 260 98 96 261 261 99 99 262 262 97 97 263 263 101 100 264 264 98 101 265 265 100 102 266 266 101 100 267 267 102 103 268 268 98 101 269 269 7 7 270 270 56 56 271 271 5 5 272 272 7 7 273 273 55 57 274 274 56 56 275 275 39 39 276 276 51 53 277 277 41 41 278 278 39 39 279 279 53 51 280 280 51 53 281 281 60 60 282 282 103 104 283 283 58 58 284 284 60 60 285 285 104 105 286 286 103 104 287 287 104 105 288 288 105 106 289 289 103 104 290 290 104 105 291 291 106 107 292 292 105 106 293 293 108 108 294 294 93 109 295 295 107 110 296 296 108 108 297 297 109 111 298 298 93 109 299 299 111 112 300 300 90 113 301 301 110 114 302 302 111 112 303 303 112 115 304 304 90 113 305 305 115 116 306 306 114 116 307 307 113 116 308 308 115 116 309 309 116 116 310 310 114 116 311 311 119 116 312 312 118 116 313 313 117 116 314 314 119 116 315 315 120 116 316 316 118 116 317 317 121 117 318 318 54 54 319 319 1 1 320 320 121 117 321 321 122 118 322 322 54 54 323 323 123 119 324 324 21 21 325 325 23 23 326 326 123 119 327 327 105 106 328 328 21 21 329 329 106 107 330 330 21 21 331 331 105 106 332 332 106 107 333 333 19 19 334 334 21 21 335 335 47 47 336 336 50 50 337 337 45 45 338 338 47 47 339 339 28 28 340 340 50 50 341 341 124 120 342 342 36 36 343 343 34 34 344 344 124 120 345 345 125 121 346 346 36 36 347 347 122 118 348 348 125 121 349 349 126 122 350 350 122 118 351 351 38 38 352 352 125 121 353 353 128 123 354 354 57 55 355 355 127 124 356 356 128 123 357 357 59 59 358 358 57 55 359 359 54 54 360 360 126 122 361 361 52 52 362 362 54 54 363 363 122 118 364 364 126 122 365 365 129 125 366 366 70 68 367 367 68 70 368 368 129 125 369 369 130 126 370 370 70 68 371 371 131 127 372 372 70 68 373 373 130 126 374 374 131 127 375 375 132 128 376 376 70 68 377 377 134 129 378 378 64 130 379 379 133 131 380 380 134 129 381 381 135 132 382 382 64 130 383 383 87 87 384 384 127 124 385 385 86 86 386 386 87 87 387 387 128 123 388 388 127 124 389 389 136 133 390 390 75 73 391 391 83 84 392 392 136 133 393 393 77 77 394 394 75 73 395 395 137 134 396 396 45 45 397 397 48 48 398 398 137 134 399 399 44 44 400 400 45 45 401 401 138 135 402 402 80 78 403 403 78 80 404 404 138 135 405 405 139 136 406 406 80 78 407 407 140 137 408 408 80 78 409 409 139 136 410 410 140 137 411 411 141 138 412 412 80 78 413 413 90 139 414 414 143 140 415 415 142 141 416 416 93 109 417 417 109 111 418 418 144 142 419 419 93 143 420 420 146 144 421 421 145 145 422 422 148 146 423 423 98 147 424 424 147 148 425 425 64 149 426 426 150 150 427 427 149 151 428 428 98 152 429 429 152 153 430 430 151 154 431 431 125 121 432 432 38 38 433 433 36 36 434 434 98 155 435 435 154 156 436 436 153 157 437 437 98 158 438 438 156 159 439 439 155 160 440 440 64 161 441 441 158 162 442 442 157 163 443 443 70 68 444 444 132 128 445 445 72 72 446 446 64 164 447 447 160 165 448 448 159 166 449 449 162 167 450 450 161 168 451 451 90 169 452 452 93 170 453 453 164 171 454 454 163 172 455 455 93 173 456 456 166 174 457 457 165 175 458 458 90 176 459 459 168 177 460 460 167 178 461 461 90 179 462 462 170 180 463 463 169 181 464 464 80 78 465 465 141 138 466 466 82 82 467 467</p>
        </triangles>
      </mesh>
    </geometry>
    <geometry id="meshId1_name-mesh" name="meshId1_name">
      <mesh>
        <source id="meshId1_name-mesh-positions">
          <float_array id="meshId1_name-mesh-positions-array" count="1647">0 100.286 76.0234 24.875 96.1101 72.9727 27.5977 97.7233 77.9414 51.5273 81.32101 59.4727 55.2344 81.0944 61.7227 69.3672 67.32101 39.0078 73.6211 66.9655 40.9336 79.6445 56.4069 8.83984 83.1992 55.489 8.86328 75.6836 54.1921 -25.5781 79.5977 53.3679 -25.5156 60.0664 57.5241 -52.6055 63.9258 56.9772 -55.7031 32.9414 63.9655 -72.832 34.6016 63.6843 -76.7891 0 66.48901 -84.8203 0 62.9538 -90.7852 -34.6016 63.6843 -76.7891 -37.4414 59.3874 -82.3672 -67.6641 52.0046 -60.6367 -37.7031 52.6179 -85.5742 -68.7539 44.6218 -62.2148 -36.0234 43.9108 -83.5781 -64.5781 36.3601 -60.625 -32.0742 40.3601 -76.8242 -56.7344 34.6608 -58.7578 0 89.7038 -0.402344 -70.1367 30.8522 -24.4023 -71.8203 34.2233 13.1289 -81.7539 35.0632 11.9961 -71.2813 47.8288 49.4609 -87.5469 42.4616 10.8477 -76.9375 55.3874 49.1602 -89.1523 50.4226 9.64453 -77.8555 62.0163 45.9063 -83.1992 55.489 8.86328 -73.6211 66.9655 40.9336 -79.6445 56.4069 8.83984 -69.3672 67.32101 39.0078 0 56.8874 -94.1563 37.7031 52.6179 -85.5742 0 47.8366 -92.6563 36.0234 43.9108 -83.5781 0 43.4577 -87.0156 32.0742 40.3601 -76.8242 56.7344 34.6608 -58.7578 70.1367 30.8522 -24.4023 79.54301 31.8093 -25.1289 81.7539 35.0632 11.9961 84.6758 39.989 -26.125 87.5469 42.4616 10.8477 84.0391 47.6687 -25.7188 89.1523 50.4226 9.64453 77.8555 62.0163 45.9063 -41.2031 70.4733 35.4648 0 70.0515 26.9141 -36.0586 40.653 42.4961 -22.4844 28.5827 46.4727 -38.8672 39.9616 38.7266 -23.2344 26.364 42.6523 -38.1875 39.0905 34.9609 -23.4883 26.9812 37.7539 -24.2734 20.5827 11.9609 0 23.8601 38.5898 0 17.5749 12.4727 24.2734 20.5827 11.9609 25.7305 18.8444 -10.9688 50.6445 28.5476 -10.9688 24.4922 21.9187 -36.5273 46.9336 31.989 -36.5273 31.707 41.2116 -55.0898 34.3906 59.9616 -58.2305 15.0313 62.7937 -63.2461 71.8203 34.2233 13.1289 60.5859 46.6179 49.1328 71.2813 47.8288 49.4609 45.3008 59.1179 69.3945 53.0352 61.4812 71.5625 25.9414 75.0944 88.3477 29.5195 85.7429 89.0703 0 91.1413 93.7188 29.5898 94.1452 84.4258 0 98.9772 88.4219 0 102.188 80.9258 -27.5977 97.7233 77.9414 -24.875 96.1101 72.9727 -51.5273 81.32101 59.4727 34.375 77.7251 53.7325 33.9414 63.8679 32.4805 35.1641 62.8657 56.2442 36.7148 57.0007 33.668 39.4141 50.5766 55.8614 38.7227 41.3789 56.7188 35.3711 46.1899 69.8926 34.168 38.5141 69.9395 26.0391 36.1157 80.7637 26.7031 32.268 72.7794 14.4961 30.3696 83.0059 15.5508 27.8735 59.2052 2.60138e-7 26.3969 70.6153 1.34418e-7 25.8461 60.2833 -15.5508 27.8735 59.2052 0 27.9147 46.0078 -20.457 31.9108 43.582 36.8314 54.5705 -53.3834 38.7708 40.2131 -59.1466 44.9468 54.9495 -48.9082 52.5132 41.4689 -53.4011 56.3787 41.6408 -40.3469 55.213 27.3446 -54.865 59.6505 27.2021 -41.0566 61.3086 18.3867 -41.418 55.7268 27.0474 -31.227 56.957 19.1523 -32.0508 39.8071 26.2312 -24.4714 40.3906 20.5195 -24.8945 23.9052 25.6588 -31.335 23.9961 19.1523 -32.0508 20.2577 25.5403 -41.1828 19.7383 18.3867 -41.418 22.1328 70.0827 81.4805 0 74.0905 84.6836 0 79.9304 92.6484 -25.9414 75.0944 88.3477 -29.5195 85.7429 89.0703 -29.5898 94.1452 84.4258 -59.3477 76.7976 67.8125 -55.2344 81.0944 61.7227 -22.1328 70.0827 81.4805 -45.3008 59.1179 69.3945 -53.0352 61.4812 71.5625 -59.125 69.6296 71.0078 -21.724 5.92606 -30.2178 -23.9961 19.1523 -32.0508 -19.7383 18.3867 -41.418 -20.2584 25.537 -41.183 -23.7266 16.6016 -55.3359 -24.349 26.0407 -54.9646 -40.668 16.2422 -61.7461 -39.744 27.0439 -60.8538 -57.5547 16.6016 -55.3359 -55.2134 27.3452 -54.8649 -61.3086 18.3867 -41.418 -59.6508 27.2027 -41.0566 -55.7272 27.048 -31.227 -52.7478 41.5146 -30.6605 -39.8075 26.2318 -24.4714 -24.2337 0.002676069 -36.7477 -27.8551 0.003099083 -18.6956 -24.8091 4.20286 -16.9304 -31.4055 0.04006499 -6.72018 -28.7671 11.3556 -12.1354 -34.7346 16.1109 -18.4851 -40.3906 20.5195 -24.8945 -23.9059 25.6556 -31.3352 -38.6732 40.9175 -24.3159 -36.8334 54.3389 -26.6792 -44.7369 54.8375 -30.7251 -32.3477 53.9633 69.9981 -24.9531 48.4829 78.2052 -26.9805 43.4868 81.3262 -12.1719 48.6196 85.1895 -13.1641 46.4047 90.5411 4.90901e-7 55.8774 89.5802 5.32253e-7 50.9477 92.9786 13.1641 46.4047 90.5411 5.63054e-7 43.6626 95.5098 14.1523 41.5844 91.0919 14.8359 35.2172 89.4669 26.9805 43.4868 81.3262 -41.3181 6.09121 -59.8552 -57.2634 6.05233 -54.5961 -54.3786 0.002255678 -51.9873 -61.3181 6.0025 -42.1364 -59.384 5.83306e-4 -36.7478 -61.2968 5.92598 -30.2178 -58.9725 4.20424 -17.388 -59.2993 13.4556 -28.2742 -53.9374 11.3579 -12.1353 -46.6175 16.1092 -18.4852 -52.3025 0.03905224 -6.72024 -31.6055 76.9946 67.1817 -31.4063 62.9243 69.5762 -35.1641 62.8657 56.2442 -35.3711 46.1899 69.8927 -26.0391 36.1157 80.7637 -14.8359 35.2172 89.4669 -14.4961 30.3696 83.0059 5.43661e-7 35.7563 93.9161 4.50262e-7 29.2407 86.2403 -26.7031 32.268 72.7794 -33.2578 34.1391 57.8614 -34.168 38.5141 69.9395 -38.7227 41.3789 56.7188 -39.4141 50.5766 55.8614 -36.7148 57.0007 33.668 -58.0391 54.4147 -36.5273 -46.9336 31.989 -36.5273 -34.3906 59.9616 -58.2305 -31.707 41.2116 -55.0898 -15.0313 62.7937 -63.2461 -17.8398 37.9733 -58.8555 0 35.4226 -59.8672 -24.4922 21.9187 -36.5273 0 19.6296 -36.5273 0 16.3483 -10.9688 -9.95703 43.5632 -59.0938 0 34.5671 -55.5938 0 33.7663 -74.4844 9.95703 43.5632 -59.0938 7.25781 40.1804 -75.5117 0 54.8952 -61.1289 0 47.1569 -75.7656 -7.25781 40.1804 -75.5117 0 38.4382 -97.7383 -43.5586 67.5827 32.5742 -61.8242 55.278 7.73047 -50.5039 29.9577 10.7891 -50.6445 28.5476 -10.9688 -25.7305 18.8444 -10.9688 21.7236 5.92545 -30.2178 21.3212 6.00042 -42.1365 23.7266 16.6016 -55.3359 24.3486 26.0401 -54.9646 24.8913 40.2761 -53.491 28.2345 54.2446 -48.9608 0 23.3054 43.6719 23.2344 26.364 42.6523 22.4844 28.5827 46.4727 38.8672 39.9616 38.7266 36.0586 40.653 42.4961 43.5586 67.5827 32.5742 41.2031 70.4733 35.4648 67.6641 52.0046 -60.6367 68.7539 44.6218 -62.2148 64.5781 36.3601 -60.625 -47.336 54.9405 -39.157 -56.3791 41.6414 -40.3468 -44.9472 54.9501 -48.9081 -52.5097 41.4691 -53.4011 -38.7712 40.2137 -59.1465 39.7436 27.0432 -60.8538 57.5547 16.6016 -55.3359 40.668 16.2422 -61.7461 57.263 6.05171 -54.5962 41.3177 6.0906 -59.8552 54.3782 0.001642584 -51.9874 37.4414 59.3874 -82.3672 61.3177 6.00188 -42.1364 59.299 13.4549 -28.2742 61.3003 5.92574 -30.2178 58.9721 4.20363 -17.388 59.3875 3.43831e-4 -36.7478 56.6021 0.001271605 -19.0203 -75.6836 54.1921 -25.5781 -79.5977 53.3679 -25.5156 -60.0664 57.5241 -52.6055 -63.9258 56.9772 -55.7031 -32.9414 63.9655 -72.832 -14.1523 41.5844 91.0919 0 25.7429 47.4453 52.3018 0.04232227 -6.72006 53.941 11.3577 -12.1353 46.6172 16.1086 -18.4852 76.9375 55.3874 49.1602 31.6055 76.9946 67.1817 22.6484 79.4672 74.8575 17.3398 87.1704 69.9512 11.3047 79.7524 80.2872 2.88324e-7 89.8032 72.9317 4.05488e-7 79.9008 82.5606 -11.3047 79.7524 80.2872 -24.8917 40.2767 -53.491 -28.2348 54.2452 -48.9607 -21.2936 40.1191 -40.4579 -27.082 54.0866 -39.2188 -84.0391 47.6687 -25.7188 -56.957 19.1523 -32.0508 38.1875 39.0905 34.9609 61.8242 55.278 7.73047 50.5039 29.9577 10.7891 -40.8404 13.5803 -9.0538 -41.6812 0.339769 -4.25581 -24.6443 40.3007 -30.5598 -29.6125 54.1955 -30.9308 -35.4688 42.0593 41.1758 27.8547 0.002487599 -18.6956 24.8087 4.20225 -16.9304 31.4051 0.03945326 -6.72021 28.7663 11.3588 -12.1352 34.7381 16.1107 -18.4851 -21.724 5.92606 -30.2178 -21.3216 6.00103 -42.1364 -25.3707 6.05023 -54.5962 -29.0275 0.00214976 -51.9873 -84.6758 39.989 -26.125 47.3356 54.9399 -39.157 52.7475 41.514 -30.6605 44.7365 54.8368 -30.7251 36.833 54.3382 -26.6792 23.4883 26.9812 37.7539 -17.3398 87.1704 69.9512 -34.375 77.7251 53.7325 -33.9414 63.8679 32.4805 35.4688 42.0593 41.1758 33.2578 34.1391 57.8614 58.0391 54.4147 -36.5273 64.418 51.4577 -10.9688 41.6848 0.339531 -4.25582 46.8741 9.1471e-4 -14.4164 36.5334 0.001996099 -14.4163 56.6021 0.001271605 -19.0203 27.8547 0.002487599 -18.6956 24.2333 0.002064764 -36.7477 24.6439 40.3001 -30.5599 21.2932 40.1185 -40.4579 29.6118 54.1988 -30.9306 27.082 54.0866 -39.2188 -60.5859 46.6179 49.1328 -79.54301 31.8093 -25.1289 38.6728 40.9168 -24.3159 31.4063 62.9243 69.5762 32.3477 53.9633 69.9981 17.8398 37.9733 -58.8555 59.125 69.6296 71.0078 59.3477 76.7976 67.8125 12.1719 48.6196 85.1895 24.9531 48.4829 78.2051 -41.6812 0.339769 -4.25581 -36.5337 0.00260812 -14.4163 -46.8744 0.001527309 -14.4163 -56.6024 0.001884758 -19.0203 -52.3025 0.03905224 -6.72024 29.0272 0.001538217 -51.9874 25.3699 6.0535 -54.5961 24.2333 0.002064764 -36.7477 21.7236 5.92545 -30.2178 41.6848 0.339531 -4.25582 40.84 13.5797 -9.053831 -22.6484 79.4672 74.8575 36.8314 54.5705 -53.3834 36.3578 58.9381 -38.8419 44.9468 54.9495 -48.9082 47.3356 54.9399 -39.157 54.3782 0.001642584 -51.9874 29.0272 0.001538217 -51.9874 59.3875 3.43831e-4 -36.7478 -41.6812 0.339769 -4.25581 -34.7346 16.1109 -18.4851 -36.5337 0.00260812 -14.4163 -31.4055 0.04006499 -6.72018 -31.4055 0.04006499 -6.72018 -27.8551 0.003099083 -18.6956 20.457 31.9108 43.582 -21.724 5.92606 -30.2178 -36.3582 58.9388 -38.8419 -36.8318 54.5711 -53.3833 -44.9472 54.9501 -48.9081 41.6848 0.339531 -4.25582 46.6172 16.1086 -18.4852 46.8741 9.1471e-4 -14.4164 52.3018 0.04232227 -6.72006 36.5334 0.001996099 -14.4163 34.7381 16.1107 -18.4851 31.4051 0.03945326 -6.72021 -54.3786 0.002255678 -51.9873 -59.384 5.83306e-4 -36.7478 -29.0275 0.00214976 -51.9873 -24.2337 0.002676069 -36.7477 -36.8318 54.5711 -53.3833 -56.6024 0.001884758 -19.0203 21.7236 5.92545 -30.2178 -64.418 51.4577 -10.9688 -46.8744 0.001527309 -14.4163 -46.6175 16.1092 -18.4852 -52.3025 0.03905224 -6.72024 0 63.3444 -64.8984 0 67.0944 -79.75 52.3018 0.04232227 -6.72006 -47.336 54.9405 -39.157 -29.0275 0.00214976 -51.9873 -41.3181 6.09121 -59.8552 -54.3786 0.002255678 -51.9873 41.3177 6.0906 -59.8552 29.0272 0.001538217 -51.9874 54.3782 0.001642584 -51.9874 31.4051 0.03945326 -6.72021 -64.1354 0.001054763 50.399 -66.9157 8.75165e-4 32.6683 -66.5012 4.20292 51.4169 -68.83 5.92729 38.3408 -66.8302 13.4546 39.1863 -68.8519 6.00253 26.4088 -68.8398 18.3867 25.3203 -65.0859 16.6016 11.6641 -62.7426 27.3445 10.5714 -47.2762 27.046 4.62841 -46.3018 40.2149 5.1865 -31.8778 26.0411 10.6598 -32.5806 40.2786 10.7666 -27.7877 25.5372 24.5181 -29.0196 40.121 23.6751 -32.3356 40.3007 33.438 -37.1444 54.1951 30.595 -44.3645 54.34 34.8261 -44.0724 57.3112 29.2964 -52.2672 54.8363 30.7087 -43.888 58.939 21.9916 -54.8666 54.9397 22.2613 -52.4743 54.9518 12.5083 -63.7105 41.6407 23.5746 -59.8872 41.4685 10.6886 28.8503 5.9995 26.409 35.5083 0.001777589 17.4323 32.9017 6.05122 13.9418 48.8451 6.09143 8.67767 31.2578 16.6016 11.6641 48.2188 15.8867 5.125 31.8778 26.0411 10.6598 47.2762 27.046 4.62841 46.3018 40.2149 5.1865 62.7426 27.3445 10.5714 59.8872 41.4685 10.6886 63.7105 41.6407 23.5746 52.4743 54.9518 12.5083 54.8666 54.9397 22.2613 43.888 58.939 21.9916 52.2672 54.8363 30.7087 44.0724 57.3112 29.2964 44.3645 54.34 34.8261 37.1444 54.1951 30.595 32.3356 40.3007 33.438 29.0196 40.1209 23.6751 27.7877 25.5372 24.5181 32.5806 40.2786 10.7666 -59.831 0.03957146 62.6932 -61.4711 11.3567 55.6272 -54.1457 16.1074 48.5883 -64.4883 19.1523 34.5781 -63.2587 27.0468 34.2528 -67.1816 27.2017 24.4043 -60.121 41.5146 33.1694 27.2695 18.3867 25.3203 31.5273 19.1523 34.5781 31.4364 25.6573 34.3492 47.9219 20.5195 41.5313 47.337 26.2284 41.1262 64.4883 19.1523 34.5781 63.2587 27.0468 34.2528 68.8398 18.3867 25.3203 67.1816 27.2017 24.4043 -31.7628 0.003526508 32.668 -35.3873 0.001841962 50.7206 -32.3413 4.20358 51.8797 -38.9357 0.04154306 62.6931 -36.2983 11.3569 55.6271 -42.2675 16.1101 48.588 -31.5273 19.1523 34.5781 -47.9219 20.5195 41.5313 -31.4364 25.6573 34.3492 -47.337 26.2284 41.1262 -46.2063 40.914 39.5207 -27.2695 18.3867 25.3203 -62.6302 5.37678e-4 17.4324 -64.7943 6.05087 13.9418 -48.8451 6.09144 8.67767 -48.1953 16.2422 5.30469 -31.2578 16.6016 11.6641 -44.3637 54.5692 8.08728 -35.7673 54.2471 12.5574 -34.6193 54.0834 22.3205 44.3637 54.5692 8.08728 35.7673 54.2471 12.5574 34.6193 54.0834 22.3205 46.2063 40.914 39.5207 60.121 41.5146 33.1694 54.1457 16.1074 48.5883 66.8302 13.4546 39.1863 61.4711 11.3567 55.6272 66.5012 4.20292 51.4169 59.831 0.0395683 62.6932 64.1354 0.001051545 50.399 66.9157 8.7192e-4 32.6683 68.83 5.92729 38.3408 68.8519 6.00253 26.4088 36.2983 11.3569 55.6271 42.2675 16.1101 48.588 48.3686 13.5772 58.3885 49.2123 0.339005 65.1135 28.8503 5.9995 26.409 31.7628 0.003522217 32.668 29.2549 5.92708 38.3408 32.3413 4.20358 51.8798 31.5273 19.1523 34.5781 62.6302 5.34195e-4 17.4324 64.7943 6.05086 13.9418 -35.5083 0.00178188 17.4323 -28.8503 5.9995 26.409 -29.2549 5.92708 38.3408 -31.5273 19.1523 34.5781 49.2123 0.339005 65.1135 54.4046 0.002284169 55.0042 44.0607 0.001854181 55.0042 64.1354 0.001051545 50.399 35.3873 0.001837909 50.7206 31.7628 0.003522217 32.668 62.6302 5.34195e-4 17.4324 35.5083 0.001777589 17.4323 66.9157 8.7192e-4 32.6683 65.0859 16.6016 11.6641 -49.2123 0.339008 65.1135 -44.0607 0.001857936 55.0042 -54.4046 0.002287626 55.0042 -64.1354 0.001054763 50.399 -59.831 0.03957146 62.6932 -49.2123 0.339008 65.1135 -48.3686 13.5772 58.3885 -49.2123 0.339008 65.1135 -54.4046 0.002287626 55.0042 -54.1457 16.1074 48.5883 -59.831 0.03957146 62.6932 -42.2675 16.1101 48.588 -44.0607 0.001857936 55.0042 -38.9357 0.04154306 62.6931 -38.9357 0.04154306 62.6931 -35.3873 0.001841962 50.7206 49.2123 0.339005 65.1135 54.1457 16.1074 48.5883 54.4046 0.002284169 55.0042 59.831 0.0395683 62.6932 44.0607 0.001854181 55.0042 42.2675 16.1101 48.588 38.9357 0.04153919 62.6931 35.3873 0.001837909 50.7206 38.9357 0.04153919 62.6931 -28.8503 5.9995 26.409 -32.9017 6.05122 13.9418 -66.9157 8.75165e-4 32.6683 -31.7628 0.003526508 32.668 -62.6302 5.37678e-4 17.4324 -35.5083 0.00178188 17.4323 -35.5083 0.00178188 17.4323 -48.8451 6.09144 8.67767 -62.6302 5.37678e-4 17.4324 48.8451 6.09143 8.67767 35.5083 0.001777589 17.4323 62.6302 5.34195e-4 17.4324 38.9357 0.04153919 62.6931 59.831 0.0395683 62.6932</float_array>
          <technique_common>
            <accessor source="#meshId1_name-mesh-positions-array" count="549" stride="3">
              <param name="X" type="float"/>
              <param name="Y" type="float"/>
              <param name="Z" type="float"/>
            </accessor>
          </technique_common>
        </source>
        <source id="meshId1_name-mesh-normals">
          <float_array id="meshId1_name-mesh-normals-array" count="1671">0.2770121 0.9542049 -0.1129488 0.194345 0.9005044 -0.3890011 0 0.9317626 -0.3630683 0.2692379 0.8785743 -0.3944846 0.4787139 0.8684371 -0.1290352 0.2415109 0.9153342 -0.3222358 0.4917496 0.8577054 -0.1500802 0.2243932 0.9581966 -0.1775016 0.4887707 0.862043 -0.1341097 0.2044985 0.9783098 -0.03301906 0.4801431 0.8685411 -0.1228789 0.1900514 0.9813103 0.03017848 0.408951 0.898704 -0.1583991 0.1520417 0.9881896 -0.01909363 0.2520289 0.9352179 -0.248695 3.17302e-6 0.9504349 -0.3109235 -4.52329e-7 0.6798481 -0.733353 -0.2520199 0.9352336 -0.2486447 -0.4028573 0.6288448 -0.6650265 -0.717485 0.5091443 -0.4753815 -0.4278097 0.05407536 -0.9022498 -0.7693029 -0.1046821 -0.6302497 -0.2420293 -0.6325871 -0.7357007 -0.42208 -0.7608578 -0.4928936 0.1482443 -0.988176 -0.03913849 0.2307551 -0.9726942 -0.02486425 3.53437e-7 -0.9909297 0.1343818 0.2721849 -0.9612352 0.04407083 0.2802182 -0.9456958 0.1647337 -0.4917795 -0.8411653 0.2249308 -0.4105396 -0.7264887 0.551064 -0.9309959 -0.3314681 0.1528907 -0.8241973 -0.2157677 0.5235869 -0.9372653 0.3484533 0.01068073 -0.8676102 0.4270893 0.2546515 -0.488811 0.8620235 -0.134087 -0.4917485 0.8577064 -0.150078 -0.2243939 0.9581969 -0.1774997 -0.2415112 0.9153339 -0.3222362 4.50783e-6 0.1302337 -0.9914833 0.4278107 0.05407565 -0.9022493 -1.18328e-5 -0.5810983 -0.8138334 0.242032 -0.6325891 -0.7356981 -1.3725e-5 -0.9992654 -0.03832513 -0.1482439 -0.9881762 -0.03913801 -0.2307647 -0.9726916 -0.02487325 -0.272184 -0.9612354 0.04407525 0.5071153 -0.8507763 -0.1378907 0.4917795 -0.8411654 0.2249308 0.9336529 -0.2637054 -0.2423877 0.9309959 -0.3314684 0.1528907 0.8904832 0.3857791 -0.2412765 0.9372654 0.3484531 0.01068073 0.8676102 0.4270892 0.2546514 -0.3597272 0.02610176 0.9326925 -1.12213e-6 0.3596344 0.9330934 -0.351412 0.1553459 0.9232429 -0.2255415 -0.1984474 0.953808 -0.8592905 -0.428852 0.2787581 -0.4243766 -0.8690742 0.2541942 -0.755432 -0.6060283 0.2491026 -0.4092631 -0.9084346 0.08514875 -0.2892526 -0.9310127 0.2225947 -3.80119e-6 -0.9923539 0.1234255 0 -0.9885396 0.1509613 0.2892501 -0.9310129 0.2225969 0.2372531 -0.9708616 -0.03374564 0.6649991 -0.745202 -0.04949957 0.2364629 -0.8923839 -0.384365 0.601837 -0.6465204 -0.468832 0.4305633 -0.4050486 -0.8065674 0.4603209 -0.2228448 -0.8593282 0.172461 -0.1677408 -0.9706289 -0.2802209 -0.9456937 0.1647411 -0.2836307 -0.915682 0.2847462 0.4105397 -0.7264883 0.5510644 -0.2746456 -0.905986 0.3221167 0.2870786 -0.5913668 0.7535724 0.1359434 -0.5170117 0.8451145 0.3721649 0.1421083 0.9172233 4.47035e-6 0.2179393 0.9759624 0.433016 0.686003 0.5847198 0 0.7491892 0.6623561 -1.49729e-6 0.9996815 0.02523803 -0.2769947 0.9542108 -0.1129418 -0.1943449 0.9005048 -0.3890004 -0.2692382 0.8785739 -0.3944853 0.9596774 0.2256795 0.167595 0.9768837 0.2097153 -0.04144614 0.9364184 0.3262299 0.1292082 0.9883903 0.1095457 -0.1052823 0.9850815 0.1269646 0.1161662 0.9559612 -0.2920701 0.02886551 0.8903485 0.06530326 0.4505718 0.8205462 -0.4629116 0.3352863 0.6831153 -0.4538227 0.5721876 0.4962675 -0.8361398 0.2336425 0.2832737 -0.8979743 0.3367464 0.2151031 -0.9762542 -0.02566283 2.20956e-7 -0.993363 0.1150213 -4.26808e-7 -0.9989701 -0.04537403 -0.2151015 -0.9762545 -0.02566355 0 -0.9850965 -0.1720026 -0.331844 -0.91674 -0.2224128 0.4502831 0.7999913 -0.3965593 -0.01075321 0.2762878 -0.9610148 -0.0302335 0.7606024 -0.6485139 0.6818843 0.3741404 -0.6285322 0.9215625 0.3867042 0.03438556 0.7155843 0.1908 -0.6719632 0.9799249 0.194244 0.04490661 0.9801297 0.1871957 0.06560367 0.7095817 0.0848093 0.6995006 0.6539814 0.4820584 0.5830336 2.73125e-4 -0.03850638 0.9992583 -0.002271652 0.7100241 0.7041737 -0.7219756 -0.0272991 0.6913797 -0.7650595 0.3916368 0.5111796 -0.997865 0.0502699 0.04169559 -0.9984341 0.01068776 0.05491089 -0.2002638 -0.9421168 0.2689059 3.06405e-7 -0.9725819 0.232561 0 -0.4954881 0.8686147 -0.1359403 -0.5170108 0.8451154 -0.3721648 0.1421083 0.9172233 -0.4330101 0.6860414 0.584679 -0.7218477 0.5500276 0.4200067 -0.4787139 0.8684371 -0.129035 0.2002638 -0.9421168 0.2689059 0.2746474 -0.905985 0.3221179 -0.2870786 -0.5913668 0.7535724 -0.6461712 -0.02101606 0.7629032 0.9984329 0.01067531 0.05493521 0.7650426 0.3916558 0.5111907 0.9748961 -0.136591 0.1758425 0.9978691 0.05021089 0.04166817 0.7920176 -0.06719881 -0.6067886 0.7353498 0.08443546 -0.6724072 1.27472e-4 -0.02748614 -0.9996222 0.00244373 0.1130931 -0.9935815 -0.7916511 0.03821301 -0.6097774 -0.7155905 0.1907879 -0.67196 -0.9801312 0.1871879 0.06560027 -0.9799254 0.1942401 0.04491281 -0.7095848 0.08481168 0.6994973 -0.6946304 0.2615735 0.6701254 -2.81567e-4 -0.0384975 0.9992588 0.9270347 -0.2215847 0.302501 0.3338024 -0.9389064 0.08384937 0.6531856 -0.7566375 -0.02912759 0.1380392 -0.3757742 0.9163728 0.5014467 0.5510926 0.6669694 0.2355633 0.6866669 0.687749 0.002277374 0.7100262 0.7041715 0.7219828 -0.02733838 0.6913707 0.01031374 0.1016746 0.9947643 0.01997876 0.2040753 0.9787513 -0.6609968 0.4003838 0.6346465 -0.6381441 0.2218112 0.7372733 -0.5335154 0.3935435 0.7486554 -0.7630062 0.264007 0.5900186 -0.5157282 0.4471558 0.7308052 -0.462571 0.551671 0.694037 -6.60121e-6 0.4620701 0.8868434 4.61098e-6 0.4237256 0.9057906 0.4625738 0.5516718 0.6940345 -9.79751e-7 0.03152728 0.9995029 0.4534968 0.03467643 0.890583 0.4593583 -0.4222775 0.7814549 0.6381446 0.221814 0.737272 -0.001424372 -0.4468261 -0.8946198 -0.6726561 -0.3271825 -0.6636908 -0.4455105 -0.7671752 -0.4614789 -0.9753524 -0.1666112 -0.1446674 -0.6840484 -0.7294146 -0.005667865 -0.9935517 -0.04373252 0.1046063 -0.9275878 -0.2257259 0.297706 -0.8354911 0.4705379 0.2838113 -0.5442595 0.5772541 0.6087359 -0.3076118 0.6965156 0.6482601 -0.1591374 -0.343937 0.9254094 -0.9596777 0.2256852 0.1675856 -0.8647498 0.1093283 0.4901583 -0.7779199 0.4593649 0.4287478 -0.8903483 0.06530493 0.4505724 -0.6831147 -0.4538238 0.5721874 -0.4593495 -0.4222716 0.7814632 -0.2832713 -0.8979752 0.3367463 4.76371e-6 -0.5284605 0.8489579 4.10937e-6 -0.9107536 0.4129504 -0.496268 -0.83614 0.2336409 -0.5942856 -0.8029468 -0.04583925 -0.8205432 -0.4629158 0.3352876 -0.9559613 -0.2920703 0.02886378 -0.9850816 0.1269642 0.1161653 -0.9883894 0.1095474 -0.1052888 -0.4603212 -0.2228466 -0.8593276 -0.6018384 -0.6465163 -0.4688361 -0.7800825 -0.3850046 -0.4931967 -0.4305632 -0.4050485 -0.8065674 -0.1724612 -0.1677415 -0.9706287 -0.2085831 -0.4992103 -0.8410007 1.96788e-6 -0.5313279 -0.8471663 -0.2365244 -0.8923653 -0.3843702 1.03016e-6 -0.9309825 -0.3650642 -9.66247e-7 -0.9995684 -0.02937984 4.15848e-6 -0.9970592 -0.07663589 4.57396e-7 -0.9987999 0.04897856 -0.9810423 -0.07339864 -0.1793565 0.9810426 -0.07339745 -0.1793553 0.9681934 -0.05964159 -0.2429904 1.87545e-7 0.9099528 -0.414712 0 0.920308 -0.3911946 -0.9681931 -0.05964195 -0.2429921 -1.18965e-6 -0.146133 -0.989265 -0.8711887 -0.3324157 0.3612895 -0.9152839 -0.1360644 0.3791332 -0.6552498 -0.6702715 0.3484018 -0.6649992 -0.745202 -0.04949963 -0.2372531 -0.9708616 -0.03374564 -0.9434212 -0.2924023 -0.1563887 -0.9748983 -0.1366007 0.1758227 -0.7920117 -0.0671916 -0.6067973 -0.7353771 0.08444237 -0.6723765 -0.7398128 0.2373696 -0.6295497 -0.5812674 0.6265815 -0.5191568 0 -0.9750807 0.2218508 0.4243785 -0.8690736 0.2541928 0.2255306 -0.1984513 0.9538098 0.8592905 -0.4288519 0.2787578 0.3597177 0.02609038 0.9326964 0.9155535 -0.1350651 0.3788394 0.3514118 0.1553447 0.9232432 0.7174817 0.5091472 -0.4753832 0.769303 -0.1046822 -0.6302497 0.4220801 -0.7608577 -0.4928937 -0.7007331 0.7133832 -0.00759232 -0.9215622 0.3867052 0.03438472 -0.4502875 0.7999837 -0.3965693 -0.6818782 0.3741612 -0.6285266 0.01075059 0.2762826 -0.9610164 -0.002445757 0.1130883 -0.993582 0.7916544 0.03820639 -0.6097735 -1.24222e-4 -0.02747446 -0.9996225 0.672649 -0.3271911 -0.6636936 0.001417994 -0.4468209 -0.8946224 0.4455234 -0.7671712 -0.461473 0.4028567 0.6288447 -0.665027 0.9753539 -0.1665998 -0.1446696 0.8354915 0.47053 0.2838232 0.9935519 -0.04373842 0.1046022 0.9275889 -0.2257338 0.2976963 0.6840599 -0.7294039 -0.005660891 0.3695993 -0.9244642 0.09360671 -0.2044985 0.9783099 -0.03301882 -0.4801424 0.8685411 -0.1228816 -0.1900526 0.98131 0.0301789 -0.4089497 0.8987044 -0.1584007 -0.1520426 0.9881896 -0.01909393 -0.4534999 0.03467607 0.8905815 -3.09106e-6 -0.2803025 0.9599118 0.159156 -0.3439524 0.9254006 0.5442092 0.577287 0.6087497 0.3076269 0.6965118 0.6482569 0.8241968 -0.2157689 0.5235871 0.4477727 0.739978 0.5019285 0.5488663 0.4496371 0.7046789 0.7779221 0.4593616 0.4287472 0.2886262 0.5372799 0.7924805 0 0.7211471 0.692782 1.73785e-5 0.5106095 0.8598127 -0.2886384 0.5372806 0.7924756 0.7398126 0.2373689 -0.6295502 0.5812885 0.6265896 -0.5191235 0.9772918 0.2078448 0.04124706 0.9358952 0.3487212 0.04993873 -0.8904839 0.38578 -0.2412726 -0.6539629 0.4820687 0.583046 0.7554326 -0.6060286 0.2491002 0.8711887 -0.3324156 0.3612895 0.6552563 -0.6702647 0.3484028 0.008119165 0.7543997 0.6563652 0.01131182 -0.2153673 0.9764676 0.7358249 0.1324228 0.6640979 0.7273978 0.2589333 0.6354888 -0.7850823 -0.5657188 -0.2522062 -0.1379884 -0.3757452 0.9163922 -0.9270359 -0.2215761 0.302504 -0.3338043 -0.9389065 0.08384186 -0.5014708 0.5510823 0.6669598 -0.2355387 0.6866561 0.6877682 0.9434172 -0.2924167 -0.1563854 0.9748957 -0.1366176 0.175824 0.6885717 -0.4488483 -0.5695649 0.2998854 -0.8250029 -0.478998 -0.9336526 -0.263705 -0.2423892 0.7007247 0.7133917 -0.007563292 0.6946309 0.261577 0.6701234 0.6609953 0.4003857 0.6346469 -0.01995408 0.204068 0.9787533 0.4092623 -0.9084351 0.08514845 -0.9364183 0.3262296 0.1292097 -0.4477786 0.7399721 0.501932 -0.9768838 0.2097154 -0.04144334 0.785049 -0.5657025 -0.2523464 0.5942855 -0.8029468 -0.04584074 0.7800816 -0.3850046 -0.4931979 0.8822271 -0.4675679 -0.05527991 -0.02813571 -0.9366863 0.3490375 0.02602022 -0.9328365 0.3593595 -0.01133757 -0.2153732 0.9764661 0.369587 -0.9244717 0.0935828 -0.3337781 -0.9389153 0.08384782 -0.653194 -0.7566313 -0.02909845 -0.7358528 0.1324248 0.6640666 -0.9772925 0.2078422 0.04124414 -0.7274003 0.2589272 0.6354886 -0.9359002 0.3487092 0.04992747 0.2836307 -0.915682 0.2847462 -0.5071154 -0.8507762 -0.137891 -0.01031649 0.1016757 0.9947642 0.8647508 0.1092964 0.4901638 0.7630118 0.2639931 0.5900176 0.208583 -0.4992102 -0.8410009 0.6461697 -0.02101838 0.7629043 0.7218478 0.5500275 0.4200066 0.5157133 0.4471621 0.7308118 0.5334913 0.3935448 0.7486718 -0.02600747 -0.9328318 0.3593723 0.02814376 -0.9366888 0.34903 0.0113036 -0.2153624 0.9764688 -0.3695921 -0.9244711 0.09356826 -0.1592379 -0.343978 0.925377 -0.6531911 -0.756632 -0.02914357 -0.6885901 -0.4488566 -0.5695362 -0.2998937 -0.8250144 -0.4789728 -0.9748859 -0.1366546 0.17585 -0.008104026 0.7544052 0.6563591 -0.01129549 -0.2153437 0.976473 -0.5488633 0.4496377 0.7046809 0.09130072 0.9703431 -0.2238267 -0.03025901 0.7606307 -0.6484794 -0.5812243 0.6266086 -0.5191726 0.4502701 0.8000072 -0.3965421 0.7006819 0.7134335 -0.007591605 0.6840869 -0.7293789 -0.005614995 -0.2998824 -0.8250207 -0.4789692 0.4454777 -0.7671758 -0.4615096 0.02821075 -0.9366663 0.3490854 0.2355574 0.6866358 0.6877819 0.01135236 -0.2153172 0.9764783 0.1379809 -0.3757674 0.9163844 0.3337761 -0.9389152 0.08385545 0.1380683 -0.3757872 0.916363 0.331844 -0.9167399 -0.222413 0.9748901 -0.1366518 0.1758289 0.03026336 0.760625 -0.648486 -0.09129786 0.9703434 -0.2238268 0.5812709 0.6266142 -0.5191136 -0.4502334 0.8000317 -0.3965341 0.02607208 -0.9328169 0.3594063 0.3076066 0.6965062 0.6482726 -0.01130843 -0.2152698 0.9764892 0.1591933 -0.3438792 0.9254214 -0.2355111 0.6866455 0.6877881 -0.02811956 -0.936676 0.3490665 -0.0113396 -0.2154046 0.976459 -0.1379803 -0.3757782 0.9163799 0.299908 -0.8250132 -0.4789661 -0.6840857 -0.7293801 -0.005621135 -0.4454902 -0.7671952 -0.4614652 0.6531968 -0.7566263 -0.0291652 0.03025615 0.7606018 -0.6485133 -0.3696258 -0.9244557 0.09358686 -0.9748938 -0.13658 0.1758639 -0.8822274 -0.4675672 -0.05527889 -0.3075912 0.696506 0.64828 -0.02596974 -0.9328115 0.3594278 0.01128989 -0.2152894 0.976485 -0.1591531 -0.3439529 0.9254009 4.03437e-7 -0.1710807 -0.985257 1.03423e-6 0.9968894 -0.07881444 0.1592305 -0.3439596 0.9253851 -0.7006534 0.7134613 -0.007601439 -0.4454537 -0.7672163 -0.4614652 -0.001387 -0.4468825 -0.8945917 0.2998288 -0.8250133 -0.4790155 0.4454498 -0.7672219 -0.4614596 -0.2998126 -0.8250344 -0.4789893 0.001451015 -0.4468768 -0.8945944 -0.1379519 -0.3757874 0.9163805 -0.9353478 -0.1894721 0.2987052 -0.6886503 -0.7250912 0.001896023 -0.378002 -0.9208273 0.09587335 -0.9941071 -0.0304014 0.1040518 -0.8228172 0.4971418 0.2753576 -0.9757136 -0.1688492 -0.1395456 -0.9789424 0.1942174 0.0628618 -0.7927923 -0.04895091 -0.6075232 -0.7233154 0.1152937 -0.6808247 0.002267062 -0.003649353 -0.9999908 0.009113609 0.145997 -0.9892431 0.7383701 0.007796645 -0.6743506 0.7507019 0.1515932 -0.6430134 0.9971911 0.06258487 0.04114919 0.9760571 0.2139477 0.03922998 0.7246067 0.2239565 0.6517581 0.5640974 0.663877 0.4909802 0.04169464 0.667121 0.7437818 0.05948555 0.9426145 0.3285414 -0.4603234 0.7482637 0.477707 0.05682921 0.9956946 -0.07323133 -0.6134867 0.7890957 0.03101813 -0.4794068 0.7663818 -0.4275841 -0.9196419 0.3916292 0.02975821 -0.6999385 0.2954823 -0.6502125 -0.6473152 -0.4365187 -0.6248476 -0.4292556 -0.8004017 -0.4184458 -0.925708 -0.3401714 -0.1653728 0.001408755 -0.5316761 -0.8469466 -0.7878633 -0.1531949 -0.5964921 9.0278e-4 -0.1706966 -0.9853233 -0.7391947 0.01029294 -0.6734132 -0.002497434 0.001260697 -0.9999962 -0.009113609 0.1459971 -0.9892431 0.723926 0.1176982 -0.6797634 0.6999385 0.2954827 -0.6502124 0.9196418 0.3916293 0.02975869 0.4793943 0.766385 -0.4275922 0.6134859 0.7890965 0.03101056 -0.05683469 0.9956942 -0.07323229 0.4603717 0.7482316 0.4777107 -0.05948489 0.9426148 0.3285406 -0.04168975 0.6671207 0.7437822 -0.5640977 0.6638771 0.4909796 -0.724607 0.2239565 0.6517578 -0.9760688 0.2138992 0.03920453 -0.9971907 0.06261849 0.04110664 -0.750703 0.1515915 -0.6430126 -0.1845488 -0.2419087 0.952587 -0.5259489 0.6280691 0.5735043 -0.2904853 0.7385379 0.6084243 -0.6294742 0.5375978 0.5610267 -0.7006301 0.1775472 0.6910821 -0.9775767 0.2063198 0.04214197 -0.6761875 0.3475987 0.6495735 -0.7459666 0.4432803 0.4970279 -0.9983781 0.01812124 0.05397146 -0.7198859 0.06681847 0.6908687 -0.002738237 0.7473034 0.6644773 -0.001035273 0.09352731 0.9956163 0.6294775 0.5376009 0.5610201 0.7006303 0.177547 0.691082 0.9789429 0.1942126 0.06286728 0.9775767 0.2063202 0.04214191 0.9346163 -0.1849206 0.3038041 0.3411662 -0.9360788 0.08580368 0.6314317 -0.7750737 0.02355772 0.1680097 -0.280281 0.9451008 0.4865342 0.6065318 0.6288114 0.2263985 0.729981 0.644881 0.7459496 0.4432992 0.4970363 0.002735793 0.7473037 0.6644772 0.719887 0.06681931 0.6908675 0.001034915 0.09352701 0.9956163 0.01224863 0.2387613 0.971001 0.9983781 0.0181213 0.05397146 -0.4501906 -0.7789621 -0.4365165 -0.666434 -0.3780369 -0.6426149 -0.001356899 -0.5272088 -0.8497347 -0.001028656 -0.168913 -0.9856305 0.786225 -0.1528488 -0.5987384 0.03010159 0.6998283 -0.7136766 0.5959384 0.6807229 -0.4259975 0.7408235 0.6692354 0.05748474 -0.03010284 0.6998285 -0.7136764 -0.5959387 0.6807227 -0.4259973 -0.7408236 0.6692352 0.05748647 -0.01225012 0.2387602 0.9710014 0.6761875 0.3475984 0.6495736 0.2904959 0.7385349 0.6084229 0.8228159 0.497143 0.2753595 0.5259517 0.6280595 0.5735121 0.9353425 -0.1894765 0.2987194 0.1845871 -0.2419617 0.9525662 0.3779855 -0.9208271 0.09593969 0.6886511 -0.7250904 0.001910984 0.9941073 -0.03040075 0.1040502 0.9757136 -0.1688492 -0.1395455 -0.2263828 0.7299849 0.6448821 -0.486532 0.6065335 0.6288115 -0.009442985 0.7882081 0.6153363 -0.01747888 -0.08465683 0.996257 -0.63143 -0.7750765 0.02351021 -0.9257162 -0.3401555 -0.1653592 -0.4292643 -0.8004396 -0.4183644 -0.9778738 -0.11388 0.1754832 -0.9346149 -0.1849219 0.3038073 -0.745998 0.443301 0.4969622 0.4502086 -0.7789693 -0.4364851 0.6672832 -0.3805649 -0.640237 0.9257171 -0.3401526 -0.1653609 0.4292819 -0.8003906 -0.4184402 0.9778748 -0.1138803 0.1754778 0.7459976 0.4432977 0.4969657 -0.03431951 -0.9318676 0.3611717 0.02809822 -0.927556 0.3726263 -0.01735794 -0.08461165 0.9962629 0.3779808 -0.9208319 0.09591186 -0.3411704 -0.936083 0.08574146 -0.6314391 -0.7750676 0.02355641 0.6886684 -0.7250739 0.001917243 -0.4292255 -0.8004187 -0.4184443 0.4501647 -0.7789598 -0.4365473 0.7944137 -0.04931932 -0.6053714 -0.02809691 -0.927556 0.3726264 0.03432339 -0.9318676 0.3611713 0.01750546 -0.08461177 0.9962602 -0.3779942 -0.920832 0.09585845 -0.1846189 -0.241952 0.9525624 0.009429931 0.7882075 0.6153373 0.01738834 -0.08466237 0.996258 -0.2904741 0.7384843 0.6084946 -0.02804636 -0.9275611 0.3726178 0.01740503 -0.08460128 0.9962629 -0.1845176 -0.2419242 0.952589 0.03431636 -0.9318342 0.3612582 0.2263939 0.7299321 0.6449379 0.0174207 -0.08455592 0.9962665 0.1680475 -0.2802692 0.9450975 0.34116 -0.9360829 0.08578318 0.168128 -0.2803339 0.945064 0.02809035 -0.9275612 0.372614 0.2904738 0.7384837 0.6084955 -0.01739436 -0.0846402 0.9962598 0.1845303 -0.2418908 0.9525952 -0.22639 0.729933 0.6449384 -0.03427422 -0.9318337 0.3612636 -0.01743555 -0.08466464 0.996257 -0.1680354 -0.2802929 0.9450927 -0.3411766 -0.9360802 0.08574694 -0.1680161 -0.2803038 0.9450928 0.4292799 -0.8004021 -0.41842 0.6465817 -0.4340004 -0.6273564 0.9257078 -0.3401737 -0.1653694 0.6314386 -0.7750677 0.02357012 -0.6886684 -0.7250739 0.001900911 0.4292316 -0.8004186 -0.418438 -0.4501528 -0.7789598 -0.4365595 -0.4501469 -0.7790025 -0.4364891 -0.001362025 -0.5272591 -0.8497036 0.4292539 -0.8004209 -0.4184107 0.4501589 -0.7789674 -0.4365395 -0.4292582 -0.8004121 -0.4184234 0.001403629 -0.531733 -0.846911 -0.1680029 -0.2803341 0.9450863 0.1846069 -0.241952 0.9525647</float_array>
          <technique_common>
            <accessor source="#meshId1_name-mesh-normals-array" count="557" stride="3">
              <param name="X" type="float"/>
              <param name="Y" type="float"/>
              <param name="Z" type="float"/>
            </accessor>
          </technique_common>
        </source>
        <source id="meshId1_name-mesh-map-0">
          <float_array id="meshId1_name-mesh-map-0-array" count="4920">0.820007 0.38031 0.846558 0.347656 0.940674 0.370361 0.820007 0.38031 0.69751 0.222473 0.846558 0.347656 0.657776 0.244507 0.69751 0.222473 0.820007 0.38031 0.657776 0.244507 0.653564 0.117615 0.69751 0.222473 0.611084 0.126953 0.653564 0.117615 0.657776 0.244507 0.611084 0.126953 0.643921 0.004455566 0.653564 0.117615 0.598022 0.007568359 0.643921 0.004455566 0.611084 0.126953 0.598022 0.007568359 0.653564 0.117615 0.643921 0.004455566 0.611084 0.126953 0.653564 0.117615 0.598022 0.007568359 0.611084 0.126953 0.69751 0.222473 0.653564 0.117615 0.657776 0.244507 0.69751 0.222473 0.611084 0.126953 0.657776 0.244507 0.846558 0.347656 0.69751 0.222473 0.820007 0.38031 0.846558 0.347656 0.657776 0.244507 0.820007 0.38031 0.989075 0.422424 0.846558 0.347656 0.990234 0.457336 0.989075 0.422424 0.820007 0.38031 0.990234 0.457336 0.820007 0.38031 0.989075 0.422424 0.798584 0.408081 0.820007 0.38031 0.990234 0.457336 0.798584 0.408081 0.618713 0.263184 0.820007 0.38031 0.775452 0.436584 0.618713 0.263184 0.798584 0.408081 0.775452 0.436584 0.585205 0.280396 0.618713 0.263184 0.798584 0.408081 0.585205 0.280396 0.775452 0.436584 0.798584 0.408081 0.657776 0.244507 0.585205 0.280396 0.846558 0.347656 0.657776 0.244507 0.798584 0.408081 0.846558 0.347656 0.69751 0.222473 0.657776 0.244507 0.987488 0.005187988 0.69751 0.222473 0.846558 0.347656 0.987488 0.005187988 0.653564 0.117615 0.69751 0.222473 0.643921 0.004455566 0.653564 0.117615 0.987488 0.005187988 0.643921 0.004455566 0.598022 0.007568359 0.653564 0.117615 0.611084 0.126953 0.598022 0.007568359 0.643921 0.004455566 0.611084 0.126953 0.514465 0.009338378 0.598022 0.007568359 0.530334 0.144165 0.514465 0.009338378 0.611084 0.126953 0.530334 0.144165 0.556152 0.008850097 0.514465 0.009338378 0.571289 0.136475 0.556152 0.008850097 0.530334 0.144165 0.571289 0.136475 0.598022 0.007568359 0.556152 0.008850097 0.611084 0.126953 0.598022 0.007568359 0.571289 0.136475 0.611084 0.126953 0.643921 0.004455566 0.598022 0.007568359 0.653564 0.117615 0.643921 0.004455566 0.611084 0.126953 0.990234 0.457336 0.775452 0.436584 0.798584 0.408081 0.990234 0.457336 0.990845 0.491943 0.775452 0.436584 0.775452 0.436584 0.990845 0.491943 0.990234 0.457336 0.775452 0.436584 0.989075 0.422424 0.990845 0.491943 0.798584 0.408081 0.989075 0.422424 0.775452 0.436584 0.798584 0.408081 0.989075 0.382446 0.989075 0.422424 0.846558 0.347656 0.989075 0.382446 0.798584 0.408081 0.846558 0.347656 0.987488 0.005187988 0.989075 0.382446 0.69751 0.222473 0.987488 0.005187988 0.846558 0.347656 0.69751 0.222473 0.653564 0.117615 0.987488 0.005187988 0.611084 0.126953 0.653564 0.117615 0.69751 0.222473 0.611084 0.126953 0.598022 0.007568359 0.653564 0.117615 0.530334 0.144165 0.598022 0.007568359 0.611084 0.126953 0.530334 0.144165 0.514465 0.009338378 0.598022 0.007568359 0.571289 0.136475 0.514465 0.009338378 0.530334 0.144165 0.571289 0.136475 0.556152 0.008850097 0.514465 0.009338378 0.598022 0.007568359 0.556152 0.008850097 0.571289 0.136475 0.598022 0.007568359 0.571289 0.136475 0.556152 0.008850097 0.611084 0.126953 0.571289 0.136475 0.598022 0.007568359 0.611084 0.126953 0.657776 0.244507 0.571289 0.136475 0.374329 0.932739 0.188782 1.00378 0.489319 0.932373 0.374329 0.932739 0.127991 0.931946 0.188782 1.00378 0.374329 0.87793 0.127991 0.931946 0.374329 0.932739 0.374329 0.87793 0.127991 0.877197 0.127991 0.931946 0.374329 0.837708 0.127991 0.877197 0.374329 0.87793 0.374329 0.837708 0.127991 0.837891 0.127991 0.877197 0.127991 0.645325 0.127991 0.837891 0.374329 0.837708 0.127991 0.645325 0.01074218 0.837708 0.127991 0.837891 0.01043695 0.645325 0.01074218 0.837708 0.127991 0.645325 0.01043695 0.645325 0.127991 0.645325 0.01074218 0.837708 0.127991 0.47229 0.127991 0.645325 0.01043695 0.645325 0.127991 0.47229 0.374329 0.47229 0.127991 0.645325 0.127991 0.265625 0.374329 0.47229 0.127991 0.47229 0.127991 0.265625 0.374329 0.265625 0.374329 0.47229 0.250977 0.120911 0.374329 0.265625 0.127991 0.265625 0.250977 0.120911 0.487732 0.11676 0.374329 0.265625 0.129272 0.09216308 0.487732 0.11676 0.250977 0.120911 0.643921 0.004455566 0.987488 0.005187988 0.653564 0.117615 0.643921 0.004455566 0.653564 0.117615 0.987488 0.005187988 0.611084 0.126953 0.653564 0.117615 0.643921 0.004455566 0.611084 0.126953 0.69751 0.222473 0.653564 0.117615 0.657776 0.244507 0.69751 0.222473 0.611084 0.126953 0.657776 0.244507 0.798584 0.408081 0.69751 0.222473 0.775452 0.436584 0.798584 0.408081 0.657776 0.244507 0.775452 0.436584 0.990845 0.491943 0.798584 0.408081 0.798584 0.408081 0.990845 0.491943 0.775452 0.436584 0.798584 0.408081 0.990845 0.491943 0.990845 0.491943 0.820007 0.38031 0.990845 0.491943 0.798584 0.408081 0.820007 0.38031 0.990234 0.457825 0.990845 0.491943 0.940674 0.370361 0.990234 0.457825 0.820007 0.38031 0.940674 0.370361 0.820007 0.38031 0.990234 0.457825 0.846558 0.347656 0.820007 0.38031 0.940674 0.370361 0.846558 0.347656 0.69751 0.222473 0.820007 0.38031 0.831848 0.54364 0.843933 0.544678 0.833618 0.554016 0.831848 0.54364 0.843811 0.540527 0.843933 0.544678 0.83313 0.534607 0.843811 0.540527 0.831848 0.54364 0.83313 0.534607 0.833191 0.531128 0.843811 0.540527 0.825867 0.534241 0.833191 0.531128 0.83313 0.534607 0.825867 0.534241 0.827148 0.531189 0.833191 0.531128 0.816711 0.529297 0.827148 0.531189 0.825867 0.534241 0.816711 0.529297 0.823364 0.52417 0.827148 0.531189 0.817566 0.522644 0.823364 0.52417 0.816711 0.529297 0.817566 0.522644 0.831299 0.522156 0.823364 0.52417 0.827881 0.519897 0.831299 0.522156 0.817566 0.522644 0.827881 0.519897 0.833984 0.52063 0.831299 0.522156 0.831299 0.522156 0.833984 0.52063 0.827881 0.519897 0.831299 0.522156 0.840149 0.521362 0.833984 0.52063 0.84082 0.52301 0.840149 0.521362 0.831299 0.522156 0.611328 0.86145 0.642456 0.791748 0.612366 0.900757 0.611328 0.86145 0.610229 0.791748 0.642456 0.791748 0.579468 0.791748 0.610229 0.791748 0.611328 0.86145 0.579468 0.791748 0.610229 0.690918 0.610229 0.791748 0.579468 0.690918 0.610229 0.690918 0.579468 0.791748 0.579468 0.690918 0.579468 0.585632 0.610229 0.690918 0.542603 0.690918 0.579468 0.585632 0.579468 0.690918 0.542603 0.690918 0.551392 0.585632 0.579468 0.585632 0.524109 0.690918 0.551392 0.585632 0.542603 0.690918 0.524109 0.690918 0.519775 0.584412 0.551392 0.585632 0.542603 0.690918 0.519775 0.584412 0.524109 0.690918 0.542603 0.690918 0.551392 0.585632 0.519775 0.584412 0.579468 0.690918 0.551392 0.585632 0.542603 0.690918 0.579468 0.690918 0.579468 0.585632 0.551392 0.585632 0.69751 0.222473 0.987488 0.005187988 0.653564 0.117615 0.69751 0.222473 0.846558 0.347656 0.987488 0.005187988 0.798584 0.408081 0.846558 0.347656 0.69751 0.222473 0.798584 0.408081 0.989075 0.382446 0.846558 0.347656 0.989075 0.422424 0.989075 0.382446 0.798584 0.408081 0.989075 0.422424 0.798584 0.408081 0.989075 0.382446 0.990845 0.491943 0.798584 0.408081 0.989075 0.422424 0.990845 0.491943 0.775452 0.436584 0.798584 0.408081 0.798584 0.408081 0.775452 0.436584 0.990845 0.491943 0.798584 0.408081 0.618713 0.263184 0.775452 0.436584 0.820007 0.38031 0.618713 0.263184 0.798584 0.408081 0.820007 0.38031 0.657776 0.244507 0.618713 0.263184 0.69751 0.222473 0.657776 0.244507 0.820007 0.38031 0.69751 0.222473 0.653564 0.117615 0.657776 0.244507 0.989075 0.382446 0.987488 0.005187988 0.846558 0.347656 0.989075 0.382446 0.846558 0.347656 0.987488 0.005187988 0.798584 0.408081 0.846558 0.347656 0.989075 0.382446 0.798584 0.408081 0.69751 0.222473 0.846558 0.347656 0.657776 0.244507 0.69751 0.222473 0.798584 0.408081 0.657776 0.244507 0.611084 0.126953 0.69751 0.222473 0.585205 0.280396 0.611084 0.126953 0.657776 0.244507 0.585205 0.280396 0.530334 0.144165 0.611084 0.126953 0.618713 0.263184 0.530334 0.144165 0.585205 0.280396 0.618713 0.263184 0.571289 0.136475 0.530334 0.144165 0.657776 0.244507 0.571289 0.136475 0.618713 0.263184 0.657776 0.244507 0.611084 0.126953 0.571289 0.136475 0.653564 0.117615 0.611084 0.126953 0.657776 0.244507 0.579468 0.585632 0.551392 0.585632 0.531982 0.549438 0.579468 0.585632 0.579468 0.690918 0.551392 0.585632 0.610229 0.574585 0.579468 0.690918 0.579468 0.585632 0.610229 0.574585 0.610229 0.690918 0.579468 0.690918 0.653015 0.552856 0.610229 0.690918 0.610229 0.574585 0.653015 0.552856 0.644958 0.690918 0.610229 0.690918 0.610229 0.574585 0.644958 0.690918 0.653015 0.552856 0.610229 0.574585 0.610229 0.690918 0.644958 0.690918 0.579468 0.585632 0.610229 0.690918 0.610229 0.574585 0.579468 0.585632 0.579468 0.690918 0.610229 0.690918 0.542603 0.690918 0.579468 0.690918 0.579468 0.585632 0.542603 0.690918 0.542603 0.791748 0.579468 0.690918 0.524109 0.690918 0.542603 0.791748 0.542603 0.690918 0.511292 0.536621 0.511841 0.528931 0.560608 0.531311 0.511292 0.536621 0.506714 0.527222 0.511841 0.528931 0.509033 0.554871 0.506714 0.527222 0.511292 0.536621 0.509033 0.554871 0.509949 0.553406 0.506714 0.527222 0.551392 0.585632 0.509949 0.553406 0.509033 0.554871 0.551392 0.585632 0.519775 0.584412 0.509949 0.553406 0.542603 0.690918 0.519775 0.584412 0.551392 0.585632 0.542603 0.690918 0.524109 0.690918 0.519775 0.584412 0.525513 0.791748 0.524109 0.690918 0.542603 0.690918 0.525513 0.791748 0.542603 0.791748 0.524109 0.690918 0.53894 0.860962 0.542603 0.791748 0.525513 0.791748 0.53894 0.860962 0.550232 0.860901 0.542603 0.791748 0.8172 0.532715 0.819397 0.534241 0.826538 0.542603 0.8172 0.532715 0.81427 0.535278 0.819397 0.534241 0.813843 0.533325 0.81427 0.535278 0.8172 0.532715 0.813843 0.533325 0.811707 0.537048 0.81427 0.535278 0.810608 0.53363 0.811707 0.537048 0.813843 0.533325 0.810608 0.53363 0.813843 0.533325 0.811707 0.537048 0.809509 0.530151 0.813843 0.533325 0.810608 0.53363 0.809509 0.530151 0.813416 0.531433 0.813843 0.533325 0.812805 0.527832 0.813416 0.531433 0.809509 0.530151 0.812805 0.527832 0.8172 0.532715 0.813416 0.531433 0.816711 0.529297 0.8172 0.532715 0.812805 0.527832 0.816711 0.529297 0.825867 0.534241 0.8172 0.532715 0.65033 0.540771 0.653015 0.552856 0.610229 0.574585 0.65033 0.540771 0.610229 0.54071 0.653015 0.552856 0.600098 0.531616 0.610229 0.54071 0.65033 0.540771 0.600098 0.531616 0.579468 0.540588 0.610229 0.54071 0.560608 0.531311 0.579468 0.540588 0.600098 0.531616 0.560608 0.531311 0.534851 0.540466 0.579468 0.540588 0.511292 0.536621 0.534851 0.540466 0.560608 0.531311 0.511292 0.536621 0.529114 0.558411 0.534851 0.540466 0.509033 0.554871 0.529114 0.558411 0.511292 0.536621 0.509033 0.554871 0.509949 0.553406 0.529114 0.558411 0.506714 0.527222 0.509949 0.553406 0.509033 0.554871 0.831848 0.54364 0.827026 0.545532 0.829102 0.553345 0.831848 0.54364 0.826538 0.542603 0.827026 0.545532 0.825867 0.534241 0.826538 0.542603 0.831848 0.54364 0.825867 0.534241 0.8172 0.532715 0.826538 0.542603 0.816711 0.529297 0.8172 0.532715 0.825867 0.534241 0.816711 0.529297 0.812805 0.527832 0.8172 0.532715 0.817566 0.522644 0.812805 0.527832 0.816711 0.529297 0.817566 0.522644 0.809937 0.526489 0.812805 0.527832 0.814758 0.521423 0.809937 0.526489 0.817566 0.522644 0.814758 0.521423 0.817566 0.522644 0.809937 0.526489 0.827881 0.519897 0.817566 0.522644 0.814758 0.521423 0.817566 0.522644 0.827881 0.519897 0.814758 0.521423 0.817566 0.522644 0.831299 0.522156 0.827881 0.519897 0.823364 0.52417 0.831299 0.522156 0.817566 0.522644 0.823364 0.52417 0.832336 0.52478 0.831299 0.522156 0.827148 0.531189 0.832336 0.52478 0.823364 0.52417 0.827148 0.531189 0.833191 0.531128 0.832336 0.52478 0.825867 0.534241 0.833191 0.531128 0.827148 0.531189 0.825867 0.534241 0.83313 0.534607 0.833191 0.531128 0.831848 0.54364 0.83313 0.534607 0.825867 0.534241 0.831848 0.54364 0.843811 0.540527 0.83313 0.534607 0.487732 0.11676 0.374329 0.265625 0.489319 0.265625 0.487732 0.11676 0.250977 0.120911 0.374329 0.265625 0.129272 0.09216308 0.250977 0.120911 0.487732 0.11676 0.129272 0.09216308 0.1303099 0.117859 0.250977 0.120911 0.01214599 0.115234 0.1303099 0.117859 0.129272 0.09216308 0.01214599 0.115234 0.127991 0.265625 0.1303099 0.117859 0.01037597 0.265625 0.127991 0.265625 0.01214599 0.115234 0.01037597 0.265625 0.01049798 0.47229 0.127991 0.265625 0.127991 0.265625 0.01049798 0.47229 0.01037597 0.265625 0.637756 0.661865 0.650208 0.790833 0.586182 0.791077 0.637756 0.661865 0.586182 0.791077 0.650208 0.790833 0.583008 0.6875 0.586182 0.791077 0.637756 0.661865 0.583008 0.6875 0.522217 0.791382 0.586182 0.791077 0.526245 0.736206 0.522217 0.791382 0.583008 0.6875 0.526245 0.736206 0.583008 0.6875 0.522217 0.791382 0.556152 0.51123 0.583008 0.6875 0.526245 0.736206 0.556152 0.51123 0.637756 0.661865 0.583008 0.6875 0.583008 0.6875 0.637756 0.661865 0.556152 0.51123 0.489319 0.645325 0.374329 0.837708 0.489319 0.875732 0.489319 0.645325 0.374329 0.645325 0.374329 0.837708 0.374329 0.47229 0.374329 0.645325 0.489319 0.645325 0.374329 0.47229 0.127991 0.645325 0.374329 0.645325 0.127991 0.47229 0.127991 0.645325 0.374329 0.47229 0.127991 0.47229 0.01043695 0.645325 0.127991 0.645325 0.01049798 0.47229 0.01043695 0.645325 0.127991 0.47229 0.01049798 0.47229 0.127991 0.47229 0.01043695 0.645325 0.127991 0.265625 0.127991 0.47229 0.01049798 0.47229 0.579468 0.585632 0.579468 0.540588 0.531982 0.549438 0.579468 0.585632 0.610229 0.574585 0.579468 0.540588 0.579468 0.690918 0.610229 0.574585 0.579468 0.585632 0.579468 0.690918 0.610229 0.690918 0.610229 0.574585 0.610229 0.791748 0.610229 0.690918 0.579468 0.690918 0.610229 0.791748 0.642456 0.791748 0.610229 0.690918 0.611328 0.86145 0.642456 0.791748 0.610229 0.791748 0.611328 0.86145 0.612366 0.900757 0.642456 0.791748 0.01074218 0.837708 0.127991 0.877197 0.127991 0.837891 0.01074218 0.837708 0.01025384 0.878906 0.127991 0.877197 0.127991 0.877197 0.01025384 0.878906 0.01074218 0.837708 0.127991 0.877197 0.127991 0.931946 0.01025384 0.878906 0.374329 0.87793 0.127991 0.931946 0.127991 0.877197 0.374329 0.87793 0.374329 0.932739 0.127991 0.931946 0.489319 0.875732 0.374329 0.932739 0.374329 0.87793 0.489319 0.875732 0.489319 0.932373 0.374329 0.932739 0.571289 0.136475 0.611084 0.126953 0.598022 0.007568359 0.571289 0.136475 0.618713 0.263184 0.611084 0.126953 0.530334 0.144165 0.618713 0.263184 0.571289 0.136475 0.530334 0.144165 0.585205 0.280396 0.618713 0.263184 0.611084 0.126953 0.585205 0.280396 0.530334 0.144165 0.611084 0.126953 0.657776 0.244507 0.585205 0.280396 0.69751 0.222473 0.657776 0.244507 0.611084 0.126953 0.69751 0.222473 0.846558 0.347656 0.657776 0.244507 0.579468 0.860779 0.542603 0.791748 0.550232 0.860901 0.579468 0.860779 0.579468 0.791748 0.542603 0.791748 0.611328 0.86145 0.579468 0.791748 0.579468 0.860779 0.611328 0.86145 0.610229 0.791748 0.579468 0.791748 0.642456 0.791748 0.610229 0.791748 0.611328 0.86145 0.642456 0.791748 0.610229 0.690918 0.610229 0.791748 0.644958 0.690918 0.610229 0.690918 0.642456 0.791748 0.610229 0.690918 0.642456 0.791748 0.610229 0.791748 0.610229 0.690918 0.644958 0.690918 0.642456 0.791748 0.610229 0.574585 0.644958 0.690918 0.610229 0.690918 0.610229 0.574585 0.653015 0.552856 0.644958 0.690918 0.610229 0.54071 0.653015 0.552856 0.610229 0.574585 0.610229 0.54071 0.65033 0.540771 0.653015 0.552856 0.600098 0.531616 0.65033 0.540771 0.610229 0.54071 0.798584 0.408081 0.657776 0.244507 0.846558 0.347656 0.798584 0.408081 0.585205 0.280396 0.657776 0.244507 0.775452 0.436584 0.585205 0.280396 0.798584 0.408081 0.775452 0.436584 0.618713 0.263184 0.585205 0.280396 0.798584 0.408081 0.618713 0.263184 0.775452 0.436584 0.798584 0.408081 0.820007 0.38031 0.618713 0.263184 0.990234 0.457336 0.820007 0.38031 0.798584 0.408081 0.579468 0.585632 0.610229 0.574585 0.610229 0.690918 0.579468 0.585632 0.579468 0.540588 0.610229 0.574585 0.529114 0.558411 0.579468 0.540588 0.579468 0.585632 0.529114 0.558411 0.534851 0.540466 0.579468 0.540588 0.511292 0.536621 0.534851 0.540466 0.529114 0.558411 0.511292 0.536621 0.560608 0.531311 0.534851 0.540466 0.511841 0.528931 0.560608 0.531311 0.511292 0.536621 0.653564 0.117615 0.598022 0.007568359 0.643921 0.004455566 0.653564 0.117615 0.611084 0.126953 0.598022 0.007568359 0.69751 0.222473 0.611084 0.126953 0.653564 0.117615 0.69751 0.222473 0.657776 0.244507 0.611084 0.126953 0.846558 0.347656 0.657776 0.244507 0.69751 0.222473 0.846558 0.347656 0.820007 0.38031 0.657776 0.244507 0.989075 0.422424 0.820007 0.38031 0.846558 0.347656 0.812805 0.527832 0.817566 0.522644 0.816711 0.529297 0.812805 0.527832 0.809937 0.526489 0.817566 0.522644 0.809509 0.530151 0.809937 0.526489 0.812805 0.527832 0.809509 0.530151 0.812805 0.527832 0.809937 0.526489 0.813416 0.531433 0.812805 0.527832 0.809509 0.530151 0.813416 0.531433 0.8172 0.532715 0.812805 0.527832 0.813843 0.533325 0.8172 0.532715 0.813416 0.531433 0.188782 1.00378 0.374329 0.932739 0.489319 0.932373 0.188782 1.00378 0.127991 0.931946 0.374329 0.932739 0.01031488 0.932251 0.127991 0.931946 0.188782 1.00378 0.01031488 0.932251 0.01025384 0.878906 0.127991 0.931946 0.127991 0.931946 0.01025384 0.878906 0.01031488 0.932251 0.127991 0.931946 0.127991 0.877197 0.01025384 0.878906 0.511292 0.536621 0.506714 0.527222 0.511841 0.528931 0.511292 0.536621 0.509033 0.554871 0.506714 0.527222 0.529114 0.558411 0.509033 0.554871 0.511292 0.536621 0.529114 0.558411 0.509949 0.553406 0.509033 0.554871 0.551392 0.585632 0.509949 0.553406 0.529114 0.558411 0.551392 0.585632 0.519775 0.584412 0.509949 0.553406 0.598022 0.007568359 0.643921 0.004455566 0.653564 0.117615 0.598022 0.007568359 0.611084 0.126953 0.643921 0.004455566 0.514465 0.009338378 0.611084 0.126953 0.598022 0.007568359 0.514465 0.009338378 0.530334 0.144165 0.611084 0.126953 0.556152 0.008850097 0.530334 0.144165 0.514465 0.009338378 0.556152 0.008850097 0.571289 0.136475 0.530334 0.144165 0.822937 0.561279 0.822327 0.555481 0.829102 0.553345 0.822937 0.561279 0.819641 0.553955 0.822327 0.555481 0.822266 0.561646 0.819641 0.553955 0.822937 0.561279 0.822266 0.561646 0.817749 0.554321 0.819641 0.553955 0.819641 0.553955 0.817749 0.554321 0.822266 0.561646 0.642456 0.791748 0.610229 0.690918 0.644958 0.690918 0.642456 0.791748 0.610229 0.791748 0.610229 0.690918 0.611328 0.86145 0.610229 0.791748 0.642456 0.791748 0.611328 0.86145 0.579468 0.791748 0.610229 0.791748 0.579468 0.860779 0.579468 0.791748 0.611328 0.86145 0.618713 0.263184 0.657776 0.244507 0.820007 0.38031 0.618713 0.263184 0.611084 0.126953 0.657776 0.244507 0.571289 0.136475 0.611084 0.126953 0.618713 0.263184 0.571289 0.136475 0.598022 0.007568359 0.611084 0.126953 0.556152 0.008850097 0.598022 0.007568359 0.571289 0.136475 0.529114 0.558411 0.579468 0.540588 0.534851 0.540466 0.529114 0.558411 0.579468 0.585632 0.579468 0.540588 0.551392 0.585632 0.579468 0.585632 0.529114 0.558411 0.551392 0.585632 0.542603 0.690918 0.579468 0.585632 0.524109 0.690918 0.542603 0.690918 0.551392 0.585632 0.374329 0.837708 0.489319 0.875732 0.374329 0.87793 0.374329 0.837708 0.489319 0.645325 0.489319 0.875732 0.374329 0.645325 0.489319 0.645325 0.374329 0.837708 0.374329 0.645325 0.374329 0.47229 0.489319 0.645325 0.127991 0.645325 0.374329 0.47229 0.374329 0.645325 0.509949 0.553406 0.551392 0.585632 0.529114 0.558411 0.509949 0.553406 0.519775 0.584412 0.551392 0.585632 0.507813 0.559387 0.519775 0.584412 0.509949 0.553406 0.507813 0.559387 0.509949 0.553406 0.519775 0.584412 0.505798 0.527893 0.509949 0.553406 0.507813 0.559387 0.579468 0.690918 0.542603 0.690918 0.551392 0.585632 0.579468 0.690918 0.542603 0.791748 0.542603 0.690918 0.579468 0.791748 0.542603 0.791748 0.579468 0.690918 0.579468 0.791748 0.550232 0.860901 0.542603 0.791748 0.579468 0.860779 0.550232 0.860901 0.579468 0.791748 0.832336 0.52478 0.84082 0.52301 0.831299 0.522156 0.832336 0.52478 0.843628 0.534851 0.84082 0.52301 0.833191 0.531128 0.843628 0.534851 0.832336 0.52478 0.833191 0.531128 0.843811 0.540527 0.843628 0.534851 0.83313 0.534607 0.843811 0.540527 0.833191 0.531128 0.506714 0.527222 0.511292 0.536621 0.511841 0.528931 0.506714 0.527222 0.509033 0.554871 0.511292 0.536621 0.509949 0.553406 0.509033 0.554871 0.506714 0.527222 0.509949 0.553406 0.551392 0.585632 0.509033 0.554871 0.519775 0.584412 0.551392 0.585632 0.509949 0.553406 0.579468 0.540588 0.579468 0.585632 0.531982 0.549438 0.579468 0.540588 0.610229 0.574585 0.579468 0.585632 0.610229 0.54071 0.610229 0.574585 0.579468 0.540588 0.610229 0.54071 0.65033 0.540771 0.610229 0.574585 0.600098 0.531616 0.65033 0.540771 0.610229 0.54071 0.571289 0.136475 0.514465 0.009338378 0.556152 0.008850097 0.571289 0.136475 0.530334 0.144165 0.514465 0.009338378 0.618713 0.263184 0.530334 0.144165 0.571289 0.136475 0.618713 0.263184 0.585205 0.280396 0.530334 0.144165 0.579468 0.860779 0.579468 0.791748 0.611328 0.86145 0.579468 0.860779 0.542603 0.791748 0.579468 0.791748 0.550232 0.860901 0.542603 0.791748 0.579468 0.860779 0.550232 0.860901 0.53894 0.860962 0.542603 0.791748 0.374329 0.837708 0.127991 0.645325 0.374329 0.645325 0.374329 0.837708 0.127991 0.837891 0.127991 0.645325 0.127991 0.877197 0.127991 0.837891 0.374329 0.837708 0.127991 0.877197 0.01074218 0.837708 0.127991 0.837891 0.833618 0.554016 0.829102 0.553345 0.822937 0.561279 0.833618 0.554016 0.831848 0.54364 0.829102 0.553345 0.843933 0.544678 0.831848 0.54364 0.833618 0.554016 0.843933 0.544678 0.843811 0.540527 0.831848 0.54364 0.833191 0.531128 0.843628 0.534851 0.843811 0.540527 0.833191 0.531128 0.832336 0.52478 0.843628 0.534851 0.827148 0.531189 0.832336 0.52478 0.833191 0.531128 0.827148 0.531189 0.823364 0.52417 0.832336 0.52478 0.489319 0.265625 0.374329 0.265625 0.487732 0.11676 0.489319 0.265625 0.374329 0.47229 0.374329 0.265625 0.489319 0.47229 0.374329 0.47229 0.489319 0.265625 0.489319 0.47229 0.489319 0.645325 0.374329 0.47229 0.790833 0.586914 0.873413 0.586304 0.836487 0.559204 0.790833 0.586914 0.956421 0.620911 0.873413 0.586304 0.7052 0.621094 0.956421 0.620911 0.790833 0.586914 0.7052 0.621094 0.6745 0.756226 0.956421 0.620911 0.542603 0.791748 0.579468 0.690918 0.542603 0.690918 0.542603 0.791748 0.579468 0.791748 0.579468 0.690918 0.550232 0.860901 0.579468 0.791748 0.542603 0.791748 0.550232 0.860901 0.579468 0.860779 0.579468 0.791748 0.69751 0.222473 0.987488 0.005187988 0.846558 0.347656 0.69751 0.222473 0.653564 0.117615 0.987488 0.005187988 0.611084 0.126953 0.653564 0.117615 0.69751 0.222473 0.611084 0.126953 0.643921 0.004455566 0.653564 0.117615 0.530334 0.144165 0.598022 0.007568359 0.514465 0.009338378 0.530334 0.144165 0.611084 0.126953 0.598022 0.007568359 0.585205 0.280396 0.611084 0.126953 0.530334 0.144165 0.585205 0.280396 0.657776 0.244507 0.611084 0.126953 0.542603 0.791748 0.53894 0.860962 0.550232 0.860901 0.542603 0.791748 0.525513 0.791748 0.53894 0.860962 0.542603 0.690918 0.525513 0.791748 0.542603 0.791748 0.542603 0.690918 0.524109 0.690918 0.525513 0.791748 0.829102 0.553345 0.833618 0.554016 0.822937 0.561279 0.829102 0.553345 0.831848 0.54364 0.833618 0.554016 0.827026 0.545532 0.831848 0.54364 0.829102 0.553345 0.827026 0.545532 0.826538 0.542603 0.831848 0.54364 0.374329 0.265625 0.374329 0.47229 0.489319 0.265625 0.374329 0.265625 0.127991 0.265625 0.374329 0.47229 0.250977 0.120911 0.127991 0.265625 0.374329 0.265625 0.250977 0.120911 0.1303099 0.117859 0.127991 0.265625 0.01214599 0.115234 0.127991 0.265625 0.01037597 0.265625 0.01214599 0.115234 0.1303099 0.117859 0.127991 0.265625 0.129272 0.09216308 0.1303099 0.117859 0.01214599 0.115234 0.129272 0.09216308 0.250977 0.120911 0.1303099 0.117859 0.585205 0.280396 0.775452 0.436584 0.657776 0.244507 0.585205 0.280396 0.618713 0.263184 0.775452 0.436584 0.530334 0.144165 0.618713 0.263184 0.585205 0.280396 0.530334 0.144165 0.571289 0.136475 0.618713 0.263184 0.610229 0.574585 0.579468 0.540588 0.579468 0.585632 0.610229 0.574585 0.610229 0.54071 0.579468 0.540588 0.653015 0.552856 0.610229 0.54071 0.610229 0.574585 0.611084 0.126953 0.653564 0.117615 0.598022 0.007568359 0.611084 0.126953 0.69751 0.222473 0.653564 0.117615 0.657776 0.244507 0.69751 0.222473 0.611084 0.126953 0.579468 0.791748 0.579468 0.690918 0.542603 0.791748 0.579468 0.791748 0.610229 0.690918 0.579468 0.690918 0.610229 0.791748 0.610229 0.690918 0.579468 0.791748 0.8172 0.532715 0.813843 0.533325 0.813416 0.531433 0.8172 0.532715 0.81427 0.535278 0.813843 0.533325 0.819397 0.534241 0.81427 0.535278 0.8172 0.532715 0.873413 0.586304 0.790833 0.586914 0.836487 0.559204 0.873413 0.586304 0.956421 0.620911 0.790833 0.586914 0.923523 0.556946 0.956421 0.620911 0.873413 0.586304 0.560608 0.531311 0.610229 0.54071 0.600098 0.531616 0.560608 0.531311 0.579468 0.540588 0.610229 0.54071 0.531982 0.549438 0.579468 0.540588 0.560608 0.531311 0.989075 0.422424 0.775452 0.436584 0.990845 0.491943 0.989075 0.422424 0.798584 0.408081 0.775452 0.436584 0.989075 0.382446 0.798584 0.408081 0.989075 0.422424 0.610229 0.54071 0.65033 0.540771 0.600098 0.531616 0.610229 0.54071 0.610229 0.574585 0.65033 0.540771 0.579468 0.540588 0.610229 0.574585 0.610229 0.54071 0.507813 0.559387 0.509949 0.553406 0.505798 0.527893 0.507813 0.559387 0.519775 0.584412 0.509949 0.553406 0.509949 0.553406 0.519775 0.584412 0.507813 0.559387 0.579468 0.791748 0.610229 0.791748 0.579468 0.690918 0.579468 0.791748 0.611328 0.86145 0.610229 0.791748 0.579468 0.860779 0.611328 0.86145 0.579468 0.791748 0.822937 0.561279 0.819641 0.553955 0.822266 0.561646 0.822937 0.561279 0.822327 0.555481 0.819641 0.553955 0.829102 0.553345 0.822327 0.555481 0.822937 0.561279 0.612366 0.900757 0.579468 0.860779 0.611328 0.86145 0.612366 0.900757 0.550232 0.860901 0.579468 0.860779 0.53894 0.860962 0.550232 0.860901 0.612366 0.900757 0.991211 0.756226 0.692749 0.875061 0.972656 0.872192 0.991211 0.756226 0.6745 0.756226 0.692749 0.875061 0.956421 0.620911 0.6745 0.756226 0.991211 0.756226 0.542603 0.791748 0.579468 0.690918 0.579468 0.791748 0.542603 0.791748 0.542603 0.690918 0.579468 0.690918 0.524109 0.690918 0.542603 0.690918 0.542603 0.791748 0.489319 0.875732 0.374329 0.932739 0.489319 0.932373 0.489319 0.875732 0.374329 0.87793 0.374329 0.932739 0.374329 0.837708 0.374329 0.87793 0.489319 0.875732 0.775452 0.436584 0.657776 0.244507 0.798584 0.408081 0.775452 0.436584 0.585205 0.280396 0.657776 0.244507 0.618713 0.263184 0.585205 0.280396 0.775452 0.436584 0.618713 0.263184 0.798584 0.408081 0.775452 0.436584 0.618713 0.263184 0.820007 0.38031 0.798584 0.408081 0.657776 0.244507 0.820007 0.38031 0.618713 0.263184 0.653015 0.552856 0.610229 0.574585 0.610229 0.690918 0.653015 0.552856 0.65033 0.540771 0.610229 0.574585 0.820007 0.38031 0.990845 0.491943 0.990234 0.457825 0.820007 0.38031 0.798584 0.408081 0.990845 0.491943 0.509583 0.538269 0.509949 0.553406 0.505798 0.527893 0.509583 0.538269 0.506714 0.527222 0.509949 0.553406 0.790833 0.586914 0.7052 0.621094 0.735229 0.554016 0.790833 0.586914 0.956421 0.620911 0.7052 0.621094 0.610229 0.54071 0.560608 0.531311 0.600098 0.531616 0.610229 0.54071 0.579468 0.540588 0.560608 0.531311 0.831848 0.54364 0.825867 0.534241 0.83313 0.534607 0.831848 0.54364 0.826538 0.542603 0.825867 0.534241 0.840149 0.521362 0.831299 0.522156 0.833984 0.52063 0.840149 0.521362 0.84082 0.52301 0.831299 0.522156 0.531982 0.549438 0.560608 0.531311 0.579468 0.540588 0.531982 0.549438 0.511292 0.536621 0.560608 0.531311 0.831299 0.522156 0.832336 0.52478 0.823364 0.52417 0.831299 0.522156 0.84082 0.52301 0.832336 0.52478 0.511292 0.536621 0.551392 0.585632 0.509033 0.554871 0.511292 0.536621 0.531982 0.549438 0.551392 0.585632 0.579468 0.860779 0.612366 0.900757 0.611328 0.86145 0.579468 0.860779 0.550232 0.860901 0.612366 0.900757 0.509583 0.538269 0.509949 0.553406 0.505798 0.527893 0.509583 0.538269 0.506714 0.527222 0.509949 0.553406 0.509949 0.553406 0.509583 0.538269 0.505798 0.527893 0.509949 0.553406 0.506714 0.527222 0.509583 0.538269 0.692749 0.875061 0.991211 0.756226 0.972656 0.872192 0.692749 0.875061 0.6745 0.756226 0.991211 0.756226 0.826538 0.542603 0.8172 0.532715 0.825867 0.534241 0.826538 0.542603 0.819397 0.534241 0.8172 0.532715 0.6745 0.756226 0.956421 0.620911 0.991211 0.756226 0.6745 0.756226 0.7052 0.621094 0.956421 0.620911 0.53894 0.860962 0.542603 0.791748 0.550232 0.860901 0.53894 0.860962 0.525513 0.791748 0.542603 0.791748 0.809509 0.530151 0.813843 0.533325 0.813416 0.531433 0.809509 0.530151 0.810608 0.53363 0.813843 0.533325 0.612366 0.900757 0.642456 0.791748 0.611328 0.86145 0.612366 0.900757 0.611328 0.86145 0.642456 0.791748 0.560608 0.531311 0.511292 0.536621 0.531982 0.549438 0.560608 0.531311 0.511841 0.528931 0.511292 0.536621 0.610229 0.791748 0.579468 0.690918 0.610229 0.690918 0.610229 0.791748 0.579468 0.791748 0.579468 0.690918 0.511841 0.528931 0.511292 0.536621 0.560608 0.531311 0.511841 0.528931 0.506714 0.527222 0.511292 0.536621 0.531982 0.549438 0.551392 0.585632 0.579468 0.585632 0.531982 0.549438 0.511292 0.536621 0.551392 0.585632 0.827148 0.531189 0.816711 0.529297 0.825867 0.534241 0.827148 0.531189 0.823364 0.52417 0.816711 0.529297 0.644958 0.690918 0.610229 0.690918 0.642456 0.791748 0.644958 0.690918 0.653015 0.552856 0.610229 0.690918 0.560608 0.531311 0.579468 0.540588 0.534851 0.540466 0.560608 0.531311 0.600098 0.531616 0.579468 0.540588 0.525513 0.791748 0.542603 0.791748 0.53894 0.860962 0.525513 0.791748 0.524109 0.690918 0.542603 0.791748 0.610229 0.54071 0.579468 0.540588 0.600098 0.531616 0.610229 0.54071 0.610229 0.574585 0.579468 0.540588 0.586182 0.791077 0.583008 0.6875 0.637756 0.661865 0.586182 0.791077 0.522217 0.791382 0.583008 0.6875 0.489319 0.47229 0.374329 0.47229 0.489319 0.645325 0.489319 0.47229 0.489319 0.265625 0.374329 0.47229 0.509949 0.553406 0.509583 0.538269 0.505798 0.527893 0.509949 0.553406 0.506714 0.527222 0.509583 0.538269 0.127991 0.265625 0.127991 0.47229 0.374329 0.47229 0.127991 0.265625 0.01049798 0.47229 0.127991 0.47229 0.009216308 0.08746337 0.01214599 0.115234 0.129272 0.09216308 0.009216308 0.08746337 0.129272 0.09216308 0.01214599 0.115234 0.989075 0.382446 0.989075 0.422424 0.846558 0.347656 0.989075 0.382446 0.846558 0.347656 0.989075 0.422424 0.846558 0.347656 0.989075 0.382446 0.987488 0.005187988 0.846558 0.347656 0.798584 0.408081 0.989075 0.382446 0.657776 0.244507 0.618713 0.263184 0.820007 0.38031 0.657776 0.244507 0.611084 0.126953 0.618713 0.263184 0.585205 0.280396 0.611084 0.126953 0.530334 0.144165 0.585205 0.280396 0.657776 0.244507 0.611084 0.126953 0.823364 0.52417 0.817566 0.522644 0.816711 0.529297 0.923523 0.556946 0.873413 0.586304 0.956421 0.620911 0.374329 0.645325 0.127991 0.645325 0.374329 0.837708 0.990845 0.491943 0.990845 0.491943 0.798584 0.408081 0.53894 0.860962 0.612366 0.900757 0.550232 0.860901 0.68103 0.537292 0.68103 0.537292 0.68103 0.537292 0.529114 0.558411 0.579468 0.585632 0.551392 0.585632 0.509033 0.554871 0.551392 0.585632 0.511292 0.536621 0.127991 0.877197 0.374329 0.837708 0.374329 0.87793 0.505798 0.527893 0.509949 0.553406 0.507813 0.559387 0.509949 0.553406 0.506714 0.527222 0.509033 0.554871 0.524109 0.690918 0.551392 0.585632 0.519775 0.584412 0.127991 0.837891 0.01074218 0.837708 0.127991 0.645325 0.775452 0.436584 0.990234 0.457336 0.798584 0.408081 0.505798 0.527893 0.507813 0.559387 0.509949 0.553406 0.526245 0.736206 0.583008 0.6875 0.556152 0.51123 0.843628 0.534851 0.832336 0.52478 0.84082 0.52301 0.506714 0.527222 0.509033 0.554871 0.511292 0.536621 0.68103 0.537292 0.68103 0.537292 0.68103 0.537292 0.525513 0.791748 0.542603 0.690918 0.542603 0.791748 0.188782 1.00378 0.127991 0.931946 0.01031488 0.932251 0.987488 0.005187988 0.653564 0.117615 0.643921 0.004455566 0.127991 0.265625 0.1303099 0.117859 0.250977 0.120911 0.798584 0.408081 0.990845 0.491943 0.989075 0.422424 0.7052 0.621094 0.790833 0.586914 0.735229 0.554016 0.657776 0.244507 0.618713 0.263184 0.571289 0.136475 0.81427 0.535278 0.811707 0.537048 0.813843 0.533325 0.511292 0.536621 0.560608 0.531311 0.511841 0.528931 0.511292 0.536621 0.534851 0.540466 0.560608 0.531311 0.529114 0.558411 0.534851 0.540466 0.511292 0.536621 0.529114 0.558411 0.579468 0.540588 0.534851 0.540466 0.579468 0.585632 0.579468 0.540588 0.529114 0.558411 0.579468 0.585632 0.610229 0.574585 0.579468 0.540588 0.610229 0.690918 0.610229 0.574585 0.579468 0.585632 0.610229 0.690918 0.644958 0.690918 0.610229 0.574585 0.642456 0.791748 0.644958 0.690918 0.610229 0.690918 0.642456 0.791748 0.610229 0.690918 0.644958 0.690918 0.610229 0.791748 0.610229 0.690918 0.642456 0.791748 0.610229 0.791748 0.579468 0.690918 0.610229 0.690918 0.579468 0.791748 0.579468 0.690918 0.610229 0.791748 0.579468 0.791748 0.542603 0.791748 0.579468 0.690918 0.550232 0.860901 0.542603 0.791748 0.579468 0.791748 0.550232 0.860901 0.53894 0.860962 0.542603 0.791748 0.558777 0.900208 0.53894 0.860962 0.550232 0.860901 0.558777 0.900208 0.550232 0.860901 0.53894 0.860962 0.587097 0.916626 0.550232 0.860901 0.558777 0.900208 0.587097 0.916626 0.579468 0.860779 0.550232 0.860901 0.611328 0.86145 0.579468 0.860779 0.587097 0.916626 0.611328 0.86145 0.579468 0.791748 0.579468 0.860779 0.610229 0.791748 0.579468 0.791748 0.611328 0.86145 0.610229 0.791748 0.610229 0.690918 0.579468 0.791748 0.642456 0.791748 0.610229 0.690918 0.610229 0.791748 0.610229 0.54071 0.598999 0.531616 0.579468 0.540588 0.610229 0.54071 0.65033 0.540771 0.598999 0.531616 0.610229 0.574585 0.65033 0.540771 0.610229 0.54071 0.610229 0.574585 0.653015 0.552856 0.65033 0.540771 0.610229 0.690918 0.653015 0.552856 0.610229 0.574585 0.610229 0.690918 0.644958 0.690918 0.653015 0.552856 0.642456 0.791748 0.644958 0.690918 0.610229 0.690918 0.642456 0.791748 0.610229 0.690918 0.644958 0.690918 0.610229 0.791748 0.610229 0.690918 0.642456 0.791748 0.610229 0.791748 0.579468 0.791748 0.610229 0.690918 0.611328 0.86145 0.579468 0.791748 0.610229 0.791748 0.611328 0.86145 0.579468 0.860779 0.579468 0.791748 0.587097 0.916626 0.579468 0.860779 0.611328 0.86145 0.587097 0.916626 0.550232 0.860901 0.579468 0.860779 0.558777 0.900208 0.550232 0.860901 0.587097 0.916626 0.558777 0.900208 0.53894 0.860962 0.550232 0.860901 0.550232 0.860901 0.53894 0.860962 0.558777 0.900208 0.550232 0.860901 0.542603 0.791748 0.53894 0.860962 0.579468 0.791748 0.542603 0.791748 0.550232 0.860901 0.579468 0.791748 0.579468 0.690918 0.542603 0.791748 0.610229 0.791748 0.579468 0.690918 0.579468 0.791748 0.610229 0.791748 0.610229 0.690918 0.579468 0.690918 0.642456 0.791748 0.610229 0.690918 0.610229 0.791748 0.506714 0.527222 0.511292 0.536621 0.511841 0.528931 0.506714 0.527222 0.509033 0.554871 0.511292 0.536621 0.509949 0.553406 0.509033 0.554871 0.506714 0.527222 0.509949 0.553406 0.529114 0.558411 0.509033 0.554871 0.551392 0.585632 0.529114 0.558411 0.509949 0.553406 0.551392 0.585632 0.579468 0.585632 0.529114 0.558411 0.542603 0.690918 0.579468 0.585632 0.551392 0.585632 0.542603 0.690918 0.579468 0.690918 0.579468 0.585632 0.542603 0.791748 0.579468 0.690918 0.542603 0.690918 0.542603 0.791748 0.579468 0.791748 0.579468 0.690918 0.579468 0.860779 0.579468 0.791748 0.542603 0.791748 0.540283 0.572021 0.579468 0.690918 0.579468 0.585632 0.540283 0.572021 0.542603 0.690918 0.579468 0.690918 0.519775 0.584412 0.542603 0.690918 0.540283 0.572021 0.519775 0.584412 0.524109 0.690918 0.542603 0.690918 0.551392 0.585632 0.524109 0.690918 0.519775 0.584412 0.551392 0.585632 0.542603 0.690918 0.524109 0.690918 0.579468 0.585632 0.542603 0.690918 0.551392 0.585632 0.579468 0.585632 0.579468 0.690918 0.542603 0.690918 0.610229 0.690918 0.579468 0.690918 0.579468 0.585632 0.610229 0.690918 0.579468 0.791748 0.579468 0.690918 0.511292 0.536621 0.511841 0.528931 0.560608 0.531311 0.511292 0.536621 0.506714 0.527222 0.511841 0.528931 0.509033 0.554871 0.506714 0.527222 0.511292 0.536621 0.509033 0.554871 0.509949 0.553406 0.506714 0.527222 0.540283 0.572021 0.509949 0.553406 0.509033 0.554871 0.540283 0.572021 0.519775 0.584412 0.509949 0.553406 0.542603 0.690918 0.519775 0.584412 0.540283 0.572021 0.542603 0.690918 0.524109 0.690918 0.519775 0.584412 0.525513 0.791748 0.524109 0.690918 0.542603 0.690918 0.525513 0.791748 0.542603 0.791748 0.524109 0.690918 0.542603 0.791748 0.550232 0.860901 0.579468 0.860779 0.542603 0.791748 0.53894 0.860962 0.550232 0.860901 0.525513 0.791748 0.53894 0.860962 0.542603 0.791748 0.525513 0.791748 0.542603 0.791748 0.53894 0.860962 0.542603 0.690918 0.542603 0.791748 0.525513 0.791748 0.542603 0.690918 0.579468 0.690918 0.542603 0.791748 0.540283 0.572021 0.579468 0.690918 0.542603 0.690918 0.540283 0.572021 0.579468 0.585632 0.579468 0.690918 0.579468 0.540588 0.560608 0.531311 0.534851 0.540466 0.579468 0.540588 0.600098 0.531616 0.560608 0.531311 0.610229 0.54071 0.600098 0.531616 0.579468 0.540588 0.610229 0.54071 0.65033 0.540771 0.600098 0.531616 0.653015 0.552856 0.65033 0.540771 0.610229 0.54071 0.653015 0.552856 0.610229 0.574585 0.65033 0.540771 0.610229 0.690918 0.610229 0.574585 0.653015 0.552856 0.610229 0.690918 0.579468 0.690918 0.610229 0.574585 0.611328 0.86145 0.642456 0.791748 0.610229 0.791748 0.611328 0.86145 0.612366 0.900757 0.642456 0.791748 0.587097 0.916626 0.612366 0.900757 0.611328 0.86145 0.587097 0.916626 0.611328 0.86145 0.612366 0.900757 0.579468 0.860779 0.611328 0.86145 0.587097 0.916626 0.579468 0.860779 0.579468 0.791748 0.611328 0.86145 0.550232 0.860901 0.579468 0.791748 0.579468 0.860779 0.642456 0.791748 0.611328 0.86145 0.610229 0.791748 0.642456 0.791748 0.612366 0.900757 0.611328 0.86145 0.611328 0.86145 0.612366 0.900757 0.642456 0.791748 0.611328 0.86145 0.587097 0.916626 0.612366 0.900757 0.579468 0.860779 0.587097 0.916626 0.611328 0.86145 0.579468 0.860779 0.558777 0.900208 0.587097 0.916626 0.550232 0.860901 0.558777 0.900208 0.579468 0.860779 0.542603 0.690918 0.542603 0.791748 0.579468 0.690918 0.542603 0.690918 0.525513 0.791748 0.542603 0.791748 0.524109 0.690918 0.525513 0.791748 0.542603 0.690918 0.524109 0.690918 0.542603 0.791748 0.525513 0.791748 0.542603 0.690918 0.542603 0.791748 0.524109 0.690918 0.542603 0.690918 0.579468 0.690918 0.542603 0.791748 0.509949 0.553406 0.551392 0.585632 0.519775 0.584412 0.509949 0.553406 0.529114 0.558411 0.551392 0.585632 0.509033 0.554871 0.529114 0.558411 0.509949 0.553406 0.509033 0.554871 0.511292 0.536621 0.529114 0.558411 0.506714 0.527222 0.511292 0.536621 0.509033 0.554871 0.506714 0.527222 0.511841 0.528931 0.511292 0.536621 0.560608 0.531311 0.511292 0.536621 0.511841 0.528931 0.560608 0.531311 0.534851 0.540466 0.511292 0.536621 0.579468 0.540588 0.534851 0.540466 0.560608 0.531311 0.579468 0.540588 0.529114 0.558411 0.534851 0.540466 0.579468 0.585632 0.529114 0.558411 0.579468 0.540588 0.579468 0.585632 0.551392 0.585632 0.529114 0.558411 0.509949 0.553406 0.540283 0.572021 0.509033 0.554871 0.509949 0.553406 0.519775 0.584412 0.540283 0.572021 0.507813 0.559387 0.519775 0.584412 0.509949 0.553406 0.507813 0.559387 0.509949 0.553406 0.519775 0.584412 0.505798 0.527893 0.509949 0.553406 0.507813 0.559387 0.560608 0.531311 0.579468 0.540588 0.598999 0.531616 0.560608 0.531311 0.534851 0.540466 0.579468 0.540588 0.511292 0.536621 0.534851 0.540466 0.560608 0.531311 0.511292 0.536621 0.540283 0.572021 0.534851 0.540466 0.509033 0.554871 0.540283 0.572021 0.511292 0.536621 0.600098 0.531616 0.579468 0.540588 0.560608 0.531311 0.600098 0.531616 0.610229 0.54071 0.579468 0.540588 0.65033 0.540771 0.610229 0.54071 0.600098 0.531616 0.65033 0.540771 0.653015 0.552856 0.610229 0.54071 0.610229 0.574585 0.610229 0.54071 0.579468 0.540588 0.610229 0.574585 0.653015 0.552856 0.610229 0.54071 0.644958 0.690918 0.653015 0.552856 0.610229 0.574585 0.644958 0.690918 0.610229 0.690918 0.653015 0.552856 0.579468 0.540588 0.560608 0.531311 0.598999 0.531616 0.579468 0.540588 0.534851 0.540466 0.560608 0.531311 0.579468 0.585632 0.534851 0.540466 0.579468 0.540588 0.579468 0.585632 0.540283 0.572021 0.534851 0.540466 0.579468 0.540588 0.610229 0.574585 0.610229 0.54071 0.579468 0.540588 0.579468 0.585632 0.610229 0.574585 0.534851 0.540466 0.579468 0.585632 0.579468 0.540588 0.534851 0.540466 0.540283 0.572021 0.579468 0.585632 0.790833 0.586914 0.873413 0.586304 0.836487 0.559204 0.790833 0.586914 0.956421 0.620911 0.873413 0.586304 0.7052 0.621094 0.956421 0.620911 0.790833 0.586914 0.7052 0.621094 0.6745 0.756226 0.956421 0.620911 0.991211 0.756226 0.692261 0.871887 0.972656 0.872192 0.991211 0.756226 0.6745 0.756226 0.692261 0.871887 0.956421 0.620911 0.6745 0.756226 0.991211 0.756226 0.611328 0.86145 0.642456 0.791748 0.612366 0.900757 0.611328 0.86145 0.610229 0.791748 0.642456 0.791748 0.579468 0.791748 0.610229 0.791748 0.611328 0.86145 0.610229 0.574585 0.579468 0.540588 0.610229 0.54071 0.610229 0.574585 0.579468 0.585632 0.579468 0.540588 0.610229 0.690918 0.579468 0.585632 0.610229 0.574585 0.873413 0.586304 0.790833 0.586914 0.836487 0.559204 0.873413 0.586304 0.956421 0.620911 0.790833 0.586914 0.923523 0.556946 0.956421 0.620911 0.873413 0.586304 0.507813 0.559387 0.505798 0.527893 0.509949 0.553406 0.507813 0.559387 0.509949 0.553406 0.505798 0.527893 0.519775 0.584412 0.509949 0.553406 0.507813 0.559387 0.509949 0.553406 0.509583 0.538269 0.505798 0.527893 0.509949 0.553406 0.506714 0.527222 0.509583 0.538269 0.509583 0.538269 0.509949 0.553406 0.505798 0.527893 0.509583 0.538269 0.506714 0.527222 0.509949 0.553406 0.551392 0.585632 0.519775 0.584412 0.524109 0.690918 0.551392 0.585632 0.509949 0.553406 0.519775 0.584412 0.790833 0.586914 0.7052 0.621094 0.735229 0.554016 0.790833 0.586914 0.956421 0.620911 0.7052 0.621094 0.509583 0.538269 0.509949 0.553406 0.505798 0.527893 0.509583 0.538269 0.506714 0.527222 0.509949 0.553406 0.509949 0.553406 0.509583 0.538269 0.505798 0.527893 0.509949 0.553406 0.506714 0.527222 0.509583 0.538269 0.511841 0.528931 0.511292 0.536621 0.560608 0.531311 0.511841 0.528931 0.506714 0.527222 0.511292 0.536621 0.506714 0.527222 0.509033 0.554871 0.511292 0.536621 0.506714 0.527222 0.509949 0.553406 0.509033 0.554871 0.653015 0.552856 0.610229 0.574585 0.610229 0.54071 0.653015 0.552856 0.644958 0.690918 0.610229 0.574585 0.598999 0.531616 0.610229 0.54071 0.579468 0.540588 0.598999 0.531616 0.65033 0.540771 0.610229 0.54071 0.610229 0.574585 0.579468 0.690918 0.610229 0.690918 0.610229 0.574585 0.579468 0.585632 0.579468 0.690918 0.525513 0.791748 0.53894 0.860962 0.542603 0.791748 0.525513 0.791748 0.542603 0.791748 0.53894 0.860962 0.579468 0.791748 0.542603 0.791748 0.579468 0.690918 0.579468 0.791748 0.579468 0.860779 0.542603 0.791748 0.542603 0.791748 0.550232 0.860901 0.53894 0.860962 0.542603 0.791748 0.579468 0.860779 0.550232 0.860901 0.579468 0.791748 0.579468 0.860779 0.611328 0.86145 0.579468 0.791748 0.550232 0.860901 0.579468 0.860779 0.610229 0.791748 0.611328 0.86145 0.642456 0.791748 0.610229 0.791748 0.579468 0.791748 0.611328 0.86145 0.6745 0.756226 0.956421 0.620911 0.991211 0.756226 0.6745 0.756226 0.7052 0.621094 0.956421 0.620911 0.579468 0.585632 0.610229 0.574585 0.579468 0.690918 0.579468 0.585632 0.579468 0.540588 0.610229 0.574585 0.610229 0.54071 0.610229 0.574585 0.579468 0.540588 0.610229 0.54071 0.65033 0.540771 0.610229 0.574585 0.579468 0.690918 0.610229 0.690918 0.579468 0.585632 0.579468 0.690918 0.579468 0.791748 0.610229 0.690918 0.692261 0.871887 0.991211 0.756226 0.972656 0.872192 0.692261 0.871887 0.6745 0.756226 0.991211 0.756226 0.579468 0.860779 0.558777 0.900208 0.550232 0.860901 0.579468 0.860779 0.587097 0.916626 0.558777 0.900208 0.534851 0.540466 0.511292 0.536621 0.560608 0.531311 0.534851 0.540466 0.540283 0.572021 0.511292 0.536621 0.542603 0.690918 0.524109 0.690918 0.542603 0.791748 0.542603 0.690918 0.551392 0.585632 0.524109 0.690918 0.68634 0.537292 0.68634 0.537292 0.68634 0.537292 0.68634 0.537292 0.68634 0.537292 0.68634 0.537292 0.509949 0.553406 0.505798 0.527893 0.507813 0.559387 0.529114 0.558411 0.511292 0.536621 0.509033 0.554871 0.540283 0.572021 0.509033 0.554871 0.511292 0.536621 0.587097 0.916626 0.611328 0.86145 0.612366 0.900757 0.509949 0.553406 0.506714 0.527222 0.509033 0.554871 0.7052 0.621094 0.790833 0.586914 0.735229 0.554016 0.519775 0.584412 0.507813 0.559387 0.509949 0.553406 0.923523 0.556946 0.873413 0.586304 0.956421 0.620911 0.529114 0.558411 0.511292 0.536621 0.534851 0.540466 0.610229 0.574585 0.644958 0.690918 0.610229 0.690918</float_array>
          <technique_common>
            <accessor source="#meshId1_name-mesh-map-0-array" count="2460" stride="2">
              <param name="S" type="float"/>
              <param name="T" type="float"/>
            </accessor>
          </technique_common>
        </source>
        <source id="meshId1_name-mesh-colors-meshId1-color0" name="meshId1-color0">
          <float_array id="meshId1_name-mesh-colors-meshId1-color0-array" count="9840">0.8784314 0.8039216 0.7647059 1 0.7843137 0.7058824 0.6666667 1 0.7843137 0.7058824 0.6666667 1 0.8784314 0.8039216 0.7647059 1 0.7843137 0.7058824 0.6666667 1 0.7843137 0.7058824 0.6666667 1 0.8588235 0.7843137 0.7450981 1 0.7843137 0.7058824 0.6666667 1 0.8784314 0.8039216 0.7647059 1 0.8588235 0.7843137 0.7450981 1 0.7843137 0.7058824 0.6666667 1 0.7843137 0.7058824 0.6666667 1 0.8901961 0.8470588 0.8117647 1 0.7843137 0.7058824 0.6666667 1 0.8588235 0.7843137 0.7450981 1 0.8901961 0.8470588 0.8117647 1 0.7843137 0.7058824 0.6666667 1 0.7843137 0.7058824 0.6666667 1 0.8901961 0.854902 0.8235294 1 0.7843137 0.7058824 0.6666667 1 0.8901961 0.8470588 0.8117647 1 0.8901961 0.854902 0.8235294 1 0.7843137 0.7058824 0.6666667 1 0.7843137 0.7058824 0.6666667 1 0.8901961 0.8470588 0.8117647 1 0.7843137 0.7058824 0.6666667 1 0.8901961 0.854902 0.8235294 1 0.8901961 0.8470588 0.8117647 1 0.7843137 0.7058824 0.6666667 1 0.7843137 0.7058824 0.6666667 1 0.8862745 0.8117647 0.7764706 1 0.7843137 0.7058824 0.6666667 1 0.8901961 0.8470588 0.8117647 1 0.8862745 0.8117647 0.7764706 1 0.7843137 0.7058824 0.6666667 1 0.7843137 0.7058824 0.6666667 1 0.8705883 0.7960785 0.7568628 1 0.7843137 0.7058824 0.6666667 1 0.8862745 0.8117647 0.7764706 1 0.8705883 0.7960785 0.7568628 1 0.8901961 0.8156863 0.7803922 1 0.7843137 0.7058824 0.6666667 1 0.8901961 0.8901961 0.8901961 1 0.8901961 0.8156863 0.7803922 1 0.8705883 0.7960785 0.7568628 1 0.8901961 0.8901961 0.8901961 1 0.8705883 0.7960785 0.7568628 1 0.8901961 0.8156863 0.7803922 1 0.8901961 0.8901961 0.8901961 1 0.8705883 0.7960785 0.7568628 1 0.8901961 0.8901961 0.8901961 1 0.8901961 0.8901961 0.8901961 1 0.8901961 0.8901961 0.8901961 1 0.8705883 0.7960785 0.7568628 1 0.8901961 0.8901961 0.8901961 1 0.8901961 0.8901961 0.8901961 1 0.8901961 0.8901961 0.8901961 1 0.8901961 0.8901961 0.8901961 1 0.8901961 0.8901961 0.8901961 1 0.8901961 0.8901961 0.8901961 1 0.8901961 0.8901961 0.8901961 1 0.8901961 0.8901961 0.8901961 1 0.8901961 0.8901961 0.8901961 1 0.8901961 0.8901961 0.8901961 1 0.8901961 0.8666667 0.8392157 1 0.8901961 0.8901961 0.8901961 1 0.8 0.7215687 0.6784314 1 0.8901961 0.8666667 0.8392157 1 0.8901961 0.8901961 0.8901961 1 0.8 0.7215687 0.6784314 1 0.7843137 0.7058824 0.6666667 1 0.8901961 0.8666667 0.8392157 1 0.7843137 0.7058824 0.6666667 1 0.7843137 0.7058824 0.6666667 1 0.8 0.7215687 0.6784314 1 0.7843137 0.7058824 0.6666667 1 0.7843137 0.7058824 0.6666667 1 0.7843137 0.7058824 0.6666667 1 0.7843137 0.7058824 0.6666667 1 0.7843137 0.7058824 0.6666667 1 0.7843137 0.7058824 0.6666667 1 0.7843137 0.7058824 0.6666667 1 0.8901961 0.8705883 0.8431373 1 0.7843137 0.7058824 0.6666667 1 0.8901961 0.8705883 0.8470588 1 0.8901961 0.8705883 0.8431373 1 0.7843137 0.7058824 0.6666667 1 0.8901961 0.8705883 0.8470588 1 0.8901961 0.8901961 0.8901961 1 0.8901961 0.8705883 0.8431373 1 0.8901961 0.8901961 0.8901961 1 0.8901961 0.8901961 0.8901961 1 0.8901961 0.8705883 0.8470588 1 0.8901961 0.8901961 0.8901961 1 0.8901961 0.8901961 0.8901961 1 0.8901961 0.8901961 0.8901961 1 0.8901961 0.8901961 0.8901961 1 0.8901961 0.8901961 0.8901961 1 0.8901961 0.8901961 0.8901961 1 0.8901961 0.8901961 0.8901961 1 0.8901961 0.854902 0.8235294 1 0.8901961 0.8901961 0.8901961 1 0.8901961 0.8470588 0.8117647 1 0.8901961 0.854902 0.8235294 1 0.8901961 0.8901961 0.8901961 1 0.8901961 0.8470588 0.8117647 1 0.7843137 0.7058824 0.6666667 1 0.8901961 0.854902 0.8235294 1 0.7843137 0.7058824 0.6666667 1 0.7843137 0.7058824 0.6666667 1 0.8901961 0.8470588 0.8117647 1 0.8901961 0.8901961 0.8901961 1 0.8901961 0.8901961 0.8901961 1 0.8901961 0.8901961 0.8901961 1 0.8901961 0.8901961 0.8901961 1 0.8901961 0.8901961 0.8901961 1 0.8901961 0.8901961 0.8901961 1 0.8901961 0.8901961 0.8901961 1 0.8901961 0.8901961 0.8901961 1 0.8901961 0.8901961 0.8901961 1 0.8901961 0.8901961 0.8901961 1 0.8901961 0.8901961 0.8901961 1 0.8901961 0.8901961 0.8901961 1 0.8901961 0.8901961 0.8901961 1 0.8901961 0.8901961 0.8901961 1 0.8901961 0.8901961 0.8901961 1 0.8901961 0.8901961 0.8901961 1 0.7843137 0.7058824 0.6666667 1 0.8901961 0.8901961 0.8901961 1 0.8 0.7215687 0.6784314 1 0.7843137 0.7058824 0.6666667 1 0.8901961 0.8901961 0.8901961 1 0.8 0.7215687 0.6784314 1 0.7843137 0.7058824 0.6666667 1 0.7843137 0.7058824 0.6666667 1 0.7843137 0.7058824 0.6666667 1 0.7843137 0.7058824 0.6666667 1 0.8 0.7215687 0.6784314 1 0.7843137 0.7058824 0.6666667 1 0.7843137 0.7058824 0.6666667 1 0.7843137 0.7058824 0.6666667 1 0.8901961 0.8627451 0.8352941 1 0.7843137 0.7058824 0.6666667 1 0.7843137 0.7058824 0.6666667 1 0.8901961 0.8627451 0.8352941 1 0.8901961 0.8705883 0.8431373 1 0.7843137 0.7058824 0.6666667 1 0.8901961 0.8901961 0.8901961 1 0.8901961 0.8705883 0.8431373 1 0.8901961 0.8627451 0.8352941 1 0.8901961 0.8901961 0.8901961 1 0.8901961 0.8901961 0.8901961 1 0.8901961 0.8705883 0.8431373 1 0.8901961 0.8901961 0.8901961 1 0.8901961 0.8901961 0.8901961 1 0.8901961 0.8901961 0.8901961 1 0.8901961 0.8901961 0.8901961 1 0.8901961 0.8901961 0.8901961 1 0.8901961 0.8901961 0.8901961 1 0.8901961 0.854902 0.8235294 1 0.8901961 0.8901961 0.8901961 1 0.8901961 0.8901961 0.8901961 1 0.8901961 0.854902 0.8235294 1 0.8901961 0.8901961 0.8901961 1 0.8901961 0.8901961 0.8901961 1 0.8901961 0.8470588 0.8117647 1 0.8901961 0.8901961 0.8901961 1 0.8901961 0.854902 0.8235294 1 0.8901961 0.8470588 0.8117647 1 0.8588235 0.7843137 0.7450981 1 0.8901961 0.8901961 0.8901961 1 0.7843137 0.7058824 0.6666667 1 0.06274509 0.03137254 0.03137254 1 0.06274509 0.03137254 0.03137254 1 0.7843137 0.7058824 0.6666667 1 0.7843137 0.7058824 0.6666667 1 0.06274509 0.03137254 0.03137254 1 0.7843137 0.7058824 0.6666667 1 0.7843137 0.7058824 0.6666667 1 0.7843137 0.7058824 0.6666667 1 0.7843137 0.7058824 0.6666667 1 0.8901961 0.8313726 0.7921569 1 0.7843137 0.7058824 0.6666667 1 0.7843137 0.7058824 0.6666667 1 0.8901961 0.8313726 0.7921569 1 0.7843137 0.7058824 0.6666667 1 0.7843137 0.7058824 0.6666667 1 0.8666667 0.7882353 0.7529412 1 0.8901961 0.8313726 0.7921569 1 0.8901961 0.8470588 0.8117647 1 0.8666667 0.7882353 0.7529412 1 0.7843137 0.7058824 0.6666667 1 0.8901961 0.8470588 0.8117647 1 0.8901961 0.8313726 0.7960785 1 0.8666667 0.7882353 0.7529412 1 0.8901961 0.854902 0.8235294 1 0.8901961 0.8313726 0.7960785 1 0.8901961 0.8470588 0.8117647 1 0.8901961 0.854902 0.8235294 1 0.8901961 0.8470588 0.8117647 1 0.8901961 0.8313726 0.7960785 1 0.8901961 0.8431373 0.8078432 1 0.8901961 0.8470588 0.8117647 1 0.8901961 0.854902 0.8235294 1 0.8901961 0.8431373 0.8078432 1 0.7843137 0.7058824 0.6666667 1 0.8901961 0.8470588 0.8117647 1 0.8509804 0.7764706 0.7372549 1 0.7843137 0.7058824 0.6666667 1 0.8901961 0.8431373 0.8078432 1 0.8509804 0.7764706 0.7372549 1 0.7843137 0.7058824 0.6666667 1 0.7843137 0.7058824 0.6666667 1 0.7843137 0.7058824 0.6666667 1 0.7843137 0.7058824 0.6666667 1 0.8509804 0.7764706 0.7372549 1 0.7843137 0.7058824 0.6666667 1 0.06274509 0.03137254 0.03137254 1 0.7843137 0.7058824 0.6666667 1 0.06274509 0.03137254 0.03137254 1 0.06274509 0.03137254 0.03137254 1 0.7843137 0.7058824 0.6666667 1 0.7843137 0.7058824 0.6666667 1 0.7843137 0.7058824 0.6666667 1 0.7843137 0.7058824 0.6666667 1 0.7843137 0.7058824 0.6666667 1 0.7843137 0.7058824 0.6666667 1 0.7843137 0.7058824 0.6666667 1 0.8901961 0.8705883 0.8470588 1 0.7843137 0.7058824 0.6666667 1 0.7843137 0.7058824 0.6666667 1 0.8901961 0.8705883 0.8470588 1 0.7843137 0.7058824 0.6666667 1 0.7843137 0.7058824 0.6666667 1 0.8901961 0.8901961 0.882353 1 0.7843137 0.7058824 0.6666667 1 0.8901961 0.8705883 0.8470588 1 0.8901961 0.8901961 0.882353 1 0.8901961 0.882353 0.8588235 1 0.7843137 0.7058824 0.6666667 1 0.8901961 0.8901961 0.8901961 1 0.8901961 0.882353 0.8588235 1 0.8901961 0.8901961 0.882353 1 0.8901961 0.8901961 0.8901961 1 0.8901961 0.8901961 0.8901961 1 0.8901961 0.882353 0.8588235 1 0.8901961 0.8901961 0.8901961 1 0.8901961 0.8901961 0.8901961 1 0.8901961 0.8901961 0.8901961 1 0.8901961 0.8901961 0.8901961 1 0.8901961 0.8901961 0.8901961 1 0.8901961 0.8901961 0.8901961 1 0.8784314 0.8039216 0.7647059 1 0.8901961 0.8901961 0.8901961 1 0.8901961 0.8901961 0.8901961 1 0.8784314 0.8039216 0.7647059 1 0.8666667 0.7921569 0.7568628 1 0.8901961 0.8901961 0.8901961 1 0.7843137 0.7058824 0.6666667 1 0.8666667 0.7921569 0.7568628 1 0.8784314 0.8039216 0.7647059 1 0.7843137 0.7058824 0.6666667 1 0.8784314 0.8039216 0.7647059 1 0.8666667 0.7921569 0.7568628 1 0.7843137 0.7058824 0.6666667 1 0.8784314 0.8039216 0.7647059 1 0.7843137 0.7058824 0.6666667 1 0.7843137 0.7058824 0.6666667 1 0.7843137 0.7058824 0.6666667 1 0.8784314 0.8039216 0.7647059 1 0.7843137 0.7058824 0.6666667 1 0.6156863 0.5254902 0.4823529 1 0.3921568 0.2901961 0.2392157 1 0.7843137 0.7058824 0.6666667 1 0.6156863 0.5254902 0.4823529 1 0.6156863 0.5254902 0.4823529 1 0.7843137 0.7058824 0.6666667 1 0.6156863 0.5254902 0.4823529 1 0.7843137 0.7058824 0.6666667 1 0.7843137 0.7058824 0.6666667 1 0.8117647 0.7294118 0.6901961 1 0.6156863 0.5254902 0.4823529 1 0.8901961 0.8392157 0.8 1 0.8117647 0.7294118 0.6901961 1 0.7843137 0.7058824 0.6666667 1 0.8901961 0.8392157 0.8 1 0.8901961 0.8431373 0.8039216 1 0.8117647 0.7294118 0.6901961 1 0.8901961 0.8901961 0.8901961 1 0.8901961 0.8431373 0.8039216 1 0.8901961 0.8392157 0.8 1 0.8901961 0.8901961 0.8901961 1 0.8901961 0.8705883 0.854902 1 0.8901961 0.8431373 0.8039216 1 0.8901961 0.8901961 0.8901961 1 0.8901961 0.8705883 0.854902 1 0.8901961 0.8901961 0.8901961 1 0.8901961 0.8901961 0.8901961 1 0.8392157 0.7921569 0.7568628 1 0.8901961 0.8705883 0.854902 1 0.8901961 0.8588235 0.8313726 1 0.8392157 0.7921569 0.7568628 1 0.8901961 0.8901961 0.8901961 1 0.8901961 0.8588235 0.8313726 1 0.8392157 0.7921569 0.7568628 1 0.8392157 0.7921569 0.7568628 1 0.8392157 0.7921569 0.7568628 1 0.8392157 0.7921569 0.7568628 1 0.8901961 0.8588235 0.8313726 1 0.8392157 0.7921569 0.7568628 1 0.6156863 0.5254902 0.4823529 1 0.8392157 0.7921569 0.7568628 1 0.6156863 0.5254902 0.4823529 1 0.6156863 0.5254902 0.4823529 1 0.8392157 0.7921569 0.7568628 1 0.7843137 0.7058824 0.6666667 1 0.7843137 0.7058824 0.6666667 1 0.7843137 0.7058824 0.6666667 1 0.7843137 0.7058824 0.6666667 1 0.7843137 0.7058824 0.6666667 1 0.7843137 0.7058824 0.6666667 1 0.7843137 0.7058824 0.6666667 1 0.7843137 0.7058824 0.6666667 1 0.7843137 0.7058824 0.6666667 1 0.7843137 0.7058824 0.6666667 1 0.8901961 0.8627451 0.8313726 1 0.7843137 0.7058824 0.6666667 1 0.8117647 0.7333334 0.6941177 1 0.8901961 0.8627451 0.8313726 1 0.7843137 0.7058824 0.6666667 1 0.8117647 0.7333334 0.6941177 1 0.8901961 0.854902 0.8235294 1 0.8901961 0.8627451 0.8313726 1 0.7843137 0.7058824 0.6666667 1 0.8901961 0.854902 0.8235294 1 0.8117647 0.7333334 0.6941177 1 0.7843137 0.7058824 0.6666667 1 0.8509804 0.7764706 0.7372549 1 0.8901961 0.854902 0.8235294 1 0.7843137 0.7058824 0.6666667 1 0.8509804 0.7764706 0.7372549 1 0.7843137 0.7058824 0.6666667 1 0.7843137 0.7058824 0.6666667 1 0.7843137 0.7058824 0.6666667 1 0.8509804 0.7764706 0.7372549 1 0.7843137 0.7058824 0.6666667 1 0.7843137 0.7058824 0.6666667 1 0.7843137 0.7058824 0.6666667 1 0.7843137 0.7058824 0.6666667 1 0.7843137 0.7058824 0.6666667 1 0.7843137 0.7058824 0.6666667 1 0.7843137 0.7058824 0.6666667 1 0.7843137 0.7058824 0.6666667 1 0.7843137 0.7058824 0.6666667 1 0.7843137 0.7058824 0.6666667 1 0.7843137 0.7058824 0.6666667 1 0.7843137 0.7058824 0.6666667 1 0.7843137 0.7058824 0.6666667 1 0.7843137 0.7058824 0.6666667 1 0.7843137 0.7058824 0.6666667 1 0.7843137 0.7058824 0.6666667 1 0.7843137 0.7058824 0.6666667 1 0.7843137 0.7058824 0.6666667 1 0.8901961 0.882353 0.8588235 1 0.7843137 0.7058824 0.6666667 1 0.7843137 0.7058824 0.6666667 1 0.8901961 0.882353 0.8588235 1 0.7843137 0.7058824 0.6666667 1 0.7843137 0.7058824 0.6666667 1 0.8901961 0.8862745 0.8666667 1 0.7843137 0.7058824 0.6666667 1 0.8901961 0.882353 0.8588235 1 0.8901961 0.8862745 0.8666667 1 0.8901961 0.882353 0.8588235 1 0.7843137 0.7058824 0.6666667 1 0.8901961 0.8901961 0.8901961 1 0.8901961 0.882353 0.8588235 1 0.8901961 0.8862745 0.8666667 1 0.8901961 0.8901961 0.8901961 1 0.8901961 0.8901961 0.8901961 1 0.8901961 0.882353 0.8588235 1 0.8901961 0.8901961 0.8901961 1 0.8901961 0.8901961 0.8901961 1 0.8901961 0.8901961 0.8901961 1 0.8901961 0.8901961 0.8901961 1 0.8901961 0.8901961 0.8901961 1 0.8901961 0.8901961 0.8901961 1 0.8784314 0.8039216 0.7647059 1 0.8901961 0.8901961 0.8901961 1 0.8901961 0.8901961 0.8901961 1 0.8784314 0.8039216 0.7647059 1 0.8588235 0.7843137 0.7450981 1 0.8901961 0.8901961 0.8901961 1 0.7843137 0.7058824 0.6666667 1 0.8588235 0.7843137 0.7450981 1 0.8784314 0.8039216 0.7647059 1 0.7843137 0.7058824 0.6666667 1 0.7843137 0.7058824 0.6666667 1 0.8588235 0.7843137 0.7450981 1 0.7843137 0.7058824 0.6666667 1 0.7843137 0.7058824 0.6666667 1 0.7843137 0.7058824 0.6666667 1 0.7843137 0.7058824 0.6666667 1 0.7843137 0.7058824 0.6666667 1 0.7843137 0.7058824 0.6666667 1 0.8901961 0.882353 0.8588235 1 0.7843137 0.7058824 0.6666667 1 0.7843137 0.7058824 0.6666667 1 0.8901961 0.882353 0.8588235 1 0.7843137 0.7058824 0.6666667 1 0.7843137 0.7058824 0.6666667 1 0.8901961 0.8901961 0.882353 1 0.7843137 0.7058824 0.6666667 1 0.8901961 0.882353 0.8588235 1 0.8901961 0.8901961 0.882353 1 0.8901961 0.8705883 0.8470588 1 0.7843137 0.7058824 0.6666667 1 0.8901961 0.8901961 0.8901961 1 0.8901961 0.8705883 0.8470588 1 0.8901961 0.8901961 0.882353 1 0.8901961 0.8901961 0.8901961 1 0.8901961 0.8901961 0.8901961 1 0.8901961 0.8705883 0.8470588 1 0.8901961 0.8901961 0.8901961 1 0.8901961 0.8901961 0.8901961 1 0.8901961 0.8901961 0.8901961 1 0.8901961 0.8901961 0.8901961 1 0.8901961 0.8901961 0.8901961 1 0.8901961 0.8901961 0.8901961 1 0.8588235 0.7843137 0.7450981 1 0.8901961 0.8901961 0.8901961 1 0.8901961 0.8901961 0.8901961 1 0.8588235 0.7843137 0.7450981 1 0.8901961 0.8470588 0.8117647 1 0.8901961 0.8901961 0.8901961 1 0.7843137 0.7058824 0.6666667 1 0.8901961 0.8470588 0.8117647 1 0.8588235 0.7843137 0.7450981 1 0.7843137 0.7058824 0.6666667 1 0.7843137 0.7058824 0.6666667 1 0.8901961 0.8313726 0.7960785 1 0.7843137 0.7058824 0.6666667 1 0.7843137 0.7058824 0.6666667 1 0.7843137 0.7058824 0.6666667 1 0.8666667 0.7921569 0.7529412 1 0.7843137 0.7058824 0.6666667 1 0.7843137 0.7058824 0.6666667 1 0.8666667 0.7921569 0.7529412 1 0.7843137 0.7058824 0.6666667 1 0.7843137 0.7058824 0.6666667 1 0.8901961 0.8784314 0.854902 1 0.7843137 0.7058824 0.6666667 1 0.8666667 0.7921569 0.7529412 1 0.8901961 0.8784314 0.854902 1 0.8901961 0.827451 0.7882353 1 0.7843137 0.7058824 0.6666667 1 0.8901961 0.8901961 0.8901961 1 0.8901961 0.827451 0.7882353 1 0.8901961 0.8784314 0.854902 1 0.8901961 0.8901961 0.8901961 1 0.8901961 0.8627451 0.8313726 1 0.8901961 0.827451 0.7882353 1 0.8901961 0.854902 0.8235294 1 0.8901961 0.8627451 0.8313726 1 0.8901961 0.8901961 0.8901961 1 0.8901961 0.854902 0.8235294 1 0.8117647 0.7333334 0.6941177 1 0.8901961 0.8627451 0.8313726 1 0.7843137 0.7058824 0.6666667 1 0.8117647 0.7333334 0.6941177 1 0.8901961 0.854902 0.8235294 1 0.7843137 0.7058824 0.6666667 1 0.7843137 0.7058824 0.6666667 1 0.8117647 0.7333334 0.6941177 1 0.7843137 0.7058824 0.6666667 1 0.7843137 0.7058824 0.6666667 1 0.7843137 0.7058824 0.6666667 1 0.8666667 0.7921569 0.7529412 1 0.8235294 0.7450981 0.7058824 1 0.8235294 0.7450981 0.7058824 1 0.8666667 0.7921569 0.7529412 1 0.8235294 0.7450981 0.7058824 1 0.8235294 0.7450981 0.7058824 1 0.8901961 0.8588235 0.827451 1 0.8235294 0.7450981 0.7058824 1 0.8666667 0.7921569 0.7529412 1 0.8901961 0.8588235 0.827451 1 0.8901961 0.8313726 0.7960785 1 0.8235294 0.7450981 0.7058824 1 0.7843137 0.7058824 0.6666667 1 0.8901961 0.8313726 0.7960785 1 0.8901961 0.8588235 0.827451 1 0.7843137 0.7058824 0.6666667 1 0.7843137 0.7058824 0.6666667 1 0.8901961 0.8313726 0.7960785 1 0.7843137 0.7058824 0.6666667 1 0.7843137 0.7058824 0.6666667 1 0.7843137 0.7058824 0.6666667 1 0.7843137 0.7058824 0.6666667 1 0.7843137 0.7058824 0.6666667 1 0.7843137 0.7058824 0.6666667 1 0.7843137 0.7058824 0.6666667 1 0.7843137 0.7058824 0.6666667 1 0.7843137 0.7058824 0.6666667 1 0.7843137 0.7058824 0.6666667 1 0.7843137 0.7058824 0.6666667 1 0.7843137 0.7058824 0.6666667 1 0.7843137 0.7058824 0.6666667 1 0.7843137 0.7058824 0.6666667 1 0.7843137 0.7058824 0.6666667 1 0.7843137 0.7058824 0.6666667 1 0.7843137 0.7058824 0.6666667 1 0.7843137 0.7058824 0.6666667 1 0.8901961 0.8862745 0.8666667 1 0.8901961 0.8627451 0.8352941 1 0.8901961 0.827451 0.7803922 1 0.8901961 0.8862745 0.8666667 1 0.8901961 0.8901961 0.8901961 1 0.8901961 0.8627451 0.8352941 1 0.8901961 0.8901961 0.8901961 1 0.8901961 0.8901961 0.8901961 1 0.8901961 0.8862745 0.8666667 1 0.8901961 0.8901961 0.8901961 1 0.8901961 0.8901961 0.8901961 1 0.8901961 0.8901961 0.8901961 1 0.8901961 0.8901961 0.8901961 1 0.8901961 0.8901961 0.8901961 1 0.8901961 0.8901961 0.8901961 1 0.8901961 0.8901961 0.8901961 1 0.8901961 0.8901961 0.8901961 1 0.8901961 0.8901961 0.8901961 1 0.8901961 0.8901961 0.8901961 1 0.8901961 0.8901961 0.8901961 1 0.8901961 0.8901961 0.8901961 1 0.8901961 0.8901961 0.8901961 1 0.8901961 0.8901961 0.8901961 1 0.8901961 0.8901961 0.8901961 1 0.8901961 0.8901961 0.8901961 1 0.8901961 0.8901961 0.8901961 1 0.8901961 0.8901961 0.8901961 1 0.8901961 0.8901961 0.8901961 1 0.8901961 0.8862745 0.8666667 1 0.8901961 0.8901961 0.8901961 1 0.8901961 0.8901961 0.8901961 1 0.8901961 0.8862745 0.8666667 1 0.8901961 0.8901961 0.8901961 1 0.8901961 0.8901961 0.8901961 1 0.8901961 0.8392157 0.8 1 0.8901961 0.8862745 0.8666667 1 0.8901961 0.8901961 0.8901961 1 0.8901961 0.8784314 0.854902 1 0.8666667 0.7921569 0.7529412 1 0.8901961 0.8901961 0.8901961 1 0.8901961 0.8901961 0.8901961 1 0.8901961 0.8784314 0.854902 1 0.8235294 0.7450981 0.7058824 1 0.8901961 0.8901961 0.8901961 1 0.8901961 0.8901961 0.8901961 1 0.8235294 0.7450981 0.7058824 1 0.882353 0.8784314 0.8745098 1 0.8901961 0.8901961 0.8901961 1 0.8235294 0.7450981 0.7058824 1 0.882353 0.8784314 0.8745098 1 0.8235294 0.7450981 0.7058824 1 0.8235294 0.7450981 0.7058824 1 0.8901961 0.8901961 0.882353 1 0.882353 0.8784314 0.8745098 1 0.8901961 0.8666667 0.8392157 1 0.8901961 0.8901961 0.882353 1 0.8235294 0.7450981 0.7058824 1 0.8901961 0.8666667 0.8392157 1 0.8901961 0.8509804 0.8196079 1 0.8901961 0.8901961 0.882353 1 0.8901961 0.8588235 0.827451 1 0.8901961 0.8509804 0.8196079 1 0.8901961 0.8666667 0.8392157 1 0.8901961 0.8588235 0.827451 1 0.8901961 0.8313726 0.7960785 1 0.8901961 0.8509804 0.8196079 1 0.8235294 0.7450981 0.7058824 1 0.8901961 0.8313726 0.7960785 1 0.8901961 0.8588235 0.827451 1 0.7843137 0.7058824 0.6666667 1 0.8392157 0.7529412 0.7137255 1 0.6156863 0.5254902 0.4823529 1 0.7843137 0.7058824 0.6666667 1 0.8901961 0.827451 0.7803922 1 0.8392157 0.7529412 0.7137255 1 0.8901961 0.8392157 0.8 1 0.8901961 0.827451 0.7803922 1 0.7843137 0.7058824 0.6666667 1 0.8901961 0.8392157 0.8 1 0.8901961 0.8862745 0.8666667 1 0.8901961 0.827451 0.7803922 1 0.8901961 0.8901961 0.8901961 1 0.8901961 0.8862745 0.8666667 1 0.8901961 0.8392157 0.8 1 0.8901961 0.8901961 0.8901961 1 0.8901961 0.8901961 0.8901961 1 0.8901961 0.8862745 0.8666667 1 0.8901961 0.8901961 0.8901961 1 0.8901961 0.8901961 0.8901961 1 0.8901961 0.8901961 0.8901961 1 0.8901961 0.8901961 0.8901961 1 0.8901961 0.8901961 0.8901961 1 0.8901961 0.8901961 0.8901961 1 0.8901961 0.8901961 0.8901961 1 0.8901961 0.8901961 0.8901961 1 0.8901961 0.8901961 0.8901961 1 0.8901961 0.8901961 0.8901961 1 0.8901961 0.8901961 0.8901961 1 0.8901961 0.8901961 0.8901961 1 0.8901961 0.8588235 0.8313726 1 0.8901961 0.8901961 0.8901961 1 0.8901961 0.8901961 0.8901961 1 0.8901961 0.8901961 0.8901961 1 0.8901961 0.8588235 0.8313726 1 0.8901961 0.8901961 0.8901961 1 0.8901961 0.8901961 0.8901961 1 0.8392157 0.7921569 0.7568628 1 0.8901961 0.8588235 0.8313726 1 0.8901961 0.8705883 0.854902 1 0.8392157 0.7921569 0.7568628 1 0.8901961 0.8901961 0.8901961 1 0.8901961 0.8705883 0.854902 1 0.8666667 0.7921569 0.7529412 1 0.8392157 0.7921569 0.7568628 1 0.8901961 0.8431373 0.8039216 1 0.8666667 0.7921569 0.7529412 1 0.8901961 0.8705883 0.854902 1 0.8901961 0.8431373 0.8039216 1 0.8117647 0.7294118 0.6901961 1 0.8666667 0.7921569 0.7529412 1 0.8901961 0.8392157 0.8 1 0.8117647 0.7294118 0.6901961 1 0.8901961 0.8431373 0.8039216 1 0.8901961 0.8392157 0.8 1 0.7843137 0.7058824 0.6666667 1 0.8117647 0.7294118 0.6901961 1 0.7843137 0.7058824 0.6666667 1 0.7843137 0.7058824 0.6666667 1 0.8901961 0.8392157 0.8 1 0.7843137 0.7058824 0.6666667 1 0.6156863 0.5254902 0.4823529 1 0.7843137 0.7058824 0.6666667 1 0.06274509 0.03137254 0.03137254 1 0.7843137 0.7058824 0.6666667 1 0.06274509 0.03137254 0.03137254 1 0.06274509 0.03137254 0.03137254 1 0.7843137 0.7058824 0.6666667 1 0.7843137 0.7058824 0.6666667 1 0.06274509 0.03137254 0.03137254 1 0.7843137 0.7058824 0.6666667 1 0.06274509 0.03137254 0.03137254 1 0.06274509 0.03137254 0.03137254 1 0.7843137 0.7058824 0.6666667 1 0.7843137 0.7058824 0.6666667 1 0.7843137 0.7058824 0.6666667 1 0.7843137 0.7058824 0.6666667 1 0.06274509 0.03137254 0.03137254 1 0.7843137 0.7058824 0.6666667 1 0.8509804 0.7764706 0.7372549 1 0.7843137 0.7058824 0.6666667 1 0.8901961 0.854902 0.8235294 1 0.8509804 0.7764706 0.7372549 1 0.7843137 0.7058824 0.6666667 1 0.8901961 0.854902 0.8235294 1 0.8901961 0.8509804 0.8196079 1 0.8509804 0.7764706 0.7372549 1 0.8509804 0.7764706 0.7372549 1 0.8901961 0.8509804 0.8196079 1 0.8901961 0.854902 0.8235294 1 0.8901961 0.854902 0.8196079 1 0.7843137 0.7058824 0.6666667 1 0.7843137 0.7058824 0.6666667 1 0.8901961 0.854902 0.8196079 1 0.7843137 0.7058824 0.6666667 1 0.7843137 0.7058824 0.6666667 1 0.8901961 0.8431373 0.8078432 1 0.7843137 0.7058824 0.6666667 1 0.8901961 0.854902 0.8196079 1 0.8901961 0.8431373 0.8078432 1 0.7843137 0.7058824 0.6666667 1 0.7843137 0.7058824 0.6666667 1 0.7843137 0.7058824 0.6666667 1 0.7843137 0.7058824 0.6666667 1 0.8901961 0.8431373 0.8078432 1 0.7843137 0.7058824 0.6666667 1 0.8901961 0.8431373 0.8078432 1 0.7843137 0.7058824 0.6666667 1 0.8901961 0.8901961 0.8901961 1 0.8901961 0.8431373 0.8078432 1 0.7843137 0.7058824 0.6666667 1 0.8901961 0.8901961 0.8901961 1 0.8901961 0.854902 0.8196079 1 0.8901961 0.8431373 0.8078432 1 0.8901961 0.8431373 0.8078432 1 0.8901961 0.854902 0.8196079 1 0.8901961 0.8901961 0.8901961 1 0.06274509 0.03137254 0.03137254 1 0.7843137 0.7058824 0.6666667 1 0.06274509 0.03137254 0.03137254 1 0.06274509 0.03137254 0.03137254 1 0.7843137 0.7058824 0.6666667 1 0.7843137 0.7058824 0.6666667 1 0.7843137 0.7058824 0.6666667 1 0.7843137 0.7058824 0.6666667 1 0.06274509 0.03137254 0.03137254 1 0.7843137 0.7058824 0.6666667 1 0.8901961 0.8470588 0.8117647 1 0.7843137 0.7058824 0.6666667 1 0.8901961 0.8431373 0.8078432 1 0.8901961 0.8470588 0.8117647 1 0.7843137 0.7058824 0.6666667 1 0.8901961 0.8431373 0.8078432 1 0.8901961 0.854902 0.8235294 1 0.8901961 0.8470588 0.8117647 1 0.8901961 0.8509804 0.8196079 1 0.8901961 0.854902 0.8235294 1 0.8901961 0.8431373 0.8078432 1 0.8901961 0.8509804 0.8196079 1 0.8901961 0.8431373 0.8078432 1 0.8901961 0.854902 0.8235294 1 0.8509804 0.7764706 0.7372549 1 0.8901961 0.8431373 0.8078432 1 0.8901961 0.8509804 0.8196079 1 0.7843137 0.7058824 0.6666667 1 0.8705883 0.7921569 0.7568628 1 0.8784314 0.8117647 0.772549 1 0.7843137 0.7058824 0.6666667 1 0.8666667 0.7921569 0.7529412 1 0.8705883 0.7921569 0.7568628 1 0.7843137 0.7058824 0.6666667 1 0.8666667 0.7921569 0.7529412 1 0.7843137 0.7058824 0.6666667 1 0.7843137 0.7058824 0.6666667 1 0.7843137 0.7058824 0.6666667 1 0.8666667 0.7921569 0.7529412 1 0.7843137 0.7058824 0.6666667 1 0.7843137 0.7058824 0.6666667 1 0.7843137 0.7058824 0.6666667 1 0.7843137 0.7058824 0.6666667 1 0.7843137 0.7058824 0.6666667 1 0.7843137 0.7058824 0.6666667 1 0.7843137 0.7058824 0.6666667 1 0.7843137 0.7058824 0.6666667 1 0.7843137 0.7058824 0.6666667 1 0.7843137 0.7058824 0.6666667 1 0.7843137 0.7058824 0.6666667 1 0.7843137 0.7058824 0.6666667 1 0.8901961 0.8313726 0.7960785 1 0.8901961 0.8313726 0.7921569 1 0.8666667 0.7882353 0.7529412 1 0.8901961 0.8313726 0.7960785 1 0.8901961 0.854902 0.8235294 1 0.8901961 0.8313726 0.7921569 1 0.8901961 0.8313726 0.7921569 1 0.8901961 0.854902 0.8235294 1 0.8901961 0.8313726 0.7960785 1 0.8901961 0.8313726 0.7921569 1 0.7843137 0.7058824 0.6666667 1 0.8901961 0.854902 0.8235294 1 0.7843137 0.7058824 0.6666667 1 0.7843137 0.7058824 0.6666667 1 0.8901961 0.8313726 0.7921569 1 0.7843137 0.7058824 0.6666667 1 0.7843137 0.7058824 0.6666667 1 0.7843137 0.7058824 0.6666667 1 0.06274509 0.03137254 0.03137254 1 0.7843137 0.7058824 0.6666667 1 0.7843137 0.7058824 0.6666667 1 0.06274509 0.03137254 0.03137254 1 0.06274509 0.03137254 0.03137254 1 0.7843137 0.7058824 0.6666667 1 0.8901961 0.8901961 0.8901961 1 0.8901961 0.8470588 0.8117647 1 0.8901961 0.854902 0.8235294 1 0.8901961 0.8901961 0.8901961 1 0.8901961 0.8901961 0.8901961 1 0.8901961 0.8470588 0.8117647 1 0.8901961 0.8901961 0.8901961 1 0.8901961 0.8901961 0.8901961 1 0.8901961 0.8901961 0.8901961 1 0.8901961 0.8901961 0.8901961 1 0.8901961 0.8901961 0.8901961 1 0.8901961 0.8901961 0.8901961 1 0.8901961 0.8627451 0.8352941 1 0.8901961 0.8901961 0.8901961 1 0.8901961 0.8901961 0.8901961 1 0.8901961 0.8627451 0.8352941 1 0.8901961 0.8666667 0.8392157 1 0.8901961 0.8901961 0.8901961 1 0.7843137 0.7058824 0.6666667 1 0.8901961 0.8666667 0.8392157 1 0.8901961 0.8627451 0.8352941 1 0.7843137 0.7058824 0.6666667 1 0.8 0.7215687 0.6784314 1 0.8901961 0.8666667 0.8392157 1 0.7843137 0.7058824 0.6666667 1 0.7843137 0.7058824 0.6666667 1 0.7843137 0.7058824 0.6666667 1 0.7843137 0.7058824 0.6666667 1 0.7843137 0.7058824 0.6666667 1 0.7843137 0.7058824 0.6666667 1 0.7843137 0.7058824 0.6666667 1 0.7843137 0.7058824 0.6666667 1 0.7843137 0.7058824 0.6666667 1 0.7843137 0.7058824 0.6666667 1 0.7843137 0.7058824 0.6666667 1 0.7843137 0.7058824 0.6666667 1 0.7843137 0.7058824 0.6666667 1 0.7843137 0.7058824 0.6666667 1 0.7843137 0.7058824 0.6666667 1 0.7843137 0.7058824 0.6666667 1 0.8901961 0.8627451 0.8313726 1 0.7843137 0.7058824 0.6666667 1 0.8901961 0.827451 0.7882353 1 0.8901961 0.8627451 0.8313726 1 0.7843137 0.7058824 0.6666667 1 0.8901961 0.8627451 0.8313726 1 0.7843137 0.7058824 0.6666667 1 0.7843137 0.7058824 0.6666667 1 0.8901961 0.8627451 0.8313726 1 0.8901961 0.827451 0.7882353 1 0.7843137 0.7058824 0.6666667 1 0.8901961 0.8901961 0.8901961 1 0.8901961 0.827451 0.7882353 1 0.8901961 0.8627451 0.8313726 1 0.8901961 0.8901961 0.8901961 1 0.8901961 0.8784314 0.854902 1 0.8901961 0.827451 0.7882353 1 0.8901961 0.8901961 0.8901961 1 0.8901961 0.8784314 0.854902 1 0.8901961 0.8901961 0.8901961 1 0.8901961 0.8901961 0.8901961 1 0.8901961 0.8901961 0.8901961 1 0.8901961 0.8784314 0.854902 1 0.8235294 0.7450981 0.7058824 1 0.8901961 0.8901961 0.8901961 1 0.8901961 0.8901961 0.8901961 1 0.8901961 0.8901961 0.8901961 1 0.8901961 0.8666667 0.8392157 1 0.8 0.7215687 0.6784314 1 0.8901961 0.8901961 0.8901961 1 0.8901961 0.8901961 0.8901961 1 0.8901961 0.8666667 0.8392157 1 0.8901961 0.8901961 0.8901961 1 0.8901961 0.8901961 0.8901961 1 0.8901961 0.8901961 0.8901961 1 0.8901961 0.8901961 0.8901961 1 0.8901961 0.8901961 0.8901961 1 0.8901961 0.8901961 0.8901961 1 0.8901961 0.8901961 0.8901961 1 0.8901961 0.8901961 0.8901961 1 0.8901961 0.8901961 0.8901961 1 0.8901961 0.8901961 0.8901961 1 0.8705883 0.7960785 0.7568628 1 0.8901961 0.8901961 0.8901961 1 0.8901961 0.8901961 0.8901961 1 0.8705883 0.7960785 0.7568628 1 0.8901961 0.8901961 0.8901961 1 0.8901961 0.854902 0.8235294 1 0.8901961 0.8901961 0.8901961 1 0.8901961 0.8627451 0.8313726 1 0.8901961 0.854902 0.8235294 1 0.882353 0.8784314 0.8745098 1 0.8901961 0.8901961 0.8901961 1 0.8901961 0.8509804 0.8196079 1 0.882353 0.8784314 0.8745098 1 0.8901961 0.854902 0.8235294 1 0.8901961 0.8509804 0.8196079 1 0.8901961 0.8901961 0.882353 1 0.882353 0.8784314 0.8745098 1 0.8901961 0.8666667 0.8392157 1 0.8901961 0.8901961 0.882353 1 0.8901961 0.8509804 0.8196079 1 0.8901961 0.8666667 0.8392157 1 0.8235294 0.7450981 0.7058824 1 0.8901961 0.8901961 0.882353 1 0.8235294 0.7450981 0.7058824 1 0.8235294 0.7450981 0.7058824 1 0.8901961 0.8666667 0.8392157 1 0.7843137 0.7058824 0.6666667 1 0.8901961 0.854902 0.8235294 1 0.7843137 0.7058824 0.6666667 1 0.7843137 0.7058824 0.6666667 1 0.8901961 0.8470588 0.8117647 1 0.8901961 0.854902 0.8235294 1 0.7843137 0.7058824 0.6666667 1 0.8901961 0.8470588 0.8117647 1 0.7843137 0.7058824 0.6666667 1 0.7843137 0.7058824 0.6666667 1 0.8862745 0.8117647 0.7764706 1 0.8901961 0.8470588 0.8117647 1 0.7843137 0.7058824 0.6666667 1 0.8862745 0.8117647 0.7764706 1 0.7843137 0.7058824 0.6666667 1 0.7843137 0.7058824 0.6666667 1 0.8705883 0.7960785 0.7568628 1 0.8862745 0.8117647 0.7764706 1 0.8901961 0.8156863 0.7803922 1 0.8705883 0.7960785 0.7568628 1 0.7843137 0.7058824 0.6666667 1 0.8901961 0.8901961 0.8901961 1 0.8901961 0.8901961 0.8901961 1 0.8901961 0.8901961 0.8901961 1 0.8901961 0.8901961 0.8901961 1 0.8901961 0.8901961 0.8901961 1 0.8901961 0.8901961 0.8901961 1 0.8901961 0.8901961 0.8901961 1 0.8901961 0.8901961 0.8901961 1 0.8901961 0.8901961 0.8901961 1 0.8901961 0.8901961 0.8901961 1 0.8901961 0.8901961 0.8901961 1 0.8901961 0.8901961 0.8901961 1 0.8901961 0.8901961 0.8901961 1 0.8901961 0.8901961 0.8901961 1 0.8901961 0.8901961 0.8901961 1 0.8901961 0.8901961 0.8901961 1 0.8901961 0.8862745 0.8666667 1 0.8901961 0.8901961 0.8901961 1 0.8901961 0.8901961 0.8901961 1 0.8901961 0.8862745 0.8666667 1 0.8901961 0.8901961 0.8901961 1 0.06274509 0.03137254 0.03137254 1 0.7843137 0.7058824 0.6666667 1 0.06274509 0.03137254 0.03137254 1 0.06274509 0.03137254 0.03137254 1 0.7843137 0.7058824 0.6666667 1 0.7843137 0.7058824 0.6666667 1 0.7843137 0.7058824 0.6666667 1 0.7843137 0.7058824 0.6666667 1 0.06274509 0.03137254 0.03137254 1 0.7843137 0.7058824 0.6666667 1 0.8901961 0.854902 0.8235294 1 0.7843137 0.7058824 0.6666667 1 0.7843137 0.7058824 0.6666667 1 0.8901961 0.854902 0.8235294 1 0.7843137 0.7058824 0.6666667 1 0.7843137 0.7058824 0.6666667 1 0.8901961 0.8313726 0.7921569 1 0.8901961 0.854902 0.8235294 1 0.8901961 0.8666667 0.8392157 1 0.8235294 0.7450981 0.7058824 1 0.8235294 0.7450981 0.7058824 1 0.8901961 0.8666667 0.8392157 1 0.8901961 0.8588235 0.827451 1 0.8235294 0.7450981 0.7058824 1 0.8901961 0.8509804 0.8196079 1 0.8901961 0.8588235 0.827451 1 0.8901961 0.8666667 0.8392157 1 0.8901961 0.8509804 0.8196079 1 0.8901961 0.8313726 0.7960785 1 0.8901961 0.8588235 0.827451 1 0.8509804 0.7764706 0.7372549 1 0.8901961 0.8313726 0.7960785 1 0.8901961 0.8509804 0.8196079 1 0.8509804 0.7764706 0.7372549 1 0.7843137 0.7058824 0.6666667 1 0.8901961 0.8313726 0.7960785 1 0.8901961 0.8705883 0.8431373 1 0.7843137 0.7058824 0.6666667 1 0.7843137 0.7058824 0.6666667 1 0.8901961 0.8705883 0.8431373 1 0.8901961 0.8705883 0.8470588 1 0.7843137 0.7058824 0.6666667 1 0.8901961 0.8901961 0.8901961 1 0.8901961 0.8705883 0.8470588 1 0.8901961 0.8705883 0.8431373 1 0.8901961 0.8901961 0.8901961 1 0.8901961 0.8901961 0.8901961 1 0.8901961 0.8705883 0.8470588 1 0.8901961 0.8901961 0.8901961 1 0.8901961 0.8901961 0.8901961 1 0.8901961 0.8901961 0.8901961 1 0.8901961 0.8901961 0.8901961 1 0.8901961 0.8901961 0.8901961 1 0.8901961 0.8901961 0.8901961 1 0.3921568 0.2901961 0.2392157 1 0.6156863 0.5254902 0.4823529 1 0.6156863 0.5254902 0.4823529 1 0.3921568 0.2901961 0.2392157 1 0.6392157 0.5450981 0.4980392 1 0.6156863 0.5254902 0.4823529 1 0.3921568 0.2901961 0.2392157 1 0.6392157 0.5450981 0.4980392 1 0.3921568 0.2901961 0.2392157 1 0.3921568 0.2901961 0.2392157 1 0.6392157 0.5450981 0.4980392 1 0.6392157 0.5450981 0.4980392 1 0.6392157 0.5450981 0.4980392 1 0.6392157 0.5450981 0.4980392 1 0.3921568 0.2901961 0.2392157 1 0.7843137 0.7058824 0.6666667 1 0.7843137 0.7058824 0.6666667 1 0.8901961 0.827451 0.7882353 1 0.7843137 0.7058824 0.6666667 1 0.7843137 0.7058824 0.6666667 1 0.7843137 0.7058824 0.6666667 1 0.7843137 0.7058824 0.6666667 1 0.7843137 0.7058824 0.6666667 1 0.7843137 0.7058824 0.6666667 1 0.7843137 0.7058824 0.6666667 1 0.7843137 0.7058824 0.6666667 1 0.7843137 0.7058824 0.6666667 1 0.7843137 0.7058824 0.6666667 1 0.7843137 0.7058824 0.6666667 1 0.7843137 0.7058824 0.6666667 1 0.8901961 0.8901961 0.8901961 1 0.8862745 0.8117647 0.7764706 1 0.8705883 0.7960785 0.7568628 1 0.8901961 0.8901961 0.8901961 1 0.8901961 0.8470588 0.8117647 1 0.8862745 0.8117647 0.7764706 1 0.8901961 0.8901961 0.8901961 1 0.8901961 0.8470588 0.8117647 1 0.8901961 0.8901961 0.8901961 1 0.8901961 0.8901961 0.8901961 1 0.8901961 0.854902 0.8235294 1 0.8901961 0.8470588 0.8117647 1 0.8901961 0.8901961 0.8901961 1 0.8901961 0.854902 0.8235294 1 0.8901961 0.8901961 0.8901961 1 0.8901961 0.8509804 0.8196079 1 0.882353 0.8784314 0.8745098 1 0.8901961 0.8901961 0.882353 1 0.8901961 0.8509804 0.8196079 1 0.8901961 0.854902 0.8235294 1 0.882353 0.8784314 0.8745098 1 0.8509804 0.7764706 0.7372549 1 0.8901961 0.854902 0.8235294 1 0.8901961 0.8509804 0.8196079 1 0.8509804 0.7764706 0.7372549 1 0.7843137 0.7058824 0.6666667 1 0.8901961 0.854902 0.8235294 1 0.7843137 0.7058824 0.6666667 1 0.7843137 0.7058824 0.6666667 1 0.8509804 0.7764706 0.7372549 1 0.7843137 0.7058824 0.6666667 1 0.06274509 0.03137254 0.03137254 1 0.7843137 0.7058824 0.6666667 1 0.7843137 0.7058824 0.6666667 1 0.06274509 0.03137254 0.03137254 1 0.06274509 0.03137254 0.03137254 1 0.7843137 0.7058824 0.6666667 1 0.06274509 0.03137254 0.03137254 1 0.7843137 0.7058824 0.6666667 1 0.7843137 0.7058824 0.6666667 1 0.7843137 0.7058824 0.6666667 1 0.06274509 0.03137254 0.03137254 1 0.8901961 0.8470588 0.8117647 1 0.7843137 0.7058824 0.6666667 1 0.7843137 0.7058824 0.6666667 1 0.8901961 0.8313726 0.7960785 1 0.8509804 0.7764706 0.7372549 1 0.8901961 0.8509804 0.8196079 1 0.8901961 0.8313726 0.7960785 1 0.7843137 0.7058824 0.6666667 1 0.8509804 0.7764706 0.7372549 1 0.8901961 0.8588235 0.827451 1 0.7843137 0.7058824 0.6666667 1 0.8901961 0.8313726 0.7960785 1 0.8901961 0.8588235 0.827451 1 0.8901961 0.8313726 0.7960785 1 0.7843137 0.7058824 0.6666667 1 0.8235294 0.7450981 0.7058824 1 0.8901961 0.8313726 0.7960785 1 0.8901961 0.8588235 0.827451 1 0.7843137 0.7058824 0.6666667 1 0.7843137 0.7058824 0.6666667 1 0.7843137 0.7058824 0.6666667 1 0.7843137 0.7058824 0.6666667 1 0.7843137 0.7058824 0.6666667 1 0.7843137 0.7058824 0.6666667 1 0.7843137 0.7058824 0.6666667 1 0.7843137 0.7058824 0.6666667 1 0.7843137 0.7058824 0.6666667 1 0.7843137 0.7058824 0.6666667 1 0.7843137 0.7058824 0.6666667 1 0.7843137 0.7058824 0.6666667 1 0.7843137 0.7058824 0.6666667 1 0.7843137 0.7058824 0.6666667 1 0.7843137 0.7058824 0.6666667 1 0.8666667 0.7921569 0.7529412 1 0.6156863 0.5254902 0.4823529 1 0.8392157 0.7921569 0.7568628 1 0.8666667 0.7921569 0.7529412 1 0.6156863 0.5254902 0.4823529 1 0.6156863 0.5254902 0.4823529 1 0.8117647 0.7294118 0.6901961 1 0.6156863 0.5254902 0.4823529 1 0.8666667 0.7921569 0.7529412 1 0.8117647 0.7294118 0.6901961 1 0.6156863 0.5254902 0.4823529 1 0.6156863 0.5254902 0.4823529 1 0.7843137 0.7058824 0.6666667 1 0.6156863 0.5254902 0.4823529 1 0.8117647 0.7294118 0.6901961 1 0.8235294 0.7450981 0.7058824 1 0.8666667 0.7921569 0.7529412 1 0.8235294 0.7450981 0.7058824 1 0.8235294 0.7450981 0.7058824 1 0.8901961 0.8588235 0.827451 1 0.8666667 0.7921569 0.7529412 1 0.8901961 0.8313726 0.7960785 1 0.8901961 0.8588235 0.827451 1 0.8235294 0.7450981 0.7058824 1 0.8901961 0.8313726 0.7960785 1 0.7843137 0.7058824 0.6666667 1 0.8901961 0.8588235 0.827451 1 0.7843137 0.7058824 0.6666667 1 0.7843137 0.7058824 0.6666667 1 0.8901961 0.8313726 0.7960785 1 0.8705883 0.7921569 0.7568628 1 0.7843137 0.7058824 0.6666667 1 0.8784314 0.8117647 0.772549 1 0.8705883 0.7921569 0.7568628 1 0.8666667 0.7921569 0.7529412 1 0.7843137 0.7058824 0.6666667 1 0.8901961 0.854902 0.827451 1 0.8666667 0.7921569 0.7529412 1 0.8705883 0.7921569 0.7568628 1 0.8901961 0.854902 0.827451 1 0.8901961 0.8901961 0.8901961 1 0.8666667 0.7921569 0.7529412 1 0.8235294 0.7450981 0.7058824 1 0.8901961 0.8901961 0.8901961 1 0.8901961 0.854902 0.827451 1 0.8901961 0.8901961 0.8901961 1 0.8901961 0.8901961 0.8901961 1 0.8901961 0.8901961 0.8901961 1 0.8901961 0.8901961 0.8901961 1 0.8901961 0.8901961 0.8901961 1 0.8901961 0.8901961 0.8901961 1 0.8901961 0.8901961 0.8901961 1 0.8901961 0.8901961 0.8901961 1 0.8901961 0.8901961 0.8901961 1 0.8901961 0.8901961 0.8901961 1 0.8901961 0.8901961 0.8901961 1 0.8901961 0.8901961 0.8901961 1 0.7843137 0.7058824 0.6666667 1 0.7843137 0.7058824 0.6666667 1 0.7843137 0.7058824 0.6666667 1 0.7843137 0.7058824 0.6666667 1 0.7843137 0.7058824 0.6666667 1 0.7843137 0.7058824 0.6666667 1 0.7843137 0.7058824 0.6666667 1 0.7843137 0.7058824 0.6666667 1 0.7843137 0.7058824 0.6666667 1 0.7843137 0.7058824 0.6666667 1 0.7843137 0.7058824 0.6666667 1 0.7843137 0.7058824 0.6666667 1 0.7843137 0.7058824 0.6666667 1 0.8901961 0.8470588 0.8117647 1 0.7843137 0.7058824 0.6666667 1 0.7843137 0.7058824 0.6666667 1 0.8666667 0.7882353 0.7529412 1 0.8901961 0.8470588 0.8117647 1 0.8901961 0.8313726 0.7921569 1 0.8666667 0.7882353 0.7529412 1 0.7843137 0.7058824 0.6666667 1 0.8901961 0.8313726 0.7921569 1 0.8901961 0.8313726 0.7960785 1 0.8666667 0.7882353 0.7529412 1 0.3921568 0.2901961 0.2392157 1 0.6156863 0.5254902 0.4823529 1 0.3921568 0.2901961 0.2392157 1 0.3921568 0.2901961 0.2392157 1 0.7843137 0.7058824 0.6666667 1 0.6156863 0.5254902 0.4823529 1 0.6156863 0.5254902 0.4823529 1 0.7843137 0.7058824 0.6666667 1 0.3921568 0.2901961 0.2392157 1 0.6156863 0.5254902 0.4823529 1 0.6156863 0.5254902 0.4823529 1 0.7843137 0.7058824 0.6666667 1 0.8117647 0.7294118 0.6901961 1 0.6156863 0.5254902 0.4823529 1 0.6156863 0.5254902 0.4823529 1 0.8117647 0.7294118 0.6901961 1 0.8666667 0.7921569 0.7529412 1 0.6156863 0.5254902 0.4823529 1 0.8901961 0.8431373 0.8039216 1 0.8666667 0.7921569 0.7529412 1 0.8117647 0.7294118 0.6901961 1 0.8901961 0.8431373 0.8039216 1 0.8901961 0.8705883 0.854902 1 0.8666667 0.7921569 0.7529412 1 0.06274509 0.03137254 0.03137254 1 0.7843137 0.7058824 0.6666667 1 0.06274509 0.03137254 0.03137254 1 0.06274509 0.03137254 0.03137254 1 0.7843137 0.7058824 0.6666667 1 0.7843137 0.7058824 0.6666667 1 0.06274509 0.03137254 0.03137254 1 0.7843137 0.7058824 0.6666667 1 0.06274509 0.03137254 0.03137254 1 0.06274509 0.03137254 0.03137254 1 0.06274509 0.03137254 0.03137254 1 0.7843137 0.7058824 0.6666667 1 0.8235294 0.7450981 0.7058824 1 0.8235294 0.7450981 0.7058824 1 0.8235294 0.7450981 0.7058824 1 0.8235294 0.7450981 0.7058824 1 0.8235294 0.7450981 0.7058824 1 0.8235294 0.7450981 0.7058824 1 0.8235294 0.7450981 0.7058824 1 0.8235294 0.7450981 0.7058824 1 0.8235294 0.7450981 0.7058824 1 0.8235294 0.7450981 0.7058824 1 0.8235294 0.7450981 0.7058824 1 0.8235294 0.7450981 0.7058824 1 0.7843137 0.7058824 0.6666667 1 0.7843137 0.7058824 0.6666667 1 0.7843137 0.7058824 0.6666667 1 0.7843137 0.7058824 0.6666667 1 0.7843137 0.7058824 0.6666667 1 0.7843137 0.7058824 0.6666667 1 0.7843137 0.7058824 0.6666667 1 0.7843137 0.7058824 0.6666667 1 0.7843137 0.7058824 0.6666667 1 0.7843137 0.7058824 0.6666667 1 0.7843137 0.7058824 0.6666667 1 0.7843137 0.7058824 0.6666667 1 0.7843137 0.7058824 0.6666667 1 0.7843137 0.7058824 0.6666667 1 0.7843137 0.7058824 0.6666667 1 0.7843137 0.7058824 0.6666667 1 0.7843137 0.7058824 0.6666667 1 0.7843137 0.7058824 0.6666667 1 0.8901961 0.8705883 0.8470588 1 0.7843137 0.7058824 0.6666667 1 0.7843137 0.7058824 0.6666667 1 0.8901961 0.8705883 0.8470588 1 0.7843137 0.7058824 0.6666667 1 0.7843137 0.7058824 0.6666667 1 0.8901961 0.8901961 0.8901961 1 0.8901961 0.8705883 0.8431373 1 0.8901961 0.8901961 0.8901961 1 0.8901961 0.8901961 0.8901961 1 0.8901961 0.8627451 0.8352941 1 0.8901961 0.8705883 0.8431373 1 0.8901961 0.8901961 0.8901961 1 0.8901961 0.8627451 0.8352941 1 0.8901961 0.8901961 0.8901961 1 0.8901961 0.8901961 0.8901961 1 0.8901961 0.8666667 0.8392157 1 0.8901961 0.8627451 0.8352941 1 0.7843137 0.7058824 0.6666667 1 0.7843137 0.7058824 0.6666667 1 0.7843137 0.7058824 0.6666667 1 0.7843137 0.7058824 0.6666667 1 0.7843137 0.7058824 0.6666667 1 0.7843137 0.7058824 0.6666667 1 0.7843137 0.7058824 0.6666667 1 0.7843137 0.7058824 0.6666667 1 0.7843137 0.7058824 0.6666667 1 0.7843137 0.7058824 0.6666667 1 0.7843137 0.7058824 0.6666667 1 0.7843137 0.7058824 0.6666667 1 0.6156863 0.5254902 0.4823529 1 0.3921568 0.2901961 0.2392157 1 0.3921568 0.2901961 0.2392157 1 0.6156863 0.5254902 0.4823529 1 0.7843137 0.7058824 0.6666667 1 0.3921568 0.2901961 0.2392157 1 0.8392157 0.7529412 0.7137255 1 0.7843137 0.7058824 0.6666667 1 0.6156863 0.5254902 0.4823529 1 0.8392157 0.7529412 0.7137255 1 0.8901961 0.827451 0.7803922 1 0.7843137 0.7058824 0.6666667 1 0.7843137 0.7058824 0.6666667 1 0.7843137 0.7058824 0.6666667 1 0.06274509 0.03137254 0.03137254 1 0.7843137 0.7058824 0.6666667 1 0.8509804 0.7764706 0.7372549 1 0.7843137 0.7058824 0.6666667 1 0.7843137 0.7058824 0.6666667 1 0.8509804 0.7764706 0.7372549 1 0.7843137 0.7058824 0.6666667 1 0.7843137 0.7058824 0.6666667 1 0.7843137 0.7058824 0.6666667 1 0.8509804 0.7764706 0.7372549 1 0.7843137 0.7058824 0.6666667 1 0.8509804 0.7764706 0.7372549 1 0.8901961 0.854902 0.8235294 1 0.7843137 0.7058824 0.6666667 1 0.7843137 0.7058824 0.6666667 1 0.8509804 0.7764706 0.7372549 1 0.06274509 0.03137254 0.03137254 1 0.7843137 0.7058824 0.6666667 1 0.7843137 0.7058824 0.6666667 1 0.06274509 0.03137254 0.03137254 1 0.7843137 0.7058824 0.6666667 1 0.7843137 0.7058824 0.6666667 1 0.8901961 0.8901961 0.8901961 1 0.8901961 0.8901961 0.8901961 1 0.8901961 0.8901961 0.882353 1 0.8901961 0.8901961 0.8901961 1 0.8901961 0.8901961 0.8901961 1 0.8901961 0.8901961 0.8901961 1 0.8901961 0.8901961 0.8901961 1 0.8901961 0.8901961 0.8901961 1 0.8901961 0.8901961 0.8901961 1 0.8901961 0.8901961 0.8901961 1 0.8901961 0.8901961 0.8901961 1 0.8901961 0.8901961 0.8901961 1 0.8901961 0.8901961 0.8901961 1 0.882353 0.8784314 0.8745098 1 0.8901961 0.854902 0.8235294 1 0.8901961 0.8901961 0.8901961 1 0.8901961 0.8901961 0.8901961 1 0.882353 0.8784314 0.8745098 1 0.8901961 0.8784314 0.854902 1 0.8901961 0.8901961 0.8901961 1 0.8901961 0.8901961 0.8901961 1 0.8901961 0.8627451 0.8352941 1 0.7843137 0.7058824 0.6666667 1 0.8901961 0.8705883 0.8431373 1 0.8901961 0.8627451 0.8352941 1 0.7843137 0.7058824 0.6666667 1 0.7843137 0.7058824 0.6666667 1 0.8901961 0.8666667 0.8392157 1 0.7843137 0.7058824 0.6666667 1 0.8901961 0.8627451 0.8352941 1 0.7843137 0.7058824 0.6666667 1 0.8117647 0.7333334 0.6941177 1 0.7843137 0.7058824 0.6666667 1 0.7843137 0.7058824 0.6666667 1 0.8901961 0.8627451 0.8313726 1 0.8117647 0.7333334 0.6941177 1 0.7843137 0.7058824 0.6666667 1 0.8901961 0.8627451 0.8313726 1 0.7843137 0.7058824 0.6666667 1 0.8901961 0.8862745 0.8666667 1 0.8901961 0.8901961 0.8901961 1 0.8901961 0.8901961 0.8901961 1 0.8901961 0.8862745 0.8666667 1 0.8901961 0.8901961 0.8901961 1 0.8901961 0.8901961 0.8901961 1 0.8901961 0.8627451 0.8352941 1 0.8901961 0.8901961 0.8901961 1 0.8901961 0.8862745 0.8666667 1 0.8235294 0.7450981 0.7058824 1 0.8235294 0.7450981 0.7058824 1 0.8235294 0.7450981 0.7058824 1 0.8235294 0.7450981 0.7058824 1 0.8235294 0.7450981 0.7058824 1 0.8235294 0.7450981 0.7058824 1 0.8235294 0.7450981 0.7058824 1 0.8235294 0.7450981 0.7058824 1 0.8235294 0.7450981 0.7058824 1 0.8235294 0.7450981 0.7058824 1 0.8901961 0.854902 0.827451 1 0.8235294 0.7450981 0.7058824 1 0.8235294 0.7450981 0.7058824 1 0.8705883 0.7921569 0.7568628 1 0.8901961 0.854902 0.827451 1 0.8666667 0.7921569 0.7529412 1 0.8705883 0.7921569 0.7568628 1 0.8235294 0.7450981 0.7058824 1 0.8901961 0.8901961 0.8901961 1 0.8901961 0.8901961 0.8901961 1 0.8901961 0.8901961 0.8901961 1 0.8901961 0.8901961 0.8901961 1 0.8901961 0.8901961 0.8901961 1 0.8901961 0.8901961 0.8901961 1 0.7843137 0.7058824 0.6666667 1 0.8901961 0.8901961 0.8901961 1 0.8901961 0.8901961 0.8901961 1 0.8901961 0.854902 0.827451 1 0.8901961 0.8901961 0.8901961 1 0.8235294 0.7450981 0.7058824 1 0.8901961 0.854902 0.827451 1 0.8666667 0.7921569 0.7529412 1 0.8901961 0.8901961 0.8901961 1 0.8705883 0.7921569 0.7568628 1 0.8666667 0.7921569 0.7529412 1 0.8901961 0.854902 0.827451 1 0.8901961 0.8588235 0.827451 1 0.8901961 0.8313726 0.7960785 1 0.8235294 0.7450981 0.7058824 1 0.8901961 0.8588235 0.827451 1 0.7843137 0.7058824 0.6666667 1 0.8901961 0.8313726 0.7960785 1 0.8901961 0.8313726 0.7960785 1 0.7843137 0.7058824 0.6666667 1 0.8901961 0.8588235 0.827451 1 0.7843137 0.7058824 0.6666667 1 0.7843137 0.7058824 0.6666667 1 0.7843137 0.7058824 0.6666667 1 0.7843137 0.7058824 0.6666667 1 0.7843137 0.7058824 0.6666667 1 0.7843137 0.7058824 0.6666667 1 0.7843137 0.7058824 0.6666667 1 0.7843137 0.7058824 0.6666667 1 0.7843137 0.7058824 0.6666667 1 0.3921568 0.2901961 0.2392157 1 0.6392157 0.5450981 0.4980392 1 0.3921568 0.2901961 0.2392157 1 0.3921568 0.2901961 0.2392157 1 0.6156863 0.5254902 0.4823529 1 0.6392157 0.5450981 0.4980392 1 0.6156863 0.5254902 0.4823529 1 0.6156863 0.5254902 0.4823529 1 0.3921568 0.2901961 0.2392157 1 0.7843137 0.7058824 0.6666667 1 0.7843137 0.7058824 0.6666667 1 0.7843137 0.7058824 0.6666667 1 0.7843137 0.7058824 0.6666667 1 0.7843137 0.7058824 0.6666667 1 0.7843137 0.7058824 0.6666667 1 0.7843137 0.7058824 0.6666667 1 0.7843137 0.7058824 0.6666667 1 0.7843137 0.7058824 0.6666667 1 0.8235294 0.7450981 0.7058824 1 0.8235294 0.7450981 0.7058824 1 0.8235294 0.7450981 0.7058824 1 0.8235294 0.7450981 0.7058824 1 0.8235294 0.7450981 0.7058824 1 0.8235294 0.7450981 0.7058824 1 0.8235294 0.7450981 0.7058824 1 0.8235294 0.7450981 0.7058824 1 0.8235294 0.7450981 0.7058824 1 0.7843137 0.7058824 0.6666667 1 0.8117647 0.7333334 0.6941177 1 0.7843137 0.7058824 0.6666667 1 0.7843137 0.7058824 0.6666667 1 0.7843137 0.7058824 0.6666667 1 0.8117647 0.7333334 0.6941177 1 0.7843137 0.7058824 0.6666667 1 0.7843137 0.7058824 0.6666667 1 0.7843137 0.7058824 0.6666667 1 0.06274509 0.03137254 0.03137254 1 0.7843137 0.7058824 0.6666667 1 0.06274509 0.03137254 0.03137254 1 0.06274509 0.03137254 0.03137254 1 0.7843137 0.7058824 0.6666667 1 0.7843137 0.7058824 0.6666667 1 0.7843137 0.7058824 0.6666667 1 0.7843137 0.7058824 0.6666667 1 0.06274509 0.03137254 0.03137254 1 0.8901961 0.8901961 0.8901961 1 0.8901961 0.8901961 0.882353 1 0.8901961 0.882353 0.8588235 1 0.8901961 0.8901961 0.8901961 1 0.8901961 0.8901961 0.8901961 1 0.8901961 0.8901961 0.882353 1 0.8901961 0.8901961 0.8901961 1 0.8901961 0.8901961 0.8901961 1 0.8901961 0.8901961 0.8901961 1 0.8901961 0.8901961 0.8901961 1 0.8901961 0.8901961 0.8901961 1 0.8901961 0.8901961 0.8901961 1 0.8901961 0.8901961 0.8901961 1 0.8784314 0.8039216 0.7647059 1 0.8901961 0.8901961 0.8901961 1 0.8588235 0.7843137 0.7450981 1 0.8784314 0.8039216 0.7647059 1 0.8901961 0.8901961 0.8901961 1 0.8901961 0.8784314 0.854902 1 0.8666667 0.7921569 0.7529412 1 0.7843137 0.7058824 0.6666667 1 0.8901961 0.8784314 0.854902 1 0.8901961 0.8901961 0.8901961 1 0.8666667 0.7921569 0.7529412 1 0.8784314 0.8039216 0.7647059 1 0.8901961 0.8901961 0.8901961 1 0.8666667 0.7921569 0.7568628 1 0.8784314 0.8039216 0.7647059 1 0.8901961 0.8901961 0.8901961 1 0.8901961 0.8901961 0.8901961 1 0.6901961 0.6235294 0.5921569 1 0.7568628 0.7058824 0.6745098 1 0.6901961 0.6235294 0.5921569 1 0.6901961 0.6235294 0.5921569 1 0.6901961 0.6235294 0.5921569 1 0.7568628 0.7058824 0.6745098 1 0.8235294 0.7450981 0.7058824 1 0.8235294 0.7450981 0.7058824 1 0.8235294 0.7450981 0.7058824 1 0.8235294 0.7450981 0.7058824 1 0.8235294 0.7450981 0.7058824 1 0.8235294 0.7450981 0.7058824 1 0.8901961 0.854902 0.827451 1 0.8235294 0.7450981 0.7058824 1 0.8235294 0.7450981 0.7058824 1 0.8901961 0.854902 0.827451 1 0.8705883 0.7921569 0.7568628 1 0.8235294 0.7450981 0.7058824 1 0.7843137 0.7058824 0.6666667 1 0.8901961 0.8392157 0.8 1 0.7843137 0.7058824 0.6666667 1 0.7843137 0.7058824 0.6666667 1 0.8901961 0.827451 0.7803922 1 0.8901961 0.8392157 0.8 1 0.6156863 0.5254902 0.4823529 1 0.8392157 0.7921569 0.7568628 1 0.8392157 0.7921569 0.7568628 1 0.6156863 0.5254902 0.4823529 1 0.6156863 0.5254902 0.4823529 1 0.8392157 0.7921569 0.7568628 1 0.8666667 0.7921569 0.7529412 1 0.8235294 0.7450981 0.7058824 1 0.8705883 0.7921569 0.7568628 1 0.8666667 0.7921569 0.7529412 1 0.8666667 0.7921569 0.7529412 1 0.8235294 0.7450981 0.7058824 1 0.8392157 0.7921569 0.7568628 1 0.8666667 0.7921569 0.7529412 1 0.8901961 0.8705883 0.854902 1 0.8392157 0.7921569 0.7568628 1 0.6156863 0.5254902 0.4823529 1 0.8666667 0.7921569 0.7529412 1 0.8666667 0.7921569 0.7529412 1 0.7843137 0.7058824 0.6666667 1 0.8901961 0.8588235 0.827451 1 0.8666667 0.7921569 0.7529412 1 0.8901961 0.8313726 0.7960785 1 0.7843137 0.7058824 0.6666667 1 0.7843137 0.7058824 0.6666667 1 0.7843137 0.7058824 0.6666667 1 0.7843137 0.7058824 0.6666667 1 0.7843137 0.7058824 0.6666667 1 0.7843137 0.7058824 0.6666667 1 0.7843137 0.7058824 0.6666667 1 0.6901961 0.6235294 0.5921569 1 0.7568628 0.7058824 0.6745098 1 0.6901961 0.6235294 0.5921569 1 0.6901961 0.6235294 0.5921569 1 0.6901961 0.6235294 0.5921569 1 0.7568628 0.7058824 0.6745098 1 0.7568628 0.7058824 0.6745098 1 0.6901961 0.6235294 0.5921569 1 0.6901961 0.6235294 0.5921569 1 0.7568628 0.7058824 0.6745098 1 0.6901961 0.6235294 0.5921569 1 0.6901961 0.6235294 0.5921569 1 0.8235294 0.7450981 0.7058824 1 0.8235294 0.7450981 0.7058824 1 0.8235294 0.7450981 0.7058824 1 0.8235294 0.7450981 0.7058824 1 0.8235294 0.7450981 0.7058824 1 0.8235294 0.7450981 0.7058824 1 0.8901961 0.827451 0.7803922 1 0.8901961 0.8862745 0.8666667 1 0.8901961 0.8392157 0.8 1 0.8901961 0.827451 0.7803922 1 0.8901961 0.8627451 0.8352941 1 0.8901961 0.8862745 0.8666667 1 0.8235294 0.7450981 0.7058824 1 0.8235294 0.7450981 0.7058824 1 0.8235294 0.7450981 0.7058824 1 0.8235294 0.7450981 0.7058824 1 0.8235294 0.7450981 0.7058824 1 0.8235294 0.7450981 0.7058824 1 0.7843137 0.7058824 0.6666667 1 0.7843137 0.7058824 0.6666667 1 0.7843137 0.7058824 0.6666667 1 0.7843137 0.7058824 0.6666667 1 0.7843137 0.7058824 0.6666667 1 0.7843137 0.7058824 0.6666667 1 0.8901961 0.8901961 0.8901961 1 0.8901961 0.8901961 0.8901961 1 0.8901961 0.8901961 0.8901961 1 0.8901961 0.8901961 0.8901961 1 0.8901961 0.8901961 0.8901961 1 0.8901961 0.8901961 0.8901961 1 0.7843137 0.7058824 0.6666667 1 0.7843137 0.7058824 0.6666667 1 0.7843137 0.7058824 0.6666667 1 0.7843137 0.7058824 0.6666667 1 0.7843137 0.7058824 0.6666667 1 0.7843137 0.7058824 0.6666667 1 0.8235294 0.7450981 0.7058824 1 0.8666667 0.7921569 0.7529412 1 0.8666667 0.7921569 0.7529412 1 0.8235294 0.7450981 0.7058824 1 0.8235294 0.7450981 0.7058824 1 0.8666667 0.7921569 0.7529412 1 0.7843137 0.7058824 0.6666667 1 0.7843137 0.7058824 0.6666667 1 0.7843137 0.7058824 0.6666667 1 0.7843137 0.7058824 0.6666667 1 0.7843137 0.7058824 0.6666667 1 0.7843137 0.7058824 0.6666667 1 0.8235294 0.7450981 0.7058824 1 0.8901961 0.8666667 0.8392157 1 0.8235294 0.7450981 0.7058824 1 0.8235294 0.7450981 0.7058824 1 0.8235294 0.7450981 0.7058824 1 0.8901961 0.8666667 0.8392157 1 0.8901961 0.8313726 0.7960785 1 0.7843137 0.7058824 0.6666667 1 0.7843137 0.7058824 0.6666667 1 0.8901961 0.8313726 0.7960785 1 0.8666667 0.7921569 0.7529412 1 0.7843137 0.7058824 0.6666667 1 0.8901961 0.8431373 0.8039216 1 0.8901961 0.8901961 0.8901961 1 0.8901961 0.8392157 0.8 1 0.8901961 0.8431373 0.8039216 1 0.8901961 0.8705883 0.854902 1 0.8901961 0.8901961 0.8901961 1 0.8901961 0.827451 0.7882353 1 0.7843137 0.7058824 0.6666667 1 0.7843137 0.7058824 0.6666667 1 0.8901961 0.827451 0.7882353 1 0.8901961 0.8784314 0.854902 1 0.7843137 0.7058824 0.6666667 1 0.8235294 0.7450981 0.7058824 1 0.882353 0.8784314 0.8745098 1 0.8901961 0.8901961 0.882353 1 0.8235294 0.7450981 0.7058824 1 0.8235294 0.7450981 0.7058824 1 0.882353 0.8784314 0.8745098 1 0.7843137 0.7058824 0.6666667 1 0.7843137 0.7058824 0.6666667 1 0.7843137 0.7058824 0.6666667 1 0.7843137 0.7058824 0.6666667 1 0.7843137 0.7058824 0.6666667 1 0.7843137 0.7058824 0.6666667 1 0.8901961 0.8901961 0.8901961 1 0.882353 0.8784314 0.8745098 1 0.8235294 0.7450981 0.7058824 1 0.8901961 0.8901961 0.8901961 1 0.8901961 0.8901961 0.8901961 1 0.882353 0.8784314 0.8745098 1 0.7843137 0.7058824 0.6666667 1 0.8901961 0.8431373 0.8078432 1 0.8901961 0.854902 0.8196079 1 0.7843137 0.7058824 0.6666667 1 0.7843137 0.7058824 0.6666667 1 0.8901961 0.8431373 0.8078432 1 0.06274509 0.03137254 0.03137254 1 0.7843137 0.7058824 0.6666667 1 0.06274509 0.03137254 0.03137254 1 0.06274509 0.03137254 0.03137254 1 0.06274509 0.03137254 0.03137254 1 0.7843137 0.7058824 0.6666667 1 0.7568628 0.7058824 0.6745098 1 0.6901961 0.6235294 0.5921569 1 0.6901961 0.6235294 0.5921569 1 0.7568628 0.7058824 0.6745098 1 0.6901961 0.6235294 0.5921569 1 0.6901961 0.6235294 0.5921569 1 0.8509804 0.7764706 0.7372549 1 0.8901961 0.8431373 0.8078432 1 0.7843137 0.7058824 0.6666667 1 0.8509804 0.7764706 0.7372549 1 0.8901961 0.8509804 0.8196079 1 0.8901961 0.8431373 0.8078432 1 0.06274509 0.03137254 0.03137254 1 0.7843137 0.7058824 0.6666667 1 0.06274509 0.03137254 0.03137254 1 0.06274509 0.03137254 0.03137254 1 0.06274509 0.03137254 0.03137254 1 0.7843137 0.7058824 0.6666667 1 0.7843137 0.7058824 0.6666667 1 0.8901961 0.8156863 0.7803922 1 0.7843137 0.7058824 0.6666667 1 0.7843137 0.7058824 0.6666667 1 0.7843137 0.7058824 0.6666667 1 0.8901961 0.8156863 0.7803922 1 0.8 0.7215687 0.6784314 1 0.7843137 0.7058824 0.6666667 1 0.7843137 0.7058824 0.6666667 1 0.8 0.7215687 0.6784314 1 0.8901961 0.8901961 0.8901961 1 0.7843137 0.7058824 0.6666667 1 0.8862745 0.8117647 0.7764706 1 0.8901961 0.8901961 0.8901961 1 0.8705883 0.7960785 0.7568628 1 0.8862745 0.8117647 0.7764706 1 0.8901961 0.8470588 0.8117647 1 0.8901961 0.8901961 0.8901961 1 0.8901961 0.8901961 0.8901961 1 0.8901961 0.8705883 0.8470588 1 0.8901961 0.8901961 0.8901961 1 0.8901961 0.8901961 0.8901961 1 0.8901961 0.8901961 0.882353 1 0.8901961 0.8705883 0.8470588 1 0.8901961 0.8705883 0.854902 1 0.8901961 0.8901961 0.8901961 1 0.8901961 0.8901961 0.8901961 1 0.8235294 0.7450981 0.7058824 1 0.8235294 0.7450981 0.7058824 1 0.8235294 0.7450981 0.7058824 1 0.7843137 0.7058824 0.6666667 1 0.8901961 0.8470588 0.8117647 1 0.7843137 0.7058824 0.6666667 1 0.8901961 0.8901961 0.8901961 1 0.8901961 0.8901961 0.8901961 1 0.8901961 0.8901961 0.8901961 1 0.7843137 0.7058824 0.6666667 1 0.7843137 0.7058824 0.6666667 1 0.7843137 0.7058824 0.6666667 1 0.8235294 0.7450981 0.7058824 1 0.8901961 0.8901961 0.8901961 1 0.8235294 0.7450981 0.7058824 1 0.8901961 0.8509804 0.8196079 1 0.8901961 0.854902 0.8235294 1 0.8509804 0.7764706 0.7372549 1 0.8901961 0.8588235 0.827451 1 0.7843137 0.7058824 0.6666667 1 0.8666667 0.7921569 0.7529412 1 0.8901961 0.8313726 0.7921569 1 0.7843137 0.7058824 0.6666667 1 0.7843137 0.7058824 0.6666667 1 0.8235294 0.7450981 0.7058824 1 0.8901961 0.8313726 0.7960785 1 0.8901961 0.8588235 0.827451 1 0.8901961 0.8313726 0.7960785 1 0.8235294 0.7450981 0.7058824 1 0.8901961 0.8588235 0.827451 1 0.7843137 0.7058824 0.6666667 1 0.8509804 0.7764706 0.7372549 1 0.7843137 0.7058824 0.6666667 1 0.8666667 0.7882353 0.7529412 1 0.8901961 0.8313726 0.7960785 1 0.8901961 0.8470588 0.8117647 1 0.8901961 0.8901961 0.8901961 1 0.8901961 0.8901961 0.8901961 1 0.8901961 0.8901961 0.8901961 1 0.8235294 0.7450981 0.7058824 1 0.8901961 0.8588235 0.827451 1 0.8901961 0.8313726 0.7960785 1 0.7843137 0.7058824 0.6666667 1 0.8901961 0.8431373 0.8078432 1 0.8901961 0.8901961 0.8901961 1 0.6156863 0.5254902 0.4823529 1 0.8666667 0.7921569 0.7529412 1 0.6156863 0.5254902 0.4823529 1 0.8235294 0.7450981 0.7058824 1 0.8901961 0.8588235 0.827451 1 0.8901961 0.8666667 0.8392157 1 0.8235294 0.7450981 0.7058824 1 0.8235294 0.7450981 0.7058824 1 0.8901961 0.8901961 0.8901961 1 0.7843137 0.7058824 0.6666667 1 0.7843137 0.7058824 0.6666667 1 0.7843137 0.7058824 0.6666667 1 0.06274509 0.03137254 0.03137254 1 0.7843137 0.7058824 0.6666667 1 0.7843137 0.7058824 0.6666667 1 0.7843137 0.7058824 0.6666667 1 0.7843137 0.7058824 0.6666667 1 0.7843137 0.7058824 0.6666667 1 0.8509804 0.7764706 0.7372549 1 0.7843137 0.7058824 0.6666667 1 0.7843137 0.7058824 0.6666667 1 0.8901961 0.882353 0.8588235 1 0.8901961 0.8901961 0.8901961 1 0.8901961 0.8862745 0.8666667 1 0.8235294 0.7450981 0.7058824 1 0.8235294 0.7450981 0.7058824 1 0.8235294 0.7450981 0.7058824 1 0.8588235 0.7843137 0.7450981 1 0.8901961 0.8901961 0.8901961 1 0.8901961 0.8901961 0.8901961 1 0.8901961 0.8901961 0.8901961 1 0.8901961 0.8901961 0.8901961 1 0.8901961 0.8901961 0.8901961 1 0.8901961 0.8901961 0.882353 1 0.8235294 0.7450981 0.7058824 1 0.8235294 0.7450981 0.7058824 1 0.8901961 0.8901961 0.882353 1 0.8901961 0.8901961 0.8901961 1 0.8235294 0.7450981 0.7058824 1 0.8901961 0.8666667 0.8392157 1 0.8901961 0.8901961 0.8901961 1 0.8901961 0.8901961 0.882353 1 0.8901961 0.8666667 0.8392157 1 0.882353 0.8784314 0.8745098 1 0.8901961 0.8901961 0.8901961 1 0.8901961 0.854902 0.8235294 1 0.882353 0.8784314 0.8745098 1 0.8901961 0.8666667 0.8392157 1 0.8901961 0.854902 0.8235294 1 0.8901961 0.8509804 0.8156863 1 0.882353 0.8784314 0.8745098 1 0.7843137 0.7058824 0.6666667 1 0.8901961 0.8509804 0.8156863 1 0.8901961 0.854902 0.8235294 1 0.7843137 0.7058824 0.6666667 1 0.7843137 0.7058824 0.6666667 1 0.8901961 0.8509804 0.8156863 1 0.7843137 0.7058824 0.6666667 1 0.7843137 0.7058824 0.6666667 1 0.7843137 0.7058824 0.6666667 1 0.7843137 0.7058824 0.6666667 1 0.7843137 0.7058824 0.6666667 1 0.7843137 0.7058824 0.6666667 1 0.7843137 0.7058824 0.6666667 1 0.7843137 0.7058824 0.6666667 1 0.7843137 0.7058824 0.6666667 1 0.7843137 0.7058824 0.6666667 1 0.7843137 0.7058824 0.6666667 1 0.7843137 0.7058824 0.6666667 1 0.7843137 0.7058824 0.6666667 1 0.7843137 0.7058824 0.6666667 1 0.7843137 0.7058824 0.6666667 1 0.7843137 0.7058824 0.6666667 1 0.8705883 0.7803922 0.7372549 1 0.7843137 0.7058824 0.6666667 1 0.8509804 0.7764706 0.7372549 1 0.8705883 0.7803922 0.7372549 1 0.7843137 0.7058824 0.6666667 1 0.8509804 0.7764706 0.7372549 1 0.7843137 0.7058824 0.6666667 1 0.8705883 0.7803922 0.7372549 1 0.7843137 0.7058824 0.6666667 1 0.7843137 0.7058824 0.6666667 1 0.8509804 0.7764706 0.7372549 1 0.7843137 0.7058824 0.6666667 1 0.7843137 0.7058824 0.6666667 1 0.7843137 0.7058824 0.6666667 1 0.7843137 0.7058824 0.6666667 1 0.7843137 0.7058824 0.6666667 1 0.7843137 0.7058824 0.6666667 1 0.7843137 0.7058824 0.6666667 1 0.7843137 0.7058824 0.6666667 1 0.7843137 0.7058824 0.6666667 1 0.7843137 0.7058824 0.6666667 1 0.7843137 0.7058824 0.6666667 1 0.7843137 0.7058824 0.6666667 1 0.7843137 0.7058824 0.6666667 1 0.8078432 0.7254902 0.6862745 1 0.7843137 0.7058824 0.6666667 1 0.7843137 0.7058824 0.6666667 1 0.8078432 0.7254902 0.6862745 1 0.7843137 0.7058824 0.6666667 1 0.7843137 0.7058824 0.6666667 1 0.7843137 0.7058824 0.6666667 1 0.8078432 0.7254902 0.6862745 1 0.7843137 0.7058824 0.6666667 1 0.7843137 0.7058824 0.6666667 1 0.7843137 0.7058824 0.6666667 1 0.827451 0.7490196 0.7098039 1 0.8235294 0.7450981 0.7058824 1 0.8352941 0.7607843 0.7215687 1 0.827451 0.7490196 0.7098039 1 0.8901961 0.8431373 0.8078432 1 0.8235294 0.7450981 0.7058824 1 0.7843137 0.7058824 0.6666667 1 0.8901961 0.8431373 0.8078432 1 0.827451 0.7490196 0.7098039 1 0.7843137 0.7058824 0.6666667 1 0.8509804 0.7764706 0.7372549 1 0.8901961 0.8431373 0.8078432 1 0.7843137 0.7058824 0.6666667 1 0.8509804 0.7764706 0.7372549 1 0.7843137 0.7058824 0.6666667 1 0.7843137 0.7058824 0.6666667 1 0.7843137 0.7058824 0.6666667 1 0.8509804 0.7764706 0.7372549 1 0.7843137 0.7058824 0.6666667 1 0.7843137 0.7058824 0.6666667 1 0.7843137 0.7058824 0.6666667 1 0.7843137 0.7058824 0.6666667 1 0.7843137 0.7058824 0.6666667 1 0.7843137 0.7058824 0.6666667 1 0.7843137 0.7058824 0.6666667 1 0.7843137 0.7058824 0.6666667 1 0.7843137 0.7058824 0.6666667 1 0.7843137 0.7058824 0.6666667 1 0.8078432 0.7254902 0.6862745 1 0.7843137 0.7058824 0.6666667 1 0.7843137 0.7058824 0.6666667 1 0.8078432 0.7254902 0.6862745 1 0.7843137 0.7058824 0.6666667 1 0.7843137 0.7058824 0.6666667 1 0.7843137 0.7058824 0.6666667 1 0.8078432 0.7254902 0.6862745 1 0.7843137 0.7058824 0.6666667 1 0.7843137 0.7058824 0.6666667 1 0.7843137 0.7058824 0.6666667 1 0.7843137 0.7058824 0.6666667 1 0.7843137 0.7058824 0.6666667 1 0.7843137 0.7058824 0.6666667 1 0.7843137 0.7058824 0.6666667 1 0.7843137 0.7058824 0.6666667 1 0.7843137 0.7058824 0.6666667 1 0.7843137 0.7058824 0.6666667 1 0.7843137 0.7058824 0.6666667 1 0.7843137 0.7058824 0.6666667 1 0.8509804 0.7764706 0.7372549 1 0.7843137 0.7058824 0.6666667 1 0.7843137 0.7058824 0.6666667 1 0.8509804 0.7764706 0.7372549 1 0.8705883 0.7803922 0.7372549 1 0.7843137 0.7058824 0.6666667 1 0.7843137 0.7058824 0.6666667 1 0.8705883 0.7803922 0.7372549 1 0.8509804 0.7764706 0.7372549 1 0.7843137 0.7058824 0.6666667 1 0.7843137 0.7058824 0.6666667 1 0.8705883 0.7803922 0.7372549 1 0.7843137 0.7058824 0.6666667 1 0.7843137 0.7058824 0.6666667 1 0.7843137 0.7058824 0.6666667 1 0.7843137 0.7058824 0.6666667 1 0.7843137 0.7058824 0.6666667 1 0.7843137 0.7058824 0.6666667 1 0.7843137 0.7058824 0.6666667 1 0.7843137 0.7058824 0.6666667 1 0.7843137 0.7058824 0.6666667 1 0.8235294 0.7450981 0.7058824 1 0.8901961 0.8901961 0.882353 1 0.8235294 0.7450981 0.7058824 1 0.8235294 0.7450981 0.7058824 1 0.8901961 0.8627451 0.8352941 1 0.8901961 0.8901961 0.882353 1 0.8901961 0.854902 0.8235294 1 0.8901961 0.8627451 0.8352941 1 0.8235294 0.7450981 0.7058824 1 0.8901961 0.854902 0.8235294 1 0.8901961 0.8666667 0.8392157 1 0.8901961 0.8627451 0.8352941 1 0.8901961 0.854902 0.8235294 1 0.8901961 0.8666667 0.8392157 1 0.8901961 0.854902 0.8235294 1 0.8901961 0.854902 0.8235294 1 0.8901961 0.854902 0.8235294 1 0.8901961 0.8666667 0.8392157 1 0.8901961 0.8078432 0.7686275 1 0.8901961 0.854902 0.8235294 1 0.8901961 0.854902 0.8235294 1 0.8901961 0.8078432 0.7686275 1 0.8431373 0.7607843 0.7215687 1 0.8901961 0.854902 0.8235294 1 0.8705883 0.7803922 0.7372549 1 0.8431373 0.7607843 0.7215687 1 0.8901961 0.8078432 0.7686275 1 0.8705883 0.7803922 0.7372549 1 0.8078432 0.7254902 0.6862745 1 0.8431373 0.7607843 0.7215687 1 0.7843137 0.7058824 0.6666667 1 0.8078432 0.7254902 0.6862745 1 0.8705883 0.7803922 0.7372549 1 0.8901961 0.8 0.7529412 1 0.7843137 0.7058824 0.6666667 1 0.7843137 0.7058824 0.6666667 1 0.8901961 0.8 0.7529412 1 0.8705883 0.7803922 0.7372549 1 0.7843137 0.7058824 0.6666667 1 0.8745098 0.7960785 0.7607843 1 0.8705883 0.7803922 0.7372549 1 0.8901961 0.8 0.7529412 1 0.8745098 0.7960785 0.7607843 1 0.8705883 0.7803922 0.7372549 1 0.8705883 0.7803922 0.7372549 1 0.8901961 0.854902 0.8235294 1 0.8705883 0.7803922 0.7372549 1 0.8745098 0.7960785 0.7607843 1 0.8901961 0.854902 0.8235294 1 0.8901961 0.8078432 0.7686275 1 0.8705883 0.7803922 0.7372549 1 0.8901961 0.854902 0.8235294 1 0.8901961 0.8078432 0.7686275 1 0.8901961 0.854902 0.8235294 1 0.8901961 0.854902 0.8235294 1 0.8431373 0.7607843 0.7215687 1 0.8901961 0.8078432 0.7686275 1 0.7843137 0.7058824 0.6666667 1 0.8431373 0.7607843 0.7215687 1 0.8901961 0.854902 0.8235294 1 0.7843137 0.7058824 0.6666667 1 0.8078432 0.7254902 0.6862745 1 0.8431373 0.7607843 0.7215687 1 0.8901961 0.8156863 0.7764706 1 0.8235294 0.7450981 0.7058824 1 0.8235294 0.7450981 0.7058824 1 0.8901961 0.8156863 0.7764706 1 0.8235294 0.7450981 0.7058824 1 0.8235294 0.7450981 0.7058824 1 0.8901961 0.8588235 0.827451 1 0.8235294 0.7450981 0.7058824 1 0.8901961 0.8156863 0.7764706 1 0.8901961 0.8588235 0.827451 1 0.8901961 0.854902 0.8235294 1 0.8235294 0.7450981 0.7058824 1 0.8901961 0.8 0.7529412 1 0.8901961 0.854902 0.8235294 1 0.8901961 0.8588235 0.827451 1 0.8901961 0.8 0.7529412 1 0.8745098 0.7960785 0.7607843 1 0.8901961 0.854902 0.8235294 1 0.8705883 0.7803922 0.7372549 1 0.8745098 0.7960785 0.7607843 1 0.8901961 0.8 0.7529412 1 0.8705883 0.7803922 0.7372549 1 0.8705883 0.7803922 0.7372549 1 0.8745098 0.7960785 0.7607843 1 0.8705883 0.7803922 0.7372549 1 0.8705883 0.7803922 0.7372549 1 0.8705883 0.7803922 0.7372549 1 0.8705883 0.7803922 0.7372549 1 0.8705883 0.7803922 0.7372549 1 0.8705883 0.7803922 0.7372549 1 0.8705883 0.7803922 0.7372549 1 0.7843137 0.7058824 0.6666667 1 0.7843137 0.7058824 0.6666667 1 0.8705883 0.7803922 0.7372549 1 0.7843137 0.7058824 0.6666667 1 0.7843137 0.7058824 0.6666667 1 0.8705883 0.7803922 0.7372549 1 0.7843137 0.7058824 0.6666667 1 0.8705883 0.7803922 0.7372549 1 0.8705883 0.7803922 0.7372549 1 0.8705883 0.7803922 0.7372549 1 0.7843137 0.7058824 0.6666667 1 0.8705883 0.7803922 0.7372549 1 0.8705883 0.7803922 0.7372549 1 0.8705883 0.7803922 0.7372549 1 0.8705883 0.7803922 0.7372549 1 0.7843137 0.7058824 0.6666667 1 0.8705883 0.7803922 0.7372549 1 0.8901961 0.8 0.7529412 1 0.7843137 0.7058824 0.6666667 1 0.8705883 0.7803922 0.7372549 1 0.8901961 0.8 0.7529412 1 0.7843137 0.7058824 0.6666667 1 0.7843137 0.7058824 0.6666667 1 0.882353 0.8784314 0.8745098 1 0.8235294 0.7450981 0.7058824 1 0.8901961 0.8901961 0.8901961 1 0.882353 0.8784314 0.8745098 1 0.8235294 0.7450981 0.7058824 1 0.8235294 0.7450981 0.7058824 1 0.8901961 0.8588235 0.827451 1 0.8235294 0.7450981 0.7058824 1 0.882353 0.8784314 0.8745098 1 0.8901961 0.8588235 0.827451 1 0.8901961 0.8431373 0.8078432 1 0.8235294 0.7450981 0.7058824 1 0.8509804 0.7764706 0.7372549 1 0.8901961 0.8431373 0.8078432 1 0.8901961 0.8588235 0.827451 1 0.8509804 0.7764706 0.7372549 1 0.7843137 0.7058824 0.6666667 1 0.8901961 0.8431373 0.8078432 1 0.7843137 0.7058824 0.6666667 1 0.7843137 0.7058824 0.6666667 1 0.8509804 0.7764706 0.7372549 1 0.7843137 0.7058824 0.6666667 1 0.7843137 0.7058824 0.6666667 1 0.7843137 0.7058824 0.6666667 1 0.7843137 0.7058824 0.6666667 1 0.7843137 0.7058824 0.6666667 1 0.7843137 0.7058824 0.6666667 1 0.7843137 0.7058824 0.6666667 1 0.7843137 0.7058824 0.6666667 1 0.7843137 0.7058824 0.6666667 1 0.7843137 0.7058824 0.6666667 1 0.7843137 0.7058824 0.6666667 1 0.7843137 0.7058824 0.6666667 1 0.7843137 0.7058824 0.6666667 1 0.7843137 0.7058824 0.6666667 1 0.7843137 0.7058824 0.6666667 1 0.7843137 0.7058824 0.6666667 1 0.7843137 0.7058824 0.6666667 1 0.7843137 0.7058824 0.6666667 1 0.7843137 0.7058824 0.6666667 1 0.7843137 0.7058824 0.6666667 1 0.7843137 0.7058824 0.6666667 1 0.8509804 0.7764706 0.7372549 1 0.7843137 0.7058824 0.6666667 1 0.7843137 0.7058824 0.6666667 1 0.7843137 0.7058824 0.6666667 1 0.7843137 0.7058824 0.6666667 1 0.7843137 0.7058824 0.6666667 1 0.7843137 0.7058824 0.6666667 1 0.7843137 0.7058824 0.6666667 1 0.7843137 0.7058824 0.6666667 1 0.7843137 0.7058824 0.6666667 1 0.7843137 0.7058824 0.6666667 1 0.7843137 0.7058824 0.6666667 1 0.7843137 0.7058824 0.6666667 1 0.7843137 0.7058824 0.6666667 1 0.7843137 0.7058824 0.6666667 1 0.7843137 0.7058824 0.6666667 1 0.7843137 0.7058824 0.6666667 1 0.7843137 0.7058824 0.6666667 1 0.7843137 0.7058824 0.6666667 1 0.7843137 0.7058824 0.6666667 1 0.7843137 0.7058824 0.6666667 1 0.8509804 0.7764706 0.7372549 1 0.7843137 0.7058824 0.6666667 1 0.7843137 0.7058824 0.6666667 1 0.8705883 0.7803922 0.7372549 1 0.8705883 0.7803922 0.7372549 1 0.7843137 0.7058824 0.6666667 1 0.8705883 0.7803922 0.7372549 1 0.8705883 0.7803922 0.7372549 1 0.8705883 0.7803922 0.7372549 1 0.8705883 0.7803922 0.7372549 1 0.8705883 0.7803922 0.7372549 1 0.8705883 0.7803922 0.7372549 1 0.8705883 0.7803922 0.7372549 1 0.8705883 0.7803922 0.7372549 1 0.8705883 0.7803922 0.7372549 1 0.8901961 0.8078432 0.7686275 1 0.8705883 0.7803922 0.7372549 1 0.8705883 0.7803922 0.7372549 1 0.8901961 0.8078432 0.7686275 1 0.8431373 0.7607843 0.7215687 1 0.8705883 0.7803922 0.7372549 1 0.8901961 0.854902 0.8235294 1 0.8901961 0.854902 0.8235294 1 0.8745098 0.7960785 0.7607843 1 0.8901961 0.854902 0.8235294 1 0.8901961 0.8666667 0.8392157 1 0.8901961 0.854902 0.8235294 1 0.8901961 0.8627451 0.8352941 1 0.8901961 0.8666667 0.8392157 1 0.8901961 0.854902 0.8235294 1 0.8901961 0.8627451 0.8352941 1 0.8901961 0.8901961 0.882353 1 0.8901961 0.8666667 0.8392157 1 0.8235294 0.7450981 0.7058824 1 0.8901961 0.8901961 0.882353 1 0.8901961 0.8627451 0.8352941 1 0.8235294 0.7450981 0.7058824 1 0.8235294 0.7450981 0.7058824 1 0.8901961 0.8901961 0.882353 1 0.8235294 0.7450981 0.7058824 1 0.8901961 0.8901961 0.882353 1 0.8235294 0.7450981 0.7058824 1 0.8235294 0.7450981 0.7058824 1 0.8901961 0.8901961 0.8901961 1 0.8901961 0.8901961 0.882353 1 0.882353 0.8784314 0.8745098 1 0.8901961 0.8901961 0.8901961 1 0.8235294 0.7450981 0.7058824 1 0.882353 0.8784314 0.8745098 1 0.8901961 0.8666667 0.8392157 1 0.8901961 0.8901961 0.8901961 1 0.8901961 0.854902 0.8235294 1 0.8901961 0.8666667 0.8392157 1 0.882353 0.8784314 0.8745098 1 0.8901961 0.854902 0.8235294 1 0.8901961 0.854902 0.8235294 1 0.8901961 0.8666667 0.8392157 1 0.8901961 0.854902 0.8235294 1 0.8901961 0.8 0.7529412 1 0.8901961 0.8588235 0.827451 1 0.8901961 0.854902 0.8235294 1 0.8745098 0.7960785 0.7607843 1 0.8901961 0.8 0.7529412 1 0.8901961 0.8588235 0.827451 1 0.8745098 0.7960785 0.7607843 1 0.8901961 0.854902 0.8235294 1 0.8901961 0.8588235 0.827451 1 0.8901961 0.854902 0.8235294 1 0.8745098 0.7960785 0.7607843 1 0.8235294 0.7450981 0.7058824 1 0.8901961 0.854902 0.8235294 1 0.8901961 0.8588235 0.827451 1 0.8235294 0.7450981 0.7058824 1 0.8509804 0.7764706 0.7372549 1 0.8235294 0.7450981 0.7058824 1 0.8235294 0.7450981 0.7058824 1 0.8509804 0.7764706 0.7372549 1 0.8509804 0.7764706 0.7372549 1 0.8901961 0.8156863 0.7764706 1 0.8509804 0.7764706 0.7372549 1 0.8235294 0.7450981 0.7058824 1 0.8901961 0.8156863 0.7764706 1 0.8509804 0.7764706 0.7372549 1 0.8509804 0.7764706 0.7372549 1 0.8901961 0.8588235 0.827451 1 0.8509804 0.7764706 0.7372549 1 0.8901961 0.8156863 0.7764706 1 0.8235294 0.7450981 0.7058824 1 0.882353 0.8784314 0.8745098 1 0.8235294 0.7450981 0.7058824 1 0.8235294 0.7450981 0.7058824 1 0.8901961 0.8588235 0.827451 1 0.882353 0.8784314 0.8745098 1 0.8901961 0.8431373 0.8078432 1 0.8901961 0.8588235 0.827451 1 0.8235294 0.7450981 0.7058824 1 0.8901961 0.8431373 0.8078432 1 0.8509804 0.7764706 0.7372549 1 0.8901961 0.8588235 0.827451 1 0.8901961 0.8509804 0.8156863 1 0.8901961 0.8588235 0.827451 1 0.882353 0.8784314 0.8745098 1 0.8901961 0.8509804 0.8156863 1 0.8509804 0.7764706 0.7372549 1 0.8901961 0.8588235 0.827451 1 0.7843137 0.7058824 0.6666667 1 0.8509804 0.7764706 0.7372549 1 0.8901961 0.8509804 0.8156863 1 0.7843137 0.7058824 0.6666667 1 0.7843137 0.7058824 0.6666667 1 0.8509804 0.7764706 0.7372549 1 0.8509804 0.7764706 0.7372549 1 0.8235294 0.7450981 0.7058824 1 0.8235294 0.7450981 0.7058824 1 0.8509804 0.7764706 0.7372549 1 0.8509804 0.7764706 0.7372549 1 0.8235294 0.7450981 0.7058824 1 0.7843137 0.7058824 0.6666667 1 0.8509804 0.7764706 0.7372549 1 0.8509804 0.7764706 0.7372549 1 0.7843137 0.7058824 0.6666667 1 0.8509804 0.7764706 0.7372549 1 0.8509804 0.7764706 0.7372549 1 0.8509804 0.7764706 0.7372549 1 0.7843137 0.7058824 0.6666667 1 0.827451 0.7490196 0.7098039 1 0.8509804 0.7764706 0.7372549 1 0.7843137 0.7058824 0.6666667 1 0.7843137 0.7058824 0.6666667 1 0.8509804 0.7764706 0.7372549 1 0.7843137 0.7058824 0.6666667 1 0.8509804 0.7764706 0.7372549 1 0.8509804 0.7764706 0.7372549 1 0.8509804 0.7764706 0.7372549 1 0.7843137 0.7058824 0.6666667 1 0.8235294 0.7450981 0.7058824 1 0.8235294 0.7450981 0.7058824 1 0.8235294 0.7450981 0.7058824 1 0.8235294 0.7450981 0.7058824 1 0.8235294 0.7450981 0.7058824 1 0.8235294 0.7450981 0.7058824 1 0.8235294 0.7450981 0.7058824 1 0.8235294 0.7450981 0.7058824 1 0.8235294 0.7450981 0.7058824 1 0.8235294 0.7450981 0.7058824 1 0.8235294 0.7450981 0.7058824 1 0.8235294 0.7450981 0.7058824 1 0.8235294 0.7450981 0.7058824 1 0.8235294 0.7450981 0.7058824 1 0.8235294 0.7450981 0.7058824 1 0.8235294 0.7450981 0.7058824 1 0.8235294 0.7450981 0.7058824 1 0.8235294 0.7450981 0.7058824 1 0.8235294 0.7450981 0.7058824 1 0.8235294 0.7450981 0.7058824 1 0.8235294 0.7450981 0.7058824 1 0.7843137 0.7058824 0.6666667 1 0.7843137 0.7058824 0.6666667 1 0.7843137 0.7058824 0.6666667 1 0.7843137 0.7058824 0.6666667 1 0.7843137 0.7058824 0.6666667 1 0.7843137 0.7058824 0.6666667 1 0.7843137 0.7058824 0.6666667 1 0.7843137 0.7058824 0.6666667 1 0.7843137 0.7058824 0.6666667 1 0.8901961 0.8509804 0.8156863 1 0.882353 0.8784314 0.8745098 1 0.8901961 0.8588235 0.827451 1 0.8901961 0.8509804 0.8156863 1 0.8901961 0.854902 0.8235294 1 0.882353 0.8784314 0.8745098 1 0.7843137 0.7058824 0.6666667 1 0.8901961 0.854902 0.8235294 1 0.8901961 0.8509804 0.8156863 1 0.8235294 0.7450981 0.7058824 1 0.8235294 0.7450981 0.7058824 1 0.8235294 0.7450981 0.7058824 1 0.8235294 0.7450981 0.7058824 1 0.8235294 0.7450981 0.7058824 1 0.8235294 0.7450981 0.7058824 1 0.8235294 0.7450981 0.7058824 1 0.8235294 0.7450981 0.7058824 1 0.8235294 0.7450981 0.7058824 1 0.8901961 0.8588235 0.827451 1 0.8235294 0.7450981 0.7058824 1 0.8901961 0.854902 0.8235294 1 0.8901961 0.8588235 0.827451 1 0.8901961 0.854902 0.8235294 1 0.8235294 0.7450981 0.7058824 1 0.8745098 0.7960785 0.7607843 1 0.8901961 0.854902 0.8235294 1 0.8901961 0.8588235 0.827451 1 0.7568628 0.7254902 0.6980392 1 0.6901961 0.6235294 0.5921569 1 0.6901961 0.6235294 0.5921569 1 0.7568628 0.7254902 0.6980392 1 0.6901961 0.6235294 0.5921569 1 0.6901961 0.6235294 0.5921569 1 0.6901961 0.6235294 0.5921569 1 0.7568628 0.7254902 0.6980392 1 0.6901961 0.6235294 0.5921569 1 0.6901961 0.6235294 0.5921569 1 0.6901961 0.6235294 0.5921569 1 0.7568628 0.7254902 0.6980392 1 0.8901961 0.854902 0.8235294 1 0.8745098 0.7960785 0.7607843 1 0.8705883 0.7803922 0.7372549 1 0.8901961 0.854902 0.8235294 1 0.8901961 0.854902 0.8235294 1 0.8745098 0.7960785 0.7607843 1 0.8235294 0.7450981 0.7058824 1 0.8235294 0.7450981 0.7058824 1 0.8235294 0.7450981 0.7058824 1 0.8235294 0.7450981 0.7058824 1 0.8235294 0.7450981 0.7058824 1 0.8235294 0.7450981 0.7058824 1 0.6901961 0.6235294 0.5921569 1 0.7568628 0.7254902 0.6980392 1 0.6901961 0.6235294 0.5921569 1 0.6901961 0.6235294 0.5921569 1 0.6901961 0.6235294 0.5921569 1 0.7568628 0.7254902 0.6980392 1 0.7568628 0.7254902 0.6980392 1 0.6901961 0.6235294 0.5921569 1 0.6901961 0.6235294 0.5921569 1 0.7568628 0.7254902 0.6980392 1 0.6901961 0.6235294 0.5921569 1 0.6901961 0.6235294 0.5921569 1 0.8235294 0.7450981 0.7058824 1 0.8901961 0.8156863 0.7764706 1 0.8235294 0.7450981 0.7058824 1 0.8235294 0.7450981 0.7058824 1 0.8235294 0.7450981 0.7058824 1 0.8901961 0.8156863 0.7764706 1 0.8235294 0.7450981 0.7058824 1 0.8901961 0.8588235 0.827451 1 0.8901961 0.8156863 0.7764706 1 0.8235294 0.7450981 0.7058824 1 0.8901961 0.854902 0.8235294 1 0.8901961 0.8588235 0.827451 1 0.8509804 0.7764706 0.7372549 1 0.8901961 0.8509804 0.8156863 1 0.8901961 0.8588235 0.827451 1 0.8509804 0.7764706 0.7372549 1 0.7843137 0.7058824 0.6666667 1 0.8901961 0.8509804 0.8156863 1 0.8235294 0.7450981 0.7058824 1 0.827451 0.7490196 0.7098039 1 0.8352941 0.7607843 0.7215687 1 0.8235294 0.7450981 0.7058824 1 0.8901961 0.8431373 0.8078432 1 0.827451 0.7490196 0.7098039 1 0.7843137 0.7058824 0.6666667 1 0.7843137 0.7058824 0.6666667 1 0.7843137 0.7058824 0.6666667 1 0.7843137 0.7058824 0.6666667 1 0.7843137 0.7058824 0.6666667 1 0.7843137 0.7058824 0.6666667 1 0.8705883 0.7803922 0.7372549 1 0.7843137 0.7058824 0.6666667 1 0.8705883 0.7803922 0.7372549 1 0.8705883 0.7803922 0.7372549 1 0.8705883 0.7803922 0.7372549 1 0.7843137 0.7058824 0.6666667 1 0.8078432 0.7254902 0.6862745 1 0.8705883 0.7803922 0.7372549 1 0.8431373 0.7607843 0.7215687 1 0.8078432 0.7254902 0.6862745 1 0.7843137 0.7058824 0.6666667 1 0.8705883 0.7803922 0.7372549 1 0.8705883 0.7803922 0.7372549 1 0.7843137 0.7058824 0.6666667 1 0.7843137 0.7058824 0.6666667 1 0.8705883 0.7803922 0.7372549 1 0.7843137 0.7058824 0.6666667 1 0.7843137 0.7058824 0.6666667 1 0.7843137 0.7058824 0.6666667 1 0.7843137 0.7058824 0.6666667 1 0.7843137 0.7058824 0.6666667 1 0.7843137 0.7058824 0.6666667 1 0.8509804 0.7764706 0.7372549 1 0.7843137 0.7058824 0.6666667 1 0.7843137 0.7058824 0.6666667 1 0.7843137 0.7058824 0.6666667 1 0.7843137 0.7058824 0.6666667 1 0.7843137 0.7058824 0.6666667 1 0.7843137 0.7058824 0.6666667 1 0.7843137 0.7058824 0.6666667 1 0.8235294 0.7450981 0.7058824 1 0.8235294 0.7450981 0.7058824 1 0.8235294 0.7450981 0.7058824 1 0.8235294 0.7450981 0.7058824 1 0.8235294 0.7450981 0.7058824 1 0.8235294 0.7450981 0.7058824 1 0.7843137 0.7058824 0.6666667 1 0.7843137 0.7058824 0.6666667 1 0.7843137 0.7058824 0.6666667 1 0.7843137 0.7058824 0.6666667 1 0.8509804 0.7764706 0.7372549 1 0.7843137 0.7058824 0.6666667 1 0.827451 0.7490196 0.7098039 1 0.7843137 0.7058824 0.6666667 1 0.8509804 0.7764706 0.7372549 1 0.827451 0.7490196 0.7098039 1 0.8901961 0.8431373 0.8078432 1 0.7843137 0.7058824 0.6666667 1 0.8431373 0.7607843 0.7215687 1 0.7843137 0.7058824 0.6666667 1 0.8901961 0.854902 0.8235294 1 0.8431373 0.7607843 0.7215687 1 0.8078432 0.7254902 0.6862745 1 0.7843137 0.7058824 0.6666667 1 0.8235294 0.7450981 0.7058824 1 0.8235294 0.7450981 0.7058824 1 0.8235294 0.7450981 0.7058824 1 0.8235294 0.7450981 0.7058824 1 0.8235294 0.7450981 0.7058824 1 0.8235294 0.7450981 0.7058824 1 0.7843137 0.7058824 0.6666667 1 0.7843137 0.7058824 0.6666667 1 0.8509804 0.7764706 0.7372549 1 0.7843137 0.7058824 0.6666667 1 0.7843137 0.7058824 0.6666667 1 0.7843137 0.7058824 0.6666667 1 0.8509804 0.7764706 0.7372549 1 0.8901961 0.8156863 0.7764706 1 0.8235294 0.7450981 0.7058824 1 0.8509804 0.7764706 0.7372549 1 0.8509804 0.7764706 0.7372549 1 0.8901961 0.8156863 0.7764706 1 0.8901961 0.8078432 0.7686275 1 0.8705883 0.7803922 0.7372549 1 0.8705883 0.7803922 0.7372549 1 0.8901961 0.8078432 0.7686275 1 0.8901961 0.854902 0.8235294 1 0.8705883 0.7803922 0.7372549 1 0.8235294 0.7450981 0.7058824 1 0.8901961 0.8431373 0.8078432 1 0.8235294 0.7450981 0.7058824 1 0.8235294 0.7450981 0.7058824 1 0.8235294 0.7450981 0.7058824 1 0.8901961 0.8431373 0.8078432 1 0.8901961 0.854902 0.8235294 1 0.8235294 0.7450981 0.7058824 1 0.8901961 0.8588235 0.827451 1 0.8901961 0.8666667 0.8392157 1 0.8901961 0.8901961 0.882353 1 0.8901961 0.8627451 0.8352941 1 0.8509804 0.7764706 0.7372549 1 0.8901961 0.8588235 0.827451 1 0.8901961 0.8156863 0.7764706 1 0.7843137 0.7058824 0.6666667 1 0.7843137 0.7058824 0.6666667 1 0.7843137 0.7058824 0.6666667 1 0.8901961 0.854902 0.8235294 1 0.8235294 0.7450981 0.7058824 1 0.8901961 0.8627451 0.8352941 1 0.8235294 0.7450981 0.7058824 1 0.8235294 0.7450981 0.7058824 1 0.8235294 0.7450981 0.7058824 1 0.8745098 0.7960785 0.7607843 1 0.8901961 0.8588235 0.827451 1 0.8901961 0.854902 0.8235294 1 0.8235294 0.7450981 0.7058824 1 0.8235294 0.7450981 0.7058824 1 0.8235294 0.7450981 0.7058824 1 0.8901961 0.8666667 0.8392157 1 0.8901961 0.8901961 0.882353 1 0.8901961 0.8901961 0.8901961 1 0.8901961 0.8509804 0.8156863 1 0.7843137 0.7058824 0.6666667 1 0.7843137 0.7058824 0.6666667 1</float_array>
          <technique_common>
            <accessor source="#meshId1_name-mesh-colors-meshId1-color0-array" count="2460" stride="4">
              <param name="R" type="float"/>
              <param name="G" type="float"/>
              <param name="B" type="float"/>
              <param name="A" type="float"/>
            </accessor>
          </technique_common>
        </source>
        <vertices id="meshId1_name-mesh-vertices">
          <input semantic="POSITION" source="#meshId1_name-mesh-positions"/>
        </vertices>
        <triangles material="m1Body_v-material" count="820">
          <input semantic="VERTEX" source="#meshId1_name-mesh-vertices" offset="0"/>
          <input semantic="NORMAL" source="#meshId1_name-mesh-normals" offset="1"/>
          <input semantic="TEXCOORD" source="#meshId1_name-mesh-map-0" offset="2" set="0"/>
          <input semantic="COLOR" source="#meshId1_name-mesh-colors-meshId1-color0" offset="3" set="0"/>
          <p>2 0 0 0 1 1 1 1 0 2 2 2 2 0 3 3 3 3 4 4 1 1 5 5 4 4 6 6 3 3 7 7 2 0 8 8 4 4 9 9 5 5 10 10 3 3 11 11 6 6 12 12 5 5 13 13 4 4 14 14 6 6 15 15 7 7 16 16 5 5 17 17 8 8 18 18 7 7 19 19 6 6 20 20 8 8 21 21 9 9 22 22 7 7 23 23 10 10 24 24 9 9 25 25 8 8 26 26 10 10 27 27 11 11 28 28 9 9 29 29 12 12 30 30 11 11 31 31 10 10 32 32 12 12 33 33 13 13 34 34 11 11 35 35 14 14 36 36 13 13 37 37 12 12 38 38 14 14 39 39 15 15 40 40 13 13 41 41 16 16 42 42 15 15 43 43 14 14 44 44 16 16 45 45 17 17 46 46 15 15 47 47 18 18 48 48 17 17 49 49 16 16 50 50 18 18 51 51 19 19 52 52 17 17 53 53 20 20 54 54 19 19 55 55 18 18 56 56 20 20 57 57 21 21 58 58 19 19 59 59 22 22 60 60 21 21 61 61 20 20 62 62 22 22 63 63 23 23 64 64 21 21 65 65 24 24 66 66 23 23 67 67 22 22 68 68 24 24 69 69 25 25 70 70 23 23 71 71 26 26 72 72 25 25 73 73 24 24 74 74 26 26 75 75 27 27 76 76 25 25 77 77 28 28 78 78 27 27 79 79 26 26 80 80 28 28 81 81 29 29 82 82 27 27 83 83 30 30 84 84 29 29 85 85 28 28 86 86 30 30 87 87 31 31 88 88 29 29 89 89 32 32 90 90 31 31 91 91 30 30 92 92 32 32 93 93 33 33 94 94 31 31 95 95 34 34 96 96 33 33 97 97 32 32 98 98 34 34 99 99 35 35 100 100 33 33 101 101 36 36 102 102 35 35 103 103 34 34 104 104 36 36 105 105 37 37 106 106 35 35 107 107 38 38 108 108 37 37 109 109 36 36 110 110 16 16 111 111 20 20 112 112 18 18 113 113 16 16 114 114 39 39 115 115 20 20 116 116 40 40 117 117 39 39 118 118 16 16 119 119 40 40 120 120 41 41 121 121 39 39 122 122 42 42 123 123 41 41 124 124 40 40 125 125 42 42 126 126 43 43 127 127 41 41 128 128 44 44 129 129 43 43 130 130 42 42 131 131 44 44 132 132 26 26 133 133 43 43 134 134 45 45 135 135 26 26 136 136 44 44 137 137 45 45 138 138 46 46 139 139 26 26 140 140 47 47 141 141 46 46 142 142 45 45 143 143 47 47 144 144 48 48 145 145 46 46 146 146 49 49 147 147 48 48 148 148 47 47 149 149 49 49 150 150 50 50 151 151 48 48 152 152 51 51 153 153 50 50 154 154 49 49 155 155 51 51 156 156 52 52 157 157 50 50 158 158 8 8 159 159 52 52 160 160 51 51 161 161 8 8 162 162 53 53 163 163 52 52 164 164 6 6 165 165 53 53 166 166 8 8 167 167 6 6 168 168 4 4 169 169 53 53 170 170 56 54 171 171 55 55 172 172 54 56 173 173 56 54 174 174 57 57 175 175 55 55 176 176 58 58 177 177 57 57 178 178 56 54 179 179 58 58 180 180 59 59 181 181 57 57 182 182 60 60 183 183 59 59 184 184 58 58 185 185 60 60 186 186 61 61 187 187 59 59 188 188 62 62 189 189 61 61 190 190 60 60 191 191 62 62 192 192 63 63 193 193 61 61 194 194 64 64 195 195 63 63 196 196 62 62 197 197 64 64 198 198 65 65 199 199 63 63 200 200 66 66 201 201 65 65 202 202 64 64 203 203 66 66 204 204 67 67 205 205 65 65 206 206 68 68 207 207 67 67 208 208 66 66 209 209 68 68 210 210 69 69 211 211 67 67 212 212 70 70 213 213 69 69 214 214 68 68 215 215 70 70 216 216 71 71 217 217 69 69 218 218 72 72 219 219 71 71 220 220 70 70 221 221 73 73 222 222 26 26 223 223 46 46 224 224 73 73 225 225 74 74 226 226 26 26 227 227 75 75 228 228 74 74 229 229 73 73 230 230 75 75 231 231 76 76 232 232 74 74 233 233 77 77 234 234 76 76 235 235 75 75 236 236 77 77 237 237 78 78 238 238 76 76 239 239 79 79 240 240 78 78 241 241 77 77 242 242 79 79 243 243 80 80 244 244 78 78 245 245 81 81 246 246 80 80 247 247 79 79 248 248 81 81 249 249 82 82 250 250 80 80 251 251 2 0 252 252 82 82 253 253 81 81 254 254 2 0 255 255 83 83 256 256 82 82 257 257 0 2 258 258 83 83 259 259 2 0 260 260 0 2 261 261 84 84 262 262 83 83 263 263 85 85 264 264 84 84 265 265 0 2 266 266 85 85 267 267 86 86 268 268 84 84 269 269 89 87 270 270 88 88 271 271 87 89 272 272 89 87 273 273 90 90 274 274 88 88 275 275 91 91 276 276 90 90 277 277 89 87 278 278 91 91 279 279 92 92 280 280 90 90 281 281 93 93 282 282 92 92 283 283 91 91 284 284 93 93 285 285 94 94 286 286 92 92 287 287 95 95 288 288 94 94 289 289 93 93 290 290 95 95 291 291 96 96 292 292 94 94 293 293 97 97 294 294 96 96 295 295 95 95 296 296 97 97 297 297 98 98 298 298 96 96 299 299 99 99 300 300 98 98 301 301 97 97 302 302 99 99 303 303 100 100 304 304 98 98 305 305 101 101 306 306 100 100 307 307 99 99 308 308 101 101 309 309 102 102 310 310 100 100 311 311 103 103 312 312 102 102 313 313 101 101 314 314 106 104 315 315 105 105 316 316 104 106 317 317 106 104 318 318 107 107 319 319 105 105 320 320 108 108 321 321 107 107 322 322 106 104 323 323 108 108 324 324 109 109 325 325 107 107 326 326 110 110 327 327 109 109 328 328 108 108 329 329 110 110 330 330 111 111 331 331 109 109 332 332 112 112 333 333 111 111 334 334 110 110 335 335 112 112 336 336 113 113 337 337 111 111 338 338 114 114 339 339 113 113 340 340 112 112 341 341 114 114 342 342 115 115 343 343 113 113 344 344 116 116 345 345 115 115 346 346 114 114 347 347 116 116 348 348 117 117 349 349 115 115 350 350 118 118 351 351 117 117 352 352 116 116 353 353 118 118 354 354 119 119 355 355 117 117 356 356 76 76 357 357 26 26 358 358 74 74 359 359 76 76 360 360 120 120 361 361 26 26 362 362 78 78 363 363 120 120 364 364 76 76 365 365 78 78 366 366 121 121 367 367 120 120 368 368 122 122 369 369 121 121 370 370 78 78 371 371 122 122 372 372 123 123 373 373 121 121 374 374 80 80 375 375 123 123 376 376 122 122 377 377 80 80 378 378 124 124 379 379 123 123 380 380 125 125 381 381 124 124 382 382 80 80 383 383 125 125 384 384 126 126 385 385 124 124 386 386 84 84 387 387 126 126 388 388 125 125 389 389 84 84 390 390 127 127 391 391 126 126 392 392 86 86 393 393 127 127 394 394 84 84 395 395 86 86 396 396 38 38 397 397 127 127 398 398 121 121 399 399 26 26 400 400 120 120 401 401 121 121 402 402 128 128 403 403 26 26 404 404 123 123 405 405 128 128 406 406 121 121 407 407 123 123 408 408 129 129 409 409 128 128 410 410 130 130 411 411 129 129 412 412 123 123 413 413 130 130 414 414 30 30 415 415 129 129 416 416 131 131 417 417 30 30 418 418 130 130 419 419 131 131 420 420 32 32 421 421 30 30 422 422 126 126 423 423 32 32 424 424 131 131 425 425 126 126 426 426 34 34 427 427 32 32 428 428 127 127 429 429 34 34 430 430 126 126 431 431 127 127 432 432 36 36 433 433 34 34 434 434 38 38 435 435 36 36 436 436 127 127 437 437 134 132 438 438 133 133 439 439 132 134 440 440 134 132 441 441 135 135 442 442 133 133 443 443 136 136 444 444 135 135 445 445 134 132 446 446 136 136 447 447 137 137 448 448 135 135 449 449 138 138 450 450 137 137 451 451 136 136 452 452 138 138 453 453 139 139 454 454 137 137 455 455 140 140 456 456 139 139 457 457 138 138 458 458 140 140 459 459 141 141 460 460 139 139 461 461 142 142 462 462 141 141 463 463 140 140 464 464 142 142 465 465 143 143 466 466 141 141 467 467 144 144 468 468 143 143 469 469 142 142 470 470 144 144 471 471 145 145 472 472 143 143 473 473 146 146 474 474 145 145 475 475 144 144 476 476 149 147 477 477 148 148 478 478 147 149 479 479 149 147 480 480 150 150 481 481 148 148 482 482 151 151 483 483 150 150 484 484 149 147 485 485 151 151 486 486 152 152 487 487 150 150 488 488 133 133 489 489 152 152 490 490 151 151 491 491 133 133 492 492 153 153 493 493 152 152 494 494 154 154 495 495 153 153 496 496 133 133 497 497 154 154 498 498 146 146 499 499 153 153 500 500 155 155 501 501 146 146 502 502 154 154 503 503 155 155 504 504 145 145 505 505 146 146 506 506 156 156 507 507 145 145 508 508 155 155 509 509 156 156 510 510 157 157 511 511 145 145 512 512 160 158 513 513 159 159 514 514 158 160 515 515 160 158 516 516 161 161 517 517 159 159 518 518 162 162 519 519 161 161 520 520 160 158 521 521 162 162 522 522 163 163 523 523 161 161 524 524 164 164 525 525 163 163 526 526 162 162 527 527 164 164 528 528 165 165 529 529 163 163 530 530 166 166 531 531 165 165 532 532 164 164 533 533 166 166 534 534 167 167 535 535 165 165 536 536 168 168 537 537 167 167 538 538 166 166 539 539 168 168 540 540 169 169 541 541 167 167 542 542 95 95 543 543 169 169 544 544 168 168 545 545 95 95 546 546 93 93 547 547 169 169 548 548 170 170 549 549 138 138 550 550 136 136 551 551 170 170 552 552 171 171 553 553 138 138 554 554 172 172 555 555 171 171 556 556 170 170 557 557 172 172 558 558 173 173 559 559 171 171 560 560 174 174 561 561 173 173 562 562 172 172 563 563 174 174 564 564 175 175 565 565 173 173 566 566 176 176 567 567 175 175 568 568 174 174 569 569 176 176 570 570 177 177 571 571 175 175 572 572 178 178 573 573 177 177 574 574 176 176 575 575 178 178 576 576 179 179 577 577 177 177 578 578 180 180 579 579 179 179 580 580 178 178 581 581 183 181 582 582 182 182 583 583 181 183 584 584 183 181 585 585 158 160 586 586 182 182 587 587 184 184 588 588 158 160 589 589 183 181 590 590 184 184 591 591 160 158 592 592 158 160 593 593 185 185 594 594 160 158 595 595 184 184 596 596 185 185 597 597 186 186 598 598 160 158 599 599 187 187 600 600 186 186 601 601 185 185 602 602 187 187 603 603 188 188 604 604 186 186 605 605 189 189 606 606 188 188 607 607 187 187 608 608 189 189 609 609 97 97 610 610 188 188 611 611 99 99 612 612 97 97 613 613 189 189 614 614 187 187 615 615 99 99 616 616 189 189 617 617 187 187 618 618 101 101 619 619 99 99 620 620 190 190 621 621 101 101 622 622 187 187 623 623 190 190 624 624 191 191 625 625 101 101 626 626 192 192 627 627 191 191 628 628 190 190 629 629 192 192 630 630 193 193 631 631 191 191 632 632 184 184 633 633 193 193 634 634 192 192 635 635 184 184 636 636 194 194 637 637 193 193 638 638 183 181 639 639 194 194 640 640 184 184 641 641 183 181 642 642 195 195 643 643 194 194 644 644 198 196 645 645 197 197 646 646 196 198 647 647 198 196 648 648 199 199 649 649 197 197 650 650 200 200 651 651 199 199 652 652 198 196 653 653 200 200 654 654 201 201 655 655 199 199 656 656 202 202 657 657 201 201 658 658 200 200 659 659 202 202 660 660 203 203 661 661 201 201 662 662 204 204 663 663 203 203 664 664 202 202 665 665 204 204 666 666 205 205 667 667 203 203 668 668 68 68 669 669 205 205 670 670 204 204 671 671 208 206 672 672 207 207 673 673 206 208 674 674 208 206 675 675 209 209 676 676 207 207 677 677 210 210 678 678 209 209 679 679 208 206 680 680 210 210 681 681 211 211 682 682 209 209 683 683 212 212 684 684 211 211 685 685 210 210 686 686 212 212 687 687 213 213 688 688 211 211 689 689 214 214 690 690 213 213 691 691 212 212 692 692 214 214 693 693 208 206 694 694 213 213 695 695 210 210 696 696 208 206 697 697 214 214 698 698 216 215 699 699 60 60 700 700 215 216 701 701 216 215 702 702 217 217 703 703 60 60 704 704 218 218 705 705 217 217 706 706 216 215 707 707 218 218 708 708 62 62 709 709 217 217 710 710 219 219 711 711 62 62 712 712 218 218 713 713 219 219 714 714 64 64 715 715 62 62 716 716 205 205 717 717 64 64 718 718 219 219 719 719 205 205 720 720 66 66 721 721 64 64 722 722 68 68 723 723 66 66 724 724 205 205 725 725 119 119 726 726 221 220 727 727 220 221 728 728 119 119 729 729 222 222 730 730 221 220 731 731 118 118 732 732 222 222 733 733 119 119 734 734 118 118 735 735 223 223 736 736 222 222 737 737 224 224 738 738 223 223 739 739 118 118 740 740 224 224 741 741 105 105 742 742 223 223 743 743 225 225 744 744 105 105 745 745 224 224 746 746 225 225 747 747 104 106 748 748 105 105 749 749 63 63 750 750 59 59 751 751 61 61 752 752 63 63 753 753 226 226 754 754 59 59 755 755 227 227 756 756 226 226 757 757 63 63 758 758 227 227 759 759 228 228 760 760 226 226 761 761 229 229 762 762 228 228 763 763 227 227 764 764 229 229 765 765 230 230 766 766 228 228 767 767 231 231 768 768 230 230 769 769 229 229 770 770 231 231 771 771 232 232 772 772 230 230 773 773 51 51 774 774 10 10 775 775 8 8 776 776 51 51 777 777 233 233 778 778 10 10 779 779 49 49 780 780 233 233 781 781 51 51 782 782 49 49 783 783 234 234 784 784 233 233 785 785 47 47 786 786 234 234 787 787 49 49 788 788 47 47 789 789 235 235 790 790 234 234 791 791 45 45 792 792 235 235 793 793 47 47 794 794 45 45 795 795 44 44 796 796 235 235 797 797 236 236 798 798 145 145 799 799 157 157 800 800 236 236 801 801 237 237 802 802 145 145 803 803 238 238 804 804 237 237 805 805 236 236 806 806 238 238 807 807 239 239 808 808 237 237 809 809 240 240 810 810 239 239 811 811 238 238 812 812 240 240 813 813 141 141 814 814 239 239 815 815 139 139 816 816 141 141 817 817 240 240 818 818 109 109 819 819 105 105 820 820 107 107 821 821 109 109 822 822 241 241 823 823 105 105 824 824 242 242 825 825 241 241 826 826 109 109 827 827 242 242 828 828 243 243 829 829 241 241 830 830 244 244 831 831 243 243 832 832 242 242 833 833 244 244 834 834 245 245 835 835 243 243 836 836 246 246 837 837 245 245 838 838 244 244 839 839 42 42 840 840 235 235 841 841 44 44 842 842 42 42 843 843 234 234 844 844 235 235 845 845 40 40 846 846 234 234 847 847 42 42 848 848 40 40 849 849 233 233 850 850 234 234 851 851 247 247 852 852 233 233 853 853 40 40 854 854 247 247 855 855 14 14 856 856 233 233 857 857 16 16 858 858 14 14 859 859 247 247 860 860 111 111 861 861 242 242 862 862 109 109 863 863 111 111 864 864 248 248 865 865 242 242 866 866 249 249 867 867 248 248 868 868 111 111 869 869 249 249 870 870 250 250 871 871 248 248 872 872 251 251 873 873 250 250 874 874 249 249 875 875 251 251 876 876 252 252 877 877 250 250 878 878 253 253 879 879 252 252 880 880 251 251 881 881 254 254 882 882 35 35 883 883 37 37 884 884 254 254 885 885 255 255 886 886 35 35 887 887 256 256 888 888 255 255 889 889 254 254 890 890 256 256 891 891 257 257 892 892 255 255 893 893 258 258 894 894 257 257 895 895 256 256 896 896 258 258 897 897 17 17 898 898 257 257 899 899 15 15 900 900 17 17 901 901 258 258 902 902 168 168 903 903 97 97 904 904 95 95 905 905 168 168 906 906 188 188 907 907 97 97 908 908 166 166 909 909 188 188 910 910 168 168 911 911 166 166 912 912 186 186 913 913 188 188 914 914 259 259 915 915 186 186 916 916 166 166 917 917 259 259 918 918 160 158 919 919 186 186 920 920 162 162 921 921 160 158 922 922 259 259 923 923 55 55 924 924 230 230 925 925 232 232 926 926 55 55 927 927 228 228 928 928 230 230 929 929 260 260 930 930 228 228 931 931 55 55 932 932 260 260 933 933 226 226 934 934 228 228 935 935 57 57 936 936 226 226 937 937 260 260 938 938 57 57 939 939 59 59 940 940 226 226 941 941 251 251 942 942 261 261 943 943 253 253 944 944 251 251 945 945 262 262 946 946 261 261 947 947 249 249 948 948 262 262 949 949 251 251 950 950 249 249 951 951 263 263 952 952 262 262 953 953 113 113 954 954 263 263 955 955 249 249 956 956 113 113 957 957 115 115 958 958 263 263 959 959 48 48 960 960 73 73 961 961 46 46 962 962 48 48 963 963 75 75 964 964 73 73 965 965 50 50 966 966 75 75 967 967 48 48 968 968 50 50 969 969 264 264 970 970 75 75 971 971 52 52 972 972 264 264 973 973 50 50 974 974 52 52 975 975 53 53 976 976 264 264 977 977 267 265 978 978 266 266 979 979 265 267 980 980 267 265 981 981 268 268 982 982 266 266 983 983 269 269 984 984 268 268 985 985 267 265 986 986 269 269 987 987 270 270 988 988 268 268 989 989 271 271 990 990 270 270 991 991 269 269 992 992 240 240 993 993 137 137 994 994 139 139 995 995 240 240 996 996 272 272 997 997 137 137 998 998 273 273 999 999 272 272 1000 1000 240 240 1001 1001 273 273 1002 1002 274 274 1003 1003 272 272 1004 1004 275 275 1005 1005 274 274 1006 1006 273 273 1007 1007 19 19 1008 1008 257 257 1009 1009 17 17 1010 1010 19 19 1011 1011 255 255 1012 1012 257 257 1013 1013 276 276 1014 1014 255 255 1015 1015 19 19 1016 1016 276 276 1017 1017 35 35 1018 1018 255 255 1019 1019 33 33 1020 1020 35 35 1021 1021 276 276 1022 1022 177 177 1023 1023 173 173 1024 1024 175 175 1025 1025 177 177 1026 1026 142 142 1027 1027 173 173 1028 1028 277 277 1029 1029 142 142 1030 1030 177 177 1031 1031 277 277 1032 1032 144 144 1033 1033 142 142 1034 1034 146 146 1035 1035 144 144 1036 1036 277 277 1037 1037 278 278 1038 1038 231 231 1039 1039 229 229 1040 1040 278 278 1041 1041 279 279 1042 1042 231 231 1043 1043 280 280 1044 1044 279 279 1045 1045 278 278 1046 1046 280 280 1047 1047 67 67 1048 1048 279 279 1049 1049 65 65 1050 1050 67 67 1051 1051 280 280 1052 1052 179 179 1053 1053 277 277 1054 1054 177 177 1055 1055 179 179 1056 1056 153 153 1057 1057 277 277 1058 1058 281 281 1059 1059 153 153 1060 1060 179 179 1061 1061 281 281 1062 1062 152 152 1063 1063 153 153 1064 1064 282 282 1065 1065 152 152 1066 1066 281 281 1067 1067 135 135 1068 1068 154 154 1069 1069 133 133 1070 1070 135 135 1071 1071 283 283 1072 1072 154 154 1073 1073 274 274 1074 1074 283 283 1075 1075 135 135 1076 1076 274 274 1077 1077 284 284 1078 1078 283 283 1079 1079 275 275 1080 1080 284 284 1081 1081 274 274 1082 1082 191 191 1083 1083 103 103 1084 1084 101 101 1085 1085 191 191 1086 1086 285 285 1087 1087 103 103 1088 1088 193 193 1089 1089 285 285 1090 1090 191 191 1091 1091 193 193 1092 1092 195 195 1093 1093 285 285 1094 1094 194 194 1095 1095 195 195 1096 1096 193 193 1097 1097 288 286 1098 1098 287 287 1099 1099 286 288 1100 1100 288 286 1101 1101 289 289 1102 1102 287 287 1103 1103 290 290 1104 1104 289 289 1105 1105 288 286 1106 1106 290 290 1107 1107 117 117 1108 1108 289 289 1109 1109 115 115 1110 1110 117 117 1111 1111 290 290 1112 1112 292 291 1113 1113 134 132 1114 1114 291 292 1115 1115 292 291 1116 1116 136 136 1117 1117 134 132 1118 1118 293 293 1119 1119 136 136 1120 1120 292 291 1121 1121 293 293 1122 1122 170 170 1123 1123 136 136 1124 1124 294 294 1125 1125 170 170 1126 1126 293 293 1127 1127 276 276 1128 1128 31 31 1129 1129 33 33 1130 1130 276 276 1131 1131 295 295 1132 1132 31 31 1133 1133 19 19 1134 1134 295 295 1135 1135 276 276 1136 1136 19 19 1137 1137 21 21 1138 1138 295 295 1139 1139 296 296 1140 1140 108 108 1141 1141 106 104 1142 1142 296 296 1143 1143 297 297 1144 1144 108 108 1145 1145 298 298 1146 1146 297 297 1147 1147 296 296 1148 1148 298 298 1149 1149 299 299 1150 1150 297 297 1151 1151 278 278 1152 1152 65 65 1153 1153 280 280 1154 1154 278 278 1155 1155 300 300 1156 1156 65 65 1157 1157 227 227 1158 1158 300 300 1159 1159 278 278 1160 1160 227 227 1161 1161 63 63 1162 1162 300 300 1163 1163 302 301 1164 1164 181 183 1165 1165 301 302 1166 1166 302 301 1167 1167 183 181 1168 1168 181 183 1169 1169 303 303 1170 1170 183 181 1171 1171 302 301 1172 1172 303 303 1173 1173 195 195 1174 1174 183 181 1175 1175 92 92 1176 1176 304 304 1177 1177 90 90 1178 1178 92 92 1179 1179 305 305 1180 1180 304 304 1181 1181 94 94 1182 1182 305 305 1183 1183 92 92 1184 1184 94 94 1185 1185 96 96 1186 1186 305 305 1187 1187 306 306 1188 1188 69 69 1189 1189 71 71 1190 1190 306 306 1191 1191 67 67 1192 1192 69 69 1193 1193 307 307 1194 1194 67 67 1195 1195 306 306 1196 1196 307 307 1197 1197 279 279 1198 1198 67 67 1199 1199 310 308 1200 1200 309 309 1201 1201 308 310 1202 1202 310 308 1203 1203 311 311 1204 1204 309 309 1205 1205 312 312 1206 1206 311 311 1207 1207 310 308 1208 1208 312 312 1209 1209 313 313 1210 1210 311 311 1211 1211 314 314 1212 1212 118 118 1213 1213 116 116 1214 1214 314 314 1215 1215 315 315 1216 1216 118 118 1217 1217 316 316 1218 1218 315 315 1219 1219 314 314 1220 1220 316 316 1221 1221 317 317 1222 1222 315 315 1223 1223 129 129 1224 1224 26 26 1225 1225 128 128 1226 1226 129 129 1227 1227 318 318 1228 1228 26 26 1229 1229 30 30 1230 1230 318 318 1231 1231 129 129 1232 1232 30 30 1233 1233 28 28 1234 1234 318 318 1235 1235 295 295 1236 1236 29 29 1237 1237 31 31 1238 1238 295 295 1239 1239 319 319 1240 1240 29 29 1241 1241 21 21 1242 1242 319 319 1243 1243 295 295 1244 1244 21 21 1245 1245 23 23 1246 1246 319 319 1247 1247 314 314 1248 1248 299 299 1249 1249 316 316 1250 1250 314 314 1251 1251 320 320 1252 1252 299 299 1253 1253 116 116 1254 1254 320 320 1255 1255 314 314 1256 1256 116 116 1257 1257 114 114 1258 1258 320 320 1259 1259 265 267 1260 1260 87 89 1261 1261 267 265 1262 1262 265 267 1263 1263 89 87 1264 1264 87 89 1265 1265 321 321 1266 1266 89 87 1267 1267 265 267 1268 1268 321 321 1269 1269 322 322 1270 1270 89 87 1271 1271 197 197 1272 1272 218 218 1273 1273 196 198 1274 1274 197 197 1275 1275 203 203 1276 1276 218 218 1277 1277 199 199 1278 1278 203 203 1279 1279 197 197 1280 1280 199 199 1281 1281 201 201 1282 1282 203 203 1283 1283 202 202 1284 1284 68 68 1285 1285 204 204 1286 1286 202 202 1287 1287 323 323 1288 1288 68 68 1289 1289 72 72 1290 1290 323 323 1291 1291 202 202 1292 1292 72 72 1293 1293 70 70 1294 1294 323 323 1295 1295 324 324 1296 1296 79 79 1297 1297 77 77 1298 1298 324 324 1299 1299 325 325 1300 1300 79 79 1301 1301 264 264 1302 1302 325 325 1303 1303 324 324 1304 1304 264 264 1305 1305 53 53 1306 1306 325 325 1307 1307 140 140 1308 1308 173 173 1309 1309 142 142 1310 1310 140 140 1311 1311 171 171 1312 1312 173 173 1313 1313 138 138 1314 1314 171 171 1315 1315 140 140 1316 1316 319 319 1317 1317 27 27 1318 1318 29 29 1319 1319 319 319 1320 1320 25 25 1321 1321 27 27 1322 1322 23 23 1323 1323 25 25 1324 1324 319 319 1325 1325 237 237 1326 1326 143 143 1327 1327 145 145 1328 1328 237 237 1329 1329 141 141 1330 1330 143 143 1331 1331 239 239 1332 1332 141 141 1333 1333 237 237 1334 1334 169 169 1335 1335 165 165 1336 1336 167 167 1337 1337 169 169 1338 1338 326 326 1339 1339 165 165 1340 1340 327 327 1341 1341 326 326 1342 1342 169 169 1343 1343 330 328 1344 1344 329 329 1345 1345 328 330 1346 1346 330 328 1347 1347 331 331 1348 1348 329 329 1349 1349 332 332 1350 1350 331 331 1351 1351 330 328 1352 1352 335 333 1353 1353 334 334 1354 1354 333 335 1355 1355 335 333 1356 1356 221 220 1357 1357 334 334 1358 1358 336 336 1359 1359 221 220 1360 1360 335 333 1361 1361 41 41 1362 1362 20 20 1363 1363 39 39 1364 1364 41 41 1365 1365 22 22 1366 1366 20 20 1367 1367 43 43 1368 1368 22 22 1369 1369 41 41 1370 1370 334 334 1371 1371 245 245 1372 1372 333 335 1373 1373 334 334 1374 1374 222 222 1375 1375 245 245 1376 1376 221 220 1377 1377 222 222 1378 1378 334 334 1379 1379 338 337 1380 1380 290 290 1381 1381 337 338 1382 1382 338 337 1383 1383 115 115 1384 1384 290 290 1385 1385 263 263 1386 1386 115 115 1387 1387 338 337 1388 1388 315 315 1389 1389 224 224 1390 1390 118 118 1391 1391 315 315 1392 1392 225 225 1393 1393 224 224 1394 1394 317 317 1395 1395 225 225 1396 1396 315 315 1397 1397 301 302 1398 1398 271 271 1399 1399 269 269 1400 1400 301 302 1401 1401 339 339 1402 1402 271 271 1403 1403 181 183 1404 1404 339 339 1405 1405 301 302 1406 1406 341 340 1407 1407 340 341 1408 1408 225 342 1409 1409 341 340 1410 1410 342 343 1411 1411 340 341 1412 1412 343 344 1413 1413 342 343 1414 1414 341 340 1415 1415 346 345 1416 1416 345 346 1417 1417 344 347 1418 1418 346 345 1419 1419 313 313 1420 1420 345 346 1421 1421 311 311 1422 1422 313 313 1423 1423 346 345 1424 1424 297 297 1425 1425 110 110 1426 1426 108 108 1427 1427 297 297 1428 1428 112 112 1429 1429 110 110 1430 1430 114 114 1431 1431 112 112 1432 1432 297 297 1433 1433 215 216 1434 1434 56 54 1435 1435 54 56 1436 1436 215 216 1437 1437 58 58 1438 1438 56 54 1439 1439 60 60 1440 1440 58 58 1441 1441 215 216 1442 1442 124 124 1443 1443 130 130 1444 1444 123 123 1445 1445 124 124 1446 1446 131 131 1447 1447 130 130 1448 1448 126 126 1449 1449 131 131 1450 1450 124 124 1451 1451 325 325 1452 1452 81 81 1453 1453 79 79 1454 1454 325 325 1455 1455 2 0 1456 1456 81 81 1457 1457 4 4 1458 1458 2 0 1459 1459 325 325 1460 1460 243 243 1461 1461 222 222 1462 1462 223 223 1463 1463 243 243 1464 1464 245 245 1465 1465 222 222 1466 1466 84 84 1467 1467 82 82 1468 1468 83 83 1469 1469 84 84 1470 1470 125 125 1471 1471 82 82 1472 1472 349 348 1473 1473 348 349 1474 1474 347 350 1475 1475 349 348 1476 1476 350 351 1477 1477 348 349 1478 1478 329 329 1479 1479 352 352 1480 1480 351 353 1481 1481 329 329 1482 1482 331 331 1483 1483 352 352 1484 1484 293 293 1485 1485 147 149 1486 1486 294 294 1487 1487 293 293 1488 1488 292 291 1489 1489 147 149 1490 1490 89 87 1491 1491 93 93 1492 1492 91 91 1493 1493 89 87 1494 1494 322 322 1495 1495 93 93 1496 1496 102 102 1497 1497 98 98 1498 1498 100 100 1499 1499 102 102 1500 1500 353 354 1501 1501 98 98 1502 1502 354 355 1503 1503 147 149 1504 1504 292 291 1505 1505 354 355 1506 1506 149 147 1507 1507 147 149 1508 1508 98 98 1509 1509 305 305 1510 1510 96 96 1511 1511 98 98 1512 1512 353 354 1513 1513 305 305 1514 1514 149 147 1515 1515 133 133 1516 1516 151 151 1517 1517 149 147 1518 1518 132 134 1519 1519 133 133 1520 1520 356 356 1521 1521 355 357 1522 1522 273 358 1523 1523 356 356 1524 1524 357 359 1525 1525 355 357 1526 1526 360 360 1527 1527 359 361 1528 1528 358 362 1529 1529 360 360 1530 1530 361 363 1531 1531 359 361 1532 1532 363 364 1533 1533 362 365 1534 1534 358 366 1535 1535 363 364 1536 1536 364 367 1537 1537 362 365 1538 1538 367 368 1539 1539 366 369 1540 1540 365 370 1541 1541 367 368 1542 1542 368 371 1543 1543 366 369 1544 1544 322 322 1545 1545 169 169 1546 1546 93 93 1547 1547 322 322 1548 1548 327 327 1549 1549 169 169 1550 1550 368 371 1551 1551 331 331 1552 1552 366 369 1553 1553 368 371 1554 1554 352 352 1555 1555 331 331 1556 1556 156 156 1557 1557 283 283 1558 1558 284 284 1559 1559 156 156 1560 1560 155 155 1561 1561 283 283 1562 1562 166 166 1563 1563 162 162 1564 1564 259 259 1565 1565 166 166 1566 1566 164 164 1567 1567 162 162 1568 1568 369 372 1569 1569 240 240 1570 1570 238 238 1571 1571 369 372 1572 1572 273 273 1573 1573 240 240 1574 1574 335 333 1575 1575 287 287 1576 1576 336 336 1577 1577 335 333 1578 1578 286 288 1579 1579 287 287 1580 1580 272 272 1581 1581 135 135 1582 1582 137 137 1583 1583 272 272 1584 1584 274 274 1585 1585 135 135 1586 1586 370 373 1587 1587 176 176 1588 1588 174 174 1589 1589 370 373 1590 1590 180 180 1591 1591 176 176 1592 1592 371 374 1593 1593 117 117 1594 1594 119 119 1595 1595 371 374 1596 1596 287 287 1597 1597 117 117 1598 1598 192 192 1599 1599 185 185 1600 1600 184 184 1601 1601 192 192 1602 1602 190 190 1603 1603 185 185 1604 1604 241 241 1605 1605 223 223 1606 1606 105 105 1607 1607 241 241 1608 1608 243 243 1609 1609 223 223 1610 1610 252 252 1611 1611 248 248 1612 1612 250 250 1613 1613 252 252 1614 1614 246 246 1615 1615 248 248 1616 1616 320 320 1617 1617 297 297 1618 1618 299 299 1619 1619 320 320 1620 1620 114 114 1621 1621 297 297 1622 1622 244 244 1623 1623 248 248 1624 1624 246 246 1625 1625 244 244 1626 1626 242 242 1627 1627 248 248 1628 1628 206 208 1629 1629 213 213 1630 1630 208 206 1631 1631 206 208 1632 1632 211 211 1633 1633 213 213 1634 1634 372 375 1635 1635 218 218 1636 1636 216 215 1637 1637 372 375 1638 1638 196 198 1639 1639 218 218 1640 1640 374 376 1641 1641 373 377 1642 1642 347 378 1643 1643 374 376 1644 1644 375 379 1645 1645 373 377 1646 1646 203 203 1647 1647 219 219 1648 1648 218 218 1649 1649 203 203 1650 1650 205 205 1651 1651 219 219 1652 1652 376 380 1653 1653 202 202 1654 1654 200 200 1655 1655 376 380 1656 1656 72 72 1657 1657 202 202 1658 1658 377 381 1659 1659 15 15 1660 1660 258 258 1661 1661 377 381 1662 1662 13 13 1663 1663 15 15 1664 1664 24 24 1665 1665 43 43 1666 1666 26 26 1667 1667 24 24 1668 1668 22 22 1669 1669 43 43 1670 1670 12 12 1671 1671 233 233 1672 1672 14 14 1673 1673 12 12 1674 1674 10 10 1675 1675 233 233 1676 1676 324 324 1677 1677 75 75 1678 1678 264 264 1679 1679 324 324 1680 1680 77 77 1681 1681 75 75 1682 1682 190 190 1683 1683 187 187 1684 1684 185 185 1685 1685 378 382 1686 1686 309 309 1687 1687 311 311 1688 1688 217 217 1689 1689 62 62 1690 1690 60 60 1691 1691 80 80 1692 1692 82 82 1693 1693 125 125 1694 1694 379 383 1695 1695 355 357 1696 1696 357 359 1697 1697 382 384 1698 1698 381 385 1699 1699 380 386 1700 1700 249 249 1701 1701 111 111 1702 1702 113 113 1703 1703 289 289 1704 1704 117 117 1705 1705 287 287 1706 1706 227 227 1707 1707 278 278 1708 1708 229 229 1709 1709 337 338 1710 1710 263 263 1711 1711 338 337 1712 1712 263 263 1713 1713 261 261 1714 1714 262 262 1715 1715 146 146 1716 1716 277 277 1717 1717 153 153 1718 1718 300 300 1719 1719 63 63 1720 1720 65 65 1721 1721 40 40 1722 1722 16 16 1723 1723 247 247 1724 1724 282 282 1725 1725 281 281 1726 1726 179 179 1727 1727 212 212 1728 1728 210 210 1729 1729 214 214 1730 1730 304 304 1731 1731 305 305 1732 1732 353 354 1733 1733 180 180 1734 1734 178 178 1735 1735 176 176 1736 1736 385 387 1737 1737 384 388 1738 1738 383 389 1739 1739 155 155 1740 1740 154 154 1741 1741 283 283 1742 1742 55 55 1743 1743 57 57 1744 1744 260 260 1745 1745 26 26 1746 1746 318 318 1747 1747 28 28 1748 1748 68 68 1749 1749 323 323 1750 1750 70 70 1751 1751 78 78 1752 1752 80 80 1753 1753 122 122 1754 1754 312 312 1755 1755 310 308 1756 1756 386 390 1757 1757 4 4 1758 1758 325 325 1759 1759 53 53 1760 1760 326 326 1761 1761 163 163 1762 1762 165 165 1763 1763 389 391 1764 1764 388 392 1765 1765 387 393 1766 1766 389 391 1767 1767 390 394 1768 1768 388 392 1769 1769 391 395 1770 1770 390 394 1771 1771 389 391 1772 1772 391 395 1773 1773 392 396 1774 1774 390 394 1775 1775 393 397 1776 1776 392 396 1777 1777 391 395 1778 1778 393 397 1779 1779 394 398 1780 1780 392 396 1781 1781 395 399 1782 1782 394 398 1783 1783 393 397 1784 1784 395 399 1785 1785 396 400 1786 1786 394 398 1787 1787 397 401 1788 1788 396 400 1789 1789 395 399 1790 1790 397 401 1791 1791 398 402 1792 1792 396 400 1793 1793 399 403 1794 1794 398 402 1795 1795 397 401 1796 1796 399 403 1797 1797 400 404 1798 1798 398 402 1799 1799 401 405 1800 1800 400 404 1801 1801 399 403 1802 1802 401 405 1803 1803 402 406 1804 1804 400 404 1805 1805 403 407 1806 1806 402 406 1807 1807 401 405 1808 1808 403 407 1809 1809 404 408 1810 1810 402 406 1811 1811 405 409 1812 1812 404 408 1813 1813 403 407 1814 1814 405 409 1815 1815 406 410 1816 1816 404 408 1817 1817 407 411 1818 1818 406 410 1819 1819 405 409 1820 1820 407 411 1821 1821 408 412 1822 1822 406 410 1823 1823 409 413 1824 1824 408 412 1825 1825 407 411 1826 1826 409 413 1827 1827 410 414 1828 1828 408 412 1829 1829 411 415 1830 1830 410 414 1831 1831 409 413 1832 1832 411 415 1833 1833 395 399 1834 1834 410 414 1835 1835 397 401 1836 1836 395 399 1837 1837 411 415 1838 1838 414 416 1839 1839 413 417 1840 1840 412 418 1841 1841 414 416 1842 1842 415 419 1843 1843 413 417 1844 1844 416 420 1845 1845 415 419 1846 1846 414 416 1847 1847 416 420 1848 1848 417 421 1849 1849 415 419 1850 1850 418 422 1851 1851 417 421 1852 1852 416 420 1853 1853 418 422 1854 1854 419 423 1855 1855 417 421 1856 1856 420 424 1857 1857 419 423 1858 1858 418 422 1859 1859 420 424 1860 1860 421 425 1861 1861 419 423 1862 1862 422 426 1863 1863 421 425 1864 1864 420 424 1865 1865 422 426 1866 1866 423 427 1867 1867 421 425 1868 1868 424 428 1869 1869 423 427 1870 1870 422 426 1871 1871 424 428 1872 1872 425 429 1873 1873 423 427 1874 1874 426 430 1875 1875 425 429 1876 1876 424 428 1877 1877 426 430 1878 1878 427 431 1879 1879 425 429 1880 1880 428 432 1881 1881 427 431 1882 1882 426 430 1883 1883 428 432 1884 1884 429 433 1885 1885 427 431 1886 1886 430 434 1887 1887 429 433 1888 1888 428 432 1889 1889 430 434 1890 1890 431 435 1891 1891 429 433 1892 1892 432 436 1893 1893 431 435 1894 1894 430 434 1895 1895 432 436 1896 1896 433 437 1897 1897 431 435 1898 1898 434 438 1899 1899 433 437 1900 1900 432 436 1901 1901 434 438 1902 1902 418 422 1903 1903 433 437 1904 1904 420 424 1905 1905 418 422 1906 1906 434 438 1907 1907 435 439 1908 1908 389 391 1909 1909 387 393 1910 1910 435 439 1911 1911 436 440 1912 1912 389 391 1913 1913 437 441 1914 1914 436 440 1915 1915 435 439 1916 1916 437 441 1917 1917 391 395 1918 1918 436 440 1919 1919 438 442 1920 1920 391 395 1921 1921 437 441 1922 1922 438 442 1923 1923 393 397 1924 1924 391 395 1925 1925 439 443 1926 1926 393 397 1927 1927 438 442 1928 1928 439 443 1929 1929 440 444 1930 1930 393 397 1931 1931 441 445 1932 1932 440 444 1933 1933 439 443 1934 1934 441 445 1935 1935 410 414 1936 1936 440 444 1937 1937 408 412 1938 1938 410 414 1939 1939 441 445 1940 1940 443 446 1941 1941 433 437 1942 1942 442 447 1943 1943 443 446 1944 1944 444 448 1945 1945 433 437 1946 1946 445 449 1947 1947 444 448 1948 1948 443 446 1949 1949 445 449 1950 1950 446 450 1951 1951 444 448 1952 1952 447 451 1953 1953 446 450 1954 1954 445 449 1955 1955 447 451 1956 1956 448 452 1957 1957 446 450 1958 1958 449 453 1959 1959 448 452 1960 1960 447 451 1961 1961 449 453 1962 1962 450 454 1963 1963 448 452 1964 1964 421 425 1965 1965 450 454 1966 1966 449 453 1967 1967 421 425 1968 1968 423 427 1969 1969 450 454 1970 1970 453 455 1971 1971 452 456 1972 1972 451 457 1973 1973 453 455 1974 1974 454 458 1975 1975 452 456 1976 1976 455 459 1977 1977 454 458 1978 1978 453 455 1979 1979 455 459 1980 1980 456 460 1981 1981 454 458 1982 1982 457 461 1983 1983 456 460 1984 1984 455 459 1985 1985 457 461 1986 1986 458 462 1987 1987 456 460 1988 1988 459 463 1989 1989 458 462 1990 1990 457 461 1991 1991 459 463 1992 1992 460 464 1993 1993 458 462 1994 1994 461 465 1995 1995 460 464 1996 1996 459 463 1997 1997 461 465 1998 1998 441 445 1999 1999 460 464 2000 2000 441 445 2001 2001 406 410 2002 2002 408 412 2003 2003 441 445 2004 2004 404 408 2005 2005 406 410 2006 2006 461 465 2007 2007 404 408 2008 2008 441 445 2009 2009 461 465 2010 2010 402 406 2011 2011 404 408 2012 2012 459 463 2013 2013 402 406 2014 2014 461 465 2015 2015 459 463 2016 2016 400 404 2017 2017 402 406 2018 2018 457 461 2019 2019 400 404 2020 2020 459 463 2021 2021 457 461 2022 2022 462 466 2023 2023 400 404 2024 2024 392 396 2025 2025 388 392 2026 2026 390 394 2027 2027 392 396 2028 2028 463 467 2029 2029 388 392 2030 2030 464 468 2031 2031 463 467 2032 2032 392 396 2033 2033 464 468 2034 2034 465 469 2035 2035 463 467 2036 2036 466 470 2037 2037 465 469 2038 2038 464 468 2039 2039 466 470 2040 2040 467 471 2041 2041 465 469 2042 2042 398 402 2043 2043 467 471 2044 2044 466 470 2045 2045 398 402 2046 2046 400 404 2047 2047 467 471 2048 2048 409 413 2049 2049 397 401 2050 2050 411 415 2051 2051 409 413 2052 2052 468 472 2053 2053 397 401 2054 2054 407 411 2055 2055 468 472 2056 2056 409 413 2057 2057 407 411 2058 2058 469 473 2059 2059 468 472 2060 2060 470 474 2061 2061 469 473 2062 2062 407 411 2063 2063 470 474 2064 2064 401 405 2065 2065 469 473 2066 2066 403 407 2067 2067 401 405 2068 2068 470 474 2069 2069 420 424 2070 2070 424 428 2071 2071 422 426 2072 2072 420 424 2073 2073 471 475 2074 2074 424 428 2075 2075 472 476 2076 2076 471 475 2077 2077 420 424 2078 2078 472 476 2079 2079 426 430 2080 2080 471 475 2081 2081 473 477 2082 2082 426 430 2083 2083 472 476 2084 2084 473 477 2085 2085 428 432 2086 2086 426 430 2087 2087 430 434 2088 2088 428 432 2089 2089 473 477 2090 2090 444 448 2091 2091 431 435 2092 2092 433 437 2093 2093 444 448 2094 2094 474 478 2095 2095 431 435 2096 2096 446 450 2097 2097 474 478 2098 2098 444 448 2099 2099 446 450 2100 2100 475 479 2101 2101 474 478 2102 2102 448 452 2103 2103 475 479 2104 2104 446 450 2105 2105 448 452 2106 2106 450 454 2107 2107 475 479 2108 2108 476 480 2109 2109 447 451 2110 2110 445 449 2111 2111 476 480 2112 2112 477 481 2113 2113 447 451 2114 2114 478 482 2115 2115 477 481 2116 2116 476 480 2117 2117 478 482 2118 2118 479 483 2119 2119 477 481 2120 2120 480 484 2121 2121 479 483 2122 2122 478 482 2123 2123 480 484 2124 2124 481 485 2125 2125 479 483 2126 2126 482 486 2127 2127 479 483 2128 2128 481 485 2129 2129 482 486 2130 2130 483 487 2131 2131 479 483 2132 2132 484 488 2133 2133 483 487 2134 2134 482 486 2135 2135 484 488 2136 2136 477 481 2137 2137 483 487 2138 2138 449 453 2139 2139 477 481 2140 2140 484 488 2141 2141 449 453 2142 2142 447 451 2143 2143 477 481 2144 2144 486 489 2145 2145 443 446 2146 2146 485 490 2147 2147 486 489 2148 2148 445 449 2149 2149 443 446 2150 2150 487 491 2151 2151 445 449 2152 2152 486 489 2153 2153 487 491 2154 2154 476 480 2155 2155 445 449 2156 2156 488 492 2157 2157 476 480 2158 2158 487 491 2159 2159 490 493 2160 2160 489 494 2161 2161 413 495 2162 2162 490 493 2163 2163 491 496 2164 2164 489 494 2165 2165 492 497 2166 2166 491 496 2167 2167 490 493 2168 2168 492 497 2169 2169 493 498 2170 2170 491 496 2171 2171 485 490 2172 2172 493 498 2173 2173 492 497 2174 2174 494 499 2175 2175 484 488 2176 2176 482 486 2177 2177 494 499 2178 2178 495 500 2179 2179 484 488 2180 2180 415 419 2181 2181 495 500 2182 2182 494 499 2183 2183 415 419 2184 2184 417 421 2185 2185 495 500 2186 2186 394 398 2187 2187 464 468 2188 2188 392 396 2189 2189 394 398 2190 2190 466 470 2191 2191 464 468 2192 2192 396 400 2193 2193 466 470 2194 2194 394 398 2195 2195 396 400 2196 2196 398 402 2197 2197 466 470 2198 2198 497 501 2199 2199 451 457 2200 2200 496 502 2201 2201 497 501 2202 2202 498 503 2203 2203 451 457 2204 2204 462 466 2205 2205 498 503 2206 2206 497 501 2207 2207 462 466 2208 2208 499 504 2209 2209 498 503 2210 2210 489 494 2211 2211 416 420 2212 2212 414 416 2213 2213 489 494 2214 2214 442 447 2215 2215 416 420 2216 2216 491 496 2217 2217 442 447 2218 2218 489 494 2219 2219 491 496 2220 2220 493 498 2221 2221 442 447 2222 2222 502 505 2223 2223 501 506 2224 2224 500 507 2225 2225 502 505 2226 2226 503 508 2227 2227 501 506 2228 2228 504 509 2229 2229 503 508 2230 2230 502 505 2231 2231 504 509 2232 2232 505 510 2233 2233 503 508 2234 2234 508 511 2235 2235 507 512 2236 2236 506 513 2237 2237 508 511 2238 2238 505 510 2239 2239 507 512 2240 2240 503 508 2241 2241 505 510 2242 2242 508 511 2243 2243 469 473 2244 2244 397 401 2245 2245 468 472 2246 2246 469 473 2247 2247 399 403 2248 2248 397 401 2249 2249 401 405 2250 2250 399 403 2251 2251 469 473 2252 2252 509 514 2253 2253 484 488 2254 2254 495 500 2255 2255 509 514 2256 2256 449 453 2257 2257 484 488 2258 2258 421 425 2259 2259 449 453 2260 2260 509 514 2261 2261 512 515 2262 2262 511 516 2263 2263 510 517 2264 2264 512 515 2265 2265 513 518 2266 2266 511 516 2267 2267 514 519 2268 2268 513 518 2269 2269 512 515 2270 2270 516 520 2271 2271 515 521 2272 2272 456 460 2273 2273 516 520 2274 2274 437 441 2275 2275 515 521 2276 2276 458 462 2277 2277 437 441 2278 2278 516 520 2279 2279 519 522 2280 2280 518 523 2281 2281 517 524 2282 2282 519 522 2283 2283 520 525 2284 2284 518 523 2285 2285 522 526 2286 2286 521 527 2287 2287 517 528 2288 2288 522 526 2289 2289 523 529 2290 2290 521 527 2291 2291 438 442 2292 2292 458 462 2293 2293 460 464 2294 2294 438 442 2295 2295 437 441 2296 2296 458 462 2297 2297 511 516 2298 2298 525 530 2299 2299 524 531 2300 2300 511 516 2301 2301 513 518 2302 2302 525 530 2303 2303 528 532 2304 2304 527 533 2305 2305 526 534 2306 2306 528 532 2307 2307 529 535 2308 2308 527 533 2309 2309 531 536 2310 2310 530 537 2311 2311 526 538 2312 2312 531 536 2313 2313 532 539 2314 2314 530 537 2315 2315 533 540 2316 2316 492 497 2317 2317 490 493 2318 2318 533 540 2319 2319 534 541 2320 2320 492 497 2321 2321 534 541 2322 2322 485 490 2323 2323 492 497 2324 2324 534 541 2325 2325 486 489 2326 2326 485 490 2327 2327 417 421 2328 2328 509 514 2329 2329 495 500 2330 2330 417 421 2331 2331 419 423 2332 2332 509 514 2333 2333 496 542 2334 2334 536 543 2335 2335 535 544 2336 2336 496 542 2337 2337 465 469 2338 2338 536 543 2339 2339 416 420 2340 2340 433 437 2341 2341 418 422 2342 2342 416 420 2343 2343 442 447 2344 2344 433 437 2345 2345 474 478 2346 2346 429 433 2347 2347 431 435 2348 2348 474 478 2349 2349 475 479 2350 2350 429 433 2351 2351 423 427 2352 2352 475 479 2353 2353 450 454 2354 2354 423 427 2355 2355 425 429 2356 2356 475 479 2357 2357 475 479 2358 2358 427 431 2359 2359 429 433 2360 2360 475 479 2361 2361 425 429 2362 2362 427 431 2363 2363 432 436 2364 2364 473 477 2365 2365 472 476 2366 2366 432 436 2367 2367 430 434 2368 2368 473 477 2369 2369 434 438 2370 2370 472 476 2371 2371 420 424 2372 2372 434 438 2373 2373 432 436 2374 2374 472 476 2375 2375 538 545 2376 2376 513 518 2377 2377 537 546 2378 2378 538 545 2379 2379 525 530 2380 2380 513 518 2381 2381 462 466 2382 2382 467 471 2383 2383 400 404 2384 2384 462 466 2385 2385 497 501 2386 2386 467 471 2387 2387 536 543 2388 2388 467 471 2389 2389 497 501 2390 2390 536 543 2391 2391 465 469 2392 2392 467 471 2393 2393 440 444 2394 2394 395 399 2395 2395 393 397 2396 2396 440 444 2397 2397 410 414 2398 2398 395 399 2399 2399 540 547 2400 2400 537 546 2401 2401 539 548 2402 2402 540 547 2403 2403 538 545 2404 2404 537 546 2405 2405 470 474 2406 2406 405 409 2407 2407 403 407 2408 2408 470 474 2409 2409 407 411 2410 2410 405 409 2411 2411 498 503 2412 2412 453 455 2413 2413 451 457 2414 2414 498 503 2415 2415 499 504 2416 2416 453 455 2417 2417 439 443 2418 2418 460 464 2419 2419 441 445 2420 2420 439 443 2421 2421 438 442 2422 2422 460 464 2423 2423 543 549 2424 2424 542 550 2425 2425 541 551 2426 2426 546 552 2427 2427 545 553 2428 2428 544 554 2429 2429 486 489 2430 2430 488 492 2431 2431 487 491 2432 2432 391 395 2433 2433 389 391 2434 2434 436 440 2435 2435 499 504 2436 2436 455 459 2437 2437 453 455 2438 2438 426 430 2439 2439 424 428 2440 2440 471 475 2441 2441 476 480 2442 2442 480 484 2443 2443 478 482 2444 2444 504 509 2445 2445 502 505 2446 2446 547 555 2447 2447 458 462 2448 2448 516 520 2449 2449 456 460 2450 2450 548 556 2451 2451 501 506 2452 2452 503 508 2453 2453 477 481 2454 2454 479 483 2455 2455 483 487 2456 2456 509 514 2457 2457 419 423 2458 2458 421 425 2459 2459</p>
        </triangles>
      </mesh>
    </geometry>
    <geometry id="meshId0_name-mesh" name="meshId0_name">
      <mesh>
        <source id="meshId0_name-mesh-positions">
          <float_array id="meshId0_name-mesh-positions-array" count="63">31.6055 76.9946 67.1817 31.4063 62.9243 69.5762 22.6484 79.4672 74.8575 23.6406 62.1626 77.9551 11.3047 79.7524 80.2872 11.8281 61.4165 85.7286 4.05488e-7 79.9008 82.5606 4.77022e-7 61.0493 88.4395 -11.8281 61.4165 85.7286 4.90901e-7 55.8774 89.5802 -12.1719 48.6196 85.1895 -31.6055 76.9946 67.1817 -22.6484 79.4672 74.8575 -31.4063 62.9243 69.5762 -23.6406 62.1626 77.9552 -32.3477 53.9633 69.9981 -24.9531 48.4829 78.2052 32.3477 53.9633 69.9981 24.9531 48.4829 78.2051 12.1719 48.6196 85.1895 -11.3047 79.7524 80.2872</float_array>
          <technique_common>
            <accessor source="#meshId0_name-mesh-positions-array" count="21" stride="3">
              <param name="X" type="float"/>
              <param name="Y" type="float"/>
              <param name="Z" type="float"/>
            </accessor>
          </technique_common>
        </source>
        <source id="meshId0_name-mesh-normals">
          <float_array id="meshId0_name-mesh-normals-array" count="63">0.5488569 0.4495807 0.7047222 0.8647133 0.1093047 0.4902281 0.7779008 0.4593665 0.4287806 0.6315713 0.1167139 0.7664826 0.2886754 0.5372127 0.7925081 0.3516008 0.1451458 0.9248296 1.37761e-5 0.5105462 0.8598505 0 0.254878 0.9669733 -0.3515979 0.1451436 0.9248309 -2.20239e-5 0.4619914 0.8868845 -0.5157146 0.4471536 0.7308161 -0.8647141 0.109338 0.4902191 -0.5488656 0.449582 0.7047146 -0.7779288 0.4593385 0.4287597 -0.6315711 0.1167138 0.7664828 -0.7629697 0.2639796 0.5900781 -0.5335335 0.3934792 0.7486763 0.7629776 0.2639701 0.5900721 0.5335323 0.3934783 0.7486776 0.5157157 0.4471547 0.7308146 -0.2886428 0.5372134 0.7925196</float_array>
          <technique_common>
            <accessor source="#meshId0_name-mesh-normals-array" count="21" stride="3">
              <param name="X" type="float"/>
              <param name="Y" type="float"/>
              <param name="Z" type="float"/>
            </accessor>
          </technique_common>
        </source>
        <source id="meshId0_name-mesh-map-0">
          <float_array id="meshId0_name-mesh-map-0-array" count="144">0.66156 1.01172 1.04517 0.445618 1.02637 0.902405 0.66156 1.01172 0.704163 0.381348 1.04517 0.445618 0.295166 1.0271 0.704163 0.381348 0.66156 1.01172 0.295166 1.0271 0.324036 0.359192 0.704163 0.381348 0.007995605 1.00952 0.324036 0.359192 0.295166 1.0271 0.007995605 1.00952 0.007995605 0.370422 0.324036 0.359192 0.324036 0.359192 0.007995605 0.370422 0.007995605 1.00952 0.324036 0.359192 0.02642816 0.206299 0.007995605 0.370422 0.357483 0.03491204 0.02642816 0.206299 0.324036 0.359192 1.04517 0.445618 0.66156 1.01172 1.02637 0.902405 1.04517 0.445618 0.704163 0.381348 0.66156 1.01172 1.04596 0.172668 0.704163 0.381348 1.04517 0.445618 1.04596 0.172668 0.767334 0.03912347 0.704163 0.381348 0.704163 0.381348 1.04596 0.172668 1.04517 0.445618 0.704163 0.381348 0.767334 0.03912347 1.04596 0.172668 0.357483 0.03491204 0.767334 0.03912347 0.704163 0.381348 0.295166 1.0271 0.324036 0.359192 0.007995605 1.00952 0.295166 1.0271 0.704163 0.381348 0.324036 0.359192 0.66156 1.01172 0.704163 0.381348 0.295166 1.0271 0.02642816 0.206299 0.324036 0.359192 0.007995605 0.370422 0.02642816 0.206299 0.357483 0.03491204 0.324036 0.359192 0.357483 0.03491204 0.704163 0.381348 0.767334 0.03912347 0.357483 0.03491204 0.324036 0.359192 0.704163 0.381348 0.704163 0.381348 0.324036 0.359192 0.357483 0.03491204</float_array>
          <technique_common>
            <accessor source="#meshId0_name-mesh-map-0-array" count="72" stride="2">
              <param name="S" type="float"/>
              <param name="T" type="float"/>
            </accessor>
          </technique_common>
        </source>
        <source id="meshId0_name-mesh-colors-meshId0-color0" name="meshId0-color0">
          <float_array id="meshId0_name-mesh-colors-meshId0-color0-array" count="288">0.6156863 0.5254902 0.4823529 1 0.8392157 0.7529412 0.7137255 1 0.6156863 0.5254902 0.4823529 1 0.6156863 0.5254902 0.4823529 1 0.8901961 0.8470588 0.8117647 1 0.8392157 0.7529412 0.7137255 1 0.6392157 0.5450981 0.4980392 1 0.8901961 0.8470588 0.8117647 1 0.6156863 0.5254902 0.4823529 1 0.6392157 0.5450981 0.4980392 1 0.8901961 0.854902 0.8235294 1 0.8901961 0.8470588 0.8117647 1 0.6392157 0.5450981 0.4980392 1 0.8901961 0.854902 0.8235294 1 0.6392157 0.5450981 0.4980392 1 0.6392157 0.5450981 0.4980392 1 0.8901961 0.854902 0.827451 1 0.8901961 0.854902 0.8235294 1 0.8901961 0.854902 0.8235294 1 0.8901961 0.854902 0.827451 1 0.6392157 0.5450981 0.4980392 1 0.8901961 0.854902 0.8235294 1 0.8901961 0.8901961 0.8901961 1 0.8901961 0.854902 0.827451 1 0.8901961 0.8901961 0.8901961 1 0.8901961 0.8901961 0.8901961 1 0.8901961 0.854902 0.8235294 1 0.8392157 0.7529412 0.7137255 1 0.6156863 0.5254902 0.4823529 1 0.6156863 0.5254902 0.4823529 1 0.8392157 0.7529412 0.7137255 1 0.8901961 0.8470588 0.8117647 1 0.6156863 0.5254902 0.4823529 1 0.8901961 0.827451 0.7803922 1 0.8901961 0.8470588 0.8117647 1 0.8392157 0.7529412 0.7137255 1 0.8901961 0.827451 0.7803922 1 0.8901961 0.8627451 0.8352941 1 0.8901961 0.8470588 0.8117647 1 0.8901961 0.8470588 0.8117647 1 0.8901961 0.827451 0.7803922 1 0.8392157 0.7529412 0.7137255 1 0.8901961 0.8470588 0.8117647 1 0.8901961 0.8627451 0.8352941 1 0.8901961 0.827451 0.7803922 1 0.8901961 0.8901961 0.8901961 1 0.8901961 0.8627451 0.8352941 1 0.8901961 0.8470588 0.8117647 1 0.6392157 0.5450981 0.4980392 1 0.8901961 0.854902 0.8235294 1 0.6392157 0.5450981 0.4980392 1 0.6392157 0.5450981 0.4980392 1 0.8901961 0.8470588 0.8117647 1 0.8901961 0.854902 0.8235294 1 0.6156863 0.5254902 0.4823529 1 0.8901961 0.8470588 0.8117647 1 0.6392157 0.5450981 0.4980392 1 0.8901961 0.8901961 0.8901961 1 0.8901961 0.854902 0.8235294 1 0.8901961 0.854902 0.827451 1 0.8901961 0.8901961 0.8901961 1 0.8901961 0.8901961 0.8901961 1 0.8901961 0.854902 0.8235294 1 0.8901961 0.8901961 0.8901961 1 0.8901961 0.8470588 0.8117647 1 0.8901961 0.8627451 0.8352941 1 0.8901961 0.8901961 0.8901961 1 0.8901961 0.854902 0.8235294 1 0.8901961 0.8470588 0.8117647 1 0.8901961 0.8470588 0.8117647 1 0.8901961 0.854902 0.8235294 1 0.8901961 0.8901961 0.8901961 1</float_array>
          <technique_common>
            <accessor source="#meshId0_name-mesh-colors-meshId0-color0-array" count="72" stride="4">
              <param name="R" type="float"/>
              <param name="G" type="float"/>
              <param name="B" type="float"/>
              <param name="A" type="float"/>
            </accessor>
          </technique_common>
        </source>
        <vertices id="meshId0_name-mesh-vertices">
          <input semantic="POSITION" source="#meshId0_name-mesh-positions"/>
        </vertices>
        <triangles material="m2Eye_v-material" count="24">
          <input semantic="VERTEX" source="#meshId0_name-mesh-vertices" offset="0"/>
          <input semantic="NORMAL" source="#meshId0_name-mesh-normals" offset="1"/>
          <input semantic="TEXCOORD" source="#meshId0_name-mesh-map-0" offset="2" set="0"/>
          <input semantic="COLOR" source="#meshId0_name-mesh-colors-meshId0-color0" offset="3" set="0"/>
          <p>2 0 0 0 1 1 1 1 0 2 2 2 2 0 3 3 3 3 4 4 1 1 5 5 4 4 6 6 3 3 7 7 2 0 8 8 4 4 9 9 5 5 10 10 3 3 11 11 6 6 12 12 5 5 13 13 4 4 14 14 6 6 15 15 7 7 16 16 5 5 17 17 8 8 18 18 7 7 19 19 6 6 20 20 8 8 21 21 9 9 22 22 7 7 23 23 10 10 24 24 9 9 25 25 8 8 26 26 13 11 27 27 12 12 28 28 11 13 29 29 13 11 30 30 14 14 31 31 12 12 32 32 15 15 33 33 14 14 34 34 13 11 35 35 15 15 36 36 16 16 37 37 14 14 38 38 3 3 39 39 17 17 40 40 1 1 41 41 3 3 42 42 18 18 43 43 17 17 44 44 19 19 45 45 18 18 46 46 3 3 47 47 20 20 48 48 8 8 49 49 6 6 50 50 20 20 51 51 14 14 52 52 8 8 53 53 12 12 54 54 14 14 55 55 20 20 56 56 9 9 57 57 5 5 58 58 7 7 59 59 9 9 60 60 19 19 61 61 5 5 62 62 10 10 63 63 14 14 64 64 16 16 65 65 10 10 66 66 8 8 67 67 14 14 68 68 3 3 69 69 5 5 70 70 19 19 71 71</p>
        </triangles>
      </mesh>
    </geometry>
  </library_geometries>
  <library_controllers>
    <controller id="skeleton_root_mesh-2-skin" name="skeleton_root">
      <skin source="#meshId2_name-mesh">
        <bind_shape_matrix>1 0 0 0 0 1 0 0 0 0 1 0 0 0 0 1</bind_shape_matrix>
        <source id="skeleton_root_mesh-2-skin-joints">
          <Name_array id="skeleton_root_mesh-2-skin-joints-array" count="3">JointRoot Needle Head</Name_array>
          <technique_common>
            <accessor source="#skeleton_root_mesh-2-skin-joints-array" count="3" stride="1">
              <param name="JOINT" type="name"/>
            </accessor>
          </technique_common>
        </source>
        <source id="skeleton_root_mesh-2-skin-bind_poses">
          <float_array id="skeleton_root_mesh-2-skin-bind_poses-array" count="48">100.0001 0 0 0 0 7.5498e-6 100.0001 -62.86788 0 -100.0001 7.5498e-6 0 0 0 0 1 100.0001 0 0 0 0 7.5498e-6 100.0001 -89.7041 0 -100.0001 7.5498e-6 0.403019 0 0 0 1 -4.37114e-6 -100.0001 7.5498e-6 -49.2364 0 7.5498e-6 100.0001 -58.76021 -100.0001 4.37114e-6 0 2.15219e-6 0 0 0 1</float_array>
          <technique_common>
            <accessor source="#skeleton_root_mesh-2-skin-bind_poses-array" count="3" stride="16">
              <param name="TRANSFORM" type="float4x4"/>
            </accessor>
          </technique_common>
        </source>
        <source id="skeleton_root_mesh-2-skin-weights">
          <float_array id="skeleton_root_mesh-2-skin-weights-array" count="171">1 1 1 1 1 1 1 1 1 1 1 1 1 1 1 1 1 1 1 1 1 1 1 1 1 1 1 1 1 1 1 1 1 1 1 1 1 1 1 1 1 1 1 1 1 1 1 1 1 1 1 1 1 1 1 1 1 1 1 1 1 1 1 1 1 1 1 1 1 1 1 1 1 1 1 1 1 1 1 1 1 1 1 1 1 1 1 1 1 1 1 1 1 1 1 1 1 1 1 1 1 1 1 1 1 1 1 1 1 1 1 1 1 1 1 1 1 1 1 1 1 1 1 1 1 1 1 1 1 1 1 1 1 1 1 1 1 1 1 1 1 1 1 1 1 1 1 1 1 1 1 1 1 1 1 1 1 1 1 1 1 1 1 1 1 1 1 1 1 1 1</float_array>
          <technique_common>
            <accessor source="#skeleton_root_mesh-2-skin-weights-array" count="171" stride="1">
              <param name="WEIGHT" type="float"/>
            </accessor>
          </technique_common>
        </source>
        <joints>
          <input semantic="JOINT" source="#skeleton_root_mesh-2-skin-joints"/>
          <input semantic="INV_BIND_MATRIX" source="#skeleton_root_mesh-2-skin-bind_poses"/>
        </joints>
        <vertex_weights count="171">
          <input semantic="JOINT" source="#skeleton_root_mesh-2-skin-joints" offset="0"/>
          <input semantic="WEIGHT" source="#skeleton_root_mesh-2-skin-weights" offset="1"/>
          <vcount>1 1 1 1 1 1 1 1 1 1 1 1 1 1 1 1 1 1 1 1 1 1 1 1 1 1 1 1 1 1 1 1 1 1 1 1 1 1 1 1 1 1 1 1 1 1 1 1 1 1 1 1 1 1 1 1 1 1 1 1 1 1 1 1 1 1 1 1 1 1 1 1 1 1 1 1 1 1 1 1 1 1 1 1 1 1 1 1 1 1 1 1 1 1 1 1 1 1 1 1 1 1 1 1 1 1 1 1 1 1 1 1 1 1 1 1 1 1 1 1 1 1 1 1 1 1 1 1 1 1 1 1 1 1 1 1 1 1 1 1 1 1 1 1 1 1 1 1 1 1 1 1 1 1 1 1 1 1 1 1 1 1 1 1 1 1 1 1 1 1 1 </vcount>
          <v>0 0 0 1 0 2 0 3 0 4 0 5 0 6 0 7 0 8 0 9 0 10 0 11 0 12 0 13 0 14 0 15 0 16 0 17 0 18 0 19 0 20 0 21 0 22 0 23 0 24 0 25 0 26 0 27 0 28 0 29 0 30 0 31 0 32 0 33 0 34 0 35 0 36 0 37 0 38 0 39 0 40 0 41 0 42 0 43 0 44 0 45 0 46 0 47 0 48 0 49 0 50 0 51 0 52 0 53 0 54 0 55 0 56 0 57 0 58 0 59 0 60 0 61 0 62 0 63 1 64 0 65 0 66 0 67 0 68 0 69 1 70 0 71 0 72 0 73 0 74 1 75 0 76 0 77 0 78 0 79 1 80 0 81 0 82 0 83 0 84 0 85 0 86 0 87 0 88 0 89 1 90 0 91 0 92 1 93 0 94 0 95 0 96 0 97 1 98 0 99 0 100 0 101 0 102 0 103 0 104 0 105 0 106 0 107 0 108 0 109 0 110 0 111 0 112 2 113 2 114 2 115 2 116 2 117 2 118 2 119 2 120 0 121 0 122 0 123 0 124 0 125 0 126 0 127 0 128 0 129 0 130 0 131 0 132 0 133 0 134 0 135 0 136 0 137 0 138 0 139 0 140 0 141 0 142 0 143 0 144 0 145 0 146 0 147 0 148 0 149 0 150 0 151 0 152 0 153 0 154 0 155 0 156 0 157 0 158 0 159 0 160 0 161 0 162 0 163 0 164 0 165 0 166 0 167 0 168 0 169 0 170</v>
        </vertex_weights>
      </skin>
    </controller>
    <controller id="skeleton_root_mesh-1-skin" name="skeleton_root">
      <skin source="#meshId1_name-mesh">
        <bind_shape_matrix>1 0 0 0 0 1 0 0 0 0 1 0 0 0 0 1</bind_shape_matrix>
        <source id="skeleton_root_mesh-1-skin-joints">
          <Name_array id="skeleton_root_mesh-1-skin-joints-array" count="10">JointRoot Head BLegL1 BLegL2 BLegR2 BLegR1 FLegR2 FLegR1 FLegL2 FLegL1</Name_array>
          <technique_common>
            <accessor source="#skeleton_root_mesh-1-skin-joints-array" count="10" stride="1">
              <param name="JOINT" type="name"/>
            </accessor>
          </technique_common>
        </source>
        <source id="skeleton_root_mesh-1-skin-bind_poses">
          <float_array id="skeleton_root_mesh-1-skin-bind_poses-array" count="160">100.0001 0 0 0 0 7.5498e-6 100.0001 -62.86788 0 -100.0001 7.5498e-6 0 0 0 0 1 -4.37114e-6 -100.0001 7.5498e-6 -49.2364 0 7.5498e-6 100.0001 -58.76021 -100.0001 4.37114e-6 0 2.15219e-6 0 0 0 1 9.584562 99.53972 -7.51504e-6 -43.65649 0 7.5498e-6 100.0001 -46.23009 99.53972 -9.584562 7.23614e-7 -34.73918 0 0 0 1 9.584562 99.53972 -7.51504e-6 -45.36379 0 7.5498e-6 100.0001 -18.42759 99.53972 -9.584562 7.23614e-7 -37.26794 0 0 0 1 -9.584571 99.53972 -7.51504e-6 -45.34049 0 7.5498e-6 100.0001 -18.87496 99.53972 9.584571 -7.23615e-7 37.27064 0 0 0 1 -9.584571 99.53972 -7.51504e-6 -43.6332 0 7.5498e-6 100.0001 -46.67746 99.53972 9.584571 -7.23615e-7 34.74189 0 0 0 1 -6.159694 -99.81021 7.53546e-6 -28.03594 0 7.5498e-6 100.0001 -18.79681 -99.81021 6.159694 -4.65044e-7 -46.37361 0 0 0 1 -6.159694 -99.81021 7.53546e-6 -25.37816 0 7.5498e-6 100.0001 -46.5958 -99.81021 6.159694 -4.65044e-7 -44.81153 0 0 0 1 6.159709 -99.81021 7.53546e-6 -28.03596 0 7.5498e-6 100.0001 -18.79681 -99.81021 -6.159709 4.65045e-7 46.3736 0 0 0 1 6.159709 -99.81021 7.53546e-6 -25.37818 0 7.5498e-6 100.0001 -46.5958 -99.81021 -6.159709 4.65045e-7 44.81151 0 0 0 1</float_array>
          <technique_common>
            <accessor source="#skeleton_root_mesh-1-skin-bind_poses-array" count="10" stride="16">
              <param name="TRANSFORM" type="float4x4"/>
            </accessor>
          </technique_common>
        </source>
        <source id="skeleton_root_mesh-1-skin-weights">
          <float_array id="skeleton_root_mesh-1-skin-weights-array" count="585">1 1 1 1 1 1 1 1 1 1 1 1 1 1 1 1 1 1 1 1 1 1 1 1 1 1 1 1 1 1 1 1 1 1 1 1 1 1 1 1 1 1 1 1 1 1 1 1 1 1 1 1 1 1 1 1 1 1 1 1 1 1 1 1 1 1 1 1 1 1 1 1 1 1 1 1 1 1 1 1 1 1 1 1 1 1 1 1 1 1 1 1 0.005092978 0.994907 1 1 1 1 1 1 1 1 1 1 1 1 1 1 1 1 1 1 0.5 0.5 1 0.5 0.5 1 0.5 0.5 1 0.5 0.5 1 0.5 0.5 1 1 1 1 1 1 1 1 1 1 1 1 1 0.5 0.5 0.5 0.5 1 0.5 0.5 1 0.5 0.5 1 0.5 0.5 1 0.5 0.5 1 1 1 1 1 1 1 1 1 1 0.5 0.5 1 1 1 1 1 1 1 1 1 1 1 1 1 1 1 1 1 1 1 1 1 1 1 1 1 1 1 1 1 1 1 1 1 1 1 1 1 1 1 0.005092978 0.994907 1 1 1 1 1 1 1 1 1 1 1 1 1 1 1 1 1 1 1 1 1 1 1 1 1 1 1 1 0.5 0.5 1 1 1 1 1 1 1 1 1 1 1 1 1 1 1 1 1 1 1 0.5 0.5 0.5 0.5 1 1 1 1 1 1 1 1 1 1 1 1 1 1 1 1 1 1 1 1 1 1 1 1 1 1 1 1 1 1 1 1 1 0.5 0.5 1 1 1 1 1 1 1 1 1 1 1 1 1 1 1 1 1 1 1 1 1 1 1 1 1 1 1 1 1 1 1 1 1 1 1 1 1 1 1 1 1 1 1 1 1 1 1 1 1 1 1 1 1 1 1 1 1 1 1 1 1 1 1 1 1 1 1 1 1 1 1 1 1 1 1 1 1 1 1 1 1 1 1 1 1 1 1 1 1 1 1 1 1 1 1 1 1 1 1 1 1 1 1 1 1 1 1 1 1 1 1 1 1 1 1 0.5 0.5 0.5 0.5 1 1 1 1 1 1 1 1 1 1 1 1 1 1 1 1 1 1 1 1 1 0.5 0.5 0.5 0.5 1 1 1 1 1 1 1 1 1 1 1 1 1 1 1 1 1 1 1 1 0.5 0.5 1 1 1 0.5 0.5 0.5 0.5 1 0.5 0.5 1 0.5 0.5 1 0.5 0.5 1 1 1 1 1 1 1 0.5 0.5 0.5 0.5 1 1 1 0.5 0.5 1 1 1 0.5 0.5 0.5 0.5 1 1 1 1 1 1 1 1 1 1 1 1 1 1 1 1 1 1 1 1 1 1 1 1 1 0.5 0.5 1 1 1 1 1 0.5 0.5 1 1 1 1 1 1 1 1 1 0.5 0.5 1 1 1 1 1 1 1 1 1 1 1 1 1 1 1 1 1 1 1 1 1 1 1 1 1 1 1 1 1 1 1 1 1 1 1 1 1 1 1</float_array>
          <technique_common>
            <accessor source="#skeleton_root_mesh-1-skin-weights-array" count="585" stride="1">
              <param name="WEIGHT" type="float"/>
            </accessor>
          </technique_common>
        </source>
        <joints>
          <input semantic="JOINT" source="#skeleton_root_mesh-1-skin-joints"/>
          <input semantic="INV_BIND_MATRIX" source="#skeleton_root_mesh-1-skin-bind_poses"/>
        </joints>
        <vertex_weights count="549">
          <input semantic="JOINT" source="#skeleton_root_mesh-1-skin-joints" offset="0"/>
          <input semantic="WEIGHT" source="#skeleton_root_mesh-1-skin-weights" offset="1"/>
          <vcount>1 1 1 1 1 1 1 1 1 1 1 1 1 1 1 1 1 1 1 1 1 1 1 1 1 1 1 1 1 1 1 1 1 1 1 1 1 1 1 1 1 1 1 1 1 1 1 1 1 1 1 1 1 1 1 1 1 1 1 1 1 1 1 1 1 1 1 1 1 1 1 1 1 1 1 1 1 1 1 1 1 1 1 1 1 1 1 1 1 1 1 1 2 1 1 1 1 1 1 1 1 1 1 1 1 1 1 1 1 1 1 2 1 2 1 2 1 2 1 2 1 1 1 1 1 1 1 1 1 1 1 1 1 2 2 1 2 1 2 1 2 1 2 1 1 1 1 1 1 1 1 1 1 2 1 1 1 1 1 1 1 1 1 1 1 1 1 1 1 1 1 1 1 1 1 1 1 1 1 1 1 1 1 1 1 1 1 1 1 1 1 1 1 2 1 1 1 1 1 1 1 1 1 1 1 1 1 1 1 1 1 1 1 1 1 1 1 1 1 1 1 1 2 1 1 1 1 1 1 1 1 1 1 1 1 1 1 1 1 1 1 1 2 2 1 1 1 1 1 1 1 1 1 1 1 1 1 1 1 1 1 1 1 1 1 1 1 1 1 1 1 1 1 1 1 1 1 2 1 1 1 1 1 1 1 1 1 1 1 1 1 1 1 1 1 1 1 1 1 1 1 1 1 1 1 1 1 1 1 1 1 1 1 1 1 1 1 1 1 1 1 1 1 1 1 1 1 1 1 1 1 1 1 1 1 1 1 1 1 1 1 1 1 1 1 1 1 1 1 1 1 1 1 1 1 1 1 1 1 1 1 1 1 1 1 1 1 1 1 1 1 1 1 1 1 1 1 1 1 1 1 1 1 1 1 1 1 1 1 1 1 1 1 2 2 1 1 1 1 1 1 1 1 1 1 1 1 1 1 1 1 1 1 1 1 1 2 2 1 1 1 1 1 1 1 1 1 1 1 1 1 1 1 1 1 1 1 1 2 1 1 1 2 2 1 2 1 2 1 2 1 1 1 1 1 1 1 2 2 1 1 1 2 1 1 1 2 2 1 1 1 1 1 1 1 1 1 1 1 1 1 1 1 1 1 1 1 1 1 1 1 1 1 2 1 1 1 1 1 2 1 1 1 1 1 1 1 1 1 2 1 1 1 1 1 1 1 1 1 1 1 1 1 1 1 1 1 1 1 1 1 1 1 1 1 1 1 1 1 1 1 1 1 1 1 1 1 1 1 </vcount>
          <v>0 0 0 1 0 2 0 3 0 4 0 5 0 6 0 7 0 8 0 9 0 10 0 11 0 12 0 13 0 14 0 15 0 16 0 17 0 18 0 19 0 20 0 21 0 22 0 23 0 24 0 25 0 26 0 27 0 28 0 29 0 30 0 31 0 32 0 33 0 34 0 35 0 36 0 37 0 38 0 39 0 40 0 41 0 42 0 43 0 44 0 45 0 46 0 47 0 48 0 49 0 50 0 51 0 52 0 53 0 54 0 55 0 56 0 57 0 58 0 59 0 60 0 61 0 62 0 63 0 64 0 65 0 66 0 67 0 68 0 69 0 70 0 71 0 72 0 73 0 74 0 75 0 76 0 77 0 78 0 79 0 80 0 81 0 82 0 83 0 84 0 85 0 86 1 87 0 88 1 89 0 90 1 91 0 92 1 93 1 94 1 95 1 96 1 97 1 98 1 99 1 100 1 101 1 102 0 103 0 104 2 105 2 106 2 107 2 108 2 109 2 110 2 111 2 112 3 113 2 114 2 115 3 116 2 117 2 118 3 119 2 120 2 121 3 122 2 123 2 124 3 125 0 126 0 127 0 128 0 129 0 130 0 131 0 132 0 133 0 134 0 135 0 136 0 137 4 138 4 139 5 140 4 141 5 142 5 143 4 144 5 145 5 146 4 147 5 148 5 149 4 150 5 151 5 152 4 153 5 154 5 155 5 156 5 157 5 158 4 159 4 160 4 161 4 162 4 163 4 164 4 165 5 166 5 167 5 168 5 169 5 170 1 171 1 172 1 173 1 174 1 175 1 176 1 177 1 178 1 179 1 180 1 181 1 182 4 183 4 184 4 185 4 186 4 187 4 188 4 189 4 190 4 191 4 192 4 193 1 194 1 195 1 196 1 197 1 198 1 199 1 200 1 201 1 202 1 203 1 204 1 205 0 206 1 207 1 208 0 209 0 210 0 211 0 212 0 213 0 214 0 215 0 216 0 217 0 218 0 219 0 220 0 221 0 222 0 223 0 224 0 225 0 226 0 227 0 228 0 229 0 230 0 231 0 232 0 233 3 234 3 235 2 236 3 237 2 238 2 239 2 240 0 241 0 242 0 243 0 244 0 245 0 246 0 247 0 248 0 249 0 250 5 251 5 252 5 253 5 254 5 255 2 256 2 257 3 258 2 259 3 260 3 261 3 262 3 263 0 264 3 265 3 266 3 267 3 268 3 269 3 270 0 271 0 272 0 273 0 274 0 275 1 276 0 277 3 278 3 279 3 280 0 281 1 282 1 283 1 284 1 285 1 286 1 287 1 288 5 289 5 290 5 291 0 292 0 293 4 294 5 295 0 296 0 297 0 298 4 299 4 300 5 301 5 302 0 303 3 304 3 305 3 306 3 307 3 308 4 309 4 310 4 311 4 312 0 313 2 314 2 315 2 316 2 317 0 318 1 319 1 320 0 321 0 322 1 323 0 324 0 325 3 326 3 327 3 328 3 329 3 330 3 331 2 332 2 333 2 334 0 335 0 336 0 337 2 338 1 339 1 340 0 341 0 342 0 343 1 344 1 345 4 346 4 347 4 348 4 349 4 350 3 351 3 352 3 353 3 354 3 355 3 356 1 357 2 358 2 359 2 360 2 361 3 362 3 363 3 364 4 365 4 366 4 367 4 368 4 369 4 370 0 371 4 372 5 373 5 374 5 375 3 376 3 377 3 378 3 379 3 380 3 381 3 382 4 383 4 384 4 385 4 386 5 387 4 388 3 389 0 390 4 391 4 392 4 393 0 394 0 395 3 396 5 397 4 398 4 399 4 400 3 401 3 402 3 403 3 404 6 405 6 406 6 407 6 408 6 409 6 410 6 411 7 412 6 413 7 414 7 415 7 416 7 417 7 418 7 419 7 420 7 421 7 422 7 423 7 424 7 425 7 426 7 427 7 428 7 429 7 430 7 431 8 432 8 433 8 434 8 435 8 436 9 437 8 438 9 439 9 440 9 441 9 442 9 443 9 444 9 445 9 446 9 447 9 448 9 449 9 450 9 451 9 452 9 453 9 454 9 455 9 456 6 457 6 458 6 459 6 460 7 461 7 462 7 463 7 464 8 465 9 466 8 467 9 468 9 469 8 470 9 471 9 472 8 473 9 474 9 475 8 476 9 477 9 478 6 479 6 480 6 481 6 482 6 483 6 484 6 485 7 486 6 487 7 488 7 489 7 490 7 491 6 492 7 493 6 494 6 495 6 496 6 497 7 498 6 499 7 500 7 501 7 502 7 503 9 504 9 505 9 506 9 507 9 508 8 509 8 510 8 511 8 512 8 513 8 514 8 515 8 516 8 517 8 518 8 519 8 520 8 521 8 522 8 523 8 524 8 525 8 526 9 527 8 528 8 529 6 530 6 531 6 532 6 533 7 534 8 535 8 536 8 537 8 538 8 539 8 540 8 541 8 542 8 543 8 544 9 545 6 546 6 547 6 548 6 549 6 550 6 551 6 552 6 553 6 554 6 555 6 556 6 557 6 558 6 559 6 560 6 561 8 562 8 563 8 564 8 565 8 566 8 567 8 568 8 569 8 570 6 571 6 572 6 573 6 574 6 575 6 576 6 577 6 578 6 579 8 580 8 581 8 582 8 583 8 584</v>
        </vertex_weights>
      </skin>
    </controller>
    <controller id="skeleton_root_mesh-0-skin" name="skeleton_root">
      <skin source="#meshId0_name-mesh">
        <bind_shape_matrix>1 0 0 0 0 1 0 0 0 0 1 0 0 0 0 1</bind_shape_matrix>
        <source id="skeleton_root_mesh-0-skin-joints">
          <Name_array id="skeleton_root_mesh-0-skin-joints-array" count="1">Head</Name_array>
          <technique_common>
            <accessor source="#skeleton_root_mesh-0-skin-joints-array" count="1" stride="1">
              <param name="JOINT" type="name"/>
            </accessor>
          </technique_common>
        </source>
        <source id="skeleton_root_mesh-0-skin-bind_poses">
          <float_array id="skeleton_root_mesh-0-skin-bind_poses-array" count="16">-4.37114e-6 -100.0001 7.5498e-6 -49.2364 0 7.5498e-6 100.0001 -58.76021 -100.0001 4.37114e-6 0 2.15219e-6 0 0 0 1</float_array>
          <technique_common>
            <accessor source="#skeleton_root_mesh-0-skin-bind_poses-array" count="1" stride="16">
              <param name="TRANSFORM" type="float4x4"/>
            </accessor>
          </technique_common>
        </source>
        <source id="skeleton_root_mesh-0-skin-weights">
          <float_array id="skeleton_root_mesh-0-skin-weights-array" count="21">1 1 1 1 1 1 1 1 1 1 1 1 1 1 1 1 1 1 1 1 1</float_array>
          <technique_common>
            <accessor source="#skeleton_root_mesh-0-skin-weights-array" count="21" stride="1">
              <param name="WEIGHT" type="float"/>
            </accessor>
          </technique_common>
        </source>
        <joints>
          <input semantic="JOINT" source="#skeleton_root_mesh-0-skin-joints"/>
          <input semantic="INV_BIND_MATRIX" source="#skeleton_root_mesh-0-skin-bind_poses"/>
        </joints>
        <vertex_weights count="21">
          <input semantic="JOINT" source="#skeleton_root_mesh-0-skin-joints" offset="0"/>
          <input semantic="WEIGHT" source="#skeleton_root_mesh-0-skin-weights" offset="1"/>
          <vcount>1 1 1 1 1 1 1 1 1 1 1 1 1 1 1 1 1 1 1 1 1 </vcount>
          <v>0 0 0 1 0 2 0 3 0 4 0 5 0 6 0 7 0 8 0 9 0 10 0 11 0 12 0 13 0 14 0 15 0 16 0 17 0 18 0 19 0 20</v>
        </vertex_weights>
      </skin>
    </controller>
  </library_controllers>
  <library_visual_scenes>
    <visual_scene id="Startup" name="Startup">
      <node id="skeleton_root" name="skeleton_root" type="NODE">
        <matrix sid="transform">0.00999999 0 0 0 0 7.54978e-10 -0.00999999 0 0 0.00999999 7.54978e-10 0 0 0 0 1</matrix>
        <node id="skeleton_root_AllRoot" name="AllRoot" sid="AllRoot" type="JOINT">
          <matrix sid="transform">1 0 0 0 0 1 0 0 0 0 1 0 0 0 0 1</matrix>
          <node id="skeleton_root_Root" name="Root" sid="Root" type="JOINT">
            <matrix sid="transform">1 0 0 0 0 1 0 0 0 0 1 0 0 0 0 1</matrix>
            <node id="skeleton_root_Center" name="Center" sid="Center" type="JOINT">
              <matrix sid="transform">1 0 0 0 0 1 0 62.865 0 0 1 0 0 0 0 1</matrix>
              <node id="skeleton_root_JointRoot" name="JointRoot" sid="JointRoot" type="JOINT">
                <matrix sid="transform">1 0 0 0 0 1 0 0.002876282 0 0 1 0 0 0 0 1</matrix>
                <node id="skeleton_root_BLegL1" name="BLegL1" sid="BLegL1" type="JOINT">
                  <matrix sid="transform">0.09584552 0 0.9953962 38.76353 0 1 0 -16.63779 -0.9953962 0 0.09584552 -40.12591 0 0 0 1</matrix>
                  <node id="skeleton_root_BLegL2" name="BLegL2" sid="BLegL2" type="JOINT">
                    <matrix sid="transform">1 0 0 1.707299 0 1 0 -27.8025 0 0 1 2.528755 0 0 0 1</matrix>
                    <extra>
                      <technique profile="blender">
                        <roll sid="roll" type="float">1.474803</roll>
                        <tip_x sid="tip_x" type="float">0</tip_x>
                        <tip_y sid="tip_y" type="float">0.002876281</tip_y>
                        <tip_z sid="tip_z" type="float">0</tip_z>
                      </technique>
                    </extra>
                  </node>
                  <extra>
                    <technique profile="blender">
                      <roll sid="roll" type="float">1.474803</roll>
                      <tip_x sid="tip_x" type="float">0</tip_x>
                      <tip_y sid="tip_y" type="float">0.002876281</tip_y>
                      <tip_z sid="tip_z" type="float">0</tip_z>
                    </technique>
                  </extra>
                </node>
                <node id="skeleton_root_BLegR1" name="BLegR1" sid="BLegR1" type="JOINT">
                  <matrix sid="transform">-0.09584561 0 0.9953962 -38.764 0 1 0 -16.19042 -0.9953962 0 -0.09584561 -40.10246 0 0 0 1</matrix>
                  <node id="skeleton_root_BLegR2" name="BLegR2" sid="BLegR2" type="JOINT">
                    <matrix sid="transform">1 0 0 1.707293 0 1 0 -27.8025 0 0 1 -2.528748 0 0 0 1</matrix>
                    <extra>
                      <technique profile="blender">
                        <roll sid="roll" type="float">1.666789</roll>
                        <tip_x sid="tip_x" type="float">0</tip_x>
                        <tip_y sid="tip_y" type="float">0.002876281</tip_y>
                        <tip_z sid="tip_z" type="float">0</tip_z>
                      </technique>
                    </extra>
                  </node>
                  <extra>
                    <technique profile="blender">
                      <roll sid="roll" type="float">1.666789</roll>
                      <tip_x sid="tip_x" type="float">0</tip_x>
                      <tip_y sid="tip_y" type="float">0.002876281</tip_y>
                      <tip_z sid="tip_z" type="float">0</tip_z>
                    </technique>
                  </extra>
                </node>
                <node id="skeleton_root_FLegL1" name="FLegL1" sid="FLegL1" type="JOINT">
                  <matrix sid="transform">0.06159703 0 -0.9981011 46.28964 0 1 0 -16.27208 0.9981011 0 0.06159703 22.56973 0 0 0 1</matrix>
                  <node id="skeleton_root_FLegL2" name="FLegL2" sid="FLegL2" type="JOINT">
                    <matrix sid="transform">1 0 0 2.657774 0 1 0 -27.79899 0 0 1 -1.562088 0 0 0 1</matrix>
                    <extra>
                      <technique profile="blender">
                        <roll sid="roll" type="float">-1.50916</roll>
                        <tip_x sid="tip_x" type="float">0</tip_x>
                        <tip_y sid="tip_y" type="float">0.002876281</tip_y>
                        <tip_z sid="tip_z" type="float">0</tip_z>
                      </technique>
                    </extra>
                  </node>
                  <extra>
                    <technique profile="blender">
                      <roll sid="roll" type="float">-1.50916</roll>
                      <tip_x sid="tip_x" type="float">0</tip_x>
                      <tip_y sid="tip_y" type="float">0.002876281</tip_y>
                      <tip_z sid="tip_z" type="float">0</tip_z>
                    </technique>
                  </extra>
                </node>
                <node id="skeleton_root_FLegR1" name="FLegR1" sid="FLegR1" type="JOINT">
                  <matrix sid="transform">-0.06159688 0 -0.9981011 -46.28965 0 1 0 -16.27207 0.9981011 0 -0.06159688 22.56972 0 0 0 1</matrix>
                  <node id="skeleton_root_FLegR2" name="FLegR2" sid="FLegR2" type="JOINT">
                    <matrix sid="transform">1 0 0 2.657777 0 1 0 -27.79901 0 0 1 1.562088 0 0 0 1</matrix>
                    <extra>
                      <technique profile="blender">
                        <roll sid="roll" type="float">-1.632432</roll>
                        <tip_x sid="tip_x" type="float">0</tip_x>
                        <tip_y sid="tip_y" type="float">0.002876281</tip_y>
                        <tip_z sid="tip_z" type="float">0</tip_z>
                      </technique>
                    </extra>
                  </node>
                  <extra>
                    <technique profile="blender">
                      <roll sid="roll" type="float">-1.632432</roll>
                      <tip_x sid="tip_x" type="float">0</tip_x>
                      <tip_y sid="tip_y" type="float">0.002876281</tip_y>
                      <tip_z sid="tip_z" type="float">0</tip_z>
                    </technique>
                  </extra>
                </node>
                <node id="skeleton_root_Head" name="Head" sid="Head" type="JOINT">
                  <matrix sid="transform">-4.37114e-8 0 -1 -2.27374e-13 0 0.9999999 0 -4.10767 1 0 -4.37114e-8 49.2364 0 0 0 1</matrix>
                  <extra>
                    <technique profile="blender">
                      <roll sid="roll" type="float">-1.570796</roll>
                      <tip_x sid="tip_x" type="float">0</tip_x>
                      <tip_y sid="tip_y" type="float">0.002876281</tip_y>
                      <tip_z sid="tip_z" type="float">0</tip_z>
                    </technique>
                  </extra>
                </node>
                <node id="skeleton_root_Needle" name="Needle" sid="Needle" type="JOINT">
                  <matrix sid="transform">1 0 0 0 0 1 0 26.83621 0 0 1 -0.403019 0 0 0 1</matrix>
                  <extra>
                    <technique profile="blender">
                      <tip_x sid="tip_x" type="float">0</tip_x>
                      <tip_y sid="tip_y" type="float">0.002876281</tip_y>
                      <tip_z sid="tip_z" type="float">0</tip_z>
                    </technique>
                  </extra>
                </node>
                <extra>
                  <technique profile="blender">
                    <tip_x sid="tip_x" type="float">0</tip_x>
                    <tip_y sid="tip_y" type="float">0.002876281</tip_y>
                    <tip_z sid="tip_z" type="float">0</tip_z>
                  </technique>
                </extra>
              </node>
              <extra>
                <technique profile="blender">
                  <tip_x sid="tip_x" type="float">0</tip_x>
                  <tip_y sid="tip_y" type="float">0.002876281</tip_y>
                  <tip_z sid="tip_z" type="float">0</tip_z>
                </technique>
              </extra>
            </node>
            <extra>
              <technique profile="blender">
                <tip_x sid="tip_x" type="float">0</tip_x>
                <tip_y sid="tip_y" type="float">0.002876281</tip_y>
                <tip_z sid="tip_z" type="float">0</tip_z>
              </technique>
            </extra>
          </node>
          <extra>
            <technique profile="blender">
              <tip_x sid="tip_x" type="float">0</tip_x>
              <tip_y sid="tip_y" type="float">0.002876281</tip_y>
              <tip_z sid="tip_z" type="float">0</tip_z>
            </technique>
          </extra>
        </node>
        <node id="mesh-0" name="mesh-0" type="NODE">
          <matrix sid="transform">1 0 0 0 0 1 0 0 0 0 1 0 0 0 0 1</matrix>
          <instance_controller url="#skeleton_root_mesh-0-skin">
            <skeleton>#skeleton_root_AllRoot</skeleton>
            <bind_material>
              <technique_common>
                <instance_material symbol="m2Eye_v-material" target="#m2Eye_v-material">
                  <bind_vertex_input semantic="meshId0-tex0" input_semantic="TEXCOORD" input_set="0"/>
                </instance_material>
              </technique_common>
            </bind_material>
          </instance_controller>
        </node>
        <node id="mesh-1" name="mesh-1" type="NODE">
          <matrix sid="transform">1 0 0 0 0 1 0 0 0 0 1 0 0 0 0 1</matrix>
          <instance_controller url="#skeleton_root_mesh-1-skin">
            <skeleton>#skeleton_root_AllRoot</skeleton>
            <bind_material>
              <technique_common>
                <instance_material symbol="m1Body_v-material" target="#m1Body_v-material">
                  <bind_vertex_input semantic="meshId1-tex0" input_semantic="TEXCOORD" input_set="0"/>
                </instance_material>
              </technique_common>
            </bind_material>
          </instance_controller>
        </node>
        <node id="mesh-2" name="mesh-2" type="NODE">
          <matrix sid="transform">1 0 0 0 0 1 0 0 0 0 1 0 0 0 0 1</matrix>
          <instance_controller url="#skeleton_root_mesh-2-skin">
            <skeleton>#skeleton_root_AllRoot</skeleton>
            <bind_material>
              <technique_common>
                <instance_material symbol="m0BodyEnv_v-material" target="#m0BodyEnv_v-material">
                  <bind_vertex_input semantic="meshId2-tex0" input_semantic="TEXCOORD" input_set="0"/>
                </instance_material>
              </technique_common>
            </bind_material>
          </instance_controller>
        </node>
      </node>
    </visual_scene>
  </library_visual_scenes>
  <scene>
    <instance_visual_scene url="#Startup"/>
  </scene>
</COLLADA>