<?xml version="1.0" encoding="utf-8"?>
<COLLADA xmlns="http://www.collada.org/2005/11/COLLADASchema" version="1.4.1" xmlns:xsi="http://www.w3.org/2001/XMLSchema-instance">
  <asset>
    <contributor>
      <author>Blender User</author>
      <authoring_tool>Blender 4.3.0 commit date:2024-11-19, commit time:08:52, hash:2b18cad88b13</authoring_tool>
    </contributor>
    <created>2025-02-02T22:17:40</created>
    <modified>2025-02-02T22:17:40</modified>
    <unit name="meter" meter="1"/>
    <up_axis>Z_UP</up_axis>
  </asset>
  <library_effects>
    <effect id="m0BodyEnv_v-effect">
      <profile_COMMON>
        <newparam sid="TogezoBody_png-surface">
          <surface type="2D">
            <init_from>TogezoBody_png</init_from>
          </surface>
        </newparam>
        <newparam sid="TogezoBody_png-sampler">
          <sampler2D>
            <source>TogezoBody_png-surface</source>
          </sampler2D>
        </newparam>
        <technique sid="common">
          <lambert>
            <emission>
              <color sid="emission">0 0 0 1</color>
            </emission>
            <diffuse>
              <texture texture="TogezoBody_png-sampler" texcoord="meshId0-tex0"/>
            </diffuse>
            <index_of_refraction>
              <float sid="ior">1.5</float>
            </index_of_refraction>
          </lambert>
        </technique>
      </profile_COMMON>
    </effect>
  </library_effects>
  <library_images>
    <image id="TogezoBody_png" name="TogezoBody_png">
      <init_from>TogezoBody.png</init_from>
    </image>
  </library_images>
  <library_materials>
    <material id="m0BodyEnv_v-material" name="m0BodyEnv_v">
      <instance_effect url="#m0BodyEnv_v-effect"/>
    </material>
  </library_materials>
  <library_geometries>
    <geometry id="meshId0_name-mesh" name="meshId0_name">
      <mesh>
        <source id="meshId0_name-mesh-positions">
          <float_array id="meshId0_name-mesh-positions-array" count="2124">-44.2656 33.1992 44.2656 -48.6094 36.457 36.457 -40.9102 40.9102 40.9102 -44.2656 44.2656 33.1992 -36.457 48.6094 36.457 -39.4766 52.6328 26.3164 -28.9297 57.8594 28.9297 -30.9258 61.8516 15.4609 -16.6992 66.8086 16.6992 -17.1836 68.7461 0 0 70.8633 0 0 68.7461 -17.1836 16.6992 66.8086 -16.6992 15.4609 61.8516 -30.9258 28.9297 57.8594 -28.9297 26.3164 52.6328 -39.4766 36.457 48.6094 -36.457 33.1992 44.2656 -44.2656 40.9102 40.9102 -40.9102 44.2656 33.1992 -44.2656 48.6094 36.457 -36.457 52.6328 26.3164 -39.4766 57.8594 28.9297 -28.9297 61.8516 15.4609 -30.9258 66.8086 16.6992 -16.6992 68.7461 0 -17.1836 70.8633 0 0 68.7461 -17.1836 0 66.8086 -16.6992 16.6992 61.8516 -30.9258 15.4609 57.8594 -28.9297 28.9297 52.6328 -39.4766 26.3164 48.6094 -36.457 36.457 44.2656 -44.2656 33.1992 40.9102 -40.9102 40.9102 36.457 -48.6094 36.457 33.1992 -44.2656 44.2656 26.3164 -52.6328 39.4766 23.6211 -47.2422 47.2422 13.8945 -55.5898 41.6914 12.332 -49.3398 49.3398 0 -56.6875 42.5156 0 -50.1055 50.1055 -13.8945 -55.5898 41.6914 -12.332 -49.3398 49.3398 -26.3164 -52.6328 39.4766 -23.6211 -47.2422 47.2422 -36.457 -48.6094 36.457 -33.1992 -44.2656 44.2656 -44.2656 -44.2656 33.1992 -40.9102 -40.9102 40.9102 -44.2656 -33.1992 44.2656 -36.457 -36.457 48.6094 -39.4766 -26.3164 52.6328 -28.9297 -28.9297 57.8594 -30.9258 -15.4609 61.8516 -16.6992 -16.6992 66.8086 -17.1836 0 68.7461 0 0 70.8633 0 17.1836 68.7461 16.6992 16.6992 66.8086 15.4609 30.9258 61.8516 28.9297 28.9297 57.8594 26.3164 39.4766 52.6328 36.457 36.457 48.6094 33.1992 44.2656 44.2656 40.9102 40.9102 40.9102 44.2656 44.2656 33.1992 44.2656 33.1992 44.2656 48.6094 36.457 36.457 47.2422 23.6211 47.2422 52.6328 26.3164 39.4766 49.3398 12.332 49.3398 55.5898 13.8945 41.6914 50.1055 0 50.1055 56.6875 0 42.5156 49.3398 -12.332 49.3398 55.5898 -13.8945 41.6914 47.2422 -23.6211 47.2422 52.6328 -26.3164 39.4766 44.2656 -33.1992 44.2656 13.8945 41.6914 55.5898 0 31.6875 63.3789 0 42.5156 56.6875 -15.4609 30.9258 61.8516 -13.8945 41.6914 55.5898 -28.9297 28.9297 57.8594 -26.3164 39.4766 52.6328 -39.4766 26.3164 52.6328 -36.457 36.457 48.6094 -47.2422 23.6211 47.2422 -52.6328 26.3164 39.4766 -57.8594 28.9297 28.9297 -52.6328 39.4766 26.3164 -61.8516 30.9258 15.4609 -55.5898 41.6914 13.8945 -63.3789 31.6875 0 -56.6875 42.5156 0 -61.8516 30.9258 -15.4609 -55.5898 41.6914 -13.8945 -57.8594 28.9297 -28.9297 -52.6328 39.4766 -26.3164 -52.6328 26.3164 -39.4766 -48.6094 36.457 -36.457 -47.2422 23.6211 -47.2422 -44.2656 33.1992 -44.2656 -39.4766 26.3164 -52.6328 -36.457 36.457 -48.6094 -28.9297 28.9297 -57.8594 -26.3164 39.4766 -52.6328 -15.4609 30.9258 -61.8516 -13.8945 41.6914 -55.5898 0 31.6875 -63.3789 0 42.5156 -56.6875 15.4609 30.9258 -61.8516 13.8945 41.6914 -55.5898 28.9297 28.9297 -57.8594 26.3164 39.4766 -52.6328 39.4766 26.3164 -52.6328 36.457 36.457 -48.6094 47.2422 23.6211 -47.2422 -41.6914 -13.8945 55.5898 -47.2422 -23.6211 47.2422 -49.3398 -12.332 49.3398 -52.6328 -26.3164 39.4766 -55.5898 -13.8945 41.6914 -57.8594 -28.9297 28.9297 -61.8516 -15.4609 30.9258 -61.8516 -30.9258 15.4609 -66.8086 -16.6992 16.6992 -63.3789 -31.6875 0 -68.7461 -17.1836 0 -61.8516 -30.9258 -15.4609 -66.8086 -16.6992 -16.6992 -57.8594 -28.9297 -28.9297 -61.8516 -15.4609 -30.9258 -52.6328 -26.3164 -39.4766 -55.5898 -13.8945 -41.6914 -47.2422 -23.6211 -47.2422 -49.3398 -12.332 -49.3398 -39.4766 -26.3164 -52.6328 -41.6914 -13.8945 -55.5898 -28.9297 -28.9297 -57.8594 -30.9258 -15.4609 -61.8516 -15.4609 -30.9258 -61.8516 -16.6992 -16.6992 -66.8086 0 -31.6875 -63.3789 0 -17.1836 -68.7461 15.4609 -30.9258 -61.8516 16.6992 -16.6992 -66.8086 28.9297 -28.9297 -57.8594 30.9258 -15.4609 -61.8516 39.4766 -26.3164 -52.6328 41.6914 -13.8945 -55.5898 47.2422 -23.6211 -47.2422 49.3398 -12.332 -49.3398 52.6328 -26.3164 -39.4766 55.5898 -13.8945 -41.6914 57.8594 -28.9297 -28.9297 61.8516 -15.4609 -30.9258 61.8516 -30.9258 -15.4609 66.8086 -16.6992 -16.6992 63.3789 -31.6875 0 -16.6992 16.6992 66.8086 -30.9258 15.4609 61.8516 -41.6914 13.8945 55.5898 -49.3398 12.332 49.3398 -55.5898 13.8945 41.6914 -61.8516 15.4609 30.9258 -66.8086 16.6992 16.6992 -68.7461 17.1836 0 -66.8086 16.6992 -16.6992 -61.8516 15.4609 -30.9258 -55.5898 13.8945 -41.6914 -49.3398 12.332 -49.3398 -41.6914 13.8945 -55.5898 -30.9258 15.4609 -61.8516 -16.6992 16.6992 -66.8086 0 17.1836 -68.7461 16.6992 16.6992 -66.8086 30.9258 15.4609 -61.8516 41.6914 13.8945 -55.5898 49.3398 12.332 -49.3398 55.5898 13.8945 -41.6914 -31.6875 0 63.3789 -42.5156 0 56.6875 -50.1055 0 50.1055 -56.6875 0 42.5156 -63.3789 0 31.6875 -68.7461 0 17.1836 -70.8633 0 0 -68.7461 0 -17.1836 -63.3789 0 -31.6875 -56.6875 0 -42.5156 -50.1055 0 -50.1055 -42.5156 0 -56.6875 -31.6875 0 -63.3789 -17.1836 0 -68.7461 0 0 -70.8633 17.1836 0 -68.7461 31.6875 0 -63.3789 42.5156 0 -56.6875 50.1055 0 -50.1055 56.6875 0 -42.5156 63.3789 0 -31.6875 -48.6094 -36.457 36.457 -52.6328 -39.4766 26.3164 -55.5898 -41.6914 13.8945 -56.6875 -42.5156 0 -55.5898 -41.6914 -13.8945 -52.6328 -39.4766 -26.3164 -48.6094 -36.457 -36.457 -44.2656 -33.1992 -44.2656 -36.457 -36.457 -48.6094 -26.3164 -39.4766 -52.6328 -13.8945 -41.6914 -55.5898 0 -42.5156 -56.6875 13.8945 -41.6914 -55.5898 26.3164 -39.4766 -52.6328 36.457 -36.457 -48.6094 44.2656 -33.1992 -44.2656 48.6094 -36.457 -36.457 52.6328 -39.4766 -26.3164 55.5898 -41.6914 -13.8945 56.6875 -42.5156 0 55.5898 -41.6914 13.8945 -47.2422 -47.2422 23.6211 -49.3398 -49.3398 12.332 -50.1055 -50.1055 0 -49.3398 -49.3398 -12.332 -47.2422 -47.2422 -23.6211 -44.2656 -44.2656 -33.1992 -40.9102 -40.9102 -40.9102 -33.1992 -44.2656 -44.2656 -23.6211 -47.2422 -47.2422 -12.332 -49.3398 -49.3398 0 -50.1055 -50.1055 12.332 -49.3398 -49.3398 23.6211 -47.2422 -47.2422 33.1992 -44.2656 -44.2656 40.9102 -40.9102 -40.9102 44.2656 -44.2656 -33.1992 47.2422 -47.2422 -23.6211 49.3398 -49.3398 -12.332 50.1055 -50.1055 0 49.3398 -49.3398 12.332 47.2422 -47.2422 23.6211 -47.2422 47.2422 23.6211 -41.6914 55.5898 13.8945 -31.6875 63.3789 0 -16.6992 66.8086 -16.6992 0 63.3789 -31.6875 13.8945 55.5898 -41.6914 23.6211 47.2422 -47.2422 39.4766 26.3164 52.6328 30.9258 15.4609 61.8516 17.1836 0 68.7461 0 -17.1836 68.7461 -15.4609 -30.9258 61.8516 -26.3164 -39.4766 52.6328 -49.3398 49.3398 12.332 -42.5156 56.6875 0 -30.9258 61.8516 -15.4609 -15.4609 61.8516 -30.9258 0 56.6875 -42.5156 12.332 49.3398 -49.3398 61.8516 -15.4609 30.9258 63.3789 0 31.6875 68.7461 0 17.1836 66.8086 16.6992 16.6992 68.7461 17.1836 0 63.3789 31.6875 0 61.8516 30.9258 -15.4609 55.5898 41.6914 -13.8945 52.6328 39.4766 -26.3164 47.2422 47.2422 -23.6211 44.2656 44.2656 -33.1992 39.4766 52.6328 -26.3164 39.4766 -52.6328 26.3164 41.6914 -55.5898 13.8945 42.5156 -56.6875 0 41.6914 -55.5898 -13.8945 39.4766 -52.6328 -26.3164 36.457 -48.6094 -36.457 61.8516 15.4609 30.9258 61.8516 30.9258 15.4609 56.6875 42.5156 0 49.3398 49.3398 -12.332 41.6914 55.5898 -13.8945 30.9258 61.8516 -15.4609 57.8594 28.9297 28.9297 55.5898 41.6914 13.8945 50.1055 50.1055 0 42.5156 56.6875 0 31.6875 63.3789 0 17.1836 68.7461 0 52.6328 39.4766 26.3164 49.3398 49.3398 12.332 41.6914 55.5898 13.8945 30.9258 61.8516 15.4609 16.6992 66.8086 16.6992 0 68.7461 17.1836 47.2422 47.2422 23.6211 39.4766 52.6328 26.3164 28.9297 57.8594 28.9297 15.4609 61.8516 30.9258 0 63.3789 31.6875 -15.4609 61.8516 30.9258 36.457 48.6094 36.457 26.3164 52.6328 39.4766 13.8945 55.5898 41.6914 0 56.6875 42.5156 -13.8945 55.5898 41.6914 -26.3164 52.6328 39.4766 23.6211 47.2422 47.2422 12.332 49.3398 49.3398 0 50.1055 50.1055 -12.332 49.3398 49.3398 -23.6211 47.2422 47.2422 -33.1992 44.2656 44.2656 -39.4766 -52.6328 26.3164 -41.6914 -55.5898 13.8945 -42.5156 -56.6875 0 -41.6914 -55.5898 -13.8945 -39.4766 -52.6328 -26.3164 -36.457 -48.6094 -36.457 -28.9297 -57.8594 28.9297 -30.9258 -61.8516 15.4609 -31.6875 -63.3789 0 -30.9258 -61.8516 -15.4609 -28.9297 -57.8594 -28.9297 -26.3164 -52.6328 -39.4766 -15.4609 -61.8516 30.9258 -16.6992 -66.8086 16.6992 -17.1836 -68.7461 0 -16.6992 -66.8086 -16.6992 -15.4609 -61.8516 -30.9258 -13.8945 -55.5898 -41.6914 0 -63.3789 31.6875 0 -68.7461 17.1836 0 -70.8633 0 0 -68.7461 -17.1836 0 -63.3789 -31.6875 0 -56.6875 -42.5156 15.4609 -61.8516 30.9258 16.6992 -66.8086 16.6992 17.1836 -68.7461 0 16.6992 -66.8086 -16.6992 15.4609 -61.8516 -30.9258 13.8945 -55.5898 -41.6914 28.9297 -57.8594 28.9297 30.9258 -61.8516 15.4609 31.6875 -63.3789 0 30.9258 -61.8516 -15.4609 28.9297 -57.8594 -28.9297 26.3164 -52.6328 -39.4766 41.6914 13.8945 55.5898 31.6875 0 63.3789 16.6992 -16.6992 66.8086 0 -31.6875 63.3789 -13.8945 -41.6914 55.5898 -50.1055 50.1055 0 -41.6914 55.5898 -13.8945 -28.9297 57.8594 -28.9297 -13.8945 55.5898 -41.6914 0 50.1055 -50.1055 42.5156 0 56.6875 30.9258 -15.4609 61.8516 15.4609 -30.9258 61.8516 0 -42.5156 56.6875 -49.3398 49.3398 -12.332 -39.4766 52.6328 -26.3164 -26.3164 52.6328 -39.4766 -12.332 49.3398 -49.3398 41.6914 -13.8945 55.5898 28.9297 -28.9297 57.8594 13.8945 -41.6914 55.5898 -47.2422 47.2422 -23.6211 -36.457 48.6094 -36.457 -23.6211 47.2422 -47.2422 39.4766 -26.3164 52.6328 26.3164 -39.4766 52.6328 -44.2656 44.2656 -33.1992 -33.1992 44.2656 -44.2656 36.457 -36.457 48.6094 -40.9102 40.9102 -40.9102 55.4492 24.6328 -37.4102 56.6406 33.4727 -27.4297 64.2188 63.6641 -64.0391 51.2305 44.4297 -21.9609 41.2891 53.3164 -23.0938 27.4805 33.6055 56.5352 37.4258 24.7148 55.4023 39.3555 39.0156 39.2461 48.1094 21.2891 48.0938 55.4492 24.6328 37.4102 17.3906 -67.4063 -12.6367 21.4961 -67.4063 0 0 -67.4063 0 17.3906 -67.4063 12.6367 6.64063 -67.4063 20.4453 -67.4063 21.4961 0 -67.4063 17.3906 -12.6367 -67.4063 0 0 -67.4063 6.64063 -20.4453 -67.4063 -6.64063 -20.4453 -6.64063 -67.4063 20.4453 -17.3906 -67.4063 12.6367 -21.4961 -67.4063 0 51.2305 44.4297 -21.9609 56.6406 33.4727 -27.4297 39.3555 39.0156 -39.2461 55.4492 24.6328 -37.4102 48.1094 21.2891 -48.0938 -30.6055 56.7461 -30.3984 -23.2656 53.4023 -41.082 -39.3555 39.0156 -39.2461 -22.0742 44.5625 -51.0664 -27.4805 33.6055 -56.5352 -55.4492 24.6328 -37.4102 -56.6406 33.4727 -27.4297 -51.2305 44.4297 -21.9609 -41.2891 53.3164 -23.0938 -23.2656 -53.4023 -41.082 -30.6055 -56.7461 -30.3984 -39.3555 -39.0156 -39.2461 -41.2891 -53.3164 -23.0938 -51.2305 -44.4297 -21.9609 -21.4961 67.4063 0 -17.3906 67.4063 -12.6367 0 110.809 0 -6.64063 67.4063 -20.4453 6.64063 67.4063 -20.4453 30.6055 -56.7461 -30.3984 23.2656 -53.4023 -41.082 39.3555 -39.0156 -39.2461 22.0742 -44.5625 -51.0664 27.4805 -33.6055 -56.5352 37.4258 -24.7148 -55.4023 48.1094 -21.2891 -48.0938 55.4492 -24.6328 -37.4102 56.6406 -33.4727 -27.4297 51.2305 -44.4297 -21.9609 41.2891 -53.3164 -23.0938 0 21.4961 67.4063 -12.6367 17.3906 67.4063 0 0 67.4063 -20.4453 6.64063 67.4063 -20.4453 -6.64063 67.4063 -12.6367 -17.3906 67.4063 0 -21.4961 67.4063 12.6367 -17.3906 67.4063 -12.6367 17.3906 -67.4063 0 21.4961 -67.4063 0 0 -67.4063 12.6367 17.3906 -67.4063 20.4453 6.64063 -67.4063 20.4453 -6.64063 -67.4063 12.6367 -17.3906 -67.4063 0 -21.4961 -67.4063 -12.6367 -17.3906 -67.4063 -20.4453 -6.64063 -67.4063 -20.4453 6.64063 -67.4063 -67.4063 17.3906 -12.6367 -67.4063 21.4961 0 -110.809 0 0 -67.4063 17.3906 12.6367 -67.4063 6.64063 20.4453 -67.4063 -6.64063 20.4453 -67.4063 -17.3906 12.6367 -67.4063 -21.4961 0 -56.6406 -33.4727 -27.4297 -55.4492 -24.6328 -37.4102 -48.1094 -21.2891 -48.0938 -67.4063 -17.3906 -12.6367 -67.4063 -6.64063 -20.4453 -67.4063 6.64063 -20.4453 23.2656 53.4023 -41.082 30.6055 56.7461 -30.3984 41.2891 53.3164 -23.0938 -17.3906 -67.4063 -12.6367 -6.64063 -67.4063 -20.4453 6.64063 -67.4063 -20.4453 -67.4063 -17.3906 -12.6367 -67.4063 -21.4961 0 -67.4063 -17.3906 12.6367 -30.6055 -56.7461 -30.3984 -23.2656 -53.4023 -41.082 -64.2188 -63.6641 -64.0391 -22.0742 -44.5625 -51.0664 -27.4805 -33.6055 -56.5352 -37.4258 -24.7148 -55.4023 -48.1094 -21.2891 -48.0938 -55.4492 -24.6328 -37.4102 -56.6406 -33.4727 -27.4297 -51.2305 -44.4297 -21.9609 -41.2891 -53.3164 -23.0938 17.3906 67.4063 -12.6367 21.4961 67.4063 0 17.3906 67.4063 12.6367 6.64063 67.4063 20.4453 -6.64063 67.4063 20.4453 -17.3906 67.4063 12.6367 -51.2305 44.4297 21.9609 -56.6406 33.4727 27.4297 -39.3555 39.0156 39.2461 -55.4492 24.6328 37.4102 -48.1094 21.2891 48.0938 30.6055 56.7461 30.3984 23.2656 53.4023 41.082 22.0742 44.5625 51.0664 67.4063 17.3906 -12.6367 67.4063 21.4961 0 67.4063 0 0 67.4063 17.3906 12.6367 67.4063 6.64063 20.4453 67.4063 -6.64063 20.4453 67.4063 -17.3906 12.6367 67.4063 -21.4961 0 67.4063 -17.3906 -12.6367 67.4063 -6.64063 -20.4453 67.4063 6.64063 -20.4453 23.2656 -53.4023 41.082 30.6055 -56.7461 30.3984 39.3555 -39.0156 39.2461 41.2891 -53.3164 23.0938 51.2305 -44.4297 21.9609 21.4961 67.4063 0 17.3906 67.4063 -12.6367 0 67.4063 0 6.64063 67.4063 -20.4453 -6.64063 67.4063 -20.4453 -12.6367 17.3906 67.4063 0 21.4961 67.4063 0 0 110.809 12.6367 17.3906 67.4063 20.4453 6.64063 67.4063 -37.4258 24.7148 -55.4023 -48.1094 21.2891 -48.0977 20.4453 -6.64063 67.4063 12.6367 -17.3906 67.4063 0 -21.4961 67.4063 -12.6367 -17.3906 67.4063 -20.4453 -6.64063 67.4063 -20.4453 6.64063 67.4063 30.6055 -56.7461 30.3984 23.2656 -53.4023 41.082 64.2188 -63.6641 64.0391 22.0742 -44.5625 51.0664 27.4805 -33.6055 56.5352 37.4258 -24.7148 55.4023 48.1094 -21.2891 48.0938 55.4492 -24.6328 37.4102 56.6406 -33.4727 27.4297 51.2305 -44.4297 21.9609 41.2891 -53.3164 23.0938 -23.2656 53.4023 41.082 -30.6055 56.7461 30.3984 -41.2891 53.3164 23.0938 30.6055 56.7461 -30.3984 23.2656 53.4023 -41.082 22.0742 44.5625 -51.0664 27.4805 33.6055 -56.5352 56.6406 -33.4727 27.4297 55.4492 -24.6328 37.4102 48.1094 -21.2891 48.0938 -55.4492 -24.6328 37.4102 -56.6406 -33.4727 27.4297 -39.3555 -39.0156 39.2461 -51.2305 -44.4297 21.9609 -41.2891 -53.3164 23.0938 -30.6055 -56.7461 30.3984 -23.2656 -53.4023 41.082 -22.0742 -44.5625 51.0664 -27.4805 -33.6055 56.5352 -37.4258 -24.7148 55.4023 -48.1094 -21.2891 48.0938 -17.3906 67.4063 -12.6367 -21.4961 67.4063 0 -17.3906 67.4063 12.6367 -30.6055 56.7461 30.3984 -23.2656 53.4023 41.082 -64.2188 63.6641 64.0391 -22.0742 44.5625 51.0664 -27.4805 33.6055 56.5352 -37.4258 24.7148 55.4023 -48.1094 21.2891 48.0938 -55.4492 24.6328 37.4102 -56.6406 33.4727 27.4297 -51.2305 44.4297 21.9609 -41.2891 53.3164 23.0938 56.6406 33.4727 27.4297 51.2305 44.4297 21.9609 41.2891 53.3164 23.0938 37.4258 24.7148 -55.4023 48.1094 21.2891 -48.0938 17.3906 -67.4063 -12.6367 0 -110.809 0 21.4961 -67.4063 0 17.3906 -67.4063 12.6367 6.64063 -67.4063 20.4453 -6.64063 -67.4063 20.4453 -17.3906 -67.4063 12.6367 -21.4961 -67.4063 0 -17.3906 -67.4063 -12.6367 -6.64063 -67.4063 -20.4453 12.6367 17.3906 67.4063 20.4453 6.64063 67.4063 20.4453 -6.64063 67.4063 6.64063 -67.4063 -20.4453 17.3906 -67.4063 -12.6367 -30.6055 -56.7461 30.3984 -64.2188 -63.6641 64.0391 -23.2656 -53.4023 41.082 -22.0742 -44.5625 51.0664 -27.4805 -33.6055 56.5352 -37.4258 -24.7148 55.4023 -55.4492 -24.6328 37.4102 -56.6406 -33.4727 27.4297 -51.2305 -44.4297 21.9609 -41.2891 -53.3164 23.0938 -30.6055 -56.7461 30.3984 30.6055 56.7461 30.3984 64.2188 63.6641 64.0391 23.2656 53.4023 41.082 22.0742 44.5625 51.0664 27.4805 33.6055 56.5352 37.4258 24.7148 55.4023 48.1094 21.2891 48.0938 55.4492 24.6328 37.4102 56.6406 33.4727 27.4297 51.2305 44.4297 21.9609 41.2891 53.3164 23.0938 30.6055 56.7461 30.3984 -30.6055 56.7461 -30.3984 -64.2188 63.6641 -64.0391 -23.2656 53.4023 -41.082 -22.0742 44.5625 -51.0664 -27.4805 33.6055 -56.5352 -37.4258 24.7148 -55.4023 -48.1094 21.2891 -48.0977 -55.4492 24.6328 -37.4102 -56.6406 33.4727 -27.4297 -51.2305 44.4297 -21.9609 -41.2891 53.3164 -23.0938 -30.6055 56.7461 -30.3984 30.6055 -56.7461 -30.3984 64.2188 -63.6641 -64.0391 23.2656 -53.4023 -41.082 22.0742 -44.5625 -51.0664 27.4805 -33.6055 -56.5352 37.4258 -24.7148 -55.4023 48.1094 -21.2891 -48.0938 55.4492 -24.6328 -37.4102 56.6406 -33.4727 -27.4297 51.2305 -44.4297 -21.9609 41.2891 -53.3164 -23.0938 30.6055 -56.7461 -30.3984 -12.6367 17.3906 -67.4063 0 0 -110.809 0 21.4961 -67.4063 12.6367 17.3906 -67.4063 20.4453 6.64063 -67.4063 20.4453 -6.64063 -67.4063 0 -21.4961 -67.4063 -12.6367 -17.3906 -67.4063 -20.4453 -6.64063 -67.4063 -20.4453 6.64063 -67.4063 -12.6367 17.3906 -67.4063 -67.4063 17.3906 12.6367 -67.4063 6.64063 20.4453 -67.4063 -6.64063 20.4453 17.3906 67.4063 12.6367 6.64063 67.4063 20.4453 -6.64063 67.4063 20.4453 -48.1094 -21.2891 48.0938 22.0742 -44.5625 51.0664 27.4805 -33.6055 56.5352 37.4258 -24.7148 55.4023 -22.0742 44.5625 51.0664 -27.4805 33.6055 56.5352 -37.4258 24.7148 55.4023 22.0742 44.5625 -51.0664 27.4805 33.6055 -56.5352 37.4258 24.7148 -55.4023 67.4063 17.3906 -12.6367 110.809 0 0 67.4063 21.4961 0 67.4063 17.3906 12.6367 67.4063 6.64063 20.4453 67.4063 -6.64063 20.4453 12.6367 -17.3906 -67.4063 67.4063 -17.3906 12.6367 67.4063 -21.4961 0 67.4063 -17.3906 -12.6367 67.4063 -6.64063 -20.4453 -22.0742 -44.5625 -51.0664 -27.4805 -33.6055 -56.5352 -37.4258 -24.7148 -55.4023 67.4063 6.64063 -20.4453 67.4063 17.3906 -12.6367 30.6055 -56.7461 30.3984 17.3906 67.4063 -12.6367 -67.4063 17.3906 -12.6367 -12.6367 17.3906 67.4063 -30.6055 -56.7461 -30.3984 30.6055 56.7461 -30.3984 -30.6055 56.7461 30.3984</float_array>
          <technique_common>
            <accessor source="#meshId0_name-mesh-positions-array" count="708" stride="3">
              <param name="X" type="float"/>
              <param name="Y" type="float"/>
              <param name="Z" type="float"/>
            </accessor>
          </technique_common>
        </source>
        <source id="meshId0_name-mesh-normals">
          <float_array id="meshId0_name-mesh-normals-array" count="2019">-0.5773538 0.5773513 0.5773457 -0.6940702 0.5090513 0.5090515 -0.6173886 0.4874799 0.6174097 -0.6173898 0.6173889 0.4875047 -0.5090513 0.6940702 0.5090516 -0.5483738 0.7516362 0.3665096 -0.3998016 0.8248135 0.3998017 -0.4243378 0.8801655 0.2127115 -0.2273132 0.94692 0.2273132 -0.2330171 0.9724727 -2.63393e-5 0 1 0 -2.6282e-5 0.9724727 -0.2330172 0.2273132 0.9469199 -0.2273132 0.2127113 0.8801655 -0.4243379 0.3997719 0.8248423 -0.3997719 0.3665094 0.7516363 -0.5483738 0.5090515 0.6940702 -0.5090513 0.4874785 0.6173913 -0.6174081 0.5773538 0.5773512 -0.5773459 0.617392 0.4874784 -0.6174076 0.6940702 0.5090513 -0.5090515 0.7516362 0.3665096 -0.5483738 0.8248136 0.3998019 -0.3998016 0.8801641 0.2126668 -0.4243633 0.94692 0.2273132 -0.2273132 0.9724727 -2.63902e-5 -0.2330172 1 0 0 0.9724727 -0.2330172 -2.62822e-5 0.94692 -0.2273132 0.2273132 0.8801655 -0.424338 0.2127113 0.8248136 -0.3998017 0.3998017 0.7516362 -0.5483739 0.3665094 0.6940702 -0.5090513 0.5090515 0.6173899 -0.6173889 0.4875047 0.5773523 -0.5773527 0.5773458 0.5090515 -0.6940702 0.5090513 0.4874808 -0.6173865 0.6174111 0.3665094 -0.751636 0.5483742 0.3486145 -0.6627386 0.662756 0.1930901 -0.7939778 0.5764681 0.1827105 -0.6951954 0.6952124 4.32727e-6 -0.8097754 0.58674 0 -0.7071068 0.7071067 -0.1931352 -0.7939717 0.5764615 -0.1827105 -0.6952127 0.6951951 -0.3665344 -0.7516292 0.5483669 -0.3486149 -0.6627563 0.6627381 -0.5090453 -0.6940788 0.5090457 -0.4874783 -0.6174077 0.6173919 -0.6173901 -0.6173925 0.4874998 -0.5773597 -0.5773671 0.5773241 -0.6174075 -0.487478 0.6173924 -0.5090514 -0.5090515 0.6940702 -0.548374 -0.3665094 0.7516362 -0.3998016 -0.3998017 0.8248136 -0.4243382 -0.2127116 0.8801653 -0.2273132 -0.2273132 0.94692 -0.233017 2.65052e-5 0.9724727 0 0 1 7.57421e-6 0.2329788 0.9724819 0.2273132 0.2273132 0.94692 0.2127115 0.4243379 0.8801655 0.3997422 0.3997421 0.8248712 0.3665096 0.5483739 0.751636 0.5090513 0.5090515 0.6940702 0.4874789 0.6174082 0.6173909 0.577343 0.5773429 0.577365 0.6173902 0.6173924 0.4874997 0.6174075 0.487478 0.6173924 0.6940789 0.5090456 0.5090453 0.6627568 0.3486149 0.6627376 0.7516294 0.3665342 0.5483667 0.6952117 0.1827101 0.6951962 0.7939715 0.1931353 0.5764616 0.7071068 1.22265e-7 0.7071068 0.8097754 -4.18349e-6 0.58674 0.695195 -0.1827105 0.6952128 0.7939777 -0.1930902 0.5764682 0.6627368 -0.3486156 0.6627573 0.7516195 -0.3665567 0.5483652 0.6173909 -0.4874789 0.6174082 0.1931319 0.5764408 0.7939875 6.26964e-6 0.4334332 0.9011857 4.77233e-6 0.5867404 0.8097752 -0.2127378 0.4243597 0.8801486 -0.1931349 0.5764618 0.7939715 -0.3997993 0.3997989 0.8248161 -0.3665503 0.5484015 0.751596 -0.5484366 0.3665667 0.7515625 -0.5090457 0.5090453 0.6940789 -0.6627381 0.3486149 0.6627563 -0.7516362 0.3665096 0.5483739 -0.8248135 0.3998017 0.3998016 -0.751636 0.5483741 0.3665094 -0.8801654 0.4243382 0.2127115 -0.7939875 0.5764408 0.1931318 -0.9011856 0.4334334 6.34866e-6 -0.8097751 0.5867404 4.80935e-6 -0.8801485 0.4243598 -0.2127379 -0.7939717 0.5764616 -0.1931351 -0.8248159 0.3997992 -0.3997991 -0.7516292 0.5483669 -0.3665342 -0.7516294 0.3665342 -0.5483666 -0.6940789 0.5090457 -0.5090453 -0.6627565 0.3486146 -0.6627381 -0.6174105 0.4874804 -0.6173874 -0.5483741 0.3665094 -0.7516361 -0.5090513 0.5090515 -0.6940702 -0.3998016 0.3998017 -0.8248136 -0.3664625 0.5483829 -0.7516524 -0.2126668 0.4243633 -0.8801641 -0.19309 0.5764682 -0.7939778 -6.26964e-6 0.4334332 -0.9011857 -4.80376e-6 0.5867405 -0.8097751 0.2127378 0.4243597 -0.8801486 0.1931349 0.5764618 -0.7939715 0.3997993 0.3997989 -0.8248161 0.3665503 0.5484015 -0.7515961 0.5484366 0.3665667 -0.7515625 0.5090457 0.5090453 -0.6940788 0.6627381 0.3486149 -0.6627563 -0.5764682 -0.19309 0.7939778 -0.662756 -0.3486145 0.6627386 -0.6951945 -0.1827577 0.6952009 -0.7516294 -0.3665344 0.5483666 -0.7939716 -0.1931352 0.5764616 -0.824816 -0.3997989 0.3997992 -0.8801485 -0.2127377 0.4243597 -0.8801487 -0.4243597 0.2127379 -0.9468508 -0.2274571 0.2274572 -0.9011858 -0.4334332 -6.01156e-6 -0.9724727 -0.233017 2.65488e-5 -0.880164 -0.4243634 -0.2126667 -0.9469199 -0.2273132 -0.2273132 -0.8247847 -0.3998314 -0.3998315 -0.8801641 -0.2126669 -0.4243633 -0.751636 -0.3665096 -0.5483741 -0.7939875 -0.1931319 -0.5764408 -0.6627386 -0.3486147 -0.6627559 -0.6951951 -0.1827105 -0.6952127 -0.5484017 -0.3665504 -0.7515959 -0.5764614 -0.1931353 -0.7939718 -0.399829 -0.3998289 -0.8247871 -0.4243597 -0.2127379 -0.8801485 -0.2127378 -0.4243597 -0.8801485 -0.2274224 -0.2274223 -0.9468675 5.92687e-6 -0.4334329 -0.9011859 -2.63886e-5 -0.2330171 -0.9724727 0.2127115 -0.4243378 -0.8801655 0.2273132 -0.2273132 -0.9469199 0.3998017 -0.3998016 -0.8248136 0.4243378 -0.2127113 -0.8801655 0.548374 -0.3665094 -0.7516362 0.5764682 -0.19309 -0.7939778 0.662756 -0.3486145 -0.6627386 0.6951945 -0.1827577 -0.6952009 0.7516294 -0.3665344 -0.5483666 0.7939716 -0.1931352 -0.5764616 0.824816 -0.3997989 -0.3997992 0.8801485 -0.2127377 -0.4243597 0.8801487 -0.4243597 -0.2127379 0.9468508 -0.2274571 -0.2274572 0.9011858 -0.4334332 6.01156e-6 -0.2274227 0.2274222 0.9468676 -0.4243597 0.2127379 0.8801485 -0.5764615 0.1931351 0.7939717 -0.6951951 0.1827105 0.6952127 -0.7939777 0.1930903 0.5764682 -0.880164 0.2126669 0.4243634 -0.9469199 0.2273132 0.2273132 -0.9724727 0.2330171 -2.64419e-5 -0.9468509 0.2274569 -0.2274574 -0.8801486 0.2127378 -0.4243597 -0.7939715 0.1931349 -0.5764618 -0.6952127 0.1827107 -0.695195 -0.5764408 0.1931319 -0.7939875 -0.4243634 0.2126668 -0.8801639 -0.2273132 0.2273132 -0.94692 2.6602e-5 0.2330169 -0.9724727 0.2274227 0.2274222 -0.9468676 0.4243597 0.2127379 -0.8801485 0.5764615 0.1931351 -0.7939717 0.6951951 0.1827105 -0.6952127 0.7939777 0.1930903 -0.5764682 -0.4334337 -6.54254e-6 0.9011855 -0.5867404 -4.7544e-6 0.8097751 -0.7071067 0 0.7071068 -0.809775 4.94625e-6 0.5867405 -0.9011855 6.62333e-6 0.4334335 -0.9724727 -2.63721e-5 0.2330171 -1 0 0 -0.9724727 2.65212e-5 -0.233017 -0.9011856 -6.41914e-6 -0.4334334 -0.8097752 -4.77629e-6 -0.5867405 -0.7071068 0 -0.7071068 -0.5867405 4.97513e-6 -0.8097751 -0.4334334 6.15604e-6 -0.9011857 -0.233017 -2.65541e-5 -0.9724727 0 0 -1 0.2330172 2.63467e-5 -0.9724726 0.4334337 -6.54254e-6 -0.9011855 0.5867404 -4.7544e-6 -0.8097751 0.7071067 0 -0.7071068 0.809775 4.94625e-6 -0.5867405 0.9011855 6.62333e-6 -0.4334335 -0.6940789 -0.5090456 0.5090454 -0.7516293 -0.548367 0.3665342 -0.7939718 -0.5764614 0.1931353 -0.8097755 -0.58674 -4.26802e-6 -0.7939875 -0.5764409 -0.1931319 -0.7516363 -0.5483739 -0.3665094 -0.6940702 -0.5090515 -0.5090512 -0.6173914 -0.4874785 -0.617408 -0.5090456 -0.5090454 -0.6940789 -0.3665342 -0.5483667 -0.7516295 -0.1931352 -0.5764616 -0.7939716 4.24659e-6 -0.58674 -0.8097754 0.1930902 -0.5764682 -0.7939778 0.3665096 -0.5483741 -0.751636 0.5090513 -0.5090515 -0.6940702 0.6174111 -0.4874808 -0.6173865 0.6940789 -0.5090456 -0.5090454 0.7516293 -0.548367 -0.3665342 0.7939718 -0.5764614 -0.1931353 0.8097755 -0.58674 4.26802e-6 0.7939875 -0.5764409 0.1931319 -0.6627472 -0.6627474 0.3486146 -0.6952014 -0.6952013 0.1827297 -0.7071066 -0.7071071 -3.74857e-6 -0.6951981 -0.6952004 -0.1827465 -0.6627359 -0.662739 -0.3486521 -0.6173874 -0.6173912 -0.4875048 -0.5773523 -0.5773527 -0.5773459 -0.4874797 -0.617389 -0.6174096 -0.3486155 -0.6627367 -0.6627575 -0.1827106 -0.695195 -0.6952127 0 -0.7071068 -0.7071068 0.1827105 -0.6952124 -0.6951954 0.3486149 -0.6627563 -0.6627382 0.4874808 -0.6174107 -0.6173869 0.5773431 -0.5773429 -0.577365 0.6173915 -0.617391 -0.4874998 0.6627472 -0.6627473 -0.3486147 0.6952013 -0.6952014 -0.1827297 0.7071066 -0.7071071 3.77372e-6 0.6951981 -0.6952004 0.1827465 0.6627358 -0.662739 0.348652 -0.6627371 0.6627378 0.348652 -0.5764681 0.7939779 0.1930901 -0.4334335 0.9011856 6.57886e-6 -0.2274571 0.9468508 -0.2274571 6.47223e-6 0.9011856 -0.4334335 0.1930904 0.7939776 -0.5764685 0.3486153 0.6627367 -0.6627575 0.548374 0.3665094 0.7516362 0.4243634 0.2126667 0.880164 0.233017 -2.65028e-5 0.9724727 2.6452e-5 -0.233017 0.9724727 -0.2126668 -0.4243633 0.880164 -0.3664626 -0.5483828 0.7516525 -0.695199 0.6951994 0.1827466 -0.5867403 0.8097752 4.65265e-6 -0.42436 0.8801485 -0.2127375 -0.2127376 0.8801485 -0.4243599 4.32367e-6 0.8097754 -0.5867401 0.1827107 0.6951949 -0.6952129 0.880164 -0.2126669 0.4243634 0.9011856 -6.57886e-6 0.4334335 0.9724819 -7.5968e-6 0.2329788 0.9468508 0.2274571 0.2274571 0.9724728 0.2330169 2.6636e-5 0.9011856 0.4334335 -6.47223e-6 0.8801655 0.4243379 -0.2127113 0.7939776 0.5764684 -0.1930904 0.7516363 0.5483739 -0.3665094 0.6627382 0.6627367 -0.348652 0.6173874 0.6173913 -0.4875047 0.5483739 0.7516361 -0.3665096 0.5483738 -0.7516362 0.3665096 0.5764408 -0.7939876 0.1931318 0.5867404 -0.8097752 4.60725e-6 0.5764617 -0.7939715 -0.193135 0.5483666 -0.7516294 -0.3665342 0.5090453 -0.6940788 -0.5090457 0.8801485 0.2127375 0.42436 0.8801485 0.4243599 0.2127376 0.8097754 0.58674 -4.32343e-6 0.6951993 0.6951991 -0.1827465 0.5764682 0.7939777 -0.1930903 0.4243634 0.880164 -0.2126669 0.824816 0.3997992 0.3997989 0.7939717 0.5764614 0.1931352 0.707107 0.7071067 4.70065e-5 0.5867729 0.8097516 2.6759e-5 0.4334335 0.9011855 -6.62333e-6 0.2330171 0.9724727 2.6372e-5 0.7516293 0.5483668 0.3665344 0.6952016 0.6952011 0.1827297 0.5764616 0.7939716 0.1931352 0.4243597 0.8801486 0.2127377 0.227457 0.9468508 0.2274572 2.66311e-5 0.9724727 0.2330169 0.6627462 0.6627484 0.3486146 0.5483666 0.7516294 0.3665344 0.3997993 0.8248161 0.3997989 0.2127379 0.8801487 0.4243597 -6.01156e-6 0.9011858 0.4334332 -0.2126667 0.880164 0.4243634 0.5090453 0.6940789 0.5090456 0.3665342 0.7516293 0.548367 0.1931353 0.7939717 0.5764613 -4.26802e-6 0.8097755 0.58674 -0.1931318 0.7939875 0.5764408 -0.3665094 0.751636 0.5483742 0.3486157 0.6627573 0.6627367 0.1827105 0.6952127 0.6951951 -1.19868e-7 0.7071068 0.7071067 -0.1827105 0.6951953 0.6952124 -0.3486146 0.6627381 0.6627565 -0.4874805 0.6173874 0.6174106 -0.5483666 -0.7516294 0.3665342 -0.5764617 -0.7939715 0.1931352 -0.5867725 -0.8097519 2.75157e-5 -0.5764408 -0.7939876 -0.1931319 -0.548374 -0.751636 -0.3665096 -0.5090515 -0.6940702 -0.5090513 -0.3997991 -0.8248161 0.3997992 -0.4243598 -0.8801487 0.2127377 -0.4334329 -0.9011859 -5.93247e-6 -0.4243633 -0.880164 -0.2126668 -0.3998017 -0.8248136 -0.3998016 -0.3665094 -0.751636 -0.5483741 -0.2127379 -0.8801486 0.4243598 -0.2274572 -0.9468508 0.2274571 -0.2329788 -0.9724819 -7.54812e-6 -0.2273132 -0.94692 -0.2273132 -0.2127115 -0.8801654 -0.424338 -0.1930902 -0.7939778 -0.5764681 6.1756e-6 -0.9011857 0.4334334 -2.65415e-5 -0.9724727 0.233017 0 -1 0 2.63451e-5 -0.9724727 -0.2330172 2.75206e-5 -0.9011688 -0.4334685 -4.85405e-6 -0.8097752 -0.5867404 0.2127114 -0.8801654 0.424338 0.2273132 -0.9469199 0.2273132 0.2330169 -0.9724727 -2.66384e-5 0.2274569 -0.9468509 -0.2274574 0.2127379 -0.8801485 -0.4243599 0.193135 -0.7939715 -0.5764616 0.3998017 -0.8248136 0.3998016 0.4243633 -0.8801641 0.2126669 0.4334332 -0.9011858 6.26056e-6 0.4243597 -0.8801486 -0.2127379 0.3997988 -0.8248161 -0.3997992 0.3665342 -0.7516292 -0.5483669 0.5764681 0.19309 0.7939779 0.4334332 6.07898e-6 0.9011857 0.2274224 -0.2274224 0.9468676 -6.34627e-6 -0.4334334 0.9011857 -0.1930904 -0.5764684 0.7939776 -0.7071068 0.7071068 3.73228e-6 -0.5764616 0.7939716 -0.193135 -0.3997989 0.824816 -0.3997992 -0.1931352 0.7939717 -0.5764614 0 0.7071068 -0.7071068 0.5867403 4.67198e-6 0.8097752 0.4243599 -0.2127375 0.8801485 0.2127375 -0.4243599 0.8801485 -4.2913e-6 -0.5867401 0.8097754 -0.6952017 0.695201 -0.1827297 -0.5483667 0.7516294 -0.3665341 -0.3665344 0.7516293 -0.5483668 -0.1827099 0.6952117 -0.6951962 0.5764614 -0.1931351 0.7939717 0.399829 -0.3998289 0.824787 0.193135 -0.5764617 0.7939715 -0.6627488 0.6627458 -0.3486146 -0.5090453 0.6940789 -0.5090456 -0.3486151 0.6627568 -0.6627376 0.5484017 -0.3665505 0.7515959 0.3665505 -0.5484014 0.7515961 -0.617393 0.6173895 -0.4874998 -0.4874783 0.6174077 -0.6173918 0.5090456 -0.5090454 0.6940789 -0.5773638 0.5773631 -0.577324 0.5795628 0.5745568 -0.5779201 0.9735805 0.03016579 0.2263428 0.9243531 -0.3337818 -0.1848273 0.7505806 0.4819942 0.452007 0.3408515 0.8482844 0.405258 -0.5795324 -0.5746405 -0.5778673 -0.5795577 -0.5746256 -0.5778567 -0.5794674 -0.5746258 -0.577947 0 1 -4.49383e-7 0 1 4.49383e-7 0 1 -8.98764e-7 1 0 0 0 1 0 0 1 -4.49382e-7 0 1 8.98766e-7 -0.5794122 -0.574594 0.5780339 -0.5794199 -0.5745577 0.5780624 -0.5794674 -0.5746258 0.5779471 0.5795189 -0.5747199 0.5778019 0.5795188 -0.5747199 0.5778019 0.5795189 -0.5747199 0.5778019 0.5796561 -0.57454 0.5778431 0.5796728 -0.5744585 0.5779073 0.5794199 -0.5745577 0.5780624 0.5794122 -0.574594 0.5780339 0.5794563 -0.5745372 0.5780463 0.5795188 0.5747199 0.5778019 0.5795189 0.5747199 0.5778018 0.5795968 0.5744532 0.577989 0.5794562 0.5745373 0.5780462 0 1 0 -0.7249466 0.4438343 -0.5267481 -0.896116 0.4438201 0 -0.2768654 0.4438301 -0.8522678 0.2768654 0.4438301 -0.8522678 -0.5795189 0.5747199 0.5778019 -0.5795188 0.5747199 0.5778019 -0.5795189 0.5747199 0.5778019 -0.5796561 0.57454 0.5778431 -0.5796728 0.5744585 0.5779073 -0.5795324 0.5746405 0.5778673 -0.5795577 0.5746256 0.5778567 -0.5794674 0.5746258 0.577947 -0.5794199 0.5745577 0.5780624 -0.5794122 0.574594 0.5780339 -0.5794563 0.5745372 0.5780463 -4.49383e-7 0 -1 4.49382e-7 0 -1 0 0 -1 -4.49383e-7 0 1 4.49383e-7 0 1 -8.98764e-7 0 1 0 0 1 -4.49382e-7 0 1 8.98766e-7 0 1 4.49382e-7 0 1 -1 0 0 -0.4438201 0.8961159 0 -0.4438888 0.7249706 -0.5266692 -0.4438344 0.7249466 0.5267481 -0.4438302 0.2768653 0.8522678 -0.4438301 -0.2768653 0.8522678 -0.4438344 -0.7249466 0.5267481 -0.4438201 -0.8961159 0 0.5794122 0.574594 0.5780339 0.5794199 0.5745577 0.5780624 0.5794674 0.5746258 0.5779471 -0.4438344 -0.7249466 -0.5267481 -0.4438302 -0.2768654 -0.8522678 -0.4438302 0.2768654 -0.8522678 -0.5795188 -0.5747199 0.5778019 -0.5795189 -0.5747199 0.5778018 -0.5795968 -0.5744532 0.577989 -0.5794562 -0.5745373 0.5780462 0 1 4.49382e-7 -0.5795628 -0.5745568 -0.5779201 0.4018771 -0.851751 -0.3361775 0.09948045 -0.9895792 0.1041003 0.4510685 -0.4874903 -0.7475897 0.2282148 -0.03604125 -0.9729436 -0.1817117 0.330377 -0.9261921 -0.6219249 0.4716526 -0.6251026 -0.9243531 0.3337818 -0.1848273 -0.9735805 -0.03016579 0.2263428 -0.7505806 -0.4819942 0.452007 -0.3408515 -0.8482844 0.405258 0.896116 0.4438201 0 0.7249706 0.4438887 -0.5266693 0.7249466 0.4438343 0.5267481 0.2768654 0.4438301 0.8522678 -0.2768654 0.4438301 0.8522678 -0.7249466 0.4438343 0.5267482 0.5794122 -0.574594 -0.5780339 0.5794199 -0.5745577 -0.5780624 0.5794674 -0.5746258 -0.5779471 -0.5795189 -0.5747199 -0.5778019 -0.5795188 -0.5747199 -0.5778019 -0.5795189 -0.5747199 -0.5778019 -0.5796561 -0.57454 -0.5778431 -0.5796728 -0.5744585 -0.5779073 -0.5795188 0.5747199 -0.5778019 -0.5795189 0.5747199 -0.5778018 -0.5795968 0.5744532 -0.577989 -0.5794562 0.5745373 -0.5780462 0 -1 -4.49383e-7 0 -1 4.49382e-7 0 -1 0 0 0 1 0 0.896116 0.4438201 -0.5266693 0.7249706 0.4438887 0.5267481 0.7249466 0.4438344 0.8522678 0.2768654 0.4438301 0.5795324 -0.5746405 0.5778673 0.5794141 -0.5747112 0.5779154 0.579592 -0.5744464 0.5780005 0.5795919 -0.5744464 0.5780004 0.5795919 -0.5744464 0.5780005 0.8522678 -0.2768654 0.4438301 0.5267482 -0.7249466 0.4438343 0 -0.896116 0.4438201 -0.5267481 -0.7249466 0.4438344 -0.8522678 -0.2768654 0.4438301 -0.8522678 0.2768654 0.4438301 0.5795628 -0.5745568 0.5779201 -0.4018771 -0.851751 0.3361775 -0.09948045 -0.9895792 -0.1041003 -0.4510685 -0.4874903 0.7475897 -0.2282148 -0.03604125 0.9729436 0.1817117 0.330377 0.9261921 0.6219249 0.4716526 0.6251026 0.9243531 0.3337818 0.1848273 0.9735805 -0.03016579 -0.2263428 0.7505806 -0.4819942 -0.452007 0.3408515 -0.8482844 -0.405258 0.5795188 -0.5747199 -0.5778019 0.5795189 -0.5747199 -0.5778018 0.5795968 -0.5744532 -0.577989 0.5794562 -0.5745373 -0.5780462 -0.4018771 0.851751 -0.3361775 -0.09948045 0.9895792 0.1041003 -0.4510685 0.4874903 -0.7475897 -0.2282148 0.03604125 -0.9729436 -0.5794122 0.574594 -0.5780339 -0.5794199 0.5745577 -0.5780624 -0.5794674 0.5746258 -0.5779471 0.5794199 0.5745577 -0.5780624 0.5794122 0.574594 -0.5780339 0.5794563 0.5745372 -0.5780463 0.5795189 0.5747199 -0.5778019 0.5795188 0.5747199 -0.5778019 0.5795189 0.5747199 -0.5778019 0.5796561 0.57454 -0.5778431 0.5796728 0.5744585 -0.5779073 0.5795324 0.5746405 -0.5778673 0.5795577 0.5746256 -0.5778567 0.5794674 0.5746258 -0.577947 -0.5795628 0.5745568 0.5779201 0.4018771 0.851751 0.3361775 0.09948045 0.9895792 -0.1041003 0.4510685 0.4874903 0.7475897 0.2282148 0.03604125 0.9729436 -0.1817117 -0.330377 0.9261921 -0.6219249 -0.4716526 0.6251026 -0.9243531 -0.3337818 0.1848273 -0.9735805 0.03016579 -0.2263428 -0.7505806 0.4819942 -0.452007 -0.3408515 0.8482844 -0.405258 -0.5794199 -0.5745577 -0.5780624 -0.5794122 -0.574594 -0.5780339 -0.5794563 -0.5745372 -0.5780463 0.1817117 -0.330377 -0.9261921 0.6219249 -0.4716526 -0.6251026 0.896116 -0.4438201 0 0 -1 0 0.7249737 -0.4438806 -0.5266718 0.7249466 -0.4438343 0.5267482 0.2768654 -0.4438301 0.8522678 -0.2768654 -0.4438301 0.8522678 -0.7249467 -0.4438344 0.5267481 -0.896116 -0.4438201 0 -0.7249467 -0.4438344 -0.5267481 -0.2768654 -0.4438301 -0.8522678 -4.49382e-7 0 -1 -8.98764e-7 0 -1 0.2768654 -0.4438301 -0.8522678 0.7249373 -0.4438906 -0.5267135 0.4018771 -0.851751 0.3361774 -0.5795629 -0.5745567 0.57792 0.09948652 -0.9895779 -0.1041066 0.4510685 -0.4874904 0.7475897 0.2282145 -0.03604125 0.9729436 -0.1817121 0.330377 0.9261921 -0.9734931 -0.03050667 -0.2266728 -0.9243531 0.333782 0.1848274 -0.7505807 -0.4819942 -0.452007 -0.3408514 -0.8482843 -0.4052581 0.09939628 -0.989583 -0.1041433 -0.4018771 0.851751 0.3361774 0.5795629 0.5745567 0.57792 -0.09948652 0.9895779 -0.1041066 -0.4510685 0.4874904 0.7475897 -0.2282145 0.03604125 0.9729436 0.1817121 -0.330377 0.9261921 0.6219249 -0.4716528 0.6251026 0.9243531 -0.333782 0.1848274 0.9734931 0.03050667 -0.2266728 0.7505807 0.4819942 -0.452007 0.3408514 0.8482843 -0.4052581 -0.09939628 0.989583 -0.1041433 0.4018771 0.851751 -0.3361774 -0.5795595 0.5745646 -0.5779157 0.09948652 0.9895779 0.1041066 0.4510685 0.4874904 -0.7475897 0.2282145 0.03604125 -0.9729436 -0.181611 -0.3303167 -0.9262334 -0.6218987 -0.4716079 -0.6251626 -0.9243773 -0.3337472 -0.1847684 -0.9734931 0.03050667 0.2266728 -0.7505807 0.4819942 0.452007 -0.3408514 0.8482843 0.4052581 0.09939628 0.989583 0.1041433 -0.4018771 -0.851751 -0.3361774 0.5795629 -0.5745567 -0.57792 -0.09948652 -0.9895779 0.1041066 -0.4510685 -0.4874904 -0.7475897 -0.2282145 -0.03604125 -0.9729436 0.1817121 0.330377 -0.9261921 0.6219249 0.4716528 -0.6251026 0.9243531 0.333782 -0.1848274 0.9734931 -0.03050667 0.2266728 0.7505807 -0.4819942 0.452007 0.3408514 -0.8482843 0.4052581 -0.09939628 -0.989583 0.1041433 0 0.896116 -0.4438201 0 0 -1 -0.5266718 0.7249737 -0.4438806 0.5267482 0.7249466 -0.4438343 0.8522678 0.2768654 -0.4438301 0.8522678 -0.2768654 -0.4438301 -0.5267481 -0.7249467 -0.4438344 0 -0.896116 -0.4438201 -0.8522678 -0.2768654 -0.4438301 -0.8522678 0.2768654 -0.4438301 -0.5267135 0.7249373 -0.4438906 0 -1 -4.49382e-7 0 -1 -8.98764e-7 -0.6219249 0.4716528 0.6251026 -0.579656 0.57454 -0.5778431 -0.5796728 0.5744585 -0.5779074 -0.5795324 0.5746405 -0.5778673 -0.5795575 0.5746256 -0.5778568 0.579656 -0.57454 -0.5778431 0.5796728 -0.5744585 -0.5779074 0.5795324 -0.5746405 -0.5778673 0.5795575 -0.5746256 -0.5778568 -0.579656 -0.57454 0.5778431 -0.5796728 -0.5744585 0.5779074 -0.5795324 -0.5746405 0.5778673 -0.5795575 -0.5746256 0.5778568 0.4438201 0.8961159 0 1 0 0 0.4438807 0.7249739 -0.5266715 0.4438344 0.7249466 0.5267481 0.4438303 0.2768654 0.8522678 0.4438302 -0.2768654 0.8522678 0.5267481 -0.7249467 -0.4438344 0.4438344 -0.7249466 0.5267481 0.4438201 -0.8961159 0 0.4438344 -0.7249466 -0.5267481 0.4438302 -0.2768654 -0.8522678 0.579656 0.57454 0.5778431 0.5796728 0.5744585 0.5779074 0.5795324 0.5746405 0.5778673 0.5795575 0.5746256 0.5778568 0.4438303 0.2768654 -0.8522678 0.4438906 0.724909 -0.5267524 0.5795967 -0.5744532 0.5779889 -0.09940236 -0.9895818 -0.1041492 0.7249405 0.4438826 -0.5267159 -0.4438826 0.7249123 -0.5267547 0.5795967 0.5744532 -0.5779889 -0.5267159 0.7249405 0.4438826 -0.5795967 0.5744532 0.5779889 0.09940236 -0.9895818 0.1041492 -0.09940236 0.9895818 0.1041492 0.09940236 0.9895818 -0.1041492 -0.5795967 -0.5744532 -0.5779889</float_array>
          <technique_common>
            <accessor source="#meshId0_name-mesh-normals-array" count="673" stride="3">
              <param name="X" type="float"/>
              <param name="Y" type="float"/>
              <param name="Z" type="float"/>
            </accessor>
          </technique_common>
        </source>
        <source id="meshId0_name-mesh-map-0">
          <float_array id="meshId0_name-mesh-map-0-array" count="6288">0.771973 0.962952 0.771973 0.962952 0.771973 0.962952 0.771973 0.962952 0.771973 0.962952 0.771973 0.962952 0.771973 0.962952 0.771973 0.962952 0.771973 0.962952 0.771973 0.962952 0.771973 0.962952 0.771973 0.962952 0.771973 0.962952 0.771973 0.962952 0.771973 0.962952 0.771973 0.962952 0.771973 0.962952 0.771973 0.962952 0.771973 0.962952 0.771973 0.962952 0.771973 0.962952 0.771973 0.962952 0.771973 0.962952 0.771973 0.962952 0.771973 0.962952 0.771973 0.962952 0.771973 0.962952 0.771973 0.962952 0.771973 0.962952 0.771973 0.962952 0.771973 0.962952 0.771973 0.962952 0.771973 0.962952 0.771973 0.962952 0.771973 0.962952 0.771973 0.962952 0.771973 0.962952 0.771973 0.962952 0.771973 0.962952 0.771973 0.962952 0.771973 0.962952 0.771973 0.962952 0.771973 0.962952 0.771973 0.962952 0.771973 0.962952 0.771973 0.962952 0.771973 0.962952 0.771973 0.962952 0.771973 0.962952 0.771973 0.962952 0.771973 0.962952 0.771973 0.962952 0.771973 0.962952 0.771973 0.962952 0.771973 0.962952 0.771973 0.962952 0.771973 0.962952 0.771973 0.962952 0.771973 0.962952 0.771973 0.962952 0.771973 0.962952 0.771973 0.962952 0.771973 0.962952 0.771973 0.962952 0.771973 0.962952 0.771973 0.962952 0.771973 0.962952 0.771973 0.962952 0.771973 0.962952 0.771973 0.962952 0.771973 0.962952 0.771973 0.962952 0.771973 0.962952 0.771973 0.962952 0.771973 0.962952 0.771973 0.962952 0.771973 0.962952 0.771973 0.962952 0.771973 0.962952 0.771973 0.962952 0.771973 0.962952 0.771973 0.962952 0.771973 0.962952 0.771973 0.962952 0.771973 0.962952 0.771973 0.962952 0.771973 0.962952 0.771973 0.962952 0.771973 0.962952 0.771973 0.962952 0.771973 0.962952 0.771973 0.962952 0.771973 0.962952 0.771973 0.962952 0.771973 0.962952 0.771973 0.962952 0.771973 0.962952 0.771973 0.962952 0.771973 0.962952 0.771973 0.962952 0.771973 0.962952 0.771973 0.962952 0.771973 0.962952 0.771973 0.962952 0.771973 0.962952 0.771973 0.962952 0.771973 0.962952 0.771973 0.962952 0.771973 0.962952 0.771973 0.962952 0.771973 0.962952 0.771973 0.962952 0.771973 0.962952 0.771973 0.962952 0.771973 0.962952 0.771973 0.962952 0.771973 0.962952 0.771973 0.962952 0.771973 0.962952 0.771973 0.962952 0.771973 0.962952 0.771973 0.962952 0.771973 0.962952 0.771973 0.962952 0.771973 0.962952 0.771973 0.962952 0.771973 0.962952 0.771973 0.962952 0.771973 0.962952 0.771973 0.962952 0.771973 0.962952 0.771973 0.962952 0.771973 0.962952 0.771973 0.962952 0.771973 0.962952 0.771973 0.962952 0.771973 0.962952 0.771973 0.962952 0.771973 0.962952 0.771973 0.962952 0.771973 0.962952 0.771973 0.962952 0.771973 0.962952 0.771973 0.962952 0.771973 0.962952 0.771973 0.962952 0.771973 0.962952 0.771973 0.962952 0.771973 0.962952 0.771973 0.962952 0.771973 0.962952 0.771973 0.962952 0.771973 0.962952 0.771973 0.962952 0.771973 0.962952 0.771973 0.962952 0.771973 0.962952 0.771973 0.962952 0.771973 0.962952 0.771973 0.962952 0.771973 0.962952 0.771973 0.962952 0.771973 0.962952 0.771973 0.962952 0.771973 0.962952 0.771973 0.962952 0.771973 0.962952 0.771973 0.962952 0.771973 0.962952 0.771973 0.962952 0.771973 0.962952 0.771973 0.962952 0.771973 0.962952 0.771973 0.962952 0.771973 0.962952 0.771973 0.962952 0.771973 0.962952 0.771973 0.962952 0.771973 0.962952 0.771973 0.962952 0.771973 0.962952 0.771973 0.962952 0.771973 0.962952 0.771973 0.962952 0.771973 0.962952 0.771973 0.962952 0.771973 0.962952 0.771973 0.962952 0.771973 0.962952 0.771973 0.962952 0.771973 0.962952 0.771973 0.962952 0.771973 0.962952 0.771973 0.962952 0.771973 0.962952 0.771973 0.962952 0.771973 0.962952 0.771973 0.962952 0.771973 0.962952 0.771973 0.962952 0.771973 0.962952 0.771973 0.962952 0.771973 0.962952 0.771973 0.962952 0.771973 0.962952 0.771973 0.962952 0.771973 0.962952 0.771973 0.962952 0.771973 0.962952 0.771973 0.962952 0.771973 0.962952 0.771973 0.962952 0.771973 0.962952 0.771973 0.962952 0.771973 0.962952 0.771973 0.962952 0.771973 0.962952 0.771973 0.962952 0.771973 0.962952 0.771973 0.962952 0.771973 0.962952 0.771973 0.962952 0.771973 0.962952 0.771973 0.962952 0.771973 0.962952 0.771973 0.962952 0.771973 0.962952 0.771973 0.962952 0.771973 0.962952 0.771973 0.962952 0.771973 0.962952 0.771973 0.962952 0.771973 0.962952 0.771973 0.962952 0.771973 0.962952 0.771973 0.962952 0.771973 0.962952 0.771973 0.962952 0.771973 0.962952 0.771973 0.962952 0.771973 0.962952 0.771973 0.962952 0.771973 0.962952 0.771973 0.962952 0.771973 0.962952 0.771973 0.962952 0.771973 0.962952 0.771973 0.962952 0.771973 0.962952 0.771973 0.962952 0.771973 0.962952 0.771973 0.962952 0.771973 0.962952 0.771973 0.962952 0.771973 0.962952 0.771973 0.962952 0.771973 0.962952 0.771973 0.962952 0.771973 0.962952 0.771973 0.962952 0.771973 0.962952 0.771973 0.962952 0.771973 0.962952 0.771973 0.962952 0.771973 0.962952 0.771973 0.962952 0.771973 0.962952 0.771973 0.962952 0.771973 0.962952 0.771973 0.962952 0.771973 0.962952 0.771973 0.962952 0.771973 0.962952 0.771973 0.962952 0.771973 0.962952 0.771973 0.962952 0.771973 0.962952 0.771973 0.962952 0.771973 0.962952 0.771973 0.962952 0.771973 0.962952 0.771973 0.962952 0.771973 0.962952 0.771973 0.962952 0.771973 0.962952 0.771973 0.962952 0.771973 0.962952 0.771973 0.962952 0.771973 0.962952 0.771973 0.962952 0.771973 0.962952 0.771973 0.962952 0.771973 0.962952 0.771973 0.962952 0.771973 0.962952 0.771973 0.962952 0.771973 0.962952 0.771973 0.962952 0.771973 0.962952 0.771973 0.962952 0.771973 0.962952 0.771973 0.962952 0.771973 0.962952 0.771973 0.962952 0.771973 0.962952 0.771973 0.962952 0.771973 0.962952 0.771973 0.962952 0.771973 0.962952 0.771973 0.962952 0.771973 0.962952 0.771973 0.962952 0.771973 0.962952 0.771973 0.962952 0.771973 0.962952 0.771973 0.962952 0.771973 0.962952 0.771973 0.962952 0.771973 0.962952 0.771973 0.962952 0.771973 0.962952 0.771973 0.962952 0.771973 0.962952 0.771973 0.962952 0.771973 0.962952 0.771973 0.962952 0.771973 0.962952 0.771973 0.962952 0.771973 0.962952 0.771973 0.962952 0.771973 0.962952 0.771973 0.962952 0.771973 0.962952 0.771973 0.962952 0.771973 0.962952 0.771973 0.962952 0.771973 0.962952 0.771973 0.962952 0.771973 0.962952 0.771973 0.962952 0.771973 0.962952 0.771973 0.962952 0.771973 0.962952 0.771973 0.962952 0.771973 0.962952 0.771973 0.962952 0.771973 0.962952 0.771973 0.962952 0.771973 0.962952 0.771973 0.962952 0.771973 0.962952 0.771973 0.962952 0.771973 0.962952 0.771973 0.962952 0.771973 0.962952 0.771973 0.962952 0.771973 0.962952 0.771973 0.962952 0.771973 0.962952 0.771973 0.962952 0.771973 0.962952 0.771973 0.962952 0.771973 0.962952 0.771973 0.962952 0.771973 0.962952 0.771973 0.962952 0.771973 0.962952 0.771973 0.962952 0.771973 0.962952 0.771973 0.962952 0.771973 0.962952 0.771973 0.962952 0.771973 0.962952 0.771973 0.962952 0.771973 0.962952 0.771973 0.962952 0.771973 0.962952 0.771973 0.962952 0.771973 0.962952 0.771973 0.962952 0.771973 0.962952 0.771973 0.962952 0.771973 0.962952 0.771973 0.962952 0.771973 0.962952 0.771973 0.962952 0.771973 0.962952 0.771973 0.962952 0.771973 0.962952 0.771973 0.962952 0.771973 0.962952 0.771973 0.962952 0.771973 0.962952 0.771973 0.962952 0.771973 0.962952 0.771973 0.962952 0.771973 0.962952 0.771973 0.962952 0.771973 0.962952 0.771973 0.962952 0.771973 0.962952 0.771973 0.962952 0.771973 0.962952 0.771973 0.962952 0.771973 0.962952 0.771973 0.962952 0.771973 0.962952 0.771973 0.962952 0.771973 0.962952 0.771973 0.962952 0.771973 0.962952 0.771973 0.962952 0.771973 0.962952 0.771973 0.962952 0.771973 0.962952 0.771973 0.962952 0.771973 0.962952 0.771973 0.962952 0.771973 0.962952 0.771973 0.962952 0.771973 0.962952 0.771973 0.962952 0.771973 0.962952 0.771973 0.962952 0.771973 0.962952 0.771973 0.962952 0.771973 0.962952 0.771973 0.962952 0.771973 0.962952 0.771973 0.962952 0.771973 0.962952 0.771973 0.962952 0.771973 0.962952 0.771973 0.962952 0.771973 0.962952 0.771973 0.962952 0.771973 0.962952 0.771973 0.962952 0.771973 0.962952 0.771973 0.962952 0.771973 0.962952 0.771973 0.962952 0.771973 0.962952 0.771973 0.962952 0.771973 0.962952 0.771973 0.962952 0.771973 0.962952 0.771973 0.962952 0.771973 0.962952 0.771973 0.962952 0.771973 0.962952 0.771973 0.962952 0.771973 0.962952 0.771973 0.962952 0.771973 0.962952 0.771973 0.962952 0.771973 0.962952 0.771973 0.962952 0.771973 0.962952 0.771973 0.962952 0.771973 0.962952 0.771973 0.962952 0.771973 0.962952 0.771973 0.962952 0.771973 0.962952 0.771973 0.962952 0.771973 0.962952 0.771973 0.962952 0.771973 0.962952 0.771973 0.962952 0.771973 0.962952 0.771973 0.962952 0.771973 0.962952 0.771973 0.962952 0.771973 0.962952 0.771973 0.962952 0.771973 0.962952 0.771973 0.962952 0.771973 0.962952 0.771973 0.962952 0.771973 0.962952 0.771973 0.962952 0.771973 0.962952 0.771973 0.962952 0.771973 0.962952 0.771973 0.962952 0.771973 0.962952 0.771973 0.962952 0.771973 0.962952 0.771973 0.962952 0.771973 0.962952 0.771973 0.962952 0.771973 0.962952 0.771973 0.962952 0.771973 0.962952 0.771973 0.962952 0.771973 0.962952 0.771973 0.962952 0.771973 0.962952 0.771973 0.962952 0.771973 0.962952 0.771973 0.962952 0.771973 0.962952 0.771973 0.962952 0.771973 0.962952 0.771973 0.962952 0.771973 0.962952 0.771973 0.962952 0.771973 0.962952 0.771973 0.962952 0.771973 0.962952 0.771973 0.962952 0.771973 0.962952 0.771973 0.962952 0.771973 0.962952 0.771973 0.962952 0.771973 0.962952 0.771973 0.962952 0.771973 0.962952 0.771973 0.962952 0.771973 0.962952 0.771973 0.962952 0.771973 0.962952 0.771973 0.962952 0.771973 0.962952 0.771973 0.962952 0.771973 0.962952 0.771973 0.962952 0.771973 0.962952 0.771973 0.962952 0.771973 0.962952 0.771973 0.962952 0.771973 0.962952 0.771973 0.962952 0.771973 0.962952 0.771973 0.962952 0.771973 0.962952 0.771973 0.962952 0.771973 0.962952 0.771973 0.962952 0.771973 0.962952 0.771973 0.962952 0.771973 0.962952 0.771973 0.962952 0.771973 0.962952 0.771973 0.962952 0.771973 0.962952 0.771973 0.962952 0.771973 0.962952 0.771973 0.962952 0.771973 0.962952 0.771973 0.962952 0.771973 0.962952 0.771973 0.962952 0.771973 0.962952 0.771973 0.962952 0.771973 0.962952 0.771973 0.962952 0.771973 0.962952 0.771973 0.962952 0.771973 0.962952 0.771973 0.962952 0.771973 0.962952 0.771973 0.962952 0.771973 0.962952 0.771973 0.962952 0.771973 0.962952 0.771973 0.962952 0.771973 0.962952 0.771973 0.962952 0.771973 0.962952 0.771973 0.962952 0.771973 0.962952 0.771973 0.962952 0.771973 0.962952 0.771973 0.962952 0.771973 0.962952 0.771973 0.962952 0.771973 0.962952 0.771973 0.962952 0.771973 0.962952 0.771973 0.962952 0.771973 0.962952 0.771973 0.962952 0.771973 0.962952 0.771973 0.962952 0.771973 0.962952 0.771973 0.962952 0.771973 0.962952 0.771973 0.962952 0.771973 0.962952 0.771973 0.962952 0.771973 0.962952 0.771973 0.962952 0.771973 0.962952 0.771973 0.962952 0.771973 0.962952 0.771973 0.962952 0.771973 0.962952 0.771973 0.962952 0.771973 0.962952 0.771973 0.962952 0.771973 0.962952 0.771973 0.962952 0.771973 0.962952 0.771973 0.962952 0.771973 0.962952 0.771973 0.962952 0.771973 0.962952 0.771973 0.962952 0.771973 0.962952 0.771973 0.962952 0.771973 0.962952 0.771973 0.962952 0.771973 0.962952 0.771973 0.962952 0.771973 0.962952 0.771973 0.962952 0.771973 0.962952 0.771973 0.962952 0.771973 0.962952 0.771973 0.962952 0.771973 0.962952 0.771973 0.962952 0.771973 0.962952 0.771973 0.962952 0.771973 0.962952 0.771973 0.962952 0.771973 0.962952 0.771973 0.962952 0.771973 0.962952 0.771973 0.962952 0.771973 0.962952 0.771973 0.962952 0.771973 0.962952 0.771973 0.962952 0.771973 0.962952 0.771973 0.962952 0.771973 0.962952 0.771973 0.962952 0.771973 0.962952 0.771973 0.962952 0.771973 0.962952 0.771973 0.962952 0.771973 0.962952 0.771973 0.962952 0.771973 0.962952 0.771973 0.962952 0.771973 0.962952 0.771973 0.962952 0.771973 0.962952 0.771973 0.962952 0.771973 0.962952 0.771973 0.962952 0.771973 0.962952 0.771973 0.962952 0.771973 0.962952 0.771973 0.962952 0.771973 0.962952 0.771973 0.962952 0.771973 0.962952 0.771973 0.962952 0.771973 0.962952 0.771973 0.962952 0.771973 0.962952 0.771973 0.962952 0.771973 0.962952 0.771973 0.962952 0.771973 0.962952 0.771973 0.962952 0.771973 0.962952 0.771973 0.962952 0.771973 0.962952 0.771973 0.962952 0.771973 0.962952 0.771973 0.962952 0.771973 0.962952 0.771973 0.962952 0.771973 0.962952 0.771973 0.962952 0.771973 0.962952 0.771973 0.962952 0.771973 0.962952 0.771973 0.962952 0.771973 0.962952 0.771973 0.962952 0.771973 0.962952 0.771973 0.962952 0.771973 0.962952 0.771973 0.962952 0.771973 0.962952 0.771973 0.962952 0.771973 0.962952 0.771973 0.962952 0.771973 0.962952 0.771973 0.962952 0.771973 0.962952 0.771973 0.962952 0.771973 0.962952 0.771973 0.962952 0.771973 0.962952 0.771973 0.962952 0.771973 0.962952 0.771973 0.962952 0.771973 0.962952 0.771973 0.962952 0.771973 0.962952 0.771973 0.962952 0.771973 0.962952 0.771973 0.962952 0.771973 0.962952 0.771973 0.962952 0.771973 0.962952 0.771973 0.962952 0.771973 0.962952 0.771973 0.962952 0.771973 0.962952 0.771973 0.962952 0.771973 0.962952 0.771973 0.962952 0.771973 0.962952 0.771973 0.962952 0.771973 0.962952 0.771973 0.962952 0.771973 0.962952 0.771973 0.962952 0.771973 0.962952 0.771973 0.962952 0.771973 0.962952 0.771973 0.962952 0.771973 0.962952 0.771973 0.962952 0.771973 0.962952 0.771973 0.962952 0.771973 0.962952 0.771973 0.962952 0.771973 0.962952 0.771973 0.962952 0.771973 0.962952 0.771973 0.962952 0.771973 0.962952 0.771973 0.962952 0.771973 0.962952 0.771973 0.962952 0.771973 0.962952 0.771973 0.962952 0.771973 0.962952 0.771973 0.962952 0.771973 0.962952 0.771973 0.962952 0.771973 0.962952 0.771973 0.962952 0.771973 0.962952 0.771973 0.962952 0.771973 0.962952 0.771973 0.962952 0.771973 0.962952 0.771973 0.962952 0.771973 0.962952 0.771973 0.962952 0.771973 0.962952 0.771973 0.962952 0.771973 0.962952 0.771973 0.962952 0.771973 0.962952 0.771973 0.962952 0.771973 0.962952 0.771973 0.962952 0.771973 0.962952 0.771973 0.962952 0.771973 0.962952 0.771973 0.962952 0.771973 0.962952 0.771973 0.962952 0.771973 0.962952 0.771973 0.962952 0.771973 0.962952 0.771973 0.962952 0.771973 0.962952 0.771973 0.962952 0.771973 0.962952 0.771973 0.962952 0.771973 0.962952 0.771973 0.962952 0.771973 0.962952 0.771973 0.962952 0.771973 0.962952 0.771973 0.962952 0.771973 0.962952 0.771973 0.962952 0.771973 0.962952 0.771973 0.962952 0.771973 0.962952 0.771973 0.962952 0.771973 0.962952 0.771973 0.962952 0.771973 0.962952 0.771973 0.962952 0.771973 0.962952 0.771973 0.962952 0.771973 0.962952 0.771973 0.962952 0.771973 0.962952 0.771973 0.962952 0.771973 0.962952 0.771973 0.962952 0.771973 0.962952 0.771973 0.962952 0.771973 0.962952 0.771973 0.962952 0.771973 0.962952 0.771973 0.962952 0.771973 0.962952 0.771973 0.962952 0.771973 0.962952 0.771973 0.962952 0.771973 0.962952 0.771973 0.962952 0.771973 0.962952 0.771973 0.962952 0.771973 0.962952 0.771973 0.962952 0.771973 0.962952 0.771973 0.962952 0.771973 0.962952 0.771973 0.962952 0.771973 0.962952 0.771973 0.962952 0.771973 0.962952 0.771973 0.962952 0.771973 0.962952 0.771973 0.962952 0.771973 0.962952 0.771973 0.962952 0.771973 0.962952 0.771973 0.962952 0.771973 0.962952 0.771973 0.962952 0.771973 0.962952 0.771973 0.962952 0.771973 0.962952 0.771973 0.962952 0.771973 0.962952 0.771973 0.962952 0.771973 0.962952 0.771973 0.962952 0.771973 0.962952 0.771973 0.962952 0.771973 0.962952 0.771973 0.962952 0.771973 0.962952 0.771973 0.962952 0.771973 0.962952 0.771973 0.962952 0.771973 0.962952 0.771973 0.962952 0.771973 0.962952 0.771973 0.962952 0.771973 0.962952 0.771973 0.962952 0.771973 0.962952 0.771973 0.962952 0.771973 0.962952 0.771973 0.962952 0.771973 0.962952 0.771973 0.962952 0.771973 0.962952 0.771973 0.962952 0.771973 0.962952 0.771973 0.962952 0.771973 0.962952 0.771973 0.962952 0.771973 0.962952 0.771973 0.962952 0.771973 0.962952 0.771973 0.962952 0.771973 0.962952 0.771973 0.962952 0.771973 0.962952 0.771973 0.962952 0.771973 0.962952 0.771973 0.962952 0.771973 0.962952 0.771973 0.962952 0.771973 0.962952 0.771973 0.962952 0.771973 0.962952 0.771973 0.962952 0.771973 0.962952 0.771973 0.962952 0.771973 0.962952 0.771973 0.962952 0.771973 0.962952 0.771973 0.962952 0.771973 0.962952 0.771973 0.962952 0.771973 0.962952 0.771973 0.962952 0.771973 0.962952 0.771973 0.962952 0.771973 0.962952 0.771973 0.962952 0.771973 0.962952 0.771973 0.962952 0.771973 0.962952 0.771973 0.962952 0.771973 0.962952 0.771973 0.962952 0.771973 0.962952 0.771973 0.962952 0.771973 0.962952 0.771973 0.962952 0.771973 0.962952 0.771973 0.962952 0.771973 0.962952 0.771973 0.962952 0.771973 0.962952 0.771973 0.962952 0.771973 0.962952 0.771973 0.962952 0.771973 0.962952 0.771973 0.962952 0.771973 0.962952 0.771973 0.962952 0.771973 0.962952 0.771973 0.962952 0.771973 0.962952 0.771973 0.962952 0.771973 0.962952 0.771973 0.962952 0.771973 0.962952 0.771973 0.962952 0.771973 0.962952 0.771973 0.962952 0.771973 0.962952 0.771973 0.962952 0.771973 0.962952 0.771973 0.962952 0.771973 0.962952 0.771973 0.962952 0.771973 0.962952 0.771973 0.962952 0.771973 0.962952 0.771973 0.962952 0.771973 0.962952 0.771973 0.962952 0.771973 0.962952 0.771973 0.962952 0.771973 0.962952 0.771973 0.962952 0.771973 0.962952 0.771973 0.962952 0.771973 0.962952 0.771973 0.962952 0.771973 0.962952 0.771973 0.962952 0.771973 0.962952 0.771973 0.962952 0.771973 0.962952 0.771973 0.962952 0.771973 0.962952 0.771973 0.962952 0.771973 0.962952 0.771973 0.962952 0.771973 0.962952 0.771973 0.962952 0.771973 0.962952 0.771973 0.962952 0.771973 0.962952 0.771973 0.962952 0.771973 0.962952 0.771973 0.962952 0.771973 0.962952 0.771973 0.962952 0.771973 0.962952 0.771973 0.962952 0.771973 0.962952 0.771973 0.962952 0.771973 0.962952 0.771973 0.962952 0.771973 0.962952 0.771973 0.962952 0.771973 0.962952 0.771973 0.962952 0.771973 0.962952 0.771973 0.962952 0.771973 0.962952 0.771973 0.962952 0.771973 0.962952 0.771973 0.962952 0.771973 0.962952 0.771973 0.962952 0.771973 0.962952 0.771973 0.962952 0.771973 0.962952 0.771973 0.962952 0.771973 0.962952 0.771973 0.962952 0.771973 0.962952 0.771973 0.962952 0.771973 0.962952 0.771973 0.962952 0.771973 0.962952 0.771973 0.962952 0.771973 0.962952 0.771973 0.962952 0.771973 0.962952 0.771973 0.962952 0.771973 0.962952 0.771973 0.962952 0.771973 0.962952 0.771973 0.962952 0.771973 0.962952 0.771973 0.962952 0.771973 0.962952 0.771973 0.962952 0.771973 0.962952 0.771973 0.962952 0.771973 0.962952 0.771973 0.962952 0.771973 0.962952 0.771973 0.962952 0.771973 0.962952 0.771973 0.962952 0.771973 0.962952 0.771973 0.962952 0.771973 0.962952 0.771973 0.962952 0.771973 0.962952 0.771973 0.962952 0.771973 0.962952 0.771973 0.962952 0.771973 0.962952 0.771973 0.962952 0.771973 0.962952 0.771973 0.962952 0.771973 0.962952 0.771973 0.962952 0.771973 0.962952 0.771973 0.962952 0.771973 0.962952 0.771973 0.962952 0.771973 0.962952 0.771973 0.962952 0.771973 0.962952 0.771973 0.962952 0.771973 0.962952 0.771973 0.962952 0.771973 0.962952 0.771973 0.962952 0.771973 0.962952 0.771973 0.962952 0.771973 0.962952 0.771973 0.962952 0.771973 0.962952 0.771973 0.962952 0.771973 0.962952 0.771973 0.962952 0.771973 0.962952 0.771973 0.962952 0.771973 0.962952 0.771973 0.962952 0.771973 0.962952 0.771973 0.962952 0.771973 0.962952 0.771973 0.962952 0.771973 0.962952 0.771973 0.962952 0.771973 0.962952 0.771973 0.962952 0.771973 0.962952 0.771973 0.962952 0.771973 0.962952 0.771973 0.962952 0.771973 0.962952 0.771973 0.962952 0.771973 0.962952 0.771973 0.962952 0.771973 0.962952 0.771973 0.962952 0.771973 0.962952 0.771973 0.962952 0.771973 0.962952 0.771973 0.962952 0.771973 0.962952 0.771973 0.962952 0.771973 0.962952 0.771973 0.962952 0.771973 0.962952 0.771973 0.962952 0.771973 0.962952 0.771973 0.962952 0.771973 0.962952 0.771973 0.962952 0.771973 0.962952 0.771973 0.962952 0.771973 0.962952 0.771973 0.962952 0.771973 0.962952 0.771973 0.962952 0.771973 0.962952 0.771973 0.962952 0.771973 0.962952 0.771973 0.962952 0.771973 0.962952 0.771973 0.962952 0.771973 0.962952 0.771973 0.962952 0.771973 0.962952 0.771973 0.962952 0.771973 0.962952 0.771973 0.962952 0.771973 0.962952 0.771973 0.962952 0.771973 0.962952 0.771973 0.962952 0.771973 0.962952 0.771973 0.962952 0.771973 0.962952 0.771973 0.962952 0.771973 0.962952 0.771973 0.962952 0.771973 0.962952 0.771973 0.962952 0.771973 0.962952 0.771973 0.962952 0.771973 0.962952 0.771973 0.962952 0.771973 0.962952 0.771973 0.962952 0.771973 0.962952 0.771973 0.962952 0.771973 0.962952 0.771973 0.962952 0.771973 0.962952 0.771973 0.962952 0.771973 0.962952 0.771973 0.962952 0.771973 0.962952 0.771973 0.962952 0.771973 0.962952 0.771973 0.962952 0.771973 0.962952 0.771973 0.962952 0.771973 0.962952 0.771973 0.962952 0.771973 0.962952 0.771973 0.962952 0.771973 0.962952 0.771973 0.962952 0.771973 0.962952 0.771973 0.962952 0.771973 0.962952 0.771973 0.962952 0.771973 0.962952 0.771973 0.962952 0.771973 0.962952 0.771973 0.962952 0.771973 0.962952 0.771973 0.962952 0.771973 0.962952 0.771973 0.962952 0.771973 0.962952 0.771973 0.962952 0.771973 0.962952 0.771973 0.962952 0.771973 0.962952 0.771973 0.962952 0.771973 0.962952 0.771973 0.962952 0.771973 0.962952 0.771973 0.962952 0.771973 0.962952 0.771973 0.962952 0.771973 0.962952 0.771973 0.962952 0.771973 0.962952 0.771973 0.962952 0.771973 0.962952 0.771973 0.962952 0.771973 0.962952 0.771973 0.962952 0.771973 0.962952 0.771973 0.962952 0.771973 0.962952 0.771973 0.962952 0.771973 0.962952 0.771973 0.962952 0.771973 0.962952 0.771973 0.962952 0.771973 0.962952 0.771973 0.962952 0.771973 0.962952 0.771973 0.962952 0.771973 0.962952 0.771973 0.962952 0.771973 0.962952 0.771973 0.962952 0.771973 0.962952 0.771973 0.962952 0.771973 0.962952 0.771973 0.962952 0.771973 0.962952 0.771973 0.962952 0.771973 0.962952 0.771973 0.962952 0.771973 0.962952 0.771973 0.962952 0.771973 0.962952 0.771973 0.962952 0.771973 0.962952 0.771973 0.962952 0.771973 0.962952 0.771973 0.962952 0.771973 0.962952 0.771973 0.962952 0.771973 0.962952 0.771973 0.962952 0.771973 0.962952 0.771973 0.962952 0.771973 0.962952 0.771973 0.962952 0.771973 0.962952 0.771973 0.962952 0.771973 0.962952 0.771973 0.962952 0.771973 0.962952 0.771973 0.962952 0.771973 0.962952 0.771973 0.962952 0.771973 0.962952 0.771973 0.962952 0.771973 0.962952 0.771973 0.962952 0.771973 0.962952 0.771973 0.962952 0.771973 0.962952 0.771973 0.962952 0.771973 0.962952 0.771973 0.962952 0.771973 0.962952 0.771973 0.962952 0.771973 0.962952 0.771973 0.962952 0.771973 0.962952 0.771973 0.962952 0.771973 0.962952 0.771973 0.962952 0.771973 0.962952 0.771973 0.962952 0.771973 0.962952 0.771973 0.962952 0.771973 0.962952 0.771973 0.962952 0.771973 0.962952 0.771973 0.962952 0.771973 0.962952 0.771973 0.962952 0.771973 0.962952 0.771973 0.962952 0.771973 0.962952 0.771973 0.962952 0.771973 0.962952 0.771973 0.962952 0.771973 0.962952 0.771973 0.962952 0.771973 0.962952 0.771973 0.962952 0.771973 0.962952 0.771973 0.962952 0.771973 0.962952 0.771973 0.962952 0.771973 0.962952 0.771973 0.962952 0.771973 0.962952 0.771973 0.962952 0.771973 0.962952 0.771973 0.962952 0.771973 0.962952 0.771973 0.962952 0.771973 0.962952 0.771973 0.962952 0.771973 0.962952 0.771973 0.962952 0.771973 0.962952 0.771973 0.962952 0.771973 0.962952 0.771973 0.962952 0.771973 0.962952 0.771973 0.962952 0.771973 0.962952 0.771973 0.962952 0.771973 0.962952 0.771973 0.962952 0.771973 0.962952 0.771973 0.962952 0.771973 0.962952 0.771973 0.962952 0.771973 0.962952 0.771973 0.962952 0.771973 0.962952 0.771973 0.962952 0.771973 0.962952 0.771973 0.962952 0.771973 0.962952 0.771973 0.962952 0.771973 0.962952 0.771973 0.962952 0.771973 0.962952 0.771973 0.962952 0.771973 0.962952 0.771973 0.962952 0.771973 0.962952 0.771973 0.962952 0.771973 0.962952 0.771973 0.962952 0.771973 0.962952 0.771973 0.962952 0.771973 0.962952 0.771973 0.962952 0.771973 0.962952 0.771973 0.962952 0.771973 0.962952 0.771973 0.962952 0.771973 0.962952 0.771973 0.962952 0.771973 0.962952 0.771973 0.962952 0.771973 0.962952 0.771973 0.962952 0.771973 0.962952 0.771973 0.962952 0.771973 0.962952 0.771973 0.962952 0.771973 0.962952 0.771973 0.962952 0.771973 0.962952 0.771973 0.962952 0.771973 0.962952 0.771973 0.962952 0.771973 0.962952 0.771973 0.962952 0.771973 0.962952 0.771973 0.962952 0.771973 0.962952 0.771973 0.962952 0.771973 0.962952 0.771973 0.962952 0.771973 0.962952 0.771973 0.962952 0.771973 0.962952 0.771973 0.962952 0.771973 0.962952 0.771973 0.962952 0.771973 0.962952 0.771973 0.962952 0.771973 0.962952 0.771973 0.962952 0.771973 0.962952 0.771973 0.962952 0.771973 0.962952 0.771973 0.962952 0.771973 0.962952 0.771973 0.962952 0.771973 0.962952 0.771973 0.962952 0.771973 0.962952 0.771973 0.962952 0.771973 0.962952 0.771973 0.962952 0.771973 0.962952 0.771973 0.962952 0.771973 0.962952 0.771973 0.962952 0.771973 0.962952 0.771973 0.962952 0.771973 0.962952 0.771973 0.962952 0.771973 0.962952 0.771973 0.962952 0.771973 0.962952 0.771973 0.962952 0.771973 0.962952 0.771973 0.962952 0.771973 0.962952 0.771973 0.962952 0.771973 0.962952 0.771973 0.962952 0.771973 0.962952 0.771973 0.962952 0.771973 0.962952 0.771973 0.962952 0.771973 0.962952 0.771973 0.962952 0.771973 0.962952 0.771973 0.962952 0.771973 0.962952 0.771973 0.962952 0.771973 0.962952 0.771973 0.962952 0.771973 0.962952 0.771973 0.962952 0.771973 0.962952 0.771973 0.962952 0.771973 0.962952 0.771973 0.962952 0.771973 0.962952 0.771973 0.962952 0.771973 0.962952 0.771973 0.962952 0.771973 0.962952 0.771973 0.962952 0.771973 0.962952 0.771973 0.962952 0.771973 0.962952 0.771973 0.962952 0.771973 0.962952 0.771973 0.962952 0.771973 0.962952 0.771973 0.962952 0.771973 0.962952 0.771973 0.962952 0.771973 0.962952 0.771973 0.962952 0.771973 0.962952 0.771973 0.962952 0.771973 0.962952 0.771973 0.962952 0.771973 0.962952 0.771973 0.962952 0.771973 0.962952 0.771973 0.962952 0.771973 0.962952 0.771973 0.962952 0.771973 0.962952 0.771973 0.962952 0.771973 0.962952 0.771973 0.962952 0.771973 0.962952 0.771973 0.962952 0.771973 0.962952 0.771973 0.962952 0.771973 0.962952 0.771973 0.962952 0.771973 0.962952 0.771973 0.962952 0.771973 0.962952 0.771973 0.962952 0.771973 0.962952 0.771973 0.962952 0.771973 0.962952 0.771973 0.962952 0.771973 0.962952 0.771973 0.962952 0.771973 0.962952 0.771973 0.962952 0.771973 0.962952 0.771973 0.962952 0.771973 0.962952 0.771973 0.962952 0.771973 0.962952 0.771973 0.962952 0.771973 0.962952 0.771973 0.962952 0.771973 0.962952 0.771973 0.962952 0.771973 0.962952 0.771973 0.962952 0.771973 0.962952 0.771973 0.962952 0.771973 0.962952 0.771973 0.962952 0.771973 0.962952 0.771973 0.962952 0.771973 0.962952 0.771973 0.962952 0.771973 0.962952 0.771973 0.962952 0.771973 0.962952 0.771973 0.962952 0.771973 0.962952 0.771973 0.962952 0.771973 0.962952 0.771973 0.962952 0.771973 0.962952 0.771973 0.962952 0.771973 0.962952 0.771973 0.962952 0.771973 0.962952 0.771973 0.962952 0.771973 0.962952 0.771973 0.962952 0.771973 0.962952 0.771973 0.962952 0.771973 0.962952 0.771973 0.962952 0.771973 0.962952 0.771973 0.962952 0.771973 0.962952 0.771973 0.962952 0.771973 0.962952 0.771973 0.962952 0.771973 0.962952 0.771973 0.962952 0.771973 0.962952 0.771973 0.962952 0.771973 0.962952 0.771973 0.962952 0.771973 0.962952 0.771973 0.962952 0.771973 0.962952 0.771973 0.962952 0.771973 0.962952 0.771973 0.962952 0.771973 0.962952 0.771973 0.962952 0.771973 0.962952 0.771973 0.962952 0.771973 0.962952 0.771973 0.962952 0.771973 0.962952 0.771973 0.962952 0.771973 0.962952 0.771973 0.962952 0.771973 0.962952 0.771973 0.962952 0.771973 0.962952 0.771973 0.962952 0.771973 0.962952 0.771973 0.962952 0.771973 0.962952 0.771973 0.962952 0.771973 0.962952 0.771973 0.962952 0.771973 0.962952 0.771973 0.962952 0.771973 0.962952 0.771973 0.962952 0.771973 0.962952 0.771973 0.962952 0.771973 0.962952 0.771973 0.962952 0.771973 0.962952 0.771973 0.962952 0.771973 0.962952 0.771973 0.962952 0.771973 0.962952 0.771973 0.962952 0.771973 0.962952 0.771973 0.962952 0.771973 0.962952 0.771973 0.962952 0.771973 0.962952 0.771973 0.962952 0.771973 0.962952 0.771973 0.962952 0.771973 0.962952 0.771973 0.962952 0.771973 0.962952 0.771973 0.962952 0.771973 0.962952 0.771973 0.962952 0.771973 0.962952 0.771973 0.962952 0.771973 0.962952 0.771973 0.962952 0.771973 0.962952 0.771973 0.962952 0.771973 0.962952 0.771973 0.962952 0.771973 0.962952 0.771973 0.962952 0.771973 0.962952 0.771973 0.962952 0.771973 0.962952 0.771973 0.962952 0.771973 0.962952 0.771973 0.962952 0.771973 0.962952 0.771973 0.962952 0.771973 0.962952 0.771973 0.962952 0.771973 0.962952 0.771973 0.962952 0.771973 0.962952 0.771973 0.962952 0.771973 0.962952 0.771973 0.962952 0.771973 0.962952 0.771973 0.962952 0.771973 0.962952 0.771973 0.962952 0.771973 0.962952 0.771973 0.962952 0.771973 0.962952 0.771973 0.962952 0.771973 0.962952 0.771973 0.962952 0.771973 0.962952 0.771973 0.962952 0.771973 0.962952 0.771973 0.962952 0.771973 0.962952 0.771973 0.962952 0.771973 0.962952 0.771973 0.962952 0.771973 0.962952 0.771973 0.962952 0.771973 0.962952 0.771973 0.962952 0.771973 0.962952 0.771973 0.962952 0.771973 0.962952 0.771973 0.962952 0.771973 0.962952 0.771973 0.962952 0.771973 0.962952 0.771973 0.962952 0.771973 0.962952 0.771973 0.962952 0.771973 0.962952 0.771973 0.962952 0.771973 0.962952 0.771973 0.962952 0.771973 0.962952 0.771973 0.962952 0.771973 0.962952 0.771973 0.962952 0.771973 0.962952 0.771973 0.962952 0.771973 0.962952 0.771973 0.962952 0.771973 0.962952 0.771973 0.962952 0.771973 0.962952 0.771973 0.962952 0.771973 0.962952 0.771973 0.962952 0.771973 0.962952 0.771973 0.962952 0.771973 0.962952 0.771973 0.962952 0.771973 0.962952 0.771973 0.962952 0.771973 0.962952 0.771973 0.962952 0.771973 0.962952 0.771973 0.962952 0.771973 0.962952 0.771973 0.962952 0.771973 0.962952 0.771973 0.962952 0.771973 0.962952 0.771973 0.962952 0.771973 0.962952 0.771973 0.962952 0.771973 0.962952 0.771973 0.962952 0.771973 0.962952 0.771973 0.962952 0.771973 0.962952 0.771973 0.962952 0.771973 0.962952 0.771973 0.962952 0.771973 0.962952 0.771973 0.962952 0.771973 0.962952 0.771973 0.962952 0.771973 0.962952 0.771973 0.962952 0.771973 0.962952 0.771973 0.962952 0.771973 0.962952 0.771973 0.962952 0.771973 0.962952 0.771973 0.962952 0.771973 0.962952 0.771973 0.962952 0.771973 0.962952 0.771973 0.962952 0.771973 0.962952 0.771973 0.962952 0.771973 0.962952 0.771973 0.962952 0.771973 0.962952 0.771973 0.962952 0.771973 0.962952 0.771973 0.962952 0.771973 0.962952 0.771973 0.962952 0.771973 0.962952 0.771973 0.962952 0.771973 0.962952 0.771973 0.962952 0.771973 0.962952 0.771973 0.962952 0.771973 0.962952 0.771973 0.962952 0.771973 0.962952 0.771973 0.962952 0.771973 0.962952 0.771973 0.962952 0.771973 0.962952 0.771973 0.962952 0.771973 0.962952 0.771973 0.962952 0.771973 0.962952 0.771973 0.962952 0.771973 0.962952 0.771973 0.962952 0.771973 0.962952 0.771973 0.962952 0.771973 0.962952 0.771973 0.962952 0.771973 0.962952 0.771973 0.962952 0.771973 0.962952 0.771973 0.962952 0.771973 0.962952 0.771973 0.962952 0.771973 0.962952 0.771973 0.962952 0.771973 0.962952 0.771973 0.962952 0.771973 0.962952 0.771973 0.962952 0.771973 0.962952 0.771973 0.962952 0.771973 0.962952 0.771973 0.962952 0.771973 0.962952 0.771973 0.962952 0.771973 0.962952 0.771973 0.962952 0.771973 0.962952 0.771973 0.962952 0.771973 0.962952 0.771973 0.962952 0.771973 0.962952 0.771973 0.962952 0.771973 0.962952 0.771973 0.962952 0.771973 0.962952 0.771973 0.962952 0.771973 0.962952 0.771973 0.962952 0.771973 0.962952 0.771973 0.962952 0.771973 0.962952 0.771973 0.962952 0.771973 0.962952 0.771973 0.962952 0.771973 0.962952 0.771973 0.962952 0.771973 0.962952 0.771973 0.962952 0.771973 0.962952 0.771973 0.962952 0.771973 0.962952 0.771973 0.962952 0.771973 0.962952 0.771973 0.962952 0.771973 0.962952 0.771973 0.962952 0.771973 0.962952 0.771973 0.962952 0.771973 0.962952 0.771973 0.962952 0.771973 0.962952 0.771973 0.962952 0.771973 0.962952 0.771973 0.962952 0.771973 0.962952 0.771973 0.962952 0.771973 0.962952 0.771973 0.962952 0.771973 0.962952 0.771973 0.962952 0.771973 0.962952 0.771973 0.962952 0.771973 0.962952 0.771973 0.962952 0.771973 0.962952 0.771973 0.962952 0.771973 0.962952 0.771973 0.962952 0.771973 0.962952 0.771973 0.962952 0.771973 0.962952 0.771973 0.962952 0.771973 0.962952 0.771973 0.962952 0.771973 0.962952 0.771973 0.962952 0.771973 0.962952 0.771973 0.962952 0.771973 0.962952 0.771973 0.962952 0.771973 0.962952 0.771973 0.962952 0.771973 0.962952 0.771973 0.962952 0.771973 0.962952 0.771973 0.962952 0.771973 0.962952 0.771973 0.962952 0.771973 0.962952 0.771973 0.962952 0.771973 0.962952 0.771973 0.962952 0.771973 0.962952 0.771973 0.962952 0.771973 0.962952 0.771973 0.962952 0.771973 0.962952 0.771973 0.962952 0.771973 0.962952 0.771973 0.962952 0.771973 0.962952 0.771973 0.962952 0.771973 0.962952 0.771973 0.962952 0.771973 0.962952 0.771973 0.962952 0.771973 0.962952 0.771973 0.962952 0.771973 0.962952 0.771973 0.962952 0.771973 0.962952 0.771973 0.962952 0.771973 0.962952 0.771973 0.962952 0.771973 0.962952 0.771973 0.962952 0.771973 0.962952 0.771973 0.962952 0.771973 0.962952 0.771973 0.962952 0.771973 0.962952 0.771973 0.962952 0.771973 0.962952 0.771973 0.962952 0.771973 0.962952 0.771973 0.962952 0.771973 0.962952 0.771973 0.962952 0.771973 0.962952 0.771973 0.962952 0.771973 0.962952 0.771973 0.962952 0.771973 0.962952 0.771973 0.962952 0.771973 0.962952 0.771973 0.962952 0.771973 0.962952 0.771973 0.962952 0.771973 0.962952 0.771973 0.962952 0.771973 0.962952 0.771973 0.962952 0.771973 0.962952 0.771973 0.962952 0.771973 0.962952 0.771973 0.962952 0.771973 0.962952 0.771973 0.962952 0.771973 0.962952 0.771973 0.962952 0.771973 0.962952 0.771973 0.962952 0.771973 0.962952 0.771973 0.962952 0.771973 0.962952 0.771973 0.962952 0.771973 0.962952 0.771973 0.962952 0.771973 0.962952 0.771973 0.962952 0.771973 0.962952 0.771973 0.962952 0.771973 0.962952 0.771973 0.962952 0.771973 0.962952 0.771973 0.962952 0.771973 0.962952 0.771973 0.962952 0.771973 0.962952 0.771973 0.962952 0.771973 0.962952 0.771973 0.962952 0.771973 0.962952 0.771973 0.962952 0.771973 0.962952 0.771973 0.962952 0.771973 0.962952 0.771973 0.962952 0.771973 0.962952 0.771973 0.962952 0.771973 0.962952 0.771973 0.962952 0.771973 0.962952 0.771973 0.962952 0.771973 0.962952 0.771973 0.962952 0.771973 0.962952 0.771973 0.962952 0.771973 0.962952 0.771973 0.962952 0.771973 0.962952 0.771973 0.962952 0.771973 0.962952 0.771973 0.962952 0.771973 0.962952 0.771973 0.962952 0.771973 0.962952 0.771973 0.962952 0.771973 0.962952 0.771973 0.962952 0.771973 0.962952 0.771973 0.962952 0.771973 0.962952 0.771973 0.962952 0.771973 0.962952 0.771973 0.962952 0.771973 0.962952 0.771973 0.962952 0.771973 0.962952 0.771973 0.962952 0.771973 0.962952 0.771973 0.962952 0.771973 0.962952 0.771973 0.962952 0.771973 0.962952 0.771973 0.962952 0.771973 0.962952 0.771973 0.962952 0.771973 0.962952 0.771973 0.962952 0.771973 0.962952 0.771973 0.962952 0.771973 0.962952 0.771973 0.962952 0.771973 0.962952 0.771973 0.962952 0.771973 0.962952 0.771973 0.962952 0.771973 0.962952 0.771973 0.962952 0.771973 0.962952 0.771973 0.962952 0.771973 0.962952 0.771973 0.962952 0.771973 0.962952 0.771973 0.962952 0.771973 0.962952 0.771973 0.962952 0.771973 0.962952 0.771973 0.962952 0.771973 0.962952 0.771973 0.962952 0.771973 0.962952 0.771973 0.962952 0.771973 0.962952 0.771973 0.962952 0.771973 0.962952 0.771973 0.962952 0.771973 0.962952 0.771973 0.962952 0.771973 0.962952 0.771973 0.962952 0.771973 0.962952 0.771973 0.962952 0.771973 0.962952 0.771973 0.962952 0.771973 0.962952 0.771973 0.962952 0.771973 0.962952 0.771973 0.962952 0.771973 0.962952 0.771973 0.962952 0.771973 0.962952 0.771973 0.962952 0.771973 0.962952 0.771973 0.962952 0.771973 0.962952 0.771973 0.962952 0.771973 0.962952 0.771973 0.962952 0.771973 0.962952 0.771973 0.962952 0.771973 0.962952 0.771973 0.962952 0.771973 0.962952 0.771973 0.962952 0.771973 0.962952 0.771973 0.962952 0.771973 0.962952 0.771973 0.962952 0.771973 0.962952 0.771973 0.962952 0.771973 0.962952 0.771973 0.962952 0.771973 0.962952 0.771973 0.962952 0.771973 0.962952 0.771973 0.962952 0.771973 0.962952 0.771973 0.962952 0.771973 0.962952 0.771973 0.962952 0.771973 0.962952 0.771973 0.962952 0.771973 0.962952 0.771973 0.962952 0.771973 0.962952 0.771973 0.962952 0.771973 0.962952 0.771973 0.962952 0.771973 0.962952 0.771973 0.962952 0.771973 0.962952 0.771973 0.962952 0.771973 0.962952 0.771973 0.962952 0.771973 0.962952 0.771973 0.962952 0.771973 0.962952 0.771973 0.962952 0.771973 0.962952 0.771973 0.962952 0.771973 0.962952 0.771973 0.962952 0.771973 0.962952 0.771973 0.962952 0.771973 0.962952 0.771973 0.962952 0.771973 0.962952 0.771973 0.962952 0.771973 0.962952 0.771973 0.962952 0.771973 0.962952 0.771973 0.962952 0.771973 0.962952 0.771973 0.962952 0.771973 0.962952 0.771973 0.962952 0.771973 0.962952 0.771973 0.962952 0.771973 0.962952 0.771973 0.962952 0.771973 0.962952 0.771973 0.962952 0.771973 0.962952 0.771973 0.962952 0.771973 0.962952 0.771973 0.962952 0.771973 0.962952 0.771973 0.962952 0.771973 0.962952 0.771973 0.962952 0.771973 0.962952 0.771973 0.962952 0.771973 0.962952 0.771973 0.962952 0.771973 0.962952 0.771973 0.962952 0.771973 0.962952 0.771973 0.962952 0.771973 0.962952 0.771973 0.962952 0.771973 0.962952 0.771973 0.962952 0.771973 0.962952 0.771973 0.962952 0.771973 0.962952 0.771973 0.962952 0.771973 0.962952 0.771973 0.962952 0.771973 0.962952 0.771973 0.962952 0.771973 0.962952 0.771973 0.962952 0.771973 0.962952 0.771973 0.962952 0.771973 0.962952 0.771973 0.962952 0.771973 0.962952 0.771973 0.962952 0.771973 0.962952 0.771973 0.962952 0.771973 0.962952 0.771973 0.962952 0.771973 0.962952 0.771973 0.962952 0.771973 0.962952 0.771973 0.962952 0.771973 0.962952 0.771973 0.962952 0.771973 0.962952 0.771973 0.962952 0.771973 0.962952 0.771973 0.962952 0.771973 0.962952 0.771973 0.962952 0.771973 0.962952 0.771973 0.962952 0.771973 0.962952 0.771973 0.962952 0.771973 0.962952 0.771973 0.962952 0.771973 0.962952 0.771973 0.962952 0.771973 0.962952 0.771973 0.962952 0.771973 0.962952 0.771973 0.962952 0.771973 0.962952 0.771973 0.962952 0.771973 0.962952 0.771973 0.962952 0.771973 0.962952 0.771973 0.962952 0.771973 0.962952 0.771973 0.962952 0.771973 0.962952 0.771973 0.962952 0.771973 0.962952 0.771973 0.962952 0.771973 0.962952 0.771973 0.962952 0.771973 0.962952 0.771973 0.962952 0.771973 0.962952 0.771973 0.962952 0.771973 0.962952 0.771973 0.962952 0.771973 0.962952 0.771973 0.962952 0.771973 0.962952 0.771973 0.962952 0.771973 0.962952 0.771973 0.962952 0.771973 0.962952 0.771973 0.962952 0.771973 0.962952 0.771973 0.962952 0.771973 0.962952 0.771973 0.962952 0.771973 0.962952 0.771973 0.962952 0.771973 0.962952 0.771973 0.962952 0.771973 0.962952 0.771973 0.962952 0.771973 0.962952 0.771973 0.962952 0.771973 0.962952 0.771973 0.962952 0.771973 0.962952 0.771973 0.962952 0.771973 0.962952 0.771973 0.962952 0.771973 0.962952 0.771973 0.962952 0.771973 0.962952 0.771973 0.962952 0.771973 0.962952 0.771973 0.962952 0.771973 0.962952 0.771973 0.962952 0.771973 0.962952 0.771973 0.962952 0.771973 0.962952 0.771973 0.962952 0.771973 0.962952 0.771973 0.962952 0.771973 0.962952 0.771973 0.962952 0.771973 0.962952 0.771973 0.962952 0.771973 0.962952 0.771973 0.962952 0.771973 0.962952 0.771973 0.962952 0.771973 0.962952 0.771973 0.962952 0.771973 0.962952 0.771973 0.962952 0.771973 0.962952 0.771973 0.962952 0.771973 0.962952 0.771973 0.962952 0.771973 0.962952 0.771973 0.962952 0.771973 0.962952 0.771973 0.962952 0.771973 0.962952 0.771973 0.962952 0.771973 0.962952 0.771973 0.962952 0.771973 0.962952 0.771973 0.962952 0.771973 0.962952 0.771973 0.962952 0.771973 0.962952 0.771973 0.962952 0.771973 0.962952 0.771973 0.962952 0.771973 0.962952 0.771973 0.962952 0.771973 0.962952 0.771973 0.962952 0.771973 0.962952 0.771973 0.962952 0.771973 0.962952 0.771973 0.962952 0.771973 0.962952 0.771973 0.962952 0.771973 0.962952 0.771973 0.962952 0.771973 0.962952 0.771973 0.962952 0.771973 0.962952 0.771973 0.962952 0.771973 0.962952 0.771973 0.962952 0.771973 0.962952 0.771973 0.962952 0.771973 0.962952 0.771973 0.962952 0.771973 0.962952 0.771973 0.962952 0.771973 0.962952 0.771973 0.962952 0.771973 0.962952 0.771973 0.962952 0.771973 0.962952 0.771973 0.962952 0.771973 0.962952 0.771973 0.962952 0.771973 0.962952 0.771973 0.962952 0.771973 0.962952 0.771973 0.962952 0.771973 0.962952 0.771973 0.962952 0.771973 0.962952 0.771973 0.962952 0.771973 0.962952 0.771973 0.962952 0.771973 0.962952 0.771973 0.962952 0.771973 0.962952 0.771973 0.962952 0.771973 0.962952 0.771973 0.962952 0.771973 0.962952 0.771973 0.962952 0.771973 0.962952 0.771973 0.962952 0.771973 0.962952 0.771973 0.962952 0.771973 0.962952 0.771973 0.962952 0.771973 0.962952 0.771973 0.962952 0.771973 0.962952 0.771973 0.962952 0.771973 0.962952 0.771973 0.962952 0.771973 0.962952 0.771973 0.962952 0.771973 0.962952 0.771973 0.962952 0.771973 0.962952 0.771973 0.962952 0.771973 0.962952 0.771973 0.962952 0.771973 0.962952 0.771973 0.962952 0.771973 0.962952 0.771973 0.962952 0.771973 0.962952 0.771973 0.962952 0.771973 0.962952 0.771973 0.962952 0.771973 0.962952 0.771973 0.962952 0.771973 0.962952 0.570801 0.408875 0.72052 0.242493 0.728027 0.250793 0.570801 0.408875 0.712952 0.234253 0.72052 0.242493 0.705444 0.226013 0.712952 0.234253 0.570801 0.408875 0.737976 0.256775 0.737976 0.256775 0.737976 0.256775 0.737976 0.256775 0.737976 0.256775 0.737976 0.256775 0.737976 0.256775 0.737976 0.256775 0.737976 0.256775 0.737976 0.256775 0.737976 0.256775 0.737976 0.256775 0.737976 0.256775 0.737976 0.256775 0.737976 0.256775 0.737976 0.256775 0.737976 0.256775 0.737976 0.256775 0.737976 0.256775 0.737976 0.256775 0.737976 0.256775 0.737976 0.256775 0.737976 0.256775 0.737976 0.256775 0.737976 0.256775 0.737976 0.256775 0.737976 0.256775 0.737976 0.256775 0.737976 0.256775 0.737976 0.256775 0.737976 0.256775 0.737976 0.256775 0.737976 0.256775 0.737976 0.256775 0.737976 0.256775 0.737976 0.256775 0.737976 0.256775 0.737976 0.256775 0.737976 0.256775 0.737976 0.256775 0.737976 0.256775 0.737976 0.256775 0.737976 0.256775 0.737976 0.256775 0.737976 0.256775 0.737976 0.256775 0.737976 0.256775 0.737976 0.256775 0.737976 0.256775 0.737976 0.256775 0.737976 0.256775 0.737976 0.256775 0.737976 0.256775 0.737976 0.256775 0.737976 0.256775 0.737976 0.256775 0.737976 0.256775 0.737976 0.256775 0.737976 0.256775 0.737976 0.256775 0.737976 0.256775 0.737976 0.256775 0.737976 0.256775 0.737976 0.256775 0.737976 0.256775 0.737976 0.256775 0.737976 0.256775 0.737976 0.256775 0.737976 0.256775 0.737976 0.256775 0.737976 0.256775 0.737976 0.256775 0.570801 0.408875 0.72052 0.242493 0.728027 0.250793 0.570801 0.408875 0.712952 0.234253 0.72052 0.242493 0.705444 0.226013 0.712952 0.234253 0.570801 0.408875 0.737976 0.256775 0.737976 0.256775 0.737976 0.256775 0.737976 0.256775 0.737976 0.256775 0.737976 0.256775 0.737976 0.256775 0.737976 0.256775 0.737976 0.256775 0.737976 0.256775 0.737976 0.256775 0.737976 0.256775 0.737976 0.256775 0.737976 0.256775 0.737976 0.256775 0.737976 0.256775 0.737976 0.256775 0.737976 0.256775 0.737976 0.256775 0.737976 0.256775 0.737976 0.256775 0.737976 0.256775 0.737976 0.256775 0.737976 0.256775 0.737976 0.256775 0.737976 0.256775 0.737976 0.256775 0.737976 0.256775 0.737976 0.256775 0.737976 0.256775 0.737976 0.256775 0.737976 0.256775 0.737976 0.256775 0.737976 0.256775 0.737976 0.256775 0.737976 0.256775 0.737976 0.256775 0.737976 0.256775 0.737976 0.256775 0.737976 0.256775 0.737976 0.256775 0.737976 0.256775 0.737976 0.256775 0.737976 0.256775 0.737976 0.256775 0.737976 0.256775 0.737976 0.256775 0.737976 0.256775 0.737976 0.256775 0.737976 0.256775 0.737976 0.256775 0.737976 0.256775 0.737976 0.256775 0.737976 0.256775 0.737976 0.256775 0.737976 0.256775 0.737976 0.256775 0.737976 0.256775 0.737976 0.256775 0.737976 0.256775 0.737976 0.256775 0.737976 0.256775 0.737976 0.256775 0.737976 0.256775 0.737976 0.256775 0.737976 0.256775 0.737976 0.256775 0.737976 0.256775 0.737976 0.256775 0.737976 0.256775 0.737976 0.256775 0.737976 0.256775 0.570801 0.408875 0.765686 0.292114 0.773254 0.300415 0.570801 0.408875 0.758179 0.283875 0.765686 0.292114 0.75061 0.275574 0.758179 0.283875 0.570801 0.408875 0.570801 0.408875 0.743103 0.267334 0.75061 0.275574 0.570801 0.408875 0.735596 0.259033 0.743103 0.267334 0.728027 0.250793 0.735596 0.259033 0.570801 0.408875 0.737976 0.256775 0.737976 0.256775 0.737976 0.256775 0.737976 0.256775 0.737976 0.256775 0.737976 0.256775 0.737976 0.256775 0.737976 0.256775 0.737976 0.256775 0.570801 0.408875 0.72052 0.242493 0.728027 0.250793 0.570801 0.408875 0.712952 0.234253 0.72052 0.242493 0.705444 0.226013 0.712952 0.234253 0.570801 0.408875 0.737976 0.256775 0.737976 0.256775 0.737976 0.256775 0.737976 0.256775 0.737976 0.256775 0.737976 0.256775 0.737976 0.256775 0.737976 0.256775 0.737976 0.256775 0.737976 0.256775 0.737976 0.256775 0.737976 0.256775 0.737976 0.256775 0.737976 0.256775 0.737976 0.256775 0.737976 0.256775 0.737976 0.256775 0.737976 0.256775 0.737976 0.256775 0.737976 0.256775 0.737976 0.256775 0.737976 0.256775 0.737976 0.256775 0.737976 0.256775 0.737976 0.256775 0.737976 0.256775 0.737976 0.256775 0.570801 0.408875 0.765686 0.292114 0.773254 0.300415 0.570801 0.408875 0.758179 0.283875 0.765686 0.292114 0.75061 0.275574 0.758179 0.283875 0.570801 0.408875 0.570801 0.408875 0.743103 0.267334 0.75061 0.275574 0.570801 0.408875 0.735596 0.259033 0.743103 0.267334 0.728027 0.250793 0.735596 0.259033 0.570801 0.408875 0.570801 0.408875 0.72052 0.242493 0.728027 0.250793 0.570801 0.408875 0.712952 0.234253 0.72052 0.242493 0.705444 0.226013 0.712952 0.234253 0.570801 0.408875 0.570801 0.408875 0.765686 0.292114 0.773254 0.300415 0.570801 0.408875 0.758179 0.283875 0.765686 0.292114 0.75061 0.275574 0.758179 0.283875 0.570801 0.408875 0.570801 0.408875 0.743103 0.267334 0.75061 0.275574 0.570801 0.408875 0.735596 0.259033 0.743103 0.267334 0.728027 0.250793 0.735596 0.259033 0.570801 0.408875 0.737976 0.256775 0.737976 0.256775 0.737976 0.256775 0.737976 0.256775 0.737976 0.256775 0.737976 0.256775 0.737976 0.256775 0.737976 0.256775 0.737976 0.256775 0.737976 0.256775 0.737976 0.256775 0.737976 0.256775 0.737976 0.256775 0.737976 0.256775 0.737976 0.256775 0.737976 0.256775 0.737976 0.256775 0.737976 0.256775 0.737976 0.256775 0.737976 0.256775 0.737976 0.256775 0.737976 0.256775 0.737976 0.256775 0.737976 0.256775 0.737976 0.256775 0.737976 0.256775 0.737976 0.256775 0.737976 0.256775 0.737976 0.256775 0.737976 0.256775 0.737976 0.256775 0.737976 0.256775 0.737976 0.256775 0.737976 0.256775 0.737976 0.256775 0.737976 0.256775 0.737976 0.256775 0.737976 0.256775 0.737976 0.256775 0.737976 0.256775 0.737976 0.256775 0.737976 0.256775 0.737976 0.256775 0.737976 0.256775 0.737976 0.256775 0.737976 0.256775 0.737976 0.256775 0.737976 0.256775 0.737976 0.256775 0.737976 0.256775 0.737976 0.256775 0.737976 0.256775 0.737976 0.256775 0.737976 0.256775 0.737976 0.256775 0.737976 0.256775 0.737976 0.256775 0.737976 0.256775 0.737976 0.256775 0.737976 0.256775 0.737976 0.256775 0.737976 0.256775 0.737976 0.256775 0.570801 0.408875 0.765686 0.292114 0.773254 0.300415 0.570801 0.408875 0.758179 0.283875 0.765686 0.292114 0.75061 0.275574 0.758179 0.283875 0.570801 0.408875 0.737976 0.256775 0.737976 0.256775 0.737976 0.256775 0.737976 0.256775 0.737976 0.256775 0.737976 0.256775 0.737976 0.256775 0.737976 0.256775 0.737976 0.256775 0.570801 0.408875 0.743103 0.267334 0.75061 0.275574 0.570801 0.408875 0.735596 0.259033 0.743103 0.267334 0.728027 0.250793 0.735596 0.259033 0.570801 0.408875 0.570801 0.408875 0.72052 0.242493 0.728027 0.250793 0.570801 0.408875 0.712952 0.234253 0.72052 0.242493 0.705444 0.226013 0.712952 0.234253 0.570801 0.408875 0.570801 0.408875 0.765686 0.292114 0.773254 0.300415 0.570801 0.408875 0.758179 0.283875 0.765686 0.292114 0.75061 0.275574 0.758179 0.283875 0.570801 0.408875 0.570801 0.408875 0.743103 0.267334 0.75061 0.275574 0.570801 0.408875 0.735596 0.259033 0.743103 0.267334 0.728027 0.250793 0.735596 0.259033 0.570801 0.408875 0.570801 0.408875 0.72052 0.242493 0.728027 0.250793 0.570801 0.408875 0.712952 0.234253 0.72052 0.242493 0.705444 0.226013 0.712952 0.234253 0.570801 0.408875 0.737976 0.256775 0.737976 0.256775 0.737976 0.256775 0.737976 0.256775 0.737976 0.256775 0.737976 0.256775 0.737976 0.256775 0.737976 0.256775 0.737976 0.256775 0.570801 0.408875 0.765686 0.292114 0.773254 0.300415 0.570801 0.408875 0.758179 0.283875 0.765686 0.292114 0.75061 0.275574 0.758179 0.283875 0.570801 0.408875 0.771973 0.962952 0.771973 0.962952 0.771973 0.962952 0.771973 0.962952 0.771973 0.962952 0.771973 0.962952 0.771973 0.962952 0.771973 0.962952 0.771973 0.962952 0.737976 0.256775 0.737976 0.256775 0.737976 0.256775 0.737976 0.256775 0.737976 0.256775 0.737976 0.256775 0.737976 0.256775 0.737976 0.256775 0.737976 0.256775 0.737976 0.256775 0.737976 0.256775 0.737976 0.256775 0.737976 0.256775 0.737976 0.256775 0.737976 0.256775 0.737976 0.256775 0.737976 0.256775 0.737976 0.256775 0.737976 0.256775 0.737976 0.256775 0.737976 0.256775 0.737976 0.256775 0.737976 0.256775 0.737976 0.256775 0.737976 0.256775 0.737976 0.256775 0.737976 0.256775 0.737976 0.256775 0.737976 0.256775 0.737976 0.256775 0.737976 0.256775 0.737976 0.256775 0.737976 0.256775 0.737976 0.256775 0.737976 0.256775 0.737976 0.256775 0.737976 0.256775 0.737976 0.256775 0.737976 0.256775 0.737976 0.256775 0.737976 0.256775 0.737976 0.256775 0.737976 0.256775 0.737976 0.256775 0.737976 0.256775 0.570801 0.408875 0.765686 0.292114 0.773254 0.300415 0.570801 0.408875 0.758179 0.283875 0.765686 0.292114 0.75061 0.275574 0.758179 0.283875 0.570801 0.408875 0.570801 0.408875 0.743103 0.267334 0.75061 0.275574 0.570801 0.408875 0.735596 0.259033 0.743103 0.267334 0.728027 0.250793 0.735596 0.259033 0.570801 0.408875 0.570801 0.408875 0.72052 0.242493 0.728027 0.250793 0.570801 0.408875 0.712952 0.234253 0.72052 0.242493 0.705444 0.226013 0.712952 0.234253 0.570801 0.408875 0.737976 0.256775 0.737976 0.256775 0.737976 0.256775 0.737976 0.256775 0.737976 0.256775 0.737976 0.256775 0.737976 0.256775 0.737976 0.256775 0.737976 0.256775 0.570801 0.408875 0.743103 0.267334 0.75061 0.275574 0.570801 0.408875 0.735596 0.259033 0.743103 0.267334 0.728027 0.250793 0.735596 0.259033 0.570801 0.408875 0.765686 0.292114 0.570801 0.408875 0.773254 0.300415 0.765686 0.292114 0.758179 0.283875 0.570801 0.408875 0.75061 0.275574 0.570801 0.408875 0.758179 0.283875 0.75061 0.275574 0.743103 0.267334 0.570801 0.408875 0.735596 0.259033 0.570801 0.408875 0.743103 0.267334 0.735596 0.259033 0.728027 0.250793 0.570801 0.408875 0.72052 0.242493 0.570801 0.408875 0.728027 0.250793 0.72052 0.242493 0.712952 0.234253 0.570801 0.408875 0.737976 0.256775 0.737976 0.256775 0.737976 0.256775 0.737976 0.256775 0.737976 0.256775 0.737976 0.256775 0.737976 0.256775 0.737976 0.256775 0.737976 0.256775 0.737976 0.256775 0.737976 0.256775 0.737976 0.256775 0.705444 0.226013 0.570801 0.408875 0.712952 0.234253 0.705444 0.226013 0.697937 0.217712 0.570801 0.408875 0.765686 0.292114 0.570801 0.408875 0.773254 0.300415 0.765686 0.292114 0.758179 0.283875 0.570801 0.408875 0.75061 0.275574 0.570801 0.408875 0.758179 0.283875 0.75061 0.275574 0.743103 0.267334 0.570801 0.408875 0.72052 0.242493 0.570801 0.408875 0.728027 0.250793 0.72052 0.242493 0.712952 0.234253 0.570801 0.408875 0.705444 0.226013 0.570801 0.408875 0.712952 0.234253 0.705444 0.226013 0.697937 0.217712 0.570801 0.408875 0.765686 0.292114 0.570801 0.408875 0.773254 0.300415 0.765686 0.292114 0.758179 0.283875 0.570801 0.408875 0.75061 0.275574 0.570801 0.408875 0.758179 0.283875 0.75061 0.275574 0.743103 0.267334 0.570801 0.408875 0.735596 0.259033 0.570801 0.408875 0.743103 0.267334 0.735596 0.259033 0.728027 0.250793 0.570801 0.408875 0.72052 0.242493 0.570801 0.408875 0.728027 0.250793 0.72052 0.242493 0.712952 0.234253 0.570801 0.408875 0.705444 0.226013 0.570801 0.408875 0.712952 0.234253 0.705444 0.226013 0.697937 0.217712 0.570801 0.408875 0.765686 0.292114 0.570801 0.408875 0.773254 0.300415 0.765686 0.292114 0.758179 0.283875 0.570801 0.408875 0.75061 0.275574 0.570801 0.408875 0.758179 0.283875 0.75061 0.275574 0.743103 0.267334 0.570801 0.408875 0.735596 0.259033 0.570801 0.408875 0.743103 0.267334 0.735596 0.259033 0.728027 0.250793 0.570801 0.408875 0.72052 0.242493 0.570801 0.408875 0.728027 0.250793 0.72052 0.242493 0.712952 0.234253 0.570801 0.408875 0.705444 0.226013 0.570801 0.408875 0.712952 0.234253 0.705444 0.226013 0.697937 0.217712 0.570801 0.408875 0.765686 0.292114 0.570801 0.408875 0.773254 0.300415 0.765686 0.292114 0.758179 0.283875 0.570801 0.408875 0.75061 0.275574 0.570801 0.408875 0.758179 0.283875 0.75061 0.275574 0.743103 0.267334 0.570801 0.408875 0.735596 0.259033 0.570801 0.408875 0.743103 0.267334 0.735596 0.259033 0.728027 0.250793 0.570801 0.408875 0.72052 0.242493 0.570801 0.408875 0.728027 0.250793 0.72052 0.242493 0.712952 0.234253 0.570801 0.408875 0.705444 0.226013 0.570801 0.408875 0.712952 0.234253 0.705444 0.226013 0.697937 0.217712 0.570801 0.408875 0.765686 0.292114 0.570801 0.408875 0.773254 0.300415 0.765686 0.292114 0.758179 0.283875 0.570801 0.408875 0.75061 0.275574 0.570801 0.408875 0.758179 0.283875 0.75061 0.275574 0.743103 0.267334 0.570801 0.408875 0.72052 0.242493 0.570801 0.408875 0.728027 0.250793 0.72052 0.242493 0.712952 0.234253 0.570801 0.408875 0.705444 0.226013 0.570801 0.408875 0.712952 0.234253 0.705444 0.226013 0.697937 0.217712 0.570801 0.408875 0.737976 0.256775 0.737976 0.256775 0.737976 0.256775 0.737976 0.256775 0.737976 0.256775 0.737976 0.256775 0.737976 0.256775 0.737976 0.256775 0.737976 0.256775 0.737976 0.256775 0.737976 0.256775 0.737976 0.256775 0.737976 0.256775 0.737976 0.256775 0.737976 0.256775 0.737976 0.256775 0.737976 0.256775 0.737976 0.256775 0.737976 0.256775 0.737976 0.256775 0.737976 0.256775 0.737976 0.256775 0.737976 0.256775 0.737976 0.256775 0.735596 0.259033 0.570801 0.408875 0.743103 0.267334 0.735596 0.259033 0.728027 0.250793 0.570801 0.408875 0.737976 0.256775 0.737976 0.256775 0.737976 0.256775 0.737976 0.256775 0.737976 0.256775 0.737976 0.256775 0.737976 0.256775 0.737976 0.256775 0.737976 0.256775 0.737976 0.256775 0.737976 0.256775 0.737976 0.256775 0.737976 0.256775 0.737976 0.256775 0.737976 0.256775 0.737976 0.256775 0.737976 0.256775 0.737976 0.256775 0.737976 0.256775 0.737976 0.256775 0.737976 0.256775 0.737976 0.256775 0.737976 0.256775 0.737976 0.256775 0.737976 0.256775 0.737976 0.256775 0.737976 0.256775 0.737976 0.256775 0.737976 0.256775 0.737976 0.256775 0.737976 0.256775 0.737976 0.256775 0.737976 0.256775 0.737976 0.256775 0.737976 0.256775 0.737976 0.256775 0.765686 0.292114 0.570801 0.408875 0.773254 0.300415 0.765686 0.292114 0.758179 0.283875 0.570801 0.408875 0.75061 0.275574 0.570801 0.408875 0.758179 0.283875 0.75061 0.275574 0.743103 0.267334 0.570801 0.408875 0.735596 0.259033 0.570801 0.408875 0.743103 0.267334 0.735596 0.259033 0.728027 0.250793 0.570801 0.408875 0.735596 0.259033 0.570801 0.408875 0.743103 0.267334 0.735596 0.259033 0.728027 0.250793 0.570801 0.408875 0.72052 0.242493 0.570801 0.408875 0.728027 0.250793 0.72052 0.242493 0.712952 0.234253 0.570801 0.408875 0.737976 0.256775 0.737976 0.256775 0.737976 0.256775 0.737976 0.256775 0.737976 0.256775 0.737976 0.256775 0.737976 0.256775 0.737976 0.256775 0.737976 0.256775 0.737976 0.256775 0.737976 0.256775 0.737976 0.256775 0.705444 0.226013 0.570801 0.408875 0.712952 0.234253 0.705444 0.226013 0.697937 0.217712 0.570801 0.408875 0.737976 0.256775 0.737976 0.256775 0.737976 0.256775 0.697937 0.217712 0.705444 0.226013 0.570801 0.408875 0.737976 0.256775 0.737976 0.256775 0.737976 0.256775 0.737976 0.256775 0.737976 0.256775 0.737976 0.256775 0.737976 0.256775 0.737976 0.256775 0.737976 0.256775 0.697937 0.217712 0.705444 0.226013 0.570801 0.408875 0.697937 0.217712 0.705444 0.226013 0.570801 0.408875 0.737976 0.256775 0.737976 0.256775 0.737976 0.256775 0.697937 0.217712 0.705444 0.226013 0.570801 0.408875 0.737976 0.256775 0.737976 0.256775 0.737976 0.256775 0.771973 0.962952 0.771973 0.962952 0.771973 0.962952 0.697937 0.217712 0.705444 0.226013 0.570801 0.408875 0.697937 0.217712 0.705444 0.226013 0.570801 0.408875 0.697937 0.217712 0.705444 0.226013 0.570801 0.408875 0.737976 0.256775 0.737976 0.256775 0.737976 0.256775 0.771973 0.962952 0.771973 0.962952 0.771973 0.962952</float_array>
          <technique_common>
            <accessor source="#meshId0_name-mesh-map-0-array" count="3144" stride="2">
              <param name="S" type="float"/>
              <param name="T" type="float"/>
            </accessor>
          </technique_common>
        </source>
        <source id="meshId0_name-mesh-colors-meshId0-color0" name="meshId0-color0">
          <float_array id="meshId0_name-mesh-colors-meshId0-color0-array" count="12576">0.9490196 0.8588235 0.8431373 1 0.9490196 0.8588235 0.8431373 1 0.9490196 0.8588235 0.8431373 1 0.9490196 0.8588235 0.8431373 1 0.9490196 0.8588235 0.8431373 1 0.9490196 0.8588235 0.8431373 1 0.9490196 0.8588235 0.8431373 1 0.9490196 0.8588235 0.8431373 1 0.9490196 0.8588235 0.8431373 1 0.9490196 0.8588235 0.8431373 1 0.9490196 0.8588235 0.8431373 1 0.9490196 0.8588235 0.8431373 1 0.9490196 0.8588235 0.8431373 1 0.9490196 0.8588235 0.8431373 1 0.9490196 0.8588235 0.8431373 1 0.9490196 0.8588235 0.8431373 1 0.9490196 0.8588235 0.8431373 1 0.9490196 0.8588235 0.8431373 1 0.9490196 0.8588235 0.8431373 1 0.9490196 0.8588235 0.8431373 1 0.9490196 0.8588235 0.8431373 1 0.9490196 0.8588235 0.8431373 1 0.9490196 0.8588235 0.8431373 1 0.9490196 0.8588235 0.8431373 1 0.9490196 0.8588235 0.8431373 1 0.9490196 0.8588235 0.8431373 1 0.9490196 0.8588235 0.8431373 1 0.9490196 0.8588235 0.8431373 1 0.9490196 0.8588235 0.8431373 1 0.9490196 0.8588235 0.8431373 1 0.9490196 0.8588235 0.8431373 1 0.9490196 0.8588235 0.8431373 1 0.9490196 0.8588235 0.8431373 1 0.9490196 0.8588235 0.8431373 1 0.9490196 0.8588235 0.8431373 1 0.9490196 0.8588235 0.8431373 1 0.9490196 0.8588235 0.8431373 1 0.9490196 0.8588235 0.8431373 1 0.9490196 0.8588235 0.8431373 1 0.9490196 0.8588235 0.8431373 1 0.9490196 0.8588235 0.8431373 1 0.9490196 0.8588235 0.8431373 1 0.9490196 0.8588235 0.8431373 1 0.9490196 0.8588235 0.8431373 1 0.9490196 0.8588235 0.8431373 1 0.9490196 0.8588235 0.8431373 1 0.9490196 0.8588235 0.8431373 1 0.9490196 0.8588235 0.8431373 1 0.9490196 0.8588235 0.8431373 1 0.9490196 0.8588235 0.8431373 1 0.9490196 0.8588235 0.8431373 1 0.9490196 0.8588235 0.8431373 1 0.9490196 0.8588235 0.8431373 1 0.9490196 0.8588235 0.8431373 1 0.9490196 0.8588235 0.8431373 1 0.9490196 0.8588235 0.8431373 1 0.9490196 0.8588235 0.8431373 1 0.9490196 0.8588235 0.8431373 1 0.9490196 0.8588235 0.8431373 1 0.9490196 0.8588235 0.8431373 1 0.9490196 0.8588235 0.8431373 1 0.9490196 0.8588235 0.8431373 1 0.9490196 0.8588235 0.8431373 1 0.9490196 0.8588235 0.8431373 1 0.9490196 0.8588235 0.8431373 1 0.9490196 0.8588235 0.8431373 1 0.9490196 0.8588235 0.8431373 1 0.9490196 0.8588235 0.8431373 1 0.9490196 0.8588235 0.8431373 1 0.9490196 0.8588235 0.8431373 1 0.9490196 0.8588235 0.8431373 1 0.9490196 0.8588235 0.8431373 1 0.9490196 0.8588235 0.8431373 1 0.9490196 0.8588235 0.8431373 1 0.9490196 0.8588235 0.8431373 1 0.9490196 0.8588235 0.8431373 1 0.9490196 0.8588235 0.8431373 1 0.9490196 0.8588235 0.8431373 1 0.9490196 0.8588235 0.8431373 1 0.9490196 0.8588235 0.8431373 1 0.9490196 0.8588235 0.8431373 1 0.9490196 0.8588235 0.8431373 1 0.9490196 0.8588235 0.8431373 1 0.9490196 0.8588235 0.8431373 1 0.9490196 0.8588235 0.8431373 1 0.9490196 0.8588235 0.8431373 1 0.9490196 0.8588235 0.8431373 1 0.9490196 0.8588235 0.8431373 1 0.9490196 0.8588235 0.8431373 1 0.9490196 0.8588235 0.8431373 1 0.9490196 0.8588235 0.8431373 1 0.9490196 0.8588235 0.8431373 1 0.9490196 0.8588235 0.8431373 1 0.9490196 0.8588235 0.8431373 1 0.9490196 0.8588235 0.8431373 1 0.9490196 0.8588235 0.8431373 1 0.9490196 0.8588235 0.8431373 1 0.9490196 0.8588235 0.8431373 1 0.9490196 0.8588235 0.8431373 1 0.9490196 0.8588235 0.8431373 1 0.9490196 0.8588235 0.8431373 1 0.9490196 0.8588235 0.8431373 1 0.9490196 0.8588235 0.8431373 1 0.9490196 0.8588235 0.8431373 1 0.9490196 0.8588235 0.8431373 1 0.9490196 0.8588235 0.8431373 1 0.9490196 0.8588235 0.8431373 1 0.9490196 0.8588235 0.8431373 1 0.9490196 0.8588235 0.8431373 1 0.9490196 0.8588235 0.8431373 1 0.9490196 0.8588235 0.8431373 1 0.9490196 0.8588235 0.8431373 1 0.9490196 0.8588235 0.8431373 1 0.9490196 0.8588235 0.8431373 1 0.9490196 0.8588235 0.8431373 1 0.9490196 0.8588235 0.8431373 1 0.9490196 0.8588235 0.8431373 1 0.9490196 0.8588235 0.8431373 1 0.9490196 0.8588235 0.8431373 1 0.9490196 0.8588235 0.8431373 1 0.9490196 0.8588235 0.8431373 1 0.9490196 0.8588235 0.8431373 1 0.9490196 0.8588235 0.8431373 1 0.9490196 0.8588235 0.8431373 1 0.9490196 0.8588235 0.8431373 1 0.9490196 0.8588235 0.8431373 1 0.9490196 0.8588235 0.8431373 1 0.9490196 0.8588235 0.8431373 1 0.9490196 0.8588235 0.8431373 1 0.9490196 0.8588235 0.8431373 1 0.9490196 0.8588235 0.8431373 1 0.9490196 0.8588235 0.8431373 1 0.9490196 0.8588235 0.8431373 1 0.9490196 0.8588235 0.8431373 1 0.9490196 0.8588235 0.8431373 1 0.9490196 0.8588235 0.8431373 1 0.9490196 0.8588235 0.8431373 1 0.9490196 0.8588235 0.8431373 1 0.9490196 0.8588235 0.8431373 1 0.9490196 0.8588235 0.8431373 1 0.9490196 0.8588235 0.8431373 1 0.9490196 0.8588235 0.8431373 1 0.9490196 0.8588235 0.8431373 1 0.9490196 0.8588235 0.8431373 1 0.9490196 0.8588235 0.8431373 1 0.9490196 0.8588235 0.8431373 1 0.9490196 0.8588235 0.8431373 1 0.9490196 0.8588235 0.8431373 1 0.9490196 0.8588235 0.8431373 1 0.9490196 0.8588235 0.8431373 1 0.9490196 0.8588235 0.8431373 1 0.9490196 0.8588235 0.8431373 1 0.9490196 0.8588235 0.8431373 1 0.9490196 0.8588235 0.8431373 1 0.9490196 0.8588235 0.8431373 1 0.9490196 0.8588235 0.8431373 1 0.9490196 0.8588235 0.8431373 1 0.9490196 0.8588235 0.8431373 1 0.9490196 0.8588235 0.8431373 1 0.9490196 0.8588235 0.8431373 1 0.9490196 0.8588235 0.8431373 1 0.9490196 0.8588235 0.8431373 1 0.9490196 0.8588235 0.8431373 1 0.9490196 0.8588235 0.8431373 1 0.9490196 0.8588235 0.8431373 1 0.9490196 0.8588235 0.8431373 1 0.9490196 0.8588235 0.8431373 1 0.9490196 0.8588235 0.8431373 1 0.9490196 0.8588235 0.8431373 1 0.9490196 0.8588235 0.8431373 1 0.9490196 0.8588235 0.8431373 1 0.9490196 0.8588235 0.8431373 1 0.9490196 0.8588235 0.8431373 1 0.9490196 0.8588235 0.8431373 1 0.9490196 0.8588235 0.8431373 1 0.9490196 0.8588235 0.8431373 1 0.9490196 0.8588235 0.8431373 1 0.9490196 0.8588235 0.8431373 1 0.9490196 0.8588235 0.8431373 1 0.9490196 0.8588235 0.8431373 1 0.9490196 0.8588235 0.8431373 1 0.9490196 0.8588235 0.8431373 1 0.9490196 0.8588235 0.8431373 1 0.9490196 0.8588235 0.8431373 1 0.9490196 0.8588235 0.8431373 1 0.9490196 0.8588235 0.8431373 1 0.9490196 0.8588235 0.8431373 1 0.9490196 0.8588235 0.8431373 1 0.9490196 0.8588235 0.8431373 1 0.9490196 0.8588235 0.8431373 1 0.9490196 0.8588235 0.8431373 1 0.9490196 0.8588235 0.8431373 1 0.9490196 0.8588235 0.8431373 1 0.9490196 0.8588235 0.8431373 1 0.9490196 0.8588235 0.8431373 1 0.9490196 0.8588235 0.8431373 1 0.9490196 0.8588235 0.8431373 1 0.9490196 0.8588235 0.8431373 1 0.9490196 0.8588235 0.8431373 1 0.9490196 0.8588235 0.8431373 1 0.9490196 0.8588235 0.8431373 1 0.9490196 0.8588235 0.8431373 1 0.9490196 0.8588235 0.8431373 1 0.9490196 0.8588235 0.8431373 1 0.9490196 0.8588235 0.8431373 1 0.9490196 0.8588235 0.8431373 1 0.9490196 0.8588235 0.8431373 1 0.9490196 0.8588235 0.8431373 1 0.9490196 0.8588235 0.8431373 1 0.9490196 0.8588235 0.8431373 1 0.9490196 0.8588235 0.8431373 1 0.9490196 0.8588235 0.8431373 1 0.9490196 0.8588235 0.8431373 1 0.9490196 0.8588235 0.8431373 1 0.9490196 0.8588235 0.8431373 1 0.9490196 0.8588235 0.8431373 1 0.9490196 0.8588235 0.8431373 1 0.9490196 0.8588235 0.8431373 1 0.9490196 0.8588235 0.8431373 1 0.9490196 0.8588235 0.8431373 1 0.9490196 0.8588235 0.8431373 1 0.9490196 0.8588235 0.8431373 1 0.9490196 0.8588235 0.8431373 1 0.9490196 0.8588235 0.8431373 1 0.9490196 0.8588235 0.8431373 1 0.9490196 0.8588235 0.8431373 1 0.9490196 0.8588235 0.8431373 1 0.9490196 0.8588235 0.8431373 1 0.9490196 0.8588235 0.8431373 1 0.9490196 0.8588235 0.8431373 1 0.9490196 0.8588235 0.8431373 1 0.9490196 0.8588235 0.8431373 1 0.9490196 0.8588235 0.8431373 1 0.9490196 0.8588235 0.8431373 1 0.9490196 0.8588235 0.8431373 1 0.9490196 0.8588235 0.8431373 1 0.9490196 0.8588235 0.8431373 1 0.9490196 0.8588235 0.8431373 1 0.9490196 0.8588235 0.8431373 1 0.9490196 0.8588235 0.8431373 1 0.9490196 0.8588235 0.8431373 1 0.9490196 0.8588235 0.8431373 1 0.9490196 0.8588235 0.8431373 1 0.9490196 0.8588235 0.8431373 1 0.9490196 0.8588235 0.8431373 1 0.9490196 0.8588235 0.8431373 1 0.9490196 0.8588235 0.8431373 1 0.9490196 0.8588235 0.8431373 1 0.9490196 0.8588235 0.8431373 1 0.9490196 0.8588235 0.8431373 1 0.9490196 0.8588235 0.8431373 1 0.9490196 0.8588235 0.8431373 1 0.9490196 0.8588235 0.8431373 1 0.9490196 0.8588235 0.8431373 1 0.9490196 0.8588235 0.8431373 1 0.9490196 0.8588235 0.8431373 1 0.9490196 0.8588235 0.8431373 1 0.9490196 0.8588235 0.8431373 1 0.9490196 0.8588235 0.8431373 1 0.9490196 0.8588235 0.8431373 1 0.9490196 0.8588235 0.8431373 1 0.9490196 0.8588235 0.8431373 1 0.9490196 0.8588235 0.8431373 1 0.9490196 0.8588235 0.8431373 1 0.9490196 0.8588235 0.8431373 1 0.9490196 0.8588235 0.8431373 1 0.9490196 0.8588235 0.8431373 1 0.9490196 0.8588235 0.8431373 1 0.9490196 0.8588235 0.8431373 1 0.9490196 0.8588235 0.8431373 1 0.9490196 0.8588235 0.8431373 1 0.9490196 0.8588235 0.8431373 1 0.9490196 0.8588235 0.8431373 1 0.9490196 0.8588235 0.8431373 1 0.9490196 0.8588235 0.8431373 1 0.9490196 0.8588235 0.8431373 1 0.9490196 0.8588235 0.8431373 1 0.9490196 0.8588235 0.8431373 1 0.9490196 0.8588235 0.8431373 1 0.9490196 0.8588235 0.8431373 1 0.9490196 0.8588235 0.8431373 1 0.9490196 0.8588235 0.8431373 1 0.9490196 0.8588235 0.8431373 1 0.9490196 0.8588235 0.8431373 1 0.9490196 0.8588235 0.8431373 1 0.9490196 0.8588235 0.8431373 1 0.9490196 0.8588235 0.8431373 1 0.9490196 0.8588235 0.8431373 1 0.9490196 0.8588235 0.8431373 1 0.9490196 0.8588235 0.8431373 1 0.9490196 0.8588235 0.8431373 1 0.9490196 0.8588235 0.8431373 1 0.9490196 0.8588235 0.8431373 1 0.9490196 0.8588235 0.8431373 1 0.9490196 0.8588235 0.8431373 1 0.9490196 0.8588235 0.8431373 1 0.9490196 0.8588235 0.8431373 1 0.9490196 0.8588235 0.8431373 1 0.9490196 0.8588235 0.8431373 1 0.9490196 0.8588235 0.8431373 1 0.9490196 0.8588235 0.8431373 1 0.9490196 0.8588235 0.8431373 1 0.9490196 0.8588235 0.8431373 1 0.9490196 0.8588235 0.8431373 1 0.9490196 0.8588235 0.8431373 1 0.9490196 0.8588235 0.8431373 1 0.9490196 0.8588235 0.8431373 1 0.9490196 0.8588235 0.8431373 1 0.9490196 0.8588235 0.8431373 1 0.9490196 0.8588235 0.8431373 1 0.9490196 0.8588235 0.8431373 1 0.9490196 0.8588235 0.8431373 1 0.9490196 0.8588235 0.8431373 1 0.9490196 0.8588235 0.8431373 1 0.9490196 0.8588235 0.8431373 1 0.9490196 0.8588235 0.8431373 1 0.9490196 0.8588235 0.8431373 1 0.9490196 0.8588235 0.8431373 1 0.9490196 0.8588235 0.8431373 1 0.9490196 0.8588235 0.8431373 1 0.9490196 0.8588235 0.8431373 1 0.9490196 0.8588235 0.8431373 1 0.9490196 0.8588235 0.8431373 1 0.9490196 0.8588235 0.8431373 1 0.9490196 0.8588235 0.8431373 1 0.9490196 0.8588235 0.8431373 1 0.9490196 0.8588235 0.8431373 1 0.9490196 0.8588235 0.8431373 1 0.9490196 0.8588235 0.8431373 1 0.9490196 0.8588235 0.8431373 1 0.9490196 0.8588235 0.8431373 1 0.9490196 0.8588235 0.8431373 1 0.9490196 0.8588235 0.8431373 1 0.9490196 0.8588235 0.8431373 1 0.9490196 0.8588235 0.8431373 1 0.9490196 0.8588235 0.8431373 1 0.9490196 0.8588235 0.8431373 1 0.9490196 0.8588235 0.8431373 1 0.9490196 0.8588235 0.8431373 1 0.9490196 0.8588235 0.8431373 1 0.9490196 0.8588235 0.8431373 1 0.9490196 0.8588235 0.8431373 1 0.9490196 0.8588235 0.8431373 1 0.9490196 0.8588235 0.8431373 1 0.9490196 0.8588235 0.8431373 1 0.9490196 0.8588235 0.8431373 1 0.9490196 0.8588235 0.8431373 1 0.9490196 0.8588235 0.8431373 1 0.9490196 0.8588235 0.8431373 1 0.9490196 0.8588235 0.8431373 1 0.9490196 0.8588235 0.8431373 1 0.9490196 0.8588235 0.8431373 1 0.9490196 0.8588235 0.8431373 1 0.9490196 0.8588235 0.8431373 1 0.9490196 0.8588235 0.8431373 1 0.9490196 0.8588235 0.8431373 1 0.9490196 0.8588235 0.8431373 1 0.9490196 0.8588235 0.8431373 1 0.9490196 0.8588235 0.8431373 1 0.9490196 0.8588235 0.8431373 1 0.9490196 0.8588235 0.8431373 1 0.9490196 0.8588235 0.8431373 1 0.9490196 0.8588235 0.8431373 1 0.9490196 0.8588235 0.8431373 1 0.9490196 0.8588235 0.8431373 1 0.9490196 0.8588235 0.8431373 1 0.9490196 0.8588235 0.8431373 1 0.9490196 0.8588235 0.8431373 1 0.9490196 0.8588235 0.8431373 1 0.9490196 0.8588235 0.8431373 1 0.9490196 0.8588235 0.8431373 1 0.9490196 0.8588235 0.8431373 1 0.9490196 0.8588235 0.8431373 1 0.9490196 0.8588235 0.8431373 1 0.9490196 0.8588235 0.8431373 1 0.9490196 0.8588235 0.8431373 1 0.9490196 0.8588235 0.8431373 1 0.9490196 0.8588235 0.8431373 1 0.9490196 0.8588235 0.8431373 1 0.9490196 0.8588235 0.8431373 1 0.9490196 0.8588235 0.8431373 1 0.9490196 0.8588235 0.8431373 1 0.9490196 0.8588235 0.8431373 1 0.9490196 0.8588235 0.8431373 1 0.9490196 0.8588235 0.8431373 1 0.9490196 0.8588235 0.8431373 1 0.9490196 0.8588235 0.8431373 1 0.9490196 0.8588235 0.8431373 1 0.9490196 0.8588235 0.8431373 1 0.9490196 0.8588235 0.8431373 1 0.9490196 0.8588235 0.8431373 1 0.9490196 0.8588235 0.8431373 1 0.9490196 0.8588235 0.8431373 1 0.9490196 0.8588235 0.8431373 1 0.9490196 0.8588235 0.8431373 1 0.9490196 0.8588235 0.8431373 1 0.9490196 0.8588235 0.8431373 1 0.9490196 0.8588235 0.8431373 1 0.9490196 0.8588235 0.8431373 1 0.9490196 0.8588235 0.8431373 1 0.9490196 0.8588235 0.8431373 1 0.9490196 0.8588235 0.8431373 1 0.9490196 0.8588235 0.8431373 1 0.9490196 0.8588235 0.8431373 1 0.9490196 0.8588235 0.8431373 1 0.9490196 0.8588235 0.8431373 1 0.9490196 0.8588235 0.8431373 1 0.9490196 0.8588235 0.8431373 1 0.9490196 0.8588235 0.8431373 1 0.9490196 0.8588235 0.8431373 1 0.9490196 0.8588235 0.8431373 1 0.9490196 0.8588235 0.8431373 1 0.9490196 0.8588235 0.8431373 1 0.9490196 0.8588235 0.8431373 1 0.9490196 0.8588235 0.8431373 1 0.9490196 0.8588235 0.8431373 1 0.9490196 0.8588235 0.8431373 1 0.9490196 0.8588235 0.8431373 1 0.9490196 0.8588235 0.8431373 1 0.9490196 0.8588235 0.8431373 1 0.9490196 0.8588235 0.8431373 1 0.9490196 0.8588235 0.8431373 1 0.9490196 0.8588235 0.8431373 1 0.9490196 0.8588235 0.8431373 1 0.9490196 0.8588235 0.8431373 1 0.9490196 0.8588235 0.8431373 1 0.9490196 0.8588235 0.8431373 1 0.9490196 0.8588235 0.8431373 1 0.9490196 0.8588235 0.8431373 1 0.9490196 0.8588235 0.8431373 1 0.9490196 0.8588235 0.8431373 1 0.9490196 0.8588235 0.8431373 1 0.9490196 0.8588235 0.8431373 1 0.9490196 0.8588235 0.8431373 1 0.9490196 0.8588235 0.8431373 1 0.9490196 0.8588235 0.8431373 1 0.9490196 0.8588235 0.8431373 1 0.9490196 0.8588235 0.8431373 1 0.9490196 0.8588235 0.8431373 1 0.9490196 0.8588235 0.8431373 1 0.9490196 0.8588235 0.8431373 1 0.9490196 0.8588235 0.8431373 1 0.9490196 0.8588235 0.8431373 1 0.9490196 0.8588235 0.8431373 1 0.9490196 0.8588235 0.8431373 1 0.9490196 0.8588235 0.8431373 1 0.9490196 0.8588235 0.8431373 1 0.9490196 0.8588235 0.8431373 1 0.9490196 0.8588235 0.8431373 1 0.9490196 0.8588235 0.8431373 1 0.9490196 0.8588235 0.8431373 1 0.9490196 0.8588235 0.8431373 1 0.9490196 0.8588235 0.8431373 1 0.9490196 0.8588235 0.8431373 1 0.9490196 0.8588235 0.8431373 1 0.9490196 0.8588235 0.8431373 1 0.9490196 0.8588235 0.8431373 1 0.9490196 0.8588235 0.8431373 1 0.9490196 0.8588235 0.8431373 1 0.9490196 0.8588235 0.8431373 1 0.9490196 0.8588235 0.8431373 1 0.9490196 0.8588235 0.8431373 1 0.9490196 0.8588235 0.8431373 1 0.9490196 0.8588235 0.8431373 1 0.9490196 0.8588235 0.8431373 1 0.9490196 0.8588235 0.8431373 1 0.9490196 0.8588235 0.8431373 1 0.9490196 0.8588235 0.8431373 1 0.9490196 0.8588235 0.8431373 1 0.9490196 0.8588235 0.8431373 1 0.9490196 0.8588235 0.8431373 1 0.9490196 0.8588235 0.8431373 1 0.9490196 0.8588235 0.8431373 1 0.9490196 0.8588235 0.8431373 1 0.9490196 0.8588235 0.8431373 1 0.9490196 0.8588235 0.8431373 1 0.9490196 0.8588235 0.8431373 1 0.9490196 0.8588235 0.8431373 1 0.9490196 0.8588235 0.8431373 1 0.9490196 0.8588235 0.8431373 1 0.9490196 0.8588235 0.8431373 1 0.9490196 0.8588235 0.8431373 1 0.9490196 0.8588235 0.8431373 1 0.9490196 0.8588235 0.8431373 1 0.9490196 0.8588235 0.8431373 1 0.9490196 0.8588235 0.8431373 1 0.9490196 0.8588235 0.8431373 1 0.9490196 0.8588235 0.8431373 1 0.9490196 0.8588235 0.8431373 1 0.9490196 0.8588235 0.8431373 1 0.9490196 0.8588235 0.8431373 1 0.9490196 0.8588235 0.8431373 1 0.9490196 0.8588235 0.8431373 1 0.9490196 0.8588235 0.8431373 1 0.9490196 0.8588235 0.8431373 1 0.9490196 0.8588235 0.8431373 1 0.9490196 0.8588235 0.8431373 1 0.9490196 0.8588235 0.8431373 1 0.9490196 0.8588235 0.8431373 1 0.9490196 0.8588235 0.8431373 1 0.9490196 0.8588235 0.8431373 1 0.9490196 0.8588235 0.8431373 1 0.9490196 0.8588235 0.8431373 1 0.9490196 0.8588235 0.8431373 1 0.9490196 0.8588235 0.8431373 1 0.9490196 0.8588235 0.8431373 1 0.9490196 0.8588235 0.8431373 1 0.9490196 0.8588235 0.8431373 1 0.9490196 0.8588235 0.8431373 1 0.9490196 0.8588235 0.8431373 1 0.9490196 0.8588235 0.8431373 1 0.9490196 0.8588235 0.8431373 1 0.9490196 0.8588235 0.8431373 1 0.9490196 0.8588235 0.8431373 1 0.9490196 0.8588235 0.8431373 1 0.9490196 0.8588235 0.8431373 1 0.9490196 0.8588235 0.8431373 1 0.9490196 0.8588235 0.8431373 1 0.9490196 0.8588235 0.8431373 1 0.9490196 0.8588235 0.8431373 1 0.9490196 0.8588235 0.8431373 1 0.9490196 0.8588235 0.8431373 1 0.9490196 0.8588235 0.8431373 1 0.9490196 0.8588235 0.8431373 1 0.9490196 0.8588235 0.8431373 1 0.9490196 0.8588235 0.8431373 1 0.9490196 0.8588235 0.8431373 1 0.9490196 0.8588235 0.8431373 1 0.9490196 0.8588235 0.8431373 1 0.9490196 0.8588235 0.8431373 1 0.9490196 0.8588235 0.8431373 1 0.9490196 0.8588235 0.8431373 1 0.9490196 0.8588235 0.8431373 1 0.9490196 0.8588235 0.8431373 1 0.9490196 0.8588235 0.8431373 1 0.9490196 0.8588235 0.8431373 1 0.9490196 0.8588235 0.8431373 1 0.9490196 0.8588235 0.8431373 1 0.9490196 0.8588235 0.8431373 1 0.9490196 0.8588235 0.8431373 1 0.9490196 0.8588235 0.8431373 1 0.9490196 0.8588235 0.8431373 1 0.9490196 0.8588235 0.8431373 1 0.9490196 0.8588235 0.8431373 1 0.9490196 0.8588235 0.8431373 1 0.9490196 0.8588235 0.8431373 1 0.9490196 0.8588235 0.8431373 1 0.9490196 0.8588235 0.8431373 1 0.9490196 0.8588235 0.8431373 1 0.9490196 0.8588235 0.8431373 1 0.9490196 0.8588235 0.8431373 1 0.9490196 0.8588235 0.8431373 1 0.9490196 0.8588235 0.8431373 1 0.9490196 0.8588235 0.8431373 1 0.9490196 0.8588235 0.8431373 1 0.9490196 0.8588235 0.8431373 1 0.9490196 0.8588235 0.8431373 1 0.9490196 0.8588235 0.8431373 1 0.9490196 0.8588235 0.8431373 1 0.9490196 0.8588235 0.8431373 1 0.9490196 0.8588235 0.8431373 1 0.9490196 0.8588235 0.8431373 1 0.9490196 0.8588235 0.8431373 1 0.9490196 0.8588235 0.8431373 1 0.9490196 0.8588235 0.8431373 1 0.9490196 0.8588235 0.8431373 1 0.9490196 0.8588235 0.8431373 1 0.9490196 0.8588235 0.8431373 1 0.9490196 0.8588235 0.8431373 1 0.9490196 0.8588235 0.8431373 1 0.9490196 0.8588235 0.8431373 1 0.9490196 0.8588235 0.8431373 1 0.9490196 0.8588235 0.8431373 1 0.9490196 0.8588235 0.8431373 1 0.9490196 0.8588235 0.8431373 1 0.9490196 0.8588235 0.8431373 1 0.9490196 0.8588235 0.8431373 1 0.9490196 0.8588235 0.8431373 1 0.9490196 0.8588235 0.8431373 1 0.9490196 0.8588235 0.8431373 1 0.9490196 0.8588235 0.8431373 1 0.9490196 0.8588235 0.8431373 1 0.9490196 0.8588235 0.8431373 1 0.9490196 0.8588235 0.8431373 1 0.9490196 0.8588235 0.8431373 1 0.9490196 0.8588235 0.8431373 1 0.9490196 0.8588235 0.8431373 1 0.9490196 0.8588235 0.8431373 1 0.9490196 0.8588235 0.8431373 1 0.9490196 0.8588235 0.8431373 1 0.9490196 0.8588235 0.8431373 1 0.9490196 0.8588235 0.8431373 1 0.9490196 0.8588235 0.8431373 1 0.9490196 0.8588235 0.8431373 1 0.9490196 0.8588235 0.8431373 1 0.9490196 0.8588235 0.8431373 1 0.9490196 0.8588235 0.8431373 1 0.9490196 0.8588235 0.8431373 1 0.9490196 0.8588235 0.8431373 1 0.9490196 0.8588235 0.8431373 1 0.9490196 0.8588235 0.8431373 1 0.9490196 0.8588235 0.8431373 1 0.9490196 0.8588235 0.8431373 1 0.9490196 0.8588235 0.8431373 1 0.9490196 0.8588235 0.8431373 1 0.9490196 0.8588235 0.8431373 1 0.9490196 0.8588235 0.8431373 1 0.9490196 0.8588235 0.8431373 1 0.9490196 0.8588235 0.8431373 1 0.9490196 0.8588235 0.8431373 1 0.9490196 0.8588235 0.8431373 1 0.9490196 0.8588235 0.8431373 1 0.9490196 0.8588235 0.8431373 1 0.9490196 0.8588235 0.8431373 1 0.9490196 0.8588235 0.8431373 1 0.9490196 0.8588235 0.8431373 1 0.9490196 0.8588235 0.8431373 1 0.9490196 0.8588235 0.8431373 1 0.9490196 0.8588235 0.8431373 1 0.9490196 0.8588235 0.8431373 1 0.9490196 0.8588235 0.8431373 1 0.9490196 0.8588235 0.8431373 1 0.9490196 0.8588235 0.8431373 1 0.9490196 0.8588235 0.8431373 1 0.9490196 0.8588235 0.8431373 1 0.9490196 0.8588235 0.8431373 1 0.9490196 0.8588235 0.8431373 1 0.9490196 0.8588235 0.8431373 1 0.9490196 0.8588235 0.8431373 1 0.9490196 0.8588235 0.8431373 1 0.9490196 0.8588235 0.8431373 1 0.9490196 0.8588235 0.8431373 1 0.9490196 0.8588235 0.8431373 1 0.9490196 0.8588235 0.8431373 1 0.9490196 0.8588235 0.8431373 1 0.9490196 0.8588235 0.8431373 1 0.9490196 0.8588235 0.8431373 1 0.9490196 0.8588235 0.8431373 1 0.9490196 0.8588235 0.8431373 1 0.9490196 0.8588235 0.8431373 1 0.9490196 0.8588235 0.8431373 1 0.9490196 0.8588235 0.8431373 1 0.9490196 0.8588235 0.8431373 1 0.9490196 0.8588235 0.8431373 1 0.9490196 0.8588235 0.8431373 1 0.9490196 0.8588235 0.8431373 1 0.9490196 0.8588235 0.8431373 1 0.9490196 0.8588235 0.8431373 1 0.9490196 0.8588235 0.8431373 1 0.9490196 0.8588235 0.8431373 1 0.9490196 0.8588235 0.8431373 1 0.9490196 0.8588235 0.8431373 1 0.9490196 0.8588235 0.8431373 1 0.9490196 0.8588235 0.8431373 1 0.9490196 0.8588235 0.8431373 1 0.9490196 0.8588235 0.8431373 1 0.9490196 0.8588235 0.8431373 1 0.9490196 0.8588235 0.8431373 1 0.9490196 0.8588235 0.8431373 1 0.9490196 0.8588235 0.8431373 1 0.9490196 0.8588235 0.8431373 1 0.9490196 0.8588235 0.8431373 1 0.9490196 0.8588235 0.8431373 1 0.9490196 0.8588235 0.8431373 1 0.9490196 0.8588235 0.8431373 1 0.9490196 0.8588235 0.8431373 1 0.9490196 0.8588235 0.8431373 1 0.9490196 0.8588235 0.8431373 1 0.9490196 0.8588235 0.8431373 1 0.9490196 0.8588235 0.8431373 1 0.9490196 0.8588235 0.8431373 1 0.9490196 0.8588235 0.8431373 1 0.9490196 0.8588235 0.8431373 1 0.9490196 0.8588235 0.8431373 1 0.9490196 0.8588235 0.8431373 1 0.9490196 0.8588235 0.8431373 1 0.9490196 0.8588235 0.8431373 1 0.9490196 0.8588235 0.8431373 1 0.9490196 0.8588235 0.8431373 1 0.9490196 0.8588235 0.8431373 1 0.9490196 0.8588235 0.8431373 1 0.9490196 0.8588235 0.8431373 1 0.9490196 0.8588235 0.8431373 1 0.9490196 0.8588235 0.8431373 1 0.9490196 0.8588235 0.8431373 1 0.9490196 0.8588235 0.8431373 1 0.9490196 0.8588235 0.8431373 1 0.9490196 0.8588235 0.8431373 1 0.9490196 0.8588235 0.8431373 1 0.9490196 0.8588235 0.8431373 1 0.9490196 0.8588235 0.8431373 1 0.9490196 0.8588235 0.8431373 1 0.9490196 0.8588235 0.8431373 1 0.9490196 0.8588235 0.8431373 1 0.9490196 0.8588235 0.8431373 1 0.9490196 0.8588235 0.8431373 1 0.9490196 0.8588235 0.8431373 1 0.9490196 0.8588235 0.8431373 1 0.9490196 0.8588235 0.8431373 1 0.9490196 0.8588235 0.8431373 1 0.9490196 0.8588235 0.8431373 1 0.9490196 0.8588235 0.8431373 1 0.9490196 0.8588235 0.8431373 1 0.9490196 0.8588235 0.8431373 1 0.9490196 0.8588235 0.8431373 1 0.9490196 0.8588235 0.8431373 1 0.9490196 0.8588235 0.8431373 1 0.9490196 0.8588235 0.8431373 1 0.9490196 0.8588235 0.8431373 1 0.9490196 0.8588235 0.8431373 1 0.9490196 0.8588235 0.8431373 1 0.9490196 0.8588235 0.8431373 1 0.9490196 0.8588235 0.8431373 1 0.9490196 0.8588235 0.8431373 1 0.9490196 0.8588235 0.8431373 1 0.9490196 0.8588235 0.8431373 1 0.9490196 0.8588235 0.8431373 1 0.9490196 0.8588235 0.8431373 1 0.9490196 0.8588235 0.8431373 1 0.9490196 0.8588235 0.8431373 1 0.9490196 0.8588235 0.8431373 1 0.9490196 0.8588235 0.8431373 1 0.9490196 0.8588235 0.8431373 1 0.9490196 0.8588235 0.8431373 1 0.9490196 0.8588235 0.8431373 1 0.9490196 0.8588235 0.8431373 1 0.9490196 0.8588235 0.8431373 1 0.9490196 0.8588235 0.8431373 1 0.9490196 0.8588235 0.8431373 1 0.9490196 0.8588235 0.8431373 1 0.9490196 0.8588235 0.8431373 1 0.9490196 0.8588235 0.8431373 1 0.9490196 0.8588235 0.8431373 1 0.9490196 0.8588235 0.8431373 1 0.9490196 0.8588235 0.8431373 1 0.9490196 0.8588235 0.8431373 1 0.9490196 0.8588235 0.8431373 1 0.9490196 0.8588235 0.8431373 1 0.9490196 0.8588235 0.8431373 1 0.9490196 0.8588235 0.8431373 1 0.9490196 0.8588235 0.8431373 1 0.9490196 0.8588235 0.8431373 1 0.9490196 0.8588235 0.8431373 1 0.9490196 0.8588235 0.8431373 1 0.9490196 0.8588235 0.8431373 1 0.9490196 0.8588235 0.8431373 1 0.9490196 0.8588235 0.8431373 1 0.9490196 0.8588235 0.8431373 1 0.9490196 0.8588235 0.8431373 1 0.9490196 0.8588235 0.8431373 1 0.9490196 0.8588235 0.8431373 1 0.9490196 0.8588235 0.8431373 1 0.9490196 0.8588235 0.8431373 1 0.9490196 0.8588235 0.8431373 1 0.9490196 0.8588235 0.8431373 1 0.9490196 0.8588235 0.8431373 1 0.9490196 0.8588235 0.8431373 1 0.9490196 0.8588235 0.8431373 1 0.9490196 0.8588235 0.8431373 1 0.9490196 0.8588235 0.8431373 1 0.9490196 0.8588235 0.8431373 1 0.9490196 0.8588235 0.8431373 1 0.9490196 0.8588235 0.8431373 1 0.9490196 0.8588235 0.8431373 1 0.9490196 0.8588235 0.8431373 1 0.9490196 0.8588235 0.8431373 1 0.9490196 0.8588235 0.8431373 1 0.9490196 0.8588235 0.8431373 1 0.9490196 0.8588235 0.8431373 1 0.9490196 0.8588235 0.8431373 1 0.9490196 0.8588235 0.8431373 1 0.9490196 0.8588235 0.8431373 1 0.9490196 0.8588235 0.8431373 1 0.9490196 0.8588235 0.8431373 1 0.9490196 0.8588235 0.8431373 1 0.9490196 0.8588235 0.8431373 1 0.9490196 0.8588235 0.8431373 1 0.9490196 0.8588235 0.8431373 1 0.9490196 0.8588235 0.8431373 1 0.9490196 0.8588235 0.8431373 1 0.9490196 0.8588235 0.8431373 1 0.9490196 0.8588235 0.8431373 1 0.9490196 0.8588235 0.8431373 1 0.9490196 0.8588235 0.8431373 1 0.9490196 0.8588235 0.8431373 1 0.9490196 0.8588235 0.8431373 1 0.9490196 0.8588235 0.8431373 1 0.9490196 0.8588235 0.8431373 1 0.9490196 0.8588235 0.8431373 1 0.9490196 0.8588235 0.8431373 1 0.9490196 0.8588235 0.8431373 1 0.9490196 0.8588235 0.8431373 1 0.9490196 0.8588235 0.8431373 1 0.9490196 0.8588235 0.8431373 1 0.9490196 0.8588235 0.8431373 1 0.9490196 0.8588235 0.8431373 1 0.9490196 0.8588235 0.8431373 1 0.9490196 0.8588235 0.8431373 1 0.9490196 0.8588235 0.8431373 1 0.9490196 0.8588235 0.8431373 1 0.9490196 0.8588235 0.8431373 1 0.9490196 0.8588235 0.8431373 1 0.9490196 0.8588235 0.8431373 1 0.9490196 0.8588235 0.8431373 1 0.9490196 0.8588235 0.8431373 1 0.9490196 0.8588235 0.8431373 1 0.9490196 0.8588235 0.8431373 1 0.9490196 0.8588235 0.8431373 1 0.9490196 0.8588235 0.8431373 1 0.9490196 0.8588235 0.8431373 1 0.9490196 0.8588235 0.8431373 1 0.9490196 0.8588235 0.8431373 1 0.9490196 0.8588235 0.8431373 1 0.9490196 0.8588235 0.8431373 1 0.9490196 0.8588235 0.8431373 1 0.9490196 0.8588235 0.8431373 1 0.9490196 0.8588235 0.8431373 1 0.9490196 0.8588235 0.8431373 1 0.9490196 0.8588235 0.8431373 1 0.9490196 0.8588235 0.8431373 1 0.9490196 0.8588235 0.8431373 1 0.9490196 0.8588235 0.8431373 1 0.9490196 0.8588235 0.8431373 1 0.9490196 0.8588235 0.8431373 1 0.9490196 0.8588235 0.8431373 1 0.9490196 0.8588235 0.8431373 1 0.9490196 0.8588235 0.8431373 1 0.9490196 0.8588235 0.8431373 1 0.9490196 0.8588235 0.8431373 1 0.9490196 0.8588235 0.8431373 1 0.9490196 0.8588235 0.8431373 1 0.9490196 0.8588235 0.8431373 1 0.9490196 0.8588235 0.8431373 1 0.9490196 0.8588235 0.8431373 1 0.9490196 0.8588235 0.8431373 1 0.9490196 0.8588235 0.8431373 1 0.9490196 0.8588235 0.8431373 1 0.9490196 0.8588235 0.8431373 1 0.9490196 0.8588235 0.8431373 1 0.9490196 0.8588235 0.8431373 1 0.9490196 0.8588235 0.8431373 1 0.9490196 0.8588235 0.8431373 1 0.9490196 0.8588235 0.8431373 1 0.9490196 0.8588235 0.8431373 1 0.9490196 0.8588235 0.8431373 1 0.9490196 0.8588235 0.8431373 1 0.9490196 0.8588235 0.8431373 1 0.9490196 0.8588235 0.8431373 1 0.9490196 0.8588235 0.8431373 1 0.9490196 0.8588235 0.8431373 1 0.9490196 0.8588235 0.8431373 1 0.9490196 0.8588235 0.8431373 1 0.9490196 0.8588235 0.8431373 1 0.9490196 0.8588235 0.8431373 1 0.9490196 0.8588235 0.8431373 1 0.9490196 0.8588235 0.8431373 1 0.9490196 0.8588235 0.8431373 1 0.9490196 0.8588235 0.8431373 1 0.9490196 0.8588235 0.8431373 1 0.9490196 0.8588235 0.8431373 1 0.9490196 0.8588235 0.8431373 1 0.9490196 0.8588235 0.8431373 1 0.9490196 0.8588235 0.8431373 1 0.9490196 0.8588235 0.8431373 1 0.9490196 0.8588235 0.8431373 1 0.9490196 0.8588235 0.8431373 1 0.9490196 0.8588235 0.8431373 1 0.9490196 0.8588235 0.8431373 1 0.9490196 0.8588235 0.8431373 1 0.9490196 0.8588235 0.8431373 1 0.9490196 0.8588235 0.8431373 1 0.9490196 0.8588235 0.8431373 1 0.9490196 0.8588235 0.8431373 1 0.9490196 0.8588235 0.8431373 1 0.9490196 0.8588235 0.8431373 1 0.9490196 0.8588235 0.8431373 1 0.9490196 0.8588235 0.8431373 1 0.9490196 0.8588235 0.8431373 1 0.9490196 0.8588235 0.8431373 1 0.9490196 0.8588235 0.8431373 1 0.9490196 0.8588235 0.8431373 1 0.9490196 0.8588235 0.8431373 1 0.9490196 0.8588235 0.8431373 1 0.9490196 0.8588235 0.8431373 1 0.9490196 0.8588235 0.8431373 1 0.9490196 0.8588235 0.8431373 1 0.9490196 0.8588235 0.8431373 1 0.9490196 0.8588235 0.8431373 1 0.9490196 0.8588235 0.8431373 1 0.9490196 0.8588235 0.8431373 1 0.9490196 0.8588235 0.8431373 1 0.9490196 0.8588235 0.8431373 1 0.9490196 0.8588235 0.8431373 1 0.9490196 0.8588235 0.8431373 1 0.9490196 0.8588235 0.8431373 1 0.9490196 0.8588235 0.8431373 1 0.9490196 0.8588235 0.8431373 1 0.9490196 0.8588235 0.8431373 1 0.9490196 0.8588235 0.8431373 1 0.9490196 0.8588235 0.8431373 1 0.9490196 0.8588235 0.8431373 1 0.9490196 0.8588235 0.8431373 1 0.9490196 0.8588235 0.8431373 1 0.9490196 0.8588235 0.8431373 1 0.9490196 0.8588235 0.8431373 1 0.9490196 0.8588235 0.8431373 1 0.9490196 0.8588235 0.8431373 1 0.9490196 0.8588235 0.8431373 1 0.9490196 0.8588235 0.8431373 1 0.9490196 0.8588235 0.8431373 1 0.9490196 0.8588235 0.8431373 1 0.9490196 0.8588235 0.8431373 1 0.9490196 0.8588235 0.8431373 1 0.9490196 0.8588235 0.8431373 1 0.9490196 0.8588235 0.8431373 1 0.9490196 0.8588235 0.8431373 1 0.9490196 0.8588235 0.8431373 1 0.9490196 0.8588235 0.8431373 1 0.9490196 0.8588235 0.8431373 1 0.9490196 0.8588235 0.8431373 1 0.9490196 0.8588235 0.8431373 1 0.9490196 0.8588235 0.8431373 1 0.9490196 0.8588235 0.8431373 1 0.9490196 0.8588235 0.8431373 1 0.9490196 0.8588235 0.8431373 1 0.9490196 0.8588235 0.8431373 1 0.9490196 0.8588235 0.8431373 1 0.9490196 0.8588235 0.8431373 1 0.9490196 0.8588235 0.8431373 1 0.9490196 0.8588235 0.8431373 1 0.9490196 0.8588235 0.8431373 1 0.9490196 0.8588235 0.8431373 1 0.9490196 0.8588235 0.8431373 1 0.9490196 0.8588235 0.8431373 1 0.9490196 0.8588235 0.8431373 1 0.9490196 0.8588235 0.8431373 1 0.9490196 0.8588235 0.8431373 1 0.9490196 0.8588235 0.8431373 1 0.9490196 0.8588235 0.8431373 1 0.9490196 0.8588235 0.8431373 1 0.9490196 0.8588235 0.8431373 1 0.9490196 0.8588235 0.8431373 1 0.9490196 0.8588235 0.8431373 1 0.9490196 0.8588235 0.8431373 1 0.9490196 0.8588235 0.8431373 1 0.9490196 0.8588235 0.8431373 1 0.9490196 0.8588235 0.8431373 1 0.9490196 0.8588235 0.8431373 1 0.9490196 0.8588235 0.8431373 1 0.9490196 0.8588235 0.8431373 1 0.9490196 0.8588235 0.8431373 1 0.9490196 0.8588235 0.8431373 1 0.9490196 0.8588235 0.8431373 1 0.9490196 0.8588235 0.8431373 1 0.9490196 0.8588235 0.8431373 1 0.9490196 0.8588235 0.8431373 1 0.9490196 0.8588235 0.8431373 1 0.9490196 0.8588235 0.8431373 1 0.9490196 0.8588235 0.8431373 1 0.9490196 0.8588235 0.8431373 1 0.9490196 0.8588235 0.8431373 1 0.9490196 0.8588235 0.8431373 1 0.9490196 0.8588235 0.8431373 1 0.9490196 0.8588235 0.8431373 1 0.9490196 0.8588235 0.8431373 1 0.9490196 0.8588235 0.8431373 1 0.9490196 0.8588235 0.8431373 1 0.9490196 0.8588235 0.8431373 1 0.9490196 0.8588235 0.8431373 1 0.9490196 0.8588235 0.8431373 1 0.9490196 0.8588235 0.8431373 1 0.9490196 0.8588235 0.8431373 1 0.9490196 0.8588235 0.8431373 1 0.9490196 0.8588235 0.8431373 1 0.9490196 0.8588235 0.8431373 1 0.9490196 0.8588235 0.8431373 1 0.9490196 0.8588235 0.8431373 1 0.9490196 0.8588235 0.8431373 1 0.9490196 0.8588235 0.8431373 1 0.9490196 0.8588235 0.8431373 1 0.9490196 0.8588235 0.8431373 1 0.9490196 0.8588235 0.8431373 1 0.9490196 0.8588235 0.8431373 1 0.9490196 0.8588235 0.8431373 1 0.9490196 0.8588235 0.8431373 1 0.9490196 0.8588235 0.8431373 1 0.9490196 0.8588235 0.8431373 1 0.9490196 0.8588235 0.8431373 1 0.9490196 0.8588235 0.8431373 1 0.9490196 0.8588235 0.8431373 1 0.9490196 0.8588235 0.8431373 1 0.9490196 0.8588235 0.8431373 1 0.9490196 0.8588235 0.8431373 1 0.9490196 0.8588235 0.8431373 1 0.9490196 0.8588235 0.8431373 1 0.9490196 0.8588235 0.8431373 1 0.9490196 0.8588235 0.8431373 1 0.9490196 0.8588235 0.8431373 1 0.9490196 0.8588235 0.8431373 1 0.9490196 0.8588235 0.8431373 1 0.9490196 0.8588235 0.8431373 1 0.9490196 0.8588235 0.8431373 1 0.9490196 0.8588235 0.8431373 1 0.9490196 0.8588235 0.8431373 1 0.9490196 0.8588235 0.8431373 1 0.9490196 0.8588235 0.8431373 1 0.9490196 0.8588235 0.8431373 1 0.9490196 0.8588235 0.8431373 1 0.9490196 0.8588235 0.8431373 1 0.9490196 0.8588235 0.8431373 1 0.9490196 0.8588235 0.8431373 1 0.9490196 0.8588235 0.8431373 1 0.9490196 0.8588235 0.8431373 1 0.9490196 0.8588235 0.8431373 1 0.9490196 0.8588235 0.8431373 1 0.9490196 0.8588235 0.8431373 1 0.9490196 0.8588235 0.8431373 1 0.9490196 0.8588235 0.8431373 1 0.9490196 0.8588235 0.8431373 1 0.9490196 0.8588235 0.8431373 1 0.9490196 0.8588235 0.8431373 1 0.9490196 0.8588235 0.8431373 1 0.9490196 0.8588235 0.8431373 1 0.9490196 0.8588235 0.8431373 1 0.9490196 0.8588235 0.8431373 1 0.9490196 0.8588235 0.8431373 1 0.9490196 0.8588235 0.8431373 1 0.9490196 0.8588235 0.8431373 1 0.9490196 0.8588235 0.8431373 1 0.9490196 0.8588235 0.8431373 1 0.9490196 0.8588235 0.8431373 1 0.9490196 0.8588235 0.8431373 1 0.9490196 0.8588235 0.8431373 1 0.9490196 0.8588235 0.8431373 1 0.9490196 0.8588235 0.8431373 1 0.9490196 0.8588235 0.8431373 1 0.9490196 0.8588235 0.8431373 1 0.9490196 0.8588235 0.8431373 1 0.9490196 0.8588235 0.8431373 1 0.9490196 0.8588235 0.8431373 1 0.9490196 0.8588235 0.8431373 1 0.9490196 0.8588235 0.8431373 1 0.9490196 0.8588235 0.8431373 1 0.9490196 0.8588235 0.8431373 1 0.9490196 0.8588235 0.8431373 1 0.9490196 0.8588235 0.8431373 1 0.9490196 0.8588235 0.8431373 1 0.9490196 0.8588235 0.8431373 1 0.9490196 0.8588235 0.8431373 1 0.9490196 0.8588235 0.8431373 1 0.9490196 0.8588235 0.8431373 1 0.9490196 0.8588235 0.8431373 1 0.9490196 0.8588235 0.8431373 1 0.9490196 0.8588235 0.8431373 1 0.9490196 0.8588235 0.8431373 1 0.9490196 0.8588235 0.8431373 1 0.9490196 0.8588235 0.8431373 1 0.9490196 0.8588235 0.8431373 1 0.9490196 0.8588235 0.8431373 1 0.9490196 0.8588235 0.8431373 1 0.9490196 0.8588235 0.8431373 1 0.9490196 0.8588235 0.8431373 1 0.9490196 0.8588235 0.8431373 1 0.9490196 0.8588235 0.8431373 1 0.9490196 0.8588235 0.8431373 1 0.9490196 0.8588235 0.8431373 1 0.9490196 0.8588235 0.8431373 1 0.9490196 0.8588235 0.8431373 1 0.9490196 0.8588235 0.8431373 1 0.9490196 0.8588235 0.8431373 1 0.9490196 0.8588235 0.8431373 1 0.9490196 0.8588235 0.8431373 1 0.9490196 0.8588235 0.8431373 1 0.9490196 0.8588235 0.8431373 1 0.9490196 0.8588235 0.8431373 1 0.9490196 0.8588235 0.8431373 1 0.9490196 0.8588235 0.8431373 1 0.9490196 0.8588235 0.8431373 1 0.9490196 0.8588235 0.8431373 1 0.9490196 0.8588235 0.8431373 1 0.9490196 0.8588235 0.8431373 1 0.9490196 0.8588235 0.8431373 1 0.9490196 0.8588235 0.8431373 1 0.9490196 0.8588235 0.8431373 1 0.9490196 0.8588235 0.8431373 1 0.9490196 0.8588235 0.8431373 1 0.9490196 0.8588235 0.8431373 1 0.9490196 0.8588235 0.8431373 1 0.9490196 0.8588235 0.8431373 1 0.9490196 0.8588235 0.8431373 1 0.9490196 0.8588235 0.8431373 1 0.9490196 0.8588235 0.8431373 1 0.9490196 0.8588235 0.8431373 1 0.9490196 0.8588235 0.8431373 1 0.9490196 0.8588235 0.8431373 1 0.9490196 0.8588235 0.8431373 1 0.9490196 0.8588235 0.8431373 1 0.9490196 0.8588235 0.8431373 1 0.9490196 0.8588235 0.8431373 1 0.9490196 0.8588235 0.8431373 1 0.9490196 0.8588235 0.8431373 1 0.9490196 0.8588235 0.8431373 1 0.9490196 0.8588235 0.8431373 1 0.9490196 0.8588235 0.8431373 1 0.9490196 0.8588235 0.8431373 1 0.9490196 0.8588235 0.8431373 1 0.9490196 0.8588235 0.8431373 1 0.9490196 0.8588235 0.8431373 1 0.9490196 0.8588235 0.8431373 1 0.9490196 0.8588235 0.8431373 1 0.9490196 0.8588235 0.8431373 1 0.9490196 0.8588235 0.8431373 1 0.9490196 0.8588235 0.8431373 1 0.9490196 0.8588235 0.8431373 1 0.9490196 0.8588235 0.8431373 1 0.9490196 0.8588235 0.8431373 1 0.9490196 0.8588235 0.8431373 1 0.9490196 0.8588235 0.8431373 1 0.9490196 0.8588235 0.8431373 1 0.9490196 0.8588235 0.8431373 1 0.9490196 0.8588235 0.8431373 1 0.9490196 0.8588235 0.8431373 1 0.9490196 0.8588235 0.8431373 1 0.9490196 0.8588235 0.8431373 1 0.9490196 0.8588235 0.8431373 1 0.9490196 0.8588235 0.8431373 1 0.9490196 0.8588235 0.8431373 1 0.9490196 0.8588235 0.8431373 1 0.9490196 0.8588235 0.8431373 1 0.9490196 0.8588235 0.8431373 1 0.9490196 0.8588235 0.8431373 1 0.9490196 0.8588235 0.8431373 1 0.9490196 0.8588235 0.8431373 1 0.9490196 0.8588235 0.8431373 1 0.9490196 0.8588235 0.8431373 1 0.9490196 0.8588235 0.8431373 1 0.9490196 0.8588235 0.8431373 1 0.9490196 0.8588235 0.8431373 1 0.9490196 0.8588235 0.8431373 1 0.9490196 0.8588235 0.8431373 1 0.9490196 0.8588235 0.8431373 1 0.9490196 0.8588235 0.8431373 1 0.9490196 0.8588235 0.8431373 1 0.9490196 0.8588235 0.8431373 1 0.9490196 0.8588235 0.8431373 1 0.9490196 0.8588235 0.8431373 1 0.9490196 0.8588235 0.8431373 1 0.9490196 0.8588235 0.8431373 1 0.9490196 0.8588235 0.8431373 1 0.9490196 0.8588235 0.8431373 1 0.9490196 0.8588235 0.8431373 1 0.9490196 0.8588235 0.8431373 1 0.9490196 0.8588235 0.8431373 1 0.9490196 0.8588235 0.8431373 1 0.9490196 0.8588235 0.8431373 1 0.9490196 0.8588235 0.8431373 1 0.9490196 0.8588235 0.8431373 1 0.9490196 0.8588235 0.8431373 1 0.9490196 0.8588235 0.8431373 1 0.9490196 0.8588235 0.8431373 1 0.9490196 0.8588235 0.8431373 1 0.9490196 0.8588235 0.8431373 1 0.9490196 0.8588235 0.8431373 1 0.9490196 0.8588235 0.8431373 1 0.9490196 0.8588235 0.8431373 1 0.9490196 0.8588235 0.8431373 1 0.9490196 0.8588235 0.8431373 1 0.9490196 0.8588235 0.8431373 1 0.9490196 0.8588235 0.8431373 1 0.9490196 0.8588235 0.8431373 1 0.9490196 0.8588235 0.8431373 1 0.9490196 0.8588235 0.8431373 1 0.9490196 0.8588235 0.8431373 1 0.9490196 0.8588235 0.8431373 1 0.9490196 0.8588235 0.8431373 1 0.9490196 0.8588235 0.8431373 1 0.9490196 0.8588235 0.8431373 1 0.9490196 0.8588235 0.8431373 1 0.9490196 0.8588235 0.8431373 1 0.9490196 0.8588235 0.8431373 1 0.9490196 0.8588235 0.8431373 1 0.9490196 0.8588235 0.8431373 1 0.9490196 0.8588235 0.8431373 1 0.9490196 0.8588235 0.8431373 1 0.9490196 0.8588235 0.8431373 1 0.9490196 0.8588235 0.8431373 1 0.9490196 0.8588235 0.8431373 1 0.9490196 0.8588235 0.8431373 1 0.9490196 0.8588235 0.8431373 1 0.9490196 0.8588235 0.8431373 1 0.9490196 0.8588235 0.8431373 1 0.9490196 0.8588235 0.8431373 1 0.9490196 0.8588235 0.8431373 1 0.9490196 0.8588235 0.8431373 1 0.9490196 0.8588235 0.8431373 1 0.9490196 0.8588235 0.8431373 1 0.9490196 0.8588235 0.8431373 1 0.9490196 0.8588235 0.8431373 1 0.9490196 0.8588235 0.8431373 1 0.9490196 0.8588235 0.8431373 1 0.9490196 0.8588235 0.8431373 1 0.9490196 0.8588235 0.8431373 1 0.9490196 0.8588235 0.8431373 1 0.9490196 0.8588235 0.8431373 1 0.9490196 0.8588235 0.8431373 1 0.9490196 0.8588235 0.8431373 1 0.9490196 0.8588235 0.8431373 1 0.9490196 0.8588235 0.8431373 1 0.9490196 0.8588235 0.8431373 1 0.9490196 0.8588235 0.8431373 1 0.9490196 0.8588235 0.8431373 1 0.9490196 0.8588235 0.8431373 1 0.9490196 0.8588235 0.8431373 1 0.9490196 0.8588235 0.8431373 1 0.9490196 0.8588235 0.8431373 1 0.9490196 0.8588235 0.8431373 1 0.9490196 0.8588235 0.8431373 1 0.9490196 0.8588235 0.8431373 1 0.9490196 0.8588235 0.8431373 1 0.9490196 0.8588235 0.8431373 1 0.9490196 0.8588235 0.8431373 1 0.9490196 0.8588235 0.8431373 1 0.9490196 0.8588235 0.8431373 1 0.9490196 0.8588235 0.8431373 1 0.9490196 0.8588235 0.8431373 1 0.9490196 0.8588235 0.8431373 1 0.9490196 0.8588235 0.8431373 1 0.9490196 0.8588235 0.8431373 1 0.9490196 0.8588235 0.8431373 1 0.9490196 0.8588235 0.8431373 1 0.9490196 0.8588235 0.8431373 1 0.9490196 0.8588235 0.8431373 1 0.9490196 0.8588235 0.8431373 1 0.9490196 0.8588235 0.8431373 1 0.9490196 0.8588235 0.8431373 1 0.9490196 0.8588235 0.8431373 1 0.9490196 0.8588235 0.8431373 1 0.9490196 0.8588235 0.8431373 1 0.9490196 0.8588235 0.8431373 1 0.9490196 0.8588235 0.8431373 1 0.9490196 0.8588235 0.8431373 1 0.9490196 0.8588235 0.8431373 1 0.9490196 0.8588235 0.8431373 1 0.9490196 0.8588235 0.8431373 1 0.9490196 0.8588235 0.8431373 1 0.9490196 0.8588235 0.8431373 1 0.9490196 0.8588235 0.8431373 1 0.9490196 0.8588235 0.8431373 1 0.9490196 0.8588235 0.8431373 1 0.9490196 0.8588235 0.8431373 1 0.9490196 0.8588235 0.8431373 1 0.9490196 0.8588235 0.8431373 1 0.9490196 0.8588235 0.8431373 1 0.9490196 0.8588235 0.8431373 1 0.9490196 0.8588235 0.8431373 1 0.9490196 0.8588235 0.8431373 1 0.9490196 0.8588235 0.8431373 1 0.9490196 0.8588235 0.8431373 1 0.9490196 0.8588235 0.8431373 1 0.9490196 0.8588235 0.8431373 1 0.9490196 0.8588235 0.8431373 1 0.9490196 0.8588235 0.8431373 1 0.9490196 0.8588235 0.8431373 1 0.9490196 0.8588235 0.8431373 1 0.9490196 0.8588235 0.8431373 1 0.9490196 0.8588235 0.8431373 1 0.9490196 0.8588235 0.8431373 1 0.9490196 0.8588235 0.8431373 1 0.9490196 0.8588235 0.8431373 1 0.9490196 0.8588235 0.8431373 1 0.9490196 0.8588235 0.8431373 1 0.9490196 0.8588235 0.8431373 1 0.9490196 0.8588235 0.8431373 1 0.9490196 0.8588235 0.8431373 1 0.9490196 0.8588235 0.8431373 1 0.9490196 0.8588235 0.8431373 1 0.9490196 0.8588235 0.8431373 1 0.9490196 0.8588235 0.8431373 1 0.9490196 0.8588235 0.8431373 1 0.9490196 0.8588235 0.8431373 1 0.9490196 0.8588235 0.8431373 1 0.9490196 0.8588235 0.8431373 1 0.9490196 0.8588235 0.8431373 1 0.9490196 0.8588235 0.8431373 1 0.9490196 0.8588235 0.8431373 1 0.9490196 0.8588235 0.8431373 1 0.9490196 0.8588235 0.8431373 1 0.9490196 0.8588235 0.8431373 1 0.9490196 0.8588235 0.8431373 1 0.9490196 0.8588235 0.8431373 1 0.9490196 0.8588235 0.8431373 1 0.9490196 0.8588235 0.8431373 1 0.9490196 0.8588235 0.8431373 1 0.9490196 0.8588235 0.8431373 1 0.9490196 0.8588235 0.8431373 1 0.9490196 0.8588235 0.8431373 1 0.9490196 0.8588235 0.8431373 1 0.9490196 0.8588235 0.8431373 1 0.9490196 0.8588235 0.8431373 1 0.9490196 0.8588235 0.8431373 1 0.9490196 0.8588235 0.8431373 1 0.9490196 0.8588235 0.8431373 1 0.9490196 0.8588235 0.8431373 1 0.9490196 0.8588235 0.8431373 1 0.9490196 0.8588235 0.8431373 1 0.9490196 0.8588235 0.8431373 1 0.9490196 0.8588235 0.8431373 1 0.9490196 0.8588235 0.8431373 1 0.9490196 0.8588235 0.8431373 1 0.9490196 0.8588235 0.8431373 1 0.9490196 0.8588235 0.8431373 1 0.9490196 0.8588235 0.8431373 1 0.9490196 0.8588235 0.8431373 1 0.9490196 0.8588235 0.8431373 1 0.9490196 0.8588235 0.8431373 1 0.9490196 0.8588235 0.8431373 1 0.9490196 0.8588235 0.8431373 1 0.9490196 0.8588235 0.8431373 1 0.9490196 0.8588235 0.8431373 1 0.9490196 0.8588235 0.8431373 1 0.9490196 0.8588235 0.8431373 1 0.9490196 0.8588235 0.8431373 1 0.9490196 0.8588235 0.8431373 1 0.9490196 0.8588235 0.8431373 1 0.9490196 0.8588235 0.8431373 1 0.9490196 0.8588235 0.8431373 1 0.9490196 0.8588235 0.8431373 1 0.9490196 0.8588235 0.8431373 1 0.9490196 0.8588235 0.8431373 1 0.9490196 0.8588235 0.8431373 1 0.9490196 0.8588235 0.8431373 1 0.9490196 0.8588235 0.8431373 1 0.9490196 0.8588235 0.8431373 1 0.9490196 0.8588235 0.8431373 1 0.9490196 0.8588235 0.8431373 1 0.9490196 0.8588235 0.8431373 1 0.9490196 0.8588235 0.8431373 1 0.9490196 0.8588235 0.8431373 1 0.9490196 0.8588235 0.8431373 1 0.9490196 0.8588235 0.8431373 1 0.9490196 0.8588235 0.8431373 1 0.9490196 0.8588235 0.8431373 1 0.9490196 0.8588235 0.8431373 1 0.9490196 0.8588235 0.8431373 1 0.9490196 0.8588235 0.8431373 1 0.9490196 0.8588235 0.8431373 1 0.9490196 0.8588235 0.8431373 1 0.9490196 0.8588235 0.8431373 1 0.9490196 0.8588235 0.8431373 1 0.9490196 0.8588235 0.8431373 1 0.9490196 0.8588235 0.8431373 1 0.9490196 0.8588235 0.8431373 1 0.9490196 0.8588235 0.8431373 1 0.9490196 0.8588235 0.8431373 1 0.9490196 0.8588235 0.8431373 1 0.9490196 0.8588235 0.8431373 1 0.9490196 0.8588235 0.8431373 1 0.9490196 0.8588235 0.8431373 1 0.9490196 0.8588235 0.8431373 1 0.9490196 0.8588235 0.8431373 1 0.9490196 0.8588235 0.8431373 1 0.9490196 0.8588235 0.8431373 1 0.9490196 0.8588235 0.8431373 1 0.9490196 0.8588235 0.8431373 1 0.9490196 0.8588235 0.8431373 1 0.9490196 0.8588235 0.8431373 1 0.9490196 0.8588235 0.8431373 1 0.9490196 0.8588235 0.8431373 1 0.9490196 0.8588235 0.8431373 1 0.9490196 0.8588235 0.8431373 1 0.9490196 0.8588235 0.8431373 1 0.9490196 0.8588235 0.8431373 1 0.9490196 0.8588235 0.8431373 1 0.9490196 0.8588235 0.8431373 1 0.9490196 0.8588235 0.8431373 1 0.9490196 0.8588235 0.8431373 1 0.9490196 0.8588235 0.8431373 1 0.9490196 0.8588235 0.8431373 1 0.9490196 0.8588235 0.8431373 1 0.9490196 0.8588235 0.8431373 1 0.9490196 0.8588235 0.8431373 1 0.9490196 0.8588235 0.8431373 1 0.9490196 0.8588235 0.8431373 1 0.9490196 0.8588235 0.8431373 1 0.9490196 0.8588235 0.8431373 1 0.9490196 0.8588235 0.8431373 1 0.9490196 0.8588235 0.8431373 1 0.9490196 0.8588235 0.8431373 1 0.9490196 0.8588235 0.8431373 1 0.9490196 0.8588235 0.8431373 1 0.9490196 0.8588235 0.8431373 1 0.9490196 0.8588235 0.8431373 1 0.9490196 0.8588235 0.8431373 1 0.9490196 0.8588235 0.8431373 1 0.9490196 0.8588235 0.8431373 1 0.9490196 0.8588235 0.8431373 1 0.9490196 0.8588235 0.8431373 1 0.9490196 0.8588235 0.8431373 1 0.9490196 0.8588235 0.8431373 1 0.9490196 0.8588235 0.8431373 1 0.9490196 0.8588235 0.8431373 1 0.9490196 0.8588235 0.8431373 1 0.9490196 0.8588235 0.8431373 1 0.9490196 0.8588235 0.8431373 1 0.9490196 0.8588235 0.8431373 1 0.9490196 0.8588235 0.8431373 1 0.9490196 0.8588235 0.8431373 1 0.9490196 0.8588235 0.8431373 1 0.9490196 0.8588235 0.8431373 1 0.9490196 0.8588235 0.8431373 1 0.9490196 0.8588235 0.8431373 1 0.9490196 0.8588235 0.8431373 1 0.9490196 0.8588235 0.8431373 1 0.9490196 0.8588235 0.8431373 1 0.9490196 0.8588235 0.8431373 1 0.9490196 0.8588235 0.8431373 1 0.9490196 0.8588235 0.8431373 1 0.9490196 0.8588235 0.8431373 1 0.9490196 0.8588235 0.8431373 1 0.9490196 0.8588235 0.8431373 1 0.9490196 0.8588235 0.8431373 1 0.9490196 0.8588235 0.8431373 1 0.9490196 0.8588235 0.8431373 1 0.9490196 0.8588235 0.8431373 1 0.9490196 0.8588235 0.8431373 1 0.9490196 0.8588235 0.8431373 1 0.9490196 0.8588235 0.8431373 1 0.9490196 0.8588235 0.8431373 1 0.9490196 0.8588235 0.8431373 1 0.9490196 0.8588235 0.8431373 1 0.9490196 0.8588235 0.8431373 1 0.9490196 0.8588235 0.8431373 1 0.9490196 0.8588235 0.8431373 1 0.9490196 0.8588235 0.8431373 1 0.9490196 0.8588235 0.8431373 1 0.9490196 0.8588235 0.8431373 1 0.9490196 0.8588235 0.8431373 1 0.9490196 0.8588235 0.8431373 1 0.9490196 0.8588235 0.8431373 1 0.9490196 0.8588235 0.8431373 1 0.9490196 0.8588235 0.8431373 1 0.9490196 0.8588235 0.8431373 1 0.9490196 0.8588235 0.8431373 1 0.9490196 0.8588235 0.8431373 1 0.9490196 0.8588235 0.8431373 1 0.9490196 0.8588235 0.8431373 1 0.9490196 0.8588235 0.8431373 1 0.9490196 0.8588235 0.8431373 1 0.9490196 0.8588235 0.8431373 1 0.9490196 0.8588235 0.8431373 1 0.9490196 0.8588235 0.8431373 1 0.9490196 0.8588235 0.8431373 1 0.9490196 0.8588235 0.8431373 1 0.9490196 0.8588235 0.8431373 1 0.9490196 0.8588235 0.8431373 1 0.9490196 0.8588235 0.8431373 1 0.9490196 0.8588235 0.8431373 1 0.9490196 0.8588235 0.8431373 1 0.9490196 0.8588235 0.8431373 1 0.9490196 0.8588235 0.8431373 1 0.9490196 0.8588235 0.8431373 1 0.9490196 0.8588235 0.8431373 1 0.9490196 0.8588235 0.8431373 1 0.9490196 0.8588235 0.8431373 1 0.9490196 0.8588235 0.8431373 1 0.9490196 0.8588235 0.8431373 1 0.9490196 0.8588235 0.8431373 1 0.9490196 0.8588235 0.8431373 1 0.9490196 0.8588235 0.8431373 1 0.9490196 0.8588235 0.8431373 1 0.9490196 0.8588235 0.8431373 1 0.9490196 0.8588235 0.8431373 1 0.9490196 0.8588235 0.8431373 1 0.9490196 0.8588235 0.8431373 1 0.9490196 0.8588235 0.8431373 1 0.9490196 0.8588235 0.8431373 1 0.9490196 0.8588235 0.8431373 1 0.9490196 0.8588235 0.8431373 1 0.9490196 0.8588235 0.8431373 1 0.9490196 0.8588235 0.8431373 1 0.9490196 0.8588235 0.8431373 1 0.9490196 0.8588235 0.8431373 1 0.9490196 0.8588235 0.8431373 1 0.9490196 0.8588235 0.8431373 1 0.9490196 0.8588235 0.8431373 1 0.9490196 0.8588235 0.8431373 1 0.9490196 0.8588235 0.8431373 1 0.9490196 0.8588235 0.8431373 1 0.9490196 0.8588235 0.8431373 1 0.9490196 0.8588235 0.8431373 1 0.9490196 0.8588235 0.8431373 1 0.9490196 0.8588235 0.8431373 1 0.9490196 0.8588235 0.8431373 1 0.9490196 0.8588235 0.8431373 1 0.9490196 0.8588235 0.8431373 1 0.9490196 0.8588235 0.8431373 1 0.9490196 0.8588235 0.8431373 1 0.9490196 0.8588235 0.8431373 1 0.9490196 0.8588235 0.8431373 1 0.9490196 0.8588235 0.8431373 1 0.9490196 0.8588235 0.8431373 1 0.9490196 0.8588235 0.8431373 1 0.9490196 0.8588235 0.8431373 1 0.9490196 0.8588235 0.8431373 1 0.9490196 0.8588235 0.8431373 1 0.9490196 0.8588235 0.8431373 1 0.9490196 0.8588235 0.8431373 1 0.9490196 0.8588235 0.8431373 1 0.9490196 0.8588235 0.8431373 1 0.9490196 0.8588235 0.8431373 1 0.9490196 0.8588235 0.8431373 1 0.9490196 0.8588235 0.8431373 1 0.9490196 0.8588235 0.8431373 1 0.9490196 0.8588235 0.8431373 1 0.9490196 0.8588235 0.8431373 1 0.9490196 0.8588235 0.8431373 1 0.9490196 0.8588235 0.8431373 1 0.9490196 0.8588235 0.8431373 1 0.9490196 0.8588235 0.8431373 1 0.9490196 0.8588235 0.8431373 1 0.9490196 0.8588235 0.8431373 1 0.9490196 0.8588235 0.8431373 1 0.9490196 0.8588235 0.8431373 1 0.9490196 0.8588235 0.8431373 1 0.9490196 0.8588235 0.8431373 1 0.9490196 0.8588235 0.8431373 1 0.9490196 0.8588235 0.8431373 1 0.9490196 0.8588235 0.8431373 1 0.9490196 0.8588235 0.8431373 1 0.9490196 0.8588235 0.8431373 1 0.9490196 0.8588235 0.8431373 1 0.9490196 0.8588235 0.8431373 1 0.9490196 0.8588235 0.8431373 1 0.9490196 0.8588235 0.8431373 1 0.9490196 0.8588235 0.8431373 1 0.9490196 0.8588235 0.8431373 1 0.9490196 0.8588235 0.8431373 1 0.9490196 0.8588235 0.8431373 1 0.9490196 0.8588235 0.8431373 1 0.9490196 0.8588235 0.8431373 1 0.9490196 0.8588235 0.8431373 1 0.9490196 0.8588235 0.8431373 1 0.9490196 0.8588235 0.8431373 1 0.9490196 0.8588235 0.8431373 1 0.9490196 0.8588235 0.8431373 1 0.9490196 0.8588235 0.8431373 1 0.9490196 0.8588235 0.8431373 1 0.9490196 0.8588235 0.8431373 1 0.9490196 0.8588235 0.8431373 1 0.9490196 0.8588235 0.8431373 1 0.9490196 0.8588235 0.8431373 1 0.9490196 0.8588235 0.8431373 1 0.9490196 0.8588235 0.8431373 1 0.9490196 0.8588235 0.8431373 1 0.9490196 0.8588235 0.8431373 1 0.9490196 0.8588235 0.8431373 1 0.9490196 0.8588235 0.8431373 1 0.9490196 0.8588235 0.8431373 1 0.9490196 0.8588235 0.8431373 1 0.9490196 0.8588235 0.8431373 1 0.9490196 0.8588235 0.8431373 1 0.9490196 0.8588235 0.8431373 1 0.9490196 0.8588235 0.8431373 1 0.9490196 0.8588235 0.8431373 1 0.9490196 0.8588235 0.8431373 1 0.9490196 0.8588235 0.8431373 1 0.9490196 0.8588235 0.8431373 1 0.9490196 0.8588235 0.8431373 1 0.9490196 0.8588235 0.8431373 1 0.9490196 0.8588235 0.8431373 1 0.9490196 0.8588235 0.8431373 1 0.9490196 0.8588235 0.8431373 1 0.9490196 0.8588235 0.8431373 1 0.9490196 0.8588235 0.8431373 1 0.9490196 0.8588235 0.8431373 1 0.9490196 0.8588235 0.8431373 1 0.9490196 0.8588235 0.8431373 1 0.9490196 0.8588235 0.8431373 1 0.9490196 0.8588235 0.8431373 1 0.9490196 0.8588235 0.8431373 1 0.9490196 0.8588235 0.8431373 1 0.9490196 0.8588235 0.8431373 1 0.9490196 0.8588235 0.8431373 1 0.9490196 0.8588235 0.8431373 1 0.9490196 0.8588235 0.8431373 1 0.9490196 0.8588235 0.8431373 1 0.9490196 0.8588235 0.8431373 1 0.9490196 0.8588235 0.8431373 1 0.9490196 0.8588235 0.8431373 1 0.9490196 0.8588235 0.8431373 1 0.9490196 0.8588235 0.8431373 1 0.9490196 0.8588235 0.8431373 1 0.9490196 0.8588235 0.8431373 1 0.9490196 0.8588235 0.8431373 1 0.9490196 0.8588235 0.8431373 1 0.9490196 0.8588235 0.8431373 1 0.9490196 0.8588235 0.8431373 1 0.9490196 0.8588235 0.8431373 1 0.9490196 0.8588235 0.8431373 1 0.9490196 0.8588235 0.8431373 1 0.9490196 0.8588235 0.8431373 1 0.9490196 0.8588235 0.8431373 1 0.9490196 0.8588235 0.8431373 1 0.9490196 0.8588235 0.8431373 1 0.9490196 0.8588235 0.8431373 1 0.9490196 0.8588235 0.8431373 1 0.9490196 0.8588235 0.8431373 1 0.9490196 0.8588235 0.8431373 1 0.9490196 0.8588235 0.8431373 1 0.9490196 0.8588235 0.8431373 1 0.9490196 0.8588235 0.8431373 1 0.9490196 0.8588235 0.8431373 1 0.9490196 0.8588235 0.8431373 1 0.9490196 0.8588235 0.8431373 1 0.9490196 0.8588235 0.8431373 1 0.9490196 0.8588235 0.8431373 1 0.9490196 0.8588235 0.8431373 1 0.9490196 0.8588235 0.8431373 1 0.9490196 0.8588235 0.8431373 1 0.9490196 0.8588235 0.8431373 1 0.9490196 0.8588235 0.8431373 1 0.9490196 0.8588235 0.8431373 1 0.9490196 0.8588235 0.8431373 1 0.9490196 0.8588235 0.8431373 1 0.9490196 0.8588235 0.8431373 1 0.9490196 0.8588235 0.8431373 1 0.9490196 0.8588235 0.8431373 1 0.9490196 0.8588235 0.8431373 1 0.9490196 0.8588235 0.8431373 1 0.9490196 0.8588235 0.8431373 1 0.9490196 0.8588235 0.8431373 1 0.9490196 0.8588235 0.8431373 1 0.9490196 0.8588235 0.8431373 1 0.9490196 0.8588235 0.8431373 1 0.9490196 0.8588235 0.8431373 1 0.9490196 0.8588235 0.8431373 1 0.9490196 0.8588235 0.8431373 1 0.9490196 0.8588235 0.8431373 1 0.9490196 0.8588235 0.8431373 1 0.9490196 0.8588235 0.8431373 1 0.9490196 0.8588235 0.8431373 1 0.9490196 0.8588235 0.8431373 1 0.9490196 0.8588235 0.8431373 1 0.9490196 0.8588235 0.8431373 1 0.9490196 0.8588235 0.8431373 1 0.9490196 0.8588235 0.8431373 1 0.9490196 0.8588235 0.8431373 1 0.9490196 0.8588235 0.8431373 1 0.9490196 0.8588235 0.8431373 1 0.9490196 0.8588235 0.8431373 1 0.9490196 0.8588235 0.8431373 1 0.9490196 0.8588235 0.8431373 1 0.9490196 0.8588235 0.8431373 1 0.9490196 0.8588235 0.8431373 1 0.9490196 0.8588235 0.8431373 1 0.9490196 0.8588235 0.8431373 1 0.9490196 0.8588235 0.8431373 1 0.9490196 0.8588235 0.8431373 1 0.9490196 0.8588235 0.8431373 1 0.9490196 0.8588235 0.8431373 1 0.9490196 0.8588235 0.8431373 1 0.9490196 0.8588235 0.8431373 1 0.9490196 0.8588235 0.8431373 1 0.9490196 0.8588235 0.8431373 1 0.9490196 0.8588235 0.8431373 1 0.9490196 0.8588235 0.8431373 1 0.9490196 0.8588235 0.8431373 1 0.9490196 0.8588235 0.8431373 1 0.9490196 0.8588235 0.8431373 1 0.9490196 0.8588235 0.8431373 1 0.9490196 0.8588235 0.8431373 1 0.9490196 0.8588235 0.8431373 1 0.9490196 0.8588235 0.8431373 1 0.9490196 0.8588235 0.8431373 1 0.9490196 0.8588235 0.8431373 1 0.9490196 0.8588235 0.8431373 1 0.9490196 0.8588235 0.8431373 1 0.9490196 0.8588235 0.8431373 1 0.9490196 0.8588235 0.8431373 1 0.9490196 0.8588235 0.8431373 1 0.9490196 0.8588235 0.8431373 1 0.9490196 0.8588235 0.8431373 1 0.9490196 0.8588235 0.8431373 1 0.9490196 0.8588235 0.8431373 1 0.9490196 0.8588235 0.8431373 1 0.9490196 0.8588235 0.8431373 1 0.9490196 0.8588235 0.8431373 1 0.9490196 0.8588235 0.8431373 1 0.9490196 0.8588235 0.8431373 1 0.9490196 0.8588235 0.8431373 1 0.9490196 0.8588235 0.8431373 1 0.9490196 0.8588235 0.8431373 1 0.9490196 0.8588235 0.8431373 1 0.9490196 0.8588235 0.8431373 1 0.9490196 0.8588235 0.8431373 1 0.9490196 0.8588235 0.8431373 1 0.9490196 0.8588235 0.8431373 1 0.9490196 0.8588235 0.8431373 1 0.9490196 0.8588235 0.8431373 1 0.9490196 0.8588235 0.8431373 1 0.9490196 0.8588235 0.8431373 1 0.9490196 0.8588235 0.8431373 1 0.9490196 0.8588235 0.8431373 1 0.9490196 0.8588235 0.8431373 1 0.9490196 0.8588235 0.8431373 1 0.9490196 0.8588235 0.8431373 1 0.9490196 0.8588235 0.8431373 1 0.9490196 0.8588235 0.8431373 1 0.9490196 0.8588235 0.8431373 1 0.9490196 0.8588235 0.8431373 1 0.9490196 0.8588235 0.8431373 1 0.9490196 0.8588235 0.8431373 1 0.9490196 0.8588235 0.8431373 1 0.9490196 0.8588235 0.8431373 1 0.9490196 0.8588235 0.8431373 1 0.9490196 0.8588235 0.8431373 1 0.9490196 0.8588235 0.8431373 1 0.9490196 0.8588235 0.8431373 1 0.9490196 0.8588235 0.8431373 1 0.9490196 0.8588235 0.8431373 1 0.9490196 0.8588235 0.8431373 1 0.9490196 0.8588235 0.8431373 1 0.9490196 0.8588235 0.8431373 1 0.9490196 0.8588235 0.8431373 1 0.9490196 0.8588235 0.8431373 1 0.9490196 0.8588235 0.8431373 1 0.9490196 0.8588235 0.8431373 1 0.9490196 0.8588235 0.8431373 1 0.9490196 0.8588235 0.8431373 1 0.9490196 0.8588235 0.8431373 1 0.9490196 0.8588235 0.8431373 1 0.9490196 0.8588235 0.8431373 1 0.9490196 0.8588235 0.8431373 1 0.9490196 0.8588235 0.8431373 1 0.9490196 0.8588235 0.8431373 1 0.9490196 0.8588235 0.8431373 1 0.9490196 0.8588235 0.8431373 1 0.9490196 0.8588235 0.8431373 1 0.9490196 0.8588235 0.8431373 1 0.9490196 0.8588235 0.8431373 1 0.9490196 0.8588235 0.8431373 1 0.9490196 0.8588235 0.8431373 1 0.9490196 0.8588235 0.8431373 1 0.9490196 0.8588235 0.8431373 1 0.9490196 0.8588235 0.8431373 1 0.9490196 0.8588235 0.8431373 1 0.9490196 0.8588235 0.8431373 1 0.9490196 0.8588235 0.8431373 1 0.9490196 0.8588235 0.8431373 1 0.9490196 0.8588235 0.8431373 1 0.9490196 0.8588235 0.8431373 1 0.9490196 0.8588235 0.8431373 1 0.9490196 0.8588235 0.8431373 1 0.9490196 0.8588235 0.8431373 1 0.9490196 0.8588235 0.8431373 1 0.9490196 0.8588235 0.8431373 1 0.9490196 0.8588235 0.8431373 1 0.9490196 0.8588235 0.8431373 1 0.9490196 0.8588235 0.8431373 1 0.9490196 0.8588235 0.8431373 1 0.9490196 0.8588235 0.8431373 1 0.9490196 0.8588235 0.8431373 1 0.9490196 0.8588235 0.8431373 1 0.9490196 0.8588235 0.8431373 1 0.9490196 0.8588235 0.8431373 1 0.9490196 0.8588235 0.8431373 1 0.9490196 0.8588235 0.8431373 1 0.9490196 0.8588235 0.8431373 1 0.9490196 0.8588235 0.8431373 1 0.9490196 0.8588235 0.8431373 1 0.9490196 0.8588235 0.8431373 1 0.9490196 0.8588235 0.8431373 1 0.9490196 0.8588235 0.8431373 1 0.9490196 0.8588235 0.8431373 1 0.9490196 0.8588235 0.8431373 1 0.9490196 0.8588235 0.8431373 1 0.9490196 0.8588235 0.8431373 1 0.9490196 0.8588235 0.8431373 1 0.9490196 0.8588235 0.8431373 1 0.9490196 0.8588235 0.8431373 1 0.9490196 0.8588235 0.8431373 1 0.9490196 0.8588235 0.8431373 1 0.9490196 0.8588235 0.8431373 1 0.9490196 0.8588235 0.8431373 1 0.9490196 0.8588235 0.8431373 1 0.9490196 0.8588235 0.8431373 1 0.9490196 0.8588235 0.8431373 1 0.9490196 0.8588235 0.8431373 1 0.9490196 0.8588235 0.8431373 1 0.9490196 0.8588235 0.8431373 1 0.9490196 0.8588235 0.8431373 1 0.9490196 0.8588235 0.8431373 1 0.9490196 0.8588235 0.8431373 1 0.9490196 0.8588235 0.8431373 1 0.9490196 0.8588235 0.8431373 1 0.9490196 0.8588235 0.8431373 1 0.9490196 0.8588235 0.8431373 1 0.9490196 0.8588235 0.8431373 1 0.9490196 0.8588235 0.8431373 1 0.9490196 0.8588235 0.8431373 1 0.9490196 0.8588235 0.8431373 1 0.9490196 0.8588235 0.8431373 1 0.9490196 0.8588235 0.8431373 1 0.9490196 0.8588235 0.8431373 1 0.9490196 0.8588235 0.8431373 1 0.9490196 0.8588235 0.8431373 1 0.9490196 0.8588235 0.8431373 1 0.9490196 0.8588235 0.8431373 1 0.9490196 0.8588235 0.8431373 1 0.9490196 0.8588235 0.8431373 1 0.9490196 0.8588235 0.8431373 1 0.9490196 0.8588235 0.8431373 1 0.9490196 0.8588235 0.8431373 1 0.9490196 0.8588235 0.8431373 1 0.9490196 0.8588235 0.8431373 1 0.9490196 0.8588235 0.8431373 1 0.9490196 0.8588235 0.8431373 1 0.9490196 0.8588235 0.8431373 1 0.9490196 0.8588235 0.8431373 1 0.9490196 0.8588235 0.8431373 1 0.9490196 0.8588235 0.8431373 1 0.9490196 0.8588235 0.8431373 1 0.9490196 0.8588235 0.8431373 1 0.9490196 0.8588235 0.8431373 1 0.9490196 0.8588235 0.8431373 1 0.9490196 0.8588235 0.8431373 1 0.9490196 0.8588235 0.8431373 1 0.9490196 0.8588235 0.8431373 1 0.9490196 0.8588235 0.8431373 1 0.9490196 0.8588235 0.8431373 1 0.9490196 0.8588235 0.8431373 1 0.9490196 0.8588235 0.8431373 1 0.9490196 0.8588235 0.8431373 1 0.9490196 0.8588235 0.8431373 1 0.9490196 0.8588235 0.8431373 1 0.9490196 0.8588235 0.8431373 1 0.9490196 0.8588235 0.8431373 1 0.9490196 0.8588235 0.8431373 1 0.9490196 0.8588235 0.8431373 1 0.9490196 0.8588235 0.8431373 1 0.9490196 0.8588235 0.8431373 1 0.9490196 0.8588235 0.8431373 1 0.9490196 0.8588235 0.8431373 1 0.9490196 0.8588235 0.8431373 1 0.9490196 0.8588235 0.8431373 1 0.9490196 0.8588235 0.8431373 1 0.9490196 0.8588235 0.8431373 1 0.9490196 0.8588235 0.8431373 1 0.9490196 0.8588235 0.8431373 1 0.9490196 0.8588235 0.8431373 1 0.9490196 0.8588235 0.8431373 1 0.9490196 0.8588235 0.8431373 1 0.9490196 0.8588235 0.8431373 1 0.9490196 0.8588235 0.8431373 1 0.9490196 0.8588235 0.8431373 1 0.9490196 0.8588235 0.8431373 1 0.9490196 0.8588235 0.8431373 1 0.9490196 0.8588235 0.8431373 1 0.9490196 0.8588235 0.8431373 1 0.9490196 0.8588235 0.8431373 1 0.9490196 0.8588235 0.8431373 1 0.9490196 0.8588235 0.8431373 1 0.9490196 0.8588235 0.8431373 1 0.9490196 0.8588235 0.8431373 1 0.9490196 0.8588235 0.8431373 1 0.9490196 0.8588235 0.8431373 1 0.9490196 0.8588235 0.8431373 1 0.9490196 0.8588235 0.8431373 1 0.9490196 0.8588235 0.8431373 1 0.9490196 0.8588235 0.8431373 1 0.9490196 0.8588235 0.8431373 1 0.9490196 0.8588235 0.8431373 1 0.9490196 0.8588235 0.8431373 1 0.9490196 0.8588235 0.8431373 1 0.9490196 0.8588235 0.8431373 1 0.9490196 0.8588235 0.8431373 1 0.9490196 0.8588235 0.8431373 1 0.9490196 0.8588235 0.8431373 1 0.9490196 0.8588235 0.8431373 1 0.9490196 0.8588235 0.8431373 1 0.9490196 0.8588235 0.8431373 1 0.9490196 0.8588235 0.8431373 1 0.9490196 0.8588235 0.8431373 1 0.9490196 0.8588235 0.8431373 1 0.9490196 0.8588235 0.8431373 1 0.9490196 0.8588235 0.8431373 1 0.9490196 0.8588235 0.8431373 1 0.9490196 0.8588235 0.8431373 1 0.9490196 0.8588235 0.8431373 1 0.9490196 0.8588235 0.8431373 1 0.9490196 0.8588235 0.8431373 1 0.9490196 0.8588235 0.8431373 1 0.9490196 0.8588235 0.8431373 1 0.9490196 0.8588235 0.8431373 1 0.9490196 0.8588235 0.8431373 1 0.9490196 0.8588235 0.8431373 1 0.9490196 0.8588235 0.8431373 1 0.9490196 0.8588235 0.8431373 1 0.9490196 0.8588235 0.8431373 1 0.9490196 0.8588235 0.8431373 1 0.9490196 0.8588235 0.8431373 1 0.9490196 0.8588235 0.8431373 1 0.9490196 0.8588235 0.8431373 1 0.9490196 0.8588235 0.8431373 1 0.9490196 0.8588235 0.8431373 1 0.9490196 0.8588235 0.8431373 1 0.9490196 0.8588235 0.8431373 1 0.9490196 0.8588235 0.8431373 1 0.9490196 0.8588235 0.8431373 1 0.9490196 0.8588235 0.8431373 1 0.9490196 0.8588235 0.8431373 1 0.9490196 0.8588235 0.8431373 1 0.9490196 0.8588235 0.8431373 1 0.9490196 0.8588235 0.8431373 1 0.9490196 0.8588235 0.8431373 1 0.9490196 0.8588235 0.8431373 1 0.9490196 0.8588235 0.8431373 1 0.9490196 0.8588235 0.8431373 1 0.9490196 0.8588235 0.8431373 1 0.9490196 0.8588235 0.8431373 1 0.9490196 0.8588235 0.8431373 1 0.9490196 0.8588235 0.8431373 1 0.9490196 0.8588235 0.8431373 1 0.9490196 0.8588235 0.8431373 1 0.9490196 0.8588235 0.8431373 1 0.9490196 0.8588235 0.8431373 1 0.9490196 0.8588235 0.8431373 1 0.9490196 0.8588235 0.8431373 1 0.9490196 0.8588235 0.8431373 1 0.9490196 0.8588235 0.8431373 1 0.9490196 0.8588235 0.8431373 1 0.9490196 0.8588235 0.8431373 1 0.9490196 0.8588235 0.8431373 1 0.9490196 0.8588235 0.8431373 1 0.9490196 0.8588235 0.8431373 1 0.9490196 0.8588235 0.8431373 1 0.9490196 0.8588235 0.8431373 1 0.9490196 0.8588235 0.8431373 1 0.9490196 0.8588235 0.8431373 1 0.9490196 0.8588235 0.8431373 1 0.9490196 0.8588235 0.8431373 1 0.9490196 0.8588235 0.8431373 1 0.9490196 0.8588235 0.8431373 1 0.9490196 0.8588235 0.8431373 1 0.9490196 0.8588235 0.8431373 1 0.9490196 0.8588235 0.8431373 1 0.9490196 0.8588235 0.8431373 1 0.9490196 0.8588235 0.8431373 1 0.9490196 0.8588235 0.8431373 1 0.9490196 0.8588235 0.8431373 1 0.9490196 0.8588235 0.8431373 1 0.9490196 0.8588235 0.8431373 1 0.9490196 0.8588235 0.8431373 1 0.9490196 0.8588235 0.8431373 1 0.9490196 0.8588235 0.8431373 1 0.9490196 0.8588235 0.8431373 1 0.9490196 0.8588235 0.8431373 1 0.9490196 0.8588235 0.8431373 1 0.9490196 0.8588235 0.8431373 1 0.9490196 0.8588235 0.8431373 1 0.9490196 0.8588235 0.8431373 1 0.9490196 0.8588235 0.8431373 1 0.9490196 0.8588235 0.8431373 1 0.9490196 0.8588235 0.8431373 1 0.9490196 0.8588235 0.8431373 1 0.9490196 0.8588235 0.8431373 1 0.9490196 0.8588235 0.8431373 1 0.9490196 0.8588235 0.8431373 1 0.9490196 0.8588235 0.8431373 1 0.9490196 0.8588235 0.8431373 1 0.9490196 0.8588235 0.8431373 1 0.9490196 0.8588235 0.8431373 1 0.9490196 0.8588235 0.8431373 1 0.9490196 0.8588235 0.8431373 1 0.9490196 0.8588235 0.8431373 1 0.9490196 0.8588235 0.8431373 1 0.9490196 0.8588235 0.8431373 1 0.9490196 0.8588235 0.8431373 1 0.9490196 0.8588235 0.8431373 1 0.9490196 0.8588235 0.8431373 1 0.9490196 0.8588235 0.8431373 1 0.9490196 0.8588235 0.8431373 1 0.9490196 0.8588235 0.8431373 1 0.9490196 0.8588235 0.8431373 1 0.9490196 0.8588235 0.8431373 1 0.9490196 0.8588235 0.8431373 1 0.9490196 0.8588235 0.8431373 1 0.9490196 0.8588235 0.8431373 1 0.9490196 0.8588235 0.8431373 1 0.9490196 0.8588235 0.8431373 1 0.9490196 0.8588235 0.8431373 1 0.9490196 0.8588235 0.8431373 1 0.9490196 0.8588235 0.8431373 1 0.9490196 0.8588235 0.8431373 1 0.9490196 0.8588235 0.8431373 1 0.9490196 0.8588235 0.8431373 1 0.9490196 0.8588235 0.8431373 1 0.9490196 0.8588235 0.8431373 1 0.9490196 0.8588235 0.8431373 1 0.9490196 0.8588235 0.8431373 1 0.9490196 0.8588235 0.8431373 1 0.9490196 0.8588235 0.8431373 1 0.9490196 0.8588235 0.8431373 1 0.9490196 0.8588235 0.8431373 1 0.9490196 0.8588235 0.8431373 1 0.9490196 0.8588235 0.8431373 1 0.9490196 0.8588235 0.8431373 1 0.9490196 0.8588235 0.8431373 1 0.9490196 0.8588235 0.8431373 1 0.9490196 0.8588235 0.8431373 1 0.9490196 0.8588235 0.8431373 1 0.9490196 0.8588235 0.8431373 1 0.9490196 0.8588235 0.8431373 1 0.9490196 0.8588235 0.8431373 1 0.9490196 0.8588235 0.8431373 1 0.9490196 0.8588235 0.8431373 1 0.9490196 0.8588235 0.8431373 1 0.9490196 0.8588235 0.8431373 1 0.9490196 0.8588235 0.8431373 1 0.9490196 0.8588235 0.8431373 1 0.9490196 0.8588235 0.8431373 1 0.9490196 0.8588235 0.8431373 1 0.9490196 0.8588235 0.8431373 1 0.9490196 0.8588235 0.8431373 1 0.9490196 0.8588235 0.8431373 1 0.9490196 0.8588235 0.8431373 1 0.9490196 0.8588235 0.8431373 1 0.9490196 0.8588235 0.8431373 1 0.9490196 0.8588235 0.8431373 1 0.9490196 0.8588235 0.8431373 1 0.9490196 0.8588235 0.8431373 1 0.9490196 0.8588235 0.8431373 1 0.9490196 0.8588235 0.8431373 1 0.9490196 0.8588235 0.8431373 1 0.9490196 0.8588235 0.8431373 1 0.9490196 0.8588235 0.8431373 1 0.9490196 0.8588235 0.8431373 1 0.9490196 0.8588235 0.8431373 1 0.9490196 0.8588235 0.8431373 1 0.9490196 0.8588235 0.8431373 1 0.9490196 0.8588235 0.8431373 1 0.9490196 0.8588235 0.8431373 1 0.9490196 0.8588235 0.8431373 1 0.9490196 0.8588235 0.8431373 1 0.9490196 0.8588235 0.8431373 1 0.9490196 0.8588235 0.8431373 1 0.9490196 0.8588235 0.8431373 1 0.9490196 0.8588235 0.8431373 1 0.9490196 0.8588235 0.8431373 1 0.9490196 0.8588235 0.8431373 1 0.9490196 0.8588235 0.8431373 1 0.9490196 0.8588235 0.8431373 1 0.9490196 0.8588235 0.8431373 1 0.9490196 0.8588235 0.8431373 1 0.9490196 0.8588235 0.8431373 1 0.9490196 0.8588235 0.8431373 1 0.9490196 0.8588235 0.8431373 1 0.9490196 0.8588235 0.8431373 1 0.9490196 0.8588235 0.8431373 1 0.9490196 0.8588235 0.8431373 1 0.9490196 0.8588235 0.8431373 1 0.9490196 0.8588235 0.8431373 1 0.9490196 0.8588235 0.8431373 1 0.9490196 0.8588235 0.8431373 1 0.9490196 0.8588235 0.8431373 1 0.9490196 0.8588235 0.8431373 1 0.9490196 0.8588235 0.8431373 1 0.9490196 0.8588235 0.8431373 1 0.9490196 0.8588235 0.8431373 1 0.9490196 0.8588235 0.8431373 1 0.9490196 0.8588235 0.8431373 1 0.9490196 0.8588235 0.8431373 1 0.9490196 0.8588235 0.8431373 1 0.9490196 0.8588235 0.8431373 1 0.9490196 0.8588235 0.8431373 1 0.9490196 0.8588235 0.8431373 1 0.9490196 0.8588235 0.8431373 1 0.9490196 0.8588235 0.8431373 1 0.9490196 0.8588235 0.8431373 1 0.9490196 0.8588235 0.8431373 1 0.9490196 0.8588235 0.8431373 1 0.9490196 0.8588235 0.8431373 1 0.9490196 0.8588235 0.8431373 1 0.9490196 0.8588235 0.8431373 1 0.9490196 0.8588235 0.8431373 1 0.9490196 0.8588235 0.8431373 1 0.9490196 0.8588235 0.8431373 1 0.9490196 0.8588235 0.8431373 1 0.9490196 0.8588235 0.8431373 1 0.9490196 0.8588235 0.8431373 1 0.9490196 0.8588235 0.8431373 1 0.9490196 0.8588235 0.8431373 1 0.9490196 0.8588235 0.8431373 1 0.9490196 0.8588235 0.8431373 1 0.9490196 0.8588235 0.8431373 1 0.9490196 0.8588235 0.8431373 1 0.9490196 0.8588235 0.8431373 1 0.9490196 0.8588235 0.8431373 1 0.9490196 0.8588235 0.8431373 1 0.9490196 0.8588235 0.8431373 1 0.9490196 0.8588235 0.8431373 1 0.9490196 0.8588235 0.8431373 1 0.9490196 0.8588235 0.8431373 1 0.9490196 0.8588235 0.8431373 1 0.9490196 0.8588235 0.8431373 1 0.9490196 0.8588235 0.8431373 1 0.9490196 0.8588235 0.8431373 1 0.9490196 0.8588235 0.8431373 1 0.9490196 0.8588235 0.8431373 1 0.9490196 0.8588235 0.8431373 1 0.9490196 0.8588235 0.8431373 1 0.9490196 0.8588235 0.8431373 1 0.9490196 0.8588235 0.8431373 1 0.9490196 0.8588235 0.8431373 1 0.9490196 0.8588235 0.8431373 1 0.9490196 0.8588235 0.8431373 1 0.9490196 0.8588235 0.8431373 1 0.9490196 0.8588235 0.8431373 1 0.9490196 0.8588235 0.8431373 1 0.9490196 0.8588235 0.8431373 1 0.9490196 0.8588235 0.8431373 1 0.9490196 0.8588235 0.8431373 1 0.9490196 0.8588235 0.8431373 1 0.9490196 0.8588235 0.8431373 1 0.9490196 0.8588235 0.8431373 1 0.9490196 0.8588235 0.8431373 1 0.9490196 0.8588235 0.8431373 1 0.9490196 0.8588235 0.8431373 1 0.9490196 0.8588235 0.8431373 1 0.9490196 0.8588235 0.8431373 1 0.9490196 0.8588235 0.8431373 1 0.9490196 0.8588235 0.8431373 1 0.9490196 0.8588235 0.8431373 1 0.9490196 0.8588235 0.8431373 1 0.9490196 0.8588235 0.8431373 1 0.9490196 0.8588235 0.8431373 1 0.9490196 0.8588235 0.8431373 1 0.9490196 0.8588235 0.8431373 1 0.9490196 0.8588235 0.8431373 1 0.9490196 0.8588235 0.8431373 1 0.9490196 0.8588235 0.8431373 1 0.9490196 0.8588235 0.8431373 1 0.9490196 0.8588235 0.8431373 1 0.9490196 0.8588235 0.8431373 1 0.9490196 0.8588235 0.8431373 1 0.9490196 0.8588235 0.8431373 1 0.9490196 0.8588235 0.8431373 1 0.9490196 0.8588235 0.8431373 1 0.9490196 0.8588235 0.8431373 1 0.9490196 0.8588235 0.8431373 1 0.9490196 0.8588235 0.8431373 1 0.9490196 0.8588235 0.8431373 1 0.9490196 0.8588235 0.8431373 1 0.9490196 0.8588235 0.8431373 1 0.9490196 0.8588235 0.8431373 1 0.9490196 0.8588235 0.8431373 1 0.9490196 0.8588235 0.8431373 1 0.9490196 0.8588235 0.8431373 1 0.9490196 0.8588235 0.8431373 1 0.9490196 0.8588235 0.8431373 1 0.9490196 0.8588235 0.8431373 1 0.9490196 0.8588235 0.8431373 1 0.9490196 0.8588235 0.8431373 1 0.9490196 0.8588235 0.8431373 1 0.9490196 0.8588235 0.8431373 1 0.9490196 0.8588235 0.8431373 1 0.9490196 0.8588235 0.8431373 1 0.9490196 0.8588235 0.8431373 1 0.9490196 0.8588235 0.8431373 1 0.9490196 0.8588235 0.8431373 1 0.9490196 0.8588235 0.8431373 1 0.9490196 0.8588235 0.8431373 1 0.9490196 0.8588235 0.8431373 1 0.9490196 0.8588235 0.8431373 1 0.9490196 0.8588235 0.8431373 1 0.9490196 0.8588235 0.8431373 1 0.9490196 0.8588235 0.8431373 1 0.9490196 0.8588235 0.8431373 1 0.9490196 0.8588235 0.8431373 1 0.9490196 0.8588235 0.8431373 1 0.9490196 0.8588235 0.8431373 1 0.9490196 0.8588235 0.8431373 1 0.9490196 0.8588235 0.8431373 1 0.9490196 0.8588235 0.8431373 1 0.9490196 0.8588235 0.8431373 1 0.9490196 0.8588235 0.8431373 1 0.9490196 0.8588235 0.8431373 1 0.9490196 0.8588235 0.8431373 1 0.9490196 0.8588235 0.8431373 1 0.9490196 0.8588235 0.8431373 1 0.9490196 0.8588235 0.8431373 1 0.9490196 0.8588235 0.8431373 1 0.9490196 0.8588235 0.8431373 1 0.9490196 0.8588235 0.8431373 1 0.9490196 0.8588235 0.8431373 1 0.9490196 0.8588235 0.8431373 1 0.9490196 0.8588235 0.8431373 1 0.9490196 0.8588235 0.8431373 1 0.9490196 0.8588235 0.8431373 1 0.9490196 0.8588235 0.8431373 1 0.9490196 0.8588235 0.8431373 1 0.9490196 0.8588235 0.8431373 1 0.9490196 0.8588235 0.8431373 1 0.9490196 0.8588235 0.8431373 1 0.9490196 0.8588235 0.8431373 1 0.9490196 0.8588235 0.8431373 1 0.9490196 0.8588235 0.8431373 1 0.9490196 0.8588235 0.8431373 1 0.9490196 0.8588235 0.8431373 1 0.9490196 0.8588235 0.8431373 1 0.9490196 0.8588235 0.8431373 1 0.9490196 0.8588235 0.8431373 1 0.9490196 0.8588235 0.8431373 1 0.9490196 0.8588235 0.8431373 1 0.9490196 0.8588235 0.8431373 1 0.9490196 0.8588235 0.8431373 1 0.9490196 0.8588235 0.8431373 1 0.9490196 0.8588235 0.8431373 1 0.9490196 0.8588235 0.8431373 1 0.9490196 0.8588235 0.8431373 1 0.9490196 0.8588235 0.8431373 1 0.9490196 0.8588235 0.8431373 1 0.9490196 0.8588235 0.8431373 1 0.9490196 0.8588235 0.8431373 1 0.9490196 0.8588235 0.8431373 1 0.9490196 0.8588235 0.8431373 1 0.9490196 0.8588235 0.8431373 1 0.9490196 0.8588235 0.8431373 1 0.9490196 0.8588235 0.8431373 1 0.9490196 0.8588235 0.8431373 1 0.9490196 0.8588235 0.8431373 1 0.9490196 0.8588235 0.8431373 1 0.9490196 0.8588235 0.8431373 1 0.9490196 0.8588235 0.8431373 1 0.9490196 0.8588235 0.8431373 1 0.9490196 0.8588235 0.8431373 1 0.9490196 0.8588235 0.8431373 1 0.9490196 0.8588235 0.8431373 1 0.9490196 0.8588235 0.8431373 1 0.9490196 0.8588235 0.8431373 1 0.9490196 0.8588235 0.8431373 1 0.9490196 0.8588235 0.8431373 1 0.9490196 0.8588235 0.8431373 1 0.9490196 0.8588235 0.8431373 1 0.9490196 0.8588235 0.8431373 1 0.9490196 0.8588235 0.8431373 1 0.9490196 0.8588235 0.8431373 1 0.9490196 0.8588235 0.8431373 1 0.9490196 0.8588235 0.8431373 1 0.9490196 0.8588235 0.8431373 1 0.9490196 0.8588235 0.8431373 1 0.9490196 0.8588235 0.8431373 1 0.9490196 0.8588235 0.8431373 1 0.9490196 0.8588235 0.8431373 1 0.9490196 0.8588235 0.8431373 1 0.9490196 0.8588235 0.8431373 1 0.9490196 0.8588235 0.8431373 1 0.9490196 0.8588235 0.8431373 1 0.9490196 0.8588235 0.8431373 1 0.9490196 0.8588235 0.8431373 1 0.9490196 0.8588235 0.8431373 1 0.9490196 0.8588235 0.8431373 1 0.9490196 0.8588235 0.8431373 1 0.9490196 0.8588235 0.8431373 1 0.9490196 0.8588235 0.8431373 1 0.9490196 0.8588235 0.8431373 1 0.9490196 0.8588235 0.8431373 1 0.9490196 0.8588235 0.8431373 1 0.9490196 0.8588235 0.8431373 1 0.9490196 0.8588235 0.8431373 1 0.9490196 0.8588235 0.8431373 1 0.9490196 0.8588235 0.8431373 1 0.9490196 0.8588235 0.8431373 1 0.9490196 0.8588235 0.8431373 1 0.9490196 0.8588235 0.8431373 1 0.9490196 0.8588235 0.8431373 1 0.9490196 0.8588235 0.8431373 1 0.9490196 0.8588235 0.8431373 1 0.9490196 0.8588235 0.8431373 1 0.9490196 0.8588235 0.8431373 1 0.9490196 0.8588235 0.8431373 1 0.9490196 0.8588235 0.8431373 1 0.9490196 0.8588235 0.8431373 1 0.9490196 0.8588235 0.8431373 1 0.9490196 0.8588235 0.8431373 1 0.9490196 0.8588235 0.8431373 1 0.9490196 0.8588235 0.8431373 1 0.9490196 0.8588235 0.8431373 1 0.9490196 0.8588235 0.8431373 1 0.9490196 0.9490196 0.9490196 1 0.7921569 0.7137255 0.6745098 1 0.7921569 0.7137255 0.6745098 1 0.9490196 0.9490196 0.9490196 1 0.7921569 0.7137255 0.6745098 1 0.7921569 0.7137255 0.6745098 1 0.7921569 0.7137255 0.6745098 1 0.7921569 0.7137255 0.6745098 1 0.9490196 0.9490196 0.9490196 1 0.7921569 0.7137255 0.6745098 1 0.7921569 0.7137255 0.6745098 1 0.7921569 0.7137255 0.6745098 1 0.7921569 0.7137255 0.6745098 1 0.7921569 0.7137255 0.6745098 1 0.7921569 0.7137255 0.6745098 1 0.7921569 0.7137255 0.6745098 1 0.7921569 0.7137255 0.6745098 1 0.7921569 0.7137255 0.6745098 1 0.7921569 0.7137255 0.6745098 1 0.7921569 0.7137255 0.6745098 1 0.7921569 0.7137255 0.6745098 1 0.7921569 0.7137255 0.6745098 1 0.7921569 0.7137255 0.6745098 1 0.7921569 0.7137255 0.6745098 1 0.7921569 0.7137255 0.6745098 1 0.7921569 0.7137255 0.6745098 1 0.7921569 0.7137255 0.6745098 1 0.7921569 0.7137255 0.6745098 1 0.7921569 0.7137255 0.6745098 1 0.7921569 0.7137255 0.6745098 1 0.7921569 0.7137255 0.6745098 1 0.7921569 0.7137255 0.6745098 1 0.7921569 0.7137255 0.6745098 1 0.7921569 0.7137255 0.6745098 1 0.7921569 0.7137255 0.6745098 1 0.7921569 0.7137255 0.6745098 1 0.7921569 0.7137255 0.6745098 1 0.7921569 0.7137255 0.6745098 1 0.7921569 0.7137255 0.6745098 1 0.7921569 0.7137255 0.6745098 1 0.7921569 0.7137255 0.6745098 1 0.7921569 0.7137255 0.6745098 1 0.7921569 0.7137255 0.6745098 1 0.7921569 0.7137255 0.6745098 1 0.7921569 0.7137255 0.6745098 1 0.7921569 0.7137255 0.6745098 1 0.7921569 0.7137255 0.6745098 1 0.7921569 0.7137255 0.6745098 1 0.7921569 0.7137255 0.6745098 1 0.7921569 0.7137255 0.6745098 1 0.7921569 0.7137255 0.6745098 1 0.7921569 0.7137255 0.6745098 1 0.7921569 0.7137255 0.6745098 1 0.7921569 0.7137255 0.6745098 1 0.7921569 0.7137255 0.6745098 1 0.7921569 0.7137255 0.6745098 1 0.7921569 0.7137255 0.6745098 1 0.7921569 0.7137255 0.6745098 1 0.7921569 0.7137255 0.6745098 1 0.7921569 0.7137255 0.6745098 1 0.7921569 0.7137255 0.6745098 1 0.7921569 0.7137255 0.6745098 1 0.7921569 0.7137255 0.6745098 1 0.7921569 0.7137255 0.6745098 1 0.7921569 0.7137255 0.6745098 1 0.7921569 0.7137255 0.6745098 1 0.7921569 0.7137255 0.6745098 1 0.7921569 0.7137255 0.6745098 1 0.7921569 0.7137255 0.6745098 1 0.7921569 0.7137255 0.6745098 1 0.7921569 0.7137255 0.6745098 1 0.7921569 0.7137255 0.6745098 1 0.7921569 0.7137255 0.6745098 1 0.7921569 0.7137255 0.6745098 1 0.7921569 0.7137255 0.6745098 1 0.7921569 0.7137255 0.6745098 1 0.7921569 0.7137255 0.6745098 1 0.7921569 0.7137255 0.6745098 1 0.7921569 0.7137255 0.6745098 1 0.7921569 0.7137255 0.6745098 1 0.7921569 0.7137255 0.6745098 1 0.9490196 0.9490196 0.9490196 1 0.7921569 0.7137255 0.6745098 1 0.7921569 0.7137255 0.6745098 1 0.9490196 0.9490196 0.9490196 1 0.7921569 0.7137255 0.6745098 1 0.7921569 0.7137255 0.6745098 1 0.7921569 0.7137255 0.6745098 1 0.7921569 0.7137255 0.6745098 1 0.9490196 0.9490196 0.9490196 1 0.7921569 0.7137255 0.6745098 1 0.7921569 0.7137255 0.6745098 1 0.7921569 0.7137255 0.6745098 1 0.7921569 0.7137255 0.6745098 1 0.7921569 0.7137255 0.6745098 1 0.7921569 0.7137255 0.6745098 1 0.7921569 0.7137255 0.6745098 1 0.7921569 0.7137255 0.6745098 1 0.7921569 0.7137255 0.6745098 1 0.7921569 0.7137255 0.6745098 1 0.7921569 0.7137255 0.6745098 1 0.7921569 0.7137255 0.6745098 1 0.7921569 0.7137255 0.6745098 1 0.7921569 0.7137255 0.6745098 1 0.7921569 0.7137255 0.6745098 1 0.7921569 0.7137255 0.6745098 1 0.7921569 0.7137255 0.6745098 1 0.7921569 0.7137255 0.6745098 1 0.7921569 0.7137255 0.6745098 1 0.7921569 0.7137255 0.6745098 1 0.7921569 0.7137255 0.6745098 1 0.7921569 0.7137255 0.6745098 1 0.7921569 0.7137255 0.6745098 1 0.7921569 0.7137255 0.6745098 1 0.7921569 0.7137255 0.6745098 1 0.7921569 0.7137255 0.6745098 1 0.7921569 0.7137255 0.6745098 1 0.7921569 0.7137255 0.6745098 1 0.7921569 0.7137255 0.6745098 1 0.7921569 0.7137255 0.6745098 1 0.7921569 0.7137255 0.6745098 1 0.7921569 0.7137255 0.6745098 1 0.7921569 0.7137255 0.6745098 1 0.7921569 0.7137255 0.6745098 1 0.7921569 0.7137255 0.6745098 1 0.7921569 0.7137255 0.6745098 1 0.7921569 0.7137255 0.6745098 1 0.7921569 0.7137255 0.6745098 1 0.7921569 0.7137255 0.6745098 1 0.7921569 0.7137255 0.6745098 1 0.7921569 0.7137255 0.6745098 1 0.7921569 0.7137255 0.6745098 1 0.7921569 0.7137255 0.6745098 1 0.7921569 0.7137255 0.6745098 1 0.7921569 0.7137255 0.6745098 1 0.7921569 0.7137255 0.6745098 1 0.7921569 0.7137255 0.6745098 1 0.7921569 0.7137255 0.6745098 1 0.7921569 0.7137255 0.6745098 1 0.7921569 0.7137255 0.6745098 1 0.7921569 0.7137255 0.6745098 1 0.7921569 0.7137255 0.6745098 1 0.7921569 0.7137255 0.6745098 1 0.7921569 0.7137255 0.6745098 1 0.7921569 0.7137255 0.6745098 1 0.7921569 0.7137255 0.6745098 1 0.7921569 0.7137255 0.6745098 1 0.7921569 0.7137255 0.6745098 1 0.7921569 0.7137255 0.6745098 1 0.7921569 0.7137255 0.6745098 1 0.7921569 0.7137255 0.6745098 1 0.7921569 0.7137255 0.6745098 1 0.7921569 0.7137255 0.6745098 1 0.7921569 0.7137255 0.6745098 1 0.7921569 0.7137255 0.6745098 1 0.7921569 0.7137255 0.6745098 1 0.7921569 0.7137255 0.6745098 1 0.7921569 0.7137255 0.6745098 1 0.7921569 0.7137255 0.6745098 1 0.7921569 0.7137255 0.6745098 1 0.7921569 0.7137255 0.6745098 1 0.7921569 0.7137255 0.6745098 1 0.9490196 0.9490196 0.9490196 1 0.7921569 0.7137255 0.6745098 1 0.7921569 0.7137255 0.6745098 1 0.9490196 0.9490196 0.9490196 1 0.7921569 0.7137255 0.6745098 1 0.7921569 0.7137255 0.6745098 1 0.7921569 0.7137255 0.6745098 1 0.7921569 0.7137255 0.6745098 1 0.9490196 0.9490196 0.9490196 1 0.9490196 0.9490196 0.9490196 1 0.7921569 0.7137255 0.6745098 1 0.7921569 0.7137255 0.6745098 1 0.9490196 0.9490196 0.9490196 1 0.7921569 0.7137255 0.6745098 1 0.7921569 0.7137255 0.6745098 1 0.7921569 0.7137255 0.6745098 1 0.7921569 0.7137255 0.6745098 1 0.9490196 0.9490196 0.9490196 1 0.7921569 0.7137255 0.6745098 1 0.7921569 0.7137255 0.6745098 1 0.7921569 0.7137255 0.6745098 1 0.7921569 0.7137255 0.6745098 1 0.7921569 0.7137255 0.6745098 1 0.7921569 0.7137255 0.6745098 1 0.7921569 0.7137255 0.6745098 1 0.7921569 0.7137255 0.6745098 1 0.7921569 0.7137255 0.6745098 1 0.9490196 0.9490196 0.9490196 1 0.7921569 0.7137255 0.6745098 1 0.7921569 0.7137255 0.6745098 1 0.9490196 0.9490196 0.9490196 1 0.7921569 0.7137255 0.6745098 1 0.7921569 0.7137255 0.6745098 1 0.7921569 0.7137255 0.6745098 1 0.7921569 0.7137255 0.6745098 1 0.9490196 0.9490196 0.9490196 1 0.7921569 0.7137255 0.6745098 1 0.7921569 0.7137255 0.6745098 1 0.7921569 0.7137255 0.6745098 1 0.7921569 0.7137255 0.6745098 1 0.7921569 0.7137255 0.6745098 1 0.7921569 0.7137255 0.6745098 1 0.7921569 0.7137255 0.6745098 1 0.7921569 0.7137255 0.6745098 1 0.7921569 0.7137255 0.6745098 1 0.7921569 0.7137255 0.6745098 1 0.7921569 0.7137255 0.6745098 1 0.7921569 0.7137255 0.6745098 1 0.7921569 0.7137255 0.6745098 1 0.7921569 0.7137255 0.6745098 1 0.7921569 0.7137255 0.6745098 1 0.7921569 0.7137255 0.6745098 1 0.7921569 0.7137255 0.6745098 1 0.7921569 0.7137255 0.6745098 1 0.7921569 0.7137255 0.6745098 1 0.7921569 0.7137255 0.6745098 1 0.7921569 0.7137255 0.6745098 1 0.7921569 0.7137255 0.6745098 1 0.7921569 0.7137255 0.6745098 1 0.7921569 0.7137255 0.6745098 1 0.7921569 0.7137255 0.6745098 1 0.7921569 0.7137255 0.6745098 1 0.7921569 0.7137255 0.6745098 1 0.9490196 0.9490196 0.9490196 1 0.7921569 0.7137255 0.6745098 1 0.7921569 0.7137255 0.6745098 1 0.9490196 0.9490196 0.9490196 1 0.7921569 0.7137255 0.6745098 1 0.7921569 0.7137255 0.6745098 1 0.7921569 0.7137255 0.6745098 1 0.7921569 0.7137255 0.6745098 1 0.9490196 0.9490196 0.9490196 1 0.9490196 0.9490196 0.9490196 1 0.7921569 0.7137255 0.6745098 1 0.7921569 0.7137255 0.6745098 1 0.9490196 0.9490196 0.9490196 1 0.7921569 0.7137255 0.6745098 1 0.7921569 0.7137255 0.6745098 1 0.7921569 0.7137255 0.6745098 1 0.7921569 0.7137255 0.6745098 1 0.9490196 0.9490196 0.9490196 1 0.9490196 0.9490196 0.9490196 1 0.7921569 0.7137255 0.6745098 1 0.7921569 0.7137255 0.6745098 1 0.9490196 0.9490196 0.9490196 1 0.7921569 0.7137255 0.6745098 1 0.7921569 0.7137255 0.6745098 1 0.7921569 0.7137255 0.6745098 1 0.7921569 0.7137255 0.6745098 1 0.9490196 0.9490196 0.9490196 1 0.9490196 0.9490196 0.9490196 1 0.7921569 0.7137255 0.6745098 1 0.7921569 0.7137255 0.6745098 1 0.9490196 0.9490196 0.9490196 1 0.7921569 0.7137255 0.6745098 1 0.7921569 0.7137255 0.6745098 1 0.7921569 0.7137255 0.6745098 1 0.7921569 0.7137255 0.6745098 1 0.9490196 0.9490196 0.9490196 1 0.9490196 0.9490196 0.9490196 1 0.7921569 0.7137255 0.6745098 1 0.7921569 0.7137255 0.6745098 1 0.9490196 0.9490196 0.9490196 1 0.7921569 0.7137255 0.6745098 1 0.7921569 0.7137255 0.6745098 1 0.7921569 0.7137255 0.6745098 1 0.7921569 0.7137255 0.6745098 1 0.9490196 0.9490196 0.9490196 1 0.7921569 0.7137255 0.6745098 1 0.7921569 0.7137255 0.6745098 1 0.7921569 0.7137255 0.6745098 1 0.7921569 0.7137255 0.6745098 1 0.7921569 0.7137255 0.6745098 1 0.7921569 0.7137255 0.6745098 1 0.7921569 0.7137255 0.6745098 1 0.7921569 0.7137255 0.6745098 1 0.7921569 0.7137255 0.6745098 1 0.7921569 0.7137255 0.6745098 1 0.7921569 0.7137255 0.6745098 1 0.7921569 0.7137255 0.6745098 1 0.7921569 0.7137255 0.6745098 1 0.7921569 0.7137255 0.6745098 1 0.7921569 0.7137255 0.6745098 1 0.7921569 0.7137255 0.6745098 1 0.7921569 0.7137255 0.6745098 1 0.7921569 0.7137255 0.6745098 1 0.7921569 0.7137255 0.6745098 1 0.7921569 0.7137255 0.6745098 1 0.7921569 0.7137255 0.6745098 1 0.7921569 0.7137255 0.6745098 1 0.7921569 0.7137255 0.6745098 1 0.7921569 0.7137255 0.6745098 1 0.7921569 0.7137255 0.6745098 1 0.7921569 0.7137255 0.6745098 1 0.7921569 0.7137255 0.6745098 1 0.7921569 0.7137255 0.6745098 1 0.7921569 0.7137255 0.6745098 1 0.7921569 0.7137255 0.6745098 1 0.7921569 0.7137255 0.6745098 1 0.7921569 0.7137255 0.6745098 1 0.7921569 0.7137255 0.6745098 1 0.7921569 0.7137255 0.6745098 1 0.7921569 0.7137255 0.6745098 1 0.7921569 0.7137255 0.6745098 1 0.7921569 0.7137255 0.6745098 1 0.7921569 0.7137255 0.6745098 1 0.7921569 0.7137255 0.6745098 1 0.7921569 0.7137255 0.6745098 1 0.7921569 0.7137255 0.6745098 1 0.7921569 0.7137255 0.6745098 1 0.7921569 0.7137255 0.6745098 1 0.7921569 0.7137255 0.6745098 1 0.7921569 0.7137255 0.6745098 1 0.7921569 0.7137255 0.6745098 1 0.7921569 0.7137255 0.6745098 1 0.7921569 0.7137255 0.6745098 1 0.7921569 0.7137255 0.6745098 1 0.7921569 0.7137255 0.6745098 1 0.7921569 0.7137255 0.6745098 1 0.7921569 0.7137255 0.6745098 1 0.7921569 0.7137255 0.6745098 1 0.7921569 0.7137255 0.6745098 1 0.7921569 0.7137255 0.6745098 1 0.7921569 0.7137255 0.6745098 1 0.7921569 0.7137255 0.6745098 1 0.7921569 0.7137255 0.6745098 1 0.7921569 0.7137255 0.6745098 1 0.7921569 0.7137255 0.6745098 1 0.7921569 0.7137255 0.6745098 1 0.7921569 0.7137255 0.6745098 1 0.7921569 0.7137255 0.6745098 1 0.9490196 0.9490196 0.9490196 1 0.7921569 0.7137255 0.6745098 1 0.7921569 0.7137255 0.6745098 1 0.9490196 0.9490196 0.9490196 1 0.7921569 0.7137255 0.6745098 1 0.7921569 0.7137255 0.6745098 1 0.7921569 0.7137255 0.6745098 1 0.7921569 0.7137255 0.6745098 1 0.9490196 0.9490196 0.9490196 1 0.7921569 0.7137255 0.6745098 1 0.7921569 0.7137255 0.6745098 1 0.7921569 0.7137255 0.6745098 1 0.7921569 0.7137255 0.6745098 1 0.7921569 0.7137255 0.6745098 1 0.7921569 0.7137255 0.6745098 1 0.7921569 0.7137255 0.6745098 1 0.7921569 0.7137255 0.6745098 1 0.7921569 0.7137255 0.6745098 1 0.9490196 0.9490196 0.9490196 1 0.7921569 0.7137255 0.6745098 1 0.7921569 0.7137255 0.6745098 1 0.9490196 0.9490196 0.9490196 1 0.7921569 0.7137255 0.6745098 1 0.7921569 0.7137255 0.6745098 1 0.7921569 0.7137255 0.6745098 1 0.7921569 0.7137255 0.6745098 1 0.9490196 0.9490196 0.9490196 1 0.9490196 0.9490196 0.9490196 1 0.7921569 0.7137255 0.6745098 1 0.7921569 0.7137255 0.6745098 1 0.9490196 0.9490196 0.9490196 1 0.7921569 0.7137255 0.6745098 1 0.7921569 0.7137255 0.6745098 1 0.7921569 0.7137255 0.6745098 1 0.7921569 0.7137255 0.6745098 1 0.9490196 0.9490196 0.9490196 1 0.9490196 0.9490196 0.9490196 1 0.7921569 0.7137255 0.6745098 1 0.7921569 0.7137255 0.6745098 1 0.9490196 0.9490196 0.9490196 1 0.7921569 0.7137255 0.6745098 1 0.7921569 0.7137255 0.6745098 1 0.7921569 0.7137255 0.6745098 1 0.7921569 0.7137255 0.6745098 1 0.9490196 0.9490196 0.9490196 1 0.9490196 0.9490196 0.9490196 1 0.7921569 0.7137255 0.6745098 1 0.7921569 0.7137255 0.6745098 1 0.9490196 0.9490196 0.9490196 1 0.7921569 0.7137255 0.6745098 1 0.7921569 0.7137255 0.6745098 1 0.7921569 0.7137255 0.6745098 1 0.7921569 0.7137255 0.6745098 1 0.9490196 0.9490196 0.9490196 1 0.9490196 0.9490196 0.9490196 1 0.7921569 0.7137255 0.6745098 1 0.7921569 0.7137255 0.6745098 1 0.9490196 0.9490196 0.9490196 1 0.7921569 0.7137255 0.6745098 1 0.7921569 0.7137255 0.6745098 1 0.7921569 0.7137255 0.6745098 1 0.7921569 0.7137255 0.6745098 1 0.9490196 0.9490196 0.9490196 1 0.7921569 0.7137255 0.6745098 1 0.7921569 0.7137255 0.6745098 1 0.7921569 0.7137255 0.6745098 1 0.7921569 0.7137255 0.6745098 1 0.7921569 0.7137255 0.6745098 1 0.7921569 0.7137255 0.6745098 1 0.7921569 0.7137255 0.6745098 1 0.7921569 0.7137255 0.6745098 1 0.7921569 0.7137255 0.6745098 1 0.9490196 0.9490196 0.9490196 1 0.7921569 0.7137255 0.6745098 1 0.7921569 0.7137255 0.6745098 1 0.9490196 0.9490196 0.9490196 1 0.7921569 0.7137255 0.6745098 1 0.7921569 0.7137255 0.6745098 1 0.7921569 0.7137255 0.6745098 1 0.7921569 0.7137255 0.6745098 1 0.9490196 0.9490196 0.9490196 1 0.9490196 0.8588235 0.8431373 1 0.9490196 0.8588235 0.8431373 1 0.9490196 0.8588235 0.8431373 1 0.9490196 0.8588235 0.8431373 1 0.9490196 0.8588235 0.8431373 1 0.9490196 0.8588235 0.8431373 1 0.9490196 0.8588235 0.8431373 1 0.9490196 0.8588235 0.8431373 1 0.9490196 0.8588235 0.8431373 1 0.7921569 0.7137255 0.6745098 1 0.7921569 0.7137255 0.6745098 1 0.7921569 0.7137255 0.6745098 1 0.7921569 0.7137255 0.6745098 1 0.7921569 0.7137255 0.6745098 1 0.7921569 0.7137255 0.6745098 1 0.7921569 0.7137255 0.6745098 1 0.7921569 0.7137255 0.6745098 1 0.7921569 0.7137255 0.6745098 1 0.7921569 0.7137255 0.6745098 1 0.7921569 0.7137255 0.6745098 1 0.7921569 0.7137255 0.6745098 1 0.7921569 0.7137255 0.6745098 1 0.7921569 0.7137255 0.6745098 1 0.7921569 0.7137255 0.6745098 1 0.7921569 0.7137255 0.6745098 1 0.7921569 0.7137255 0.6745098 1 0.7921569 0.7137255 0.6745098 1 0.7921569 0.7137255 0.6745098 1 0.7921569 0.7137255 0.6745098 1 0.7921569 0.7137255 0.6745098 1 0.7921569 0.7137255 0.6745098 1 0.7921569 0.7137255 0.6745098 1 0.7921569 0.7137255 0.6745098 1 0.7921569 0.7137255 0.6745098 1 0.7921569 0.7137255 0.6745098 1 0.7921569 0.7137255 0.6745098 1 0.7921569 0.7137255 0.6745098 1 0.7921569 0.7137255 0.6745098 1 0.7921569 0.7137255 0.6745098 1 0.7921569 0.7137255 0.6745098 1 0.7921569 0.7137255 0.6745098 1 0.7921569 0.7137255 0.6745098 1 0.7921569 0.7137255 0.6745098 1 0.7921569 0.7137255 0.6745098 1 0.7921569 0.7137255 0.6745098 1 0.7921569 0.7137255 0.6745098 1 0.7921569 0.7137255 0.6745098 1 0.7921569 0.7137255 0.6745098 1 0.7921569 0.7137255 0.6745098 1 0.7921569 0.7137255 0.6745098 1 0.7921569 0.7137255 0.6745098 1 0.7921569 0.7137255 0.6745098 1 0.7921569 0.7137255 0.6745098 1 0.7921569 0.7137255 0.6745098 1 0.9490196 0.9490196 0.9490196 1 0.7921569 0.7137255 0.6745098 1 0.7921569 0.7137255 0.6745098 1 0.9490196 0.9490196 0.9490196 1 0.7921569 0.7137255 0.6745098 1 0.7921569 0.7137255 0.6745098 1 0.7921569 0.7137255 0.6745098 1 0.7921569 0.7137255 0.6745098 1 0.9490196 0.9490196 0.9490196 1 0.9490196 0.9490196 0.9490196 1 0.7921569 0.7137255 0.6745098 1 0.7921569 0.7137255 0.6745098 1 0.9490196 0.9490196 0.9490196 1 0.7921569 0.7137255 0.6745098 1 0.7921569 0.7137255 0.6745098 1 0.7921569 0.7137255 0.6745098 1 0.7921569 0.7137255 0.6745098 1 0.9490196 0.9490196 0.9490196 1 0.9490196 0.9490196 0.9490196 1 0.7921569 0.7137255 0.6745098 1 0.7921569 0.7137255 0.6745098 1 0.9490196 0.9490196 0.9490196 1 0.7921569 0.7137255 0.6745098 1 0.7921569 0.7137255 0.6745098 1 0.7921569 0.7137255 0.6745098 1 0.7921569 0.7137255 0.6745098 1 0.9490196 0.9490196 0.9490196 1 0.7921569 0.7137255 0.6745098 1 0.7921569 0.7137255 0.6745098 1 0.7921569 0.7137255 0.6745098 1 0.7921569 0.7137255 0.6745098 1 0.7921569 0.7137255 0.6745098 1 0.7921569 0.7137255 0.6745098 1 0.7921569 0.7137255 0.6745098 1 0.7921569 0.7137255 0.6745098 1 0.7921569 0.7137255 0.6745098 1 0.9490196 0.9490196 0.9490196 1 0.7921569 0.7137255 0.6745098 1 0.7921569 0.7137255 0.6745098 1 0.9490196 0.9490196 0.9490196 1 0.7921569 0.7137255 0.6745098 1 0.7921569 0.7137255 0.6745098 1 0.7921569 0.7137255 0.6745098 1 0.7921569 0.7137255 0.6745098 1 0.9490196 0.9490196 0.9490196 1 0.7921569 0.7137255 0.6745098 1 0.9490196 0.9490196 0.9490196 1 0.7921569 0.7137255 0.6745098 1 0.7921569 0.7137255 0.6745098 1 0.7921569 0.7137255 0.6745098 1 0.9490196 0.9490196 0.9490196 1 0.7921569 0.7137255 0.6745098 1 0.9490196 0.9490196 0.9490196 1 0.7921569 0.7137255 0.6745098 1 0.7921569 0.7137255 0.6745098 1 0.7921569 0.7137255 0.6745098 1 0.9490196 0.9490196 0.9490196 1 0.7921569 0.7137255 0.6745098 1 0.9490196 0.9490196 0.9490196 1 0.7921569 0.7137255 0.6745098 1 0.7921569 0.7137255 0.6745098 1 0.7921569 0.7137255 0.6745098 1 0.9490196 0.9490196 0.9490196 1 0.7921569 0.7137255 0.6745098 1 0.9490196 0.9490196 0.9490196 1 0.7921569 0.7137255 0.6745098 1 0.7921569 0.7137255 0.6745098 1 0.7921569 0.7137255 0.6745098 1 0.9490196 0.9490196 0.9490196 1 0.7921569 0.7137255 0.6745098 1 0.7921569 0.7137255 0.6745098 1 0.7921569 0.7137255 0.6745098 1 0.7921569 0.7137255 0.6745098 1 0.7921569 0.7137255 0.6745098 1 0.7921569 0.7137255 0.6745098 1 0.7921569 0.7137255 0.6745098 1 0.7921569 0.7137255 0.6745098 1 0.7921569 0.7137255 0.6745098 1 0.7921569 0.7137255 0.6745098 1 0.7921569 0.7137255 0.6745098 1 0.7921569 0.7137255 0.6745098 1 0.7921569 0.7137255 0.6745098 1 0.9490196 0.9490196 0.9490196 1 0.7921569 0.7137255 0.6745098 1 0.7921569 0.7137255 0.6745098 1 0.7921569 0.7137255 0.6745098 1 0.9490196 0.9490196 0.9490196 1 0.7921569 0.7137255 0.6745098 1 0.9490196 0.9490196 0.9490196 1 0.7921569 0.7137255 0.6745098 1 0.7921569 0.7137255 0.6745098 1 0.7921569 0.7137255 0.6745098 1 0.9490196 0.9490196 0.9490196 1 0.7921569 0.7137255 0.6745098 1 0.9490196 0.9490196 0.9490196 1 0.7921569 0.7137255 0.6745098 1 0.7921569 0.7137255 0.6745098 1 0.7921569 0.7137255 0.6745098 1 0.9490196 0.9490196 0.9490196 1 0.7921569 0.7137255 0.6745098 1 0.9490196 0.9490196 0.9490196 1 0.7921569 0.7137255 0.6745098 1 0.7921569 0.7137255 0.6745098 1 0.7921569 0.7137255 0.6745098 1 0.9490196 0.9490196 0.9490196 1 0.7921569 0.7137255 0.6745098 1 0.9490196 0.9490196 0.9490196 1 0.7921569 0.7137255 0.6745098 1 0.7921569 0.7137255 0.6745098 1 0.7921569 0.7137255 0.6745098 1 0.9490196 0.9490196 0.9490196 1 0.7921569 0.7137255 0.6745098 1 0.9490196 0.9490196 0.9490196 1 0.7921569 0.7137255 0.6745098 1 0.7921569 0.7137255 0.6745098 1 0.7921569 0.7137255 0.6745098 1 0.9490196 0.9490196 0.9490196 1 0.7921569 0.7137255 0.6745098 1 0.9490196 0.9490196 0.9490196 1 0.7921569 0.7137255 0.6745098 1 0.7921569 0.7137255 0.6745098 1 0.7921569 0.7137255 0.6745098 1 0.9490196 0.9490196 0.9490196 1 0.7921569 0.7137255 0.6745098 1 0.9490196 0.9490196 0.9490196 1 0.7921569 0.7137255 0.6745098 1 0.7921569 0.7137255 0.6745098 1 0.7921569 0.7137255 0.6745098 1 0.9490196 0.9490196 0.9490196 1 0.7921569 0.7137255 0.6745098 1 0.9490196 0.9490196 0.9490196 1 0.7921569 0.7137255 0.6745098 1 0.7921569 0.7137255 0.6745098 1 0.7921569 0.7137255 0.6745098 1 0.9490196 0.9490196 0.9490196 1 0.7921569 0.7137255 0.6745098 1 0.9490196 0.9490196 0.9490196 1 0.7921569 0.7137255 0.6745098 1 0.7921569 0.7137255 0.6745098 1 0.7921569 0.7137255 0.6745098 1 0.9490196 0.9490196 0.9490196 1 0.7921569 0.7137255 0.6745098 1 0.9490196 0.9490196 0.9490196 1 0.7921569 0.7137255 0.6745098 1 0.7921569 0.7137255 0.6745098 1 0.7921569 0.7137255 0.6745098 1 0.9490196 0.9490196 0.9490196 1 0.7921569 0.7137255 0.6745098 1 0.9490196 0.9490196 0.9490196 1 0.7921569 0.7137255 0.6745098 1 0.7921569 0.7137255 0.6745098 1 0.7921569 0.7137255 0.6745098 1 0.9490196 0.9490196 0.9490196 1 0.7921569 0.7137255 0.6745098 1 0.9490196 0.9490196 0.9490196 1 0.7921569 0.7137255 0.6745098 1 0.7921569 0.7137255 0.6745098 1 0.7921569 0.7137255 0.6745098 1 0.9490196 0.9490196 0.9490196 1 0.7921569 0.7137255 0.6745098 1 0.9490196 0.9490196 0.9490196 1 0.7921569 0.7137255 0.6745098 1 0.7921569 0.7137255 0.6745098 1 0.7921569 0.7137255 0.6745098 1 0.9490196 0.9490196 0.9490196 1 0.7921569 0.7137255 0.6745098 1 0.9490196 0.9490196 0.9490196 1 0.7921569 0.7137255 0.6745098 1 0.7921569 0.7137255 0.6745098 1 0.7921569 0.7137255 0.6745098 1 0.9490196 0.9490196 0.9490196 1 0.7921569 0.7137255 0.6745098 1 0.9490196 0.9490196 0.9490196 1 0.7921569 0.7137255 0.6745098 1 0.7921569 0.7137255 0.6745098 1 0.7921569 0.7137255 0.6745098 1 0.9490196 0.9490196 0.9490196 1 0.7921569 0.7137255 0.6745098 1 0.9490196 0.9490196 0.9490196 1 0.7921569 0.7137255 0.6745098 1 0.7921569 0.7137255 0.6745098 1 0.7921569 0.7137255 0.6745098 1 0.9490196 0.9490196 0.9490196 1 0.7921569 0.7137255 0.6745098 1 0.9490196 0.9490196 0.9490196 1 0.7921569 0.7137255 0.6745098 1 0.7921569 0.7137255 0.6745098 1 0.7921569 0.7137255 0.6745098 1 0.9490196 0.9490196 0.9490196 1 0.7921569 0.7137255 0.6745098 1 0.9490196 0.9490196 0.9490196 1 0.7921569 0.7137255 0.6745098 1 0.7921569 0.7137255 0.6745098 1 0.7921569 0.7137255 0.6745098 1 0.9490196 0.9490196 0.9490196 1 0.7921569 0.7137255 0.6745098 1 0.9490196 0.9490196 0.9490196 1 0.7921569 0.7137255 0.6745098 1 0.7921569 0.7137255 0.6745098 1 0.7921569 0.7137255 0.6745098 1 0.9490196 0.9490196 0.9490196 1 0.7921569 0.7137255 0.6745098 1 0.9490196 0.9490196 0.9490196 1 0.7921569 0.7137255 0.6745098 1 0.7921569 0.7137255 0.6745098 1 0.7921569 0.7137255 0.6745098 1 0.9490196 0.9490196 0.9490196 1 0.7921569 0.7137255 0.6745098 1 0.9490196 0.9490196 0.9490196 1 0.7921569 0.7137255 0.6745098 1 0.7921569 0.7137255 0.6745098 1 0.7921569 0.7137255 0.6745098 1 0.9490196 0.9490196 0.9490196 1 0.7921569 0.7137255 0.6745098 1 0.9490196 0.9490196 0.9490196 1 0.7921569 0.7137255 0.6745098 1 0.7921569 0.7137255 0.6745098 1 0.7921569 0.7137255 0.6745098 1 0.9490196 0.9490196 0.9490196 1 0.7921569 0.7137255 0.6745098 1 0.9490196 0.9490196 0.9490196 1 0.7921569 0.7137255 0.6745098 1 0.7921569 0.7137255 0.6745098 1 0.7921569 0.7137255 0.6745098 1 0.9490196 0.9490196 0.9490196 1 0.7921569 0.7137255 0.6745098 1 0.7921569 0.7137255 0.6745098 1 0.7921569 0.7137255 0.6745098 1 0.7921569 0.7137255 0.6745098 1 0.7921569 0.7137255 0.6745098 1 0.7921569 0.7137255 0.6745098 1 0.7921569 0.7137255 0.6745098 1 0.7921569 0.7137255 0.6745098 1 0.7921569 0.7137255 0.6745098 1 0.7921569 0.7137255 0.6745098 1 0.7921569 0.7137255 0.6745098 1 0.7921569 0.7137255 0.6745098 1 0.7921569 0.7137255 0.6745098 1 0.7921569 0.7137255 0.6745098 1 0.7921569 0.7137255 0.6745098 1 0.7921569 0.7137255 0.6745098 1 0.7921569 0.7137255 0.6745098 1 0.7921569 0.7137255 0.6745098 1 0.7921569 0.7137255 0.6745098 1 0.7921569 0.7137255 0.6745098 1 0.7921569 0.7137255 0.6745098 1 0.7921569 0.7137255 0.6745098 1 0.7921569 0.7137255 0.6745098 1 0.7921569 0.7137255 0.6745098 1 0.7921569 0.7137255 0.6745098 1 0.9490196 0.9490196 0.9490196 1 0.7921569 0.7137255 0.6745098 1 0.7921569 0.7137255 0.6745098 1 0.7921569 0.7137255 0.6745098 1 0.9490196 0.9490196 0.9490196 1 0.7921569 0.7137255 0.6745098 1 0.7921569 0.7137255 0.6745098 1 0.7921569 0.7137255 0.6745098 1 0.7921569 0.7137255 0.6745098 1 0.7921569 0.7137255 0.6745098 1 0.7921569 0.7137255 0.6745098 1 0.7921569 0.7137255 0.6745098 1 0.7921569 0.7137255 0.6745098 1 0.7921569 0.7137255 0.6745098 1 0.7921569 0.7137255 0.6745098 1 0.7921569 0.7137255 0.6745098 1 0.7921569 0.7137255 0.6745098 1 0.7921569 0.7137255 0.6745098 1 0.7921569 0.7137255 0.6745098 1 0.7921569 0.7137255 0.6745098 1 0.7921569 0.7137255 0.6745098 1 0.7921569 0.7137255 0.6745098 1 0.7921569 0.7137255 0.6745098 1 0.7921569 0.7137255 0.6745098 1 0.7921569 0.7137255 0.6745098 1 0.7921569 0.7137255 0.6745098 1 0.7921569 0.7137255 0.6745098 1 0.7921569 0.7137255 0.6745098 1 0.7921569 0.7137255 0.6745098 1 0.7921569 0.7137255 0.6745098 1 0.7921569 0.7137255 0.6745098 1 0.7921569 0.7137255 0.6745098 1 0.7921569 0.7137255 0.6745098 1 0.7921569 0.7137255 0.6745098 1 0.7921569 0.7137255 0.6745098 1 0.7921569 0.7137255 0.6745098 1 0.7921569 0.7137255 0.6745098 1 0.7921569 0.7137255 0.6745098 1 0.7921569 0.7137255 0.6745098 1 0.7921569 0.7137255 0.6745098 1 0.7921569 0.7137255 0.6745098 1 0.7921569 0.7137255 0.6745098 1 0.9490196 0.9490196 0.9490196 1 0.7921569 0.7137255 0.6745098 1 0.7921569 0.7137255 0.6745098 1 0.7921569 0.7137255 0.6745098 1 0.9490196 0.9490196 0.9490196 1 0.7921569 0.7137255 0.6745098 1 0.9490196 0.9490196 0.9490196 1 0.7921569 0.7137255 0.6745098 1 0.7921569 0.7137255 0.6745098 1 0.7921569 0.7137255 0.6745098 1 0.9490196 0.9490196 0.9490196 1 0.7921569 0.7137255 0.6745098 1 0.9490196 0.9490196 0.9490196 1 0.7921569 0.7137255 0.6745098 1 0.7921569 0.7137255 0.6745098 1 0.7921569 0.7137255 0.6745098 1 0.9490196 0.9490196 0.9490196 1 0.7921569 0.7137255 0.6745098 1 0.9490196 0.9490196 0.9490196 1 0.7921569 0.7137255 0.6745098 1 0.7921569 0.7137255 0.6745098 1 0.7921569 0.7137255 0.6745098 1 0.9490196 0.9490196 0.9490196 1 0.7921569 0.7137255 0.6745098 1 0.9490196 0.9490196 0.9490196 1 0.7921569 0.7137255 0.6745098 1 0.7921569 0.7137255 0.6745098 1 0.7921569 0.7137255 0.6745098 1 0.9490196 0.9490196 0.9490196 1 0.7921569 0.7137255 0.6745098 1 0.7921569 0.7137255 0.6745098 1 0.7921569 0.7137255 0.6745098 1 0.7921569 0.7137255 0.6745098 1 0.7921569 0.7137255 0.6745098 1 0.7921569 0.7137255 0.6745098 1 0.7921569 0.7137255 0.6745098 1 0.7921569 0.7137255 0.6745098 1 0.7921569 0.7137255 0.6745098 1 0.7921569 0.7137255 0.6745098 1 0.7921569 0.7137255 0.6745098 1 0.7921569 0.7137255 0.6745098 1 0.7921569 0.7137255 0.6745098 1 0.9490196 0.9490196 0.9490196 1 0.7921569 0.7137255 0.6745098 1 0.7921569 0.7137255 0.6745098 1 0.7921569 0.7137255 0.6745098 1 0.9490196 0.9490196 0.9490196 1 0.7921569 0.7137255 0.6745098 1 0.7921569 0.7137255 0.6745098 1 0.7921569 0.7137255 0.6745098 1 0.7921569 0.7137255 0.6745098 1 0.7921569 0.7137255 0.6745098 1 0.9490196 0.9490196 0.9490196 1 0.7921569 0.7137255 0.6745098 1 0.7921569 0.7137255 0.6745098 1 0.7921569 0.7137255 0.6745098 1 0.7921569 0.7137255 0.6745098 1 0.7921569 0.7137255 0.6745098 1 0.7921569 0.7137255 0.6745098 1 0.7921569 0.7137255 0.6745098 1 0.7921569 0.7137255 0.6745098 1 0.7921569 0.7137255 0.6745098 1 0.7921569 0.7137255 0.6745098 1 0.7921569 0.7137255 0.6745098 1 0.9490196 0.9490196 0.9490196 1 0.7921569 0.7137255 0.6745098 1 0.7921569 0.7137255 0.6745098 1 0.9490196 0.9490196 0.9490196 1 0.7921569 0.7137255 0.6745098 1 0.7921569 0.7137255 0.6745098 1 0.7921569 0.7137255 0.6745098 1 0.7921569 0.7137255 0.6745098 1 0.7921569 0.7137255 0.6745098 1 0.9490196 0.9490196 0.9490196 1 0.7921569 0.7137255 0.6745098 1 0.7921569 0.7137255 0.6745098 1 0.7921569 0.7137255 0.6745098 1 0.9490196 0.8588235 0.8431373 1 0.9490196 0.8588235 0.8431373 1 0.9490196 0.8588235 0.8431373 1 0.7921569 0.7137255 0.6745098 1 0.7921569 0.7137255 0.6745098 1 0.9490196 0.9490196 0.9490196 1 0.7921569 0.7137255 0.6745098 1 0.7921569 0.7137255 0.6745098 1 0.9490196 0.9490196 0.9490196 1 0.7921569 0.7137255 0.6745098 1 0.7921569 0.7137255 0.6745098 1 0.9490196 0.9490196 0.9490196 1 0.7921569 0.7137255 0.6745098 1 0.7921569 0.7137255 0.6745098 1 0.7921569 0.7137255 0.6745098 1 0.9490196 0.8588235 0.8431373 1 0.9490196 0.8588235 0.8431373 1 0.9490196 0.8588235 0.8431373 1</float_array>
          <technique_common>
            <accessor source="#meshId0_name-mesh-colors-meshId0-color0-array" count="3144" stride="4">
              <param name="R" type="float"/>
              <param name="G" type="float"/>
              <param name="B" type="float"/>
              <param name="A" type="float"/>
            </accessor>
          </technique_common>
        </source>
        <vertices id="meshId0_name-mesh-vertices">
          <input semantic="POSITION" source="#meshId0_name-mesh-positions"/>
        </vertices>
        <triangles material="m0BodyEnv_v-material" count="1048">
          <input semantic="VERTEX" source="#meshId0_name-mesh-vertices" offset="0"/>
          <input semantic="NORMAL" source="#meshId0_name-mesh-normals" offset="1"/>
          <input semantic="TEXCOORD" source="#meshId0_name-mesh-map-0" offset="2" set="0"/>
          <input semantic="COLOR" source="#meshId0_name-mesh-colors-meshId0-color0" offset="3" set="0"/>
          <p>2 0 0 0 1 1 1 1 0 2 2 2 2 0 3 3 3 3 4 4 1 1 5 5 4 4 6 6 3 3 7 7 2 0 8 8 4 4 9 9 5 5 10 10 3 3 11 11 6 6 12 12 5 5 13 13 4 4 14 14 6 6 15 15 7 7 16 16 5 5 17 17 8 8 18 18 7 7 19 19 6 6 20 20 8 8 21 21 9 9 22 22 7 7 23 23 10 10 24 24 9 9 25 25 8 8 26 26 10 10 27 27 11 11 28 28 9 9 29 29 12 12 30 30 11 11 31 31 10 10 32 32 12 12 33 33 13 13 34 34 11 11 35 35 14 14 36 36 13 13 37 37 12 12 38 38 14 14 39 39 15 15 40 40 13 13 41 41 16 16 42 42 15 15 43 43 14 14 44 44 16 16 45 45 17 17 46 46 15 15 47 47 18 18 48 48 17 17 49 49 16 16 50 50 18 18 51 51 19 19 52 52 17 17 53 53 20 20 54 54 19 19 55 55 18 18 56 56 20 20 57 57 21 21 58 58 19 19 59 59 22 22 60 60 21 21 61 61 20 20 62 62 22 22 63 63 23 23 64 64 21 21 65 65 24 24 66 66 23 23 67 67 22 22 68 68 24 24 69 69 25 25 70 70 23 23 71 71 26 26 72 72 25 25 73 73 24 24 74 74 26 26 75 75 27 27 76 76 25 25 77 77 28 28 78 78 27 27 79 79 26 26 80 80 28 28 81 81 29 29 82 82 27 27 83 83 30 30 84 84 29 29 85 85 28 28 86 86 30 30 87 87 31 31 88 88 29 29 89 89 32 32 90 90 31 31 91 91 30 30 92 92 32 32 93 93 33 33 94 94 31 31 95 95 34 34 96 96 33 33 97 97 32 32 98 98 34 34 99 99 35 35 100 100 33 33 101 101 36 36 102 102 35 35 103 103 34 34 104 104 36 36 105 105 37 37 106 106 35 35 107 107 38 38 108 108 37 37 109 109 36 36 110 110 38 38 111 111 39 39 112 112 37 37 113 113 40 40 114 114 39 39 115 115 38 38 116 116 40 40 117 117 41 41 118 118 39 39 119 119 42 42 120 120 41 41 121 121 40 40 122 122 42 42 123 123 43 43 124 124 41 41 125 125 44 44 126 126 43 43 127 127 42 42 128 128 44 44 129 129 45 45 130 130 43 43 131 131 46 46 132 132 45 45 133 133 44 44 134 134 46 46 135 135 47 47 136 136 45 45 137 137 48 48 138 138 47 47 139 139 46 46 140 140 48 48 141 141 49 49 142 142 47 47 143 143 50 50 144 144 49 49 145 145 48 48 146 146 50 50 147 147 51 51 148 148 49 49 149 149 52 52 150 150 51 51 151 151 50 50 152 152 52 52 153 153 53 53 154 154 51 51 155 155 54 54 156 156 53 53 157 157 52 52 158 158 54 54 159 159 55 55 160 160 53 53 161 161 56 56 162 162 55 55 163 163 54 54 164 164 56 56 165 165 57 57 166 166 55 55 167 167 58 58 168 168 57 57 169 169 56 56 170 170 58 58 171 171 59 59 172 172 57 57 173 173 60 60 174 174 59 59 175 175 58 58 176 176 60 60 177 177 61 61 178 178 59 59 179 179 62 62 180 180 61 61 181 181 60 60 182 182 62 62 183 183 63 63 184 184 61 61 185 185 64 64 186 186 63 63 187 187 62 62 188 188 64 64 189 189 65 65 190 190 63 63 191 191 66 66 192 192 65 65 193 193 64 64 194 194 66 66 195 195 67 67 196 196 65 65 197 197 68 68 198 198 67 67 199 199 66 66 200 200 68 68 201 201 69 69 202 202 67 67 203 203 70 70 204 204 69 69 205 205 68 68 206 206 70 70 207 207 71 71 208 208 69 69 209 209 72 72 210 210 71 71 211 211 70 70 212 212 72 72 213 213 73 73 214 214 71 71 215 215 74 74 216 216 73 73 217 217 72 72 218 218 74 74 219 219 75 75 220 220 73 73 221 221 76 76 222 222 75 75 223 223 74 74 224 224 76 76 225 225 77 77 226 226 75 75 227 227 78 78 228 228 77 77 229 229 76 76 230 230 78 78 231 231 79 79 232 232 77 77 233 233 80 80 234 234 79 79 235 235 78 78 236 236 80 80 237 237 32 32 238 238 79 79 239 239 34 34 240 240 32 32 241 241 80 80 242 242 81 81 243 243 61 61 244 244 63 63 245 245 81 81 246 246 82 82 247 247 61 61 248 248 83 83 249 249 82 82 250 250 81 81 251 251 83 83 252 252 84 84 253 253 82 82 254 254 85 85 255 255 84 84 256 256 83 83 257 257 85 85 258 258 86 86 259 259 84 84 260 260 87 87 261 261 86 86 262 262 85 85 263 263 87 87 264 264 88 88 265 265 86 86 266 266 89 89 267 267 88 88 268 268 87 87 269 269 89 89 270 270 90 90 271 271 88 88 272 272 0 2 273 273 90 90 274 274 89 89 275 275 0 2 276 276 91 91 277 277 90 90 278 278 1 1 279 279 91 91 280 280 0 2 281 281 1 1 282 282 92 92 283 283 91 91 284 284 93 93 285 285 92 92 286 286 1 1 287 287 93 93 288 288 94 94 289 289 92 92 290 290 95 95 291 291 94 94 292 292 93 93 293 293 95 95 294 294 96 96 295 295 94 94 296 296 97 97 297 297 96 96 298 298 95 95 299 299 97 97 300 300 98 98 301 301 96 96 302 302 99 99 303 303 98 98 304 304 97 97 305 305 99 99 306 306 100 100 307 307 98 98 308 308 101 101 309 309 100 100 310 310 99 99 311 311 101 101 312 312 102 102 313 313 100 100 314 314 103 103 315 315 102 102 316 316 101 101 317 317 103 103 318 318 104 104 319 319 102 102 320 320 105 105 321 321 104 104 322 322 103 103 323 323 105 105 324 324 106 106 325 325 104 104 326 326 107 107 327 327 106 106 328 328 105 105 329 329 107 107 330 330 108 108 331 331 106 106 332 332 109 109 333 333 108 108 334 334 107 107 335 335 109 109 336 336 110 110 337 337 108 108 338 338 111 111 339 339 110 110 340 340 109 109 341 341 111 111 342 342 112 112 343 343 110 110 344 344 113 113 345 345 112 112 346 346 111 111 347 347 113 113 348 348 114 114 349 349 112 112 350 350 115 115 351 351 114 114 352 352 113 113 353 353 115 115 354 354 116 116 355 355 114 114 356 356 117 117 357 357 116 116 358 358 115 115 359 359 117 117 360 360 118 118 361 361 116 116 362 362 119 119 363 363 118 118 364 364 117 117 365 365 119 119 366 366 120 120 367 367 118 118 368 368 19 19 369 369 120 120 370 370 119 119 371 371 19 19 372 372 21 21 373 373 120 120 374 374 121 121 375 375 53 53 376 376 55 55 377 377 121 121 378 378 122 122 379 379 53 53 380 380 123 123 381 381 122 122 382 382 121 121 383 383 123 123 384 384 124 124 385 385 122 122 386 386 125 125 387 387 124 124 388 388 123 123 389 389 125 125 390 390 126 126 391 391 124 124 392 392 127 127 393 393 126 126 394 394 125 125 395 395 127 127 396 396 128 128 397 397 126 126 398 398 129 129 399 399 128 128 400 400 127 127 401 401 129 129 402 402 130 130 403 403 128 128 404 404 131 131 405 405 130 130 406 406 129 129 407 407 131 131 408 408 132 132 409 409 130 130 410 410 133 133 411 411 132 132 412 412 131 131 413 413 133 133 414 414 134 134 415 415 132 132 416 416 135 135 417 417 134 134 418 418 133 133 419 419 135 135 420 420 136 136 421 421 134 134 422 422 137 137 423 423 136 136 424 424 135 135 425 425 137 137 426 426 138 138 427 427 136 136 428 428 139 139 429 429 138 138 430 430 137 137 431 431 139 139 432 432 140 140 433 433 138 138 434 434 141 141 435 435 140 140 436 436 139 139 437 437 141 141 438 438 142 142 439 439 140 140 440 440 143 143 441 441 142 142 442 442 141 141 443 443 143 143 444 444 144 144 445 445 142 142 446 446 145 145 447 447 144 144 448 448 143 143 449 449 145 145 450 450 146 146 451 451 144 144 452 452 147 147 453 453 146 146 454 454 145 145 455 455 147 147 456 456 148 148 457 457 146 146 458 458 149 149 459 459 148 148 460 460 147 147 461 461 149 149 462 462 150 150 463 463 148 148 464 464 151 151 465 465 150 150 466 466 149 149 467 467 151 151 468 468 152 152 469 469 150 150 470 470 153 153 471 471 152 152 472 472 151 151 473 473 153 153 474 474 154 154 475 475 152 152 476 476 155 155 477 477 154 154 478 478 153 153 479 479 155 155 480 480 156 156 481 481 154 154 482 482 157 157 483 483 156 156 484 484 155 155 485 485 157 157 486 486 158 158 487 487 156 156 488 488 159 159 489 489 158 158 490 490 157 157 491 491 159 159 492 492 160 160 493 493 158 158 494 494 161 161 495 495 160 160 496 496 159 159 497 497 161 161 498 498 162 162 499 499 160 160 500 500 27 27 501 501 162 162 502 502 161 161 503 503 27 27 504 504 29 29 505 505 162 162 506 506 82 82 507 507 59 59 508 508 61 61 509 509 82 82 510 510 163 163 511 511 59 59 512 512 84 84 513 513 163 163 514 514 82 82 515 515 84 84 516 516 164 164 517 517 163 163 518 518 86 86 519 519 164 164 520 520 84 84 521 521 86 86 522 522 165 165 523 523 164 164 524 524 88 88 525 525 165 165 526 526 86 86 527 527 88 88 528 528 166 166 529 529 165 165 530 530 90 90 531 531 166 166 532 532 88 88 533 533 90 90 534 534 167 167 535 535 166 166 536 536 91 91 537 537 167 167 538 538 90 90 539 539 91 91 540 540 168 168 541 541 167 167 542 542 92 92 543 543 168 168 544 544 91 91 545 545 92 92 546 546 169 169 547 547 168 168 548 548 94 94 549 549 169 169 550 550 92 92 551 551 94 94 552 552 170 170 553 553 169 169 554 554 96 96 555 555 170 170 556 556 94 94 557 557 96 96 558 558 171 171 559 559 170 170 560 560 98 98 561 561 171 171 562 562 96 96 563 563 98 98 564 564 172 172 565 565 171 171 566 566 100 100 567 567 172 172 568 568 98 98 569 569 100 100 570 570 173 173 571 571 172 172 572 572 102 102 573 573 173 173 574 574 100 100 575 575 102 102 576 576 174 174 577 577 173 173 578 578 104 104 579 579 174 174 580 580 102 102 581 581 104 104 582 582 175 175 583 583 174 174 584 584 106 106 585 585 175 175 586 586 104 104 587 587 106 106 588 588 176 176 589 589 175 175 590 590 108 108 591 591 176 176 592 592 106 106 593 593 108 108 594 594 177 177 595 595 176 176 596 596 110 110 597 597 177 177 598 598 108 108 599 599 110 110 600 600 178 178 601 601 177 177 602 602 112 112 603 603 178 178 604 604 110 110 605 605 112 112 606 606 179 179 607 607 178 178 608 608 114 114 609 609 179 179 610 610 112 112 611 611 114 114 612 612 180 180 613 613 179 179 614 614 116 116 615 615 180 180 616 616 114 114 617 617 116 116 618 618 181 181 619 619 180 180 620 620 118 118 621 621 181 181 622 622 116 116 623 623 118 118 624 624 182 182 625 625 181 181 626 626 120 120 627 627 182 182 628 628 118 118 629 629 120 120 630 630 183 183 631 631 182 182 632 632 21 21 633 633 183 183 634 634 120 120 635 635 21 21 636 636 23 23 637 637 183 183 638 638 163 163 639 639 57 57 640 640 59 59 641 641 163 163 642 642 184 184 643 643 57 57 644 644 164 164 645 645 184 184 646 646 163 163 647 647 164 164 648 648 185 185 649 649 184 184 650 650 165 165 651 651 185 185 652 652 164 164 653 653 165 165 654 654 186 186 655 655 185 185 656 656 166 166 657 657 186 186 658 658 165 165 659 659 166 166 660 660 187 187 661 661 186 186 662 662 167 167 663 663 187 187 664 664 166 166 665 665 167 167 666 666 188 188 667 667 187 187 668 668 168 168 669 669 188 188 670 670 167 167 671 671 168 168 672 672 189 189 673 673 188 188 674 674 169 169 675 675 189 189 676 676 168 168 677 677 169 169 678 678 190 190 679 679 189 189 680 680 170 170 681 681 190 190 682 682 169 169 683 683 170 170 684 684 191 191 685 685 190 190 686 686 171 171 687 687 191 191 688 688 170 170 689 689 171 171 690 690 192 192 691 691 191 191 692 692 172 172 693 693 192 192 694 694 171 171 695 695 172 172 696 696 193 193 697 697 192 192 698 698 173 173 699 699 193 193 700 700 172 172 701 701 173 173 702 702 194 194 703 703 193 193 704 704 174 174 705 705 194 194 706 706 173 173 707 707 174 174 708 708 195 195 709 709 194 194 710 710 175 175 711 711 195 195 712 712 174 174 713 713 175 175 714 714 196 196 715 715 195 195 716 716 176 176 717 717 196 196 718 718 175 175 719 719 176 176 720 720 197 197 721 721 196 196 722 722 177 177 723 723 197 197 724 724 176 176 725 725 177 177 726 726 198 198 727 727 197 197 728 728 178 178 729 729 198 198 730 730 177 177 731 731 178 178 732 732 199 199 733 733 198 198 734 734 179 179 735 735 199 199 736 736 178 178 737 737 179 179 738 738 200 200 739 739 199 199 740 740 180 180 741 741 200 200 742 742 179 179 743 743 180 180 744 744 201 201 745 745 200 200 746 746 181 181 747 747 201 201 748 748 180 180 749 749 181 181 750 750 202 202 751 751 201 201 752 752 182 182 753 753 202 202 754 754 181 181 755 755 182 182 756 756 203 203 757 757 202 202 758 758 183 183 759 759 203 203 760 760 182 182 761 761 183 183 762 762 204 204 763 763 203 203 764 764 23 23 765 765 204 204 766 766 183 183 767 767 23 23 768 768 25 25 769 769 204 204 770 770 184 184 771 771 55 55 772 772 57 57 773 773 184 184 774 774 121 121 775 775 55 55 776 776 185 185 777 777 121 121 778 778 184 184 779 779 185 185 780 780 123 123 781 781 121 121 782 782 186 186 783 783 123 123 784 784 185 185 785 785 186 186 786 786 125 125 787 787 123 123 788 788 187 187 789 789 125 125 790 790 186 186 791 791 187 187 792 792 127 127 793 793 125 125 794 794 188 188 795 795 127 127 796 796 187 187 797 797 188 188 798 798 129 129 799 799 127 127 800 800 189 189 801 801 129 129 802 802 188 188 803 803 189 189 804 804 131 131 805 805 129 129 806 806 190 190 807 807 131 131 808 808 189 189 809 809 190 190 810 810 133 133 811 811 131 131 812 812 191 191 813 813 133 133 814 814 190 190 815 815 191 191 816 816 135 135 817 817 133 133 818 818 192 192 819 819 135 135 820 820 191 191 821 821 192 192 822 822 137 137 823 823 135 135 824 824 193 193 825 825 137 137 826 826 192 192 827 827 193 193 828 828 139 139 829 829 137 137 830 830 194 194 831 831 139 139 832 832 193 193 833 833 194 194 834 834 141 141 835 835 139 139 836 836 195 195 837 837 141 141 838 838 194 194 839 839 195 195 840 840 143 143 841 841 141 141 842 842 196 196 843 843 143 143 844 844 195 195 845 845 196 196 846 846 145 145 847 847 143 143 848 848 197 197 849 849 145 145 850 850 196 196 851 851 197 197 852 852 147 147 853 853 145 145 854 854 198 198 855 855 147 147 856 856 197 197 857 857 198 198 858 858 149 149 859 859 147 147 860 860 199 199 861 861 149 149 862 862 198 198 863 863 199 199 864 864 151 151 865 865 149 149 866 866 200 200 867 867 151 151 868 868 199 199 869 869 200 200 870 870 153 153 871 871 151 151 872 872 201 201 873 873 153 153 874 874 200 200 875 875 201 201 876 876 155 155 877 877 153 153 878 878 202 202 879 879 155 155 880 880 201 201 881 881 202 202 882 882 157 157 883 883 155 155 884 884 203 203 885 885 157 157 886 886 202 202 887 887 203 203 888 888 159 159 889 889 157 157 890 890 204 204 891 891 159 159 892 892 203 203 893 893 204 204 894 894 161 161 895 895 159 159 896 896 25 25 897 897 161 161 898 898 204 204 899 899 25 25 900 900 27 27 901 901 161 161 902 902 122 122 903 903 51 51 904 904 53 53 905 905 122 122 906 906 205 205 907 907 51 51 908 908 124 124 909 909 205 205 910 910 122 122 911 911 124 124 912 912 206 206 913 913 205 205 914 914 126 126 915 915 206 206 916 916 124 124 917 917 126 126 918 918 207 207 919 919 206 206 920 920 128 128 921 921 207 207 922 922 126 126 923 923 128 128 924 924 208 208 925 925 207 207 926 926 130 130 927 927 208 208 928 928 128 128 929 929 130 130 930 930 209 209 931 931 208 208 932 932 132 132 933 933 209 209 934 934 130 130 935 935 132 132 936 936 210 210 937 937 209 209 938 938 134 134 939 939 210 210 940 940 132 132 941 941 134 134 942 942 211 211 943 943 210 210 944 944 136 136 945 945 211 211 946 946 134 134 947 947 136 136 948 948 212 212 949 949 211 211 950 950 138 138 951 951 212 212 952 952 136 136 953 953 138 138 954 954 213 213 955 955 212 212 956 956 140 140 957 957 213 213 958 958 138 138 959 959 140 140 960 960 214 214 961 961 213 213 962 962 142 142 963 963 214 214 964 964 140 140 965 965 142 142 966 966 215 215 967 967 214 214 968 968 144 144 969 969 215 215 970 970 142 142 971 971 144 144 972 972 216 216 973 973 215 215 974 974 146 146 975 975 216 216 976 976 144 144 977 977 146 146 978 978 217 217 979 979 216 216 980 980 148 148 981 981 217 217 982 982 146 146 983 983 148 148 984 984 218 218 985 985 217 217 986 986 150 150 987 987 218 218 988 988 148 148 989 989 150 150 990 990 219 219 991 991 218 218 992 992 152 152 993 993 219 219 994 994 150 150 995 995 152 152 996 996 220 220 997 997 219 219 998 998 154 154 999 999 220 220 1000 1000 152 152 1001 1001 154 154 1002 1002 221 221 1003 1003 220 220 1004 1004 156 156 1005 1005 221 221 1006 1006 154 154 1007 1007 156 156 1008 1008 222 222 1009 1009 221 221 1010 1010 158 158 1011 1011 222 222 1012 1012 156 156 1013 1013 158 158 1014 1014 223 223 1015 1015 222 222 1016 1016 160 160 1017 1017 223 223 1018 1018 158 158 1019 1019 160 160 1020 1020 224 224 1021 1021 223 223 1022 1022 162 162 1023 1023 224 224 1024 1024 160 160 1025 1025 162 162 1026 1026 225 225 1027 1027 224 224 1028 1028 29 29 1029 1029 225 225 1030 1030 162 162 1031 1031 29 29 1032 1032 31 31 1033 1033 225 225 1034 1034 205 205 1035 1035 49 49 1036 1036 51 51 1037 1037 205 205 1038 1038 226 226 1039 1039 49 49 1040 1040 206 206 1041 1041 226 226 1042 1042 205 205 1043 1043 206 206 1044 1044 227 227 1045 1045 226 226 1046 1046 207 207 1047 1047 227 227 1048 1048 206 206 1049 1049 207 207 1050 1050 228 228 1051 1051 227 227 1052 1052 208 208 1053 1053 228 228 1054 1054 207 207 1055 1055 208 208 1056 1056 229 229 1057 1057 228 228 1058 1058 209 209 1059 1059 229 229 1060 1060 208 208 1061 1061 209 209 1062 1062 230 230 1063 1063 229 229 1064 1064 210 210 1065 1065 230 230 1066 1066 209 209 1067 1067 210 210 1068 1068 231 231 1069 1069 230 230 1070 1070 211 211 1071 1071 231 231 1072 1072 210 210 1073 1073 211 211 1074 1074 232 232 1075 1075 231 231 1076 1076 212 212 1077 1077 232 232 1078 1078 211 211 1079 1079 212 212 1080 1080 233 233 1081 1081 232 232 1082 1082 213 213 1083 1083 233 233 1084 1084 212 212 1085 1085 213 213 1086 1086 234 234 1087 1087 233 233 1088 1088 214 214 1089 1089 234 234 1090 1090 213 213 1091 1091 214 214 1092 1092 235 235 1093 1093 234 234 1094 1094 215 215 1095 1095 235 235 1096 1096 214 214 1097 1097 215 215 1098 1098 236 236 1099 1099 235 235 1100 1100 216 216 1101 1101 236 236 1102 1102 215 215 1103 1103 216 216 1104 1104 237 237 1105 1105 236 236 1106 1106 217 217 1107 1107 237 237 1108 1108 216 216 1109 1109 217 217 1110 1110 238 238 1111 1111 237 237 1112 1112 218 218 1113 1113 238 238 1114 1114 217 217 1115 1115 218 218 1116 1116 239 239 1117 1117 238 238 1118 1118 219 219 1119 1119 239 239 1120 1120 218 218 1121 1121 219 219 1122 1122 240 240 1123 1123 239 239 1124 1124 220 220 1125 1125 240 240 1126 1126 219 219 1127 1127 220 220 1128 1128 241 241 1129 1129 240 240 1130 1130 221 221 1131 1131 241 241 1132 1132 220 220 1133 1133 221 221 1134 1134 242 242 1135 1135 241 241 1136 1136 222 222 1137 1137 242 242 1138 1138 221 221 1139 1139 222 222 1140 1140 243 243 1141 1141 242 242 1142 1142 223 223 1143 1143 243 243 1144 1144 222 222 1145 1145 223 223 1146 1146 244 244 1147 1147 243 243 1148 1148 224 224 1149 1149 244 244 1150 1150 223 223 1151 1151 224 224 1152 1152 245 245 1153 1153 244 244 1154 1154 225 225 1155 1155 245 245 1156 1156 224 224 1157 1157 225 225 1158 1158 246 246 1159 1159 245 245 1160 1160 31 31 1161 1161 246 246 1162 1162 225 225 1163 1163 31 31 1164 1164 33 33 1165 1165 246 246 1166 1166 3 3 1167 1167 93 93 1168 1168 1 1 1169 1169 3 3 1170 1170 247 247 1171 1171 93 93 1172 1172 5 5 1173 1173 247 247 1174 1174 3 3 1175 1175 5 5 1176 1176 248 248 1177 1177 247 247 1178 1178 7 7 1179 1179 248 248 1180 1180 5 5 1181 1181 7 7 1182 1182 249 249 1183 1183 248 248 1184 1184 9 9 1185 1185 249 249 1186 1186 7 7 1187 1187 9 9 1188 1188 250 250 1189 1189 249 249 1190 1190 11 11 1191 1191 250 250 1192 1192 9 9 1193 1193 11 11 1194 1194 251 251 1195 1195 250 250 1196 1196 13 13 1197 1197 251 251 1198 1198 11 11 1199 1199 13 13 1200 1200 252 252 1201 1201 251 251 1202 1202 15 15 1203 1203 252 252 1204 1204 13 13 1205 1205 15 15 1206 1206 253 253 1207 1207 252 252 1208 1208 17 17 1209 1209 253 253 1210 1210 15 15 1211 1211 17 17 1212 1212 119 119 1213 1213 253 253 1214 1214 19 19 1215 1215 119 119 1216 1216 17 17 1217 1217 64 64 1218 1218 68 68 1219 1219 66 66 1220 1220 64 64 1221 1221 254 254 1222 1222 68 68 1223 1223 62 62 1224 1224 254 254 1225 1225 64 64 1226 1226 62 62 1227 1227 255 255 1228 1228 254 254 1229 1229 60 60 1230 1230 255 255 1231 1231 62 62 1232 1232 60 60 1233 1233 256 256 1234 1234 255 255 1235 1235 58 58 1236 1236 256 256 1237 1237 60 60 1238 1238 58 58 1239 1239 257 257 1240 1240 256 256 1241 1241 56 56 1242 1242 257 257 1243 1243 58 58 1244 1244 56 56 1245 1245 258 258 1246 1246 257 257 1247 1247 54 54 1248 1248 258 258 1249 1249 56 56 1250 1250 54 54 1251 1251 259 259 1252 1252 258 258 1253 1253 52 52 1254 1254 259 259 1255 1255 54 54 1256 1256 52 52 1257 1257 48 48 1258 1258 259 259 1259 1259 50 50 1260 1260 48 48 1261 1261 52 52 1262 1262 247 247 1263 1263 95 95 1264 1264 93 93 1265 1265 247 247 1266 1266 260 260 1267 1267 95 95 1268 1268 248 248 1269 1269 260 260 1270 1270 247 247 1271 1271 248 248 1272 1272 261 261 1273 1273 260 260 1274 1274 249 249 1275 1275 261 261 1276 1276 248 248 1277 1277 249 249 1278 1278 262 262 1279 1279 261 261 1280 1280 250 250 1281 1281 262 262 1282 1282 249 249 1283 1283 250 250 1284 1284 263 263 1285 1285 262 262 1286 1286 251 251 1287 1287 263 263 1288 1288 250 250 1289 1289 251 251 1290 1290 264 264 1291 1291 263 263 1292 1292 252 252 1293 1293 264 264 1294 1294 251 251 1295 1295 252 252 1296 1296 265 265 1297 1297 264 264 1298 1298 253 253 1299 1299 265 265 1300 1300 252 252 1301 1301 253 253 1302 1302 117 117 1303 1303 265 265 1304 1304 119 119 1305 1305 117 117 1306 1306 253 253 1307 1307 266 266 1308 1308 77 77 1309 1309 79 79 1310 1310 266 266 1311 1311 267 267 1312 1312 77 77 1313 1313 268 268 1314 1314 267 267 1315 1315 266 266 1316 1316 268 268 1317 1317 269 269 1318 1318 267 267 1319 1319 270 270 1320 1320 269 269 1321 1321 268 268 1322 1322 270 270 1323 1323 271 271 1324 1324 269 269 1325 1325 272 272 1326 1326 271 271 1327 1327 270 270 1328 1328 272 272 1329 1329 273 273 1330 1330 271 271 1331 1331 274 274 1332 1332 273 273 1333 1333 272 272 1334 1334 274 274 1335 1335 275 275 1336 1336 273 273 1337 1337 276 276 1338 1338 275 275 1339 1339 274 274 1340 1340 276 276 1341 1341 277 277 1342 1342 275 275 1343 1343 16 16 1344 1344 277 277 1345 1345 276 276 1346 1346 16 16 1347 1347 14 14 1348 1348 277 277 1349 1349 278 278 1350 1350 33 33 1351 1351 35 35 1352 1352 278 278 1353 1353 246 246 1354 1354 33 33 1355 1355 279 279 1356 1356 246 246 1357 1357 278 278 1358 1358 279 279 1359 1359 245 245 1360 1360 246 246 1361 1361 280 280 1362 1362 245 245 1363 1363 279 279 1364 1364 280 280 1365 1365 244 244 1366 1366 245 245 1367 1367 281 281 1368 1368 244 244 1369 1369 280 280 1370 1370 281 281 1371 1371 243 243 1372 1372 244 244 1373 1373 282 282 1374 1374 243 243 1375 1375 281 281 1376 1376 282 282 1377 1377 242 242 1378 1378 243 243 1379 1379 283 283 1380 1380 242 242 1381 1381 282 282 1382 1382 283 283 1383 1383 241 241 1384 1384 242 242 1385 1385 239 239 1386 1386 241 241 1387 1387 283 283 1388 1388 239 239 1389 1389 240 240 1390 1390 241 241 1391 1391 30 30 1392 1392 79 79 1393 1393 32 32 1394 1394 30 30 1395 1395 266 266 1396 1396 79 79 1397 1397 28 28 1398 1398 266 266 1399 1399 30 30 1400 1400 28 28 1401 1401 268 268 1402 1402 266 266 1403 1403 26 26 1404 1404 268 268 1405 1405 28 28 1406 1406 26 26 1407 1407 270 270 1408 1408 268 268 1409 1409 24 24 1410 1410 270 270 1411 1411 26 26 1412 1412 24 24 1413 1413 272 272 1414 1414 270 270 1415 1415 22 22 1416 1416 272 272 1417 1417 24 24 1418 1418 22 22 1419 1419 274 274 1420 1420 272 272 1421 1421 20 20 1422 1422 274 274 1423 1423 22 22 1424 1424 20 20 1425 1425 276 276 1426 1426 274 274 1427 1427 18 18 1428 1428 276 276 1429 1429 20 20 1430 1430 18 18 1431 1431 16 16 1432 1432 276 276 1433 1433 267 267 1434 1434 75 75 1435 1435 77 77 1436 1436 267 267 1437 1437 284 284 1438 1438 75 75 1439 1439 269 269 1440 1440 284 284 1441 1441 267 267 1442 1442 269 269 1443 1443 285 285 1444 1444 284 284 1445 1445 271 271 1446 1446 285 285 1447 1447 269 269 1448 1448 271 271 1449 1449 286 286 1450 1450 285 285 1451 1451 273 273 1452 1452 286 286 1453 1453 271 271 1454 1454 273 273 1455 1455 287 287 1456 1456 286 286 1457 1457 275 275 1458 1458 287 287 1459 1459 273 273 1460 1460 275 275 1461 1461 288 288 1462 1462 287 287 1463 1463 277 277 1464 1464 288 288 1465 1465 275 275 1466 1466 277 277 1467 1467 289 289 1468 1468 288 288 1469 1469 14 14 1470 1470 289 289 1471 1471 277 277 1472 1472 14 14 1473 1473 12 12 1474 1474 289 289 1475 1475 284 284 1476 1476 73 73 1477 1477 75 75 1478 1478 284 284 1479 1479 290 290 1480 1480 73 73 1481 1481 285 285 1482 1482 290 290 1483 1483 284 284 1484 1484 285 285 1485 1485 291 291 1486 1486 290 290 1487 1487 286 286 1488 1488 291 291 1489 1489 285 285 1490 1490 286 286 1491 1491 292 292 1492 1492 291 291 1493 1493 287 287 1494 1494 292 292 1495 1495 286 286 1496 1496 287 287 1497 1497 293 293 1498 1498 292 292 1499 1499 288 288 1500 1500 293 293 1501 1501 287 287 1502 1502 288 288 1503 1503 294 294 1504 1504 293 293 1505 1505 289 289 1506 1506 294 294 1507 1507 288 288 1508 1508 289 289 1509 1509 295 295 1510 1510 294 294 1511 1511 12 12 1512 1512 295 295 1513 1513 289 289 1514 1514 12 12 1515 1515 10 10 1516 1516 295 295 1517 1517 290 290 1518 1518 71 71 1519 1519 73 73 1520 1520 290 290 1521 1521 296 296 1522 1522 71 71 1523 1523 291 291 1524 1524 296 296 1525 1525 290 290 1526 1526 291 291 1527 1527 297 297 1528 1528 296 296 1529 1529 292 292 1530 1530 297 297 1531 1531 291 291 1532 1532 292 292 1533 1533 298 298 1534 1534 297 297 1535 1535 293 293 1536 1536 298 298 1537 1537 292 292 1538 1538 293 293 1539 1539 299 299 1540 1540 298 298 1541 1541 294 294 1542 1542 299 299 1543 1543 293 293 1544 1544 294 294 1545 1545 300 300 1546 1546 299 299 1547 1547 295 295 1548 1548 300 300 1549 1549 294 294 1550 1550 295 295 1551 1551 301 301 1552 1552 300 300 1553 1553 10 10 1554 1554 301 301 1555 1555 295 295 1556 1556 10 10 1557 1557 8 8 1558 1558 301 301 1559 1559 296 296 1560 1560 69 69 1561 1561 71 71 1562 1562 296 296 1563 1563 302 302 1564 1564 69 69 1565 1565 297 297 1566 1566 302 302 1567 1567 296 296 1568 1568 297 297 1569 1569 303 303 1570 1570 302 302 1571 1571 298 298 1572 1572 303 303 1573 1573 297 297 1574 1574 298 298 1575 1575 304 304 1576 1576 303 303 1577 1577 299 299 1578 1578 304 304 1579 1579 298 298 1580 1580 299 299 1581 1581 305 305 1582 1582 304 304 1583 1583 300 300 1584 1584 305 305 1585 1585 299 299 1586 1586 300 300 1587 1587 306 306 1588 1588 305 305 1589 1589 301 301 1590 1590 306 306 1591 1591 300 300 1592 1592 301 301 1593 1593 307 307 1594 1594 306 306 1595 1595 8 8 1596 1596 307 307 1597 1597 301 301 1598 1598 8 8 1599 1599 6 6 1600 1600 307 307 1601 1601 302 302 1602 1602 67 67 1603 1603 69 69 1604 1604 302 302 1605 1605 308 308 1606 1606 67 67 1607 1607 303 303 1608 1608 308 308 1609 1609 302 302 1610 1610 303 303 1611 1611 309 309 1612 1612 308 308 1613 1613 304 304 1614 1614 309 309 1615 1615 303 303 1616 1616 304 304 1617 1617 310 310 1618 1618 309 309 1619 1619 305 305 1620 1620 310 310 1621 1621 304 304 1622 1622 305 305 1623 1623 311 311 1624 1624 310 310 1625 1625 306 306 1626 1626 311 311 1627 1627 305 305 1628 1628 306 306 1629 1629 312 312 1630 1630 311 311 1631 1631 307 307 1632 1632 312 312 1633 1633 306 306 1634 1634 307 307 1635 1635 313 313 1636 1636 312 312 1637 1637 6 6 1638 1638 313 313 1639 1639 307 307 1640 1640 6 6 1641 1641 4 4 1642 1642 313 313 1643 1643 308 308 1644 1644 65 65 1645 1645 67 67 1646 1646 308 308 1647 1647 314 314 1648 1648 65 65 1649 1649 309 309 1650 1650 314 314 1651 1651 308 308 1652 1652 309 309 1653 1653 315 315 1654 1654 314 314 1655 1655 310 310 1656 1656 315 315 1657 1657 309 309 1658 1658 310 310 1659 1659 316 316 1660 1660 315 315 1661 1661 311 311 1662 1662 316 316 1663 1663 310 310 1664 1664 311 311 1665 1665 317 317 1666 1666 316 316 1667 1667 312 312 1668 1668 317 317 1669 1669 311 311 1670 1670 312 312 1671 1671 318 318 1672 1672 317 317 1673 1673 313 313 1674 1674 318 318 1675 1675 312 312 1676 1676 313 313 1677 1677 319 319 1678 1678 318 318 1679 1679 4 4 1680 1680 319 319 1681 1681 313 313 1682 1682 4 4 1683 1683 2 0 1684 1684 319 319 1685 1685 226 226 1686 1686 47 47 1687 1687 49 49 1688 1688 226 226 1689 1689 320 320 1690 1690 47 47 1691 1691 227 227 1692 1692 320 320 1693 1693 226 226 1694 1694 227 227 1695 1695 321 321 1696 1696 320 320 1697 1697 228 228 1698 1698 321 321 1699 1699 227 227 1700 1700 228 228 1701 1701 322 322 1702 1702 321 321 1703 1703 229 229 1704 1704 322 322 1705 1705 228 228 1706 1706 229 229 1707 1707 323 323 1708 1708 322 322 1709 1709 230 230 1710 1710 323 323 1711 1711 229 229 1712 1712 230 230 1713 1713 324 324 1714 1714 323 323 1715 1715 231 231 1716 1716 324 324 1717 1717 230 230 1718 1718 231 231 1719 1719 325 325 1720 1720 324 324 1721 1721 232 232 1722 1722 325 325 1723 1723 231 231 1724 1724 232 232 1725 1725 233 233 1726 1726 325 325 1727 1727 320 320 1728 1728 45 45 1729 1729 47 47 1730 1730 320 320 1731 1731 326 326 1732 1732 45 45 1733 1733 321 321 1734 1734 326 326 1735 1735 320 320 1736 1736 321 321 1737 1737 327 327 1738 1738 326 326 1739 1739 322 322 1740 1740 327 327 1741 1741 321 321 1742 1742 322 322 1743 1743 328 328 1744 1744 327 327 1745 1745 323 323 1746 1746 328 328 1747 1747 322 322 1748 1748 323 323 1749 1749 329 329 1750 1750 328 328 1751 1751 324 324 1752 1752 329 329 1753 1753 323 323 1754 1754 324 324 1755 1755 330 330 1756 1756 329 329 1757 1757 325 325 1758 1758 330 330 1759 1759 324 324 1760 1760 325 325 1761 1761 331 331 1762 1762 330 330 1763 1763 233 233 1764 1764 331 331 1765 1765 325 325 1766 1766 233 233 1767 1767 234 234 1768 1768 331 331 1769 1769 326 326 1770 1770 43 43 1771 1771 45 45 1772 1772 326 326 1773 1773 332 332 1774 1774 43 43 1775 1775 327 327 1776 1776 332 332 1777 1777 326 326 1778 1778 327 327 1779 1779 333 333 1780 1780 332 332 1781 1781 328 328 1782 1782 333 333 1783 1783 327 327 1784 1784 328 328 1785 1785 334 334 1786 1786 333 333 1787 1787 329 329 1788 1788 334 334 1789 1789 328 328 1790 1790 329 329 1791 1791 335 335 1792 1792 334 334 1793 1793 330 330 1794 1794 335 335 1795 1795 329 329 1796 1796 330 330 1797 1797 336 336 1798 1798 335 335 1799 1799 331 331 1800 1800 336 336 1801 1801 330 330 1802 1802 331 331 1803 1803 337 337 1804 1804 336 336 1805 1805 234 234 1806 1806 337 337 1807 1807 331 331 1808 1808 234 234 1809 1809 235 235 1810 1810 337 337 1811 1811 332 332 1812 1812 41 41 1813 1813 43 43 1814 1814 332 332 1815 1815 338 338 1816 1816 41 41 1817 1817 333 333 1818 1818 338 338 1819 1819 332 332 1820 1820 333 333 1821 1821 339 339 1822 1822 338 338 1823 1823 334 334 1824 1824 339 339 1825 1825 333 333 1826 1826 334 334 1827 1827 340 340 1828 1828 339 339 1829 1829 335 335 1830 1830 340 340 1831 1831 334 334 1832 1832 335 335 1833 1833 341 341 1834 1834 340 340 1835 1835 336 336 1836 1836 341 341 1837 1837 335 335 1838 1838 336 336 1839 1839 342 342 1840 1840 341 341 1841 1841 337 337 1842 1842 342 342 1843 1843 336 336 1844 1844 337 337 1845 1845 343 343 1846 1846 342 342 1847 1847 235 235 1848 1848 343 343 1849 1849 337 337 1850 1850 235 235 1851 1851 236 236 1852 1852 343 343 1853 1853 338 338 1854 1854 39 39 1855 1855 41 41 1856 1856 338 338 1857 1857 344 344 1858 1858 39 39 1859 1859 339 339 1860 1860 344 344 1861 1861 338 338 1862 1862 339 339 1863 1863 345 345 1864 1864 344 344 1865 1865 340 340 1866 1866 345 345 1867 1867 339 339 1868 1868 340 340 1869 1869 346 346 1870 1870 345 345 1871 1871 341 341 1872 1872 346 346 1873 1873 340 340 1874 1874 341 341 1875 1875 347 347 1876 1876 346 346 1877 1877 342 342 1878 1878 347 347 1879 1879 341 341 1880 1880 342 342 1881 1881 348 348 1882 1882 347 347 1883 1883 343 343 1884 1884 348 348 1885 1885 342 342 1886 1886 343 343 1887 1887 349 349 1888 1888 348 348 1889 1889 236 236 1890 1890 349 349 1891 1891 343 343 1892 1892 236 236 1893 1893 237 237 1894 1894 349 349 1895 1895 344 344 1896 1896 37 37 1897 1897 39 39 1898 1898 344 344 1899 1899 350 350 1900 1900 37 37 1901 1901 345 345 1902 1902 350 350 1903 1903 344 344 1904 1904 345 345 1905 1905 351 351 1906 1906 350 350 1907 1907 346 346 1908 1908 351 351 1909 1909 345 345 1910 1910 346 346 1911 1911 352 352 1912 1912 351 351 1913 1913 347 347 1914 1914 352 352 1915 1915 346 346 1916 1916 347 347 1917 1917 353 353 1918 1918 352 352 1919 1919 348 348 1920 1920 353 353 1921 1921 347 347 1922 1922 348 348 1923 1923 354 354 1924 1924 353 353 1925 1925 349 349 1926 1926 354 354 1927 1927 348 348 1928 1928 349 349 1929 1929 355 355 1930 1930 354 354 1931 1931 237 237 1932 1932 355 355 1933 1933 349 349 1934 1934 237 237 1935 1935 238 238 1936 1936 355 355 1937 1937 350 350 1938 1938 35 35 1939 1939 37 37 1940 1940 350 350 1941 1941 278 278 1942 1942 35 35 1943 1943 351 351 1944 1944 278 278 1945 1945 350 350 1946 1946 351 351 1947 1947 279 279 1948 1948 278 278 1949 1949 352 352 1950 1950 279 279 1951 1951 351 351 1952 1952 352 352 1953 1953 280 280 1954 1954 279 279 1955 1955 353 353 1956 1956 280 280 1957 1957 352 352 1958 1958 353 353 1959 1959 281 281 1960 1960 280 280 1961 1961 354 354 1962 1962 281 281 1963 1963 353 353 1964 1964 354 354 1965 1965 282 282 1966 1966 281 281 1967 1967 355 355 1968 1968 282 282 1969 1969 354 354 1970 1970 355 355 1971 1971 283 283 1972 1972 282 282 1973 1973 238 238 1974 1974 283 283 1975 1975 355 355 1976 1976 238 238 1977 1977 239 239 1978 1978 283 283 1979 1979 314 314 1980 1980 63 63 1981 1981 65 65 1982 1982 314 314 1983 1983 81 81 1984 1984 63 63 1985 1985 315 315 1986 1986 81 81 1987 1987 314 314 1988 1988 315 315 1989 1989 83 83 1990 1990 81 81 1991 1991 316 316 1992 1992 83 83 1993 1993 315 315 1994 1994 316 316 1995 1995 85 85 1996 1996 83 83 1997 1997 317 317 1998 1998 85 85 1999 1999 316 316 2000 2000 317 317 2001 2001 87 87 2002 2002 85 85 2003 2003 318 318 2004 2004 87 87 2005 2005 317 317 2006 2006 318 318 2007 2007 89 89 2008 2008 87 87 2009 2009 319 319 2010 2010 89 89 2011 2011 318 318 2012 2012 319 319 2013 2013 0 2 2014 2014 89 89 2015 2015 2 0 2016 2016 0 2 2017 2017 319 319 2018 2018 254 254 2019 2019 70 70 2020 2020 68 68 2021 2021 254 254 2022 2022 356 356 2023 2023 70 70 2024 2024 255 255 2025 2025 356 356 2026 2026 254 254 2027 2027 255 255 2028 2028 357 357 2029 2029 356 356 2030 2030 256 256 2031 2031 357 357 2032 2032 255 255 2033 2033 256 256 2034 2034 358 358 2035 2035 357 357 2036 2036 257 257 2037 2037 358 358 2038 2038 256 256 2039 2039 257 257 2040 2040 359 359 2041 2041 358 358 2042 2042 258 258 2043 2043 359 359 2044 2044 257 257 2045 2045 258 258 2046 2046 360 360 2047 2047 359 359 2048 2048 259 259 2049 2049 360 360 2050 2050 258 258 2051 2051 259 259 2052 2052 46 46 2053 2053 360 360 2054 2054 48 48 2055 2055 46 46 2056 2056 259 259 2057 2057 260 260 2058 2058 97 97 2059 2059 95 95 2060 2060 260 260 2061 2061 361 361 2062 2062 97 97 2063 2063 261 261 2064 2064 361 361 2065 2065 260 260 2066 2066 261 261 2067 2067 362 362 2068 2068 361 361 2069 2069 262 262 2070 2070 362 362 2071 2071 261 261 2072 2072 262 262 2073 2073 363 363 2074 2074 362 362 2075 2075 263 263 2076 2076 363 363 2077 2077 262 262 2078 2078 263 263 2079 2079 364 364 2080 2080 363 363 2081 2081 264 264 2082 2082 364 364 2083 2083 263 263 2084 2084 264 264 2085 2085 365 365 2086 2086 364 364 2087 2087 265 265 2088 2088 365 365 2089 2089 264 264 2090 2090 265 265 2091 2091 115 115 2092 2092 365 365 2093 2093 117 117 2094 2094 115 115 2095 2095 265 265 2096 2096 356 356 2097 2097 72 72 2098 2098 70 70 2099 2099 356 356 2100 2100 366 366 2101 2101 72 72 2102 2102 357 357 2103 2103 366 366 2104 2104 356 356 2105 2105 357 357 2106 2106 367 367 2107 2107 366 366 2108 2108 358 358 2109 2109 367 367 2110 2110 357 357 2111 2111 358 358 2112 2112 368 368 2113 2113 367 367 2114 2114 359 359 2115 2115 368 368 2116 2116 358 358 2117 2117 359 359 2118 2118 369 369 2119 2119 368 368 2120 2120 360 360 2121 2121 369 369 2122 2122 359 359 2123 2123 360 360 2124 2124 44 44 2125 2125 369 369 2126 2126 46 46 2127 2127 44 44 2128 2128 360 360 2129 2129 361 361 2130 2130 99 99 2131 2131 97 97 2132 2132 361 361 2133 2133 370 370 2134 2134 99 99 2135 2135 362 362 2136 2136 370 370 2137 2137 361 361 2138 2138 362 362 2139 2139 371 371 2140 2140 370 370 2141 2141 363 363 2142 2142 371 371 2143 2143 362 362 2144 2144 363 363 2145 2145 372 372 2146 2146 371 371 2147 2147 364 364 2148 2148 372 372 2149 2149 363 363 2150 2150 364 364 2151 2151 373 373 2152 2152 372 372 2153 2153 365 365 2154 2154 373 373 2155 2155 364 364 2156 2156 365 365 2157 2157 113 113 2158 2158 373 373 2159 2159 115 115 2160 2160 113 113 2161 2161 365 365 2162 2162 366 366 2163 2163 74 74 2164 2164 72 72 2165 2165 366 366 2166 2166 374 374 2167 2167 74 74 2168 2168 367 367 2169 2169 374 374 2170 2170 366 366 2171 2171 367 367 2172 2172 375 375 2173 2173 374 374 2174 2174 368 368 2175 2175 375 375 2176 2176 367 367 2177 2177 368 368 2178 2178 376 376 2179 2179 375 375 2180 2180 369 369 2181 2181 376 376 2182 2182 368 368 2183 2183 369 369 2184 2184 42 42 2185 2185 376 376 2186 2186 44 44 2187 2187 42 42 2188 2188 369 369 2189 2189 370 370 2190 2190 101 101 2191 2191 99 99 2192 2192 370 370 2193 2193 377 377 2194 2194 101 101 2195 2195 371 371 2196 2196 377 377 2197 2197 370 370 2198 2198 371 371 2199 2199 378 378 2200 2200 377 377 2201 2201 372 372 2202 2202 378 378 2203 2203 371 371 2204 2204 372 372 2205 2205 379 379 2206 2206 378 378 2207 2207 373 373 2208 2208 379 379 2209 2209 372 372 2210 2210 373 373 2211 2211 111 111 2212 2212 379 379 2213 2213 113 113 2214 2214 111 111 2215 2215 373 373 2216 2216 374 374 2217 2217 76 76 2218 2218 74 74 2219 2219 374 374 2220 2220 380 380 2221 2221 76 76 2222 2222 375 375 2223 2223 380 380 2224 2224 374 374 2225 2225 375 375 2226 2226 381 381 2227 2227 380 380 2228 2228 376 376 2229 2229 381 381 2230 2230 375 375 2231 2231 376 376 2232 2232 40 40 2233 2233 381 381 2234 2234 42 42 2235 2235 40 40 2236 2236 376 376 2237 2237 377 377 2238 2238 103 103 2239 2239 101 101 2240 2240 377 377 2241 2241 382 382 2242 2242 103 103 2243 2243 378 378 2244 2244 382 382 2245 2245 377 377 2246 2246 378 378 2247 2247 383 383 2248 2248 382 382 2249 2249 379 379 2250 2250 383 383 2251 2251 378 378 2252 2252 379 379 2253 2253 109 109 2254 2254 383 383 2255 2255 111 111 2256 2256 109 109 2257 2257 379 379 2258 2258 380 380 2259 2259 78 78 2260 2260 76 76 2261 2261 380 380 2262 2262 384 384 2263 2263 78 78 2264 2264 381 381 2265 2265 384 384 2266 2266 380 380 2267 2267 381 381 2268 2268 38 38 2269 2269 384 384 2270 2270 40 40 2271 2271 38 38 2272 2272 381 381 2273 2273 382 382 2274 2274 105 105 2275 2275 103 103 2276 2276 382 382 2277 2277 385 385 2278 2278 105 105 2279 2279 383 383 2280 2280 385 385 2281 2281 382 382 2282 2282 383 383 2283 2283 107 107 2284 2284 385 385 2285 2285 109 109 2286 2286 107 107 2287 2287 383 383 2288 2288 388 386 2289 2289 387 387 2290 2290 386 388 2291 2291 388 386 2292 2292 389 389 2293 2293 387 387 2294 2294 390 390 2295 2295 389 389 2296 2296 388 386 2297 2297 393 391 2298 2298 392 391 2299 2299 391 391 2300 2300 393 392 2301 2301 394 392 2302 2302 392 392 2303 2303 395 393 2304 2304 394 393 2305 2305 393 393 2306 2306 398 394 2307 2307 397 394 2308 2308 396 394 2309 2309 398 395 2310 2310 399 395 2311 2311 397 395 2312 2312 400 396 2313 2313 399 396 2314 2314 398 396 2315 2315 403 397 2316 2316 402 397 2317 2317 401 397 2318 2318 403 397 2319 2319 404 397 2320 2320 402 397 2321 2321 405 397 2322 2322 404 397 2323 2323 403 397 2324 2324 398 398 2325 2325 406 398 2326 2326 400 398 2327 2327 398 399 2328 2328 407 399 2329 2329 406 399 2330 2330 408 400 2331 2331 407 400 2332 2332 398 400 2333 2333 411 401 2334 2334 410 401 2335 2335 409 401 2336 2336 411 402 2337 2337 412 402 2338 2338 410 402 2339 2339 413 403 2340 2340 412 403 2341 2341 411 403 2342 2342 416 404 2343 2343 415 405 2344 2344 414 406 2345 2345 416 407 2346 2346 417 407 2347 2347 415 407 2348 2348 418 408 2349 2349 417 408 2350 2350 416 408 2351 2351 416 409 2352 2352 420 409 2353 2353 419 409 2354 2354 416 410 2355 2355 421 410 2356 2356 420 410 2357 2357 422 411 2358 2358 421 411 2359 2359 416 411 2360 2360 425 412 2361 2361 424 412 2362 2362 423 413 2363 2363 425 414 2364 2364 426 414 2365 2365 424 414 2366 2366 427 415 2367 2367 426 415 2368 2368 425 415 2369 2369 430 416 2370 2370 429 417 2371 2371 428 418 2372 2372 430 416 2373 2373 431 419 2374 2374 429 417 2375 2375 432 420 2376 2376 431 419 2377 2377 430 416 2378 2378 435 421 2379 2379 434 422 2380 2380 433 423 2381 2381 435 424 2382 2382 436 424 2383 2383 434 424 2384 2384 437 425 2385 2385 436 425 2386 2386 435 425 2387 2387 435 426 2388 2388 438 426 2389 2389 437 426 2390 2390 435 427 2391 2391 439 427 2392 2392 438 427 2393 2393 440 428 2394 2394 439 428 2395 2395 435 428 2396 2396 435 429 2397 2397 441 429 2398 2398 440 429 2399 2399 435 430 2400 2400 442 430 2401 2401 441 430 2402 2402 443 431 2403 2403 442 431 2404 2404 435 431 2405 2405 446 432 2406 2406 445 432 2407 2407 444 432 2408 2408 446 433 2409 2409 447 433 2410 2410 445 433 2411 2411 448 434 2412 2412 447 434 2413 2413 446 434 2414 2414 446 433 2415 2415 449 433 2416 2416 448 433 2417 2417 446 432 2418 2418 450 432 2419 2419 449 432 2420 2420 451 434 2421 2421 450 434 2422 2422 446 434 2423 2423 454 435 2424 2424 453 435 2425 2425 452 435 2426 2426 454 436 2427 2427 455 436 2428 2428 453 436 2429 2429 456 437 2430 2430 455 437 2431 2431 454 437 2432 2432 454 438 2433 2433 457 438 2434 2434 456 438 2435 2435 454 439 2436 2436 458 439 2437 2437 457 439 2438 2438 459 440 2439 2439 458 440 2440 2440 454 440 2441 2441 454 435 2442 2442 460 435 2443 2443 459 435 2444 2444 454 441 2445 2445 461 441 2446 2446 460 441 2447 2447 462 438 2448 2448 461 438 2449 2449 454 438 2450 2450 465 442 2451 2451 464 443 2452 2452 463 444 2453 2453 465 442 2454 2454 466 445 2455 2455 464 443 2456 2456 467 446 2457 2457 466 445 2458 2458 465 442 2459 2459 465 442 2460 2460 468 447 2461 2461 467 446 2462 2462 465 442 2463 2463 469 448 2464 2464 468 447 2465 2465 470 449 2466 2466 469 448 2467 2467 465 442 2468 2468 425 450 2469 2469 471 450 2470 2470 427 450 2471 2471 425 451 2472 2472 472 451 2473 2473 471 451 2474 2474 473 452 2475 2475 472 452 2476 2476 425 452 2477 2477 465 442 2478 2478 474 453 2479 2479 470 449 2480 2480 465 442 2481 2481 475 454 2482 2482 474 453 2483 2483 476 455 2484 2484 475 454 2485 2485 465 442 2486 2486 411 456 2487 2487 478 456 2488 2488 477 457 2489 2489 411 458 2490 2490 479 458 2491 2491 478 458 2492 2492 409 459 2493 2493 479 459 2494 2494 411 459 2495 2495 398 394 2496 2496 480 394 2497 2497 408 394 2498 2498 398 460 2499 2499 481 460 2500 2500 480 460 2501 2501 482 398 2502 2502 481 398 2503 2503 398 398 2504 2504 403 397 2505 2505 483 397 2506 2506 405 397 2507 2507 403 397 2508 2508 484 397 2509 2509 483 397 2510 2510 485 397 2511 2511 484 397 2512 2512 403 397 2513 2513 488 461 2514 2514 487 462 2515 2515 486 463 2516 2516 488 461 2517 2517 489 464 2518 2518 487 462 2519 2519 490 465 2520 2520 489 464 2521 2521 488 461 2522 2522 488 461 2523 2523 491 466 2524 2524 490 465 2525 2525 488 461 2526 2526 492 467 2527 2527 491 466 2528 2528 493 468 2529 2529 492 467 2530 2530 488 461 2531 2531 488 461 2532 2532 494 469 2533 2533 493 468 2534 2534 488 461 2535 2535 495 470 2536 2536 494 469 2537 2537 496 471 2538 2538 495 470 2539 2539 488 461 2540 2540 430 416 2541 2541 498 472 2542 2542 497 473 2543 2543 430 416 2544 2544 499 474 2545 2545 498 472 2546 2546 500 475 2547 2547 499 474 2548 2548 430 416 2549 2549 430 416 2550 2550 501 476 2551 2551 500 475 2552 2552 430 416 2553 2553 502 477 2554 2554 501 476 2555 2555 428 418 2556 2556 502 477 2557 2557 430 416 2558 2558 505 478 2559 2559 504 478 2560 2560 503 478 2561 2561 505 479 2562 2562 506 479 2563 2563 504 479 2564 2564 507 480 2565 2565 506 480 2566 2566 505 480 2567 2567 393 481 2568 2568 509 482 2569 2569 508 483 2570 2570 393 484 2571 2571 510 484 2572 2572 509 484 2573 2573 391 485 2574 2574 510 485 2575 2575 393 485 2576 2576 513 442 2577 2577 512 442 2578 2578 511 442 2579 2579 513 442 2580 2580 514 442 2581 2581 512 442 2582 2582 515 442 2583 2583 514 442 2584 2584 513 442 2585 2585 513 442 2586 2586 516 442 2587 2587 515 442 2588 2588 513 442 2589 2589 517 442 2590 2590 516 442 2591 2591 518 442 2592 2592 517 442 2593 2593 513 442 2594 2594 513 442 2595 2595 519 442 2596 2596 518 442 2597 2597 513 442 2598 2598 520 442 2599 2599 519 442 2600 2600 521 442 2601 2601 520 442 2602 2602 513 442 2603 2603 524 486 2604 2604 523 486 2605 2605 522 487 2606 2606 524 488 2607 2607 525 488 2608 2608 523 488 2609 2609 526 489 2610 2610 525 489 2611 2611 524 489 2612 2612 529 490 2613 2613 528 490 2614 2614 527 490 2615 2615 529 491 2616 2616 530 491 2617 2617 528 491 2618 2618 531 492 2619 2619 530 492 2620 2620 529 492 2621 2621 534 493 2622 2622 533 494 2623 2623 532 495 2624 2624 534 493 2625 2625 535 496 2626 2626 533 494 2627 2627 536 497 2628 2628 535 496 2629 2629 534 493 2630 2630 416 498 2631 2631 537 498 2632 2632 418 498 2633 2633 416 499 2634 2634 538 499 2635 2635 537 499 2636 2636 419 500 2637 2637 538 501 2638 2638 416 502 2639 2639 534 493 2640 2640 539 503 2641 2641 536 497 2642 2642 534 493 2643 2643 540 504 2644 2644 539 503 2645 2645 541 505 2646 2646 540 504 2647 2647 534 493 2648 2648 534 493 2649 2649 542 506 2650 2650 541 505 2651 2651 534 493 2652 2652 543 507 2653 2653 542 506 2654 2654 544 508 2655 2655 543 507 2656 2656 534 493 2657 2657 547 509 2658 2658 546 510 2659 2659 545 511 2660 2660 547 509 2661 2661 548 512 2662 2662 546 510 2663 2663 549 513 2664 2664 548 512 2665 2665 547 509 2666 2666 547 509 2667 2667 550 514 2668 2668 549 513 2669 2669 547 509 2670 2670 551 515 2671 2671 550 514 2672 2672 552 516 2673 2673 551 515 2674 2674 547 509 2675 2675 547 509 2676 2676 553 517 2677 2677 552 516 2678 2678 547 509 2679 2679 554 518 2680 2680 553 517 2681 2681 555 519 2682 2682 554 518 2683 2683 547 509 2684 2684 505 520 2685 2685 557 520 2686 2686 556 521 2687 2687 505 522 2688 2688 558 522 2689 2689 557 522 2690 2690 503 523 2691 2691 558 523 2692 2692 505 523 2693 2693 388 386 2694 2694 560 524 2695 2695 559 525 2696 2696 388 386 2697 2697 561 526 2698 2698 560 524 2699 2699 562 527 2700 2700 561 526 2701 2701 388 386 2702 2702 384 384 2703 2703 80 80 2704 2704 78 78 2705 2705 384 384 2706 2706 36 36 2707 2707 80 80 2708 2708 38 38 2709 2709 36 36 2710 2710 384 384 2711 2711 524 528 2712 2712 563 528 2713 2713 526 528 2714 2714 524 529 2715 2715 564 529 2716 2716 563 529 2717 2717 565 530 2718 2718 564 530 2719 2719 524 530 2720 2720 568 531 2721 2721 567 531 2722 2722 566 531 2723 2723 568 532 2724 2724 569 532 2725 2725 567 532 2726 2726 570 533 2727 2727 569 533 2728 2728 568 533 2729 2729 568 534 2730 2730 572 535 2731 2731 571 536 2732 2732 568 537 2733 2733 573 537 2734 2734 572 537 2735 2735 574 538 2736 2736 573 538 2737 2737 568 538 2738 2738 568 539 2739 2739 575 539 2740 2740 574 539 2741 2741 568 540 2742 2742 576 540 2743 2743 575 540 2744 2744 566 541 2745 2745 576 541 2746 2746 568 541 2747 2747 529 491 2748 2748 577 491 2749 2749 531 491 2750 2750 529 490 2751 2751 578 490 2752 2752 577 490 2753 2753 579 492 2754 2754 578 492 2755 2755 529 492 2756 2756 582 542 2757 2757 581 543 2758 2758 580 544 2759 2759 582 542 2760 2760 583 545 2761 2761 581 543 2762 2762 584 546 2763 2763 583 545 2764 2764 582 542 2765 2765 582 542 2766 2766 585 547 2767 2767 584 546 2768 2768 582 542 2769 2769 586 548 2770 2770 585 547 2771 2771 587 549 2772 2772 586 548 2773 2773 582 542 2774 2774 582 542 2775 2775 588 550 2776 2776 587 549 2777 2777 582 542 2778 2778 589 551 2779 2779 588 550 2780 2780 590 552 2781 2781 589 551 2782 2782 582 542 2783 2783 393 553 2784 2784 591 553 2785 2785 395 553 2786 2786 393 554 2787 2787 592 554 2788 2788 591 554 2789 2789 593 555 2790 2790 592 555 2791 2791 393 555 2792 2792 388 386 2793 2793 594 556 2794 2794 562 527 2795 2795 388 386 2796 2796 595 557 2797 2797 594 556 2798 2798 386 388 2799 2799 595 557 2800 2800 388 386 2801 2801 598 558 2802 2802 597 559 2803 2803 596 560 2804 2804 598 558 2805 2805 599 561 2806 2806 597 559 2807 2807 600 562 2808 2808 597 559 2809 2809 599 561 2810 2810 600 562 2811 2811 601 563 2812 2812 597 559 2813 2813 602 564 2814 2814 597 559 2815 2815 601 563 2816 2816 602 564 2817 2817 603 565 2818 2818 597 559 2819 2819 604 566 2820 2820 597 559 2821 2821 603 565 2822 2822 604 566 2823 2823 605 567 2824 2824 597 559 2825 2825 606 434 2826 2826 446 434 2827 2827 444 434 2828 2828 606 568 2829 2829 607 568 2830 2830 446 568 2831 2831 608 434 2832 2832 446 434 2833 2833 607 434 2834 2834 608 569 2835 2835 451 569 2836 2836 446 569 2837 2837 609 570 2838 2838 597 559 2839 2839 605 567 2840 2840 609 570 2841 2841 610 571 2842 2842 597 559 2843 2843 613 572 2844 2844 612 573 2845 2845 611 574 2846 2846 613 572 2847 2847 614 575 2848 2848 612 573 2849 2849 615 576 2850 2850 612 573 2851 2851 614 575 2852 2852 615 576 2853 2853 616 577 2854 2854 612 573 2855 2855 618 578 2856 2856 612 573 2857 2857 617 579 2858 2858 618 578 2859 2859 619 580 2860 2860 612 573 2861 2861 620 581 2862 2862 612 573 2863 2863 619 580 2864 2864 620 581 2865 2865 621 582 2866 2866 612 573 2867 2867 624 583 2868 2868 623 584 2869 2869 622 585 2870 2870 624 583 2871 2871 625 586 2872 2872 623 584 2873 2873 626 587 2874 2874 623 584 2875 2875 625 586 2876 2876 626 587 2877 2877 627 588 2878 2878 623 584 2879 2879 628 589 2880 2880 623 584 2881 2881 627 588 2882 2882 628 589 2883 2883 629 590 2884 2884 623 584 2885 2885 630 591 2886 2886 623 584 2887 2887 629 590 2888 2888 630 591 2889 2889 631 592 2890 2890 623 584 2891 2891 632 593 2892 2892 623 584 2893 2893 631 592 2894 2894 632 593 2895 2895 633 594 2896 2896 623 584 2897 2897 636 595 2898 2898 635 596 2899 2899 634 597 2900 2900 636 595 2901 2901 637 598 2902 2902 635 596 2903 2903 638 599 2904 2904 635 596 2905 2905 637 598 2906 2906 638 599 2907 2907 639 600 2908 2908 635 596 2909 2909 640 601 2910 2910 635 596 2911 2911 639 600 2912 2912 640 601 2913 2913 641 602 2914 2914 635 596 2915 2915 642 603 2916 2916 635 596 2917 2917 641 602 2918 2918 642 603 2919 2919 643 604 2920 2920 635 596 2921 2921 644 605 2922 2922 635 596 2923 2923 643 604 2924 2924 644 605 2925 2925 645 606 2926 2926 635 596 2927 2927 648 607 2928 2928 647 608 2929 2929 646 609 2930 2930 648 607 2931 2931 649 610 2932 2932 647 608 2933 2933 650 611 2934 2934 647 608 2935 2935 649 610 2936 2936 650 611 2937 2937 651 612 2938 2938 647 608 2939 2939 652 613 2940 2940 647 608 2941 2941 651 612 2942 2942 652 613 2943 2943 653 614 2944 2944 647 608 2945 2945 654 615 2946 2946 647 608 2947 2947 653 614 2948 2948 654 615 2949 2949 655 616 2950 2950 647 608 2951 2951 656 617 2952 2952 647 608 2953 2953 655 616 2954 2954 656 617 2955 2955 657 618 2956 2956 647 608 2957 2957 660 619 2958 2958 659 620 2959 2959 658 621 2960 2960 660 619 2961 2961 661 622 2962 2962 659 620 2963 2963 662 623 2964 2964 659 620 2965 2965 661 622 2966 2966 662 623 2967 2967 663 624 2968 2968 659 620 2969 2969 665 625 2970 2970 659 620 2971 2971 664 626 2972 2972 665 625 2973 2973 666 627 2974 2974 659 620 2975 2975 667 628 2976 2976 659 620 2977 2977 666 627 2978 2978 667 628 2979 2979 668 629 2980 2980 659 620 2981 2981 669 397 2982 2982 403 397 2983 2983 401 397 2984 2984 669 397 2985 2985 670 397 2986 2986 403 397 2987 2987 671 397 2988 2988 403 397 2989 2989 670 397 2990 2990 671 397 2991 2991 485 397 2992 2992 403 397 2993 2993 672 492 2994 2994 529 492 2995 2995 527 492 2996 2996 672 630 2997 2997 673 630 2998 2998 529 630 2999 2999 674 492 3000 3000 529 492 3001 3001 673 492 3002 3002 674 631 3003 3003 579 631 3004 3004 529 631 3005 3005 675 632 3006 3006 612 573 3007 3007 616 577 3008 3008 675 632 3009 3009 617 579 3010 3010 612 573 3011 3011 676 633 3012 3012 524 633 3013 3013 522 633 3014 3014 676 634 3015 3015 677 634 3016 3016 524 634 3017 3017 678 635 3018 3018 524 635 3019 3019 677 635 3020 3020 678 636 3021 3021 565 636 3022 3022 524 636 3023 3023 679 637 3024 3024 505 637 3025 3025 556 637 3026 3026 679 638 3027 3027 680 638 3028 3028 505 638 3029 3029 681 639 3030 3030 505 639 3031 3031 680 639 3032 3032 681 640 3033 3033 507 640 3034 3034 505 640 3035 3035 682 641 3036 3036 411 641 3037 3037 477 641 3038 3038 682 642 3039 3039 683 642 3040 3040 411 642 3041 3041 684 643 3042 3042 411 643 3043 3043 683 643 3044 3044 684 644 3045 3045 413 644 3046 3046 411 644 3047 3047 687 645 3048 3048 686 646 3049 3049 685 647 3050 3050 687 645 3051 3051 688 648 3052 3052 686 646 3053 3053 689 649 3054 3054 686 646 3055 3055 688 648 3056 3056 689 649 3057 3057 690 650 3058 3058 686 646 3059 3059 691 651 3060 3060 659 620 3061 3061 663 624 3062 3062 691 651 3063 3063 664 626 3064 3064 659 620 3065 3065 692 652 3066 3066 686 646 3067 3067 690 650 3068 3068 692 652 3069 3069 693 653 3070 3070 686 646 3071 3071 694 654 3072 3072 686 646 3073 3073 693 653 3074 3074 694 654 3075 3075 695 655 3076 3076 686 646 3077 3077 696 656 3078 3078 425 656 3079 3079 423 656 3080 3080 696 657 3081 3081 697 657 3082 3082 425 657 3083 3083 698 658 3084 3084 425 658 3085 3085 697 658 3086 3086 698 659 3087 3087 473 659 3088 3088 425 659 3089 3089 699 660 3090 3090 686 646 3091 3091 695 655 3092 3092 699 660 3093 3093 700 661 3094 3094 686 646 3095 3095 414 662 3096 3096 422 662 3097 3097 416 662 3098 3098 701 663 3099 3099 555 519 3100 3100 547 509 3101 3101 511 442 3102 3102 521 442 3103 3103 513 442 3104 3104 452 441 3105 3105 462 441 3106 3106 454 441 3107 3107 396 460 3108 3108 482 460 3109 3109 398 460 3110 3110 702 664 3111 3111 432 420 3112 3112 430 416 3113 3113 703 665 3114 3114 476 455 3115 3115 465 442 3116 3116 571 666 3117 3117 570 666 3118 3118 568 666 3119 3119 704 667 3120 3120 544 508 3121 3121 534 493 3122 3122 433 668 3123 3123 443 668 3124 3124 435 668 3125 3125 385 385 3126 3126 107 107 3127 3127 105 105 3128 3128 705 669 3129 3129 496 471 3130 3130 488 461 3131 3131 706 670 3132 3132 390 390 3133 3133 388 386 3134 3134 707 671 3135 3135 590 552 3136 3136 582 542 3137 3137 508 672 3138 3138 593 672 3139 3139 393 672 3140 3140 36 36 3141 3141 34 34 3142 3142 80 80 3143 3143</p>
        </triangles>
      </mesh>
    </geometry>
  </library_geometries>
  <library_controllers>
    <controller id="skeleton_root_mesh-0-skin" name="skeleton_root">
      <skin source="#meshId0_name-mesh">
        <bind_shape_matrix>1 0 0 0 0 1 0 0 0 0 1 0 0 0 0 1</bind_shape_matrix>
        <source id="skeleton_root_mesh-0-skin-joints">
          <Name_array id="skeleton_root_mesh-0-skin-joints-array" count="1">TogezoPaipoModel</Name_array>
          <technique_common>
            <accessor source="#skeleton_root_mesh-0-skin-joints-array" count="1" stride="1">
              <param name="JOINT" type="name"/>
            </accessor>
          </technique_common>
        </source>
        <source id="skeleton_root_mesh-0-skin-bind_poses">
          <float_array id="skeleton_root_mesh-0-skin-bind_poses-array" count="16">100.0001 0 0 0 0 7.5498e-6 100.0001 0 0 -100.0001 7.5498e-6 0 0 0 0 1</float_array>
          <technique_common>
            <accessor source="#skeleton_root_mesh-0-skin-bind_poses-array" count="1" stride="16">
              <param name="TRANSFORM" type="float4x4"/>
            </accessor>
          </technique_common>
        </source>
        <source id="skeleton_root_mesh-0-skin-weights">
          <float_array id="skeleton_root_mesh-0-skin-weights-array" count="708">1 1 1 1 1 1 1 1 1 1 1 1 1 1 1 1 1 1 1 1 1 1 1 1 1 1 1 1 1 1 1 1 1 1 1 1 1 1 1 1 1 1 1 1 1 1 1 1 1 1 1 1 1 1 1 1 1 1 1 1 1 1 1 1 1 1 1 1 1 1 1 1 1 1 1 1 1 1 1 1 1 1 1 1 1 1 1 1 1 1 1 1 1 1 1 1 1 1 1 1 1 1 1 1 1 1 1 1 1 1 1 1 1 1 1 1 1 1 1 1 1 1 1 1 1 1 1 1 1 1 1 1 1 1 1 1 1 1 1 1 1 1 1 1 1 1 1 1 1 1 1 1 1 1 1 1 1 1 1 1 1 1 1 1 1 1 1 1 1 1 1 1 1 1 1 1 1 1 1 1 1 1 1 1 1 1 1 1 1 1 1 1 1 1 1 1 1 1 1 1 1 1 1 1 1 1 1 1 1 1 1 1 1 1 1 1 1 1 1 1 1 1 1 1 1 1 1 1 1 1 1 1 1 1 1 1 1 1 1 1 1 1 1 1 1 1 1 1 1 1 1 1 1 1 1 1 1 1 1 1 1 1 1 1 1 1 1 1 1 1 1 1 1 1 1 1 1 1 1 1 1 1 1 1 1 1 1 1 1 1 1 1 1 1 1 1 1 1 1 1 1 1 1 1 1 1 1 1 1 1 1 1 1 1 1 1 1 1 1 1 1 1 1 1 1 1 1 1 1 1 1 1 1 1 1 1 1 1 1 1 1 1 1 1 1 1 1 1 1 1 1 1 1 1 1 1 1 1 1 1 1 1 1 1 1 1 1 1 1 1 1 1 1 1 1 1 1 1 1 1 1 1 1 1 1 1 1 1 1 1 1 1 1 1 1 1 1 1 1 1 1 1 1 1 1 1 1 1 1 1 1 1 1 1 1 1 1 1 1 1 1 1 1 1 1 1 1 1 1 1 1 1 1 1 1 1 1 1 1 1 1 1 1 1 1 1 1 1 1 1 1 1 1 1 1 1 1 1 1 1 1 1 1 1 1 1 1 1 1 1 1 1 1 1 1 1 1 1 1 1 1 1 1 1 1 1 1 1 1 1 1 1 1 1 1 1 1 1 1 1 1 1 1 1 1 1 1 1 1 1 1 1 1 1 1 1 1 1 1 1 1 1 1 1 1 1 1 1 1 1 1 1 1 1 1 1 1 1 1 1 1 1 1 1 1 1 1 1 1 1 1 1 1 1 1 1 1 1 1 1 1 1 1 1 1 1 1 1 1 1 1 1 1 1 1 1 1 1 1 1 1 1 1 1 1 1 1 1 1 1 1 1 1 1 1 1 1 1 1 1 1 1 1 1 1 1 1 1 1 1 1 1 1 1 1 1 1 1 1 1 1 1 1 1 1 1 1 1 1 1 1 1 1 1 1 1 1 1 1 1 1 1 1 1 1 1 1 1 1 1 1 1 1 1 1 1 1 1 1 1 1 1 1 1 1 1 1 1 1 1 1 1 1 1 1 1 1 1 1 1 1 1 1 1 1 1 1 1 1 1 1 1 1 1 1 1 1 1 1 1 1 1 1 1 1 1 1 1</float_array>
          <technique_common>
            <accessor source="#skeleton_root_mesh-0-skin-weights-array" count="708" stride="1">
              <param name="WEIGHT" type="float"/>
            </accessor>
          </technique_common>
        </source>
        <joints>
          <input semantic="JOINT" source="#skeleton_root_mesh-0-skin-joints"/>
          <input semantic="INV_BIND_MATRIX" source="#skeleton_root_mesh-0-skin-bind_poses"/>
        </joints>
        <vertex_weights count="708">
          <input semantic="JOINT" source="#skeleton_root_mesh-0-skin-joints" offset="0"/>
          <input semantic="WEIGHT" source="#skeleton_root_mesh-0-skin-weights" offset="1"/>
          <vcount>1 1 1 1 1 1 1 1 1 1 1 1 1 1 1 1 1 1 1 1 1 1 1 1 1 1 1 1 1 1 1 1 1 1 1 1 1 1 1 1 1 1 1 1 1 1 1 1 1 1 1 1 1 1 1 1 1 1 1 1 1 1 1 1 1 1 1 1 1 1 1 1 1 1 1 1 1 1 1 1 1 1 1 1 1 1 1 1 1 1 1 1 1 1 1 1 1 1 1 1 1 1 1 1 1 1 1 1 1 1 1 1 1 1 1 1 1 1 1 1 1 1 1 1 1 1 1 1 1 1 1 1 1 1 1 1 1 1 1 1 1 1 1 1 1 1 1 1 1 1 1 1 1 1 1 1 1 1 1 1 1 1 1 1 1 1 1 1 1 1 1 1 1 1 1 1 1 1 1 1 1 1 1 1 1 1 1 1 1 1 1 1 1 1 1 1 1 1 1 1 1 1 1 1 1 1 1 1 1 1 1 1 1 1 1 1 1 1 1 1 1 1 1 1 1 1 1 1 1 1 1 1 1 1 1 1 1 1 1 1 1 1 1 1 1 1 1 1 1 1 1 1 1 1 1 1 1 1 1 1 1 1 1 1 1 1 1 1 1 1 1 1 1 1 1 1 1 1 1 1 1 1 1 1 1 1 1 1 1 1 1 1 1 1 1 1 1 1 1 1 1 1 1 1 1 1 1 1 1 1 1 1 1 1 1 1 1 1 1 1 1 1 1 1 1 1 1 1 1 1 1 1 1 1 1 1 1 1 1 1 1 1 1 1 1 1 1 1 1 1 1 1 1 1 1 1 1 1 1 1 1 1 1 1 1 1 1 1 1 1 1 1 1 1 1 1 1 1 1 1 1 1 1 1 1 1 1 1 1 1 1 1 1 1 1 1 1 1 1 1 1 1 1 1 1 1 1 1 1 1 1 1 1 1 1 1 1 1 1 1 1 1 1 1 1 1 1 1 1 1 1 1 1 1 1 1 1 1 1 1 1 1 1 1 1 1 1 1 1 1 1 1 1 1 1 1 1 1 1 1 1 1 1 1 1 1 1 1 1 1 1 1 1 1 1 1 1 1 1 1 1 1 1 1 1 1 1 1 1 1 1 1 1 1 1 1 1 1 1 1 1 1 1 1 1 1 1 1 1 1 1 1 1 1 1 1 1 1 1 1 1 1 1 1 1 1 1 1 1 1 1 1 1 1 1 1 1 1 1 1 1 1 1 1 1 1 1 1 1 1 1 1 1 1 1 1 1 1 1 1 1 1 1 1 1 1 1 1 1 1 1 1 1 1 1 1 1 1 1 1 1 1 1 1 1 1 1 1 1 1 1 1 1 1 1 1 1 1 1 1 1 1 1 1 1 1 1 1 1 1 1 1 1 1 1 1 1 1 1 1 1 1 1 1 1 1 1 1 1 1 1 1 1 1 1 1 1 1 1 1 1 1 1 1 1 1 1 1 1 1 1 1 1 1 1 1 1 1 1 1 1 1 1 1 1 1 1 1 1 1 1 1 1 1 1 1 1 1 1 1 1 1 1 1 1 1 1 1 1 1 1 1 1 1 1 1 1 1 1 1 1 1 1 1 1 1 1 1 </vcount>
          <v>0 0 0 1 0 2 0 3 0 4 0 5 0 6 0 7 0 8 0 9 0 10 0 11 0 12 0 13 0 14 0 15 0 16 0 17 0 18 0 19 0 20 0 21 0 22 0 23 0 24 0 25 0 26 0 27 0 28 0 29 0 30 0 31 0 32 0 33 0 34 0 35 0 36 0 37 0 38 0 39 0 40 0 41 0 42 0 43 0 44 0 45 0 46 0 47 0 48 0 49 0 50 0 51 0 52 0 53 0 54 0 55 0 56 0 57 0 58 0 59 0 60 0 61 0 62 0 63 0 64 0 65 0 66 0 67 0 68 0 69 0 70 0 71 0 72 0 73 0 74 0 75 0 76 0 77 0 78 0 79 0 80 0 81 0 82 0 83 0 84 0 85 0 86 0 87 0 88 0 89 0 90 0 91 0 92 0 93 0 94 0 95 0 96 0 97 0 98 0 99 0 100 0 101 0 102 0 103 0 104 0 105 0 106 0 107 0 108 0 109 0 110 0 111 0 112 0 113 0 114 0 115 0 116 0 117 0 118 0 119 0 120 0 121 0 122 0 123 0 124 0 125 0 126 0 127 0 128 0 129 0 130 0 131 0 132 0 133 0 134 0 135 0 136 0 137 0 138 0 139 0 140 0 141 0 142 0 143 0 144 0 145 0 146 0 147 0 148 0 149 0 150 0 151 0 152 0 153 0 154 0 155 0 156 0 157 0 158 0 159 0 160 0 161 0 162 0 163 0 164 0 165 0 166 0 167 0 168 0 169 0 170 0 171 0 172 0 173 0 174 0 175 0 176 0 177 0 178 0 179 0 180 0 181 0 182 0 183 0 184 0 185 0 186 0 187 0 188 0 189 0 190 0 191 0 192 0 193 0 194 0 195 0 196 0 197 0 198 0 199 0 200 0 201 0 202 0 203 0 204 0 205 0 206 0 207 0 208 0 209 0 210 0 211 0 212 0 213 0 214 0 215 0 216 0 217 0 218 0 219 0 220 0 221 0 222 0 223 0 224 0 225 0 226 0 227 0 228 0 229 0 230 0 231 0 232 0 233 0 234 0 235 0 236 0 237 0 238 0 239 0 240 0 241 0 242 0 243 0 244 0 245 0 246 0 247 0 248 0 249 0 250 0 251 0 252 0 253 0 254 0 255 0 256 0 257 0 258 0 259 0 260 0 261 0 262 0 263 0 264 0 265 0 266 0 267 0 268 0 269 0 270 0 271 0 272 0 273 0 274 0 275 0 276 0 277 0 278 0 279 0 280 0 281 0 282 0 283 0 284 0 285 0 286 0 287 0 288 0 289 0 290 0 291 0 292 0 293 0 294 0 295 0 296 0 297 0 298 0 299 0 300 0 301 0 302 0 303 0 304 0 305 0 306 0 307 0 308 0 309 0 310 0 311 0 312 0 313 0 314 0 315 0 316 0 317 0 318 0 319 0 320 0 321 0 322 0 323 0 324 0 325 0 326 0 327 0 328 0 329 0 330 0 331 0 332 0 333 0 334 0 335 0 336 0 337 0 338 0 339 0 340 0 341 0 342 0 343 0 344 0 345 0 346 0 347 0 348 0 349 0 350 0 351 0 352 0 353 0 354 0 355 0 356 0 357 0 358 0 359 0 360 0 361 0 362 0 363 0 364 0 365 0 366 0 367 0 368 0 369 0 370 0 371 0 372 0 373 0 374 0 375 0 376 0 377 0 378 0 379 0 380 0 381 0 382 0 383 0 384 0 385 0 386 0 387 0 388 0 389 0 390 0 391 0 392 0 393 0 394 0 395 0 396 0 397 0 398 0 399 0 400 0 401 0 402 0 403 0 404 0 405 0 406 0 407 0 408 0 409 0 410 0 411 0 412 0 413 0 414 0 415 0 416 0 417 0 418 0 419 0 420 0 421 0 422 0 423 0 424 0 425 0 426 0 427 0 428 0 429 0 430 0 431 0 432 0 433 0 434 0 435 0 436 0 437 0 438 0 439 0 440 0 441 0 442 0 443 0 444 0 445 0 446 0 447 0 448 0 449 0 450 0 451 0 452 0 453 0 454 0 455 0 456 0 457 0 458 0 459 0 460 0 461 0 462 0 463 0 464 0 465 0 466 0 467 0 468 0 469 0 470 0 471 0 472 0 473 0 474 0 475 0 476 0 477 0 478 0 479 0 480 0 481 0 482 0 483 0 484 0 485 0 486 0 487 0 488 0 489 0 490 0 491 0 492 0 493 0 494 0 495 0 496 0 497 0 498 0 499 0 500 0 501 0 502 0 503 0 504 0 505 0 506 0 507 0 508 0 509 0 510 0 511 0 512 0 513 0 514 0 515 0 516 0 517 0 518 0 519 0 520 0 521 0 522 0 523 0 524 0 525 0 526 0 527 0 528 0 529 0 530 0 531 0 532 0 533 0 534 0 535 0 536 0 537 0 538 0 539 0 540 0 541 0 542 0 543 0 544 0 545 0 546 0 547 0 548 0 549 0 550 0 551 0 552 0 553 0 554 0 555 0 556 0 557 0 558 0 559 0 560 0 561 0 562 0 563 0 564 0 565 0 566 0 567 0 568 0 569 0 570 0 571 0 572 0 573 0 574 0 575 0 576 0 577 0 578 0 579 0 580 0 581 0 582 0 583 0 584 0 585 0 586 0 587 0 588 0 589 0 590 0 591 0 592 0 593 0 594 0 595 0 596 0 597 0 598 0 599 0 600 0 601 0 602 0 603 0 604 0 605 0 606 0 607 0 608 0 609 0 610 0 611 0 612 0 613 0 614 0 615 0 616 0 617 0 618 0 619 0 620 0 621 0 622 0 623 0 624 0 625 0 626 0 627 0 628 0 629 0 630 0 631 0 632 0 633 0 634 0 635 0 636 0 637 0 638 0 639 0 640 0 641 0 642 0 643 0 644 0 645 0 646 0 647 0 648 0 649 0 650 0 651 0 652 0 653 0 654 0 655 0 656 0 657 0 658 0 659 0 660 0 661 0 662 0 663 0 664 0 665 0 666 0 667 0 668 0 669 0 670 0 671 0 672 0 673 0 674 0 675 0 676 0 677 0 678 0 679 0 680 0 681 0 682 0 683 0 684 0 685 0 686 0 687 0 688 0 689 0 690 0 691 0 692 0 693 0 694 0 695 0 696 0 697 0 698 0 699 0 700 0 701 0 702 0 703 0 704 0 705 0 706 0 707</v>
        </vertex_weights>
      </skin>
    </controller>
  </library_controllers>
  <library_visual_scenes>
    <visual_scene id="Startup" name="Startup">
      <node id="skeleton_root" name="skeleton_root" type="NODE">
        <matrix sid="transform">0.00999999 0 0 0 0 7.54978e-10 -0.00999999 0 0 0.00999999 7.54978e-10 0 0 0 0 1</matrix>
        <node id="skeleton_root_TogezoPaipoModel" name="TogezoPaipoModel" sid="TogezoPaipoModel" type="JOINT">
          <matrix sid="transform">1 0 0 0 0 1 0 0 0 0 1 0 0 0 0 1</matrix>
          <extra>
            <technique profile="blender">
              <tip_x sid="tip_x" type="float">0</tip_x>
              <tip_y sid="tip_y" type="float">1</tip_y>
              <tip_z sid="tip_z" type="float">0</tip_z>
            </technique>
          </extra>
        </node>
        <node id="mesh-0" name="mesh-0" type="NODE">
          <matrix sid="transform">1 0 0 0 0 1 0 0 0 0 1 0 0 0 0 1</matrix>
          <instance_controller url="#skeleton_root_mesh-0-skin">
            <skeleton>#skeleton_root_TogezoPaipoModel</skeleton>
            <bind_material>
              <technique_common>
                <instance_material symbol="m0BodyEnv_v-material" target="#m0BodyEnv_v-material">
                  <bind_vertex_input semantic="meshId0-tex0" input_semantic="TEXCOORD" input_set="0"/>
                </instance_material>
              </technique_common>
            </bind_material>
          </instance_controller>
        </node>
      </node>
    </visual_scene>
  </library_visual_scenes>
  <scene>
    <instance_visual_scene url="#Startup"/>
  </scene>
</COLLADA>